{"sessionId":"5484ca","runId":"dedicated-connect","hypothesisId":"H","location":"NetworkGameManager.CoDedicatedClientConnectWatch","message":"connect pending","data":{"source":"quick_join","isClient":true,"isConnectedClient":false,"isListening":true,"useWebSockets":false},"timestamp":1782766332632}
{"sessionId":"5484ca","runId":"dedicated-connect","hypothesisId":"H","location":"NetworkGameManager.CoDedicatedClientConnectWatch","message":"connect pending","data":{"source":"quick_join","isClient":true,"isConnectedClient":false,"isListening":true,"useWebSockets":false},"timestamp":1782766334629}
{"sessionId":"5484ca","runId":"dedicated-connect","hypothesisId":"H","location":"NetworkGameManager.CoDedicatedClientConnectWatch","message":"connect pending","data":{"source":"quick_join","isClient":true,"isConnectedClient":false,"isListening":true,"useWebSockets":false},"timestamp":1782766336808}
{"sessionId":"5484ca","runId":"dedicated-connect","hypothesisId":"H","location":"NetworkGameManager.CoDedicatedClientConnectWatch","message":"client connected","data":{"source":"quick_join","isClient":true,"isConnectedClient":true},"timestamp":1782766349597}
{"sessionId":"5484ca","runId":"nt-fix","hypothesisId":"C","location":"Starship.NetworkMotor.EnsureBasicNetworkMovement","message":"owner network movement init","data":{"motorSimulatesPhysics":false,"motorReadsNetworkPose":true,"ntEnabled":true,"nrEnabled":false,"rbKinematic":true},"timestamp":1782766351667}
{"sessionId":"5484ca","runId":"nt-fix","hypothesisId":"P","location":"Starship.LateUpdate","message":"pulse check: nt pose delta vs rb vel","data":{"hudPlanarSpeed":0.0000,"rbVelSpeed":0.0000,"posDeltaSpeed":0.0000,"trRbDelta":0.00000,"ntEnabled":true},"timestamp":1782766351827}
{"sessionId":"5484ca","runId":"bare-ngo","hypothesisId":"K","location":"Starship.LateUpdate","message":"rotation sample","data":{"trYaw":180.00,"rbYaw":180.00,"yawDelta":0.00,"bankAngVel":1341.71,"bankAngle":F2},"timestamp":1782766351828}
{"sessionId":"5484ca","runId":"post-fix","hypothesisId":"A","location":"CameraController.LateUpdate","message":"camera follow sample","data":{"followJitter":0.00000,"trRbDelta":0.00000,"rawFollowX":134.71,"rawFollowZ":-108.32,"smoothedFollowX":134.71,"smoothedFollowZ":-F2},"timestamp":1782766351831}
{"sessionId":"5484ca","runId":"nt-fix","hypothesisId":"P","location":"Starship.LateUpdate","message":"pulse check: nt pose delta vs rb vel","data":{"hudPlanarSpeed":0.5256,"rbVelSpeed":1.0596,"posDeltaSpeed":4.4952,"trRbDelta":0.00222,"ntEnabled":true},"timestamp":1782766352094}
{"sessionId":"5484ca","runId":"bare-ngo","hypothesisId":"K","location":"Starship.LateUpdate","message":"rotation sample","data":{"trYaw":198.31,"rbYaw":198.82,"yawDelta":0.51,"bankAngVel":135.24,"bankAngle":F2},"timestamp":1782766352094}
{"sessionId":"5484ca","runId":"post-fix","hypothesisId":"A","location":"CameraController.LateUpdate","message":"camera follow sample","data":{"followJitter":0.10791,"trRbDelta":0.00000,"rawFollowX":134.71,"rawFollowZ":-108.43,"smoothedFollowX":134.71,"smoothedFollowZ":-F2},"timestamp":1782766352095}
{"sessionId":"5484ca","runId":"nt-fix","hypothesisId":"P","location":"Starship.LateUpdate","message":"pulse check: nt pose delta vs rb vel","data":{"hudPlanarSpeed":0.4825,"rbVelSpeed":0.1858,"posDeltaSpeed":4.3317,"trRbDelta":0.00065,"ntEnabled":true},"timestamp":1782766352252}
{"sessionId":"5484ca","runId":"bare-ngo","hypothesisId":"K","location":"Starship.LateUpdate","message":"rotation sample","data":{"trYaw":222.83,"rbYaw":223.04,"yawDelta":0.22,"bankAngVel":134.11,"bankAngle":F2},"timestamp":1782766352252}
{"sessionId":"5484ca","runId":"post-fix","hypothesisId":"A","location":"CameraController.LateUpdate","message":"camera follow sample","data":{"followJitter":0.08427,"trRbDelta":0.00000,"rawFollowX":134.71,"rawFollowZ":-108.51,"smoothedFollowX":134.71,"smoothedFollowZ":-F2},"timestamp":1782766352252}
{"sessionId":"5484ca","runId":"nt-fix","hypothesisId":"P","location":"Starship.LateUpdate","message":"pulse check: nt pose delta vs rb vel","data":{"hudPlanarSpeed":0.2235,"rbVelSpeed":0.0043,"posDeltaSpeed":0.6659,"trRbDelta":0.00000,"ntEnabled":true},"timestamp":1782766352399}
{"sessionId":"5484ca","runId":"bare-ngo","hypothesisId":"K","location":"Starship.LateUpdate","message":"rotation sample","data":{"trYaw":227.38,"rbYaw":227.58,"yawDelta":0.19,"bankAngVel":60.09,"bankAngle":F2},"timestamp":1782766352399}
{"sessionId":"5484ca","runId":"post-fix","hypothesisId":"A","location":"CameraController.LateUpdate","message":"camera follow sample","data":{"followJitter":0.01158,"trRbDelta":0.00000,"rawFollowX":134.71,"rawFollowZ":-108.52,"smoothedFollowX":134.71,"smoothedFollowZ":-F2},"timestamp":1782766352401}
{"sessionId":"5484ca","runId":"nt-fix","hypothesisId":"P","location":"Starship.LateUpdate","message":"pulse check: nt pose delta vs rb vel","data":{"hudPlanarSpeed":0.0793,"rbVelSpeed":0.0024,"posDeltaSpeed":0.0303,"trRbDelta":0.00001,"ntEnabled":true},"timestamp":1782766352546}
{"sessionId":"5484ca","runId":"bare-ngo","hypothesisId":"K","location":"Starship.LateUpdate","message":"rotation sample","data":{"trYaw":227.20,"rbYaw":227.14,"yawDelta":-0.06,"bankAngVel":15.51,"bankAngle":F2},"timestamp":1782766352547}
{"sessionId":"5484ca","runId":"post-fix","hypothesisId":"A","location":"CameraController.LateUpdate","message":"camera follow sample","data":{"followJitter":0.00064,"trRbDelta":0.00000,"rawFollowX":134.71,"rawFollowZ":-108.52,"smoothedFollowX":134.71,"smoothedFollowZ":-F2},"timestamp":1782766352548}
{"sessionId":"5484ca","runId":"nt-fix","hypothesisId":"P","location":"Starship.LateUpdate","message":"pulse check: nt pose delta vs rb vel","data":{"hudPlanarSpeed":0.0087,"rbVelSpeed":0.0650,"posDeltaSpeed":0.1895,"trRbDelta":0.00000,"ntEnabled":true},"timestamp":1782766352732}
{"sessionId":"5484ca","runId":"bare-ngo","hypothesisId":"K","location":"Starship.LateUpdate","message":"rotation sample","data":{"trYaw":196.90,"rbYaw":196.37,"yawDelta":-0.53,"bankAngVel":-135.06,"bankAngle":-F2},"timestamp":1782766352733}
{"sessionId":"5484ca","runId":"post-fix","hypothesisId":"A","location":"CameraController.LateUpdate","message":"camera follow sample","data":{"followJitter":0.00393,"trRbDelta":0.00000,"rawFollowX":134.71,"rawFollowZ":-108.52,"smoothedFollowX":134.71,"smoothedFollowZ":-F2},"timestamp":1782766352734}
{"sessionId":"5484ca","runId":"thruster-vfx","hypothesisId":"A","location":"Starship.UpdateEngineAndThrusterVFX","message":"thruster vfx sample","data":{"isServer":false,"isClient":true,"isHost":false,"speed":0.021,"accelerating":false,"showThrusters":false,"thrusterBlend":0.000,"thrusterCount":3},"timestamp":1782766352856}
{"sessionId":"5484ca","runId":"unified-ngo","hypothesisId":"G","location":"Starship.UpdateHudPlanarSpeed","message":"speed","data":{"motorSimulatesPhysics":false,"motorReadsNetworkPose":true,"hudSpeed":F3},"timestamp":1782766352858}
{"sessionId":"5484ca","runId":"nt-fix","hypothesisId":"P","location":"Starship.LateUpdate","message":"pulse check: nt pose delta vs rb vel","data":{"hudPlanarSpeed":0.5280,"rbVelSpeed":2.0813,"posDeltaSpeed":5.0027,"trRbDelta":0.00126,"ntEnabled":true},"timestamp":1782766352893}
{"sessionId":"5484ca","runId":"bare-ngo","hypothesisId":"K","location":"Starship.LateUpdate","message":"rotation sample","data":{"trYaw":162.93,"rbYaw":162.82,"yawDelta":-0.12,"bankAngVel":-187.09,"bankAngle":-F2},"timestamp":1782766352893}
{"sessionId":"5484ca","runId":"post-fix","hypothesisId":"A","location":"CameraController.LateUpdate","message":"camera follow sample","data":{"followJitter":0.08947,"trRbDelta":0.00000,"rawFollowX":134.76,"rawFollowZ":-108.60,"smoothedFollowX":134.76,"smoothedFollowZ":-F2},"timestamp":1782766352893}
{"sessionId":"5484ca","runId":"nt-fix","hypothesisId":"P","location":"Starship.LateUpdate","message":"pulse check: nt pose delta vs rb vel","data":{"hudPlanarSpeed":7.6296,"rbVelSpeed":11.1871,"posDeltaSpeed":100.7345,"trRbDelta":0.01950,"ntEnabled":true},"timestamp":1782766353053}
{"sessionId":"5484ca","runId":"bare-ngo","hypothesisId":"K","location":"Starship.LateUpdate","message":"rotation sample","data":{"trYaw":146.14,"rbYaw":146.07,"yawDelta":-0.07,"bankAngVel":-116.15,"bankAngle":-F2},"timestamp":1782766353053}
{"sessionId":"5484ca","runId":"post-fix","hypothesisId":"A","location":"CameraController.LateUpdate","message":"camera follow sample","data":{"followJitter":1.78257,"trRbDelta":0.00000,"rawFollowX":135.77,"rawFollowZ":-110.06,"smoothedFollowX":135.77,"smoothedFollowZ":-F2},"timestamp":1782766353053}
{"sessionId":"5484ca","runId":"nt-fix","hypothesisId":"P","location":"Starship.LateUpdate","message":"pulse check: nt pose delta vs rb vel","data":{"hudPlanarSpeed":12.9698,"rbVelSpeed":16.0254,"posDeltaSpeed":145.5014,"trRbDelta":0.14363,"ntEnabled":true},"timestamp":1782766353227}
{"sessionId":"5484ca","runId":"bare-ngo","hypothesisId":"K","location":"Starship.LateUpdate","message":"rotation sample","data":{"trYaw":142.99,"rbYaw":142.77,"yawDelta":-0.21,"bankAngVel":-41.00,"bankAngle":-F2},"timestamp":1782766353227}
{"sessionId":"5484ca","runId":"post-fix","hypothesisId":"A","location":"CameraController.LateUpdate","message":"camera follow sample","data":{"followJitter":2.73327,"trRbDelta":0.00000,"rawFollowX":137.41,"rawFollowZ":-112.25,"smoothedFollowX":137.41,"smoothedFollowZ":-F2},"timestamp":1782766353228}
{"sessionId":"5484ca","runId":"thruster-vfx","hypothesisId":"A","location":"Starship.UpdateEngineAndThrusterVFX","message":"thruster vfx sample","data":{"isServer":false,"isClient":true,"isHost":false,"speed":14.196,"accelerating":true,"showThrusters":true,"thrusterBlend":1.000,"thrusterCount":3},"timestamp":1782766353357}
{"sessionId":"5484ca","runId":"unified-ngo","hypothesisId":"G","location":"Starship.UpdateHudPlanarSpeed","message":"speed","data":{"motorSimulatesPhysics":false,"motorReadsNetworkPose":true,"hudSpeed":F3},"timestamp":1782766353357}
{"sessionId":"5484ca","runId":"nt-fix","hypothesisId":"P","location":"Starship.LateUpdate","message":"pulse check: nt pose delta vs rb vel","data":{"hudPlanarSpeed":14.8555,"rbVelSpeed":13.6344,"posDeltaSpeed":135.6024,"trRbDelta":0.26280,"ntEnabled":true},"timestamp":1782766353396}
{"sessionId":"5484ca","runId":"bare-ngo","hypothesisId":"K","location":"Starship.LateUpdate","message":"rotation sample","data":{"trYaw":128.47,"rbYaw":126.28,"yawDelta":-2.18,"bankAngVel":-87.51,"bankAngle":-F2},"timestamp":1782766353396}
{"sessionId":"5484ca","runId":"post-fix","hypothesisId":"A","location":"CameraController.LateUpdate","message":"camera follow sample","data":{"followJitter":2.64239,"trRbDelta":0.00000,"rawFollowX":139.12,"rawFollowZ":-114.26,"smoothedFollowX":139.12,"smoothedFollowZ":-F2},"timestamp":1782766353397}
{"sessionId":"5484ca","runId":"nt-fix","hypothesisId":"P","location":"Starship.LateUpdate","message":"pulse check: nt pose delta vs rb vel","data":{"hudPlanarSpeed":15.1215,"rbVelSpeed":15.8290,"posDeltaSpeed":142.8719,"trRbDelta":0.23997,"ntEnabled":true},"timestamp":1782766353560}
{"sessionId":"5484ca","runId":"bare-ngo","hypothesisId":"K","location":"Starship.LateUpdate","message":"rotation sample","data":{"trYaw":95.69,"rbYaw":92.16,"yawDelta":-3.53,"bankAngVel":-171.70,"bankAngle":-F2},"timestamp":1782766353560}
{"sessionId":"5484ca","runId":"post-fix","hypothesisId":"A","location":"CameraController.LateUpdate","message":"camera follow sample","data":{"followJitter":2.61494,"trRbDelta":0.00000,"rawFollowX":141.38,"rawFollowZ":-115.57,"smoothedFollowX":141.38,"smoothedFollowZ":-F2},"timestamp":1782766353560}
{"sessionId":"5484ca","runId":"nt-fix","hypothesisId":"P","location":"Starship.LateUpdate","message":"pulse check: nt pose delta vs rb vel","data":{"hudPlanarSpeed":14.4281,"rbVelSpeed":14.1885,"posDeltaSpeed":135.8767,"trRbDelta":0.17189,"ntEnabled":true},"timestamp":1782766353724}
{"sessionId":"5484ca","runId":"bare-ngo","hypothesisId":"K","location":"Starship.LateUpdate","message":"rotation sample","data":{"trYaw":55.47,"rbYaw":52.73,"yawDelta":-2.74,"bankAngVel":-225.05,"bankAngle":-F2},"timestamp":1782766353724}
{"sessionId":"5484ca","runId":"post-fix","hypothesisId":"A","location":"CameraController.LateUpdate","message":"camera follow sample","data":{"followJitter":2.56014,"trRbDelta":0.00000,"rawFollowX":143.94,"rawFollowZ":-115.35,"smoothedFollowX":143.94,"smoothedFollowZ":-F2},"timestamp":1782766353724}
{"sessionId":"5484ca","runId":"thruster-vfx","hypothesisId":"A","location":"Starship.UpdateEngineAndThrusterVFX","message":"thruster vfx sample","data":{"isServer":false,"isClient":true,"isHost":false,"speed":13.657,"accelerating":true,"showThrusters":true,"thrusterBlend":1.000,"thrusterCount":3},"timestamp":1782766353851}
{"sessionId":"5484ca","runId":"unified-ngo","hypothesisId":"G","location":"Starship.UpdateHudPlanarSpeed","message":"speed","data":{"motorSimulatesPhysics":false,"motorReadsNetworkPose":true,"hudSpeed":F3},"timestamp":1782766353851}
{"sessionId":"5484ca","runId":"nt-fix","hypothesisId":"P","location":"Starship.LateUpdate","message":"pulse check: nt pose delta vs rb vel","data":{"hudPlanarSpeed":13.3184,"rbVelSpeed":13.9623,"posDeltaSpeed":126.3875,"trRbDelta":0.09110,"ntEnabled":true},"timestamp":1782766353889}
{"sessionId":"5484ca","runId":"bare-ngo","hypothesisId":"K","location":"Starship.LateUpdate","message":"rotation sample","data":{"trYaw":15.37,"rbYaw":13.90,"yawDelta":-1.47,"bankAngVel":-238.23,"bankAngle":-F2},"timestamp":1782766353890}
{"sessionId":"5484ca","runId":"post-fix","hypothesisId":"A","location":"CameraController.LateUpdate","message":"camera follow sample","data":{"followJitter":2.44431,"trRbDelta":0.00000,"rawFollowX":145.68,"rawFollowZ":-113.63,"smoothedFollowX":145.68,"smoothedFollowZ":-F2},"timestamp":1782766353890}
{"sessionId":"5484ca","runId":"nt-fix","hypothesisId":"P","location":"Starship.LateUpdate","message":"pulse check: nt pose delta vs rb vel","data":{"hudPlanarSpeed":12.2995,"rbVelSpeed":12.3514,"posDeltaSpeed":110.3259,"trRbDelta":0.10662,"ntEnabled":true},"timestamp":1782766354047}
{"sessionId":"5484ca","runId":"bare-ngo","hypothesisId":"K","location":"Starship.LateUpdate","message":"rotation sample","data":{"trYaw":339.50,"rbYaw":337.78,"yawDelta":-1.72,"bankAngVel":-229.75,"bankAngle":-F2},"timestamp":1782766354048}
{"sessionId":"5484ca","runId":"post-fix","hypothesisId":"A","location":"CameraController.LateUpdate","message":"camera follow sample","data":{"followJitter":2.18343,"trRbDelta":0.00000,"rawFollowX":145.98,"rawFollowZ":-111.47,"smoothedFollowX":145.98,"smoothedFollowZ":-F2},"timestamp":1782766354048}
{"sessionId":"5484ca","runId":"nt-fix","hypothesisId":"P","location":"Starship.LateUpdate","message":"pulse check: nt pose delta vs rb vel","data":{"hudPlanarSpeed":12.5635,"rbVelSpeed":12.3885,"posDeltaSpeed":120.2915,"trRbDelta":0.24176,"ntEnabled":true},"timestamp":1782766354196}
{"sessionId":"5484ca","runId":"bare-ngo","hypothesisId":"K","location":"Starship.LateUpdate","message":"rotation sample","data":{"trYaw":302.90,"rbYaw":298.98,"yawDelta":-3.91,"bankAngVel":-239.34,"bankAngle":-F2},"timestamp":1782766354196}
{"sessionId":"5484ca","runId":"post-fix","hypothesisId":"A","location":"CameraController.LateUpdate","message":"camera follow sample","data":{"followJitter":2.23508,"trRbDelta":0.00000,"rawFollowX":144.88,"rawFollowZ":-109.52,"smoothedFollowX":144.88,"smoothedFollowZ":-F2},"timestamp":1782766354197}
{"sessionId":"5484ca","runId":"thruster-vfx","hypothesisId":"A","location":"Starship.UpdateEngineAndThrusterVFX","message":"thruster vfx sample","data":{"isServer":false,"isClient":true,"isHost":false,"speed":12.584,"accelerating":true,"showThrusters":true,"thrusterBlend":1.000,"thrusterCount":3},"timestamp":1782766354306}
{"sessionId":"5484ca","runId":"unified-ngo","hypothesisId":"G","location":"Starship.UpdateHudPlanarSpeed","message":"speed","data":{"motorSimulatesPhysics":false,"motorReadsNetworkPose":true,"hudSpeed":F3},"timestamp":1782766354306}
{"sessionId":"5484ca","runId":"nt-fix","hypothesisId":"P","location":"Starship.LateUpdate","message":"pulse check: nt pose delta vs rb vel","data":{"hudPlanarSpeed":13.4050,"rbVelSpeed":19.1711,"posDeltaSpeed":121.3291,"trRbDelta":0.16952,"ntEnabled":true},"timestamp":1782766354347}
{"sessionId":"5484ca","runId":"bare-ngo","hypothesisId":"K","location":"Starship.LateUpdate","message":"rotation sample","data":{"trYaw":280.88,"rbYaw":280.45,"yawDelta":-0.43,"bankAngVel":-159.97,"bankAngle":-F2},"timestamp":1782766354347}
{"sessionId":"5484ca","runId":"post-fix","hypothesisId":"A","location":"CameraController.LateUpdate","message":"camera follow sample","data":{"followJitter":2.31014,"trRbDelta":0.00000,"rawFollowX":142.81,"rawFollowZ":-108.50,"smoothedFollowX":142.81,"smoothedFollowZ":-F2},"timestamp":1782766354348}
{"sessionId":"5484ca","runId":"nt-fix","hypothesisId":"P","location":"Starship.LateUpdate","message":"pulse check: nt pose delta vs rb vel","data":{"hudPlanarSpeed":15.0493,"rbVelSpeed":15.0404,"posDeltaSpeed":140.1669,"trRbDelta":0.18395,"ntEnabled":true},"timestamp":1782766354503}
{"sessionId":"5484ca","runId":"bare-ngo","hypothesisId":"K","location":"Starship.LateUpdate","message":"rotation sample","data":{"trYaw":282.33,"rbYaw":283.15,"yawDelta":0.82,"bankAngVel":-27.99,"bankAngle":-F2},"timestamp":1782766354503}
{"sessionId":"5484ca","runId":"post-fix","hypothesisId":"A","location":"CameraController.LateUpdate","message":"camera follow sample","data":{"followJitter":2.58015,"trRbDelta":0.00000,"rawFollowX":140.28,"rawFollowZ":-108.00,"smoothedFollowX":140.28,"smoothedFollowZ":-F2},"timestamp":1782766354504}
{"sessionId":"5484ca","runId":"nt-fix","hypothesisId":"P","location":"Starship.LateUpdate","message":"pulse check: nt pose delta vs rb vel","data":{"hudPlanarSpeed":14.8601,"rbVelSpeed":16.8038,"posDeltaSpeed":125.1444,"trRbDelta":0.30640,"ntEnabled":true},"timestamp":1782766354657}
{"sessionId":"5484ca","runId":"bare-ngo","hypothesisId":"K","location":"Starship.LateUpdate","message":"rotation sample","data":{"trYaw":302.77,"rbYaw":306.77,"yawDelta":4.00,"bankAngVel":94.36,"bankAngle":F2},"timestamp":1782766354657}
{"sessionId":"5484ca","runId":"post-fix","hypothesisId":"A","location":"CameraController.LateUpdate","message":"camera follow sample","data":{"followJitter":2.26566,"trRbDelta":0.00000,"rawFollowX":138.11,"rawFollowZ":-107.35,"smoothedFollowX":138.11,"smoothedFollowZ":-F2},"timestamp":1782766354657}
{"sessionId":"5484ca","runId":"thruster-vfx","hypothesisId":"A","location":"Starship.UpdateEngineAndThrusterVFX","message":"thruster vfx sample","data":{"isServer":false,"isClient":true,"isHost":false,"speed":15.042,"accelerating":true,"showThrusters":true,"thrusterBlend":1.000,"thrusterCount":3},"timestamp":1782766354767}
{"sessionId":"5484ca","runId":"unified-ngo","hypothesisId":"G","location":"Starship.UpdateHudPlanarSpeed","message":"speed","data":{"motorSimulatesPhysics":false,"motorReadsNetworkPose":true,"hudSpeed":F3},"timestamp":1782766354768}
{"sessionId":"5484ca","runId":"nt-fix","hypothesisId":"P","location":"Starship.LateUpdate","message":"pulse check: nt pose delta vs rb vel","data":{"hudPlanarSpeed":15.4232,"rbVelSpeed":18.2705,"posDeltaSpeed":130.2723,"trRbDelta":0.19817,"ntEnabled":true},"timestamp":1782766354804}
{"sessionId":"5484ca","runId":"bare-ngo","hypothesisId":"K","location":"Starship.LateUpdate","message":"rotation sample","data":{"trYaw":337.49,"rbYaw":340.54,"yawDelta":3.05,"bankAngVel":197.17,"bankAngle":F2},"timestamp":1782766354805}
{"sessionId":"5484ca","runId":"post-fix","hypothesisId":"A","location":"CameraController.LateUpdate","message":"camera follow sample","data":{"followJitter":2.38952,"trRbDelta":0.00000,"rawFollowX":136.35,"rawFollowZ":-105.74,"smoothedFollowX":136.35,"smoothedFollowZ":-F2},"timestamp":1782766354806}
{"sessionId":"5484ca","runId":"nt-fix","hypothesisId":"P","location":"Starship.LateUpdate","message":"pulse check: nt pose delta vs rb vel","data":{"hudPlanarSpeed":13.2295,"rbVelSpeed":10.6880,"posDeltaSpeed":99.3877,"trRbDelta":0.19784,"ntEnabled":true},"timestamp":1782766354957}
{"sessionId":"5484ca","runId":"bare-ngo","hypothesisId":"K","location":"Starship.LateUpdate","message":"rotation sample","data":{"trYaw":10.63,"rbYaw":13.78,"yawDelta":3.15,"bankAngVel":204.82,"bankAngle":F2},"timestamp":1782766354958}
{"sessionId":"5484ca","runId":"post-fix","hypothesisId":"A","location":"CameraController.LateUpdate","message":"camera follow sample","data":{"followJitter":2.08666,"trRbDelta":0.00000,"rawFollowX":135.70,"rawFollowZ":-103.75,"smoothedFollowX":135.70,"smoothedFollowZ":-F2},"timestamp":1782766354958}
{"sessionId":"5484ca","runId":"nt-fix","hypothesisId":"P","location":"Starship.LateUpdate","message":"pulse check: nt pose delta vs rb vel","data":{"hudPlanarSpeed":13.1144,"rbVelSpeed":13.2791,"posDeltaSpeed":121.3482,"trRbDelta":0.09797,"ntEnabled":true},"timestamp":1782766355109}
{"sessionId":"5484ca","runId":"bare-ngo","hypothesisId":"K","location":"Starship.LateUpdate","message":"rotation sample","data":{"trYaw":47.50,"rbYaw":49.07,"yawDelta":1.57,"bankAngVel":235.08,"bankAngle":F2},"timestamp":1782766355109}
{"sessionId":"5484ca","runId":"post-fix","hypothesisId":"A","location":"CameraController.LateUpdate","message":"camera follow sample","data":{"followJitter":2.27195,"trRbDelta":0.00000,"rawFollowX":136.50,"rawFollowZ":-101.62,"smoothedFollowX":136.50,"smoothedFollowZ":-F2},"timestamp":1782766355109}
{"sessionId":"5484ca","runId":"thruster-vfx","hypothesisId":"A","location":"Starship.UpdateEngineAndThrusterVFX","message":"thruster vfx sample","data":{"isServer":false,"isClient":true,"isHost":false,"speed":13.341,"accelerating":true,"showThrusters":true,"thrusterBlend":1.000,"thrusterCount":3},"timestamp":1782766355223}
{"sessionId":"5484ca","runId":"unified-ngo","hypothesisId":"G","location":"Starship.UpdateHudPlanarSpeed","message":"speed","data":{"motorSimulatesPhysics":false,"motorReadsNetworkPose":true,"hudSpeed":F3},"timestamp":1782766355223}
{"sessionId":"5484ca","runId":"nt-fix","hypothesisId":"P","location":"Starship.LateUpdate","message":"pulse check: nt pose delta vs rb vel","data":{"hudPlanarSpeed":13.7812,"rbVelSpeed":15.2656,"posDeltaSpeed":125.6924,"trRbDelta":0.20575,"ntEnabled":true},"timestamp":1782766355261}
{"sessionId":"5484ca","runId":"bare-ngo","hypothesisId":"K","location":"Starship.LateUpdate","message":"rotation sample","data":{"trYaw":76.26,"rbYaw":77.70,"yawDelta":1.44,"bankAngVel":190.61,"bankAngle":F2},"timestamp":1782766355261}
{"sessionId":"5484ca","runId":"post-fix","hypothesisId":"A","location":"CameraController.LateUpdate","message":"camera follow sample","data":{"followJitter":2.45490,"trRbDelta":0.00000,"rawFollowX":138.55,"rawFollowZ":-100.27,"smoothedFollowX":138.55,"smoothedFollowZ":-F2},"timestamp":1782766355263}
{"sessionId":"5484ca","runId":"nt-fix","hypothesisId":"P","location":"Starship.LateUpdate","message":"pulse check: nt pose delta vs rb vel","data":{"hudPlanarSpeed":14.4376,"rbVelSpeed":19.7216,"posDeltaSpeed":138.1045,"trRbDelta":0.06277,"ntEnabled":true},"timestamp":1782766355414}
{"sessionId":"5484ca","runId":"bare-ngo","hypothesisId":"K","location":"Starship.LateUpdate","message":"rotation sample","data":{"trYaw":90.69,"rbYaw":91.04,"yawDelta":0.35,"bankAngVel":123.10,"bankAngle":F2},"timestamp":1782766355414}
{"sessionId":"5484ca","runId":"post-fix","hypothesisId":"A","location":"CameraController.LateUpdate","message":"camera follow sample","data":{"followJitter":2.33105,"trRbDelta":0.00000,"rawFollowX":140.83,"rawFollowZ":-99.82,"smoothedFollowX":140.83,"smoothedFollowZ":-F2},"timestamp":1782766355414}
{"sessionId":"5484ca","runId":"nt-fix","hypothesisId":"P","location":"Starship.LateUpdate","message":"pulse check: nt pose delta vs rb vel","data":{"hudPlanarSpeed":14.6992,"rbVelSpeed":15.9740,"posDeltaSpeed":124.9090,"trRbDelta":0.21057,"ntEnabled":true},"timestamp":1782766355563}
{"sessionId":"5484ca","runId":"bare-ngo","hypothesisId":"K","location":"Starship.LateUpdate","message":"rotation sample","data":{"trYaw":107.76,"rbYaw":109.87,"yawDelta":2.11,"bankAngVel":115.91,"bankAngle":F2},"timestamp":1782766355563}
{"sessionId":"5484ca","runId":"post-fix","hypothesisId":"A","location":"CameraController.LateUpdate","message":"camera follow sample","data":{"followJitter":2.37442,"trRbDelta":0.00000,"rawFollowX":143.20,"rawFollowZ":-99.99,"smoothedFollowX":143.20,"smoothedFollowZ":-F2},"timestamp":1782766355563}
{"sessionId":"5484ca","runId":"thruster-vfx","hypothesisId":"A","location":"Starship.UpdateEngineAndThrusterVFX","message":"thruster vfx sample","data":{"isServer":false,"isClient":true,"isHost":false,"speed":15.022,"accelerating":true,"showThrusters":true,"thrusterBlend":1.000,"thrusterCount":3},"timestamp":1782766355676}
{"sessionId":"5484ca","runId":"unified-ngo","hypothesisId":"G","location":"Starship.UpdateHudPlanarSpeed","message":"speed","data":{"motorSimulatesPhysics":false,"motorReadsNetworkPose":true,"hudSpeed":F3},"timestamp":1782766355676}
{"sessionId":"5484ca","runId":"nt-fix","hypothesisId":"P","location":"Starship.LateUpdate","message":"pulse check: nt pose delta vs rb vel","data":{"hudPlanarSpeed":14.5373,"rbVelSpeed":15.6428,"posDeltaSpeed":135.1891,"trRbDelta":0.07045,"ntEnabled":true},"timestamp":1782766355712}
{"sessionId":"5484ca","runId":"bare-ngo","hypothesisId":"K","location":"Starship.LateUpdate","message":"rotation sample","data":{"trYaw":137.42,"rbYaw":138.43,"yawDelta":1.02,"bankAngVel":173.95,"bankAngle":F2},"timestamp":1782766355712}
{"sessionId":"5484ca","runId":"post-fix","hypothesisId":"A","location":"CameraController.LateUpdate","message":"camera follow sample","data":{"followJitter":2.32102,"trRbDelta":0.00000,"rawFollowX":145.31,"rawFollowZ":-100.96,"smoothedFollowX":145.31,"smoothedFollowZ":-F2},"timestamp":1782766355712}
{"sessionId":"5484ca","runId":"nt-fix","hypothesisId":"P","location":"Starship.LateUpdate","message":"pulse check: nt pose delta vs rb vel","data":{"hudPlanarSpeed":14.1600,"rbVelSpeed":18.4590,"posDeltaSpeed":132.0264,"trRbDelta":0.00272,"ntEnabled":true},"timestamp":1782766355853}
{"sessionId":"5484ca","runId":"bare-ngo","hypothesisId":"K","location":"Starship.LateUpdate","message":"rotation sample","data":{"trYaw":171.51,"rbYaw":171.55,"yawDelta":0.04,"bankAngVel":217.46,"bankAngle":F2},"timestamp":1782766355854}
{"sessionId":"5484ca","runId":"post-fix","hypothesisId":"A","location":"CameraController.LateUpdate","message":"camera follow sample","data":{"followJitter":2.23110,"trRbDelta":0.00000,"rawFollowX":146.56,"rawFollowZ":-102.80,"smoothedFollowX":146.56,"smoothedFollowZ":-F2},"timestamp":1782766355854}
{"sessionId":"5484ca","runId":"nt-fix","hypothesisId":"P","location":"Starship.LateUpdate","message":"pulse check: nt pose delta vs rb vel","data":{"hudPlanarSpeed":14.0021,"rbVelSpeed":14.9833,"posDeltaSpeed":119.9742,"trRbDelta":0.21167,"ntEnabled":true},"timestamp":1782766356001}
{"sessionId":"5484ca","runId":"bare-ngo","hypothesisId":"K","location":"Starship.LateUpdate","message":"rotation sample","data":{"trYaw":187.87,"rbYaw":188.19,"yawDelta":0.32,"bankAngVel":131.97,"bankAngle":F2},"timestamp":1782766356002}
{"sessionId":"5484ca","runId":"post-fix","hypothesisId":"A","location":"CameraController.LateUpdate","message":"camera follow sample","data":{"followJitter":2.26060,"trRbDelta":0.00000,"rawFollowX":146.75,"rawFollowZ":-105.06,"smoothedFollowX":146.75,"smoothedFollowZ":-F2},"timestamp":1782766356002}
{"sessionId":"5484ca","runId":"thruster-vfx","hypothesisId":"A","location":"Starship.UpdateEngineAndThrusterVFX","message":"thruster vfx sample","data":{"isServer":false,"isClient":true,"isHost":false,"speed":14.199,"accelerating":true,"showThrusters":true,"thrusterBlend":1.000,"thrusterCount":3},"timestamp":1782766356111}
{"sessionId":"5484ca","runId":"unified-ngo","hypothesisId":"G","location":"Starship.UpdateHudPlanarSpeed","message":"speed","data":{"motorSimulatesPhysics":false,"motorReadsNetworkPose":true,"hudSpeed":F3},"timestamp":1782766356112}
{"sessionId":"5484ca","runId":"nt-fix","hypothesisId":"P","location":"Starship.LateUpdate","message":"pulse check: nt pose delta vs rb vel","data":{"hudPlanarSpeed":15.1551,"rbVelSpeed":18.7511,"posDeltaSpeed":132.2953,"trRbDelta":0.11510,"ntEnabled":true},"timestamp":1782766356148}
{"sessionId":"5484ca","runId":"bare-ngo","hypothesisId":"K","location":"Starship.LateUpdate","message":"rotation sample","data":{"trYaw":187.73,"rbYaw":187.61,"yawDelta":-0.12,"bankAngVel":36.45,"bankAngle":F2},"timestamp":1782766356150}
{"sessionId":"5484ca","runId":"post-fix","hypothesisId":"A","location":"CameraController.LateUpdate","message":"camera follow sample","data":{"followJitter":2.38739,"trRbDelta":0.00000,"rawFollowX":146.47,"rawFollowZ":-107.43,"smoothedFollowX":146.47,"smoothedFollowZ":-F2},"timestamp":1782766356150}
{"sessionId":"5484ca","runId":"nt-fix","hypothesisId":"P","location":"Starship.LateUpdate","message":"pulse check: nt pose delta vs rb vel","data":{"hudPlanarSpeed":15.5955,"rbVelSpeed":19.9744,"posDeltaSpeed":132.1367,"trRbDelta":0.01727,"ntEnabled":true},"timestamp":1782766356293}
{"sessionId":"5484ca","runId":"bare-ngo","hypothesisId":"K","location":"Starship.LateUpdate","message":"rotation sample","data":{"trYaw":189.52,"rbYaw":189.62,"yawDelta":0.10,"bankAngVel":27.98,"bankAngle":F2},"timestamp":1782766356294}
{"sessionId":"5484ca","runId":"post-fix","hypothesisId":"A","location":"CameraController.LateUpdate","message":"camera follow sample","data":{"followJitter":2.26863,"trRbDelta":0.00000,"rawFollowX":146.17,"rawFollowZ":-109.68,"smoothedFollowX":146.17,"smoothedFollowZ":-F2},"timestamp":1782766356294}
{"sessionId":"5484ca","runId":"nt-fix","hypothesisId":"P","location":"Starship.LateUpdate","message":"pulse check: nt pose delta vs rb vel","data":{"hudPlanarSpeed":15.7008,"rbVelSpeed":11.8146,"posDeltaSpeed":133.8071,"trRbDelta":0.15210,"ntEnabled":true},"timestamp":1782766356442}
{"sessionId":"5484ca","runId":"bare-ngo","hypothesisId":"K","location":"Starship.LateUpdate","message":"rotation sample","data":{"trYaw":213.64,"rbYaw":215.53,"yawDelta":1.89,"bankAngVel":125.41,"bankAngle":F2},"timestamp":1782766356443}
{"sessionId":"5484ca","runId":"post-fix","hypothesisId":"A","location":"CameraController.LateUpdate","message":"camera follow sample","data":{"followJitter":2.40833,"trRbDelta":0.00000,"rawFollowX":145.54,"rawFollowZ":-112.00,"smoothedFollowX":145.54,"smoothedFollowZ":-F2},"timestamp":1782766356443}
{"sessionId":"5484ca","runId":"thruster-vfx","hypothesisId":"A","location":"Starship.UpdateEngineAndThrusterVFX","message":"thruster vfx sample","data":{"isServer":false,"isClient":true,"isHost":false,"speed":15.439,"accelerating":true,"showThrusters":true,"thrusterBlend":1.000,"thrusterCount":3},"timestamp":1782766356552}
{"sessionId":"5484ca","runId":"unified-ngo","hypothesisId":"G","location":"Starship.UpdateHudPlanarSpeed","message":"speed","data":{"motorSimulatesPhysics":false,"motorReadsNetworkPose":true,"hudSpeed":F3},"timestamp":1782766356553}
{"sessionId":"5484ca","runId":"nt-fix","hypothesisId":"P","location":"Starship.LateUpdate","message":"pulse check: nt pose delta vs rb vel","data":{"hudPlanarSpeed":15.6633,"rbVelSpeed":19.0195,"posDeltaSpeed":120.9587,"trRbDelta":0.10154,"ntEnabled":true},"timestamp":1782766356591}
{"sessionId":"5484ca","runId":"bare-ngo","hypothesisId":"K","location":"Starship.LateUpdate","message":"rotation sample","data":{"trYaw":226.49,"rbYaw":226.81,"yawDelta":0.32,"bankAngVel":94.18,"bankAngle":F2},"timestamp":1782766356591}
{"sessionId":"5484ca","runId":"post-fix","hypothesisId":"A","location":"CameraController.LateUpdate","message":"camera follow sample","data":{"followJitter":2.33402,"trRbDelta":0.00000,"rawFollowX":144.18,"rawFollowZ":-113.90,"smoothedFollowX":144.18,"smoothedFollowZ":-F2},"timestamp":1782766356592}
{"sessionId":"5484ca","runId":"nt-fix","hypothesisId":"P","location":"Starship.LateUpdate","message":"pulse check: nt pose delta vs rb vel","data":{"hudPlanarSpeed":15.9924,"rbVelSpeed":18.2265,"posDeltaSpeed":134.7475,"trRbDelta":0.14670,"ntEnabled":true},"timestamp":1782766356749}
{"sessionId":"5484ca","runId":"bare-ngo","hypothesisId":"K","location":"Starship.LateUpdate","message":"rotation sample","data":{"trYaw":231.88,"rbYaw":232.00,"yawDelta":0.12,"bankAngVel":48.51,"bankAngle":F2},"timestamp":1782766356749}
{"sessionId":"5484ca","runId":"post-fix","hypothesisId":"A","location":"CameraController.LateUpdate","message":"camera follow sample","data":{"followJitter":2.60482,"trRbDelta":0.00000,"rawFollowX":142.27,"rawFollowZ":-115.67,"smoothedFollowX":142.27,"smoothedFollowZ":-F2},"timestamp":1782766356750}
{"sessionId":"5484ca","runId":"nt-fix","hypothesisId":"P","location":"Starship.LateUpdate","message":"pulse check: nt pose delta vs rb vel","data":{"hudPlanarSpeed":15.7301,"rbVelSpeed":11.7143,"posDeltaSpeed":129.3056,"trRbDelta":0.19413,"ntEnabled":true},"timestamp":1782766356900}
{"sessionId":"5484ca","runId":"bare-ngo","hypothesisId":"K","location":"Starship.LateUpdate","message":"rotation sample","data":{"trYaw":220.74,"rbYaw":218.90,"yawDelta":-1.84,"bankAngVel":-48.82,"bankAngle":F2},"timestamp":1782766356900}
{"sessionId":"5484ca","runId":"post-fix","hypothesisId":"A","location":"CameraController.LateUpdate","message":"camera follow sample","data":{"followJitter":2.40903,"trRbDelta":0.00000,"rawFollowX":140.43,"rawFollowZ":-117.22,"smoothedFollowX":140.43,"smoothedFollowZ":-F2},"timestamp":1782766356900}
{"sessionId":"5484ca","runId":"thruster-vfx","hypothesisId":"A","location":"Starship.UpdateEngineAndThrusterVFX","message":"thruster vfx sample","data":{"isServer":false,"isClient":true,"isHost":false,"speed":15.802,"accelerating":true,"showThrusters":true,"thrusterBlend":1.000,"thrusterCount":3},"timestamp":1782766357010}
{"sessionId":"5484ca","runId":"unified-ngo","hypothesisId":"G","location":"Starship.UpdateHudPlanarSpeed","message":"speed","data":{"motorSimulatesPhysics":false,"motorReadsNetworkPose":true,"hudSpeed":F3},"timestamp":1782766357012}
{"sessionId":"5484ca","runId":"nt-fix","hypothesisId":"P","location":"Starship.LateUpdate","message":"pulse check: nt pose delta vs rb vel","data":{"hudPlanarSpeed":15.7796,"rbVelSpeed":17.8673,"posDeltaSpeed":123.5627,"trRbDelta":0.10895,"ntEnabled":true},"timestamp":1782766357050}
{"sessionId":"5484ca","runId":"bare-ngo","hypothesisId":"K","location":"Starship.LateUpdate","message":"rotation sample","data":{"trYaw":189.28,"rbYaw":187.66,"yawDelta":-1.62,"bankAngVel":-170.01,"bankAngle":-F2},"timestamp":1782766357050}
{"sessionId":"5484ca","runId":"post-fix","hypothesisId":"A","location":"CameraController.LateUpdate","message":"camera follow sample","data":{"followJitter":2.35635,"trRbDelta":0.00000,"rawFollowX":139.18,"rawFollowZ":-119.22,"smoothedFollowX":139.18,"smoothedFollowZ":-F2},"timestamp":1782766357050}
{"sessionId":"5484ca","runId":"nt-fix","hypothesisId":"P","location":"Starship.LateUpdate","message":"pulse check: nt pose delta vs rb vel","data":{"hudPlanarSpeed":14.1307,"rbVelSpeed":14.9977,"posDeltaSpeed":118.9166,"trRbDelta":0.25194,"ntEnabled":true},"timestamp":1782766357198}
{"sessionId":"5484ca","runId":"bare-ngo","hypothesisId":"K","location":"Starship.LateUpdate","message":"rotation sample","data":{"trYaw":155.36,"rbYaw":151.36,"yawDelta":-4.00,"bankAngVel":-206.08,"bankAngle":-F2},"timestamp":1782766357198}
{"sessionId":"5484ca","runId":"post-fix","hypothesisId":"A","location":"CameraController.LateUpdate","message":"camera follow sample","data":{"followJitter":2.16961,"trRbDelta":0.00000,"rawFollowX":139.06,"rawFollowZ":-121.39,"smoothedFollowX":139.06,"smoothedFollowZ":-F2},"timestamp":1782766357199}
{"sessionId":"5484ca","runId":"nt-fix","hypothesisId":"P","location":"Starship.LateUpdate","message":"pulse check: nt pose delta vs rb vel","data":{"hudPlanarSpeed":13.6656,"rbVelSpeed":17.5837,"posDeltaSpeed":105.9957,"trRbDelta":0.13972,"ntEnabled":true},"timestamp":1782766357348}
{"sessionId":"5484ca","runId":"bare-ngo","hypothesisId":"K","location":"Starship.LateUpdate","message":"rotation sample","data":{"trYaw":118.38,"rbYaw":116.13,"yawDelta":-2.25,"bankAngVel":-240.46,"bankAngle":-F2},"timestamp":1782766357349}
{"sessionId":"5484ca","runId":"post-fix","hypothesisId":"A","location":"CameraController.LateUpdate","message":"camera follow sample","data":{"followJitter":2.26392,"trRbDelta":0.00000,"rawFollowX":140.34,"rawFollowZ":-123.25,"smoothedFollowX":140.34,"smoothedFollowZ":-F2},"timestamp":1782766357349}
{"sessionId":"5484ca","runId":"thruster-vfx","hypothesisId":"A","location":"Starship.UpdateEngineAndThrusterVFX","message":"thruster vfx sample","data":{"isServer":false,"isClient":true,"isHost":false,"speed":12.751,"accelerating":true,"showThrusters":true,"thrusterBlend":1.000,"thrusterCount":3},"timestamp":1782766357478}
{"sessionId":"5484ca","runId":"unified-ngo","hypothesisId":"G","location":"Starship.UpdateHudPlanarSpeed","message":"speed","data":{"motorSimulatesPhysics":false,"motorReadsNetworkPose":true,"hudSpeed":F3},"timestamp":1782766357478}
{"sessionId":"5484ca","runId":"nt-fix","hypothesisId":"P","location":"Starship.LateUpdate","message":"pulse check: nt pose delta vs rb vel","data":{"hudPlanarSpeed":12.4262,"rbVelSpeed":15.6371,"posDeltaSpeed":128.0103,"trRbDelta":0.28334,"ntEnabled":true},"timestamp":1782766357519}
{"sessionId":"5484ca","runId":"bare-ngo","hypothesisId":"K","location":"Starship.LateUpdate","message":"rotation sample","data":{"trYaw":79.25,"rbYaw":74.68,"yawDelta":-4.57,"bankAngVel":-229.41,"bankAngle":-F2},"timestamp":1782766357519}
{"sessionId":"5484ca","runId":"post-fix","hypothesisId":"A","location":"CameraController.LateUpdate","message":"camera follow sample","data":{"followJitter":2.36924,"trRbDelta":0.00000,"rawFollowX":142.56,"rawFollowZ":-124.07,"smoothedFollowX":142.56,"smoothedFollowZ":-F2},"timestamp":1782766357519}
{"sessionId":"5484ca","runId":"nt-fix","hypothesisId":"P","location":"Starship.LateUpdate","message":"pulse check: nt pose delta vs rb vel","data":{"hudPlanarSpeed":12.5361,"rbVelSpeed":15.6452,"posDeltaSpeed":127.8710,"trRbDelta":0.01099,"ntEnabled":true},"timestamp":1782766357673}
{"sessionId":"5484ca","runId":"bare-ngo","hypothesisId":"K","location":"Starship.LateUpdate","message":"rotation sample","data":{"trYaw":40.86,"rbYaw":40.68,"yawDelta":-0.18,"bankAngVel":-238.55,"bankAngle":-F2},"timestamp":1782766357673}
{"sessionId":"5484ca","runId":"post-fix","hypothesisId":"A","location":"CameraController.LateUpdate","message":"camera follow sample","data":{"followJitter":2.33822,"trRbDelta":0.00000,"rawFollowX":144.75,"rawFollowZ":-123.24,"smoothedFollowX":144.75,"smoothedFollowZ":-F2},"timestamp":1782766357673}
{"sessionId":"5484ca","runId":"nt-fix","hypothesisId":"P","location":"Starship.LateUpdate","message":"pulse check: nt pose delta vs rb vel","data":{"hudPlanarSpeed":12.5362,"rbVelSpeed":15.0188,"posDeltaSpeed":122.4369,"trRbDelta":0.17933,"ntEnabled":true},"timestamp":1782766357823}
{"sessionId":"5484ca","runId":"bare-ngo","hypothesisId":"K","location":"Starship.LateUpdate","message":"rotation sample","data":{"trYaw":3.96,"rbYaw":1.06,"yawDelta":-2.90,"bankAngVel":-238.26,"bankAngle":-F2},"timestamp":1782766357824}
{"sessionId":"5484ca","runId":"post-fix","hypothesisId":"A","location":"CameraController.LateUpdate","message":"camera follow sample","data":{"followJitter":2.24978,"trRbDelta":0.00000,"rawFollowX":145.96,"rawFollowZ":-121.34,"smoothedFollowX":145.96,"smoothedFollowZ":-F2},"timestamp":1782766357824}
{"sessionId":"5484ca","runId":"thruster-vfx","hypothesisId":"A","location":"Starship.UpdateEngineAndThrusterVFX","message":"thruster vfx sample","data":{"isServer":false,"isClient":true,"isHost":false,"speed":12.387,"accelerating":true,"showThrusters":true,"thrusterBlend":1.000,"thrusterCount":3},"timestamp":1782766357928}
{"sessionId":"5484ca","runId":"unified-ngo","hypothesisId":"G","location":"Starship.UpdateHudPlanarSpeed","message":"speed","data":{"motorSimulatesPhysics":false,"motorReadsNetworkPose":true,"hudSpeed":F3},"timestamp":1782766357929}
{"sessionId":"5484ca","runId":"nt-fix","hypothesisId":"P","location":"Starship.LateUpdate","message":"pulse check: nt pose delta vs rb vel","data":{"hudPlanarSpeed":12.6798,"rbVelSpeed":14.6338,"posDeltaSpeed":114.1935,"trRbDelta":0.14252,"ntEnabled":true},"timestamp":1782766357965}
{"sessionId":"5484ca","runId":"bare-ngo","hypothesisId":"K","location":"Starship.LateUpdate","message":"rotation sample","data":{"trYaw":329.55,"rbYaw":327.44,"yawDelta":-2.10,"bankAngVel":-239.76,"bankAngle":-F2},"timestamp":1782766357966}
{"sessionId":"5484ca","runId":"post-fix","hypothesisId":"A","location":"CameraController.LateUpdate","message":"camera follow sample","data":{"followJitter":2.13823,"trRbDelta":0.00000,"rawFollowX":145.79,"rawFollowZ":-119.21,"smoothedFollowX":145.79,"smoothedFollowZ":-F2},"timestamp":1782766357966}
{"sessionId":"5484ca","runId":"nt-fix","hypothesisId":"P","location":"Starship.LateUpdate","message":"pulse check: nt pose delta vs rb vel","data":{"hudPlanarSpeed":13.3128,"rbVelSpeed":15.7602,"posDeltaSpeed":94.2110,"trRbDelta":0.24497,"ntEnabled":true},"timestamp":1782766358122}
{"sessionId":"5484ca","runId":"bare-ngo","hypothesisId":"K","location":"Starship.LateUpdate","message":"rotation sample","data":{"trYaw":314.36,"rbYaw":313.91,"yawDelta":-0.44,"bankAngVel":-126.96,"bankAngle":-F2},"timestamp":1782766358123}
{"sessionId":"5484ca","runId":"post-fix","hypothesisId":"A","location":"CameraController.LateUpdate","message":"camera follow sample","data":{"followJitter":2.32403,"trRbDelta":0.00000,"rawFollowX":144.50,"rawFollowZ":-117.28,"smoothedFollowX":144.50,"smoothedFollowZ":-F2},"timestamp":1782766358123}
{"sessionId":"5484ca","runId":"nt-fix","hypothesisId":"P","location":"Starship.LateUpdate","message":"pulse check: nt pose delta vs rb vel","data":{"hudPlanarSpeed":14.4296,"rbVelSpeed":17.1487,"posDeltaSpeed":134.1840,"trRbDelta":0.32181,"ntEnabled":true},"timestamp":1782766358277}
{"sessionId":"5484ca","runId":"bare-ngo","hypothesisId":"K","location":"Starship.LateUpdate","message":"rotation sample","data":{"trYaw":313.44,"rbYaw":314.88,"yawDelta":1.45,"bankAngVel":-35.12,"bankAngle":-F2},"timestamp":1782766358277}
{"sessionId":"5484ca","runId":"post-fix","hypothesisId":"A","location":"CameraController.LateUpdate","message":"camera follow sample","data":{"followJitter":2.40336,"trRbDelta":0.00000,"rawFollowX":142.80,"rawFollowZ":-115.58,"smoothedFollowX":142.80,"smoothedFollowZ":-F2},"timestamp":1782766358278}
{"sessionId":"5484ca","runId":"thruster-vfx","hypothesisId":"A","location":"Starship.UpdateEngineAndThrusterVFX","message":"thruster vfx sample","data":{"isServer":false,"isClient":true,"isHost":false,"speed":15.906,"accelerating":true,"showThrusters":true,"thrusterBlend":1.000,"thrusterCount":3},"timestamp":1782766358386}
{"sessionId":"5484ca","runId":"unified-ngo","hypothesisId":"G","location":"Starship.UpdateHudPlanarSpeed","message":"speed","data":{"motorSimulatesPhysics":false,"motorReadsNetworkPose":true,"hudSpeed":F3},"timestamp":1782766358386}
{"sessionId":"5484ca","runId":"nt-fix","hypothesisId":"P","location":"Starship.LateUpdate","message":"pulse check: nt pose delta vs rb vel","data":{"hudPlanarSpeed":15.9982,"rbVelSpeed":15.4072,"posDeltaSpeed":138.7791,"trRbDelta":0.20459,"ntEnabled":true},"timestamp":1782766358422}
{"sessionId":"5484ca","runId":"bare-ngo","hypothesisId":"K","location":"Starship.LateUpdate","message":"rotation sample","data":{"trYaw":336.52,"rbYaw":339.16,"yawDelta":2.64,"bankAngVel":108.22,"bankAngle":F2},"timestamp":1782766358422}
{"sessionId":"5484ca","runId":"post-fix","hypothesisId":"A","location":"CameraController.LateUpdate","message":"camera follow sample","data":{"followJitter":2.46348,"trRbDelta":0.00000,"rawFollowX":141.21,"rawFollowZ":-113.70,"smoothedFollowX":141.21,"smoothedFollowZ":-F2},"timestamp":1782766358423}
{"sessionId":"5484ca","runId":"nt-fix","hypothesisId":"P","location":"Starship.LateUpdate","message":"pulse check: nt pose delta vs rb vel","data":{"hudPlanarSpeed":15.9525,"rbVelSpeed":15.1013,"posDeltaSpeed":131.5395,"trRbDelta":0.13297,"ntEnabled":true},"timestamp":1782766358569}
{"sessionId":"5484ca","runId":"bare-ngo","hypothesisId":"K","location":"Starship.LateUpdate","message":"rotation sample","data":{"trYaw":349.54,"rbYaw":349.83,"yawDelta":0.29,"bankAngVel":85.78,"bankAngle":F2},"timestamp":1782766358569}
{"sessionId":"5484ca","runId":"post-fix","hypothesisId":"A","location":"CameraController.LateUpdate","message":"camera follow sample","data":{"followJitter":2.31486,"trRbDelta":0.00000,"rawFollowX":140.37,"rawFollowZ":-111.54,"smoothedFollowX":140.37,"smoothedFollowZ":-F2},"timestamp":1782766358569}
{"sessionId":"5484ca","runId":"nt-fix","hypothesisId":"P","location":"Starship.LateUpdate","message":"pulse check: nt pose delta vs rb vel","data":{"hudPlanarSpeed":15.2696,"rbVelSpeed":16.8220,"posDeltaSpeed":117.8258,"trRbDelta":0.00606,"ntEnabled":true},"timestamp":1782766358713}
{"sessionId":"5484ca","runId":"bare-ngo","hypothesisId":"K","location":"Starship.LateUpdate","message":"rotation sample","data":{"trYaw":351.94,"rbYaw":351.94,"yawDelta":0.00,"bankAngVel":35.74,"bankAngle":F2},"timestamp":1782766358713}
{"sessionId":"5484ca","runId":"post-fix","hypothesisId":"A","location":"CameraController.LateUpdate","message":"camera follow sample","data":{"followJitter":2.25540,"trRbDelta":0.00000,"rawFollowX":139.94,"rawFollowZ":-109.33,"smoothedFollowX":139.94,"smoothedFollowZ":-F2},"timestamp":1782766358715}
{"sessionId":"5484ca","runId":"thruster-vfx","hypothesisId":"A","location":"Starship.UpdateEngineAndThrusterVFX","message":"thruster vfx sample","data":{"isServer":false,"isClient":true,"isHost":false,"speed":16.453,"accelerating":true,"showThrusters":true,"thrusterBlend":1.000,"thrusterCount":3},"timestamp":1782766358850}
{"sessionId":"5484ca","runId":"unified-ngo","hypothesisId":"G","location":"Starship.UpdateHudPlanarSpeed","message":"speed","data":{"motorSimulatesPhysics":false,"motorReadsNetworkPose":true,"hudSpeed":F3},"timestamp":1782766358850}
{"sessionId":"5484ca","runId":"nt-fix","hypothesisId":"P","location":"Starship.LateUpdate","message":"pulse check: nt pose delta vs rb vel","data":{"hudPlanarSpeed":16.4759,"rbVelSpeed":11.5207,"posDeltaSpeed":126.5287,"trRbDelta":0.22844,"ntEnabled":true},"timestamp":1782766358904}
{"sessionId":"5484ca","runId":"bare-ngo","hypothesisId":"K","location":"Starship.LateUpdate","message":"rotation sample","data":{"trYaw":352.42,"rbYaw":352.44,"yawDelta":0.01,"bankAngVel":10.07,"bankAngle":F2},"timestamp":1782766358904}
{"sessionId":"5484ca","runId":"post-fix","hypothesisId":"A","location":"CameraController.LateUpdate","message":"camera follow sample","data":{"followJitter":3.12170,"trRbDelta":0.00000,"rawFollowX":139.50,"rawFollowZ":-106.24,"smoothedFollowX":139.50,"smoothedFollowZ":-F2},"timestamp":1782766358904}
{"sessionId":"5484ca","runId":"nt-fix","hypothesisId":"P","location":"Starship.LateUpdate","message":"pulse check: nt pose delta vs rb vel","data":{"hudPlanarSpeed":16.2843,"rbVelSpeed":16.0308,"posDeltaSpeed":112.8182,"trRbDelta":0.29460,"ntEnabled":true},"timestamp":1782766359107}
{"sessionId":"5484ca","runId":"bare-ngo","hypothesisId":"K","location":"Starship.LateUpdate","message":"rotation sample","data":{"trYaw":352.49,"rbYaw":352.49,"yawDelta":0.00,"bankAngVel":2.21,"bankAngle":F2},"timestamp":1782766359107}
{"sessionId":"5484ca","runId":"post-fix","hypothesisId":"A","location":"CameraController.LateUpdate","message":"camera follow sample","data":{"followJitter":3.14234,"trRbDelta":0.00000,"rawFollowX":139.08,"rawFollowZ":-103.13,"smoothedFollowX":139.08,"smoothedFollowZ":-F2},"timestamp":1782766359107}
{"sessionId":"5484ca","runId":"nt-fix","hypothesisId":"P","location":"Starship.LateUpdate","message":"pulse check: nt pose delta vs rb vel","data":{"hudPlanarSpeed":16.9553,"rbVelSpeed":13.0835,"posDeltaSpeed":156.8387,"trRbDelta":0.11688,"ntEnabled":true},"timestamp":1782766359348}
{"sessionId":"5484ca","runId":"bare-ngo","hypothesisId":"K","location":"Starship.LateUpdate","message":"rotation sample","data":{"trYaw":352.50,"rbYaw":352.50,"yawDelta":0.00,"bankAngVel":0.32,"bankAngle":F2},"timestamp":1782766359348}
{"sessionId":"5484ca","runId":"post-fix","hypothesisId":"A","location":"CameraController.LateUpdate","message":"camera follow sample","data":{"followJitter":4.30722,"trRbDelta":0.00000,"rawFollowX":138.52,"rawFollowZ":-98.86,"smoothedFollowX":138.52,"smoothedFollowZ":-F2},"timestamp":1782766359348}
{"sessionId":"5484ca","runId":"thruster-vfx","hypothesisId":"A","location":"Starship.UpdateEngineAndThrusterVFX","message":"thruster vfx sample","data":{"isServer":false,"isClient":true,"isHost":false,"speed":16.171,"accelerating":true,"showThrusters":true,"thrusterBlend":1.000,"thrusterCount":3},"timestamp":1782766359474}
{"sessionId":"5484ca","runId":"unified-ngo","hypothesisId":"G","location":"Starship.UpdateHudPlanarSpeed","message":"speed","data":{"motorSimulatesPhysics":false,"motorReadsNetworkPose":true,"hudSpeed":F3},"timestamp":1782766359477}
{"sessionId":"5484ca","runId":"nt-fix","hypothesisId":"P","location":"Starship.LateUpdate","message":"pulse check: nt pose delta vs rb vel","data":{"hudPlanarSpeed":15.3304,"rbVelSpeed":15.4762,"posDeltaSpeed":108.6197,"trRbDelta":0.24778,"ntEnabled":true},"timestamp":1782766359520}
{"sessionId":"5484ca","runId":"bare-ngo","hypothesisId":"K","location":"Starship.LateUpdate","message":"rotation sample","data":{"trYaw":336.97,"rbYaw":334.84,"yawDelta":-2.13,"bankAngVel":-79.17,"bankAngle":-F2},"timestamp":1782766359521}
{"sessionId":"5484ca","runId":"post-fix","hypothesisId":"A","location":"CameraController.LateUpdate","message":"camera follow sample","data":{"followJitter":2.56758,"trRbDelta":0.00000,"rawFollowX":138.07,"rawFollowZ":-96.33,"smoothedFollowX":138.07,"smoothedFollowZ":-F2},"timestamp":1782766359521}
{"sessionId":"5484ca","runId":"nt-fix","hypothesisId":"P","location":"Starship.LateUpdate","message":"pulse check: nt pose delta vs rb vel","data":{"hudPlanarSpeed":15.8047,"rbVelSpeed":18.8998,"posDeltaSpeed":130.7548,"trRbDelta":0.18353,"ntEnabled":true},"timestamp":1782766359687}
{"sessionId":"5484ca","runId":"bare-ngo","hypothesisId":"K","location":"Starship.LateUpdate","message":"rotation sample","data":{"trYaw":328.42,"rbYaw":329.32,"yawDelta":0.91,"bankAngVel":-44.82,"bankAngle":-F2},"timestamp":1782766359688}
{"sessionId":"5484ca","runId":"post-fix","hypothesisId":"A","location":"CameraController.LateUpdate","message":"camera follow sample","data":{"followJitter":2.68215,"trRbDelta":0.00000,"rawFollowX":136.88,"rawFollowZ":-93.92,"smoothedFollowX":136.88,"smoothedFollowZ":-F2},"timestamp":1782766359688}
{"sessionId":"5484ca","runId":"nt-fix","hypothesisId":"P","location":"Starship.LateUpdate","message":"pulse check: nt pose delta vs rb vel","data":{"hudPlanarSpeed":15.9735,"rbVelSpeed":13.8882,"posDeltaSpeed":138.6384,"trRbDelta":0.06092,"ntEnabled":true},"timestamp":1782766359873}
{"sessionId":"5484ca","runId":"bare-ngo","hypothesisId":"K","location":"Starship.LateUpdate","message":"rotation sample","data":{"trYaw":359.66,"rbYaw":0.48,"yawDelta":0.83,"bankAngVel":130.27,"bankAngle":F2},"timestamp":1782766359873}
{"sessionId":"5484ca","runId":"post-fix","hypothesisId":"A","location":"CameraController.LateUpdate","message":"camera follow sample","data":{"followJitter":3.02687,"trRbDelta":0.00000,"rawFollowX":135.70,"rawFollowZ":-91.14,"smoothedFollowX":135.70,"smoothedFollowZ":-F2},"timestamp":1782766359873}
{"sessionId":"5484ca","runId":"thruster-vfx","hypothesisId":"A","location":"Starship.UpdateEngineAndThrusterVFX","message":"thruster vfx sample","data":{"isServer":false,"isClient":true,"isHost":false,"speed":14.319,"accelerating":true,"showThrusters":true,"thrusterBlend":1.000,"thrusterCount":3},"timestamp":1782766360003}
{"sessionId":"5484ca","runId":"unified-ngo","hypothesisId":"G","location":"Starship.UpdateHudPlanarSpeed","message":"speed","data":{"motorSimulatesPhysics":false,"motorReadsNetworkPose":true,"hudSpeed":F3},"timestamp":1782766360003}
{"sessionId":"5484ca","runId":"nt-fix","hypothesisId":"P","location":"Starship.LateUpdate","message":"pulse check: nt pose delta vs rb vel","data":{"hudPlanarSpeed":14.4383,"rbVelSpeed":14.7584,"posDeltaSpeed":127.3913,"trRbDelta":0.18916,"ntEnabled":true},"timestamp":1782766360044}
{"sessionId":"5484ca","runId":"bare-ngo","hypothesisId":"K","location":"Starship.LateUpdate","message":"rotation sample","data":{"trYaw":37.82,"rbYaw":40.79,"yawDelta":2.97,"bankAngVel":202.56,"bankAngle":F2},"timestamp":1782766360044}
{"sessionId":"5484ca","runId":"post-fix","hypothesisId":"A","location":"CameraController.LateUpdate","message":"camera follow sample","data":{"followJitter":2.48828,"trRbDelta":0.00000,"rawFollowX":136.09,"rawFollowZ":-88.68,"smoothedFollowX":136.09,"smoothedFollowZ":-F2},"timestamp":1782766360044}
{"sessionId":"5484ca","runId":"nt-fix","hypothesisId":"P","location":"Starship.LateUpdate","message":"pulse check: nt pose delta vs rb vel","data":{"hudPlanarSpeed":13.4915,"rbVelSpeed":12.1144,"posDeltaSpeed":119.6619,"trRbDelta":0.22820,"ntEnabled":true},"timestamp":1782766360197}
{"sessionId":"5484ca","runId":"bare-ngo","hypothesisId":"K","location":"Starship.LateUpdate","message":"rotation sample","data":{"trYaw":74.07,"rbYaw":77.73,"yawDelta":3.66,"bankAngVel":228.53,"bankAngle":F2},"timestamp":1782766360197}
{"sessionId":"5484ca","runId":"post-fix","hypothesisId":"A","location":"CameraController.LateUpdate","message":"camera follow sample","data":{"followJitter":2.23740,"trRbDelta":0.00000,"rawFollowX":137.70,"rawFollowZ":-87.12,"smoothedFollowX":137.70,"smoothedFollowZ":-F2},"timestamp":1782766360198}
{"sessionId":"5484ca","runId":"nt-fix","hypothesisId":"P","location":"Starship.LateUpdate","message":"pulse check: nt pose delta vs rb vel","data":{"hudPlanarSpeed":13.6148,"rbVelSpeed":14.2492,"posDeltaSpeed":121.9477,"trRbDelta":0.09867,"ntEnabled":true},"timestamp":1782766360348}
{"sessionId":"5484ca","runId":"bare-ngo","hypothesisId":"K","location":"Starship.LateUpdate","message":"rotation sample","data":{"trYaw":103.01,"rbYaw":104.01,"yawDelta":0.99,"bankAngVel":195.22,"bankAngle":F2},"timestamp":1782766360348}
{"sessionId":"5484ca","runId":"post-fix","hypothesisId":"A","location":"CameraController.LateUpdate","message":"camera follow sample","data":{"followJitter":2.37276,"trRbDelta":0.00000,"rawFollowX":140.05,"rawFollowZ":-86.81,"smoothedFollowX":140.05,"smoothedFollowZ":-F2},"timestamp":1782766360350}
{"sessionId":"5484ca","runId":"thruster-vfx","hypothesisId":"A","location":"Starship.UpdateEngineAndThrusterVFX","message":"thruster vfx sample","data":{"isServer":false,"isClient":true,"isHost":false,"speed":13.461,"accelerating":true,"showThrusters":true,"thrusterBlend":1.000,"thrusterCount":3},"timestamp":1782766360474}
{"sessionId":"5484ca","runId":"unified-ngo","hypothesisId":"G","location":"Starship.UpdateHudPlanarSpeed","message":"speed","data":{"motorSimulatesPhysics":false,"motorReadsNetworkPose":true,"hudSpeed":F3},"timestamp":1782766360475}
{"sessionId":"5484ca","runId":"nt-fix","hypothesisId":"P","location":"Starship.LateUpdate","message":"pulse check: nt pose delta vs rb vel","data":{"hudPlanarSpeed":14.1612,"rbVelSpeed":18.0516,"posDeltaSpeed":128.9296,"trRbDelta":0.06189,"ntEnabled":true},"timestamp":1782766360513}
{"sessionId":"5484ca","runId":"bare-ngo","hypothesisId":"K","location":"Starship.LateUpdate","message":"rotation sample","data":{"trYaw":125.21,"rbYaw":125.56,"yawDelta":0.35,"bankAngVel":143.74,"bankAngle":F2},"timestamp":1782766360513}
{"sessionId":"5484ca","runId":"post-fix","hypothesisId":"A","location":"CameraController.LateUpdate","message":"camera follow sample","data":{"followJitter":2.54918,"trRbDelta":0.00000,"rawFollowX":142.45,"rawFollowZ":-87.66,"smoothedFollowX":142.45,"smoothedFollowZ":-F2},"timestamp":1782766360514}
{"sessionId":"5484ca","runId":"nt-fix","hypothesisId":"P","location":"Starship.LateUpdate","message":"pulse check: nt pose delta vs rb vel","data":{"hudPlanarSpeed":14.9118,"rbVelSpeed":14.6088,"posDeltaSpeed":130.5880,"trRbDelta":0.10970,"ntEnabled":true},"timestamp":1782766360670}
{"sessionId":"5484ca","runId":"bare-ngo","hypothesisId":"K","location":"Starship.LateUpdate","message":"rotation sample","data":{"trYaw":131.45,"rbYaw":131.50,"yawDelta":0.05,"bankAngVel":63.36,"bankAngle":F2},"timestamp":1782766360670}
{"sessionId":"5484ca","runId":"post-fix","hypothesisId":"A","location":"CameraController.LateUpdate","message":"camera follow sample","data":{"followJitter":2.48331,"trRbDelta":0.00000,"rawFollowX":144.45,"rawFollowZ":-89.13,"smoothedFollowX":144.45,"smoothedFollowZ":-F2},"timestamp":1782766360670}
{"sessionId":"5484ca","runId":"nt-fix","hypothesisId":"P","location":"Starship.LateUpdate","message":"pulse check: nt pose delta vs rb vel","data":{"hudPlanarSpeed":15.5032,"rbVelSpeed":14.9233,"posDeltaSpeed":130.9291,"trRbDelta":0.10170,"ntEnabled":true},"timestamp":1782766360830}
{"sessionId":"5484ca","runId":"bare-ngo","hypothesisId":"K","location":"Starship.LateUpdate","message":"rotation sample","data":{"trYaw":133.54,"rbYaw":133.89,"yawDelta":0.35,"bankAngVel":30.07,"bankAngle":F2},"timestamp":1782766360831}
{"sessionId":"5484ca","runId":"post-fix","hypothesisId":"A","location":"CameraController.LateUpdate","message":"camera follow sample","data":{"followJitter":2.57720,"trRbDelta":0.00000,"rawFollowX":146.39,"rawFollowZ":-90.83,"smoothedFollowX":146.39,"smoothedFollowZ":-F2},"timestamp":1782766360831}
{"sessionId":"5484ca","runId":"thruster-vfx","hypothesisId":"A","location":"Starship.UpdateEngineAndThrusterVFX","message":"thruster vfx sample","data":{"isServer":false,"isClient":true,"isHost":false,"speed":16.242,"accelerating":true,"showThrusters":true,"thrusterBlend":1.000,"thrusterCount":3},"timestamp":1782766360955}
{"sessionId":"5484ca","runId":"unified-ngo","hypothesisId":"G","location":"Starship.UpdateHudPlanarSpeed","message":"speed","data":{"motorSimulatesPhysics":false,"motorReadsNetworkPose":true,"hudSpeed":F3},"timestamp":1782766360955}
{"sessionId":"5484ca","runId":"nt-fix","hypothesisId":"P","location":"Starship.LateUpdate","message":"pulse check: nt pose delta vs rb vel","data":{"hudPlanarSpeed":16.0545,"rbVelSpeed":11.1204,"posDeltaSpeed":132.8191,"trRbDelta":0.21780,"ntEnabled":true},"timestamp":1782766360999}
{"sessionId":"5484ca","runId":"bare-ngo","hypothesisId":"K","location":"Starship.LateUpdate","message":"rotation sample","data":{"trYaw":147.28,"rbYaw":148.83,"yawDelta":1.56,"bankAngVel":74.31,"bankAngle":F2},"timestamp":1782766361000}
{"sessionId":"5484ca","runId":"post-fix","hypothesisId":"A","location":"CameraController.LateUpdate","message":"camera follow sample","data":{"followJitter":2.76612,"trRbDelta":0.00000,"rawFollowX":148.28,"rawFollowZ":-92.85,"smoothedFollowX":148.28,"smoothedFollowZ":-F2},"timestamp":1782766361000}
{"sessionId":"5484ca","runId":"nt-fix","hypothesisId":"P","location":"Starship.LateUpdate","message":"pulse check: nt pose delta vs rb vel","data":{"hudPlanarSpeed":14.8384,"rbVelSpeed":15.5038,"posDeltaSpeed":128.0760,"trRbDelta":0.20210,"ntEnabled":true},"timestamp":1782766361163}
{"sessionId":"5484ca","runId":"bare-ngo","hypothesisId":"K","location":"Starship.LateUpdate","message":"rotation sample","data":{"trYaw":177.73,"rbYaw":180.69,"yawDelta":2.96,"bankAngVel":158.70,"bankAngle":F2},"timestamp":1782766361163}
{"sessionId":"5484ca","runId":"post-fix","hypothesisId":"A","location":"CameraController.LateUpdate","message":"camera follow sample","data":{"followJitter":2.45449,"trRbDelta":0.00000,"rawFollowX":149.34,"rawFollowZ":-95.06,"smoothedFollowX":149.34,"smoothedFollowZ":-F2},"timestamp":1782766361163}
{"sessionId":"5484ca","runId":"nt-fix","hypothesisId":"P","location":"Starship.LateUpdate","message":"pulse check: nt pose delta vs rb vel","data":{"hudPlanarSpeed":14.2827,"rbVelSpeed":17.8284,"posDeltaSpeed":126.7935,"trRbDelta":0.20715,"ntEnabled":true},"timestamp":1782766361324}
{"sessionId":"5484ca","runId":"bare-ngo","hypothesisId":"K","location":"Starship.LateUpdate","message":"rotation sample","data":{"trYaw":216.60,"rbYaw":219.89,"yawDelta":3.29,"bankAngVel":220.26,"bankAngle":F2},"timestamp":1782766361325}
{"sessionId":"5484ca","runId":"post-fix","hypothesisId":"A","location":"CameraController.LateUpdate","message":"camera follow sample","data":{"followJitter":2.48107,"trRbDelta":0.00000,"rawFollowX":148.98,"rawFollowZ":-97.52,"smoothedFollowX":148.98,"smoothedFollowZ":-F2},"timestamp":1782766361325}
{"sessionId":"5484ca","runId":"thruster-vfx","hypothesisId":"A","location":"Starship.UpdateEngineAndThrusterVFX","message":"thruster vfx sample","data":{"isServer":false,"isClient":true,"isHost":false,"speed":13.784,"accelerating":true,"showThrusters":true,"thrusterBlend":1.000,"thrusterCount":3},"timestamp":1782766361451}
{"sessionId":"5484ca","runId":"unified-ngo","hypothesisId":"G","location":"Starship.UpdateHudPlanarSpeed","message":"speed","data":{"motorSimulatesPhysics":false,"motorReadsNetworkPose":true,"hudSpeed":F3},"timestamp":1782766361451}
{"sessionId":"5484ca","runId":"nt-fix","hypothesisId":"P","location":"Starship.LateUpdate","message":"pulse check: nt pose delta vs rb vel","data":{"hudPlanarSpeed":13.3457,"rbVelSpeed":13.7598,"posDeltaSpeed":120.2274,"trRbDelta":0.04144,"ntEnabled":true},"timestamp":1782766361494}
{"sessionId":"5484ca","runId":"bare-ngo","hypothesisId":"K","location":"Starship.LateUpdate","message":"rotation sample","data":{"trYaw":258.13,"rbYaw":258.80,"yawDelta":0.67,"bankAngVel":237.04,"bankAngle":F2},"timestamp":1782766361495}
{"sessionId":"5484ca","runId":"post-fix","hypothesisId":"A","location":"CameraController.LateUpdate","message":"camera follow sample","data":{"followJitter":2.53158,"trRbDelta":0.00000,"rawFollowX":147.13,"rawFollowZ":-99.24,"smoothedFollowX":147.13,"smoothedFollowZ":-F2},"timestamp":1782766361495}
{"sessionId":"5484ca","runId":"nt-fix","hypothesisId":"P","location":"Starship.LateUpdate","message":"pulse check: nt pose delta vs rb vel","data":{"hudPlanarSpeed":12.0385,"rbVelSpeed":13.9373,"posDeltaSpeed":118.9966,"trRbDelta":0.24479,"ntEnabled":true},"timestamp":1782766361659}
{"sessionId":"5484ca","runId":"bare-ngo","hypothesisId":"K","location":"Starship.LateUpdate","message":"rotation sample","data":{"trYaw":295.24,"rbYaw":299.73,"yawDelta":4.49,"bankAngVel":225.81,"bankAngle":F2},"timestamp":1782766361659}
{"sessionId":"5484ca","runId":"post-fix","hypothesisId":"A","location":"CameraController.LateUpdate","message":"camera follow sample","data":{"followJitter":2.23117,"trRbDelta":0.00000,"rawFollowX":144.90,"rawFollowZ":-99.43,"smoothedFollowX":144.90,"smoothedFollowZ":-F2},"timestamp":1782766361660}
{"sessionId":"5484ca","runId":"nt-fix","hypothesisId":"P","location":"Starship.LateUpdate","message":"pulse check: nt pose delta vs rb vel","data":{"hudPlanarSpeed":11.3507,"rbVelSpeed":11.5613,"posDeltaSpeed":95.1058,"trRbDelta":0.16711,"ntEnabled":true},"timestamp":1782766361823}
{"sessionId":"5484ca","runId":"bare-ngo","hypothesisId":"K","location":"Starship.LateUpdate","message":"rotation sample","data":{"trYaw":335.01,"rbYaw":338.68,"yawDelta":3.67,"bankAngVel":236.31,"bankAngle":F2},"timestamp":1782766361824}
{"sessionId":"5484ca","runId":"post-fix","hypothesisId":"A","location":"CameraController.LateUpdate","message":"camera follow sample","data":{"followJitter":1.98417,"trRbDelta":0.00000,"rawFollowX":143.01,"rawFollowZ":-98.84,"smoothedFollowX":143.01,"smoothedFollowZ":-F2},"timestamp":1782766361824}
{"sessionId":"5484ca","runId":"nt-fix","hypothesisId":"P","location":"Starship.LateUpdate","message":"pulse check: nt pose delta vs rb vel","data":{"hudPlanarSpeed":11.0156,"rbVelSpeed":11.2044,"posDeltaSpeed":90.5102,"trRbDelta":0.07972,"ntEnabled":true},"timestamp":1782766361990}
{"sessionId":"5484ca","runId":"bare-ngo","hypothesisId":"K","location":"Starship.LateUpdate","message":"rotation sample","data":{"trYaw":18.18,"rbYaw":20.18,"yawDelta":2.00,"bankAngVel":254.65,"bankAngle":F2},"timestamp":1782766361990}
{"sessionId":"5484ca","runId":"post-fix","hypothesisId":"A","location":"CameraController.LateUpdate","message":"camera follow sample","data":{"followJitter":1.84364,"trRbDelta":0.00000,"rawFollowX":141.29,"rawFollowZ":-98.17,"smoothedFollowX":141.29,"smoothedFollowZ":-F2},"timestamp":1782766361990}
{"sessionId":"5484ca","runId":"nt-fix","hypothesisId":"P","location":"Starship.LateUpdate","message":"pulse check: nt pose delta vs rb vel","data":{"hudPlanarSpeed":9.5232,"rbVelSpeed":7.6632,"posDeltaSpeed":73.4798,"trRbDelta":0.00587,"ntEnabled":true},"timestamp":1782766362178}
{"sessionId":"5484ca","runId":"bare-ngo","hypothesisId":"K","location":"Starship.LateUpdate","message":"rotation sample","data":{"trYaw":63.98,"rbYaw":64.15,"yawDelta":0.17,"bankAngVel":245.24,"bankAngle":F2},"timestamp":1782766362178}
{"sessionId":"5484ca","runId":"post-fix","hypothesisId":"A","location":"CameraController.LateUpdate","message":"camera follow sample","data":{"followJitter":1.70838,"trRbDelta":0.00000,"rawFollowX":139.71,"rawFollowZ":-97.52,"smoothedFollowX":139.71,"smoothedFollowZ":-F2},"timestamp":1782766362178}
{"sessionId":"5484ca","runId":"nt-fix","hypothesisId":"P","location":"Starship.LateUpdate","message":"pulse check: nt pose delta vs rb vel","data":{"hudPlanarSpeed":7.8122,"rbVelSpeed":6.7611,"posDeltaSpeed":48.3283,"trRbDelta":0.01047,"ntEnabled":true},"timestamp":1782766362378}
{"sessionId":"5484ca","runId":"bare-ngo","hypothesisId":"K","location":"Starship.LateUpdate","message":"rotation sample","data":{"trYaw":105.17,"rbYaw":105.32,"yawDelta":0.15,"bankAngVel":194.58,"bankAngle":F2},"timestamp":1782766362379}
{"sessionId":"5484ca","runId":"post-fix","hypothesisId":"A","location":"CameraController.LateUpdate","message":"camera follow sample","data":{"followJitter":1.50519,"trRbDelta":0.00000,"rawFollowX":138.32,"rawFollowZ":-96.94,"smoothedFollowX":138.32,"smoothedFollowZ":-F2},"timestamp":1782766362379}
{"sessionId":"5484ca","runId":"nt-fix","hypothesisId":"P","location":"Starship.LateUpdate","message":"pulse check: nt pose delta vs rb vel","data":{"hudPlanarSpeed":6.6682,"rbVelSpeed":5.2231,"posDeltaSpeed":55.7868,"trRbDelta":0.03168,"ntEnabled":true},"timestamp":1782766362572}
{"sessionId":"5484ca","runId":"bare-ngo","hypothesisId":"K","location":"Starship.LateUpdate","message":"rotation sample","data":{"trYaw":112.20,"rbYaw":112.26,"yawDelta":0.06,"bankAngVel":62.45,"bankAngle":F2},"timestamp":1782766362572}
{"sessionId":"5484ca","runId":"post-fix","hypothesisId":"A","location":"CameraController.LateUpdate","message":"camera follow sample","data":{"followJitter":1.25542,"trRbDelta":0.00000,"rawFollowX":137.16,"rawFollowZ":-96.46,"smoothedFollowX":137.16,"smoothedFollowZ":-F2},"timestamp":1782766362574}
{"sessionId":"5484ca","runId":"nt-fix","hypothesisId":"P","location":"Starship.LateUpdate","message":"pulse check: nt pose delta vs rb vel","data":{"hudPlanarSpeed":5.2939,"rbVelSpeed":4.0240,"posDeltaSpeed":36.0028,"trRbDelta":0.05225,"ntEnabled":true},"timestamp":1782766362765}
{"sessionId":"5484ca","runId":"bare-ngo","hypothesisId":"K","location":"Starship.LateUpdate","message":"rotation sample","data":{"trYaw":112.99,"rbYaw":113.01,"yawDelta":0.01,"bankAngVel":15.81,"bankAngle":F2},"timestamp":1782766362765}
{"sessionId":"5484ca","runId":"post-fix","hypothesisId":"A","location":"CameraController.LateUpdate","message":"camera follow sample","data":{"followJitter":0.94854,"trRbDelta":0.00000,"rawFollowX":136.29,"rawFollowZ":-96.09,"smoothedFollowX":136.29,"smoothedFollowZ":-F2},"timestamp":1782766362765}
{"sessionId":"5484ca","runId":"nt-fix","hypothesisId":"P","location":"Starship.LateUpdate","message":"pulse check: nt pose delta vs rb vel","data":{"hudPlanarSpeed":3.9163,"rbVelSpeed":2.6497,"posDeltaSpeed":40.3568,"trRbDelta":0.02646,"ntEnabled":true},"timestamp":1782766362965}
{"sessionId":"5484ca","runId":"bare-ngo","hypothesisId":"K","location":"Starship.LateUpdate","message":"rotation sample","data":{"trYaw":113.08,"rbYaw":113.09,"yawDelta":0.00,"bankAngVel":3.39,"bankAngle":F2},"timestamp":1782766362966}
{"sessionId":"5484ca","runId":"post-fix","hypothesisId":"A","location":"CameraController.LateUpdate","message":"camera follow sample","data":{"followJitter":0.72891,"trRbDelta":0.00000,"rawFollowX":135.61,"rawFollowZ":-95.81,"smoothedFollowX":135.61,"smoothedFollowZ":-F2},"timestamp":1782766362967}
{"sessionId":"5484ca","runId":"nt-fix","hypothesisId":"P","location":"Starship.LateUpdate","message":"pulse check: nt pose delta vs rb vel","data":{"hudPlanarSpeed":2.7838,"rbVelSpeed":1.8514,"posDeltaSpeed":18.4426,"trRbDelta":0.01738,"ntEnabled":true},"timestamp":1782766363127}
{"sessionId":"5484ca","runId":"bare-ngo","hypothesisId":"K","location":"Starship.LateUpdate","message":"rotation sample","data":{"trYaw":113.09,"rbYaw":113.09,"yawDelta":0.00,"bankAngVel":0.97,"bankAngle":F2},"timestamp":1782766363128}
{"sessionId":"5484ca","runId":"post-fix","hypothesisId":"A","location":"CameraController.LateUpdate","message":"camera follow sample","data":{"followJitter":0.36744,"trRbDelta":0.00000,"rawFollowX":135.28,"rawFollowZ":-95.67,"smoothedFollowX":135.28,"smoothedFollowZ":-F2},"timestamp":1782766363128}
{"sessionId":"5484ca","runId":"nt-fix","hypothesisId":"P","location":"Starship.LateUpdate","message":"pulse check: nt pose delta vs rb vel","data":{"hudPlanarSpeed":1.6405,"rbVelSpeed":0.5767,"posDeltaSpeed":9.5177,"trRbDelta":0.00482,"ntEnabled":true},"timestamp":1782766363289}
{"sessionId":"5484ca","runId":"bare-ngo","hypothesisId":"K","location":"Starship.LateUpdate","message":"rotation sample","data":{"trYaw":113.10,"rbYaw":113.10,"yawDelta":0.00,"bankAngVel":0.27,"bankAngle":F2},"timestamp":1782766363290}
{"sessionId":"5484ca","runId":"post-fix","hypothesisId":"A","location":"CameraController.LateUpdate","message":"camera follow sample","data":{"followJitter":0.18593,"trRbDelta":0.00000,"rawFollowX":135.10,"rawFollowZ":-95.60,"smoothedFollowX":135.10,"smoothedFollowZ":-F2},"timestamp":1782766363290}
{"sessionId":"5484ca","runId":"nt-fix","hypothesisId":"P","location":"Starship.LateUpdate","message":"pulse check: nt pose delta vs rb vel","data":{"hudPlanarSpeed":0.6715,"rbVelSpeed":0.0983,"posDeltaSpeed":2.1893,"trRbDelta":0.00152,"ntEnabled":true},"timestamp":1782766363462}
{"sessionId":"5484ca","runId":"bare-ngo","hypothesisId":"K","location":"Starship.LateUpdate","message":"rotation sample","data":{"trYaw":113.10,"rbYaw":113.10,"yawDelta":0.00,"bankAngVel":0.07,"bankAngle":F2},"timestamp":1782766363462}
{"sessionId":"5484ca","runId":"post-fix","hypothesisId":"A","location":"CameraController.LateUpdate","message":"camera follow sample","data":{"followJitter":0.04569,"trRbDelta":0.00000,"rawFollowX":135.06,"rawFollowZ":-95.58,"smoothedFollowX":135.06,"smoothedFollowZ":-F2},"timestamp":1782766363463}
{"sessionId":"5484ca","runId":"nt-fix","hypothesisId":"P","location":"Starship.LateUpdate","message":"pulse check: nt pose delta vs rb vel","data":{"hudPlanarSpeed":0.2659,"rbVelSpeed":0.0595,"posDeltaSpeed":0.4616,"trRbDelta":0.00081,"ntEnabled":true},"timestamp":1782766363626}
{"sessionId":"5484ca","runId":"bare-ngo","hypothesisId":"K","location":"Starship.LateUpdate","message":"rotation sample","data":{"trYaw":113.10,"rbYaw":113.10,"yawDelta":0.00,"bankAngVel":0.02,"bankAngle":F2},"timestamp":1782766363627}
{"sessionId":"5484ca","runId":"post-fix","hypothesisId":"A","location":"CameraController.LateUpdate","message":"camera follow sample","data":{"followJitter":0.00995,"trRbDelta":0.00000,"rawFollowX":135.05,"rawFollowZ":-95.58,"smoothedFollowX":135.05,"smoothedFollowZ":-F2},"timestamp":1782766363627}
{"sessionId":"5484ca","runId":"nt-fix","hypothesisId":"P","location":"Starship.LateUpdate","message":"pulse check: nt pose delta vs rb vel","data":{"hudPlanarSpeed":0.0994,"rbVelSpeed":0.0000,"posDeltaSpeed":0.2745,"trRbDelta":0.00000,"ntEnabled":true},"timestamp":1782766363802}
{"sessionId":"5484ca","runId":"bare-ngo","hypothesisId":"K","location":"Starship.LateUpdate","message":"rotation sample","data":{"trYaw":113.10,"rbYaw":113.10,"yawDelta":0.00,"bankAngVel":0.00,"bankAngle":F2},"timestamp":1782766363802}
{"sessionId":"5484ca","runId":"post-fix","hypothesisId":"A","location":"CameraController.LateUpdate","message":"camera follow sample","data":{"followJitter":0.00527,"trRbDelta":0.00000,"rawFollowX":135.05,"rawFollowZ":-95.58,"smoothedFollowX":135.05,"smoothedFollowZ":-F2},"timestamp":1782766363802}
{"sessionId":"5484ca","runId":"nt-fix","hypothesisId":"P","location":"Starship.LateUpdate","message":"pulse check: nt pose delta vs rb vel","data":{"hudPlanarSpeed":0.0499,"rbVelSpeed":0.0513,"posDeltaSpeed":0.2022,"trRbDelta":0.00051,"ntEnabled":true},"timestamp":1782766363967}
{"sessionId":"5484ca","runId":"bare-ngo","hypothesisId":"K","location":"Starship.LateUpdate","message":"rotation sample","data":{"trYaw":113.10,"rbYaw":113.10,"yawDelta":0.00,"bankAngVel":0.00,"bankAngle":F2},"timestamp":1782766363968}
{"sessionId":"5484ca","runId":"post-fix","hypothesisId":"A","location":"CameraController.LateUpdate","message":"camera follow sample","data":{"followJitter":0.00404,"trRbDelta":0.00000,"rawFollowX":135.04,"rawFollowZ":-95.58,"smoothedFollowX":135.04,"smoothedFollowZ":-F2},"timestamp":1782766363968}
{"sessionId":"5484ca","runId":"nt-fix","hypothesisId":"P","location":"Starship.LateUpdate","message":"pulse check: nt pose delta vs rb vel","data":{"hudPlanarSpeed":0.0345,"rbVelSpeed":0.0000,"posDeltaSpeed":0.2091,"trRbDelta":0.00000,"ntEnabled":true},"timestamp":1782766364132}
{"sessionId":"5484ca","runId":"bare-ngo","hypothesisId":"K","location":"Starship.LateUpdate","message":"rotation sample","data":{"trYaw":113.10,"rbYaw":113.10,"yawDelta":0.00,"bankAngVel":0.00,"bankAngle":F2},"timestamp":1782766364132}
{"sessionId":"5484ca","runId":"post-fix","hypothesisId":"A","location":"CameraController.LateUpdate","message":"camera follow sample","data":{"followJitter":0.00430,"trRbDelta":0.00000,"rawFollowX":135.04,"rawFollowZ":-95.57,"smoothedFollowX":135.04,"smoothedFollowZ":-F2},"timestamp":1782766364133}
{"sessionId":"5484ca","runId":"nt-fix","hypothesisId":"P","location":"Starship.LateUpdate","message":"pulse check: nt pose delta vs rb vel","data":{"hudPlanarSpeed":0.0255,"rbVelSpeed":0.0497,"posDeltaSpeed":0.1831,"trRbDelta":0.00085,"ntEnabled":true},"timestamp":1782766364299}
{"sessionId":"5484ca","runId":"bare-ngo","hypothesisId":"K","location":"Starship.LateUpdate","message":"rotation sample","data":{"trYaw":113.10,"rbYaw":113.10,"yawDelta":0.00,"bankAngVel":0.00,"bankAngle":F2},"timestamp":1782766364300}
{"sessionId":"5484ca","runId":"post-fix","hypothesisId":"A","location":"CameraController.LateUpdate","message":"camera follow sample","data":{"followJitter":0.00381,"trRbDelta":0.00000,"rawFollowX":135.04,"rawFollowZ":-95.57,"smoothedFollowX":135.04,"smoothedFollowZ":-F2},"timestamp":1782766364302}
{"sessionId":"5484ca","runId":"nt-fix","hypothesisId":"P","location":"Starship.LateUpdate","message":"pulse check: nt pose delta vs rb vel","data":{"hudPlanarSpeed":0.0246,"rbVelSpeed":0.0446,"posDeltaSpeed":0.2065,"trRbDelta":0.00035,"ntEnabled":true},"timestamp":1782766364468}
{"sessionId":"5484ca","runId":"bare-ngo","hypothesisId":"K","location":"Starship.LateUpdate","message":"rotation sample","data":{"trYaw":113.10,"rbYaw":113.10,"yawDelta":0.00,"bankAngVel":0.00,"bankAngle":F2},"timestamp":1782766364468}
{"sessionId":"5484ca","runId":"post-fix","hypothesisId":"A","location":"CameraController.LateUpdate","message":"camera follow sample","data":{"followJitter":0.00424,"trRbDelta":0.00000,"rawFollowX":135.03,"rawFollowZ":-95.57,"smoothedFollowX":135.03,"smoothedFollowZ":-F2},"timestamp":1782766364469}
{"sessionId":"5484ca","runId":"nt-fix","hypothesisId":"P","location":"Starship.LateUpdate","message":"pulse check: nt pose delta vs rb vel","data":{"hudPlanarSpeed":0.0282,"rbVelSpeed":0.0000,"posDeltaSpeed":0.2532,"trRbDelta":0.00000,"ntEnabled":true},"timestamp":1782766364630}
{"sessionId":"5484ca","runId":"bare-ngo","hypothesisId":"K","location":"Starship.LateUpdate","message":"rotation sample","data":{"trYaw":113.10,"rbYaw":113.10,"yawDelta":0.00,"bankAngVel":0.00,"bankAngle":F2},"timestamp":1782766364630}
{"sessionId":"5484ca","runId":"post-fix","hypothesisId":"A","location":"CameraController.LateUpdate","message":"camera follow sample","data":{"followJitter":0.00487,"trRbDelta":0.00000,"rawFollowX":135.03,"rawFollowZ":-95.57,"smoothedFollowX":135.03,"smoothedFollowZ":-F2},"timestamp":1782766364632}
{"sessionId":"5484ca","runId":"nt-fix","hypothesisId":"P","location":"Starship.LateUpdate","message":"pulse check: nt pose delta vs rb vel","data":{"hudPlanarSpeed":0.0244,"rbVelSpeed":0.0538,"posDeltaSpeed":0.1911,"trRbDelta":0.00093,"ntEnabled":true},"timestamp":1782766364799}
{"sessionId":"5484ca","runId":"bare-ngo","hypothesisId":"K","location":"Starship.LateUpdate","message":"rotation sample","data":{"trYaw":113.10,"rbYaw":113.10,"yawDelta":0.00,"bankAngVel":0.00,"bankAngle":F2},"timestamp":1782766364799}
{"sessionId":"5484ca","runId":"post-fix","hypothesisId":"A","location":"CameraController.LateUpdate","message":"camera follow sample","data":{"followJitter":0.00405,"trRbDelta":0.00000,"rawFollowX":135.02,"rawFollowZ":-95.57,"smoothedFollowX":135.02,"smoothedFollowZ":-F2},"timestamp":1782766364801}
{"sessionId":"5484ca","runId":"nt-fix","hypothesisId":"P","location":"Starship.LateUpdate","message":"pulse check: nt pose delta vs rb vel","data":{"hudPlanarSpeed":0.0258,"rbVelSpeed":0.0521,"posDeltaSpeed":0.2264,"trRbDelta":0.00071,"ntEnabled":true},"timestamp":1782766364964}
{"sessionId":"5484ca","runId":"bare-ngo","hypothesisId":"K","location":"Starship.LateUpdate","message":"rotation sample","data":{"trYaw":113.10,"rbYaw":113.10,"yawDelta":0.00,"bankAngVel":0.00,"bankAngle":F2},"timestamp":1782766364964}
{"sessionId":"5484ca","runId":"post-fix","hypothesisId":"A","location":"CameraController.LateUpdate","message":"camera follow sample","data":{"followJitter":0.00455,"trRbDelta":0.00000,"rawFollowX":135.02,"rawFollowZ":-95.57,"smoothedFollowX":135.02,"smoothedFollowZ":-F2},"timestamp":1782766364965}
{"sessionId":"5484ca","runId":"nt-fix","hypothesisId":"P","location":"Starship.LateUpdate","message":"pulse check: nt pose delta vs rb vel","data":{"hudPlanarSpeed":0.0225,"rbVelSpeed":0.0000,"posDeltaSpeed":0.1879,"trRbDelta":0.00000,"ntEnabled":true},"timestamp":1782766365127}
{"sessionId":"5484ca","runId":"bare-ngo","hypothesisId":"K","location":"Starship.LateUpdate","message":"rotation sample","data":{"trYaw":113.10,"rbYaw":113.10,"yawDelta":0.00,"bankAngVel":0.00,"bankAngle":F2},"timestamp":1782766365127}
{"sessionId":"5484ca","runId":"post-fix","hypothesisId":"A","location":"CameraController.LateUpdate","message":"camera follow sample","data":{"followJitter":0.00392,"trRbDelta":0.00000,"rawFollowX":135.02,"rawFollowZ":-95.56,"smoothedFollowX":135.02,"smoothedFollowZ":-F2},"timestamp":1782766365130}
{"sessionId":"5484ca","runId":"nt-fix","hypothesisId":"P","location":"Starship.LateUpdate","message":"pulse check: nt pose delta vs rb vel","data":{"hudPlanarSpeed":0.0288,"rbVelSpeed":0.0537,"posDeltaSpeed":0.2109,"trRbDelta":0.00018,"ntEnabled":true},"timestamp":1782766365295}
{"sessionId":"5484ca","runId":"bare-ngo","hypothesisId":"K","location":"Starship.LateUpdate","message":"rotation sample","data":{"trYaw":113.10,"rbYaw":113.10,"yawDelta":0.00,"bankAngVel":0.00,"bankAngle":F2},"timestamp":1782766365295}
{"sessionId":"5484ca","runId":"post-fix","hypothesisId":"A","location":"CameraController.LateUpdate","message":"camera follow sample","data":{"followJitter":0.00482,"trRbDelta":0.00000,"rawFollowX":135.01,"rawFollowZ":-95.56,"smoothedFollowX":135.01,"smoothedFollowZ":-F2},"timestamp":1782766365296}
{"sessionId":"5484ca","runId":"nt-fix","hypothesisId":"P","location":"Starship.LateUpdate","message":"pulse check: nt pose delta vs rb vel","data":{"hudPlanarSpeed":0.0169,"rbVelSpeed":0.0737,"posDeltaSpeed":0.0649,"trRbDelta":0.00020,"ntEnabled":true},"timestamp":1782766365474}
{"sessionId":"5484ca","runId":"bare-ngo","hypothesisId":"K","location":"Starship.LateUpdate","message":"rotation sample","data":{"trYaw":113.10,"rbYaw":113.10,"yawDelta":0.00,"bankAngVel":0.00,"bankAngle":F2},"timestamp":1782766365475}
{"sessionId":"5484ca","runId":"post-fix","hypothesisId":"A","location":"CameraController.LateUpdate","message":"camera follow sample","data":{"followJitter":0.00145,"trRbDelta":0.00000,"rawFollowX":135.01,"rawFollowZ":-95.56,"smoothedFollowX":135.01,"smoothedFollowZ":-F2},"timestamp":1782766365475}
{"sessionId":"5484ca","runId":"nt-fix","hypothesisId":"P","location":"Starship.LateUpdate","message":"pulse check: nt pose delta vs rb vel","data":{"hudPlanarSpeed":2.8676,"rbVelSpeed":3.4998,"posDeltaSpeed":28.3303,"trRbDelta":0.02317,"ntEnabled":true},"timestamp":1782766365650}
{"sessionId":"5484ca","runId":"bare-ngo","hypothesisId":"K","location":"Starship.LateUpdate","message":"rotation sample","data":{"trYaw":105.54,"rbYaw":105.28,"yawDelta":-0.26,"bankAngVel":-37.53,"bankAngle":-F2},"timestamp":1782766365651}
{"sessionId":"5484ca","runId":"post-fix","hypothesisId":"A","location":"CameraController.LateUpdate","message":"camera follow sample","data":{"followJitter":0.63262,"trRbDelta":0.00000,"rawFollowX":134.92,"rawFollowZ":-94.94,"smoothedFollowX":134.92,"smoothedFollowZ":-F2},"timestamp":1782766365651}
{"sessionId":"5484ca","runId":"nt-fix","hypothesisId":"P","location":"Starship.LateUpdate","message":"pulse check: nt pose delta vs rb vel","data":{"hudPlanarSpeed":9.4977,"rbVelSpeed":12.1446,"posDeltaSpeed":93.8865,"trRbDelta":0.00710,"ntEnabled":true},"timestamp":1782766365817}
{"sessionId":"5484ca","runId":"bare-ngo","hypothesisId":"K","location":"Starship.LateUpdate","message":"rotation sample","data":{"trYaw":100.97,"rbYaw":100.99,"yawDelta":0.02,"bankAngVel":-23.44,"bankAngle":-F2},"timestamp":1782766365817}
{"sessionId":"5484ca","runId":"post-fix","hypothesisId":"A","location":"CameraController.LateUpdate","message":"camera follow sample","data":{"followJitter":1.96944,"trRbDelta":0.00000,"rawFollowX":134.84,"rawFollowZ":-92.97,"smoothedFollowX":134.84,"smoothedFollowZ":-F2},"timestamp":1782766365818}
{"sessionId":"5484ca","runId":"nt-fix","hypothesisId":"P","location":"Starship.LateUpdate","message":"pulse check: nt pose delta vs rb vel","data":{"hudPlanarSpeed":8.2129,"rbVelSpeed":16.4524,"posDeltaSpeed":57.6827,"trRbDelta":0.19506,"ntEnabled":true},"timestamp":1782766365984}
{"sessionId":"5484ca","runId":"bare-ngo","hypothesisId":"K","location":"Starship.LateUpdate","message":"rotation sample","data":{"trYaw":106.12,"rbYaw":107.08,"yawDelta":0.96,"bankAngVel":21.18,"bankAngle":-F2},"timestamp":1782766365985}
{"sessionId":"5484ca","runId":"post-fix","hypothesisId":"A","location":"CameraController.LateUpdate","message":"camera follow sample","data":{"followJitter":1.21636,"trRbDelta":0.00000,"rawFollowX":134.88,"rawFollowZ":-91.75,"smoothedFollowX":134.88,"smoothedFollowZ":-F2},"timestamp":1782766365985}
{"sessionId":"5484ca","runId":"nt-fix","hypothesisId":"P","location":"Starship.LateUpdate","message":"pulse check: nt pose delta vs rb vel","data":{"hudPlanarSpeed":8.1793,"rbVelSpeed":3.8348,"posDeltaSpeed":75.2305,"trRbDelta":0.00223,"ntEnabled":true},"timestamp":1782766366156}
{"sessionId":"5484ca","runId":"bare-ngo","hypothesisId":"K","location":"Starship.LateUpdate","message":"rotation sample","data":{"trYaw":112.49,"rbYaw":112.50,"yawDelta":0.01,"bankAngVel":27.91,"bankAngle":F2},"timestamp":1782766366158}
{"sessionId":"5484ca","runId":"post-fix","hypothesisId":"A","location":"CameraController.LateUpdate","message":"camera follow sample","data":{"followJitter":1.61391,"trRbDelta":0.00000,"rawFollowX":135.00,"rawFollowZ":-90.14,"smoothedFollowX":135.00,"smoothedFollowZ":-F2},"timestamp":1782766366158}
{"sessionId":"5484ca","runId":"nt-fix","hypothesisId":"P","location":"Starship.LateUpdate","message":"pulse check: nt pose delta vs rb vel","data":{"hudPlanarSpeed":9.5444,"rbVelSpeed":8.4568,"posDeltaSpeed":78.4786,"trRbDelta":0.12076,"ntEnabled":true},"timestamp":1782766366323}
{"sessionId":"5484ca","runId":"bare-ngo","hypothesisId":"K","location":"Starship.LateUpdate","message":"rotation sample","data":{"trYaw":113.42,"rbYaw":113.45,"yawDelta":0.03,"bankAngVel":10.75,"bankAngle":F2},"timestamp":1782766366324}
{"sessionId":"5484ca","runId":"post-fix","hypothesisId":"A","location":"CameraController.LateUpdate","message":"camera follow sample","data":{"followJitter":1.56595,"trRbDelta":0.00000,"rawFollowX":135.14,"rawFollowZ":-88.58,"smoothedFollowX":135.14,"smoothedFollowZ":-F2},"timestamp":1782766366324}
{"sessionId":"5484ca","runId":"nt-fix","hypothesisId":"P","location":"Starship.LateUpdate","message":"pulse check: nt pose delta vs rb vel","data":{"hudPlanarSpeed":7.5099,"rbVelSpeed":12.2734,"posDeltaSpeed":48.4475,"trRbDelta":0.05346,"ntEnabled":true},"timestamp":1782766366493}
{"sessionId":"5484ca","runId":"bare-ngo","hypothesisId":"K","location":"Starship.LateUpdate","message":"rotation sample","data":{"trYaw":113.57,"rbYaw":113.57,"yawDelta":0.00,"bankAngVel":3.28,"bankAngle":F2},"timestamp":1782766366493}
{"sessionId":"5484ca","runId":"post-fix","hypothesisId":"A","location":"CameraController.LateUpdate","message":"camera follow sample","data":{"followJitter":1.04296,"trRbDelta":0.00000,"rawFollowX":135.23,"rawFollowZ":-87.54,"smoothedFollowX":135.23,"smoothedFollowZ":-F2},"timestamp":1782766366493}
{"sessionId":"5484ca","runId":"nt-fix","hypothesisId":"P","location":"Starship.LateUpdate","message":"pulse check: nt pose delta vs rb vel","data":{"hudPlanarSpeed":6.2232,"rbVelSpeed":2.2600,"posDeltaSpeed":47.6817,"trRbDelta":0.03022,"ntEnabled":true},"timestamp":1782766366663}
{"sessionId":"5484ca","runId":"bare-ngo","hypothesisId":"K","location":"Starship.LateUpdate","message":"rotation sample","data":{"trYaw":113.59,"rbYaw":113.59,"yawDelta":0.00,"bankAngVel":0.91,"bankAngle":F2},"timestamp":1782766366664}
{"sessionId":"5484ca","runId":"post-fix","hypothesisId":"A","location":"CameraController.LateUpdate","message":"camera follow sample","data":{"followJitter":1.11655,"trRbDelta":0.00000,"rawFollowX":135.32,"rawFollowZ":-86.43,"smoothedFollowX":135.32,"smoothedFollowZ":-F2},"timestamp":1782766366665}
{"sessionId":"5484ca","runId":"nt-fix","hypothesisId":"P","location":"Starship.LateUpdate","message":"pulse check: nt pose delta vs rb vel","data":{"hudPlanarSpeed":6.9679,"rbVelSpeed":5.4274,"posDeltaSpeed":53.8775,"trRbDelta":0.09695,"ntEnabled":true},"timestamp":1782766366819}
{"sessionId":"5484ca","runId":"bare-ngo","hypothesisId":"K","location":"Starship.LateUpdate","message":"rotation sample","data":{"trYaw":113.59,"rbYaw":113.59,"yawDelta":0.00,"bankAngVel":0.28,"bankAngle":F2},"timestamp":1782766366819}
{"sessionId":"5484ca","runId":"post-fix","hypothesisId":"A","location":"CameraController.LateUpdate","message":"camera follow sample","data":{"followJitter":1.08700,"trRbDelta":0.00000,"rawFollowX":135.41,"rawFollowZ":-85.35,"smoothedFollowX":135.41,"smoothedFollowZ":-F2},"timestamp":1782766366819}
{"sessionId":"5484ca","runId":"nt-fix","hypothesisId":"P","location":"Starship.LateUpdate","message":"pulse check: nt pose delta vs rb vel","data":{"hudPlanarSpeed":4.6601,"rbVelSpeed":7.3854,"posDeltaSpeed":27.2028,"trRbDelta":0.04493,"ntEnabled":true},"timestamp":1782766366970}
{"sessionId":"5484ca","runId":"bare-ngo","hypothesisId":"K","location":"Starship.LateUpdate","message":"rotation sample","data":{"trYaw":113.59,"rbYaw":113.59,"yawDelta":0.00,"bankAngVel":0.08,"bankAngle":F2},"timestamp":1782766366971}
{"sessionId":"5484ca","runId":"post-fix","hypothesisId":"A","location":"CameraController.LateUpdate","message":"camera follow sample","data":{"followJitter":0.52011,"trRbDelta":0.00000,"rawFollowX":135.46,"rawFollowZ":-84.83,"smoothedFollowX":135.46,"smoothedFollowZ":-F2},"timestamp":1782766366971}
{"sessionId":"5484ca","runId":"nt-fix","hypothesisId":"P","location":"Starship.LateUpdate","message":"pulse check: nt pose delta vs rb vel","data":{"hudPlanarSpeed":4.6732,"rbVelSpeed":2.2011,"posDeltaSpeed":43.1202,"trRbDelta":0.02913,"ntEnabled":true},"timestamp":1782766367123}
{"sessionId":"5484ca","runId":"bare-ngo","hypothesisId":"K","location":"Starship.LateUpdate","message":"rotation sample","data":{"trYaw":113.59,"rbYaw":113.59,"yawDelta":0.00,"bankAngVel":0.03,"bankAngle":F2},"timestamp":1782766367124}
{"sessionId":"5484ca","runId":"post-fix","hypothesisId":"A","location":"CameraController.LateUpdate","message":"camera follow sample","data":{"followJitter":0.79103,"trRbDelta":0.00000,"rawFollowX":135.53,"rawFollowZ":-84.04,"smoothedFollowX":135.53,"smoothedFollowZ":-F2},"timestamp":1782766367124}
{"sessionId":"5484ca","runId":"nt-fix","hypothesisId":"P","location":"Starship.LateUpdate","message":"pulse check: nt pose delta vs rb vel","data":{"hudPlanarSpeed":4.0446,"rbVelSpeed":4.7885,"posDeltaSpeed":25.2253,"trRbDelta":0.05242,"ntEnabled":true},"timestamp":1782766367285}
{"sessionId":"5484ca","runId":"bare-ngo","hypothesisId":"K","location":"Starship.LateUpdate","message":"rotation sample","data":{"trYaw":113.59,"rbYaw":113.59,"yawDelta":0.00,"bankAngVel":0.01,"bankAngle":F2},"timestamp":1782766367285}
{"sessionId":"5484ca","runId":"post-fix","hypothesisId":"A","location":"CameraController.LateUpdate","message":"camera follow sample","data":{"followJitter":0.53002,"trRbDelta":0.00000,"rawFollowX":135.57,"rawFollowZ":-83.51,"smoothedFollowX":135.57,"smoothedFollowZ":-F2},"timestamp":1782766367286}
{"sessionId":"5484ca","runId":"nt-fix","hypothesisId":"P","location":"Starship.LateUpdate","message":"pulse check: nt pose delta vs rb vel","data":{"hudPlanarSpeed":2.6235,"rbVelSpeed":0.8033,"posDeltaSpeed":17.7335,"trRbDelta":0.00590,"ntEnabled":true},"timestamp":1782766367450}
{"sessionId":"5484ca","runId":"bare-ngo","hypothesisId":"K","location":"Starship.LateUpdate","message":"rotation sample","data":{"trYaw":113.59,"rbYaw":113.59,"yawDelta":0.00,"bankAngVel":0.00,"bankAngle":F2},"timestamp":1782766367450}
{"sessionId":"5484ca","runId":"post-fix","hypothesisId":"A","location":"CameraController.LateUpdate","message":"camera follow sample","data":{"followJitter":0.36534,"trRbDelta":0.00000,"rawFollowX":135.60,"rawFollowZ":-83.15,"smoothedFollowX":135.60,"smoothedFollowZ":-F2},"timestamp":1782766367450}
{"sessionId":"5484ca","runId":"nt-fix","hypothesisId":"P","location":"Starship.LateUpdate","message":"pulse check: nt pose delta vs rb vel","data":{"hudPlanarSpeed":2.2609,"rbVelSpeed":1.1176,"posDeltaSpeed":20.0078,"trRbDelta":0.00296,"ntEnabled":true},"timestamp":1782766367612}
{"sessionId":"5484ca","runId":"bare-ngo","hypothesisId":"K","location":"Starship.LateUpdate","message":"rotation sample","data":{"trYaw":113.59,"rbYaw":113.59,"yawDelta":0.00,"bankAngVel":0.00,"bankAngle":F2},"timestamp":1782766367614}
{"sessionId":"5484ca","runId":"post-fix","hypothesisId":"A","location":"CameraController.LateUpdate","message":"camera follow sample","data":{"followJitter":0.37502,"trRbDelta":0.00000,"rawFollowX":135.63,"rawFollowZ":-82.78,"smoothedFollowX":135.63,"smoothedFollowZ":-F2},"timestamp":1782766367614}
{"sessionId":"5484ca","runId":"nt-fix","hypothesisId":"P","location":"Starship.LateUpdate","message":"pulse check: nt pose delta vs rb vel","data":{"hudPlanarSpeed":1.3869,"rbVelSpeed":0.7190,"posDeltaSpeed":7.4163,"trRbDelta":0.00031,"ntEnabled":true},"timestamp":1782766367776}
{"sessionId":"5484ca","runId":"bare-ngo","hypothesisId":"K","location":"Starship.LateUpdate","message":"rotation sample","data":{"trYaw":113.59,"rbYaw":113.59,"yawDelta":0.00,"bankAngVel":0.00,"bankAngle":F2},"timestamp":1782766367777}
{"sessionId":"5484ca","runId":"post-fix","hypothesisId":"A","location":"CameraController.LateUpdate","message":"camera follow sample","data":{"followJitter":0.15259,"trRbDelta":0.00000,"rawFollowX":135.65,"rawFollowZ":-82.62,"smoothedFollowX":135.65,"smoothedFollowZ":-F2},"timestamp":1782766367777}
{"sessionId":"5484ca","runId":"nt-fix","hypothesisId":"P","location":"Starship.LateUpdate","message":"pulse check: nt pose delta vs rb vel","data":{"hudPlanarSpeed":0.6355,"rbVelSpeed":0.0984,"posDeltaSpeed":2.4221,"trRbDelta":0.00162,"ntEnabled":true},"timestamp":1782766367941}
{"sessionId":"5484ca","runId":"bare-ngo","hypothesisId":"K","location":"Starship.LateUpdate","message":"rotation sample","data":{"trYaw":113.59,"rbYaw":113.59,"yawDelta":0.00,"bankAngVel":0.00,"bankAngle":F2},"timestamp":1782766367941}
{"sessionId":"5484ca","runId":"post-fix","hypothesisId":"A","location":"CameraController.LateUpdate","message":"camera follow sample","data":{"followJitter":0.04941,"trRbDelta":0.00000,"rawFollowX":135.65,"rawFollowZ":-82.58,"smoothedFollowX":135.65,"smoothedFollowZ":-F2},"timestamp":1782766367942}
{"sessionId":"5484ca","runId":"nt-fix","hypothesisId":"P","location":"Starship.LateUpdate","message":"pulse check: nt pose delta vs rb vel","data":{"hudPlanarSpeed":0.2351,"rbVelSpeed":0.0000,"posDeltaSpeed":0.4893,"trRbDelta":0.00000,"ntEnabled":true},"timestamp":1782766368111}
{"sessionId":"5484ca","runId":"bare-ngo","hypothesisId":"K","location":"Starship.LateUpdate","message":"rotation sample","data":{"trYaw":113.59,"rbYaw":113.59,"yawDelta":0.00,"bankAngVel":0.00,"bankAngle":F2},"timestamp":1782766368112}
{"sessionId":"5484ca","runId":"post-fix","hypothesisId":"A","location":"CameraController.LateUpdate","message":"camera follow sample","data":{"followJitter":0.00999,"trRbDelta":0.00000,"rawFollowX":135.65,"rawFollowZ":-82.57,"smoothedFollowX":135.65,"smoothedFollowZ":-F2},"timestamp":1782766368112}
{"sessionId":"5484ca","runId":"nt-fix","hypothesisId":"P","location":"Starship.LateUpdate","message":"pulse check: nt pose delta vs rb vel","data":{"hudPlanarSpeed":0.1050,"rbVelSpeed":0.0547,"posDeltaSpeed":0.2656,"trRbDelta":0.00010,"ntEnabled":true},"timestamp":1782766368276}
{"sessionId":"5484ca","runId":"bare-ngo","hypothesisId":"K","location":"Starship.LateUpdate","message":"rotation sample","data":{"trYaw":113.59,"rbYaw":113.59,"yawDelta":0.00,"bankAngVel":0.00,"bankAngle":F2},"timestamp":1782766368277}
{"sessionId":"5484ca","runId":"post-fix","hypothesisId":"A","location":"CameraController.LateUpdate","message":"camera follow sample","data":{"followJitter":0.00541,"trRbDelta":0.00000,"rawFollowX":135.65,"rawFollowZ":-82.56,"smoothedFollowX":135.65,"smoothedFollowZ":-F2},"timestamp":1782766368277}
{"sessionId":"5484ca","runId":"nt-fix","hypothesisId":"P","location":"Starship.LateUpdate","message":"pulse check: nt pose delta vs rb vel","data":{"hudPlanarSpeed":0.0362,"rbVelSpeed":0.0000,"posDeltaSpeed":0.0392,"trRbDelta":0.00000,"ntEnabled":true},"timestamp":1782766368443}
{"sessionId":"5484ca","runId":"bare-ngo","hypothesisId":"K","location":"Starship.LateUpdate","message":"rotation sample","data":{"trYaw":113.59,"rbYaw":113.59,"yawDelta":0.00,"bankAngVel":0.00,"bankAngle":F2},"timestamp":1782766368443}
{"sessionId":"5484ca","runId":"post-fix","hypothesisId":"A","location":"CameraController.LateUpdate","message":"camera follow sample","data":{"followJitter":0.00080,"trRbDelta":0.00000,"rawFollowX":135.65,"rawFollowZ":-82.56,"smoothedFollowX":135.65,"smoothedFollowZ":-F2},"timestamp":1782766368445}
{"sessionId":"5484ca","runId":"nt-fix","hypothesisId":"P","location":"Starship.LateUpdate","message":"pulse check: nt pose delta vs rb vel","data":{"hudPlanarSpeed":0.0238,"rbVelSpeed":0.0000,"posDeltaSpeed":0.2025,"trRbDelta":0.00002,"ntEnabled":true},"timestamp":1782766368624}
{"sessionId":"5484ca","runId":"bare-ngo","hypothesisId":"K","location":"Starship.LateUpdate","message":"rotation sample","data":{"trYaw":113.59,"rbYaw":113.59,"yawDelta":0.00,"bankAngVel":0.00,"bankAngle":F2},"timestamp":1782766368625}
{"sessionId":"5484ca","runId":"post-fix","hypothesisId":"A","location":"CameraController.LateUpdate","message":"camera follow sample","data":{"followJitter":0.00453,"trRbDelta":0.00000,"rawFollowX":135.65,"rawFollowZ":-82.55,"smoothedFollowX":135.65,"smoothedFollowZ":-F2},"timestamp":1782766368626}
{"sessionId":"5484ca","runId":"nt-fix","hypothesisId":"P","location":"Starship.LateUpdate","message":"pulse check: nt pose delta vs rb vel","data":{"hudPlanarSpeed":0.0332,"rbVelSpeed":0.0000,"posDeltaSpeed":0.2635,"trRbDelta":0.00000,"ntEnabled":true},"timestamp":1782766368801}
{"sessionId":"5484ca","runId":"bare-ngo","hypothesisId":"K","location":"Starship.LateUpdate","message":"rotation sample","data":{"trYaw":113.59,"rbYaw":113.59,"yawDelta":0.00,"bankAngVel":0.00,"bankAngle":F2},"timestamp":1782766368801}
{"sessionId":"5484ca","runId":"post-fix","hypothesisId":"A","location":"CameraController.LateUpdate","message":"camera follow sample","data":{"followJitter":0.00588,"trRbDelta":0.00000,"rawFollowX":135.65,"rawFollowZ":-82.55,"smoothedFollowX":135.65,"smoothedFollowZ":-F2},"timestamp":1782766368802}
{"sessionId":"5484ca","runId":"nt-fix","hypothesisId":"P","location":"Starship.LateUpdate","message":"pulse check: nt pose delta vs rb vel","data":{"hudPlanarSpeed":0.0110,"rbVelSpeed":0.0000,"posDeltaSpeed":0.0000,"trRbDelta":0.00000,"ntEnabled":true},"timestamp":1782766368964}
{"sessionId":"5484ca","runId":"bare-ngo","hypothesisId":"K","location":"Starship.LateUpdate","message":"rotation sample","data":{"trYaw":113.59,"rbYaw":113.59,"yawDelta":0.00,"bankAngVel":0.00,"bankAngle":F2},"timestamp":1782766368965}
{"sessionId":"5484ca","runId":"post-fix","hypothesisId":"A","location":"CameraController.LateUpdate","message":"camera follow sample","data":{"followJitter":0.00000,"trRbDelta":0.00000,"rawFollowX":135.65,"rawFollowZ":-82.55,"smoothedFollowX":135.65,"smoothedFollowZ":-F2},"timestamp":1782766368966}
{"sessionId":"5484ca","runId":"nt-fix","hypothesisId":"P","location":"Starship.LateUpdate","message":"pulse check: nt pose delta vs rb vel","data":{"hudPlanarSpeed":0.0192,"rbVelSpeed":0.0000,"posDeltaSpeed":0.2495,"trRbDelta":0.00000,"ntEnabled":true},"timestamp":1782766369129}
{"sessionId":"5484ca","runId":"bare-ngo","hypothesisId":"K","location":"Starship.LateUpdate","message":"rotation sample","data":{"trYaw":113.59,"rbYaw":113.59,"yawDelta":0.00,"bankAngVel":0.00,"bankAngle":F2},"timestamp":1782766369129}
{"sessionId":"5484ca","runId":"post-fix","hypothesisId":"A","location":"CameraController.LateUpdate","message":"camera follow sample","data":{"followJitter":0.00493,"trRbDelta":0.00000,"rawFollowX":135.65,"rawFollowZ":-82.54,"smoothedFollowX":135.65,"smoothedFollowZ":-F2},"timestamp":1782766369131}
{"sessionId":"5484ca","runId":"nt-fix","hypothesisId":"P","location":"Starship.LateUpdate","message":"pulse check: nt pose delta vs rb vel","data":{"hudPlanarSpeed":0.0313,"rbVelSpeed":0.0544,"posDeltaSpeed":0.2363,"trRbDelta":0.00010,"ntEnabled":true},"timestamp":1782766369296}
{"sessionId":"5484ca","runId":"bare-ngo","hypothesisId":"K","location":"Starship.LateUpdate","message":"rotation sample","data":{"trYaw":113.59,"rbYaw":113.59,"yawDelta":0.00,"bankAngVel":0.00,"bankAngle":F2},"timestamp":1782766369296}
{"sessionId":"5484ca","runId":"post-fix","hypothesisId":"A","location":"CameraController.LateUpdate","message":"camera follow sample","data":{"followJitter":0.00491,"trRbDelta":0.00000,"rawFollowX":135.65,"rawFollowZ":-82.54,"smoothedFollowX":135.65,"smoothedFollowZ":-F2},"timestamp":1782766369297}
{"sessionId":"5484ca","runId":"nt-fix","hypothesisId":"P","location":"Starship.LateUpdate","message":"pulse check: nt pose delta vs rb vel","data":{"hudPlanarSpeed":0.0161,"rbVelSpeed":0.0747,"posDeltaSpeed":0.0500,"trRbDelta":0.00051,"ntEnabled":true},"timestamp":1782766369471}
{"sessionId":"5484ca","runId":"bare-ngo","hypothesisId":"K","location":"Starship.LateUpdate","message":"rotation sample","data":{"trYaw":113.59,"rbYaw":113.59,"yawDelta":0.00,"bankAngVel":0.00,"bankAngle":F2},"timestamp":1782766369471}
{"sessionId":"5484ca","runId":"post-fix","hypothesisId":"A","location":"CameraController.LateUpdate","message":"camera follow sample","data":{"followJitter":0.00108,"trRbDelta":0.00000,"rawFollowX":135.65,"rawFollowZ":-82.54,"smoothedFollowX":135.65,"smoothedFollowZ":-F2},"timestamp":1782766369472}
{"sessionId":"5484ca","runId":"nt-fix","hypothesisId":"P","location":"Starship.LateUpdate","message":"pulse check: nt pose delta vs rb vel","data":{"hudPlanarSpeed":0.0173,"rbVelSpeed":0.0000,"posDeltaSpeed":0.2341,"trRbDelta":0.00000,"ntEnabled":true},"timestamp":1782766369643}
{"sessionId":"5484ca","runId":"bare-ngo","hypothesisId":"K","location":"Starship.LateUpdate","message":"rotation sample","data":{"trYaw":113.59,"rbYaw":113.59,"yawDelta":0.00,"bankAngVel":0.00,"bankAngle":F2},"timestamp":1782766369643}
{"sessionId":"5484ca","runId":"post-fix","hypothesisId":"A","location":"CameraController.LateUpdate","message":"camera follow sample","data":{"followJitter":0.00463,"trRbDelta":0.00000,"rawFollowX":135.65,"rawFollowZ":-82.53,"smoothedFollowX":135.65,"smoothedFollowZ":-F2},"timestamp":1782766369645}
{"sessionId":"5484ca","runId":"nt-fix","hypothesisId":"P","location":"Starship.LateUpdate","message":"pulse check: nt pose delta vs rb vel","data":{"hudPlanarSpeed":0.0303,"rbVelSpeed":0.0000,"posDeltaSpeed":0.2586,"trRbDelta":0.00000,"ntEnabled":true},"timestamp":1782766369814}
{"sessionId":"5484ca","runId":"bare-ngo","hypothesisId":"K","location":"Starship.LateUpdate","message":"rotation sample","data":{"trYaw":113.59,"rbYaw":113.59,"yawDelta":0.00,"bankAngVel":0.00,"bankAngle":F2},"timestamp":1782766369815}
{"sessionId":"5484ca","runId":"post-fix","hypothesisId":"A","location":"CameraController.LateUpdate","message":"camera follow sample","data":{"followJitter":0.00584,"trRbDelta":0.00000,"rawFollowX":135.65,"rawFollowZ":-82.53,"smoothedFollowX":135.65,"smoothedFollowZ":-F2},"timestamp":1782766369816}
{"sessionId":"5484ca","runId":"nt-fix","hypothesisId":"P","location":"Starship.LateUpdate","message":"pulse check: nt pose delta vs rb vel","data":{"hudPlanarSpeed":0.0237,"rbVelSpeed":0.0536,"posDeltaSpeed":0.1234,"trRbDelta":0.00060,"ntEnabled":true},"timestamp":1782766369985}
{"sessionId":"5484ca","runId":"bare-ngo","hypothesisId":"K","location":"Starship.LateUpdate","message":"rotation sample","data":{"trYaw":113.59,"rbYaw":113.59,"yawDelta":0.00,"bankAngVel":0.00,"bankAngle":F2},"timestamp":1782766369985}
{"sessionId":"5484ca","runId":"post-fix","hypothesisId":"A","location":"CameraController.LateUpdate","message":"camera follow sample","data":{"followJitter":0.00260,"trRbDelta":0.00000,"rawFollowX":135.66,"rawFollowZ":-82.52,"smoothedFollowX":135.66,"smoothedFollowZ":-F2},"timestamp":1782766369988}
{"sessionId":"5484ca","runId":"nt-fix","hypothesisId":"P","location":"Starship.LateUpdate","message":"pulse check: nt pose delta vs rb vel","data":{"hudPlanarSpeed":0.0163,"rbVelSpeed":0.0000,"posDeltaSpeed":0.1663,"trRbDelta":0.00001,"ntEnabled":true},"timestamp":1782766370160}
{"sessionId":"5484ca","runId":"bare-ngo","hypothesisId":"K","location":"Starship.LateUpdate","message":"rotation sample","data":{"trYaw":113.59,"rbYaw":113.59,"yawDelta":0.00,"bankAngVel":0.00,"bankAngle":F2},"timestamp":1782766370161}
{"sessionId":"5484ca","runId":"post-fix","hypothesisId":"A","location":"CameraController.LateUpdate","message":"camera follow sample","data":{"followJitter":0.00321,"trRbDelta":0.00000,"rawFollowX":135.66,"rawFollowZ":-82.52,"smoothedFollowX":135.66,"smoothedFollowZ":-F2},"timestamp":1782766370162}
{"sessionId":"5484ca","runId":"nt-fix","hypothesisId":"P","location":"Starship.LateUpdate","message":"pulse check: nt pose delta vs rb vel","data":{"hudPlanarSpeed":0.0278,"rbVelSpeed":0.0000,"posDeltaSpeed":0.2698,"trRbDelta":0.00000,"ntEnabled":true},"timestamp":1782766370325}
{"sessionId":"5484ca","runId":"bare-ngo","hypothesisId":"K","location":"Starship.LateUpdate","message":"rotation sample","data":{"trYaw":113.59,"rbYaw":113.59,"yawDelta":0.00,"bankAngVel":0.00,"bankAngle":F2},"timestamp":1782766370325}
{"sessionId":"5484ca","runId":"post-fix","hypothesisId":"A","location":"CameraController.LateUpdate","message":"camera follow sample","data":{"followJitter":0.00560,"trRbDelta":0.00000,"rawFollowX":135.66,"rawFollowZ":-82.52,"smoothedFollowX":135.66,"smoothedFollowZ":-F2},"timestamp":1782766370327}
{"sessionId":"5484ca","runId":"nt-fix","hypothesisId":"P","location":"Starship.LateUpdate","message":"pulse check: nt pose delta vs rb vel","data":{"hudPlanarSpeed":0.0284,"rbVelSpeed":0.0555,"posDeltaSpeed":0.1547,"trRbDelta":0.00028,"ntEnabled":true},"timestamp":1782766370516}
{"sessionId":"5484ca","runId":"bare-ngo","hypothesisId":"K","location":"Starship.LateUpdate","message":"rotation sample","data":{"trYaw":113.59,"rbYaw":113.59,"yawDelta":0.00,"bankAngVel":0.00,"bankAngle":F2},"timestamp":1782766370517}
{"sessionId":"5484ca","runId":"post-fix","hypothesisId":"A","location":"CameraController.LateUpdate","message":"camera follow sample","data":{"followJitter":0.00369,"trRbDelta":0.00000,"rawFollowX":135.66,"rawFollowZ":-82.51,"smoothedFollowX":135.66,"smoothedFollowZ":-F2},"timestamp":1782766370519}
{"sessionId":"5484ca","runId":"nt-fix","hypothesisId":"P","location":"Starship.LateUpdate","message":"pulse check: nt pose delta vs rb vel","data":{"hudPlanarSpeed":0.0153,"rbVelSpeed":0.0682,"posDeltaSpeed":0.1192,"trRbDelta":0.00093,"ntEnabled":true},"timestamp":1782766370724}
{"sessionId":"5484ca","runId":"bare-ngo","hypothesisId":"K","location":"Starship.LateUpdate","message":"rotation sample","data":{"trYaw":113.59,"rbYaw":113.59,"yawDelta":0.00,"bankAngVel":0.00,"bankAngle":F2},"timestamp":1782766370724}
{"sessionId":"5484ca","runId":"post-fix","hypothesisId":"A","location":"CameraController.LateUpdate","message":"camera follow sample","data":{"followJitter":0.00250,"trRbDelta":0.00000,"rawFollowX":135.66,"rawFollowZ":-82.51,"smoothedFollowX":135.66,"smoothedFollowZ":-F2},"timestamp":1782766370725}
{"sessionId":"5484ca","runId":"nt-fix","hypothesisId":"P","location":"Starship.LateUpdate","message":"pulse check: nt pose delta vs rb vel","data":{"hudPlanarSpeed":0.0127,"rbVelSpeed":0.0000,"posDeltaSpeed":0.1460,"trRbDelta":0.00000,"ntEnabled":true},"timestamp":1782766370895}
{"sessionId":"5484ca","runId":"bare-ngo","hypothesisId":"K","location":"Starship.LateUpdate","message":"rotation sample","data":{"trYaw":113.59,"rbYaw":113.59,"yawDelta":0.00,"bankAngVel":0.00,"bankAngle":F2},"timestamp":1782766370895}
{"sessionId":"5484ca","runId":"post-fix","hypothesisId":"A","location":"CameraController.LateUpdate","message":"camera follow sample","data":{"followJitter":0.00309,"trRbDelta":0.00000,"rawFollowX":135.66,"rawFollowZ":-82.51,"smoothedFollowX":135.66,"smoothedFollowZ":-F2},"timestamp":1782766370897}
{"sessionId":"5484ca","runId":"nt-fix","hypothesisId":"P","location":"Starship.LateUpdate","message":"pulse check: nt pose delta vs rb vel","data":{"hudPlanarSpeed":0.0239,"rbVelSpeed":0.0000,"posDeltaSpeed":0.2232,"trRbDelta":0.00000,"ntEnabled":true},"timestamp":1782766371072}
{"sessionId":"5484ca","runId":"bare-ngo","hypothesisId":"K","location":"Starship.LateUpdate","message":"rotation sample","data":{"trYaw":113.59,"rbYaw":113.59,"yawDelta":0.00,"bankAngVel":0.00,"bankAngle":F2},"timestamp":1782766371073}
{"sessionId":"5484ca","runId":"post-fix","hypothesisId":"A","location":"CameraController.LateUpdate","message":"camera follow sample","data":{"followJitter":0.00487,"trRbDelta":0.00000,"rawFollowX":135.66,"rawFollowZ":-82.50,"smoothedFollowX":135.66,"smoothedFollowZ":-F2},"timestamp":1782766371074}
{"sessionId":"5484ca","runId":"nt-fix","hypothesisId":"P","location":"Starship.LateUpdate","message":"pulse check: nt pose delta vs rb vel","data":{"hudPlanarSpeed":0.0291,"rbVelSpeed":0.0547,"posDeltaSpeed":0.1974,"trRbDelta":0.00048,"ntEnabled":true},"timestamp":1782766371248}
{"sessionId":"5484ca","runId":"bare-ngo","hypothesisId":"K","location":"Starship.LateUpdate","message":"rotation sample","data":{"trYaw":113.59,"rbYaw":113.59,"yawDelta":0.00,"bankAngVel":0.00,"bankAngle":F2},"timestamp":1782766371248}
{"sessionId":"5484ca","runId":"post-fix","hypothesisId":"A","location":"CameraController.LateUpdate","message":"camera follow sample","data":{"followJitter":0.00415,"trRbDelta":0.00000,"rawFollowX":135.66,"rawFollowZ":-82.50,"smoothedFollowX":135.66,"smoothedFollowZ":-F2},"timestamp":1782766371249}
{"sessionId":"5484ca","runId":"nt-fix","hypothesisId":"P","location":"Starship.LateUpdate","message":"pulse check: nt pose delta vs rb vel","data":{"hudPlanarSpeed":0.0178,"rbVelSpeed":0.0506,"posDeltaSpeed":0.1439,"trRbDelta":0.00067,"ntEnabled":true},"timestamp":1782766371423}
{"sessionId":"5484ca","runId":"bare-ngo","hypothesisId":"K","location":"Starship.LateUpdate","message":"rotation sample","data":{"trYaw":113.59,"rbYaw":113.59,"yawDelta":0.00,"bankAngVel":0.00,"bankAngle":F2},"timestamp":1782766371424}
{"sessionId":"5484ca","runId":"post-fix","hypothesisId":"A","location":"CameraController.LateUpdate","message":"camera follow sample","data":{"followJitter":0.00307,"trRbDelta":0.00000,"rawFollowX":135.66,"rawFollowZ":-82.49,"smoothedFollowX":135.66,"smoothedFollowZ":-F2},"timestamp":1782766371425}
{"sessionId":"5484ca","runId":"nt-fix","hypothesisId":"P","location":"Starship.LateUpdate","message":"pulse check: nt pose delta vs rb vel","data":{"hudPlanarSpeed":0.0194,"rbVelSpeed":0.0000,"posDeltaSpeed":0.1877,"trRbDelta":0.00000,"ntEnabled":true},"timestamp":1782766371599}
{"sessionId":"5484ca","runId":"bare-ngo","hypothesisId":"K","location":"Starship.LateUpdate","message":"rotation sample","data":{"trYaw":113.59,"rbYaw":113.59,"yawDelta":0.00,"bankAngVel":0.00,"bankAngle":F2},"timestamp":1782766371600}
{"sessionId":"5484ca","runId":"post-fix","hypothesisId":"A","location":"CameraController.LateUpdate","message":"camera follow sample","data":{"followJitter":0.00413,"trRbDelta":0.00000,"rawFollowX":135.66,"rawFollowZ":-82.49,"smoothedFollowX":135.66,"smoothedFollowZ":-F2},"timestamp":1782766371602}
{"sessionId":"5484ca","runId":"nt-fix","hypothesisId":"P","location":"Starship.LateUpdate","message":"pulse check: nt pose delta vs rb vel","data":{"hudPlanarSpeed":0.0260,"rbVelSpeed":0.0651,"posDeltaSpeed":0.1988,"trRbDelta":0.00064,"ntEnabled":true},"timestamp":1782766371767}
{"sessionId":"5484ca","runId":"bare-ngo","hypothesisId":"K","location":"Starship.LateUpdate","message":"rotation sample","data":{"trYaw":113.59,"rbYaw":113.59,"yawDelta":0.00,"bankAngVel":0.00,"bankAngle":F2},"timestamp":1782766371768}
{"sessionId":"5484ca","runId":"post-fix","hypothesisId":"A","location":"CameraController.LateUpdate","message":"camera follow sample","data":{"followJitter":0.00414,"trRbDelta":0.00000,"rawFollowX":135.66,"rawFollowZ":-82.49,"smoothedFollowX":135.66,"smoothedFollowZ":-F2},"timestamp":1782766371769}
{"sessionId":"5484ca","runId":"nt-fix","hypothesisId":"P","location":"Starship.LateUpdate","message":"pulse check: nt pose delta vs rb vel","data":{"hudPlanarSpeed":0.0172,"rbVelSpeed":0.0000,"posDeltaSpeed":0.1224,"trRbDelta":0.00000,"ntEnabled":true},"timestamp":1782766371936}
{"sessionId":"5484ca","runId":"bare-ngo","hypothesisId":"K","location":"Starship.LateUpdate","message":"rotation sample","data":{"trYaw":113.59,"rbYaw":113.59,"yawDelta":0.00,"bankAngVel":0.00,"bankAngle":F2},"timestamp":1782766371936}
{"sessionId":"5484ca","runId":"post-fix","hypothesisId":"A","location":"CameraController.LateUpdate","message":"camera follow sample","data":{"followJitter":0.00255,"trRbDelta":0.00000,"rawFollowX":135.66,"rawFollowZ":-82.48,"smoothedFollowX":135.66,"smoothedFollowZ":-F2},"timestamp":1782766371937}
{"sessionId":"5484ca","runId":"nt-fix","hypothesisId":"P","location":"Starship.LateUpdate","message":"pulse check: nt pose delta vs rb vel","data":{"hudPlanarSpeed":0.0243,"rbVelSpeed":0.0000,"posDeltaSpeed":0.2501,"trRbDelta":0.00000,"ntEnabled":true},"timestamp":1782766372106}
{"sessionId":"5484ca","runId":"bare-ngo","hypothesisId":"K","location":"Starship.LateUpdate","message":"rotation sample","data":{"trYaw":113.59,"rbYaw":113.59,"yawDelta":0.00,"bankAngVel":0.00,"bankAngle":F2},"timestamp":1782766372106}
{"sessionId":"5484ca","runId":"post-fix","hypothesisId":"A","location":"CameraController.LateUpdate","message":"camera follow sample","data":{"followJitter":0.00512,"trRbDelta":0.00000,"rawFollowX":135.66,"rawFollowZ":-82.48,"smoothedFollowX":135.66,"smoothedFollowZ":-F2},"timestamp":1782766372107}
{"sessionId":"5484ca","runId":"nt-fix","hypothesisId":"P","location":"Starship.LateUpdate","message":"pulse check: nt pose delta vs rb vel","data":{"hudPlanarSpeed":0.0286,"rbVelSpeed":0.0521,"posDeltaSpeed":0.2314,"trRbDelta":0.00076,"ntEnabled":true},"timestamp":1782766372283}
{"sessionId":"5484ca","runId":"bare-ngo","hypothesisId":"K","location":"Starship.LateUpdate","message":"rotation sample","data":{"trYaw":113.59,"rbYaw":113.59,"yawDelta":0.00,"bankAngVel":0.00,"bankAngle":F2},"timestamp":1782766372283}
{"sessionId":"5484ca","runId":"post-fix","hypothesisId":"A","location":"CameraController.LateUpdate","message":"camera follow sample","data":{"followJitter":0.00471,"trRbDelta":0.00000,"rawFollowX":135.66,"rawFollowZ":-82.47,"smoothedFollowX":135.66,"smoothedFollowZ":-F2},"timestamp":1782766372285}
{"sessionId":"5484ca","runId":"nt-fix","hypothesisId":"P","location":"Starship.LateUpdate","message":"pulse check: nt pose delta vs rb vel","data":{"hudPlanarSpeed":0.0127,"rbVelSpeed":0.0000,"posDeltaSpeed":0.0706,"trRbDelta":0.00000,"ntEnabled":true},"timestamp":1782766372451}
{"sessionId":"5484ca","runId":"bare-ngo","hypothesisId":"K","location":"Starship.LateUpdate","message":"rotation sample","data":{"trYaw":113.59,"rbYaw":113.59,"yawDelta":0.00,"bankAngVel":0.00,"bankAngle":F2},"timestamp":1782766372452}
{"sessionId":"5484ca","runId":"post-fix","hypothesisId":"A","location":"CameraController.LateUpdate","message":"camera follow sample","data":{"followJitter":0.00142,"trRbDelta":0.00000,"rawFollowX":135.66,"rawFollowZ":-82.47,"smoothedFollowX":135.66,"smoothedFollowZ":-F2},"timestamp":1782766372453}
{"sessionId":"5484ca","runId":"nt-fix","hypothesisId":"P","location":"Starship.LateUpdate","message":"pulse check: nt pose delta vs rb vel","data":{"hudPlanarSpeed":0.0139,"rbVelSpeed":0.0000,"posDeltaSpeed":0.1688,"trRbDelta":0.00000,"ntEnabled":true},"timestamp":1782766372613}
{"sessionId":"5484ca","runId":"bare-ngo","hypothesisId":"K","location":"Starship.LateUpdate","message":"rotation sample","data":{"trYaw":113.59,"rbYaw":113.59,"yawDelta":0.00,"bankAngVel":0.00,"bankAngle":F2},"timestamp":1782766372613}
{"sessionId":"5484ca","runId":"post-fix","hypothesisId":"A","location":"CameraController.LateUpdate","message":"camera follow sample","data":{"followJitter":0.00335,"trRbDelta":0.00000,"rawFollowX":135.66,"rawFollowZ":-82.47,"smoothedFollowX":135.66,"smoothedFollowZ":-F2},"timestamp":1782766372614}
{"sessionId":"5484ca","runId":"nt-fix","hypothesisId":"P","location":"Starship.LateUpdate","message":"pulse check: nt pose delta vs rb vel","data":{"hudPlanarSpeed":0.0272,"rbVelSpeed":0.0575,"posDeltaSpeed":0.2559,"trRbDelta":0.00025,"ntEnabled":true},"timestamp":1782766372772}
{"sessionId":"5484ca","runId":"bare-ngo","hypothesisId":"K","location":"Starship.LateUpdate","message":"rotation sample","data":{"trYaw":113.59,"rbYaw":113.59,"yawDelta":0.00,"bankAngVel":0.00,"bankAngle":F2},"timestamp":1782766372772}
{"sessionId":"5484ca","runId":"post-fix","hypothesisId":"A","location":"CameraController.LateUpdate","message":"camera follow sample","data":{"followJitter":0.00486,"trRbDelta":0.00000,"rawFollowX":135.66,"rawFollowZ":-82.46,"smoothedFollowX":135.66,"smoothedFollowZ":-F2},"timestamp":1782766372774}
{"sessionId":"5484ca","runId":"nt-fix","hypothesisId":"P","location":"Starship.LateUpdate","message":"pulse check: nt pose delta vs rb vel","data":{"hudPlanarSpeed":0.0162,"rbVelSpeed":0.0000,"posDeltaSpeed":0.1270,"trRbDelta":0.00000,"ntEnabled":true},"timestamp":1782766372933}
{"sessionId":"5484ca","runId":"bare-ngo","hypothesisId":"K","location":"Starship.LateUpdate","message":"rotation sample","data":{"trYaw":113.59,"rbYaw":113.59,"yawDelta":0.00,"bankAngVel":0.00,"bankAngle":F2},"timestamp":1782766372933}
{"sessionId":"5484ca","runId":"post-fix","hypothesisId":"A","location":"CameraController.LateUpdate","message":"camera follow sample","data":{"followJitter":0.00258,"trRbDelta":0.00000,"rawFollowX":135.66,"rawFollowZ":-82.46,"smoothedFollowX":135.66,"smoothedFollowZ":-F2},"timestamp":1782766372935}
{"sessionId":"5484ca","runId":"nt-fix","hypothesisId":"P","location":"Starship.LateUpdate","message":"pulse check: nt pose delta vs rb vel","data":{"hudPlanarSpeed":0.0234,"rbVelSpeed":0.0000,"posDeltaSpeed":0.2595,"trRbDelta":0.00000,"ntEnabled":true},"timestamp":1782766373089}
{"sessionId":"5484ca","runId":"bare-ngo","hypothesisId":"K","location":"Starship.LateUpdate","message":"rotation sample","data":{"trYaw":113.59,"rbYaw":113.59,"yawDelta":0.00,"bankAngVel":0.00,"bankAngle":F2},"timestamp":1782766373090}
{"sessionId":"5484ca","runId":"post-fix","hypothesisId":"A","location":"CameraController.LateUpdate","message":"camera follow sample","data":{"followJitter":0.00489,"trRbDelta":0.00000,"rawFollowX":135.66,"rawFollowZ":-82.46,"smoothedFollowX":135.66,"smoothedFollowZ":-F2},"timestamp":1782766373090}
{"sessionId":"5484ca","runId":"nt-fix","hypothesisId":"P","location":"Starship.LateUpdate","message":"pulse check: nt pose delta vs rb vel","data":{"hudPlanarSpeed":0.0227,"rbVelSpeed":0.0555,"posDeltaSpeed":0.1415,"trRbDelta":0.00067,"ntEnabled":true},"timestamp":1782766373244}
{"sessionId":"5484ca","runId":"bare-ngo","hypothesisId":"K","location":"Starship.LateUpdate","message":"rotation sample","data":{"trYaw":113.59,"rbYaw":113.59,"yawDelta":0.00,"bankAngVel":0.00,"bankAngle":F2},"timestamp":1782766373245}
{"sessionId":"5484ca","runId":"post-fix","hypothesisId":"A","location":"CameraController.LateUpdate","message":"camera follow sample","data":{"followJitter":0.00266,"trRbDelta":0.00000,"rawFollowX":135.66,"rawFollowZ":-82.45,"smoothedFollowX":135.66,"smoothedFollowZ":-F2},"timestamp":1782766373246}
{"sessionId":"5484ca","runId":"nt-fix","hypothesisId":"P","location":"Starship.LateUpdate","message":"pulse check: nt pose delta vs rb vel","data":{"hudPlanarSpeed":0.0157,"rbVelSpeed":0.0000,"posDeltaSpeed":0.1510,"trRbDelta":0.00001,"ntEnabled":true},"timestamp":1782766373403}
{"sessionId":"5484ca","runId":"bare-ngo","hypothesisId":"K","location":"Starship.LateUpdate","message":"rotation sample","data":{"trYaw":113.59,"rbYaw":113.59,"yawDelta":0.00,"bankAngVel":0.00,"bankAngle":F2},"timestamp":1782766373403}
{"sessionId":"5484ca","runId":"post-fix","hypothesisId":"A","location":"CameraController.LateUpdate","message":"camera follow sample","data":{"followJitter":0.00286,"trRbDelta":0.00000,"rawFollowX":135.66,"rawFollowZ":-82.45,"smoothedFollowX":135.66,"smoothedFollowZ":-F2},"timestamp":1782766373404}
{"sessionId":"5484ca","runId":"nt-fix","hypothesisId":"P","location":"Starship.LateUpdate","message":"pulse check: nt pose delta vs rb vel","data":{"hudPlanarSpeed":0.0213,"rbVelSpeed":0.0000,"posDeltaSpeed":0.1897,"trRbDelta":0.00000,"ntEnabled":true},"timestamp":1782766373560}
{"sessionId":"5484ca","runId":"bare-ngo","hypothesisId":"K","location":"Starship.LateUpdate","message":"rotation sample","data":{"trYaw":113.59,"rbYaw":113.59,"yawDelta":0.00,"bankAngVel":0.00,"bankAngle":F2},"timestamp":1782766373560}
{"sessionId":"5484ca","runId":"post-fix","hypothesisId":"A","location":"CameraController.LateUpdate","message":"camera follow sample","data":{"followJitter":0.00367,"trRbDelta":0.00000,"rawFollowX":135.66,"rawFollowZ":-82.45,"smoothedFollowX":135.66,"smoothedFollowZ":-F2},"timestamp":1782766373562}
{"sessionId":"5484ca","runId":"nt-fix","hypothesisId":"P","location":"Starship.LateUpdate","message":"pulse check: nt pose delta vs rb vel","data":{"hudPlanarSpeed":0.0215,"rbVelSpeed":0.0540,"posDeltaSpeed":0.1236,"trRbDelta":0.00002,"ntEnabled":true},"timestamp":1782766373713}
{"sessionId":"5484ca","runId":"bare-ngo","hypothesisId":"K","location":"Starship.LateUpdate","message":"rotation sample","data":{"trYaw":113.59,"rbYaw":113.59,"yawDelta":0.00,"bankAngVel":0.00,"bankAngle":F2},"timestamp":1782766373713}
{"sessionId":"5484ca","runId":"post-fix","hypothesisId":"A","location":"CameraController.LateUpdate","message":"camera follow sample","data":{"followJitter":0.00241,"trRbDelta":0.00000,"rawFollowX":135.66,"rawFollowZ":-82.45,"smoothedFollowX":135.66,"smoothedFollowZ":-F2},"timestamp":1782766373715}
{"sessionId":"5484ca","runId":"nt-fix","hypothesisId":"P","location":"Starship.LateUpdate","message":"pulse check: nt pose delta vs rb vel","data":{"hudPlanarSpeed":0.0229,"rbVelSpeed":0.0000,"posDeltaSpeed":0.2626,"trRbDelta":0.00000,"ntEnabled":true},"timestamp":1782766373871}
{"sessionId":"5484ca","runId":"bare-ngo","hypothesisId":"K","location":"Starship.LateUpdate","message":"rotation sample","data":{"trYaw":113.59,"rbYaw":113.59,"yawDelta":0.00,"bankAngVel":0.00,"bankAngle":F2},"timestamp":1782766373871}
{"sessionId":"5484ca","runId":"post-fix","hypothesisId":"A","location":"CameraController.LateUpdate","message":"camera follow sample","data":{"followJitter":0.00491,"trRbDelta":0.00000,"rawFollowX":135.66,"rawFollowZ":-82.44,"smoothedFollowX":135.66,"smoothedFollowZ":-F2},"timestamp":1782766373872}
{"sessionId":"5484ca","runId":"nt-fix","hypothesisId":"P","location":"Starship.LateUpdate","message":"pulse check: nt pose delta vs rb vel","data":{"hudPlanarSpeed":0.0282,"rbVelSpeed":0.0582,"posDeltaSpeed":0.1840,"trRbDelta":0.00061,"ntEnabled":true},"timestamp":1782766374027}
{"sessionId":"5484ca","runId":"bare-ngo","hypothesisId":"K","location":"Starship.LateUpdate","message":"rotation sample","data":{"trYaw":113.59,"rbYaw":113.59,"yawDelta":0.00,"bankAngVel":0.00,"bankAngle":F2},"timestamp":1782766374028}
{"sessionId":"5484ca","runId":"post-fix","hypothesisId":"A","location":"CameraController.LateUpdate","message":"camera follow sample","data":{"followJitter":0.00357,"trRbDelta":0.00000,"rawFollowX":135.66,"rawFollowZ":-82.44,"smoothedFollowX":135.66,"smoothedFollowZ":-F2},"timestamp":1782766374029}
{"sessionId":"5484ca","runId":"nt-fix","hypothesisId":"P","location":"Starship.LateUpdate","message":"pulse check: nt pose delta vs rb vel","data":{"hudPlanarSpeed":0.0165,"rbVelSpeed":0.0367,"posDeltaSpeed":0.1140,"trRbDelta":0.00036,"ntEnabled":true},"timestamp":1782766374186}
{"sessionId":"5484ca","runId":"bare-ngo","hypothesisId":"K","location":"Starship.LateUpdate","message":"rotation sample","data":{"trYaw":113.59,"rbYaw":113.59,"yawDelta":0.00,"bankAngVel":0.00,"bankAngle":F2},"timestamp":1782766374188}
{"sessionId":"5484ca","runId":"post-fix","hypothesisId":"A","location":"CameraController.LateUpdate","message":"camera follow sample","data":{"followJitter":0.00212,"trRbDelta":0.00000,"rawFollowX":135.66,"rawFollowZ":-82.43,"smoothedFollowX":135.66,"smoothedFollowZ":-F2},"timestamp":1782766374189}
{"sessionId":"5484ca","runId":"nt-fix","hypothesisId":"P","location":"Starship.LateUpdate","message":"pulse check: nt pose delta vs rb vel","data":{"hudPlanarSpeed":0.0237,"rbVelSpeed":0.0000,"posDeltaSpeed":0.2308,"trRbDelta":0.00000,"ntEnabled":true},"timestamp":1782766374350}
{"sessionId":"5484ca","runId":"bare-ngo","hypothesisId":"K","location":"Starship.LateUpdate","message":"rotation sample","data":{"trYaw":113.59,"rbYaw":113.59,"yawDelta":0.00,"bankAngVel":0.00,"bankAngle":F2},"timestamp":1782766374350}
{"sessionId":"5484ca","runId":"post-fix","hypothesisId":"A","location":"CameraController.LateUpdate","message":"camera follow sample","data":{"followJitter":0.00523,"trRbDelta":0.00000,"rawFollowX":135.66,"rawFollowZ":-82.43,"smoothedFollowX":135.66,"smoothedFollowZ":-F2},"timestamp":1782766374351}
{"sessionId":"5484ca","runId":"nt-fix","hypothesisId":"P","location":"Starship.LateUpdate","message":"pulse check: nt pose delta vs rb vel","data":{"hudPlanarSpeed":0.0220,"rbVelSpeed":0.0000,"posDeltaSpeed":0.1294,"trRbDelta":0.00000,"ntEnabled":true},"timestamp":1782766374507}
{"sessionId":"5484ca","runId":"bare-ngo","hypothesisId":"K","location":"Starship.LateUpdate","message":"rotation sample","data":{"trYaw":113.59,"rbYaw":113.59,"yawDelta":0.00,"bankAngVel":0.00,"bankAngle":F2},"timestamp":1782766374508}
{"sessionId":"5484ca","runId":"post-fix","hypothesisId":"A","location":"CameraController.LateUpdate","message":"camera follow sample","data":{"followJitter":0.00251,"trRbDelta":0.00000,"rawFollowX":135.66,"rawFollowZ":-82.43,"smoothedFollowX":135.66,"smoothedFollowZ":-F2},"timestamp":1782766374509}
{"sessionId":"5484ca","runId":"nt-fix","hypothesisId":"P","location":"Starship.LateUpdate","message":"pulse check: nt pose delta vs rb vel","data":{"hudPlanarSpeed":0.0166,"rbVelSpeed":0.0674,"posDeltaSpeed":0.1094,"trRbDelta":0.00033,"ntEnabled":true},"timestamp":1782766374671}
{"sessionId":"5484ca","runId":"bare-ngo","hypothesisId":"K","location":"Starship.LateUpdate","message":"rotation sample","data":{"trYaw":113.59,"rbYaw":113.59,"yawDelta":0.00,"bankAngVel":0.00,"bankAngle":F2},"timestamp":1782766374672}
{"sessionId":"5484ca","runId":"post-fix","hypothesisId":"A","location":"CameraController.LateUpdate","message":"camera follow sample","data":{"followJitter":0.00217,"trRbDelta":0.00000,"rawFollowX":135.66,"rawFollowZ":-82.43,"smoothedFollowX":135.66,"smoothedFollowZ":-F2},"timestamp":1782766374673}
{"sessionId":"5484ca","runId":"nt-fix","hypothesisId":"P","location":"Starship.LateUpdate","message":"pulse check: nt pose delta vs rb vel","data":{"hudPlanarSpeed":0.0291,"rbVelSpeed":0.0000,"posDeltaSpeed":0.3245,"trRbDelta":0.00000,"ntEnabled":true},"timestamp":1782766374829}
{"sessionId":"5484ca","runId":"bare-ngo","hypothesisId":"K","location":"Starship.LateUpdate","message":"rotation sample","data":{"trYaw":113.59,"rbYaw":113.59,"yawDelta":0.00,"bankAngVel":0.00,"bankAngle":F2},"timestamp":1782766374829}
{"sessionId":"5484ca","runId":"post-fix","hypothesisId":"A","location":"CameraController.LateUpdate","message":"camera follow sample","data":{"followJitter":0.00643,"trRbDelta":0.00000,"rawFollowX":135.66,"rawFollowZ":-82.42,"smoothedFollowX":135.66,"smoothedFollowZ":-F2},"timestamp":1782766374830}
{"sessionId":"5484ca","runId":"nt-fix","hypothesisId":"P","location":"Starship.LateUpdate","message":"pulse check: nt pose delta vs rb vel","data":{"hudPlanarSpeed":0.0231,"rbVelSpeed":0.0716,"posDeltaSpeed":0.1137,"trRbDelta":0.00080,"ntEnabled":true},"timestamp":1782766374985}
{"sessionId":"5484ca","runId":"bare-ngo","hypothesisId":"K","location":"Starship.LateUpdate","message":"rotation sample","data":{"trYaw":113.59,"rbYaw":113.59,"yawDelta":0.00,"bankAngVel":0.00,"bankAngle":F2},"timestamp":1782766374985}
{"sessionId":"5484ca","runId":"post-fix","hypothesisId":"A","location":"CameraController.LateUpdate","message":"camera follow sample","data":{"followJitter":0.00215,"trRbDelta":0.00000,"rawFollowX":135.66,"rawFollowZ":-82.42,"smoothedFollowX":135.66,"smoothedFollowZ":-F2},"timestamp":1782766374987}
{"sessionId":"5484ca","runId":"nt-fix","hypothesisId":"P","location":"Starship.LateUpdate","message":"pulse check: nt pose delta vs rb vel","data":{"hudPlanarSpeed":0.0155,"rbVelSpeed":0.0000,"posDeltaSpeed":0.1460,"trRbDelta":0.00000,"ntEnabled":true},"timestamp":1782766375144}
{"sessionId":"5484ca","runId":"bare-ngo","hypothesisId":"K","location":"Starship.LateUpdate","message":"rotation sample","data":{"trYaw":113.59,"rbYaw":113.59,"yawDelta":0.00,"bankAngVel":0.00,"bankAngle":F2},"timestamp":1782766375145}
{"sessionId":"5484ca","runId":"post-fix","hypothesisId":"A","location":"CameraController.LateUpdate","message":"camera follow sample","data":{"followJitter":0.00275,"trRbDelta":0.00000,"rawFollowX":135.66,"rawFollowZ":-82.41,"smoothedFollowX":135.66,"smoothedFollowZ":-F2},"timestamp":1782766375146}
{"sessionId":"5484ca","runId":"nt-fix","hypothesisId":"P","location":"Starship.LateUpdate","message":"pulse check: nt pose delta vs rb vel","data":{"hudPlanarSpeed":0.0314,"rbVelSpeed":0.0000,"posDeltaSpeed":0.2941,"trRbDelta":0.00000,"ntEnabled":true},"timestamp":1782766375303}
{"sessionId":"5484ca","runId":"bare-ngo","hypothesisId":"K","location":"Starship.LateUpdate","message":"rotation sample","data":{"trYaw":113.59,"rbYaw":113.59,"yawDelta":0.00,"bankAngVel":0.00,"bankAngle":F2},"timestamp":1782766375303}
{"sessionId":"5484ca","runId":"post-fix","hypothesisId":"A","location":"CameraController.LateUpdate","message":"camera follow sample","data":{"followJitter":0.00570,"trRbDelta":0.00000,"rawFollowX":135.67,"rawFollowZ":-82.41,"smoothedFollowX":135.67,"smoothedFollowZ":-F2},"timestamp":1782766375304}
{"sessionId":"5484ca","runId":"nt-fix","hypothesisId":"P","location":"Starship.LateUpdate","message":"pulse check: nt pose delta vs rb vel","data":{"hudPlanarSpeed":0.0128,"rbVelSpeed":0.0655,"posDeltaSpeed":0.0138,"trRbDelta":0.00103,"ntEnabled":true},"timestamp":1782766375461}
{"sessionId":"5484ca","runId":"bare-ngo","hypothesisId":"K","location":"Starship.LateUpdate","message":"rotation sample","data":{"trYaw":113.59,"rbYaw":113.59,"yawDelta":0.00,"bankAngVel":0.00,"bankAngle":F2},"timestamp":1782766375461}
{"sessionId":"5484ca","runId":"post-fix","hypothesisId":"A","location":"CameraController.LateUpdate","message":"camera follow sample","data":{"followJitter":0.00028,"trRbDelta":0.00000,"rawFollowX":135.67,"rawFollowZ":-82.41,"smoothedFollowX":135.67,"smoothedFollowZ":-F2},"timestamp":1782766375463}
{"sessionId":"5484ca","runId":"nt-fix","hypothesisId":"P","location":"Starship.LateUpdate","message":"pulse check: nt pose delta vs rb vel","data":{"hudPlanarSpeed":0.0168,"rbVelSpeed":0.0000,"posDeltaSpeed":0.2098,"trRbDelta":0.00000,"ntEnabled":true},"timestamp":1782766375618}
{"sessionId":"5484ca","runId":"bare-ngo","hypothesisId":"K","location":"Starship.LateUpdate","message":"rotation sample","data":{"trYaw":113.59,"rbYaw":113.59,"yawDelta":0.00,"bankAngVel":0.00,"bankAngle":F2},"timestamp":1782766375618}
{"sessionId":"5484ca","runId":"post-fix","hypothesisId":"A","location":"CameraController.LateUpdate","message":"camera follow sample","data":{"followJitter":0.00408,"trRbDelta":0.00000,"rawFollowX":135.67,"rawFollowZ":-82.40,"smoothedFollowX":135.67,"smoothedFollowZ":-F2},"timestamp":1782766375619}
{"sessionId":"5484ca","runId":"nt-fix","hypothesisId":"P","location":"Starship.LateUpdate","message":"pulse check: nt pose delta vs rb vel","data":{"hudPlanarSpeed":0.0319,"rbVelSpeed":0.0540,"posDeltaSpeed":0.2488,"trRbDelta":0.00013,"ntEnabled":true},"timestamp":1782766375773}
{"sessionId":"5484ca","runId":"bare-ngo","hypothesisId":"K","location":"Starship.LateUpdate","message":"rotation sample","data":{"trYaw":113.59,"rbYaw":113.59,"yawDelta":0.00,"bankAngVel":0.00,"bankAngle":F2},"timestamp":1782766375774}
{"sessionId":"5484ca","runId":"post-fix","hypothesisId":"A","location":"CameraController.LateUpdate","message":"camera follow sample","data":{"followJitter":0.00502,"trRbDelta":0.00000,"rawFollowX":135.67,"rawFollowZ":-82.40,"smoothedFollowX":135.67,"smoothedFollowZ":-F2},"timestamp":1782766375775}
{"sessionId":"5484ca","runId":"nt-fix","hypothesisId":"P","location":"Starship.LateUpdate","message":"pulse check: nt pose delta vs rb vel","data":{"hudPlanarSpeed":0.0172,"rbVelSpeed":0.0000,"posDeltaSpeed":0.1005,"trRbDelta":0.00000,"ntEnabled":true},"timestamp":1782766375929}
{"sessionId":"5484ca","runId":"bare-ngo","hypothesisId":"K","location":"Starship.LateUpdate","message":"rotation sample","data":{"trYaw":113.59,"rbYaw":113.59,"yawDelta":0.00,"bankAngVel":0.00,"bankAngle":F2},"timestamp":1782766375929}
{"sessionId":"5484ca","runId":"post-fix","hypothesisId":"A","location":"CameraController.LateUpdate","message":"camera follow sample","data":{"followJitter":0.00209,"trRbDelta":0.00000,"rawFollowX":135.67,"rawFollowZ":-82.40,"smoothedFollowX":135.67,"smoothedFollowZ":-F2},"timestamp":1782766375930}
{"sessionId":"5484ca","runId":"nt-fix","hypothesisId":"P","location":"Starship.LateUpdate","message":"pulse check: nt pose delta vs rb vel","data":{"hudPlanarSpeed":0.0241,"rbVelSpeed":0.0000,"posDeltaSpeed":0.2476,"trRbDelta":0.00000,"ntEnabled":true},"timestamp":1782766376083}
{"sessionId":"5484ca","runId":"bare-ngo","hypothesisId":"K","location":"Starship.LateUpdate","message":"rotation sample","data":{"trYaw":113.59,"rbYaw":113.59,"yawDelta":0.00,"bankAngVel":0.00,"bankAngle":F2},"timestamp":1782766376083}
{"sessionId":"5484ca","runId":"post-fix","hypothesisId":"A","location":"CameraController.LateUpdate","message":"camera follow sample","data":{"followJitter":0.00488,"trRbDelta":0.00000,"rawFollowX":135.67,"rawFollowZ":-82.39,"smoothedFollowX":135.67,"smoothedFollowZ":-F2},"timestamp":1782766376085}
{"sessionId":"5484ca","runId":"nt-fix","hypothesisId":"P","location":"Starship.LateUpdate","message":"pulse check: nt pose delta vs rb vel","data":{"hudPlanarSpeed":0.0196,"rbVelSpeed":0.0716,"posDeltaSpeed":0.0977,"trRbDelta":0.00116,"ntEnabled":true},"timestamp":1782766376241}
{"sessionId":"5484ca","runId":"bare-ngo","hypothesisId":"K","location":"Starship.LateUpdate","message":"rotation sample","data":{"trYaw":113.59,"rbYaw":113.59,"yawDelta":0.00,"bankAngVel":0.00,"bankAngle":F2},"timestamp":1782766376242}
{"sessionId":"5484ca","runId":"post-fix","hypothesisId":"A","location":"CameraController.LateUpdate","message":"camera follow sample","data":{"followJitter":0.00182,"trRbDelta":0.00000,"rawFollowX":135.67,"rawFollowZ":-82.39,"smoothedFollowX":135.67,"smoothedFollowZ":-F2},"timestamp":1782766376243}
{"sessionId":"5484ca","runId":"nt-fix","hypothesisId":"P","location":"Starship.LateUpdate","message":"pulse check: nt pose delta vs rb vel","data":{"hudPlanarSpeed":0.0163,"rbVelSpeed":0.0000,"posDeltaSpeed":0.1584,"trRbDelta":0.00000,"ntEnabled":true},"timestamp":1782766376399}
{"sessionId":"5484ca","runId":"bare-ngo","hypothesisId":"K","location":"Starship.LateUpdate","message":"rotation sample","data":{"trYaw":113.59,"rbYaw":113.59,"yawDelta":0.00,"bankAngVel":0.00,"bankAngle":F2},"timestamp":1782766376399}
{"sessionId":"5484ca","runId":"post-fix","hypothesisId":"A","location":"CameraController.LateUpdate","message":"camera follow sample","data":{"followJitter":0.00327,"trRbDelta":0.00000,"rawFollowX":135.67,"rawFollowZ":-82.39,"smoothedFollowX":135.67,"smoothedFollowZ":-F2},"timestamp":1782766376400}
{"sessionId":"5484ca","runId":"nt-fix","hypothesisId":"P","location":"Starship.LateUpdate","message":"pulse check: nt pose delta vs rb vel","data":{"hudPlanarSpeed":0.0288,"rbVelSpeed":0.0000,"posDeltaSpeed":0.2732,"trRbDelta":0.00000,"ntEnabled":true},"timestamp":1782766376558}
{"sessionId":"5484ca","runId":"bare-ngo","hypothesisId":"K","location":"Starship.LateUpdate","message":"rotation sample","data":{"trYaw":113.59,"rbYaw":113.59,"yawDelta":0.00,"bankAngVel":0.00,"bankAngle":F2},"timestamp":1782766376559}
{"sessionId":"5484ca","runId":"post-fix","hypothesisId":"A","location":"CameraController.LateUpdate","message":"camera follow sample","data":{"followJitter":0.00515,"trRbDelta":0.00000,"rawFollowX":135.67,"rawFollowZ":-82.38,"smoothedFollowX":135.67,"smoothedFollowZ":-F2},"timestamp":1782766376560}
{"sessionId":"5484ca","runId":"nt-fix","hypothesisId":"P","location":"Starship.LateUpdate","message":"pulse check: nt pose delta vs rb vel","data":{"hudPlanarSpeed":0.0165,"rbVelSpeed":0.0000,"posDeltaSpeed":0.0630,"trRbDelta":0.00000,"ntEnabled":true},"timestamp":1782766376714}
{"sessionId":"5484ca","runId":"bare-ngo","hypothesisId":"K","location":"Starship.LateUpdate","message":"rotation sample","data":{"trYaw":113.59,"rbYaw":113.59,"yawDelta":0.00,"bankAngVel":0.00,"bankAngle":F2},"timestamp":1782766376714}
{"sessionId":"5484ca","runId":"post-fix","hypothesisId":"A","location":"CameraController.LateUpdate","message":"camera follow sample","data":{"followJitter":0.00117,"trRbDelta":0.00000,"rawFollowX":135.67,"rawFollowZ":-82.38,"smoothedFollowX":135.67,"smoothedFollowZ":-F2},"timestamp":1782766376715}
{"sessionId":"5484ca","runId":"nt-fix","hypothesisId":"P","location":"Starship.LateUpdate","message":"pulse check: nt pose delta vs rb vel","data":{"hudPlanarSpeed":0.0191,"rbVelSpeed":0.0000,"posDeltaSpeed":0.2187,"trRbDelta":0.00000,"ntEnabled":true},"timestamp":1782766376871}
{"sessionId":"5484ca","runId":"bare-ngo","hypothesisId":"K","location":"Starship.LateUpdate","message":"rotation sample","data":{"trYaw":113.59,"rbYaw":113.59,"yawDelta":0.00,"bankAngVel":0.00,"bankAngle":F2},"timestamp":1782766376872}
{"sessionId":"5484ca","runId":"post-fix","hypothesisId":"A","location":"CameraController.LateUpdate","message":"camera follow sample","data":{"followJitter":0.00430,"trRbDelta":0.00000,"rawFollowX":135.67,"rawFollowZ":-82.38,"smoothedFollowX":135.67,"smoothedFollowZ":-F2},"timestamp":1782766376872}
{"sessionId":"5484ca","runId":"nt-fix","hypothesisId":"P","location":"Starship.LateUpdate","message":"pulse check: nt pose delta vs rb vel","data":{"hudPlanarSpeed":0.0286,"rbVelSpeed":0.0471,"posDeltaSpeed":0.2211,"trRbDelta":0.00040,"ntEnabled":true},"timestamp":1782766377028}
{"sessionId":"5484ca","runId":"bare-ngo","hypothesisId":"K","location":"Starship.LateUpdate","message":"rotation sample","data":{"trYaw":113.59,"rbYaw":113.59,"yawDelta":0.00,"bankAngVel":0.00,"bankAngle":F2},"timestamp":1782766377029}
{"sessionId":"5484ca","runId":"post-fix","hypothesisId":"A","location":"CameraController.LateUpdate","message":"camera follow sample","data":{"followJitter":0.00422,"trRbDelta":0.00000,"rawFollowX":135.67,"rawFollowZ":-82.37,"smoothedFollowX":135.67,"smoothedFollowZ":-F2},"timestamp":1782766377029}
{"sessionId":"5484ca","runId":"nt-fix","hypothesisId":"P","location":"Starship.LateUpdate","message":"pulse check: nt pose delta vs rb vel","data":{"hudPlanarSpeed":0.0142,"rbVelSpeed":0.0528,"posDeltaSpeed":0.0448,"trRbDelta":0.00053,"ntEnabled":true},"timestamp":1782766377187}
{"sessionId":"5484ca","runId":"bare-ngo","hypothesisId":"K","location":"Starship.LateUpdate","message":"rotation sample","data":{"trYaw":113.59,"rbYaw":113.59,"yawDelta":0.00,"bankAngVel":0.00,"bankAngle":F2},"timestamp":1782766377187}
{"sessionId":"5484ca","runId":"post-fix","hypothesisId":"A","location":"CameraController.LateUpdate","message":"camera follow sample","data":{"followJitter":0.00093,"trRbDelta":0.00000,"rawFollowX":135.67,"rawFollowZ":-82.37,"smoothedFollowX":135.67,"smoothedFollowZ":-F2},"timestamp":1782766377189}
{"sessionId":"5484ca","runId":"nt-fix","hypothesisId":"P","location":"Starship.LateUpdate","message":"pulse check: nt pose delta vs rb vel","data":{"hudPlanarSpeed":0.0258,"rbVelSpeed":0.0000,"posDeltaSpeed":0.3057,"trRbDelta":0.00000,"ntEnabled":true},"timestamp":1782766377350}
{"sessionId":"5484ca","runId":"bare-ngo","hypothesisId":"K","location":"Starship.LateUpdate","message":"rotation sample","data":{"trYaw":113.59,"rbYaw":113.59,"yawDelta":0.00,"bankAngVel":0.00,"bankAngle":F2},"timestamp":1782766377351}
{"sessionId":"5484ca","runId":"post-fix","hypothesisId":"A","location":"CameraController.LateUpdate","message":"camera follow sample","data":{"followJitter":0.00591,"trRbDelta":0.00000,"rawFollowX":135.67,"rawFollowZ":-82.37,"smoothedFollowX":135.67,"smoothedFollowZ":-F2},"timestamp":1782766377352}
{"sessionId":"5484ca","runId":"nt-fix","hypothesisId":"P","location":"Starship.LateUpdate","message":"pulse check: nt pose delta vs rb vel","data":{"hudPlanarSpeed":0.0293,"rbVelSpeed":0.0609,"posDeltaSpeed":0.1922,"trRbDelta":0.00042,"ntEnabled":true},"timestamp":1782766377509}
{"sessionId":"5484ca","runId":"bare-ngo","hypothesisId":"K","location":"Starship.LateUpdate","message":"rotation sample","data":{"trYaw":113.59,"rbYaw":113.59,"yawDelta":0.00,"bankAngVel":0.00,"bankAngle":F2},"timestamp":1782766377509}
{"sessionId":"5484ca","runId":"post-fix","hypothesisId":"A","location":"CameraController.LateUpdate","message":"camera follow sample","data":{"followJitter":0.00369,"trRbDelta":0.00000,"rawFollowX":135.67,"rawFollowZ":-82.36,"smoothedFollowX":135.67,"smoothedFollowZ":-F2},"timestamp":1782766377511}
{"sessionId":"5484ca","runId":"nt-fix","hypothesisId":"P","location":"Starship.LateUpdate","message":"pulse check: nt pose delta vs rb vel","data":{"hudPlanarSpeed":0.0218,"rbVelSpeed":0.0517,"posDeltaSpeed":0.1635,"trRbDelta":0.00007,"ntEnabled":true},"timestamp":1782766377675}
{"sessionId":"5484ca","runId":"bare-ngo","hypothesisId":"K","location":"Starship.LateUpdate","message":"rotation sample","data":{"trYaw":113.59,"rbYaw":113.59,"yawDelta":0.00,"bankAngVel":0.00,"bankAngle":F2},"timestamp":1782766377675}
{"sessionId":"5484ca","runId":"post-fix","hypothesisId":"A","location":"CameraController.LateUpdate","message":"camera follow sample","data":{"followJitter":0.00329,"trRbDelta":0.00000,"rawFollowX":135.67,"rawFollowZ":-82.36,"smoothedFollowX":135.67,"smoothedFollowZ":-F2},"timestamp":1782766377675}
{"sessionId":"5484ca","runId":"nt-fix","hypothesisId":"P","location":"Starship.LateUpdate","message":"pulse check: nt pose delta vs rb vel","data":{"hudPlanarSpeed":0.0242,"rbVelSpeed":0.0000,"posDeltaSpeed":0.2243,"trRbDelta":0.00000,"ntEnabled":true},"timestamp":1782766377838}
{"sessionId":"5484ca","runId":"bare-ngo","hypothesisId":"K","location":"Starship.LateUpdate","message":"rotation sample","data":{"trYaw":113.59,"rbYaw":113.59,"yawDelta":0.00,"bankAngVel":0.00,"bankAngle":F2},"timestamp":1782766377839}
{"sessionId":"5484ca","runId":"post-fix","hypothesisId":"A","location":"CameraController.LateUpdate","message":"camera follow sample","data":{"followJitter":0.00459,"trRbDelta":0.00000,"rawFollowX":135.67,"rawFollowZ":-82.35,"smoothedFollowX":135.67,"smoothedFollowZ":-F2},"timestamp":1782766377840}
{"sessionId":"5484ca","runId":"nt-fix","hypothesisId":"P","location":"Starship.LateUpdate","message":"pulse check: nt pose delta vs rb vel","data":{"hudPlanarSpeed":0.0167,"rbVelSpeed":0.0586,"posDeltaSpeed":0.0772,"trRbDelta":0.00100,"ntEnabled":true},"timestamp":1782766377999}
{"sessionId":"5484ca","runId":"bare-ngo","hypothesisId":"K","location":"Starship.LateUpdate","message":"rotation sample","data":{"trYaw":113.59,"rbYaw":113.59,"yawDelta":0.00,"bankAngVel":0.00,"bankAngle":F2},"timestamp":1782766378000}
{"sessionId":"5484ca","runId":"post-fix","hypothesisId":"A","location":"CameraController.LateUpdate","message":"camera follow sample","data":{"followJitter":0.00138,"trRbDelta":0.00000,"rawFollowX":135.67,"rawFollowZ":-82.35,"smoothedFollowX":135.67,"smoothedFollowZ":-F2},"timestamp":1782766378001}
{"sessionId":"5484ca","runId":"nt-fix","hypothesisId":"P","location":"Starship.LateUpdate","message":"pulse check: nt pose delta vs rb vel","data":{"hudPlanarSpeed":0.0116,"rbVelSpeed":0.0000,"posDeltaSpeed":0.1068,"trRbDelta":0.00000,"ntEnabled":true},"timestamp":1782766378159}
{"sessionId":"5484ca","runId":"bare-ngo","hypothesisId":"K","location":"Starship.LateUpdate","message":"rotation sample","data":{"trYaw":113.59,"rbYaw":113.59,"yawDelta":0.00,"bankAngVel":0.00,"bankAngle":F2},"timestamp":1782766378159}
{"sessionId":"5484ca","runId":"post-fix","hypothesisId":"A","location":"CameraController.LateUpdate","message":"camera follow sample","data":{"followJitter":0.00207,"trRbDelta":0.00000,"rawFollowX":135.67,"rawFollowZ":-82.35,"smoothedFollowX":135.67,"smoothedFollowZ":-F2},"timestamp":1782766378161}
{"sessionId":"5484ca","runId":"nt-fix","hypothesisId":"P","location":"Starship.LateUpdate","message":"pulse check: nt pose delta vs rb vel","data":{"hudPlanarSpeed":0.0216,"rbVelSpeed":0.0000,"posDeltaSpeed":0.0735,"trRbDelta":0.00000,"ntEnabled":true},"timestamp":1782766378429}
{"sessionId":"5484ca","runId":"bare-ngo","hypothesisId":"K","location":"Starship.LateUpdate","message":"rotation sample","data":{"trYaw":113.59,"rbYaw":113.59,"yawDelta":0.00,"bankAngVel":0.00,"bankAngle":F2},"timestamp":1782766378429}
{"sessionId":"5484ca","runId":"post-fix","hypothesisId":"A","location":"CameraController.LateUpdate","message":"camera follow sample","data":{"followJitter":0.00735,"trRbDelta":0.00000,"rawFollowX":135.67,"rawFollowZ":-82.34,"smoothedFollowX":135.67,"smoothedFollowZ":-F2},"timestamp":1782766378430}
{"sessionId":"5484ca","runId":"nt-fix","hypothesisId":"P","location":"Starship.LateUpdate","message":"pulse check: nt pose delta vs rb vel","data":{"hudPlanarSpeed":0.0252,"rbVelSpeed":0.0000,"posDeltaSpeed":0.2935,"trRbDelta":0.00000,"ntEnabled":true},"timestamp":1782766378584}
{"sessionId":"5484ca","runId":"bare-ngo","hypothesisId":"K","location":"Starship.LateUpdate","message":"rotation sample","data":{"trYaw":113.59,"rbYaw":113.59,"yawDelta":0.00,"bankAngVel":0.00,"bankAngle":F2},"timestamp":1782766378586}
{"sessionId":"5484ca","runId":"post-fix","hypothesisId":"A","location":"CameraController.LateUpdate","message":"camera follow sample","data":{"followJitter":0.00499,"trRbDelta":0.00000,"rawFollowX":135.67,"rawFollowZ":-82.34,"smoothedFollowX":135.67,"smoothedFollowZ":-F2},"timestamp":1782766378586}
{"sessionId":"5484ca","runId":"nt-fix","hypothesisId":"P","location":"Starship.LateUpdate","message":"pulse check: nt pose delta vs rb vel","data":{"hudPlanarSpeed":1.9139,"rbVelSpeed":9.3538,"posDeltaSpeed":18.3874,"trRbDelta":0.10022,"ntEnabled":true},"timestamp":1782766378726}
{"sessionId":"5484ca","runId":"bare-ngo","hypothesisId":"K","location":"Starship.LateUpdate","message":"rotation sample","data":{"trYaw":119.64,"rbYaw":121.53,"yawDelta":1.89,"bankAngVel":42.55,"bankAngle":F2},"timestamp":1782766378726}
{"sessionId":"5484ca","runId":"post-fix","hypothesisId":"A","location":"CameraController.LateUpdate","message":"camera follow sample","data":{"followJitter":0.32007,"trRbDelta":0.00000,"rawFollowX":135.93,"rawFollowZ":-82.52,"smoothedFollowX":135.93,"smoothedFollowZ":-F2},"timestamp":1782766378728}
{"sessionId":"5484ca","runId":"nt-fix","hypothesisId":"P","location":"Starship.LateUpdate","message":"pulse check: nt pose delta vs rb vel","data":{"hudPlanarSpeed":7.8048,"rbVelSpeed":9.3878,"posDeltaSpeed":114.7443,"trRbDelta":0.06106,"ntEnabled":true},"timestamp":1782766378871}
{"sessionId":"5484ca","runId":"bare-ngo","hypothesisId":"K","location":"Starship.LateUpdate","message":"rotation sample","data":{"trYaw":130.20,"rbYaw":130.25,"yawDelta":0.05,"bankAngVel":51.65,"bankAngle":F2},"timestamp":1782766378872}
{"sessionId":"5484ca","runId":"post-fix","hypothesisId":"A","location":"CameraController.LateUpdate","message":"camera follow sample","data":{"followJitter":1.65246,"trRbDelta":0.00000,"rawFollowX":137.22,"rawFollowZ":-83.56,"smoothedFollowX":137.22,"smoothedFollowZ":-F2},"timestamp":1782766378872}
{"sessionId":"5484ca","runId":"thruster-vfx","hypothesisId":"A","location":"Starship.UpdateEngineAndThrusterVFX","message":"thruster vfx sample","data":{"isServer":false,"isClient":true,"isHost":false,"speed":8.170,"accelerating":true,"showThrusters":true,"thrusterBlend":0.914,"thrusterCount":3},"timestamp":1782766378995}
{"sessionId":"5484ca","runId":"unified-ngo","hypothesisId":"G","location":"Starship.UpdateHudPlanarSpeed","message":"speed","data":{"motorSimulatesPhysics":false,"motorReadsNetworkPose":true,"hudSpeed":F3},"timestamp":1782766378996}
{"sessionId":"5484ca","runId":"nt-fix","hypothesisId":"P","location":"Starship.LateUpdate","message":"pulse check: nt pose delta vs rb vel","data":{"hudPlanarSpeed":9.7205,"rbVelSpeed":23.8439,"posDeltaSpeed":84.7837,"trRbDelta":0.12667,"ntEnabled":true},"timestamp":1782766379013}
{"sessionId":"5484ca","runId":"bare-ngo","hypothesisId":"K","location":"Starship.LateUpdate","message":"rotation sample","data":{"trYaw":124.61,"rbYaw":123.81,"yawDelta":-0.81,"bankAngVel":-23.43,"bankAngle":F2},"timestamp":1782766379014}
{"sessionId":"5484ca","runId":"post-fix","hypothesisId":"A","location":"CameraController.LateUpdate","message":"camera follow sample","data":{"followJitter":1.34856,"trRbDelta":0.00000,"rawFollowX":138.30,"rawFollowZ":-84.37,"smoothedFollowX":138.30,"smoothedFollowZ":-F2},"timestamp":1782766379014}
{"sessionId":"5484ca","runId":"nt-fix","hypothesisId":"P","location":"Starship.LateUpdate","message":"pulse check: nt pose delta vs rb vel","data":{"hudPlanarSpeed":10.8999,"rbVelSpeed":5.9671,"posDeltaSpeed":108.9556,"trRbDelta":0.01536,"ntEnabled":true},"timestamp":1782766379154}
{"sessionId":"5484ca","runId":"bare-ngo","hypothesisId":"K","location":"Starship.LateUpdate","message":"rotation sample","data":{"trYaw":114.29,"rbYaw":114.21,"yawDelta":-0.08,"bankAngVel":-50.03,"bankAngle":-F2},"timestamp":1782766379154}
{"sessionId":"5484ca","runId":"post-fix","hypothesisId":"A","location":"CameraController.LateUpdate","message":"camera follow sample","data":{"followJitter":1.86267,"trRbDelta":0.00000,"rawFollowX":139.90,"rawFollowZ":-85.32,"smoothedFollowX":139.90,"smoothedFollowZ":-F2},"timestamp":1782766379154}
{"sessionId":"5484ca","runId":"nt-fix","hypothesisId":"P","location":"Starship.LateUpdate","message":"pulse check: nt pose delta vs rb vel","data":{"hudPlanarSpeed":14.7414,"rbVelSpeed":18.9403,"posDeltaSpeed":149.2503,"trRbDelta":0.12115,"ntEnabled":true},"timestamp":1782766379292}
{"sessionId":"5484ca","runId":"bare-ngo","hypothesisId":"K","location":"Starship.LateUpdate","message":"rotation sample","data":{"trYaw":112.23,"rbYaw":112.19,"yawDelta":-0.04,"bankAngVel":-25.60,"bankAngle":-F2},"timestamp":1782766379292}
{"sessionId":"5484ca","runId":"post-fix","hypothesisId":"A","location":"CameraController.LateUpdate","message":"camera follow sample","data":{"followJitter":2.27832,"trRbDelta":0.00000,"rawFollowX":141.98,"rawFollowZ":-86.24,"smoothedFollowX":141.98,"smoothedFollowZ":-F2},"timestamp":1782766379292}
{"sessionId":"5484ca","runId":"thruster-vfx","hypothesisId":"A","location":"Starship.UpdateEngineAndThrusterVFX","message":"thruster vfx sample","data":{"isServer":false,"isClient":true,"isHost":false,"speed":12.935,"accelerating":true,"showThrusters":true,"thrusterBlend":1.000,"thrusterCount":3},"timestamp":1782766379414}
{"sessionId":"5484ca","runId":"unified-ngo","hypothesisId":"G","location":"Starship.UpdateHudPlanarSpeed","message":"speed","data":{"motorSimulatesPhysics":false,"motorReadsNetworkPose":true,"hudSpeed":F3},"timestamp":1782766379415}
{"sessionId":"5484ca","runId":"nt-fix","hypothesisId":"P","location":"Starship.LateUpdate","message":"pulse check: nt pose delta vs rb vel","data":{"hudPlanarSpeed":12.1537,"rbVelSpeed":5.3581,"posDeltaSpeed":98.9321,"trRbDelta":0.02744,"ntEnabled":true},"timestamp":1782766379434}
{"sessionId":"5484ca","runId":"bare-ngo","hypothesisId":"K","location":"Starship.LateUpdate","message":"rotation sample","data":{"trYaw":111.78,"rbYaw":111.77,"yawDelta":-0.01,"bankAngVel":-10.17,"bankAngle":-F2},"timestamp":1782766379434}
{"sessionId":"5484ca","runId":"post-fix","hypothesisId":"A","location":"CameraController.LateUpdate","message":"camera follow sample","data":{"followJitter":1.64742,"trRbDelta":0.00000,"rawFollowX":143.51,"rawFollowZ":-86.87,"smoothedFollowX":143.51,"smoothedFollowZ":-F2},"timestamp":1782766379434}
{"sessionId":"5484ca","runId":"nt-fix","hypothesisId":"P","location":"Starship.LateUpdate","message":"pulse check: nt pose delta vs rb vel","data":{"hudPlanarSpeed":15.2240,"rbVelSpeed":12.5402,"posDeltaSpeed":140.7530,"trRbDelta":0.21760,"ntEnabled":true},"timestamp":1782766379581}
{"sessionId":"5484ca","runId":"bare-ngo","hypothesisId":"K","location":"Starship.LateUpdate","message":"rotation sample","data":{"trYaw":111.68,"rbYaw":111.68,"yawDelta":0.00,"bankAngVel":-3.50,"bankAngle":-F2},"timestamp":1782766379581}
{"sessionId":"5484ca","runId":"post-fix","hypothesisId":"A","location":"CameraController.LateUpdate","message":"camera follow sample","data":{"followJitter":2.48004,"trRbDelta":0.00000,"rawFollowX":145.81,"rawFollowZ":-87.79,"smoothedFollowX":145.81,"smoothedFollowZ":-F2},"timestamp":1782766379581}
{"sessionId":"5484ca","runId":"nt-fix","hypothesisId":"P","location":"Starship.LateUpdate","message":"pulse check: nt pose delta vs rb vel","data":{"hudPlanarSpeed":12.8752,"rbVelSpeed":17.2542,"posDeltaSpeed":82.2297,"trRbDelta":0.23470,"ntEnabled":true},"timestamp":1782766379725}
{"sessionId":"5484ca","runId":"bare-ngo","hypothesisId":"K","location":"Starship.LateUpdate","message":"rotation sample","data":{"trYaw":109.99,"rbYaw":109.26,"yawDelta":-0.73,"bankAngVel":-13.11,"bankAngle":-F2},"timestamp":1782766379725}
{"sessionId":"5484ca","runId":"post-fix","hypothesisId":"A","location":"CameraController.LateUpdate","message":"camera follow sample","data":{"followJitter":1.55024,"trRbDelta":0.00000,"rawFollowX":147.26,"rawFollowZ":-88.34,"smoothedFollowX":147.26,"smoothedFollowZ":-F2},"timestamp":1782766379725}
{"sessionId":"5484ca","runId":"thruster-vfx","hypothesisId":"A","location":"Starship.UpdateEngineAndThrusterVFX","message":"thruster vfx sample","data":{"isServer":false,"isClient":true,"isHost":false,"speed":14.310,"accelerating":true,"showThrusters":true,"thrusterBlend":1.000,"thrusterCount":3},"timestamp":1782766379855}
{"sessionId":"5484ca","runId":"unified-ngo","hypothesisId":"G","location":"Starship.UpdateHudPlanarSpeed","message":"speed","data":{"motorSimulatesPhysics":false,"motorReadsNetworkPose":true,"hudSpeed":F3},"timestamp":1782766379855}
{"sessionId":"5484ca","runId":"nt-fix","hypothesisId":"P","location":"Starship.LateUpdate","message":"pulse check: nt pose delta vs rb vel","data":{"hudPlanarSpeed":14.0026,"rbVelSpeed":11.4500,"posDeltaSpeed":132.0959,"trRbDelta":0.03424,"ntEnabled":true},"timestamp":1782766379876}
{"sessionId":"5484ca","runId":"bare-ngo","hypothesisId":"K","location":"Starship.LateUpdate","message":"rotation sample","data":{"trYaw":105.92,"rbYaw":105.88,"yawDelta":-0.03,"bankAngVel":-19.99,"bankAngle":-F2},"timestamp":1782766379876}
{"sessionId":"5484ca","runId":"post-fix","hypothesisId":"A","location":"CameraController.LateUpdate","message":"camera follow sample","data":{"followJitter":2.28585,"trRbDelta":0.00000,"rawFollowX":149.44,"rawFollowZ":-89.03,"smoothedFollowX":149.44,"smoothedFollowZ":-F2},"timestamp":1782766379876}
{"sessionId":"5484ca","runId":"nt-fix","hypothesisId":"P","location":"Starship.LateUpdate","message":"pulse check: nt pose delta vs rb vel","data":{"hudPlanarSpeed":14.7085,"rbVelSpeed":15.8858,"posDeltaSpeed":104.9733,"trRbDelta":0.15360,"ntEnabled":true},"timestamp":1782766380029}
{"sessionId":"5484ca","runId":"bare-ngo","hypothesisId":"K","location":"Starship.LateUpdate","message":"rotation sample","data":{"trYaw":122.31,"rbYaw":124.10,"yawDelta":1.79,"bankAngVel":94.67,"bankAngle":F2},"timestamp":1782766380029}
{"sessionId":"5484ca","runId":"post-fix","hypothesisId":"A","location":"CameraController.LateUpdate","message":"camera follow sample","data":{"followJitter":2.08330,"trRbDelta":0.00000,"rawFollowX":151.38,"rawFollowZ":-89.78,"smoothedFollowX":151.38,"smoothedFollowZ":-F2},"timestamp":1782766380029}
{"sessionId":"5484ca","runId":"nt-fix","hypothesisId":"P","location":"Starship.LateUpdate","message":"pulse check: nt pose delta vs rb vel","data":{"hudPlanarSpeed":11.2509,"rbVelSpeed":8.2375,"posDeltaSpeed":67.8818,"trRbDelta":0.13546,"ntEnabled":true},"timestamp":1782766380207}
{"sessionId":"5484ca","runId":"bare-ngo","hypothesisId":"K","location":"Starship.LateUpdate","message":"rotation sample","data":{"trYaw":146.08,"rbYaw":147.61,"yawDelta":1.53,"bankAngVel":114.43,"bankAngle":F2},"timestamp":1782766380207}
{"sessionId":"5484ca","runId":"post-fix","hypothesisId":"A","location":"CameraController.LateUpdate","message":"camera follow sample","data":{"followJitter":1.86720,"trRbDelta":0.00000,"rawFollowX":152.97,"rawFollowZ":-90.77,"smoothedFollowX":152.97,"smoothedFollowZ":-F2},"timestamp":1782766380207}
{"sessionId":"5484ca","runId":"thruster-vfx","hypothesisId":"A","location":"Starship.UpdateEngineAndThrusterVFX","message":"thruster vfx sample","data":{"isServer":false,"isClient":true,"isHost":false,"speed":13.397,"accelerating":true,"showThrusters":true,"thrusterBlend":1.000,"thrusterCount":3},"timestamp":1782766380369}
{"sessionId":"5484ca","runId":"unified-ngo","hypothesisId":"G","location":"Starship.UpdateHudPlanarSpeed","message":"speed","data":{"motorSimulatesPhysics":false,"motorReadsNetworkPose":true,"hudSpeed":F3},"timestamp":1782766380369}
{"sessionId":"5484ca","runId":"nt-fix","hypothesisId":"P","location":"Starship.LateUpdate","message":"pulse check: nt pose delta vs rb vel","data":{"hudPlanarSpeed":12.7650,"rbVelSpeed":7.7910,"posDeltaSpeed":141.6643,"trRbDelta":0.07156,"ntEnabled":true},"timestamp":1782766380390}
{"sessionId":"5484ca","runId":"bare-ngo","hypothesisId":"K","location":"Starship.LateUpdate","message":"rotation sample","data":{"trYaw":179.66,"rbYaw":180.39,"yawDelta":0.73,"bankAngVel":148.14,"bankAngle":F2},"timestamp":1782766380390}
{"sessionId":"5484ca","runId":"post-fix","hypothesisId":"A","location":"CameraController.LateUpdate","message":"camera follow sample","data":{"followJitter":2.86741,"trRbDelta":0.00000,"rawFollowX":154.07,"rawFollowZ":-93.41,"smoothedFollowX":154.07,"smoothedFollowZ":-F2},"timestamp":1782766380390}
{"sessionId":"5484ca","runId":"nt-fix","hypothesisId":"P","location":"Starship.LateUpdate","message":"pulse check: nt pose delta vs rb vel","data":{"hudPlanarSpeed":12.9448,"rbVelSpeed":16.9472,"posDeltaSpeed":102.0544,"trRbDelta":0.14742,"ntEnabled":true},"timestamp":1782766380549}
{"sessionId":"5484ca","runId":"bare-ngo","hypothesisId":"K","location":"Starship.LateUpdate","message":"rotation sample","data":{"trYaw":207.58,"rbYaw":209.72,"yawDelta":2.14,"bankAngVel":186.67,"bankAngle":F2},"timestamp":1782766380550}
{"sessionId":"5484ca","runId":"post-fix","hypothesisId":"A","location":"CameraController.LateUpdate","message":"camera follow sample","data":{"followJitter":2.04039,"trRbDelta":0.00000,"rawFollowX":153.79,"rawFollowZ":-95.44,"smoothedFollowX":153.79,"smoothedFollowZ":-F2},"timestamp":1782766380551}
{"sessionId":"5484ca","runId":"nt-fix","hypothesisId":"P","location":"Starship.LateUpdate","message":"pulse check: nt pose delta vs rb vel","data":{"hudPlanarSpeed":10.2324,"rbVelSpeed":8.3148,"posDeltaSpeed":79.8482,"trRbDelta":0.07895,"ntEnabled":true},"timestamp":1782766380710}
{"sessionId":"5484ca","runId":"bare-ngo","hypothesisId":"K","location":"Starship.LateUpdate","message":"rotation sample","data":{"trYaw":229.24,"rbYaw":229.93,"yawDelta":0.70,"bankAngVel":137.33,"bankAngle":F2},"timestamp":1782766380711}
{"sessionId":"5484ca","runId":"post-fix","hypothesisId":"A","location":"CameraController.LateUpdate","message":"camera follow sample","data":{"followJitter":1.59831,"trRbDelta":0.00000,"rawFollowX":153.10,"rawFollowZ":-96.88,"smoothedFollowX":153.10,"smoothedFollowZ":-F2},"timestamp":1782766380711}
{"sessionId":"5484ca","runId":"thruster-vfx","hypothesisId":"A","location":"Starship.UpdateEngineAndThrusterVFX","message":"thruster vfx sample","data":{"isServer":false,"isClient":true,"isHost":false,"speed":13.422,"accelerating":true,"showThrusters":true,"thrusterBlend":1.000,"thrusterCount":3},"timestamp":1782766380854}
{"sessionId":"5484ca","runId":"unified-ngo","hypothesisId":"G","location":"Starship.UpdateHudPlanarSpeed","message":"speed","data":{"motorSimulatesPhysics":false,"motorReadsNetworkPose":true,"hudSpeed":F3},"timestamp":1782766380854}
{"sessionId":"5484ca","runId":"nt-fix","hypothesisId":"P","location":"Starship.LateUpdate","message":"pulse check: nt pose delta vs rb vel","data":{"hudPlanarSpeed":13.0447,"rbVelSpeed":10.3499,"posDeltaSpeed":128.8522,"trRbDelta":0.03898,"ntEnabled":true},"timestamp":1782766380875}
{"sessionId":"5484ca","runId":"bare-ngo","hypothesisId":"K","location":"Starship.LateUpdate","message":"rotation sample","data":{"trYaw":253.72,"rbYaw":254.01,"yawDelta":0.30,"bankAngVel":135.79,"bankAngle":F2},"timestamp":1782766380876}
{"sessionId":"5484ca","runId":"post-fix","hypothesisId":"A","location":"CameraController.LateUpdate","message":"camera follow sample","data":{"followJitter":2.69757,"trRbDelta":0.00000,"rawFollowX":150.84,"rawFollowZ":-98.35,"smoothedFollowX":150.84,"smoothedFollowZ":-F2},"timestamp":1782766380876}
{"sessionId":"5484ca","runId":"nt-fix","hypothesisId":"P","location":"Starship.LateUpdate","message":"pulse check: nt pose delta vs rb vel","data":{"hudPlanarSpeed":13.5742,"rbVelSpeed":16.7472,"posDeltaSpeed":104.6874,"trRbDelta":0.06917,"ntEnabled":true},"timestamp":1782766381034}
{"sessionId":"5484ca","runId":"bare-ngo","hypothesisId":"K","location":"Starship.LateUpdate","message":"rotation sample","data":{"trYaw":269.16,"rbYaw":269.71,"yawDelta":0.56,"bankAngVel":117.79,"bankAngle":F2},"timestamp":1782766381036}
{"sessionId":"5484ca","runId":"post-fix","hypothesisId":"A","location":"CameraController.LateUpdate","message":"camera follow sample","data":{"followJitter":2.07022,"trRbDelta":0.00000,"rawFollowX":148.82,"rawFollowZ":-98.78,"smoothedFollowX":148.82,"smoothedFollowZ":-F2},"timestamp":1782766381036}
{"sessionId":"5484ca","runId":"nt-fix","hypothesisId":"P","location":"Starship.LateUpdate","message":"pulse check: nt pose delta vs rb vel","data":{"hudPlanarSpeed":10.9020,"rbVelSpeed":6.5921,"posDeltaSpeed":96.4031,"trRbDelta":0.03126,"ntEnabled":true},"timestamp":1782766381194}
{"sessionId":"5484ca","runId":"bare-ngo","hypothesisId":"K","location":"Starship.LateUpdate","message":"rotation sample","data":{"trYaw":285.05,"rbYaw":285.24,"yawDelta":0.19,"bankAngVel":94.06,"bankAngle":F2},"timestamp":1782766381195}
{"sessionId":"5484ca","runId":"post-fix","hypothesisId":"A","location":"CameraController.LateUpdate","message":"camera follow sample","data":{"followJitter":1.71979,"trRbDelta":0.00000,"rawFollowX":147.10,"rawFollowZ":-98.81,"smoothedFollowX":147.10,"smoothedFollowZ":-F2},"timestamp":1782766381195}
{"sessionId":"5484ca","runId":"thruster-vfx","hypothesisId":"A","location":"Starship.UpdateEngineAndThrusterVFX","message":"thruster vfx sample","data":{"isServer":false,"isClient":true,"isHost":false,"speed":13.613,"accelerating":true,"showThrusters":true,"thrusterBlend":1.000,"thrusterCount":3},"timestamp":1782766381325}
{"sessionId":"5484ca","runId":"unified-ngo","hypothesisId":"G","location":"Starship.UpdateHudPlanarSpeed","message":"speed","data":{"motorSimulatesPhysics":false,"motorReadsNetworkPose":true,"hudSpeed":F3},"timestamp":1782766381326}
{"sessionId":"5484ca","runId":"nt-fix","hypothesisId":"P","location":"Starship.LateUpdate","message":"pulse check: nt pose delta vs rb vel","data":{"hudPlanarSpeed":13.3634,"rbVelSpeed":10.6236,"posDeltaSpeed":121.4621,"trRbDelta":0.13905,"ntEnabled":true},"timestamp":1782766381345}
{"sessionId":"5484ca","runId":"bare-ngo","hypothesisId":"K","location":"Starship.LateUpdate","message":"rotation sample","data":{"trYaw":297.65,"rbYaw":298.19,"yawDelta":0.54,"bankAngVel":80.70,"bankAngle":F2},"timestamp":1782766381346}
{"sessionId":"5484ca","runId":"post-fix","hypothesisId":"A","location":"CameraController.LateUpdate","message":"camera follow sample","data":{"followJitter":2.44990,"trRbDelta":0.00000,"rawFollowX":144.79,"rawFollowZ":-98.00,"smoothedFollowX":144.79,"smoothedFollowZ":-F2},"timestamp":1782766381346}
{"sessionId":"5484ca","runId":"nt-fix","hypothesisId":"P","location":"Starship.LateUpdate","message":"pulse check: nt pose delta vs rb vel","data":{"hudPlanarSpeed":9.4242,"rbVelSpeed":6.3679,"posDeltaSpeed":63.7737,"trRbDelta":0.01221,"ntEnabled":true},"timestamp":1782766381493}
{"sessionId":"5484ca","runId":"bare-ngo","hypothesisId":"K","location":"Starship.LateUpdate","message":"rotation sample","data":{"trYaw":301.51,"rbYaw":301.54,"yawDelta":0.04,"bankAngVel":40.95,"bankAngle":F2},"timestamp":1782766381495}
{"sessionId":"5484ca","runId":"post-fix","hypothesisId":"A","location":"CameraController.LateUpdate","message":"camera follow sample","data":{"followJitter":1.11330,"trRbDelta":0.00000,"rawFollowX":143.78,"rawFollowZ":-97.53,"smoothedFollowX":143.78,"smoothedFollowZ":-F2},"timestamp":1782766381495}
{"sessionId":"5484ca","runId":"nt-fix","hypothesisId":"P","location":"Starship.LateUpdate","message":"pulse check: nt pose delta vs rb vel","data":{"hudPlanarSpeed":12.9847,"rbVelSpeed":7.0189,"posDeltaSpeed":131.2543,"trRbDelta":0.11086,"ntEnabled":true},"timestamp":1782766381643}
{"sessionId":"5484ca","runId":"bare-ngo","hypothesisId":"K","location":"Starship.LateUpdate","message":"rotation sample","data":{"trYaw":302.72,"rbYaw":302.77,"yawDelta":0.05,"bankAngVel":17.66,"bankAngle":F2},"timestamp":1782766381643}
{"sessionId":"5484ca","runId":"post-fix","hypothesisId":"A","location":"CameraController.LateUpdate","message":"camera follow sample","data":{"followJitter":2.44360,"trRbDelta":0.00000,"rawFollowX":141.70,"rawFollowZ":-96.25,"smoothedFollowX":141.70,"smoothedFollowZ":-F2},"timestamp":1782766381644}
{"sessionId":"5484ca","runId":"thruster-vfx","hypothesisId":"A","location":"Starship.UpdateEngineAndThrusterVFX","message":"thruster vfx sample","data":{"isServer":false,"isClient":true,"isHost":false,"speed":14.712,"accelerating":true,"showThrusters":true,"thrusterBlend":1.000,"thrusterCount":3},"timestamp":1782766381774}
{"sessionId":"5484ca","runId":"unified-ngo","hypothesisId":"G","location":"Starship.UpdateHudPlanarSpeed","message":"speed","data":{"motorSimulatesPhysics":false,"motorReadsNetworkPose":true,"hudSpeed":F3},"timestamp":1782766381774}
{"sessionId":"5484ca","runId":"nt-fix","hypothesisId":"P","location":"Starship.LateUpdate","message":"pulse check: nt pose delta vs rb vel","data":{"hudPlanarSpeed":15.2670,"rbVelSpeed":18.8697,"posDeltaSpeed":116.5183,"trRbDelta":0.08881,"ntEnabled":true},"timestamp":1782766381793}
{"sessionId":"5484ca","runId":"bare-ngo","hypothesisId":"K","location":"Starship.LateUpdate","message":"rotation sample","data":{"trYaw":302.96,"rbYaw":302.97,"yawDelta":0.00,"bankAngVel":6.23,"bankAngle":F2},"timestamp":1782766381794}
{"sessionId":"5484ca","runId":"post-fix","hypothesisId":"A","location":"CameraController.LateUpdate","message":"camera follow sample","data":{"followJitter":2.26598,"trRbDelta":0.00000,"rawFollowX":139.79,"rawFollowZ":-95.02,"smoothedFollowX":139.79,"smoothedFollowZ":-F2},"timestamp":1782766381794}
{"sessionId":"5484ca","runId":"nt-fix","hypothesisId":"P","location":"Starship.LateUpdate","message":"pulse check: nt pose delta vs rb vel","data":{"hudPlanarSpeed":11.7662,"rbVelSpeed":4.0640,"posDeltaSpeed":93.3357,"trRbDelta":0.07684,"ntEnabled":true},"timestamp":1782766381939}
{"sessionId":"5484ca","runId":"bare-ngo","hypothesisId":"K","location":"Starship.LateUpdate","message":"rotation sample","data":{"trYaw":303.01,"rbYaw":303.01,"yawDelta":0.00,"bankAngVel":2.12,"bankAngle":F2},"timestamp":1782766381939}
{"sessionId":"5484ca","runId":"post-fix","hypothesisId":"A","location":"CameraController.LateUpdate","message":"camera follow sample","data":{"followJitter":1.57364,"trRbDelta":0.00000,"rawFollowX":138.47,"rawFollowZ":-94.17,"smoothedFollowX":138.47,"smoothedFollowZ":-F2},"timestamp":1782766381940}
{"sessionId":"5484ca","runId":"nt-fix","hypothesisId":"P","location":"Starship.LateUpdate","message":"pulse check: nt pose delta vs rb vel","data":{"hudPlanarSpeed":14.7745,"rbVelSpeed":14.6053,"posDeltaSpeed":123.4800,"trRbDelta":0.21086,"ntEnabled":true},"timestamp":1782766382082}
{"sessionId":"5484ca","runId":"bare-ngo","hypothesisId":"K","location":"Starship.LateUpdate","message":"rotation sample","data":{"trYaw":312.65,"rbYaw":313.31,"yawDelta":0.66,"bankAngVel":48.82,"bankAngle":F2},"timestamp":1782766382084}
{"sessionId":"5484ca","runId":"post-fix","hypothesisId":"A","location":"CameraController.LateUpdate","message":"camera follow sample","data":{"followJitter":2.25234,"trRbDelta":0.00000,"rawFollowX":136.73,"rawFollowZ":-92.74,"smoothedFollowX":136.73,"smoothedFollowZ":-F2},"timestamp":1782766382085}
{"sessionId":"5484ca","runId":"thruster-vfx","hypothesisId":"A","location":"Starship.UpdateEngineAndThrusterVFX","message":"thruster vfx sample","data":{"isServer":false,"isClient":true,"isHost":false,"speed":12.565,"accelerating":true,"showThrusters":true,"thrusterBlend":1.000,"thrusterCount":3},"timestamp":1782766382212}
{"sessionId":"5484ca","runId":"unified-ngo","hypothesisId":"G","location":"Starship.UpdateHudPlanarSpeed","message":"speed","data":{"motorSimulatesPhysics":false,"motorReadsNetworkPose":true,"hudSpeed":F3},"timestamp":1782766382213}
{"sessionId":"5484ca","runId":"nt-fix","hypothesisId":"P","location":"Starship.LateUpdate","message":"pulse check: nt pose delta vs rb vel","data":{"hudPlanarSpeed":13.4002,"rbVelSpeed":18.1093,"posDeltaSpeed":89.8490,"trRbDelta":0.11099,"ntEnabled":true},"timestamp":1782766382232}
{"sessionId":"5484ca","runId":"bare-ngo","hypothesisId":"K","location":"Starship.LateUpdate","message":"rotation sample","data":{"trYaw":316.15,"rbYaw":316.20,"yawDelta":0.06,"bankAngVel":28.87,"bankAngle":F2},"timestamp":1782766382232}
{"sessionId":"5484ca","runId":"post-fix","hypothesisId":"A","location":"CameraController.LateUpdate","message":"camera follow sample","data":{"followJitter":1.76413,"trRbDelta":0.00000,"rawFollowX":135.45,"rawFollowZ":-91.52,"smoothedFollowX":135.45,"smoothedFollowZ":-F2},"timestamp":1782766382232}
{"sessionId":"5484ca","runId":"nt-fix","hypothesisId":"P","location":"Starship.LateUpdate","message":"pulse check: nt pose delta vs rb vel","data":{"hudPlanarSpeed":14.2878,"rbVelSpeed":9.0668,"posDeltaSpeed":118.5121,"trRbDelta":0.16305,"ntEnabled":true},"timestamp":1782766382379}
{"sessionId":"5484ca","runId":"bare-ngo","hypothesisId":"K","location":"Starship.LateUpdate","message":"rotation sample","data":{"trYaw":317.63,"rbYaw":317.81,"yawDelta":0.18,"bankAngVel":16.47,"bankAngle":F2},"timestamp":1782766382381}
{"sessionId":"5484ca","runId":"post-fix","hypothesisId":"A","location":"CameraController.LateUpdate","message":"camera follow sample","data":{"followJitter":2.29342,"trRbDelta":0.00000,"rawFollowX":133.87,"rawFollowZ":-89.86,"smoothedFollowX":133.87,"smoothedFollowZ":-F2},"timestamp":1782766382381}
{"sessionId":"5484ca","runId":"nt-fix","hypothesisId":"P","location":"Starship.LateUpdate","message":"pulse check: nt pose delta vs rb vel","data":{"hudPlanarSpeed":14.3686,"rbVelSpeed":16.6806,"posDeltaSpeed":109.8760,"trRbDelta":0.20269,"ntEnabled":true},"timestamp":1782766382526}
{"sessionId":"5484ca","runId":"bare-ngo","hypothesisId":"K","location":"Starship.LateUpdate","message":"rotation sample","data":{"trYaw":318.43,"rbYaw":318.45,"yawDelta":0.03,"bankAngVel":8.34,"bankAngle":F2},"timestamp":1782766382526}
{"sessionId":"5484ca","runId":"post-fix","hypothesisId":"A","location":"CameraController.LateUpdate","message":"camera follow sample","data":{"followJitter":1.90087,"trRbDelta":0.00000,"rawFollowX":132.59,"rawFollowZ":-88.46,"smoothedFollowX":132.59,"smoothedFollowZ":-F2},"timestamp":1782766382527}
{"sessionId":"5484ca","runId":"thruster-vfx","hypothesisId":"A","location":"Starship.UpdateEngineAndThrusterVFX","message":"thruster vfx sample","data":{"isServer":false,"isClient":true,"isHost":false,"speed":12.683,"accelerating":true,"showThrusters":true,"thrusterBlend":1.000,"thrusterCount":3},"timestamp":1782766382660}
{"sessionId":"5484ca","runId":"unified-ngo","hypothesisId":"G","location":"Starship.UpdateHudPlanarSpeed","message":"speed","data":{"motorSimulatesPhysics":false,"motorReadsNetworkPose":true,"hudSpeed":F3},"timestamp":1782766382660}
{"sessionId":"5484ca","runId":"nt-fix","hypothesisId":"P","location":"Starship.LateUpdate","message":"pulse check: nt pose delta vs rb vel","data":{"hudPlanarSpeed":11.9167,"rbVelSpeed":10.9820,"posDeltaSpeed":95.3714,"trRbDelta":0.19611,"ntEnabled":true},"timestamp":1782766382680}
{"sessionId":"5484ca","runId":"bare-ngo","hypothesisId":"K","location":"Starship.LateUpdate","message":"rotation sample","data":{"trYaw":318.59,"rbYaw":318.59,"yawDelta":0.01,"bankAngVel":3.05,"bankAngle":F2},"timestamp":1782766382680}
{"sessionId":"5484ca","runId":"post-fix","hypothesisId":"A","location":"CameraController.LateUpdate","message":"camera follow sample","data":{"followJitter":1.80639,"trRbDelta":0.00000,"rawFollowX":131.39,"rawFollowZ":-87.11,"smoothedFollowX":131.39,"smoothedFollowZ":-F2},"timestamp":1782766382681}
{"sessionId":"5484ca","runId":"nt-fix","hypothesisId":"P","location":"Starship.LateUpdate","message":"pulse check: nt pose delta vs rb vel","data":{"hudPlanarSpeed":15.0852,"rbVelSpeed":16.8553,"posDeltaSpeed":132.5087,"trRbDelta":0.11421,"ntEnabled":true},"timestamp":1782766382830}
{"sessionId":"5484ca","runId":"bare-ngo","hypothesisId":"K","location":"Starship.LateUpdate","message":"rotation sample","data":{"trYaw":318.62,"rbYaw":318.62,"yawDelta":0.00,"bankAngVel":1.02,"bankAngle":F2},"timestamp":1782766382830}
{"sessionId":"5484ca","runId":"post-fix","hypothesisId":"A","location":"CameraController.LateUpdate","message":"camera follow sample","data":{"followJitter":2.50184,"trRbDelta":0.00000,"rawFollowX":129.73,"rawFollowZ":-85.23,"smoothedFollowX":129.73,"smoothedFollowZ":-F2},"timestamp":1782766382832}
{"sessionId":"5484ca","runId":"nt-fix","hypothesisId":"P","location":"Starship.LateUpdate","message":"pulse check: nt pose delta vs rb vel","data":{"hudPlanarSpeed":14.9557,"rbVelSpeed":21.4907,"posDeltaSpeed":116.4979,"trRbDelta":0.08948,"ntEnabled":true},"timestamp":1782766382994}
{"sessionId":"5484ca","runId":"bare-ngo","hypothesisId":"K","location":"Starship.LateUpdate","message":"rotation sample","data":{"trYaw":318.62,"rbYaw":318.62,"yawDelta":0.00,"bankAngVel":0.30,"bankAngle":F2},"timestamp":1782766382995}
{"sessionId":"5484ca","runId":"post-fix","hypothesisId":"A","location":"CameraController.LateUpdate","message":"camera follow sample","data":{"followJitter":2.24516,"trRbDelta":0.00000,"rawFollowX":128.25,"rawFollowZ":-83.55,"smoothedFollowX":128.25,"smoothedFollowZ":-F2},"timestamp":1782766382996}
{"sessionId":"5484ca","runId":"thruster-vfx","hypothesisId":"A","location":"Starship.UpdateEngineAndThrusterVFX","message":"thruster vfx sample","data":{"isServer":false,"isClient":true,"isHost":false,"speed":12.795,"accelerating":true,"showThrusters":true,"thrusterBlend":1.000,"thrusterCount":3},"timestamp":1782766383128}
{"sessionId":"5484ca","runId":"unified-ngo","hypothesisId":"G","location":"Starship.UpdateHudPlanarSpeed","message":"speed","data":{"motorSimulatesPhysics":false,"motorReadsNetworkPose":true,"hudSpeed":F3},"timestamp":1782766383128}
{"sessionId":"5484ca","runId":"nt-fix","hypothesisId":"P","location":"Starship.LateUpdate","message":"pulse check: nt pose delta vs rb vel","data":{"hudPlanarSpeed":11.8776,"rbVelSpeed":4.4912,"posDeltaSpeed":92.3381,"trRbDelta":0.05074,"ntEnabled":true},"timestamp":1782766383148}
{"sessionId":"5484ca","runId":"bare-ngo","hypothesisId":"K","location":"Starship.LateUpdate","message":"rotation sample","data":{"trYaw":318.62,"rbYaw":318.62,"yawDelta":0.00,"bankAngVel":0.09,"bankAngle":F2},"timestamp":1782766383148}
{"sessionId":"5484ca","runId":"post-fix","hypothesisId":"A","location":"CameraController.LateUpdate","message":"camera follow sample","data":{"followJitter":1.75826,"trRbDelta":0.00000,"rawFollowX":127.09,"rawFollowZ":-82.23,"smoothedFollowX":127.09,"smoothedFollowZ":-F2},"timestamp":1782766383148}
{"sessionId":"5484ca","runId":"nt-fix","hypothesisId":"P","location":"Starship.LateUpdate","message":"pulse check: nt pose delta vs rb vel","data":{"hudPlanarSpeed":14.4049,"rbVelSpeed":16.5511,"posDeltaSpeed":149.2352,"trRbDelta":0.08941,"ntEnabled":true},"timestamp":1782766383292}
{"sessionId":"5484ca","runId":"bare-ngo","hypothesisId":"K","location":"Starship.LateUpdate","message":"rotation sample","data":{"trYaw":318.62,"rbYaw":318.62,"yawDelta":0.00,"bankAngVel":0.03,"bankAngle":F2},"timestamp":1782766383293}
{"sessionId":"5484ca","runId":"post-fix","hypothesisId":"A","location":"CameraController.LateUpdate","message":"camera follow sample","data":{"followJitter":2.19871,"trRbDelta":0.00000,"rawFollowX":125.63,"rawFollowZ":-80.58,"smoothedFollowX":125.63,"smoothedFollowZ":-F2},"timestamp":1782766383293}
{"sessionId":"5484ca","runId":"nt-fix","hypothesisId":"P","location":"Starship.LateUpdate","message":"pulse check: nt pose delta vs rb vel","data":{"hudPlanarSpeed":11.3306,"rbVelSpeed":4.5158,"posDeltaSpeed":91.0958,"trRbDelta":0.03769,"ntEnabled":true},"timestamp":1782766383449}
{"sessionId":"5484ca","runId":"bare-ngo","hypothesisId":"K","location":"Starship.LateUpdate","message":"rotation sample","data":{"trYaw":318.62,"rbYaw":318.62,"yawDelta":0.00,"bankAngVel":0.01,"bankAngle":F2},"timestamp":1782766383450}
{"sessionId":"5484ca","runId":"post-fix","hypothesisId":"A","location":"CameraController.LateUpdate","message":"camera follow sample","data":{"followJitter":1.70612,"trRbDelta":0.00000,"rawFollowX":124.51,"rawFollowZ":-79.30,"smoothedFollowX":124.51,"smoothedFollowZ":-F2},"timestamp":1782766383451}
{"sessionId":"5484ca","runId":"thruster-vfx","hypothesisId":"A","location":"Starship.UpdateEngineAndThrusterVFX","message":"thruster vfx sample","data":{"isServer":false,"isClient":true,"isHost":false,"speed":14.904,"accelerating":true,"showThrusters":true,"thrusterBlend":1.000,"thrusterCount":3},"timestamp":1782766383586}
{"sessionId":"5484ca","runId":"unified-ngo","hypothesisId":"G","location":"Starship.UpdateHudPlanarSpeed","message":"speed","data":{"motorSimulatesPhysics":false,"motorReadsNetworkPose":true,"hudSpeed":F3},"timestamp":1782766383587}
{"sessionId":"5484ca","runId":"nt-fix","hypothesisId":"P","location":"Starship.LateUpdate","message":"pulse check: nt pose delta vs rb vel","data":{"hudPlanarSpeed":14.6082,"rbVelSpeed":10.8902,"posDeltaSpeed":133.8961,"trRbDelta":0.13036,"ntEnabled":true},"timestamp":1782766383607}
{"sessionId":"5484ca","runId":"bare-ngo","hypothesisId":"K","location":"Starship.LateUpdate","message":"rotation sample","data":{"trYaw":323.37,"rbYaw":323.96,"yawDelta":0.59,"bankAngVel":27.78,"bankAngle":F2},"timestamp":1782766383607}
{"sessionId":"5484ca","runId":"post-fix","hypothesisId":"A","location":"CameraController.LateUpdate","message":"camera follow sample","data":{"followJitter":2.64067,"trRbDelta":0.00000,"rawFollowX":122.78,"rawFollowZ":-77.30,"smoothedFollowX":122.78,"smoothedFollowZ":-F2},"timestamp":1782766383607}
{"sessionId":"5484ca","runId":"nt-fix","hypothesisId":"P","location":"Starship.LateUpdate","message":"pulse check: nt pose delta vs rb vel","data":{"hudPlanarSpeed":12.9542,"rbVelSpeed":21.4742,"posDeltaSpeed":89.4580,"trRbDelta":0.03480,"ntEnabled":true},"timestamp":1782766383754}
{"sessionId":"5484ca","runId":"bare-ngo","hypothesisId":"K","location":"Starship.LateUpdate","message":"rotation sample","data":{"trYaw":339.65,"rbYaw":340.14,"yawDelta":0.49,"bankAngVel":106.45,"bankAngle":F2},"timestamp":1782766383754}
{"sessionId":"5484ca","runId":"post-fix","hypothesisId":"A","location":"CameraController.LateUpdate","message":"camera follow sample","data":{"followJitter":1.62948,"trRbDelta":0.00000,"rawFollowX":121.91,"rawFollowZ":-75.92,"smoothedFollowX":121.91,"smoothedFollowZ":-F2},"timestamp":1782766383754}
{"sessionId":"5484ca","runId":"nt-fix","hypothesisId":"P","location":"Starship.LateUpdate","message":"pulse check: nt pose delta vs rb vel","data":{"hudPlanarSpeed":12.8294,"rbVelSpeed":7.2139,"posDeltaSpeed":98.6235,"trRbDelta":0.06239,"ntEnabled":true},"timestamp":1782766383909}
{"sessionId":"5484ca","runId":"bare-ngo","hypothesisId":"K","location":"Starship.LateUpdate","message":"rotation sample","data":{"trYaw":11.66,"rbYaw":12.61,"yawDelta":0.95,"bankAngVel":167.48,"bankAngle":F2},"timestamp":1782766383909}
{"sessionId":"5484ca","runId":"post-fix","hypothesisId":"A","location":"CameraController.LateUpdate","message":"camera follow sample","data":{"followJitter":2.15302,"trRbDelta":0.00000,"rawFollowX":121.38,"rawFollowZ":-73.83,"smoothedFollowX":121.38,"smoothedFollowZ":-F2},"timestamp":1782766383909}
{"sessionId":"5484ca","runId":"thruster-vfx","hypothesisId":"A","location":"Starship.UpdateEngineAndThrusterVFX","message":"thruster vfx sample","data":{"isServer":false,"isClient":true,"isHost":false,"speed":12.556,"accelerating":true,"showThrusters":true,"thrusterBlend":1.000,"thrusterCount":3},"timestamp":1782766384044}
{"sessionId":"5484ca","runId":"unified-ngo","hypothesisId":"G","location":"Starship.UpdateHudPlanarSpeed","message":"speed","data":{"motorSimulatesPhysics":false,"motorReadsNetworkPose":true,"hudSpeed":F3},"timestamp":1782766384045}
{"sessionId":"5484ca","runId":"nt-fix","hypothesisId":"P","location":"Starship.LateUpdate","message":"pulse check: nt pose delta vs rb vel","data":{"hudPlanarSpeed":12.8969,"rbVelSpeed":17.1103,"posDeltaSpeed":99.4432,"trRbDelta":0.24533,"ntEnabled":true},"timestamp":1782766384064}
{"sessionId":"5484ca","runId":"bare-ngo","hypothesisId":"K","location":"Starship.LateUpdate","message":"rotation sample","data":{"trYaw":43.24,"rbYaw":47.15,"yawDelta":3.91,"bankAngVel":213.99,"bankAngle":F2},"timestamp":1782766384064}
{"sessionId":"5484ca","runId":"post-fix","hypothesisId":"A","location":"CameraController.LateUpdate","message":"camera follow sample","data":{"followJitter":1.96598,"trRbDelta":0.00000,"rawFollowX":122.07,"rawFollowZ":-71.99,"smoothedFollowX":122.07,"smoothedFollowZ":-F2},"timestamp":1782766384065}
{"sessionId":"5484ca","runId":"nt-fix","hypothesisId":"P","location":"Starship.LateUpdate","message":"pulse check: nt pose delta vs rb vel","data":{"hudPlanarSpeed":10.2934,"rbVelSpeed":4.6267,"posDeltaSpeed":79.4293,"trRbDelta":0.02292,"ntEnabled":true},"timestamp":1782766384213}
{"sessionId":"5484ca","runId":"bare-ngo","hypothesisId":"K","location":"Starship.LateUpdate","message":"rotation sample","data":{"trYaw":68.52,"rbYaw":68.89,"yawDelta":0.37,"bankAngVel":167.64,"bankAngle":F2},"timestamp":1782766384214}
{"sessionId":"5484ca","runId":"post-fix","hypothesisId":"A","location":"CameraController.LateUpdate","message":"camera follow sample","data":{"followJitter":1.57452,"trRbDelta":0.00000,"rawFollowX":123.08,"rawFollowZ":-70.79,"smoothedFollowX":123.08,"smoothedFollowZ":-F2},"timestamp":1782766384214}
{"sessionId":"5484ca","runId":"nt-fix","hypothesisId":"P","location":"Starship.LateUpdate","message":"pulse check: nt pose delta vs rb vel","data":{"hudPlanarSpeed":11.3256,"rbVelSpeed":6.5947,"posDeltaSpeed":120.3177,"trRbDelta":0.10234,"ntEnabled":true},"timestamp":1782766384362}
{"sessionId":"5484ca","runId":"bare-ngo","hypothesisId":"K","location":"Starship.LateUpdate","message":"rotation sample","data":{"trYaw":103.55,"rbYaw":105.19,"yawDelta":1.64,"bankAngVel":199.52,"bankAngle":F2},"timestamp":1782766384363}
{"sessionId":"5484ca","runId":"post-fix","hypothesisId":"A","location":"CameraController.LateUpdate","message":"camera follow sample","data":{"followJitter":2.19721,"trRbDelta":0.00000,"rawFollowX":125.23,"rawFollowZ":-70.31,"smoothedFollowX":125.23,"smoothedFollowZ":-F2},"timestamp":1782766384363}
{"sessionId":"5484ca","runId":"thruster-vfx","hypothesisId":"A","location":"Starship.UpdateEngineAndThrusterVFX","message":"thruster vfx sample","data":{"isServer":false,"isClient":true,"isHost":false,"speed":11.514,"accelerating":true,"showThrusters":true,"thrusterBlend":1.000,"thrusterCount":3},"timestamp":1782766384492}
{"sessionId":"5484ca","runId":"unified-ngo","hypothesisId":"G","location":"Starship.UpdateHudPlanarSpeed","message":"speed","data":{"motorSimulatesPhysics":false,"motorReadsNetworkPose":true,"hudSpeed":F3},"timestamp":1782766384492}
{"sessionId":"5484ca","runId":"nt-fix","hypothesisId":"P","location":"Starship.LateUpdate","message":"pulse check: nt pose delta vs rb vel","data":{"hudPlanarSpeed":12.5039,"rbVelSpeed":20.2854,"posDeltaSpeed":96.2588,"trRbDelta":0.12346,"ntEnabled":true},"timestamp":1782766384511}
{"sessionId":"5484ca","runId":"bare-ngo","hypothesisId":"K","location":"Starship.LateUpdate","message":"rotation sample","data":{"trYaw":125.46,"rbYaw":126.39,"yawDelta":0.93,"bankAngVel":171.40,"bankAngle":F2},"timestamp":1782766384512}
{"sessionId":"5484ca","runId":"post-fix","hypothesisId":"A","location":"CameraController.LateUpdate","message":"camera follow sample","data":{"followJitter":1.93645,"trRbDelta":0.00000,"rawFollowX":127.03,"rawFollowZ":-71.00,"smoothedFollowX":127.03,"smoothedFollowZ":-F2},"timestamp":1782766384512}
{"sessionId":"5484ca","runId":"nt-fix","hypothesisId":"P","location":"Starship.LateUpdate","message":"pulse check: nt pose delta vs rb vel","data":{"hudPlanarSpeed":11.5958,"rbVelSpeed":5.1647,"posDeltaSpeed":100.5936,"trRbDelta":0.09901,"ntEnabled":true},"timestamp":1782766384658}
{"sessionId":"5484ca","runId":"bare-ngo","hypothesisId":"K","location":"Starship.LateUpdate","message":"rotation sample","data":{"trYaw":137.30,"rbYaw":137.88,"yawDelta":0.58,"bankAngVel":101.50,"bankAngle":F2},"timestamp":1782766384659}
{"sessionId":"5484ca","runId":"post-fix","hypothesisId":"A","location":"CameraController.LateUpdate","message":"camera follow sample","data":{"followJitter":1.86783,"trRbDelta":0.00000,"rawFollowX":128.54,"rawFollowZ":-72.11,"smoothedFollowX":128.54,"smoothedFollowZ":-F2},"timestamp":1782766384659}
{"sessionId":"5484ca","runId":"nt-fix","hypothesisId":"P","location":"Starship.LateUpdate","message":"pulse check: nt pose delta vs rb vel","data":{"hudPlanarSpeed":14.4718,"rbVelSpeed":15.7216,"posDeltaSpeed":121.2121,"trRbDelta":0.25427,"ntEnabled":true},"timestamp":1782766384802}
{"sessionId":"5484ca","runId":"bare-ngo","hypothesisId":"K","location":"Starship.LateUpdate","message":"rotation sample","data":{"trYaw":142.42,"rbYaw":142.73,"yawDelta":0.31,"bankAngVel":55.63,"bankAngle":F2},"timestamp":1782766384802}
{"sessionId":"5484ca","runId":"post-fix","hypothesisId":"A","location":"CameraController.LateUpdate","message":"camera follow sample","data":{"followJitter":2.22183,"trRbDelta":0.00000,"rawFollowX":129.98,"rawFollowZ":-73.80,"smoothedFollowX":129.98,"smoothedFollowZ":-F2},"timestamp":1782766384802}
{"sessionId":"5484ca","runId":"thruster-vfx","hypothesisId":"A","location":"Starship.UpdateEngineAndThrusterVFX","message":"thruster vfx sample","data":{"isServer":false,"isClient":true,"isHost":false,"speed":11.803,"accelerating":true,"showThrusters":true,"thrusterBlend":1.000,"thrusterCount":3},"timestamp":1782766384930}
{"sessionId":"5484ca","runId":"unified-ngo","hypothesisId":"G","location":"Starship.UpdateHudPlanarSpeed","message":"speed","data":{"motorSimulatesPhysics":false,"motorReadsNetworkPose":true,"hudSpeed":F3},"timestamp":1782766384931}
{"sessionId":"5484ca","runId":"nt-fix","hypothesisId":"P","location":"Starship.LateUpdate","message":"pulse check: nt pose delta vs rb vel","data":{"hudPlanarSpeed":10.9440,"rbVelSpeed":4.2721,"posDeltaSpeed":75.8242,"trRbDelta":0.03704,"ntEnabled":true},"timestamp":1782766384949}
{"sessionId":"5484ca","runId":"bare-ngo","hypothesisId":"K","location":"Starship.LateUpdate","message":"rotation sample","data":{"trYaw":143.91,"rbYaw":143.94,"yawDelta":0.03,"bankAngVel":23.07,"bankAngle":F2},"timestamp":1782766384950}
{"sessionId":"5484ca","runId":"post-fix","hypothesisId":"A","location":"CameraController.LateUpdate","message":"camera follow sample","data":{"followJitter":1.46539,"trRbDelta":0.00000,"rawFollowX":130.89,"rawFollowZ":-74.95,"smoothedFollowX":130.89,"smoothedFollowZ":-F2},"timestamp":1782766384950}
{"sessionId":"5484ca","runId":"nt-fix","hypothesisId":"P","location":"Starship.LateUpdate","message":"pulse check: nt pose delta vs rb vel","data":{"hudPlanarSpeed":14.5638,"rbVelSpeed":10.3090,"posDeltaSpeed":141.5365,"trRbDelta":0.17986,"ntEnabled":true},"timestamp":1782766385100}
{"sessionId":"5484ca","runId":"bare-ngo","hypothesisId":"K","location":"Starship.LateUpdate","message":"rotation sample","data":{"trYaw":144.20,"rbYaw":144.21,"yawDelta":0.01,"bankAngVel":8.03,"bankAngle":F2},"timestamp":1782766385100}
{"sessionId":"5484ca","runId":"post-fix","hypothesisId":"A","location":"CameraController.LateUpdate","message":"camera follow sample","data":{"followJitter":2.61885,"trRbDelta":0.00000,"rawFollowX":132.43,"rawFollowZ":-77.07,"smoothedFollowX":132.43,"smoothedFollowZ":-F2},"timestamp":1782766385101}
{"sessionId":"5484ca","runId":"nt-fix","hypothesisId":"P","location":"Starship.LateUpdate","message":"pulse check: nt pose delta vs rb vel","data":{"hudPlanarSpeed":12.4094,"rbVelSpeed":21.6615,"posDeltaSpeed":76.9620,"trRbDelta":0.24161,"ntEnabled":true},"timestamp":1782766385247}
{"sessionId":"5484ca","runId":"bare-ngo","hypothesisId":"K","location":"Starship.LateUpdate","message":"rotation sample","data":{"trYaw":143.03,"rbYaw":142.63,"yawDelta":-0.40,"bankAngVel":-5.88,"bankAngle":F2},"timestamp":1782766385247}
{"sessionId":"5484ca","runId":"post-fix","hypothesisId":"A","location":"CameraController.LateUpdate","message":"camera follow sample","data":{"followJitter":1.49564,"trRbDelta":0.00000,"rawFollowX":133.32,"rawFollowZ":-78.27,"smoothedFollowX":133.32,"smoothedFollowZ":-F2},"timestamp":1782766385247}
{"sessionId":"5484ca","runId":"thruster-vfx","hypothesisId":"A","location":"Starship.UpdateEngineAndThrusterVFX","message":"thruster vfx sample","data":{"isServer":false,"isClient":true,"isHost":false,"speed":14.362,"accelerating":true,"showThrusters":true,"thrusterBlend":1.000,"thrusterCount":3},"timestamp":1782766385374}
{"sessionId":"5484ca","runId":"unified-ngo","hypothesisId":"G","location":"Starship.UpdateHudPlanarSpeed","message":"speed","data":{"motorSimulatesPhysics":false,"motorReadsNetworkPose":true,"hudSpeed":F3},"timestamp":1782766385375}
{"sessionId":"5484ca","runId":"nt-fix","hypothesisId":"P","location":"Starship.LateUpdate","message":"pulse check: nt pose delta vs rb vel","data":{"hudPlanarSpeed":13.8427,"rbVelSpeed":9.3212,"posDeltaSpeed":136.1894,"trRbDelta":0.03932,"ntEnabled":true},"timestamp":1782766385394}
{"sessionId":"5484ca","runId":"bare-ngo","hypothesisId":"K","location":"Starship.LateUpdate","message":"rotation sample","data":{"trYaw":140.40,"rbYaw":140.37,"yawDelta":-0.03,"bankAngVel":-12.42,"bankAngle":-F2},"timestamp":1782766385394}
{"sessionId":"5484ca","runId":"post-fix","hypothesisId":"A","location":"CameraController.LateUpdate","message":"camera follow sample","data":{"followJitter":2.29159,"trRbDelta":0.00000,"rawFollowX":134.75,"rawFollowZ":-80.06,"smoothedFollowX":134.75,"smoothedFollowZ":-F2},"timestamp":1782766385395}
{"sessionId":"5484ca","runId":"nt-fix","hypothesisId":"P","location":"Starship.LateUpdate","message":"pulse check: nt pose delta vs rb vel","data":{"hudPlanarSpeed":14.0922,"rbVelSpeed":14.8440,"posDeltaSpeed":106.5530,"trRbDelta":0.29449,"ntEnabled":true},"timestamp":1782766385539}
{"sessionId":"5484ca","runId":"bare-ngo","hypothesisId":"K","location":"Starship.LateUpdate","message":"rotation sample","data":{"trYaw":138.65,"rbYaw":138.46,"yawDelta":-0.20,"bankAngVel":-12.96,"bankAngle":-F2},"timestamp":1782766385539}
{"sessionId":"5484ca","runId":"post-fix","hypothesisId":"A","location":"CameraController.LateUpdate","message":"camera follow sample","data":{"followJitter":1.89470,"trRbDelta":0.00000,"rawFollowX":135.99,"rawFollowZ":-81.50,"smoothedFollowX":135.99,"smoothedFollowZ":-F2},"timestamp":1782766385539}
{"sessionId":"5484ca","runId":"nt-fix","hypothesisId":"P","location":"Starship.LateUpdate","message":"pulse check: nt pose delta vs rb vel","data":{"hudPlanarSpeed":12.3106,"rbVelSpeed":7.4188,"posDeltaSpeed":95.8118,"trRbDelta":0.10444,"ntEnabled":true},"timestamp":1782766385684}
{"sessionId":"5484ca","runId":"bare-ngo","hypothesisId":"K","location":"Starship.LateUpdate","message":"rotation sample","data":{"trYaw":137.86,"rbYaw":137.83,"yawDelta":-0.03,"bankAngVel":-7.24,"bankAngle":-F2},"timestamp":1782766385684}
{"sessionId":"5484ca","runId":"post-fix","hypothesisId":"A","location":"CameraController.LateUpdate","message":"camera follow sample","data":{"followJitter":1.76084,"trRbDelta":0.00000,"rawFollowX":137.15,"rawFollowZ":-82.81,"smoothedFollowX":137.15,"smoothedFollowZ":-F2},"timestamp":1782766385684}
{"sessionId":"5484ca","runId":"thruster-vfx","hypothesisId":"A","location":"Starship.UpdateEngineAndThrusterVFX","message":"thruster vfx sample","data":{"isServer":false,"isClient":true,"isHost":false,"speed":15.302,"accelerating":true,"showThrusters":true,"thrusterBlend":1.000,"thrusterCount":3},"timestamp":1782766385811}
{"sessionId":"5484ca","runId":"unified-ngo","hypothesisId":"G","location":"Starship.UpdateHudPlanarSpeed","message":"speed","data":{"motorSimulatesPhysics":false,"motorReadsNetworkPose":true,"hudSpeed":F3},"timestamp":1782766385812}
{"sessionId":"5484ca","runId":"nt-fix","hypothesisId":"P","location":"Starship.LateUpdate","message":"pulse check: nt pose delta vs rb vel","data":{"hudPlanarSpeed":15.2853,"rbVelSpeed":14.9756,"posDeltaSpeed":126.1501,"trRbDelta":0.10794,"ntEnabled":true},"timestamp":1782766385831}
{"sessionId":"5484ca","runId":"bare-ngo","hypothesisId":"K","location":"Starship.LateUpdate","message":"rotation sample","data":{"trYaw":137.71,"rbYaw":137.70,"yawDelta":0.00,"bankAngVel":-2.87,"bankAngle":-F2},"timestamp":1782766385832}
{"sessionId":"5484ca","runId":"post-fix","hypothesisId":"A","location":"CameraController.LateUpdate","message":"camera follow sample","data":{"followJitter":2.49960,"trRbDelta":0.00000,"rawFollowX":138.83,"rawFollowZ":-84.67,"smoothedFollowX":138.83,"smoothedFollowZ":-F2},"timestamp":1782766385833}
{"sessionId":"5484ca","runId":"nt-fix","hypothesisId":"P","location":"Starship.LateUpdate","message":"pulse check: nt pose delta vs rb vel","data":{"hudPlanarSpeed":12.6372,"rbVelSpeed":18.3751,"posDeltaSpeed":92.1251,"trRbDelta":0.29964,"ntEnabled":true},"timestamp":1782766385982}
{"sessionId":"5484ca","runId":"bare-ngo","hypothesisId":"K","location":"Starship.LateUpdate","message":"rotation sample","data":{"trYaw":137.68,"rbYaw":137.68,"yawDelta":0.00,"bankAngVel":-0.98,"bankAngle":-F2},"timestamp":1782766385983}
{"sessionId":"5484ca","runId":"post-fix","hypothesisId":"A","location":"CameraController.LateUpdate","message":"camera follow sample","data":{"followJitter":1.62034,"trRbDelta":0.00000,"rawFollowX":139.92,"rawFollowZ":-85.87,"smoothedFollowX":139.92,"smoothedFollowZ":-F2},"timestamp":1782766385983}
{"sessionId":"5484ca","runId":"nt-fix","hypothesisId":"P","location":"Starship.LateUpdate","message":"pulse check: nt pose delta vs rb vel","data":{"hudPlanarSpeed":14.0752,"rbVelSpeed":9.0156,"posDeltaSpeed":120.7435,"trRbDelta":0.11405,"ntEnabled":true},"timestamp":1782766386125}
{"sessionId":"5484ca","runId":"bare-ngo","hypothesisId":"K","location":"Starship.LateUpdate","message":"rotation sample","data":{"trYaw":137.67,"rbYaw":137.67,"yawDelta":0.00,"bankAngVel":-0.33,"bankAngle":F2},"timestamp":1782766386126}
{"sessionId":"5484ca","runId":"post-fix","hypothesisId":"A","location":"CameraController.LateUpdate","message":"camera follow sample","data":{"followJitter":2.23229,"trRbDelta":0.00000,"rawFollowX":141.43,"rawFollowZ":-87.52,"smoothedFollowX":141.43,"smoothedFollowZ":-F2},"timestamp":1782766386126}
{"sessionId":"5484ca","runId":"thruster-vfx","hypothesisId":"A","location":"Starship.UpdateEngineAndThrusterVFX","message":"thruster vfx sample","data":{"isServer":false,"isClient":true,"isHost":false,"speed":13.874,"accelerating":true,"showThrusters":true,"thrusterBlend":1.000,"thrusterCount":3},"timestamp":1782766386248}
{"sessionId":"5484ca","runId":"unified-ngo","hypothesisId":"G","location":"Starship.UpdateHudPlanarSpeed","message":"speed","data":{"motorSimulatesPhysics":false,"motorReadsNetworkPose":true,"hudSpeed":F3},"timestamp":1782766386248}
{"sessionId":"5484ca","runId":"nt-fix","hypothesisId":"P","location":"Starship.LateUpdate","message":"pulse check: nt pose delta vs rb vel","data":{"hudPlanarSpeed":14.4437,"rbVelSpeed":16.7669,"posDeltaSpeed":95.7112,"trRbDelta":0.18415,"ntEnabled":true},"timestamp":1782766386267}
{"sessionId":"5484ca","runId":"bare-ngo","hypothesisId":"K","location":"Starship.LateUpdate","message":"rotation sample","data":{"trYaw":137.67,"rbYaw":137.67,"yawDelta":0.00,"bankAngVel":-0.11,"bankAngle":F2},"timestamp":1782766386267}
{"sessionId":"5484ca","runId":"post-fix","hypothesisId":"A","location":"CameraController.LateUpdate","message":"camera follow sample","data":{"followJitter":1.89121,"trRbDelta":0.00000,"rawFollowX":142.70,"rawFollowZ":-88.91,"smoothedFollowX":142.70,"smoothedFollowZ":-F2},"timestamp":1782766386267}
{"sessionId":"5484ca","runId":"nt-fix","hypothesisId":"P","location":"Starship.LateUpdate","message":"pulse check: nt pose delta vs rb vel","data":{"hudPlanarSpeed":12.8260,"rbVelSpeed":5.7566,"posDeltaSpeed":108.0781,"trRbDelta":0.11219,"ntEnabled":true},"timestamp":1782766386419}
{"sessionId":"5484ca","runId":"bare-ngo","hypothesisId":"K","location":"Starship.LateUpdate","message":"rotation sample","data":{"trYaw":137.67,"rbYaw":137.67,"yawDelta":0.00,"bankAngVel":-0.03,"bankAngle":F2},"timestamp":1782766386419}
{"sessionId":"5484ca","runId":"post-fix","hypothesisId":"A","location":"CameraController.LateUpdate","message":"camera follow sample","data":{"followJitter":1.94072,"trRbDelta":0.00000,"rawFollowX":144.01,"rawFollowZ":-90.35,"smoothedFollowX":144.01,"smoothedFollowZ":-F2},"timestamp":1782766386419}
{"sessionId":"5484ca","runId":"nt-fix","hypothesisId":"P","location":"Starship.LateUpdate","message":"pulse check: nt pose delta vs rb vel","data":{"hudPlanarSpeed":14.6844,"rbVelSpeed":14.7362,"posDeltaSpeed":124.6439,"trRbDelta":0.25206,"ntEnabled":true},"timestamp":1782766386561}
{"sessionId":"5484ca","runId":"bare-ngo","hypothesisId":"K","location":"Starship.LateUpdate","message":"rotation sample","data":{"trYaw":135.45,"rbYaw":135.32,"yawDelta":-0.13,"bankAngVel":-10.18,"bankAngle":-F2},"timestamp":1782766386561}
{"sessionId":"5484ca","runId":"post-fix","hypothesisId":"A","location":"CameraController.LateUpdate","message":"camera follow sample","data":{"followJitter":2.28328,"trRbDelta":0.00000,"rawFollowX":145.58,"rawFollowZ":-92.00,"smoothedFollowX":145.58,"smoothedFollowZ":-F2},"timestamp":1782766386562}
{"sessionId":"5484ca","runId":"thruster-vfx","hypothesisId":"A","location":"Starship.UpdateEngineAndThrusterVFX","message":"thruster vfx sample","data":{"isServer":false,"isClient":true,"isHost":false,"speed":11.436,"accelerating":true,"showThrusters":true,"thrusterBlend":1.000,"thrusterCount":3},"timestamp":1782766386688}
{"sessionId":"5484ca","runId":"unified-ngo","hypothesisId":"G","location":"Starship.UpdateHudPlanarSpeed","message":"speed","data":{"motorSimulatesPhysics":false,"motorReadsNetworkPose":true,"hudSpeed":F3},"timestamp":1782766386689}
{"sessionId":"5484ca","runId":"nt-fix","hypothesisId":"P","location":"Starship.LateUpdate","message":"pulse check: nt pose delta vs rb vel","data":{"hudPlanarSpeed":11.2073,"rbVelSpeed":8.5505,"posDeltaSpeed":71.7611,"trRbDelta":0.08393,"ntEnabled":true},"timestamp":1782766386708}
{"sessionId":"5484ca","runId":"bare-ngo","hypothesisId":"K","location":"Starship.LateUpdate","message":"rotation sample","data":{"trYaw":134.40,"rbYaw":134.26,"yawDelta":-0.14,"bankAngVel":-8.69,"bankAngle":-F2},"timestamp":1782766386709}
{"sessionId":"5484ca","runId":"post-fix","hypothesisId":"A","location":"CameraController.LateUpdate","message":"camera follow sample","data":{"followJitter":1.41438,"trRbDelta":0.00000,"rawFollowX":146.57,"rawFollowZ":-93.01,"smoothedFollowX":146.57,"smoothedFollowZ":-F2},"timestamp":1782766386709}
{"sessionId":"5484ca","runId":"nt-fix","hypothesisId":"P","location":"Starship.LateUpdate","message":"pulse check: nt pose delta vs rb vel","data":{"hudPlanarSpeed":14.3542,"rbVelSpeed":14.8552,"posDeltaSpeed":137.9091,"trRbDelta":0.00794,"ntEnabled":true},"timestamp":1782766386855}
{"sessionId":"5484ca","runId":"bare-ngo","hypothesisId":"K","location":"Starship.LateUpdate","message":"rotation sample","data":{"trYaw":129.41,"rbYaw":129.36,"yawDelta":-0.05,"bankAngVel":-32.46,"bankAngle":-F2},"timestamp":1782766386855}
{"sessionId":"5484ca","runId":"post-fix","hypothesisId":"A","location":"CameraController.LateUpdate","message":"camera follow sample","data":{"followJitter":2.48894,"trRbDelta":0.00000,"rawFollowX":148.38,"rawFollowZ":-94.72,"smoothedFollowX":148.38,"smoothedFollowZ":-F2},"timestamp":1782766386855}
{"sessionId":"5484ca","runId":"nt-fix","hypothesisId":"P","location":"Starship.LateUpdate","message":"pulse check: nt pose delta vs rb vel","data":{"hudPlanarSpeed":13.5887,"rbVelSpeed":19.9758,"posDeltaSpeed":99.3542,"trRbDelta":0.17207,"ntEnabled":true},"timestamp":1782766387009}
{"sessionId":"5484ca","runId":"bare-ngo","hypothesisId":"K","location":"Starship.LateUpdate","message":"rotation sample","data":{"trYaw":109.91,"rbYaw":107.46,"yawDelta":-2.45,"bankAngVel":-120.85,"bankAngle":-F2},"timestamp":1782766387010}
{"sessionId":"5484ca","runId":"post-fix","hypothesisId":"A","location":"CameraController.LateUpdate","message":"camera follow sample","data":{"followJitter":1.84504,"trRbDelta":0.00000,"rawFollowX":149.91,"rawFollowZ":-95.75,"smoothedFollowX":149.91,"smoothedFollowZ":-F2},"timestamp":1782766387010}
{"sessionId":"5484ca","runId":"thruster-vfx","hypothesisId":"A","location":"Starship.UpdateEngineAndThrusterVFX","message":"thruster vfx sample","data":{"isServer":false,"isClient":true,"isHost":false,"speed":12.873,"accelerating":true,"showThrusters":true,"thrusterBlend":1.000,"thrusterCount":3},"timestamp":1782766387144}
{"sessionId":"5484ca","runId":"unified-ngo","hypothesisId":"G","location":"Starship.UpdateHudPlanarSpeed","message":"speed","data":{"motorSimulatesPhysics":false,"motorReadsNetworkPose":true,"hudSpeed":F3},"timestamp":1782766387144}
{"sessionId":"5484ca","runId":"nt-fix","hypothesisId":"P","location":"Starship.LateUpdate","message":"pulse check: nt pose delta vs rb vel","data":{"hudPlanarSpeed":12.0230,"rbVelSpeed":5.3423,"posDeltaSpeed":96.3677,"trRbDelta":0.07292,"ntEnabled":true},"timestamp":1782766387165}
{"sessionId":"5484ca","runId":"bare-ngo","hypothesisId":"K","location":"Starship.LateUpdate","message":"rotation sample","data":{"trYaw":80.97,"rbYaw":79.87,"yawDelta":-1.09,"bankAngVel":-153.22,"bankAngle":-F2},"timestamp":1782766387166}
{"sessionId":"5484ca","runId":"post-fix","hypothesisId":"A","location":"CameraController.LateUpdate","message":"camera follow sample","data":{"followJitter":1.95905,"trRbDelta":0.00000,"rawFollowX":151.79,"rawFollowZ":-96.32,"smoothedFollowX":151.79,"smoothedFollowZ":-F2},"timestamp":1782766387166}
{"sessionId":"5484ca","runId":"nt-fix","hypothesisId":"P","location":"Starship.LateUpdate","message":"pulse check: nt pose delta vs rb vel","data":{"hudPlanarSpeed":12.8804,"rbVelSpeed":13.1912,"posDeltaSpeed":108.7370,"trRbDelta":0.05806,"ntEnabled":true},"timestamp":1782766387314}
{"sessionId":"5484ca","runId":"bare-ngo","hypothesisId":"K","location":"Starship.LateUpdate","message":"rotation sample","data":{"trYaw":47.40,"rbYaw":46.48,"yawDelta":-0.92,"bankAngVel":-211.35,"bankAngle":-F2},"timestamp":1782766387314}
{"sessionId":"5484ca","runId":"post-fix","hypothesisId":"A","location":"CameraController.LateUpdate","message":"camera follow sample","data":{"followJitter":2.11104,"trRbDelta":0.00000,"rawFollowX":153.79,"rawFollowZ":-95.65,"smoothedFollowX":153.79,"smoothedFollowZ":-F2},"timestamp":1782766387314}
{"sessionId":"5484ca","runId":"nt-fix","hypothesisId":"P","location":"Starship.LateUpdate","message":"pulse check: nt pose delta vs rb vel","data":{"hudPlanarSpeed":9.8150,"rbVelSpeed":21.6635,"posDeltaSpeed":70.5845,"trRbDelta":0.15809,"ntEnabled":true},"timestamp":1782766387471}
{"sessionId":"5484ca","runId":"bare-ngo","hypothesisId":"K","location":"Starship.LateUpdate","message":"rotation sample","data":{"trYaw":25.41,"rbYaw":22.94,"yawDelta":-2.47,"bankAngVel":-166.15,"bankAngle":-F2},"timestamp":1782766387471}
{"sessionId":"5484ca","runId":"post-fix","hypothesisId":"A","location":"CameraController.LateUpdate","message":"camera follow sample","data":{"followJitter":1.34891,"trRbDelta":0.00000,"rawFollowX":154.83,"rawFollowZ":-94.79,"smoothedFollowX":154.83,"smoothedFollowZ":-F2},"timestamp":1782766387472}
{"sessionId":"5484ca","runId":"thruster-vfx","hypothesisId":"A","location":"Starship.UpdateEngineAndThrusterVFX","message":"thruster vfx sample","data":{"isServer":false,"isClient":true,"isHost":false,"speed":12.326,"accelerating":true,"showThrusters":true,"thrusterBlend":1.000,"thrusterCount":3},"timestamp":1782766387599}
{"sessionId":"5484ca","runId":"unified-ngo","hypothesisId":"G","location":"Starship.UpdateHudPlanarSpeed","message":"speed","data":{"motorSimulatesPhysics":false,"motorReadsNetworkPose":true,"hudSpeed":F3},"timestamp":1782766387600}
{"sessionId":"5484ca","runId":"nt-fix","hypothesisId":"P","location":"Starship.LateUpdate","message":"pulse check: nt pose delta vs rb vel","data":{"hudPlanarSpeed":11.9262,"rbVelSpeed":9.4700,"posDeltaSpeed":122.8565,"trRbDelta":0.00427,"ntEnabled":true},"timestamp":1782766387616}
{"sessionId":"5484ca","runId":"bare-ngo","hypothesisId":"K","location":"Starship.LateUpdate","message":"rotation sample","data":{"trYaw":348.48,"rbYaw":348.41,"yawDelta":-0.07,"bankAngVel":-210.91,"bankAngle":-F2},"timestamp":1782766387617}
{"sessionId":"5484ca","runId":"post-fix","hypothesisId":"A","location":"CameraController.LateUpdate","message":"camera follow sample","data":{"followJitter":2.31314,"trRbDelta":0.00000,"rawFollowX":155.47,"rawFollowZ":-92.57,"smoothedFollowX":155.47,"smoothedFollowZ":-F2},"timestamp":1782766387617}
{"sessionId":"5484ca","runId":"nt-fix","hypothesisId":"P","location":"Starship.LateUpdate","message":"pulse check: nt pose delta vs rb vel","data":{"hudPlanarSpeed":12.2315,"rbVelSpeed":16.1285,"posDeltaSpeed":105.6452,"trRbDelta":0.26051,"ntEnabled":true},"timestamp":1782766387762}
{"sessionId":"5484ca","runId":"bare-ngo","hypothesisId":"K","location":"Starship.LateUpdate","message":"rotation sample","data":{"trYaw":317.91,"rbYaw":313.75,"yawDelta":-4.16,"bankAngVel":-227.84,"bankAngle":-F2},"timestamp":1782766387762}
{"sessionId":"5484ca","runId":"post-fix","hypothesisId":"A","location":"CameraController.LateUpdate","message":"camera follow sample","data":{"followJitter":1.85954,"trRbDelta":0.00000,"rawFollowX":154.87,"rawFollowZ":-90.81,"smoothedFollowX":154.87,"smoothedFollowZ":-F2},"timestamp":1782766387762}
{"sessionId":"5484ca","runId":"nt-fix","hypothesisId":"P","location":"Starship.LateUpdate","message":"pulse check: nt pose delta vs rb vel","data":{"hudPlanarSpeed":11.0759,"rbVelSpeed":5.5807,"posDeltaSpeed":100.3689,"trRbDelta":0.10788,"ntEnabled":true},"timestamp":1782766387918}
{"sessionId":"5484ca","runId":"bare-ngo","hypothesisId":"K","location":"Starship.LateUpdate","message":"rotation sample","data":{"trYaw":292.27,"rbYaw":291.06,"yawDelta":-1.21,"bankAngVel":-167.22,"bankAngle":-F2},"timestamp":1782766387919}
{"sessionId":"5484ca","runId":"post-fix","hypothesisId":"A","location":"CameraController.LateUpdate","message":"camera follow sample","data":{"followJitter":1.92495,"trRbDelta":0.00000,"rawFollowX":153.54,"rawFollowZ":-89.42,"smoothedFollowX":153.54,"smoothedFollowZ":-F2},"timestamp":1782766387919}
{"sessionId":"5484ca","runId":"thruster-vfx","hypothesisId":"A","location":"Starship.UpdateEngineAndThrusterVFX","message":"thruster vfx sample","data":{"isServer":false,"isClient":true,"isHost":false,"speed":12.561,"accelerating":true,"showThrusters":true,"thrusterBlend":1.000,"thrusterCount":3},"timestamp":1782766388043}
{"sessionId":"5484ca","runId":"unified-ngo","hypothesisId":"G","location":"Starship.UpdateHudPlanarSpeed","message":"speed","data":{"motorSimulatesPhysics":false,"motorReadsNetworkPose":true,"hudSpeed":F3},"timestamp":1782766388043}
{"sessionId":"5484ca","runId":"nt-fix","hypothesisId":"P","location":"Starship.LateUpdate","message":"pulse check: nt pose delta vs rb vel","data":{"hudPlanarSpeed":12.8171,"rbVelSpeed":14.2586,"posDeltaSpeed":107.5986,"trRbDelta":0.21665,"ntEnabled":true},"timestamp":1782766388063}
{"sessionId":"5484ca","runId":"bare-ngo","hypothesisId":"K","location":"Starship.LateUpdate","message":"rotation sample","data":{"trYaw":285.16,"rbYaw":284.54,"yawDelta":-0.61,"bankAngVel":-85.56,"bankAngle":-F2},"timestamp":1782766388063}
{"sessionId":"5484ca","runId":"post-fix","hypothesisId":"A","location":"CameraController.LateUpdate","message":"camera follow sample","data":{"followJitter":2.03244,"trRbDelta":0.00000,"rawFollowX":151.67,"rawFollowZ":-88.62,"smoothedFollowX":151.67,"smoothedFollowZ":-F2},"timestamp":1782766388064}
{"sessionId":"5484ca","runId":"nt-fix","hypothesisId":"P","location":"Starship.LateUpdate","message":"pulse check: nt pose delta vs rb vel","data":{"hudPlanarSpeed":10.1279,"rbVelSpeed":8.2898,"posDeltaSpeed":67.5847,"trRbDelta":0.11386,"ntEnabled":true},"timestamp":1782766388203}
{"sessionId":"5484ca","runId":"bare-ngo","hypothesisId":"K","location":"Starship.LateUpdate","message":"rotation sample","data":{"trYaw":282.02,"rbYaw":281.90,"yawDelta":-0.12,"bankAngVel":-40.64,"bankAngle":-F2},"timestamp":1782766388205}
{"sessionId":"5484ca","runId":"post-fix","hypothesisId":"A","location":"CameraController.LateUpdate","message":"camera follow sample","data":{"followJitter":1.27267,"trRbDelta":0.00000,"rawFollowX":150.45,"rawFollowZ":-88.24,"smoothedFollowX":150.45,"smoothedFollowZ":-F2},"timestamp":1782766388205}
{"sessionId":"5484ca","runId":"nt-fix","hypothesisId":"P","location":"Starship.LateUpdate","message":"pulse check: nt pose delta vs rb vel","data":{"hudPlanarSpeed":15.1513,"rbVelSpeed":15.0231,"posDeltaSpeed":147.8432,"trRbDelta":0.22821,"ntEnabled":true},"timestamp":1782766388342}
{"sessionId":"5484ca","runId":"bare-ngo","hypothesisId":"K","location":"Starship.LateUpdate","message":"rotation sample","data":{"trYaw":281.37,"rbYaw":281.34,"yawDelta":-0.03,"bankAngVel":-16.14,"bankAngle":-F2},"timestamp":1782766388342}
{"sessionId":"5484ca","runId":"post-fix","hypothesisId":"A","location":"CameraController.LateUpdate","message":"camera follow sample","data":{"followJitter":2.59070,"trRbDelta":0.00000,"rawFollowX":147.92,"rawFollowZ":-87.68,"smoothedFollowX":147.92,"smoothedFollowZ":-F2},"timestamp":1782766388343}
{"sessionId":"5484ca","runId":"thruster-vfx","hypothesisId":"A","location":"Starship.UpdateEngineAndThrusterVFX","message":"thruster vfx sample","data":{"isServer":false,"isClient":true,"isHost":false,"speed":12.065,"accelerating":true,"showThrusters":true,"thrusterBlend":1.000,"thrusterCount":3},"timestamp":1782766388469}
{"sessionId":"5484ca","runId":"unified-ngo","hypothesisId":"G","location":"Starship.UpdateHudPlanarSpeed","message":"speed","data":{"motorSimulatesPhysics":false,"motorReadsNetworkPose":true,"hudSpeed":F3},"timestamp":1782766388470}
{"sessionId":"5484ca","runId":"nt-fix","hypothesisId":"P","location":"Starship.LateUpdate","message":"pulse check: nt pose delta vs rb vel","data":{"hudPlanarSpeed":13.1922,"rbVelSpeed":22.1967,"posDeltaSpeed":85.2075,"trRbDelta":0.20835,"ntEnabled":true},"timestamp":1782766388490}
{"sessionId":"5484ca","runId":"bare-ngo","hypothesisId":"K","location":"Starship.LateUpdate","message":"rotation sample","data":{"trYaw":281.23,"rbYaw":281.22,"yawDelta":0.00,"bankAngVel":-5.60,"bankAngle":-F2},"timestamp":1782766388490}
{"sessionId":"5484ca","runId":"post-fix","hypothesisId":"A","location":"CameraController.LateUpdate","message":"camera follow sample","data":{"followJitter":1.67509,"trRbDelta":0.00000,"rawFollowX":146.28,"rawFollowZ":-87.35,"smoothedFollowX":146.28,"smoothedFollowZ":-F2},"timestamp":1782766388490}
{"sessionId":"5484ca","runId":"nt-fix","hypothesisId":"P","location":"Starship.LateUpdate","message":"pulse check: nt pose delta vs rb vel","data":{"hudPlanarSpeed":12.9421,"rbVelSpeed":7.5620,"posDeltaSpeed":115.6699,"trRbDelta":0.00109,"ntEnabled":true},"timestamp":1782766388636}
{"sessionId":"5484ca","runId":"bare-ngo","hypothesisId":"K","location":"Starship.LateUpdate","message":"rotation sample","data":{"trYaw":281.20,"rbYaw":281.20,"yawDelta":0.00,"bankAngVel":-1.81,"bankAngle":-F2},"timestamp":1782766388637}
{"sessionId":"5484ca","runId":"post-fix","hypothesisId":"A","location":"CameraController.LateUpdate","message":"camera follow sample","data":{"followJitter":2.06923,"trRbDelta":0.00000,"rawFollowX":144.25,"rawFollowZ":-86.94,"smoothedFollowX":144.25,"smoothedFollowZ":-F2},"timestamp":1782766388637}
{"sessionId":"5484ca","runId":"nt-fix","hypothesisId":"P","location":"Starship.LateUpdate","message":"pulse check: nt pose delta vs rb vel","data":{"hudPlanarSpeed":14.9968,"rbVelSpeed":15.8692,"posDeltaSpeed":117.7368,"trRbDelta":0.20095,"ntEnabled":true},"timestamp":1782766388786}
{"sessionId":"5484ca","runId":"bare-ngo","hypothesisId":"K","location":"Starship.LateUpdate","message":"rotation sample","data":{"trYaw":281.19,"rbYaw":281.19,"yawDelta":0.00,"bankAngVel":-0.58,"bankAngle":-F2},"timestamp":1782766388787}
{"sessionId":"5484ca","runId":"post-fix","hypothesisId":"A","location":"CameraController.LateUpdate","message":"camera follow sample","data":{"followJitter":2.24483,"trRbDelta":0.00000,"rawFollowX":142.05,"rawFollowZ":-86.51,"smoothedFollowX":142.05,"smoothedFollowZ":-F2},"timestamp":1782766388787}
{"sessionId":"5484ca","runId":"thruster-vfx","hypothesisId":"A","location":"Starship.UpdateEngineAndThrusterVFX","message":"thruster vfx sample","data":{"isServer":false,"isClient":true,"isHost":false,"speed":11.820,"accelerating":true,"showThrusters":true,"thrusterBlend":1.000,"thrusterCount":3},"timestamp":1782766388925}
{"sessionId":"5484ca","runId":"unified-ngo","hypothesisId":"G","location":"Starship.UpdateHudPlanarSpeed","message":"speed","data":{"motorSimulatesPhysics":false,"motorReadsNetworkPose":true,"hudSpeed":F3},"timestamp":1782766388926}
{"sessionId":"5484ca","runId":"nt-fix","hypothesisId":"P","location":"Starship.LateUpdate","message":"pulse check: nt pose delta vs rb vel","data":{"hudPlanarSpeed":10.9053,"rbVelSpeed":3.8568,"posDeltaSpeed":78.4998,"trRbDelta":0.05094,"ntEnabled":true},"timestamp":1782766388944}
{"sessionId":"5484ca","runId":"bare-ngo","hypothesisId":"K","location":"Starship.LateUpdate","message":"rotation sample","data":{"trYaw":281.19,"rbYaw":281.19,"yawDelta":0.00,"bankAngVel":-0.16,"bankAngle":F2},"timestamp":1782766388945}
{"sessionId":"5484ca","runId":"post-fix","hypothesisId":"A","location":"CameraController.LateUpdate","message":"camera follow sample","data":{"followJitter":1.57106,"trRbDelta":0.00000,"rawFollowX":140.51,"rawFollowZ":-86.20,"smoothedFollowX":140.51,"smoothedFollowZ":-F2},"timestamp":1782766388946}
{"sessionId":"5484ca","runId":"nt-fix","hypothesisId":"P","location":"Starship.LateUpdate","message":"pulse check: nt pose delta vs rb vel","data":{"hudPlanarSpeed":15.4244,"rbVelSpeed":14.0326,"posDeltaSpeed":163.7245,"trRbDelta":0.05417,"ntEnabled":true},"timestamp":1782766389094}
{"sessionId":"5484ca","runId":"bare-ngo","hypothesisId":"K","location":"Starship.LateUpdate","message":"rotation sample","data":{"trYaw":297.29,"rbYaw":297.70,"yawDelta":0.42,"bankAngVel":80.69,"bankAngle":F2},"timestamp":1782766389095}
{"sessionId":"5484ca","runId":"post-fix","hypothesisId":"A","location":"CameraController.LateUpdate","message":"camera follow sample","data":{"followJitter":2.72999,"trRbDelta":0.00000,"rawFollowX":137.89,"rawFollowZ":-85.45,"smoothedFollowX":137.89,"smoothedFollowZ":-F2},"timestamp":1782766389095}
{"sessionId":"5484ca","runId":"nt-fix","hypothesisId":"P","location":"Starship.LateUpdate","message":"pulse check: nt pose delta vs rb vel","data":{"hudPlanarSpeed":12.5427,"rbVelSpeed":21.9804,"posDeltaSpeed":81.9136,"trRbDelta":0.27366,"ntEnabled":true},"timestamp":1782766389247}
{"sessionId":"5484ca","runId":"bare-ngo","hypothesisId":"K","location":"Starship.LateUpdate","message":"rotation sample","data":{"trYaw":312.81,"rbYaw":316.62,"yawDelta":3.81,"bankAngVel":109.63,"bankAngle":F2},"timestamp":1782766389247}
{"sessionId":"5484ca","runId":"post-fix","hypothesisId":"A","location":"CameraController.LateUpdate","message":"camera follow sample","data":{"followJitter":1.55914,"trRbDelta":0.00000,"rawFollowX":136.50,"rawFollowZ":-84.73,"smoothedFollowX":136.50,"smoothedFollowZ":-F2},"timestamp":1782766389247}
{"sessionId":"5484ca","runId":"thruster-vfx","hypothesisId":"A","location":"Starship.UpdateEngineAndThrusterVFX","message":"thruster vfx sample","data":{"isServer":false,"isClient":true,"isHost":false,"speed":13.651,"accelerating":true,"showThrusters":true,"thrusterBlend":1.000,"thrusterCount":3},"timestamp":1782766389382}
{"sessionId":"5484ca","runId":"unified-ngo","hypothesisId":"G","location":"Starship.UpdateHudPlanarSpeed","message":"speed","data":{"motorSimulatesPhysics":false,"motorReadsNetworkPose":true,"hudSpeed":F3},"timestamp":1782766389382}
{"sessionId":"5484ca","runId":"nt-fix","hypothesisId":"P","location":"Starship.LateUpdate","message":"pulse check: nt pose delta vs rb vel","data":{"hudPlanarSpeed":13.0360,"rbVelSpeed":7.3176,"posDeltaSpeed":118.4887,"trRbDelta":0.12417,"ntEnabled":true},"timestamp":1782766389401}
{"sessionId":"5484ca","runId":"bare-ngo","hypothesisId":"K","location":"Starship.LateUpdate","message":"rotation sample","data":{"trYaw":346.49,"rbYaw":348.36,"yawDelta":1.87,"bankAngVel":175.09,"bankAngle":F2},"timestamp":1782766389401}
{"sessionId":"5484ca","runId":"post-fix","hypothesisId":"A","location":"CameraController.LateUpdate","message":"camera follow sample","data":{"followJitter":2.30414,"trRbDelta":0.00000,"rawFollowX":135.03,"rawFollowZ":-82.96,"smoothedFollowX":135.03,"smoothedFollowZ":-F2},"timestamp":1782766389401}
{"sessionId":"5484ca","runId":"nt-fix","hypothesisId":"P","location":"Starship.LateUpdate","message":"pulse check: nt pose delta vs rb vel","data":{"hudPlanarSpeed":12.6719,"rbVelSpeed":18.3863,"posDeltaSpeed":97.5702,"trRbDelta":0.14563,"ntEnabled":true},"timestamp":1782766389550}
{"sessionId":"5484ca","runId":"bare-ngo","hypothesisId":"K","location":"Starship.LateUpdate","message":"rotation sample","data":{"trYaw":15.75,"rbYaw":18.06,"yawDelta":2.31,"bankAngVel":211.91,"bankAngle":F2},"timestamp":1782766389551}
{"sessionId":"5484ca","runId":"post-fix","hypothesisId":"A","location":"CameraController.LateUpdate","message":"camera follow sample","data":{"followJitter":1.82173,"trRbDelta":0.00000,"rawFollowX":134.84,"rawFollowZ":-81.15,"smoothedFollowX":134.84,"smoothedFollowZ":-F2},"timestamp":1782766389551}
{"sessionId":"5484ca","runId":"nt-fix","hypothesisId":"P","location":"Starship.LateUpdate","message":"pulse check: nt pose delta vs rb vel","data":{"hudPlanarSpeed":10.2381,"rbVelSpeed":6.0461,"posDeltaSpeed":81.2701,"trRbDelta":0.09655,"ntEnabled":true},"timestamp":1782766389702}
{"sessionId":"5484ca","runId":"bare-ngo","hypothesisId":"K","location":"Starship.LateUpdate","message":"rotation sample","data":{"trYaw":41.35,"rbYaw":42.90,"yawDelta":1.55,"bankAngVel":167.63,"bankAngle":F2},"timestamp":1782766389702}
{"sessionId":"5484ca","runId":"post-fix","hypothesisId":"A","location":"CameraController.LateUpdate","message":"camera follow sample","data":{"followJitter":1.59895,"trRbDelta":0.00000,"rawFollowX":135.19,"rawFollowZ":-79.59,"smoothedFollowX":135.19,"smoothedFollowZ":-F2},"timestamp":1782766389703}
{"sessionId":"5484ca","runId":"thruster-vfx","hypothesisId":"A","location":"Starship.UpdateEngineAndThrusterVFX","message":"thruster vfx sample","data":{"isServer":false,"isClient":true,"isHost":false,"speed":12.309,"accelerating":true,"showThrusters":true,"thrusterBlend":1.000,"thrusterCount":3},"timestamp":1782766389839}
{"sessionId":"5484ca","runId":"unified-ngo","hypothesisId":"G","location":"Starship.UpdateHudPlanarSpeed","message":"speed","data":{"motorSimulatesPhysics":false,"motorReadsNetworkPose":true,"hudSpeed":F3},"timestamp":1782766389839}
{"sessionId":"5484ca","runId":"nt-fix","hypothesisId":"P","location":"Starship.LateUpdate","message":"pulse check: nt pose delta vs rb vel","data":{"hudPlanarSpeed":12.3613,"rbVelSpeed":11.6053,"posDeltaSpeed":117.3681,"trRbDelta":0.20990,"ntEnabled":true},"timestamp":1782766389861}
{"sessionId":"5484ca","runId":"bare-ngo","hypothesisId":"K","location":"Starship.LateUpdate","message":"rotation sample","data":{"trYaw":80.90,"rbYaw":84.26,"yawDelta":3.37,"bankAngVel":224.89,"bankAngle":F2},"timestamp":1782766389861}
{"sessionId":"5484ca","runId":"post-fix","hypothesisId":"A","location":"CameraController.LateUpdate","message":"camera follow sample","data":{"followJitter":2.45367,"trRbDelta":0.00000,"rawFollowX":137.16,"rawFollowZ":-78.13,"smoothedFollowX":137.16,"smoothedFollowZ":-F2},"timestamp":1782766389861}
{"sessionId":"5484ca","runId":"nt-fix","hypothesisId":"P","location":"Starship.LateUpdate","message":"pulse check: nt pose delta vs rb vel","data":{"hudPlanarSpeed":11.7579,"rbVelSpeed":17.7372,"posDeltaSpeed":97.2612,"trRbDelta":0.12603,"ntEnabled":true},"timestamp":1782766390011}
{"sessionId":"5484ca","runId":"bare-ngo","hypothesisId":"K","location":"Starship.LateUpdate","message":"rotation sample","data":{"trYaw":109.73,"rbYaw":111.55,"yawDelta":1.81,"bankAngVel":215.87,"bankAngle":F2},"timestamp":1782766390011}
{"sessionId":"5484ca","runId":"post-fix","hypothesisId":"A","location":"CameraController.LateUpdate","message":"camera follow sample","data":{"followJitter":1.77641,"trRbDelta":0.00000,"rawFollowX":138.94,"rawFollowZ":-78.02,"smoothedFollowX":138.94,"smoothedFollowZ":-F2},"timestamp":1782766390011}
{"sessionId":"5484ca","runId":"nt-fix","hypothesisId":"P","location":"Starship.LateUpdate","message":"pulse check: nt pose delta vs rb vel","data":{"hudPlanarSpeed":11.0787,"rbVelSpeed":6.5445,"posDeltaSpeed":107.5689,"trRbDelta":0.01463,"ntEnabled":true},"timestamp":1782766390154}
{"sessionId":"5484ca","runId":"bare-ngo","hypothesisId":"K","location":"Starship.LateUpdate","message":"rotation sample","data":{"trYaw":127.71,"rbYaw":127.83,"yawDelta":0.12,"bankAngVel":141.02,"bankAngle":F2},"timestamp":1782766390154}
{"sessionId":"5484ca","runId":"post-fix","hypothesisId":"A","location":"CameraController.LateUpdate","message":"camera follow sample","data":{"followJitter":1.81683,"trRbDelta":0.00000,"rawFollowX":140.65,"rawFollowZ":-78.63,"smoothedFollowX":140.65,"smoothedFollowZ":-F2},"timestamp":1782766390154}
{"sessionId":"5484ca","runId":"thruster-vfx","hypothesisId":"A","location":"Starship.UpdateEngineAndThrusterVFX","message":"thruster vfx sample","data":{"isServer":false,"isClient":true,"isHost":false,"speed":13.753,"accelerating":true,"showThrusters":true,"thrusterBlend":1.000,"thrusterCount":3},"timestamp":1782766390291}
{"sessionId":"5484ca","runId":"unified-ngo","hypothesisId":"G","location":"Starship.UpdateHudPlanarSpeed","message":"speed","data":{"motorSimulatesPhysics":false,"motorReadsNetworkPose":true,"hudSpeed":F3},"timestamp":1782766390292}
{"sessionId":"5484ca","runId":"nt-fix","hypothesisId":"P","location":"Starship.LateUpdate","message":"pulse check: nt pose delta vs rb vel","data":{"hudPlanarSpeed":14.0990,"rbVelSpeed":15.6147,"posDeltaSpeed":105.9080,"trRbDelta":0.09883,"ntEnabled":true},"timestamp":1782766390313}
{"sessionId":"5484ca","runId":"bare-ngo","hypothesisId":"K","location":"Starship.LateUpdate","message":"rotation sample","data":{"trYaw":132.80,"rbYaw":132.89,"yawDelta":0.09,"bankAngVel":60.77,"bankAngle":F2},"timestamp":1782766390314}
{"sessionId":"5484ca","runId":"post-fix","hypothesisId":"A","location":"CameraController.LateUpdate","message":"camera follow sample","data":{"followJitter":2.38992,"trRbDelta":0.00000,"rawFollowX":142.52,"rawFollowZ":-80.11,"smoothedFollowX":142.52,"smoothedFollowZ":-F2},"timestamp":1782766390314}
{"sessionId":"5484ca","runId":"nt-fix","hypothesisId":"P","location":"Starship.LateUpdate","message":"pulse check: nt pose delta vs rb vel","data":{"hudPlanarSpeed":11.0660,"rbVelSpeed":17.7197,"posDeltaSpeed":96.1756,"trRbDelta":0.35298,"ntEnabled":true},"timestamp":1782766390498}
{"sessionId":"5484ca","runId":"bare-ngo","hypothesisId":"K","location":"Starship.LateUpdate","message":"rotation sample","data":{"trYaw":133.85,"rbYaw":133.88,"yawDelta":0.03,"bankAngVel":17.09,"bankAngle":F2},"timestamp":1782766390498}
{"sessionId":"5484ca","runId":"post-fix","hypothesisId":"A","location":"CameraController.LateUpdate","message":"camera follow sample","data":{"followJitter":1.86544,"trRbDelta":0.00000,"rawFollowX":143.90,"rawFollowZ":-81.37,"smoothedFollowX":143.90,"smoothedFollowZ":-F2},"timestamp":1782766390499}
{"sessionId":"5484ca","runId":"nt-fix","hypothesisId":"P","location":"Starship.LateUpdate","message":"pulse check: nt pose delta vs rb vel","data":{"hudPlanarSpeed":13.4144,"rbVelSpeed":7.7944,"posDeltaSpeed":118.4545,"trRbDelta":0.09116,"ntEnabled":true},"timestamp":1782766390647}
{"sessionId":"5484ca","runId":"bare-ngo","hypothesisId":"K","location":"Starship.LateUpdate","message":"rotation sample","data":{"trYaw":133.97,"rbYaw":133.97,"yawDelta":0.00,"bankAngVel":5.70,"bankAngle":F2},"timestamp":1782766390647}
{"sessionId":"5484ca","runId":"post-fix","hypothesisId":"A","location":"CameraController.LateUpdate","message":"camera follow sample","data":{"followJitter":2.35373,"trRbDelta":0.00000,"rawFollowX":145.60,"rawFollowZ":-83.00,"smoothedFollowX":145.60,"smoothedFollowZ":-F2},"timestamp":1782766390648}
{"sessionId":"5484ca","runId":"thruster-vfx","hypothesisId":"A","location":"Starship.UpdateEngineAndThrusterVFX","message":"thruster vfx sample","data":{"isServer":false,"isClient":true,"isHost":false,"speed":14.631,"accelerating":true,"showThrusters":true,"thrusterBlend":1.000,"thrusterCount":3},"timestamp":1782766390780}
{"sessionId":"5484ca","runId":"unified-ngo","hypothesisId":"G","location":"Starship.UpdateHudPlanarSpeed","message":"speed","data":{"motorSimulatesPhysics":false,"motorReadsNetworkPose":true,"hudSpeed":F3},"timestamp":1782766390780}
{"sessionId":"5484ca","runId":"nt-fix","hypothesisId":"P","location":"Starship.LateUpdate","message":"pulse check: nt pose delta vs rb vel","data":{"hudPlanarSpeed":14.6757,"rbVelSpeed":14.2672,"posDeltaSpeed":103.6521,"trRbDelta":0.23802,"ntEnabled":true},"timestamp":1782766390801}
{"sessionId":"5484ca","runId":"bare-ngo","hypothesisId":"K","location":"Starship.LateUpdate","message":"rotation sample","data":{"trYaw":133.99,"rbYaw":134.00,"yawDelta":0.00,"bankAngVel":1.74,"bankAngle":F2},"timestamp":1782766390801}
{"sessionId":"5484ca","runId":"post-fix","hypothesisId":"A","location":"CameraController.LateUpdate","message":"camera follow sample","data":{"followJitter":2.22970,"trRbDelta":0.00000,"rawFollowX":147.20,"rawFollowZ":-84.54,"smoothedFollowX":147.20,"smoothedFollowZ":-F2},"timestamp":1782766390803}
{"sessionId":"5484ca","runId":"nt-fix","hypothesisId":"P","location":"Starship.LateUpdate","message":"pulse check: nt pose delta vs rb vel","data":{"hudPlanarSpeed":11.5680,"rbVelSpeed":4.9540,"posDeltaSpeed":84.2209,"trRbDelta":0.02900,"ntEnabled":true},"timestamp":1782766390952}
{"sessionId":"5484ca","runId":"bare-ngo","hypothesisId":"K","location":"Starship.LateUpdate","message":"rotation sample","data":{"trYaw":134.00,"rbYaw":134.00,"yawDelta":0.00,"bankAngVel":0.54,"bankAngle":F2},"timestamp":1782766390952}
{"sessionId":"5484ca","runId":"post-fix","hypothesisId":"A","location":"CameraController.LateUpdate","message":"camera follow sample","data":{"followJitter":1.62898,"trRbDelta":0.00000,"rawFollowX":148.38,"rawFollowZ":-85.67,"smoothedFollowX":148.38,"smoothedFollowZ":-F2},"timestamp":1782766390952}
{"sessionId":"5484ca","runId":"nt-fix","hypothesisId":"P","location":"Starship.LateUpdate","message":"pulse check: nt pose delta vs rb vel","data":{"hudPlanarSpeed":14.8837,"rbVelSpeed":9.9333,"posDeltaSpeed":144.8831,"trRbDelta":0.07984,"ntEnabled":true},"timestamp":1782766391110}
{"sessionId":"5484ca","runId":"bare-ngo","hypothesisId":"K","location":"Starship.LateUpdate","message":"rotation sample","data":{"trYaw":134.00,"rbYaw":134.00,"yawDelta":0.00,"bankAngVel":0.16,"bankAngle":F2},"timestamp":1782766391110}
{"sessionId":"5484ca","runId":"post-fix","hypothesisId":"A","location":"CameraController.LateUpdate","message":"camera follow sample","data":{"followJitter":2.79561,"trRbDelta":0.00000,"rawFollowX":150.39,"rawFollowZ":-87.62,"smoothedFollowX":150.39,"smoothedFollowZ":-F2},"timestamp":1782766391110}
{"sessionId":"5484ca","runId":"thruster-vfx","hypothesisId":"A","location":"Starship.UpdateEngineAndThrusterVFX","message":"thruster vfx sample","data":{"isServer":false,"isClient":true,"isHost":false,"speed":13.595,"accelerating":true,"showThrusters":true,"thrusterBlend":1.000,"thrusterCount":3},"timestamp":1782766391247}
{"sessionId":"5484ca","runId":"unified-ngo","hypothesisId":"G","location":"Starship.UpdateHudPlanarSpeed","message":"speed","data":{"motorSimulatesPhysics":false,"motorReadsNetworkPose":true,"hudSpeed":F3},"timestamp":1782766391247}
{"sessionId":"5484ca","runId":"nt-fix","hypothesisId":"P","location":"Starship.LateUpdate","message":"pulse check: nt pose delta vs rb vel","data":{"hudPlanarSpeed":14.0729,"rbVelSpeed":15.9192,"posDeltaSpeed":93.6739,"trRbDelta":0.16614,"ntEnabled":true},"timestamp":1782766391268}
{"sessionId":"5484ca","runId":"bare-ngo","hypothesisId":"K","location":"Starship.LateUpdate","message":"rotation sample","data":{"trYaw":152.75,"rbYaw":155.02,"yawDelta":2.27,"bankAngVel":110.06,"bankAngle":F2},"timestamp":1782766391268}
{"sessionId":"5484ca","runId":"post-fix","hypothesisId":"A","location":"CameraController.LateUpdate","message":"camera follow sample","data":{"followJitter":1.95502,"trRbDelta":0.00000,"rawFollowX":151.63,"rawFollowZ":-89.13,"smoothedFollowX":151.63,"smoothedFollowZ":-F2},"timestamp":1782766391268}
{"sessionId":"5484ca","runId":"nt-fix","hypothesisId":"P","location":"Starship.LateUpdate","message":"pulse check: nt pose delta vs rb vel","data":{"hudPlanarSpeed":11.8428,"rbVelSpeed":5.7836,"posDeltaSpeed":89.1606,"trRbDelta":0.06642,"ntEnabled":true},"timestamp":1782766391427}
{"sessionId":"5484ca","runId":"bare-ngo","hypothesisId":"K","location":"Starship.LateUpdate","message":"rotation sample","data":{"trYaw":179.60,"rbYaw":180.58,"yawDelta":0.99,"bankAngVel":143.41,"bankAngle":F2},"timestamp":1782766391427}
{"sessionId":"5484ca","runId":"post-fix","hypothesisId":"A","location":"CameraController.LateUpdate","message":"camera follow sample","data":{"followJitter":1.85288,"trRbDelta":0.00000,"rawFollowX":152.40,"rawFollowZ":-90.81,"smoothedFollowX":152.40,"smoothedFollowZ":-F2},"timestamp":1782766391427}
{"sessionId":"5484ca","runId":"nt-fix","hypothesisId":"P","location":"Starship.LateUpdate","message":"pulse check: nt pose delta vs rb vel","data":{"hudPlanarSpeed":12.7553,"rbVelSpeed":14.4302,"posDeltaSpeed":113.4025,"trRbDelta":0.26953,"ntEnabled":true},"timestamp":1782766391580}
{"sessionId":"5484ca","runId":"bare-ngo","hypothesisId":"K","location":"Starship.LateUpdate","message":"rotation sample","data":{"trYaw":213.34,"rbYaw":217.58,"yawDelta":4.25,"bankAngVel":203.74,"bankAngle":F2},"timestamp":1782766391581}
{"sessionId":"5484ca","runId":"post-fix","hypothesisId":"A","location":"CameraController.LateUpdate","message":"camera follow sample","data":{"followJitter":2.14335,"trRbDelta":0.00000,"rawFollowX":152.07,"rawFollowZ":-92.93,"smoothedFollowX":152.07,"smoothedFollowZ":-F2},"timestamp":1782766391581}
{"sessionId":"5484ca","runId":"thruster-vfx","hypothesisId":"A","location":"Starship.UpdateEngineAndThrusterVFX","message":"thruster vfx sample","data":{"isServer":false,"isClient":true,"isHost":false,"speed":11.044,"accelerating":true,"showThrusters":true,"thrusterBlend":1.000,"thrusterCount":3},"timestamp":1782766391712}
{"sessionId":"5484ca","runId":"unified-ngo","hypothesisId":"G","location":"Starship.UpdateHudPlanarSpeed","message":"speed","data":{"motorSimulatesPhysics":false,"motorReadsNetworkPose":true,"hudSpeed":F3},"timestamp":1782766391714}
{"sessionId":"5484ca","runId":"nt-fix","hypothesisId":"P","location":"Starship.LateUpdate","message":"pulse check: nt pose delta vs rb vel","data":{"hudPlanarSpeed":11.5662,"rbVelSpeed":16.9049,"posDeltaSpeed":89.0530,"trRbDelta":0.08453,"ntEnabled":true},"timestamp":1782766391732}
{"sessionId":"5484ca","runId":"bare-ngo","hypothesisId":"K","location":"Starship.LateUpdate","message":"rotation sample","data":{"trYaw":242.23,"rbYaw":243.56,"yawDelta":1.33,"bankAngVel":200.24,"bankAngle":F2},"timestamp":1782766391733}
{"sessionId":"5484ca","runId":"post-fix","hypothesisId":"A","location":"CameraController.LateUpdate","message":"camera follow sample","data":{"followJitter":1.78216,"trRbDelta":0.00000,"rawFollowX":150.99,"rawFollowZ":-94.35,"smoothedFollowX":150.99,"smoothedFollowZ":-F2},"timestamp":1782766391734}
{"sessionId":"5484ca","runId":"nt-fix","hypothesisId":"P","location":"Starship.LateUpdate","message":"pulse check: nt pose delta vs rb vel","data":{"hudPlanarSpeed":11.8301,"rbVelSpeed":8.3013,"posDeltaSpeed":116.9243,"trRbDelta":0.08926,"ntEnabled":true},"timestamp":1782766391887}
{"sessionId":"5484ca","runId":"bare-ngo","hypothesisId":"K","location":"Starship.LateUpdate","message":"rotation sample","data":{"trYaw":277.03,"rbYaw":278.47,"yawDelta":1.43,"bankAngVel":208.38,"bankAngle":F2},"timestamp":1782766391887}
{"sessionId":"5484ca","runId":"post-fix","hypothesisId":"A","location":"CameraController.LateUpdate","message":"camera follow sample","data":{"followJitter":2.16834,"trRbDelta":0.00000,"rawFollowX":148.97,"rawFollowZ":-95.13,"smoothedFollowX":148.97,"smoothedFollowZ":-F2},"timestamp":1782766391887}
{"sessionId":"5484ca","runId":"nt-fix","hypothesisId":"P","location":"Starship.LateUpdate","message":"pulse check: nt pose delta vs rb vel","data":{"hudPlanarSpeed":11.6923,"rbVelSpeed":14.2842,"posDeltaSpeed":91.7208,"trRbDelta":0.18496,"ntEnabled":true},"timestamp":1782766392045}
{"sessionId":"5484ca","runId":"bare-ngo","hypothesisId":"K","location":"Starship.LateUpdate","message":"rotation sample","data":{"trYaw":303.22,"rbYaw":304.90,"yawDelta":1.68,"bankAngVel":185.26,"bankAngle":F2},"timestamp":1782766392045}
{"sessionId":"5484ca","runId":"post-fix","hypothesisId":"A","location":"CameraController.LateUpdate","message":"camera follow sample","data":{"followJitter":1.90235,"trRbDelta":0.00000,"rawFollowX":147.12,"rawFollowZ":-94.69,"smoothedFollowX":147.12,"smoothedFollowZ":-F2},"timestamp":1782766392045}
{"sessionId":"5484ca","runId":"thruster-vfx","hypothesisId":"A","location":"Starship.UpdateEngineAndThrusterVFX","message":"thruster vfx sample","data":{"isServer":false,"isClient":true,"isHost":false,"speed":9.428,"accelerating":true,"showThrusters":true,"thrusterBlend":1.000,"thrusterCount":3},"timestamp":1782766392178}
{"sessionId":"5484ca","runId":"unified-ngo","hypothesisId":"G","location":"Starship.UpdateHudPlanarSpeed","message":"speed","data":{"motorSimulatesPhysics":false,"motorReadsNetworkPose":true,"hudSpeed":F3},"timestamp":1782766392178}
{"sessionId":"5484ca","runId":"nt-fix","hypothesisId":"P","location":"Starship.LateUpdate","message":"pulse check: nt pose delta vs rb vel","data":{"hudPlanarSpeed":9.4276,"rbVelSpeed":10.1356,"posDeltaSpeed":73.7181,"trRbDelta":0.00744,"ntEnabled":true},"timestamp":1782766392195}
{"sessionId":"5484ca","runId":"bare-ngo","hypothesisId":"K","location":"Starship.LateUpdate","message":"rotation sample","data":{"trYaw":313.10,"rbYaw":313.12,"yawDelta":0.02,"bankAngVel":93.52,"bankAngle":F2},"timestamp":1782766392195}
{"sessionId":"5484ca","runId":"post-fix","hypothesisId":"A","location":"CameraController.LateUpdate","message":"camera follow sample","data":{"followJitter":1.40839,"trRbDelta":0.00000,"rawFollowX":145.89,"rawFollowZ":-94.00,"smoothedFollowX":145.89,"smoothedFollowZ":-F2},"timestamp":1782766392195}
{"sessionId":"5484ca","runId":"nt-fix","hypothesisId":"P","location":"Starship.LateUpdate","message":"pulse check: nt pose delta vs rb vel","data":{"hudPlanarSpeed":13.6860,"rbVelSpeed":14.6913,"posDeltaSpeed":141.2136,"trRbDelta":0.28640,"ntEnabled":true},"timestamp":1782766392340}
{"sessionId":"5484ca","runId":"bare-ngo","hypothesisId":"K","location":"Starship.LateUpdate","message":"rotation sample","data":{"trYaw":334.88,"rbYaw":338.41,"yawDelta":3.53,"bankAngVel":135.69,"bankAngle":F2},"timestamp":1782766392340}
{"sessionId":"5484ca","runId":"post-fix","hypothesisId":"A","location":"CameraController.LateUpdate","message":"camera follow sample","data":{"followJitter":2.53179,"trRbDelta":0.00000,"rawFollowX":144.25,"rawFollowZ":-92.07,"smoothedFollowX":144.25,"smoothedFollowZ":-F2},"timestamp":1782766392340}
{"sessionId":"5484ca","runId":"nt-fix","hypothesisId":"P","location":"Starship.LateUpdate","message":"pulse check: nt pose delta vs rb vel","data":{"hudPlanarSpeed":13.7451,"rbVelSpeed":17.5886,"posDeltaSpeed":119.6873,"trRbDelta":0.15034,"ntEnabled":true},"timestamp":1782766392490}
{"sessionId":"5484ca","runId":"bare-ngo","hypothesisId":"K","location":"Starship.LateUpdate","message":"rotation sample","data":{"trYaw":355.23,"rbYaw":356.27,"yawDelta":1.04,"bankAngVel":135.03,"bankAngle":F2},"timestamp":1782766392490}
{"sessionId":"5484ca","runId":"post-fix","hypothesisId":"A","location":"CameraController.LateUpdate","message":"camera follow sample","data":{"followJitter":2.04759,"trRbDelta":0.00000,"rawFollowX":143.57,"rawFollowZ":-90.14,"smoothedFollowX":143.57,"smoothedFollowZ":-F2},"timestamp":1782766392491}
{"sessionId":"5484ca","runId":"thruster-vfx","hypothesisId":"A","location":"Starship.UpdateEngineAndThrusterVFX","message":"thruster vfx sample","data":{"isServer":false,"isClient":true,"isHost":false,"speed":12.929,"accelerating":true,"showThrusters":true,"thrusterBlend":1.000,"thrusterCount":3},"timestamp":1782766392623}
{"sessionId":"5484ca","runId":"unified-ngo","hypothesisId":"G","location":"Starship.UpdateHudPlanarSpeed","message":"speed","data":{"motorSimulatesPhysics":false,"motorReadsNetworkPose":true,"hudSpeed":F3},"timestamp":1782766392625}
{"sessionId":"5484ca","runId":"nt-fix","hypothesisId":"P","location":"Starship.LateUpdate","message":"pulse check: nt pose delta vs rb vel","data":{"hudPlanarSpeed":12.2514,"rbVelSpeed":6.4487,"posDeltaSpeed":97.6218,"trRbDelta":0.09373,"ntEnabled":true},"timestamp":1782766392643}
{"sessionId":"5484ca","runId":"bare-ngo","hypothesisId":"K","location":"Starship.LateUpdate","message":"rotation sample","data":{"trYaw":4.09,"rbYaw":4.39,"yawDelta":0.30,"bankAngVel":73.80,"bankAngle":F2},"timestamp":1782766392644}
{"sessionId":"5484ca","runId":"post-fix","hypothesisId":"A","location":"CameraController.LateUpdate","message":"camera follow sample","data":{"followJitter":1.93373,"trRbDelta":0.00000,"rawFollowX":143.43,"rawFollowZ":-88.21,"smoothedFollowX":143.43,"smoothedFollowZ":-F2},"timestamp":1782766392644}
{"sessionId":"5484ca","runId":"nt-fix","hypothesisId":"P","location":"Starship.LateUpdate","message":"pulse check: nt pose delta vs rb vel","data":{"hudPlanarSpeed":13.1605,"rbVelSpeed":11.3467,"posDeltaSpeed":106.4774,"trRbDelta":0.21133,"ntEnabled":true},"timestamp":1782766392799}
{"sessionId":"5484ca","runId":"bare-ngo","hypothesisId":"K","location":"Starship.LateUpdate","message":"rotation sample","data":{"trYaw":7.91,"rbYaw":8.66,"yawDelta":0.75,"bankAngVel":41.57,"bankAngle":F2},"timestamp":1782766392800}
{"sessionId":"5484ca","runId":"post-fix","hypothesisId":"A","location":"CameraController.LateUpdate","message":"camera follow sample","data":{"followJitter":2.02548,"trRbDelta":0.00000,"rawFollowX":143.57,"rawFollowZ":-86.19,"smoothedFollowX":143.57,"smoothedFollowZ":-F2},"timestamp":1782766392800}
{"sessionId":"5484ca","runId":"nt-fix","hypothesisId":"P","location":"Starship.LateUpdate","message":"pulse check: nt pose delta vs rb vel","data":{"hudPlanarSpeed":11.3521,"rbVelSpeed":5.3380,"posDeltaSpeed":91.4218,"trRbDelta":0.05350,"ntEnabled":true},"timestamp":1782766392948}
{"sessionId":"5484ca","runId":"bare-ngo","hypothesisId":"K","location":"Starship.LateUpdate","message":"rotation sample","data":{"trYaw":20.42,"rbYaw":20.87,"yawDelta":0.45,"bankAngVel":68.24,"bankAngle":F2},"timestamp":1782766392948}
{"sessionId":"5484ca","runId":"post-fix","hypothesisId":"A","location":"CameraController.LateUpdate","message":"camera follow sample","data":{"followJitter":1.65993,"trRbDelta":0.00000,"rawFollowX":143.83,"rawFollowZ":-84.55,"smoothedFollowX":143.83,"smoothedFollowZ":-F2},"timestamp":1782766392948}
{"sessionId":"5484ca","runId":"thruster-vfx","hypothesisId":"A","location":"Starship.UpdateEngineAndThrusterVFX","message":"thruster vfx sample","data":{"isServer":false,"isClient":true,"isHost":false,"speed":14.236,"accelerating":true,"showThrusters":true,"thrusterBlend":1.000,"thrusterCount":3},"timestamp":1782766393078}
{"sessionId":"5484ca","runId":"unified-ngo","hypothesisId":"G","location":"Starship.UpdateHudPlanarSpeed","message":"speed","data":{"motorSimulatesPhysics":false,"motorReadsNetworkPose":true,"hudSpeed":F3},"timestamp":1782766393078}
{"sessionId":"5484ca","runId":"nt-fix","hypothesisId":"P","location":"Starship.LateUpdate","message":"pulse check: nt pose delta vs rb vel","data":{"hudPlanarSpeed":14.0756,"rbVelSpeed":10.7647,"posDeltaSpeed":132.0358,"trRbDelta":0.21535,"ntEnabled":true},"timestamp":1782766393098}
{"sessionId":"5484ca","runId":"bare-ngo","hypothesisId":"K","location":"Starship.LateUpdate","message":"rotation sample","data":{"trYaw":53.92,"rbYaw":56.30,"yawDelta":2.38,"bankAngVel":168.08,"bankAngle":F2},"timestamp":1782766393098}
{"sessionId":"5484ca","runId":"post-fix","hypothesisId":"A","location":"CameraController.LateUpdate","message":"camera follow sample","data":{"followJitter":2.50465,"trRbDelta":0.00000,"rawFollowX":145.17,"rawFollowZ":-82.44,"smoothedFollowX":145.17,"smoothedFollowZ":-F2},"timestamp":1782766393098}
{"sessionId":"5484ca","runId":"nt-fix","hypothesisId":"P","location":"Starship.LateUpdate","message":"pulse check: nt pose delta vs rb vel","data":{"hudPlanarSpeed":13.3721,"rbVelSpeed":18.5526,"posDeltaSpeed":100.7175,"trRbDelta":0.21901,"ntEnabled":true},"timestamp":1782766393245}
{"sessionId":"5484ca","runId":"bare-ngo","hypothesisId":"K","location":"Starship.LateUpdate","message":"rotation sample","data":{"trYaw":65.91,"rbYaw":66.79,"yawDelta":0.88,"bankAngVel":105.74,"bankAngle":F2},"timestamp":1782766393247}
{"sessionId":"5484ca","runId":"post-fix","hypothesisId":"A","location":"CameraController.LateUpdate","message":"camera follow sample","data":{"followJitter":1.83664,"trRbDelta":0.00000,"rawFollowX":146.66,"rawFollowZ":-81.36,"smoothedFollowX":146.66,"smoothedFollowZ":-F2},"timestamp":1782766393247}
{"sessionId":"5484ca","runId":"nt-fix","hypothesisId":"P","location":"Starship.LateUpdate","message":"pulse check: nt pose delta vs rb vel","data":{"hudPlanarSpeed":12.8827,"rbVelSpeed":8.6010,"posDeltaSpeed":126.3230,"trRbDelta":0.04052,"ntEnabled":true},"timestamp":1782766393393}
{"sessionId":"5484ca","runId":"bare-ngo","hypothesisId":"K","location":"Starship.LateUpdate","message":"rotation sample","data":{"trYaw":80.52,"rbYaw":80.92,"yawDelta":0.40,"bankAngVel":103.78,"bankAngle":F2},"timestamp":1782766393394}
{"sessionId":"5484ca","runId":"post-fix","hypothesisId":"A","location":"CameraController.LateUpdate","message":"camera follow sample","data":{"followJitter":2.00094,"trRbDelta":0.00000,"rawFollowX":148.50,"rawFollowZ":-80.58,"smoothedFollowX":148.50,"smoothedFollowZ":-F2},"timestamp":1782766393394}
{"sessionId":"5484ca","runId":"thruster-vfx","hypothesisId":"A","location":"Starship.UpdateEngineAndThrusterVFX","message":"thruster vfx sample","data":{"isServer":false,"isClient":true,"isHost":false,"speed":12.965,"accelerating":true,"showThrusters":true,"thrusterBlend":1.000,"thrusterCount":3},"timestamp":1782766393529}
{"sessionId":"5484ca","runId":"unified-ngo","hypothesisId":"G","location":"Starship.UpdateHudPlanarSpeed","message":"speed","data":{"motorSimulatesPhysics":false,"motorReadsNetworkPose":true,"hudSpeed":F3},"timestamp":1782766393529}
{"sessionId":"5484ca","runId":"nt-fix","hypothesisId":"P","location":"Starship.LateUpdate","message":"pulse check: nt pose delta vs rb vel","data":{"hudPlanarSpeed":12.8851,"rbVelSpeed":11.7298,"posDeltaSpeed":101.4065,"trRbDelta":0.11604,"ntEnabled":true},"timestamp":1782766393548}
{"sessionId":"5484ca","runId":"bare-ngo","hypothesisId":"K","location":"Starship.LateUpdate","message":"rotation sample","data":{"trYaw":91.52,"rbYaw":91.40,"yawDelta":-0.13,"bankAngVel":78.92,"bankAngle":F2},"timestamp":1782766393548}
{"sessionId":"5484ca","runId":"post-fix","hypothesisId":"A","location":"CameraController.LateUpdate","message":"camera follow sample","data":{"followJitter":1.92453,"trRbDelta":0.00000,"rawFollowX":150.42,"rawFollowZ":-80.38,"smoothedFollowX":150.42,"smoothedFollowZ":-F2},"timestamp":1782766393549}
{"sessionId":"5484ca","runId":"nt-fix","hypothesisId":"P","location":"Starship.LateUpdate","message":"pulse check: nt pose delta vs rb vel","data":{"hudPlanarSpeed":7.9499,"rbVelSpeed":3.8428,"posDeltaSpeed":47.8312,"trRbDelta":0.00019,"ntEnabled":true},"timestamp":1782766393695}
{"sessionId":"5484ca","runId":"bare-ngo","hypothesisId":"K","location":"Starship.LateUpdate","message":"rotation sample","data":{"trYaw":86.16,"rbYaw":86.15,"yawDelta":0.00,"bankAngVel":-4.15,"bankAngle":F2},"timestamp":1782766393696}
{"sessionId":"5484ca","runId":"post-fix","hypothesisId":"A","location":"CameraController.LateUpdate","message":"camera follow sample","data":{"followJitter":0.90313,"trRbDelta":0.00000,"rawFollowX":151.31,"rawFollowZ":-80.52,"smoothedFollowX":151.31,"smoothedFollowZ":-F2},"timestamp":1782766393696}
{"sessionId":"5484ca","runId":"nt-fix","hypothesisId":"P","location":"Starship.LateUpdate","message":"pulse check: nt pose delta vs rb vel","data":{"hudPlanarSpeed":4.8448,"rbVelSpeed":2.4429,"posDeltaSpeed":36.1192,"trRbDelta":0.04278,"ntEnabled":true},"timestamp":1782766393840}
{"sessionId":"5484ca","runId":"bare-ngo","hypothesisId":"K","location":"Starship.LateUpdate","message":"rotation sample","data":{"trYaw":69.29,"rbYaw":68.18,"yawDelta":-1.11,"bankAngVel":-74.29,"bankAngle":-F2},"timestamp":1782766393841}
{"sessionId":"5484ca","runId":"post-fix","hypothesisId":"A","location":"CameraController.LateUpdate","message":"camera follow sample","data":{"followJitter":0.63918,"trRbDelta":0.00000,"rawFollowX":151.65,"rawFollowZ":-81.06,"smoothedFollowX":151.65,"smoothedFollowZ":-F2},"timestamp":1782766393841}
{"sessionId":"5484ca","runId":"thruster-vfx","hypothesisId":"A","location":"Starship.UpdateEngineAndThrusterVFX","message":"thruster vfx sample","data":{"isServer":false,"isClient":true,"isHost":false,"speed":2.934,"accelerating":true,"showThrusters":true,"thrusterBlend":1.000,"thrusterCount":3},"timestamp":1782766393969}
{"sessionId":"5484ca","runId":"unified-ngo","hypothesisId":"G","location":"Starship.UpdateHudPlanarSpeed","message":"speed","data":{"motorSimulatesPhysics":false,"motorReadsNetworkPose":true,"hudSpeed":F3},"timestamp":1782766393969}
{"sessionId":"5484ca","runId":"nt-fix","hypothesisId":"P","location":"Starship.LateUpdate","message":"pulse check: nt pose delta vs rb vel","data":{"hudPlanarSpeed":3.1099,"rbVelSpeed":4.8283,"posDeltaSpeed":16.1139,"trRbDelta":0.05208,"ntEnabled":true},"timestamp":1782766393989}
{"sessionId":"5484ca","runId":"bare-ngo","hypothesisId":"K","location":"Starship.LateUpdate","message":"rotation sample","data":{"trYaw":61.49,"rbYaw":60.29,"yawDelta":-1.20,"bankAngVel":-62.87,"bankAngle":-F2},"timestamp":1782766393989}
{"sessionId":"5484ca","runId":"post-fix","hypothesisId":"A","location":"CameraController.LateUpdate","message":"camera follow sample","data":{"followJitter":0.31236,"trRbDelta":0.00000,"rawFollowX":151.81,"rawFollowZ":-81.33,"smoothedFollowX":151.81,"smoothedFollowZ":-F2},"timestamp":1782766393989}
{"sessionId":"5484ca","runId":"nt-fix","hypothesisId":"P","location":"Starship.LateUpdate","message":"pulse check: nt pose delta vs rb vel","data":{"hudPlanarSpeed":2.8424,"rbVelSpeed":1.2363,"posDeltaSpeed":23.0828,"trRbDelta":0.02326,"ntEnabled":true},"timestamp":1782766394139}
{"sessionId":"5484ca","runId":"bare-ngo","hypothesisId":"K","location":"Starship.LateUpdate","message":"rotation sample","data":{"trYaw":50.73,"rbYaw":50.18,"yawDelta":-0.55,"bankAngVel":-63.16,"bankAngle":-F2},"timestamp":1782766394139}
{"sessionId":"5484ca","runId":"post-fix","hypothesisId":"A","location":"CameraController.LateUpdate","message":"camera follow sample","data":{"followJitter":0.45768,"trRbDelta":0.00000,"rawFollowX":152.06,"rawFollowZ":-81.71,"smoothedFollowX":152.06,"smoothedFollowZ":-F2},"timestamp":1782766394140}
{"sessionId":"5484ca","runId":"nt-fix","hypothesisId":"P","location":"Starship.LateUpdate","message":"pulse check: nt pose delta vs rb vel","data":{"hudPlanarSpeed":3.0674,"rbVelSpeed":3.6480,"posDeltaSpeed":22.7535,"trRbDelta":0.03110,"ntEnabled":true},"timestamp":1782766394289}
{"sessionId":"5484ca","runId":"bare-ngo","hypothesisId":"K","location":"Starship.LateUpdate","message":"rotation sample","data":{"trYaw":41.02,"rbYaw":40.33,"yawDelta":-0.69,"bankAngVel":-70.22,"bankAngle":-F2},"timestamp":1782766394290}
{"sessionId":"5484ca","runId":"post-fix","hypothesisId":"A","location":"CameraController.LateUpdate","message":"camera follow sample","data":{"followJitter":0.42968,"trRbDelta":0.00000,"rawFollowX":152.36,"rawFollowZ":-82.02,"smoothedFollowX":152.36,"smoothedFollowZ":-F2},"timestamp":1782766394291}
{"sessionId":"5484ca","runId":"thruster-vfx","hypothesisId":"A","location":"Starship.UpdateEngineAndThrusterVFX","message":"thruster vfx sample","data":{"isServer":false,"isClient":true,"isHost":false,"speed":2.481,"accelerating":false,"showThrusters":false,"thrusterBlend":0.713,"thrusterCount":3},"timestamp":1782766394423}
{"sessionId":"5484ca","runId":"unified-ngo","hypothesisId":"G","location":"Starship.UpdateHudPlanarSpeed","message":"speed","data":{"motorSimulatesPhysics":false,"motorReadsNetworkPose":true,"hudSpeed":F3},"timestamp":1782766394424}
{"sessionId":"5484ca","runId":"nt-fix","hypothesisId":"P","location":"Starship.LateUpdate","message":"pulse check: nt pose delta vs rb vel","data":{"hudPlanarSpeed":2.2978,"rbVelSpeed":0.7864,"posDeltaSpeed":16.9258,"trRbDelta":0.01240,"ntEnabled":true},"timestamp":1782766394443}
{"sessionId":"5484ca","runId":"bare-ngo","hypothesisId":"K","location":"Starship.LateUpdate","message":"rotation sample","data":{"trYaw":33.82,"rbYaw":33.54,"yawDelta":-0.28,"bankAngVel":-49.35,"bankAngle":-F2},"timestamp":1782766394443}
{"sessionId":"5484ca","runId":"post-fix","hypothesisId":"A","location":"CameraController.LateUpdate","message":"camera follow sample","data":{"followJitter":0.32283,"trRbDelta":0.00000,"rawFollowX":152.60,"rawFollowZ":-82.23,"smoothedFollowX":152.60,"smoothedFollowZ":-F2},"timestamp":1782766394444}
{"sessionId":"5484ca","runId":"nt-fix","hypothesisId":"P","location":"Starship.LateUpdate","message":"pulse check: nt pose delta vs rb vel","data":{"hudPlanarSpeed":2.6518,"rbVelSpeed":2.1343,"posDeltaSpeed":22.9380,"trRbDelta":0.01842,"ntEnabled":true},"timestamp":1782766394589}
{"sessionId":"5484ca","runId":"bare-ngo","hypothesisId":"K","location":"Starship.LateUpdate","message":"rotation sample","data":{"trYaw":29.25,"rbYaw":29.20,"yawDelta":-0.04,"bankAngVel":-33.78,"bankAngle":-F2},"timestamp":1782766394589}
{"sessionId":"5484ca","runId":"post-fix","hypothesisId":"A","location":"CameraController.LateUpdate","message":"camera follow sample","data":{"followJitter":0.41058,"trRbDelta":0.00000,"rawFollowX":152.95,"rawFollowZ":-82.45,"smoothedFollowX":152.95,"smoothedFollowZ":-F2},"timestamp":1782766394590}
{"sessionId":"5484ca","runId":"nt-fix","hypothesisId":"P","location":"Starship.LateUpdate","message":"pulse check: nt pose delta vs rb vel","data":{"hudPlanarSpeed":2.1155,"rbVelSpeed":2.3559,"posDeltaSpeed":13.4258,"trRbDelta":0.04350,"ntEnabled":true},"timestamp":1782766394739}
{"sessionId":"5484ca","runId":"bare-ngo","hypothesisId":"K","location":"Starship.LateUpdate","message":"rotation sample","data":{"trYaw":38.99,"rbYaw":43.57,"yawDelta":4.58,"bankAngVel":55.11,"bankAngle":-F2},"timestamp":1782766394740}
{"sessionId":"5484ca","runId":"post-fix","hypothesisId":"A","location":"CameraController.LateUpdate","message":"camera follow sample","data":{"followJitter":0.25545,"trRbDelta":0.00000,"rawFollowX":153.17,"rawFollowZ":-82.58,"smoothedFollowX":153.17,"smoothedFollowZ":-F2},"timestamp":1782766394740}
{"sessionId":"5484ca","runId":"nt-fix","hypothesisId":"P","location":"Starship.LateUpdate","message":"pulse check: nt pose delta vs rb vel","data":{"hudPlanarSpeed":1.6753,"rbVelSpeed":0.7520,"posDeltaSpeed":12.0443,"trRbDelta":0.01008,"ntEnabled":true},"timestamp":1782766394884}
{"sessionId":"5484ca","runId":"bare-ngo","hypothesisId":"K","location":"Starship.LateUpdate","message":"rotation sample","data":{"trYaw":68.46,"rbYaw":70.04,"yawDelta":1.58,"bankAngVel":149.45,"bankAngle":F2},"timestamp":1782766394884}
{"sessionId":"5484ca","runId":"post-fix","hypothesisId":"A","location":"CameraController.LateUpdate","message":"camera follow sample","data":{"followJitter":0.22232,"trRbDelta":0.00000,"rawFollowX":153.37,"rawFollowZ":-82.68,"smoothedFollowX":153.37,"smoothedFollowZ":-F2},"timestamp":1782766394884}
{"sessionId":"5484ca","runId":"nt-fix","hypothesisId":"P","location":"Starship.LateUpdate","message":"pulse check: nt pose delta vs rb vel","data":{"hudPlanarSpeed":0.9497,"rbVelSpeed":0.3831,"posDeltaSpeed":4.0340,"trRbDelta":0.00350,"ntEnabled":true},"timestamp":1782766395028}
{"sessionId":"5484ca","runId":"bare-ngo","hypothesisId":"K","location":"Starship.LateUpdate","message":"rotation sample","data":{"trYaw":95.09,"rbYaw":97.64,"yawDelta":2.55,"bankAngVel":192.41,"bankAngle":F2},"timestamp":1782766395029}
{"sessionId":"5484ca","runId":"post-fix","hypothesisId":"A","location":"CameraController.LateUpdate","message":"camera follow sample","data":{"followJitter":0.07408,"trRbDelta":0.00000,"rawFollowX":153.44,"rawFollowZ":-82.71,"smoothedFollowX":153.44,"smoothedFollowZ":-F2},"timestamp":1782766395029}
{"sessionId":"5484ca","runId":"nt-fix","hypothesisId":"P","location":"Starship.LateUpdate","message":"pulse check: nt pose delta vs rb vel","data":{"hudPlanarSpeed":0.4658,"rbVelSpeed":0.1009,"posDeltaSpeed":1.3803,"trRbDelta":0.00060,"ntEnabled":true},"timestamp":1782766395171}
{"sessionId":"5484ca","runId":"bare-ngo","hypothesisId":"K","location":"Starship.LateUpdate","message":"rotation sample","data":{"trYaw":118.28,"rbYaw":119.38,"yawDelta":1.10,"bankAngVel":162.07,"bankAngle":F2},"timestamp":1782766395172}
{"sessionId":"5484ca","runId":"post-fix","hypothesisId":"A","location":"CameraController.LateUpdate","message":"camera follow sample","data":{"followJitter":0.02644,"trRbDelta":0.00000,"rawFollowX":153.46,"rawFollowZ":-82.72,"smoothedFollowX":153.46,"smoothedFollowZ":-F2},"timestamp":1782766395172}
{"sessionId":"5484ca","runId":"nt-fix","hypothesisId":"P","location":"Starship.LateUpdate","message":"pulse check: nt pose delta vs rb vel","data":{"hudPlanarSpeed":1.5715,"rbVelSpeed":2.6964,"posDeltaSpeed":15.8404,"trRbDelta":0.03829,"ntEnabled":true},"timestamp":1782766395323}
{"sessionId":"5484ca","runId":"bare-ngo","hypothesisId":"K","location":"Starship.LateUpdate","message":"rotation sample","data":{"trYaw":146.48,"rbYaw":147.99,"yawDelta":1.52,"bankAngVel":175.91,"bankAngle":F2},"timestamp":1782766395324}
{"sessionId":"5484ca","runId":"post-fix","hypothesisId":"A","location":"CameraController.LateUpdate","message":"camera follow sample","data":{"followJitter":0.27501,"trRbDelta":0.00000,"rawFollowX":153.57,"rawFollowZ":-82.97,"smoothedFollowX":153.57,"smoothedFollowZ":-F2},"timestamp":1782766395324}
{"sessionId":"5484ca","runId":"nt-fix","hypothesisId":"P","location":"Starship.LateUpdate","message":"pulse check: nt pose delta vs rb vel","data":{"hudPlanarSpeed":4.5816,"rbVelSpeed":20.8597,"posDeltaSpeed":47.6705,"trRbDelta":0.08616,"ntEnabled":true},"timestamp":1782766395473}
{"sessionId":"5484ca","runId":"bare-ngo","hypothesisId":"K","location":"Starship.LateUpdate","message":"rotation sample","data":{"trYaw":157.21,"rbYaw":157.97,"yawDelta":0.76,"bankAngVel":104.58,"bankAngle":F2},"timestamp":1782766395474}
{"sessionId":"5484ca","runId":"post-fix","hypothesisId":"A","location":"CameraController.LateUpdate","message":"camera follow sample","data":{"followJitter":0.76094,"trRbDelta":0.00000,"rawFollowX":153.85,"rawFollowZ":-83.68,"smoothedFollowX":153.85,"smoothedFollowZ":-F2},"timestamp":1782766395474}
{"sessionId":"5484ca","runId":"nt-fix","hypothesisId":"P","location":"Starship.LateUpdate","message":"pulse check: nt pose delta vs rb vel","data":{"hudPlanarSpeed":10.6860,"rbVelSpeed":7.3755,"posDeltaSpeed":120.8150,"trRbDelta":0.08669,"ntEnabled":true},"timestamp":1782766395627}
{"sessionId":"5484ca","runId":"bare-ngo","hypothesisId":"K","location":"Starship.LateUpdate","message":"rotation sample","data":{"trYaw":177.18,"rbYaw":177.96,"yawDelta":0.78,"bankAngVel":115.25,"bankAngle":F2},"timestamp":1782766395627}
{"sessionId":"5484ca","runId":"post-fix","hypothesisId":"A","location":"CameraController.LateUpdate","message":"camera follow sample","data":{"followJitter":2.35709,"trRbDelta":0.00000,"rawFollowX":154.43,"rawFollowZ":-85.97,"smoothedFollowX":154.43,"smoothedFollowZ":-F2},"timestamp":1782766395628}
{"sessionId":"5484ca","runId":"thruster-vfx","hypothesisId":"A","location":"Starship.UpdateEngineAndThrusterVFX","message":"thruster vfx sample","data":{"isServer":false,"isClient":true,"isHost":false,"speed":10.158,"accelerating":true,"showThrusters":true,"thrusterBlend":1.000,"thrusterCount":3},"timestamp":1782766395647}
{"sessionId":"5484ca","runId":"unified-ngo","hypothesisId":"G","location":"Starship.UpdateHudPlanarSpeed","message":"speed","data":{"motorSimulatesPhysics":false,"motorReadsNetworkPose":true,"hudSpeed":F3},"timestamp":1782766395648}
{"sessionId":"5484ca","runId":"nt-fix","hypothesisId":"P","location":"Starship.LateUpdate","message":"pulse check: nt pose delta vs rb vel","data":{"hudPlanarSpeed":12.5866,"rbVelSpeed":16.0713,"posDeltaSpeed":112.7973,"trRbDelta":0.30512,"ntEnabled":true},"timestamp":1782766395779}
{"sessionId":"5484ca","runId":"bare-ngo","hypothesisId":"K","location":"Starship.LateUpdate","message":"rotation sample","data":{"trYaw":191.88,"rbYaw":193.41,"yawDelta":1.54,"bankAngVel":107.06,"bankAngle":F2},"timestamp":1782766395779}
{"sessionId":"5484ca","runId":"post-fix","hypothesisId":"A","location":"CameraController.LateUpdate","message":"camera follow sample","data":{"followJitter":1.93578,"trRbDelta":0.00000,"rawFollowX":154.35,"rawFollowZ":-87.90,"smoothedFollowX":154.35,"smoothedFollowZ":-F2},"timestamp":1782766395779}
{"sessionId":"5484ca","runId":"nt-fix","hypothesisId":"P","location":"Starship.LateUpdate","message":"pulse check: nt pose delta vs rb vel","data":{"hudPlanarSpeed":12.3197,"rbVelSpeed":6.5009,"posDeltaSpeed":105.0589,"trRbDelta":0.06510,"ntEnabled":true},"timestamp":1782766395928}
{"sessionId":"5484ca","runId":"bare-ngo","hypothesisId":"K","location":"Starship.LateUpdate","message":"rotation sample","data":{"trYaw":201.91,"rbYaw":202.24,"yawDelta":0.33,"bankAngVel":75.21,"bankAngle":F2},"timestamp":1782766395929}
{"sessionId":"5484ca","runId":"post-fix","hypothesisId":"A","location":"CameraController.LateUpdate","message":"camera follow sample","data":{"followJitter":1.98593,"trRbDelta":0.00000,"rawFollowX":153.90,"rawFollowZ":-89.84,"smoothedFollowX":153.90,"smoothedFollowZ":-F2},"timestamp":1782766395929}
{"sessionId":"5484ca","runId":"nt-fix","hypothesisId":"P","location":"Starship.LateUpdate","message":"pulse check: nt pose delta vs rb vel","data":{"hudPlanarSpeed":14.5935,"rbVelSpeed":14.9146,"posDeltaSpeed":122.0769,"trRbDelta":0.10332,"ntEnabled":true},"timestamp":1782766396072}
{"sessionId":"5484ca","runId":"bare-ngo","hypothesisId":"K","location":"Starship.LateUpdate","message":"rotation sample","data":{"trYaw":211.19,"rbYaw":211.46,"yawDelta":0.27,"bankAngVel":66.80,"bankAngle":F2},"timestamp":1782766396072}
{"sessionId":"5484ca","runId":"post-fix","hypothesisId":"A","location":"CameraController.LateUpdate","message":"camera follow sample","data":{"followJitter":2.25833,"trRbDelta":0.00000,"rawFollowX":152.90,"rawFollowZ":-91.86,"smoothedFollowX":152.90,"smoothedFollowZ":-F2},"timestamp":1782766396072}
{"sessionId":"5484ca","runId":"thruster-vfx","hypothesisId":"A","location":"Starship.UpdateEngineAndThrusterVFX","message":"thruster vfx sample","data":{"isServer":false,"isClient":true,"isHost":false,"speed":14.542,"accelerating":true,"showThrusters":true,"thrusterBlend":1.000,"thrusterCount":3},"timestamp":1782766396091}
{"sessionId":"5484ca","runId":"unified-ngo","hypothesisId":"G","location":"Starship.UpdateHudPlanarSpeed","message":"speed","data":{"motorSimulatesPhysics":false,"motorReadsNetworkPose":true,"hudSpeed":F3},"timestamp":1782766396091}
{"sessionId":"5484ca","runId":"nt-fix","hypothesisId":"P","location":"Starship.LateUpdate","message":"pulse check: nt pose delta vs rb vel","data":{"hudPlanarSpeed":10.1679,"rbVelSpeed":22.5066,"posDeltaSpeed":72.2747,"trRbDelta":0.43435,"ntEnabled":true},"timestamp":1782766396219}
{"sessionId":"5484ca","runId":"bare-ngo","hypothesisId":"K","location":"Starship.LateUpdate","message":"rotation sample","data":{"trYaw":213.91,"rbYaw":214.03,"yawDelta":0.13,"bankAngVel":31.41,"bankAngle":F2},"timestamp":1782766396219}
{"sessionId":"5484ca","runId":"post-fix","hypothesisId":"A","location":"CameraController.LateUpdate","message":"camera follow sample","data":{"followJitter":1.25586,"trRbDelta":0.00000,"rawFollowX":152.27,"rawFollowZ":-92.95,"smoothedFollowX":152.27,"smoothedFollowZ":-F2},"timestamp":1782766396220}
{"sessionId":"5484ca","runId":"nt-fix","hypothesisId":"P","location":"Starship.LateUpdate","message":"pulse check: nt pose delta vs rb vel","data":{"hudPlanarSpeed":14.4110,"rbVelSpeed":9.7277,"posDeltaSpeed":135.6601,"trRbDelta":0.16918,"ntEnabled":true},"timestamp":1782766396361}
{"sessionId":"5484ca","runId":"bare-ngo","hypothesisId":"K","location":"Starship.LateUpdate","message":"rotation sample","data":{"trYaw":214.42,"rbYaw":214.44,"yawDelta":0.02,"bankAngVel":12.21,"bankAngle":F2},"timestamp":1782766396361}
{"sessionId":"5484ca","runId":"post-fix","hypothesisId":"A","location":"CameraController.LateUpdate","message":"camera follow sample","data":{"followJitter":2.58534,"trRbDelta":0.00000,"rawFollowX":150.82,"rawFollowZ":-95.09,"smoothedFollowX":150.82,"smoothedFollowZ":-F2},"timestamp":1782766396362}
{"sessionId":"5484ca","runId":"nt-fix","hypothesisId":"P","location":"Starship.LateUpdate","message":"pulse check: nt pose delta vs rb vel","data":{"hudPlanarSpeed":14.2008,"rbVelSpeed":20.4345,"posDeltaSpeed":101.9431,"trRbDelta":0.11991,"ntEnabled":true},"timestamp":1782766396512}
{"sessionId":"5484ca","runId":"bare-ngo","hypothesisId":"K","location":"Starship.LateUpdate","message":"rotation sample","data":{"trYaw":214.53,"rbYaw":214.53,"yawDelta":0.00,"bankAngVel":4.06,"bankAngle":F2},"timestamp":1782766396513}
{"sessionId":"5484ca","runId":"post-fix","hypothesisId":"A","location":"CameraController.LateUpdate","message":"camera follow sample","data":{"followJitter":1.87842,"trRbDelta":0.00000,"rawFollowX":149.76,"rawFollowZ":-96.64,"smoothedFollowX":149.76,"smoothedFollowZ":-F2},"timestamp":1782766396513}
{"sessionId":"5484ca","runId":"thruster-vfx","hypothesisId":"A","location":"Starship.UpdateEngineAndThrusterVFX","message":"thruster vfx sample","data":{"isServer":false,"isClient":true,"isHost":false,"speed":14.692,"accelerating":true,"showThrusters":true,"thrusterBlend":1.000,"thrusterCount":3},"timestamp":1782766396532}
{"sessionId":"5484ca","runId":"unified-ngo","hypothesisId":"G","location":"Starship.UpdateHudPlanarSpeed","message":"speed","data":{"motorSimulatesPhysics":false,"motorReadsNetworkPose":true,"hudSpeed":F3},"timestamp":1782766396532}
{"sessionId":"5484ca","runId":"nt-fix","hypothesisId":"P","location":"Starship.LateUpdate","message":"pulse check: nt pose delta vs rb vel","data":{"hudPlanarSpeed":13.1084,"rbVelSpeed":6.2924,"posDeltaSpeed":112.2009,"trRbDelta":0.09295,"ntEnabled":true},"timestamp":1782766396663}
{"sessionId":"5484ca","runId":"bare-ngo","hypothesisId":"K","location":"Starship.LateUpdate","message":"rotation sample","data":{"trYaw":212.97,"rbYaw":212.88,"yawDelta":-0.09,"bankAngVel":-6.00,"bankAngle":F2},"timestamp":1782766396664}
{"sessionId":"5484ca","runId":"post-fix","hypothesisId":"A","location":"CameraController.LateUpdate","message":"camera follow sample","data":{"followJitter":2.04181,"trRbDelta":0.00000,"rawFollowX":148.61,"rawFollowZ":-98.33,"smoothedFollowX":148.61,"smoothedFollowZ":-F2},"timestamp":1782766396664}
{"sessionId":"5484ca","runId":"nt-fix","hypothesisId":"P","location":"Starship.LateUpdate","message":"pulse check: nt pose delta vs rb vel","data":{"hudPlanarSpeed":14.8695,"rbVelSpeed":18.8241,"posDeltaSpeed":116.5126,"trRbDelta":0.06556,"ntEnabled":true},"timestamp":1782766396814}
{"sessionId":"5484ca","runId":"bare-ngo","hypothesisId":"K","location":"Starship.LateUpdate","message":"rotation sample","data":{"trYaw":184.88,"rbYaw":183.93,"yawDelta":-0.95,"bankAngVel":-150.12,"bankAngle":-F2},"timestamp":1782766396815}
{"sessionId":"5484ca","runId":"post-fix","hypothesisId":"A","location":"CameraController.LateUpdate","message":"camera follow sample","data":{"followJitter":2.27397,"trRbDelta":0.00000,"rawFollowX":147.76,"rawFollowZ":-100.43,"smoothedFollowX":147.76,"smoothedFollowZ":-F2},"timestamp":1782766396815}
{"sessionId":"5484ca","runId":"nt-fix","hypothesisId":"P","location":"Starship.LateUpdate","message":"pulse check: nt pose delta vs rb vel","data":{"hudPlanarSpeed":10.7019,"rbVelSpeed":3.5649,"posDeltaSpeed":76.6206,"trRbDelta":0.04997,"ntEnabled":true},"timestamp":1782766396963}
{"sessionId":"5484ca","runId":"bare-ngo","hypothesisId":"K","location":"Starship.LateUpdate","message":"rotation sample","data":{"trYaw":163.83,"rbYaw":163.10,"yawDelta":-0.74,"bankAngVel":-129.39,"bankAngle":-F2},"timestamp":1782766396964}
{"sessionId":"5484ca","runId":"post-fix","hypothesisId":"A","location":"CameraController.LateUpdate","message":"camera follow sample","data":{"followJitter":1.43346,"trRbDelta":0.00000,"rawFollowX":147.52,"rawFollowZ":-101.85,"smoothedFollowX":147.52,"smoothedFollowZ":-F2},"timestamp":1782766396964}
{"sessionId":"5484ca","runId":"thruster-vfx","hypothesisId":"A","location":"Starship.UpdateEngineAndThrusterVFX","message":"thruster vfx sample","data":{"isServer":false,"isClient":true,"isHost":false,"speed":10.305,"accelerating":true,"showThrusters":true,"thrusterBlend":1.000,"thrusterCount":3},"timestamp":1782766396983}
{"sessionId":"5484ca","runId":"unified-ngo","hypothesisId":"G","location":"Starship.UpdateHudPlanarSpeed","message":"speed","data":{"motorSimulatesPhysics":false,"motorReadsNetworkPose":true,"hudSpeed":F3},"timestamp":1782766396984}
{"sessionId":"5484ca","runId":"nt-fix","hypothesisId":"P","location":"Starship.LateUpdate","message":"pulse check: nt pose delta vs rb vel","data":{"hudPlanarSpeed":12.4361,"rbVelSpeed":9.3867,"posDeltaSpeed":122.4858,"trRbDelta":0.04697,"ntEnabled":true},"timestamp":1782766397113}
{"sessionId":"5484ca","runId":"bare-ngo","hypothesisId":"K","location":"Starship.LateUpdate","message":"rotation sample","data":{"trYaw":127.82,"rbYaw":127.08,"yawDelta":-0.75,"bankAngVel":-200.50,"bankAngle":-F2},"timestamp":1782766397113}
{"sessionId":"5484ca","runId":"post-fix","hypothesisId":"A","location":"CameraController.LateUpdate","message":"camera follow sample","data":{"followJitter":2.28556,"trRbDelta":0.00000,"rawFollowX":148.55,"rawFollowZ":-103.89,"smoothedFollowX":148.55,"smoothedFollowZ":-F2},"timestamp":1782766397113}
{"sessionId":"5484ca","runId":"nt-fix","hypothesisId":"P","location":"Starship.LateUpdate","message":"pulse check: nt pose delta vs rb vel","data":{"hudPlanarSpeed":12.0809,"rbVelSpeed":20.0384,"posDeltaSpeed":94.5840,"trRbDelta":0.16289,"ntEnabled":true},"timestamp":1782766397270}
{"sessionId":"5484ca","runId":"bare-ngo","hypothesisId":"K","location":"Starship.LateUpdate","message":"rotation sample","data":{"trYaw":97.51,"rbYaw":94.93,"yawDelta":-2.58,"bankAngVel":-219.45,"bankAngle":-F2},"timestamp":1782766397270}
{"sessionId":"5484ca","runId":"post-fix","hypothesisId":"A","location":"CameraController.LateUpdate","message":"camera follow sample","data":{"followJitter":1.83027,"trRbDelta":0.00000,"rawFollowX":150.12,"rawFollowZ":-104.82,"smoothedFollowX":150.12,"smoothedFollowZ":-F2},"timestamp":1782766397271}
{"sessionId":"5484ca","runId":"nt-fix","hypothesisId":"P","location":"Starship.LateUpdate","message":"pulse check: nt pose delta vs rb vel","data":{"hudPlanarSpeed":9.9222,"rbVelSpeed":9.8398,"posDeltaSpeed":88.6242,"trRbDelta":0.15048,"ntEnabled":true},"timestamp":1782766397423}
{"sessionId":"5484ca","runId":"bare-ngo","hypothesisId":"K","location":"Starship.LateUpdate","message":"rotation sample","data":{"trYaw":71.79,"rbYaw":69.41,"yawDelta":-2.39,"bankAngVel":-167.14,"bankAngle":-F2},"timestamp":1782766397423}
{"sessionId":"5484ca","runId":"post-fix","hypothesisId":"A","location":"CameraController.LateUpdate","message":"camera follow sample","data":{"followJitter":1.60911,"trRbDelta":0.00000,"rawFollowX":151.70,"rawFollowZ":-105.12,"smoothedFollowX":151.70,"smoothedFollowZ":-F2},"timestamp":1782766397423}
{"sessionId":"5484ca","runId":"thruster-vfx","hypothesisId":"A","location":"Starship.UpdateEngineAndThrusterVFX","message":"thruster vfx sample","data":{"isServer":false,"isClient":true,"isHost":false,"speed":9.713,"accelerating":true,"showThrusters":true,"thrusterBlend":1.000,"thrusterCount":3},"timestamp":1782766397443}
{"sessionId":"5484ca","runId":"unified-ngo","hypothesisId":"G","location":"Starship.UpdateHudPlanarSpeed","message":"speed","data":{"motorSimulatesPhysics":false,"motorReadsNetworkPose":true,"hudSpeed":F3},"timestamp":1782766397443}
{"sessionId":"5484ca","runId":"nt-fix","hypothesisId":"P","location":"Starship.LateUpdate","message":"pulse check: nt pose delta vs rb vel","data":{"hudPlanarSpeed":12.8418,"rbVelSpeed":13.9503,"posDeltaSpeed":129.3687,"trRbDelta":0.07368,"ntEnabled":true},"timestamp":1782766397573}
{"sessionId":"5484ca","runId":"bare-ngo","hypothesisId":"K","location":"Starship.LateUpdate","message":"rotation sample","data":{"trYaw":32.43,"rbYaw":31.25,"yawDelta":-1.18,"bankAngVel":-237.70,"bankAngle":-F2},"timestamp":1782766397573}
{"sessionId":"5484ca","runId":"post-fix","hypothesisId":"A","location":"CameraController.LateUpdate","message":"camera follow sample","data":{"followJitter":2.44036,"trRbDelta":0.00000,"rawFollowX":153.78,"rawFollowZ":-103.84,"smoothedFollowX":153.78,"smoothedFollowZ":-F2},"timestamp":1782766397574}
{"sessionId":"5484ca","runId":"nt-fix","hypothesisId":"P","location":"Starship.LateUpdate","message":"pulse check: nt pose delta vs rb vel","data":{"hudPlanarSpeed":9.8284,"rbVelSpeed":21.7872,"posDeltaSpeed":70.7143,"trRbDelta":0.20182,"ntEnabled":true},"timestamp":1782766397729}
{"sessionId":"5484ca","runId":"bare-ngo","hypothesisId":"K","location":"Starship.LateUpdate","message":"rotation sample","data":{"trYaw":10.76,"rbYaw":8.11,"yawDelta":-2.65,"bankAngVel":-168.64,"bankAngle":-F2},"timestamp":1782766397729}
{"sessionId":"5484ca","runId":"post-fix","hypothesisId":"A","location":"CameraController.LateUpdate","message":"camera follow sample","data":{"followJitter":1.37030,"trRbDelta":0.00000,"rawFollowX":154.61,"rawFollowZ":-102.75,"smoothedFollowX":154.61,"smoothedFollowZ":-F2},"timestamp":1782766397730}
{"sessionId":"5484ca","runId":"nt-fix","hypothesisId":"P","location":"Starship.LateUpdate","message":"pulse check: nt pose delta vs rb vel","data":{"hudPlanarSpeed":12.4412,"rbVelSpeed":9.2382,"posDeltaSpeed":134.6478,"trRbDelta":0.06978,"ntEnabled":true},"timestamp":1782766397871}
{"sessionId":"5484ca","runId":"bare-ngo","hypothesisId":"K","location":"Starship.LateUpdate","message":"rotation sample","data":{"trYaw":347.10,"rbYaw":346.50,"yawDelta":-0.60,"bankAngVel":-154.58,"bankAngle":-F2},"timestamp":1782766397871}
{"sessionId":"5484ca","runId":"post-fix","hypothesisId":"A","location":"CameraController.LateUpdate","message":"camera follow sample","data":{"followJitter":2.37101,"trRbDelta":0.00000,"rawFollowX":154.71,"rawFollowZ":-100.38,"smoothedFollowX":154.71,"smoothedFollowZ":-F2},"timestamp":1782766397872}
{"sessionId":"5484ca","runId":"thruster-vfx","hypothesisId":"A","location":"Starship.UpdateEngineAndThrusterVFX","message":"thruster vfx sample","data":{"isServer":false,"isClient":true,"isHost":false,"speed":11.861,"accelerating":true,"showThrusters":true,"thrusterBlend":1.000,"thrusterCount":3},"timestamp":1782766397891}
{"sessionId":"5484ca","runId":"unified-ngo","hypothesisId":"G","location":"Starship.UpdateHudPlanarSpeed","message":"speed","data":{"motorSimulatesPhysics":false,"motorReadsNetworkPose":true,"hudSpeed":F3},"timestamp":1782766397891}
{"sessionId":"5484ca","runId":"nt-fix","hypothesisId":"P","location":"Starship.LateUpdate","message":"pulse check: nt pose delta vs rb vel","data":{"hudPlanarSpeed":13.2361,"rbVelSpeed":18.4591,"posDeltaSpeed":106.7199,"trRbDelta":0.33935,"ntEnabled":true},"timestamp":1782766398019}
{"sessionId":"5484ca","runId":"bare-ngo","hypothesisId":"K","location":"Starship.LateUpdate","message":"rotation sample","data":{"trYaw":340.25,"rbYaw":339.78,"yawDelta":-0.47,"bankAngVel":-76.73,"bankAngle":-F2},"timestamp":1782766398019}
{"sessionId":"5484ca","runId":"post-fix","hypothesisId":"A","location":"CameraController.LateUpdate","message":"camera follow sample","data":{"followJitter":1.86814,"trRbDelta":0.00000,"rawFollowX":154.28,"rawFollowZ":-98.56,"smoothedFollowX":154.28,"smoothedFollowZ":-F2},"timestamp":1782766398021}
{"sessionId":"5484ca","runId":"nt-fix","hypothesisId":"P","location":"Starship.LateUpdate","message":"pulse check: nt pose delta vs rb vel","data":{"hudPlanarSpeed":11.5180,"rbVelSpeed":4.8712,"posDeltaSpeed":98.3951,"trRbDelta":0.06979,"ntEnabled":true},"timestamp":1782766398164}
{"sessionId":"5484ca","runId":"bare-ngo","hypothesisId":"K","location":"Starship.LateUpdate","message":"rotation sample","data":{"trYaw":338.23,"rbYaw":338.15,"yawDelta":-0.08,"bankAngVel":-32.50,"bankAngle":-F2},"timestamp":1782766398164}
{"sessionId":"5484ca","runId":"post-fix","hypothesisId":"A","location":"CameraController.LateUpdate","message":"camera follow sample","data":{"followJitter":1.69421,"trRbDelta":0.00000,"rawFollowX":153.72,"rawFollowZ":-96.96,"smoothedFollowX":153.72,"smoothedFollowZ":-F2},"timestamp":1782766398165}
{"sessionId":"5484ca","runId":"nt-fix","hypothesisId":"P","location":"Starship.LateUpdate","message":"pulse check: nt pose delta vs rb vel","data":{"hudPlanarSpeed":14.8316,"rbVelSpeed":18.5294,"posDeltaSpeed":125.0238,"trRbDelta":0.11914,"ntEnabled":true},"timestamp":1782766398311}
{"sessionId":"5484ca","runId":"bare-ngo","hypothesisId":"K","location":"Starship.LateUpdate","message":"rotation sample","data":{"trYaw":337.82,"rbYaw":337.81,"yawDelta":-0.01,"bankAngVel":-11.60,"bankAngle":-F2},"timestamp":1782766398311}
{"sessionId":"5484ca","runId":"post-fix","hypothesisId":"A","location":"CameraController.LateUpdate","message":"camera follow sample","data":{"followJitter":2.34326,"trRbDelta":0.00000,"rawFollowX":152.85,"rawFollowZ":-94.79,"smoothedFollowX":152.85,"smoothedFollowZ":-F2},"timestamp":1782766398313}
{"sessionId":"5484ca","runId":"thruster-vfx","hypothesisId":"A","location":"Starship.UpdateEngineAndThrusterVFX","message":"thruster vfx sample","data":{"isServer":false,"isClient":true,"isHost":false,"speed":15.311,"accelerating":true,"showThrusters":true,"thrusterBlend":1.000,"thrusterCount":3},"timestamp":1782766398331}
{"sessionId":"5484ca","runId":"unified-ngo","hypothesisId":"G","location":"Starship.UpdateHudPlanarSpeed","message":"speed","data":{"motorSimulatesPhysics":false,"motorReadsNetworkPose":true,"hudSpeed":F3},"timestamp":1782766398331}
{"sessionId":"5484ca","runId":"nt-fix","hypothesisId":"P","location":"Starship.LateUpdate","message":"pulse check: nt pose delta vs rb vel","data":{"hudPlanarSpeed":12.1296,"rbVelSpeed":23.4330,"posDeltaSpeed":92.5000,"trRbDelta":0.31762,"ntEnabled":true},"timestamp":1782766398466}
{"sessionId":"5484ca","runId":"bare-ngo","hypothesisId":"K","location":"Starship.LateUpdate","message":"rotation sample","data":{"trYaw":337.74,"rbYaw":337.74,"yawDelta":0.00,"bankAngVel":-3.73,"bankAngle":-F2},"timestamp":1782766398466}
{"sessionId":"5484ca","runId":"post-fix","hypothesisId":"A","location":"CameraController.LateUpdate","message":"camera follow sample","data":{"followJitter":1.76412,"trRbDelta":0.00000,"rawFollowX":152.18,"rawFollowZ":-93.15,"smoothedFollowX":152.18,"smoothedFollowZ":-F2},"timestamp":1782766398467}
{"sessionId":"5484ca","runId":"nt-fix","hypothesisId":"P","location":"Starship.LateUpdate","message":"pulse check: nt pose delta vs rb vel","data":{"hudPlanarSpeed":13.6331,"rbVelSpeed":7.8025,"posDeltaSpeed":123.1441,"trRbDelta":0.14836,"ntEnabled":true},"timestamp":1782766398619}
{"sessionId":"5484ca","runId":"bare-ngo","hypothesisId":"K","location":"Starship.LateUpdate","message":"rotation sample","data":{"trYaw":328.91,"rbYaw":327.80,"yawDelta":-1.11,"bankAngVel":-48.68,"bankAngle":-F2},"timestamp":1782766398620}
{"sessionId":"5484ca","runId":"post-fix","hypothesisId":"A","location":"CameraController.LateUpdate","message":"camera follow sample","data":{"followJitter":2.38880,"trRbDelta":0.00000,"rawFollowX":151.25,"rawFollowZ":-90.96,"smoothedFollowX":151.25,"smoothedFollowZ":-F2},"timestamp":1782766398620}
{"sessionId":"5484ca","runId":"nt-fix","hypothesisId":"P","location":"Starship.LateUpdate","message":"pulse check: nt pose delta vs rb vel","data":{"hudPlanarSpeed":13.3844,"rbVelSpeed":18.1954,"posDeltaSpeed":95.8960,"trRbDelta":0.11699,"ntEnabled":true},"timestamp":1782766398771}
{"sessionId":"5484ca","runId":"bare-ngo","hypothesisId":"K","location":"Starship.LateUpdate","message":"rotation sample","data":{"trYaw":307.28,"rbYaw":305.84,"yawDelta":-1.44,"bankAngVel":-134.53,"bankAngle":-F2},"timestamp":1782766398773}
{"sessionId":"5484ca","runId":"post-fix","hypothesisId":"A","location":"CameraController.LateUpdate","message":"camera follow sample","data":{"followJitter":1.82049,"trRbDelta":0.00000,"rawFollowX":150.11,"rawFollowZ":-89.53,"smoothedFollowX":150.11,"smoothedFollowZ":-F2},"timestamp":1782766398773}
{"sessionId":"5484ca","runId":"thruster-vfx","hypothesisId":"A","location":"Starship.UpdateEngineAndThrusterVFX","message":"thruster vfx sample","data":{"isServer":false,"isClient":true,"isHost":false,"speed":13.940,"accelerating":true,"showThrusters":true,"thrusterBlend":1.000,"thrusterCount":3},"timestamp":1782766398792}
{"sessionId":"5484ca","runId":"unified-ngo","hypothesisId":"G","location":"Starship.UpdateHudPlanarSpeed","message":"speed","data":{"motorSimulatesPhysics":false,"motorReadsNetworkPose":true,"hudSpeed":F3},"timestamp":1782766398792}
{"sessionId":"5484ca","runId":"nt-fix","hypothesisId":"P","location":"Starship.LateUpdate","message":"pulse check: nt pose delta vs rb vel","data":{"hudPlanarSpeed":11.1562,"rbVelSpeed":10.4922,"posDeltaSpeed":90.5881,"trRbDelta":0.18164,"ntEnabled":true},"timestamp":1782766398920}
{"sessionId":"5484ca","runId":"bare-ngo","hypothesisId":"K","location":"Starship.LateUpdate","message":"rotation sample","data":{"trYaw":289.43,"rbYaw":288.19,"yawDelta":-1.25,"bankAngVel":-112.66,"bankAngle":-F2},"timestamp":1782766398921}
{"sessionId":"5484ca","runId":"post-fix","hypothesisId":"A","location":"CameraController.LateUpdate","message":"camera follow sample","data":{"followJitter":1.68466,"trRbDelta":0.00000,"rawFollowX":148.78,"rawFollowZ":-88.50,"smoothedFollowX":148.78,"smoothedFollowZ":-F2},"timestamp":1782766398922}
{"sessionId":"5484ca","runId":"nt-fix","hypothesisId":"P","location":"Starship.LateUpdate","message":"pulse check: nt pose delta vs rb vel","data":{"hudPlanarSpeed":14.9543,"rbVelSpeed":14.7995,"posDeltaSpeed":144.2164,"trRbDelta":0.16045,"ntEnabled":true},"timestamp":1782766399067}
{"sessionId":"5484ca","runId":"bare-ngo","hypothesisId":"K","location":"Starship.LateUpdate","message":"rotation sample","data":{"trYaw":281.30,"rbYaw":281.01,"yawDelta":-0.29,"bankAngVel":-69.92,"bankAngle":-F2},"timestamp":1782766399068}
{"sessionId":"5484ca","runId":"post-fix","hypothesisId":"A","location":"CameraController.LateUpdate","message":"camera follow sample","data":{"followJitter":2.56883,"trRbDelta":0.00000,"rawFollowX":146.32,"rawFollowZ":-87.76,"smoothedFollowX":146.32,"smoothedFollowZ":-F2},"timestamp":1782766399068}
{"sessionId":"5484ca","runId":"nt-fix","hypothesisId":"P","location":"Starship.LateUpdate","message":"pulse check: nt pose delta vs rb vel","data":{"hudPlanarSpeed":12.5028,"rbVelSpeed":24.5108,"posDeltaSpeed":77.5918,"trRbDelta":0.08558,"ntEnabled":true},"timestamp":1782766399215}
{"sessionId":"5484ca","runId":"bare-ngo","hypothesisId":"K","location":"Starship.LateUpdate","message":"rotation sample","data":{"trYaw":279.34,"rbYaw":279.32,"yawDelta":-0.02,"bankAngVel":-29.40,"bankAngle":-F2},"timestamp":1782766399215}
{"sessionId":"5484ca","runId":"post-fix","hypothesisId":"A","location":"CameraController.LateUpdate","message":"camera follow sample","data":{"followJitter":1.56765,"trRbDelta":0.00000,"rawFollowX":144.79,"rawFollowZ":-87.44,"smoothedFollowX":144.79,"smoothedFollowZ":-F2},"timestamp":1782766399215}
{"sessionId":"5484ca","runId":"thruster-vfx","hypothesisId":"A","location":"Starship.UpdateEngineAndThrusterVFX","message":"thruster vfx sample","data":{"isServer":false,"isClient":true,"isHost":false,"speed":13.932,"accelerating":true,"showThrusters":true,"thrusterBlend":1.000,"thrusterCount":3},"timestamp":1782766399233}
{"sessionId":"5484ca","runId":"unified-ngo","hypothesisId":"G","location":"Starship.UpdateHudPlanarSpeed","message":"speed","data":{"motorSimulatesPhysics":false,"motorReadsNetworkPose":true,"hudSpeed":F3},"timestamp":1782766399234}
{"sessionId":"5484ca","runId":"nt-fix","hypothesisId":"P","location":"Starship.LateUpdate","message":"pulse check: nt pose delta vs rb vel","data":{"hudPlanarSpeed":14.5135,"rbVelSpeed":9.0709,"posDeltaSpeed":131.9761,"trRbDelta":0.17049,"ntEnabled":true},"timestamp":1782766399359}
{"sessionId":"5484ca","runId":"bare-ngo","hypothesisId":"K","location":"Starship.LateUpdate","message":"rotation sample","data":{"trYaw":278.96,"rbYaw":278.94,"yawDelta":-0.02,"bankAngVel":-10.77,"bankAngle":-F2},"timestamp":1782766399359}
{"sessionId":"5484ca","runId":"post-fix","hypothesisId":"A","location":"CameraController.LateUpdate","message":"camera follow sample","data":{"followJitter":2.44818,"trRbDelta":0.00000,"rawFollowX":142.37,"rawFollowZ":-87.04,"smoothedFollowX":142.37,"smoothedFollowZ":-F2},"timestamp":1782766399360}
{"sessionId":"5484ca","runId":"nt-fix","hypothesisId":"P","location":"Starship.LateUpdate","message":"pulse check: nt pose delta vs rb vel","data":{"hudPlanarSpeed":13.8981,"rbVelSpeed":20.6530,"posDeltaSpeed":97.1581,"trRbDelta":0.15938,"ntEnabled":true},"timestamp":1782766399510}
{"sessionId":"5484ca","runId":"bare-ngo","hypothesisId":"K","location":"Starship.LateUpdate","message":"rotation sample","data":{"trYaw":278.88,"rbYaw":278.88,"yawDelta":0.00,"bankAngVel":-3.51,"bankAngle":-F2},"timestamp":1782766399511}
{"sessionId":"5484ca","runId":"post-fix","hypothesisId":"A","location":"CameraController.LateUpdate","message":"camera follow sample","data":{"followJitter":1.78325,"trRbDelta":0.00000,"rawFollowX":140.61,"rawFollowZ":-86.76,"smoothedFollowX":140.61,"smoothedFollowZ":-F2},"timestamp":1782766399511}
{"sessionId":"5484ca","runId":"nt-fix","hypothesisId":"P","location":"Starship.LateUpdate","message":"pulse check: nt pose delta vs rb vel","data":{"hudPlanarSpeed":12.0872,"rbVelSpeed":4.8966,"posDeltaSpeed":98.1551,"trRbDelta":0.07321,"ntEnabled":true},"timestamp":1782766399663}
{"sessionId":"5484ca","runId":"bare-ngo","hypothesisId":"K","location":"Starship.LateUpdate","message":"rotation sample","data":{"trYaw":278.87,"rbYaw":278.87,"yawDelta":0.00,"bankAngVel":-1.09,"bankAngle":-F2},"timestamp":1782766399663}
{"sessionId":"5484ca","runId":"post-fix","hypothesisId":"A","location":"CameraController.LateUpdate","message":"camera follow sample","data":{"followJitter":1.89281,"trRbDelta":0.00000,"rawFollowX":138.74,"rawFollowZ":-86.47,"smoothedFollowX":138.74,"smoothedFollowZ":-F2},"timestamp":1782766399664}
{"sessionId":"5484ca","runId":"thruster-vfx","hypothesisId":"A","location":"Starship.UpdateEngineAndThrusterVFX","message":"thruster vfx sample","data":{"isServer":false,"isClient":true,"isHost":false,"speed":11.366,"accelerating":true,"showThrusters":true,"thrusterBlend":1.000,"thrusterCount":3},"timestamp":1782766399683}
{"sessionId":"5484ca","runId":"unified-ngo","hypothesisId":"G","location":"Starship.UpdateHudPlanarSpeed","message":"speed","data":{"motorSimulatesPhysics":false,"motorReadsNetworkPose":true,"hudSpeed":F3},"timestamp":1782766399684}
{"sessionId":"5484ca","runId":"nt-fix","hypothesisId":"P","location":"Starship.LateUpdate","message":"pulse check: nt pose delta vs rb vel","data":{"hudPlanarSpeed":15.1494,"rbVelSpeed":17.1767,"posDeltaSpeed":124.7212,"trRbDelta":0.11632,"ntEnabled":true},"timestamp":1782766399810}
{"sessionId":"5484ca","runId":"bare-ngo","hypothesisId":"K","location":"Starship.LateUpdate","message":"rotation sample","data":{"trYaw":260.39,"rbYaw":259.07,"yawDelta":-1.32,"bankAngVel":-104.41,"bankAngle":-F2},"timestamp":1782766399812}
{"sessionId":"5484ca","runId":"post-fix","hypothesisId":"A","location":"CameraController.LateUpdate","message":"camera follow sample","data":{"followJitter":2.36132,"trRbDelta":0.00000,"rawFollowX":136.38,"rawFollowZ":-86.37,"smoothedFollowX":136.38,"smoothedFollowZ":-F2},"timestamp":1782766399812}
{"sessionId":"5484ca","runId":"nt-fix","hypothesisId":"P","location":"Starship.LateUpdate","message":"pulse check: nt pose delta vs rb vel","data":{"hudPlanarSpeed":11.2772,"rbVelSpeed":3.8239,"posDeltaSpeed":84.9587,"trRbDelta":0.06079,"ntEnabled":true},"timestamp":1782766399963}
{"sessionId":"5484ca","runId":"bare-ngo","hypothesisId":"K","location":"Starship.LateUpdate","message":"rotation sample","data":{"trYaw":241.17,"rbYaw":240.41,"yawDelta":-0.76,"bankAngVel":-108.15,"bankAngle":-F2},"timestamp":1782766399963}
{"sessionId":"5484ca","runId":"post-fix","hypothesisId":"A","location":"CameraController.LateUpdate","message":"camera follow sample","data":{"followJitter":1.56322,"trRbDelta":0.00000,"rawFollowX":134.83,"rawFollowZ":-86.56,"smoothedFollowX":134.83,"smoothedFollowZ":-F2},"timestamp":1782766399963}
{"sessionId":"5484ca","runId":"nt-fix","hypothesisId":"P","location":"Starship.LateUpdate","message":"pulse check: nt pose delta vs rb vel","data":{"hudPlanarSpeed":13.4346,"rbVelSpeed":11.8146,"posDeltaSpeed":129.3284,"trRbDelta":0.06292,"ntEnabled":true},"timestamp":1782766400113}
{"sessionId":"5484ca","runId":"bare-ngo","hypothesisId":"K","location":"Starship.LateUpdate","message":"rotation sample","data":{"trYaw":203.88,"rbYaw":202.89,"yawDelta":-0.99,"bankAngVel":-203.94,"bankAngle":-F2},"timestamp":1782766400114}
{"sessionId":"5484ca","runId":"post-fix","hypothesisId":"A","location":"CameraController.LateUpdate","message":"camera follow sample","data":{"followJitter":2.41242,"trRbDelta":0.00000,"rawFollowX":133.00,"rawFollowZ":-88.13,"smoothedFollowX":133.00,"smoothedFollowZ":-F2},"timestamp":1782766400114}
{"sessionId":"5484ca","runId":"thruster-vfx","hypothesisId":"A","location":"Starship.UpdateEngineAndThrusterVFX","message":"thruster vfx sample","data":{"isServer":false,"isClient":true,"isHost":false,"speed":12.933,"accelerating":true,"showThrusters":true,"thrusterBlend":1.000,"thrusterCount":3},"timestamp":1782766400134}
{"sessionId":"5484ca","runId":"unified-ngo","hypothesisId":"G","location":"Starship.UpdateHudPlanarSpeed","message":"speed","data":{"motorSimulatesPhysics":false,"motorReadsNetworkPose":true,"hudSpeed":F3},"timestamp":1782766400134}
{"sessionId":"5484ca","runId":"nt-fix","hypothesisId":"P","location":"Starship.LateUpdate","message":"pulse check: nt pose delta vs rb vel","data":{"hudPlanarSpeed":11.8951,"rbVelSpeed":17.9159,"posDeltaSpeed":93.4350,"trRbDelta":0.27705,"ntEnabled":true},"timestamp":1782766400263}
{"sessionId":"5484ca","runId":"bare-ngo","hypothesisId":"K","location":"Starship.LateUpdate","message":"rotation sample","data":{"trYaw":176.66,"rbYaw":172.27,"yawDelta":-4.39,"bankAngVel":-205.26,"bankAngle":-F2},"timestamp":1782766400263}
{"sessionId":"5484ca","runId":"post-fix","hypothesisId":"A","location":"CameraController.LateUpdate","message":"camera follow sample","data":{"followJitter":1.65758,"trRbDelta":0.00000,"rawFollowX":132.43,"rawFollowZ":-89.69,"smoothedFollowX":132.43,"smoothedFollowZ":-F2},"timestamp":1782766400264}
{"sessionId":"5484ca","runId":"nt-fix","hypothesisId":"P","location":"Starship.LateUpdate","message":"pulse check: nt pose delta vs rb vel","data":{"hudPlanarSpeed":11.5258,"rbVelSpeed":7.4588,"posDeltaSpeed":103.4954,"trRbDelta":0.04630,"ntEnabled":true},"timestamp":1782766400413}
{"sessionId":"5484ca","runId":"bare-ngo","hypothesisId":"K","location":"Starship.LateUpdate","message":"rotation sample","data":{"trYaw":144.92,"rbYaw":144.18,"yawDelta":-0.74,"bankAngVel":-199.89,"bankAngle":-F2},"timestamp":1782766400413}
{"sessionId":"5484ca","runId":"post-fix","hypothesisId":"A","location":"CameraController.LateUpdate","message":"camera follow sample","data":{"followJitter":1.97420,"trRbDelta":0.00000,"rawFollowX":132.67,"rawFollowZ":-91.65,"smoothedFollowX":132.67,"smoothedFollowZ":-F2},"timestamp":1782766400414}
{"sessionId":"5484ca","runId":"nt-fix","hypothesisId":"P","location":"Starship.LateUpdate","message":"pulse check: nt pose delta vs rb vel","data":{"hudPlanarSpeed":12.4171,"rbVelSpeed":11.1091,"posDeltaSpeed":76.1852,"trRbDelta":0.19220,"ntEnabled":true},"timestamp":1782766400603}
{"sessionId":"5484ca","runId":"bare-ngo","hypothesisId":"K","location":"Starship.LateUpdate","message":"rotation sample","data":{"trYaw":113.30,"rbYaw":112.04,"yawDelta":-1.26,"bankAngVel":-166.32,"bankAngle":-F2},"timestamp":1782766400603}
{"sessionId":"5484ca","runId":"post-fix","hypothesisId":"A","location":"CameraController.LateUpdate","message":"camera follow sample","data":{"followJitter":2.59272,"trRbDelta":0.00000,"rawFollowX":134.54,"rawFollowZ":-93.44,"smoothedFollowX":134.54,"smoothedFollowZ":-F2},"timestamp":1782766400603}
{"sessionId":"5484ca","runId":"thruster-vfx","hypothesisId":"A","location":"Starship.UpdateEngineAndThrusterVFX","message":"thruster vfx sample","data":{"isServer":false,"isClient":true,"isHost":false,"speed":12.097,"accelerating":true,"showThrusters":true,"thrusterBlend":1.000,"thrusterCount":3},"timestamp":1782766400622}
{"sessionId":"5484ca","runId":"unified-ngo","hypothesisId":"G","location":"Starship.UpdateHudPlanarSpeed","message":"speed","data":{"motorSimulatesPhysics":false,"motorReadsNetworkPose":true,"hudSpeed":F3},"timestamp":1782766400622}
{"sessionId":"5484ca","runId":"nt-fix","hypothesisId":"P","location":"Starship.LateUpdate","message":"pulse check: nt pose delta vs rb vel","data":{"hudPlanarSpeed":11.4650,"rbVelSpeed":23.6218,"posDeltaSpeed":78.3462,"trRbDelta":0.13131,"ntEnabled":true},"timestamp":1782766400753}
{"sessionId":"5484ca","runId":"bare-ngo","hypothesisId":"K","location":"Starship.LateUpdate","message":"rotation sample","data":{"trYaw":107.53,"rbYaw":107.45,"yawDelta":-0.08,"bankAngVel":-72.04,"bankAngle":-F2},"timestamp":1782766400753}
{"sessionId":"5484ca","runId":"post-fix","hypothesisId":"A","location":"CameraController.LateUpdate","message":"camera follow sample","data":{"followJitter":1.56710,"trRbDelta":0.00000,"rawFollowX":135.95,"rawFollowZ":-94.12,"smoothedFollowX":135.95,"smoothedFollowZ":-F2},"timestamp":1782766400754}
{"sessionId":"5484ca","runId":"nt-fix","hypothesisId":"P","location":"Starship.LateUpdate","message":"pulse check: nt pose delta vs rb vel","data":{"hudPlanarSpeed":12.9986,"rbVelSpeed":7.7363,"posDeltaSpeed":112.7140,"trRbDelta":0.06138,"ntEnabled":true},"timestamp":1782766400910}
{"sessionId":"5484ca","runId":"bare-ngo","hypothesisId":"K","location":"Starship.LateUpdate","message":"rotation sample","data":{"trYaw":106.45,"rbYaw":106.43,"yawDelta":-0.02,"bankAngVel":-24.52,"bankAngle":-F2},"timestamp":1782766400911}
{"sessionId":"5484ca","runId":"post-fix","hypothesisId":"A","location":"CameraController.LateUpdate","message":"camera follow sample","data":{"followJitter":2.38368,"trRbDelta":0.00000,"rawFollowX":138.22,"rawFollowZ":-94.86,"smoothedFollowX":138.22,"smoothedFollowZ":-F2},"timestamp":1782766400911}
{"sessionId":"5484ca","runId":"nt-fix","hypothesisId":"P","location":"Starship.LateUpdate","message":"pulse check: nt pose delta vs rb vel","data":{"hudPlanarSpeed":14.3793,"rbVelSpeed":14.7935,"posDeltaSpeed":112.4243,"trRbDelta":0.10136,"ntEnabled":true},"timestamp":1782766401072}
{"sessionId":"5484ca","runId":"bare-ngo","hypothesisId":"K","location":"Starship.LateUpdate","message":"rotation sample","data":{"trYaw":119.09,"rbYaw":119.97,"yawDelta":0.88,"bankAngVel":61.74,"bankAngle":F2},"timestamp":1782766401072}
{"sessionId":"5484ca","runId":"post-fix","hypothesisId":"A","location":"CameraController.LateUpdate","message":"camera follow sample","data":{"followJitter":2.30197,"trRbDelta":0.00000,"rawFollowX":140.37,"rawFollowZ":-95.67,"smoothedFollowX":140.37,"smoothedFollowZ":-F2},"timestamp":1782766401072}
{"sessionId":"5484ca","runId":"thruster-vfx","hypothesisId":"A","location":"Starship.UpdateEngineAndThrusterVFX","message":"thruster vfx sample","data":{"isServer":false,"isClient":true,"isHost":false,"speed":14.171,"accelerating":true,"showThrusters":true,"thrusterBlend":1.000,"thrusterCount":3},"timestamp":1782766401092}
{"sessionId":"5484ca","runId":"unified-ngo","hypothesisId":"G","location":"Starship.UpdateHudPlanarSpeed","message":"speed","data":{"motorSimulatesPhysics":false,"motorReadsNetworkPose":true,"hudSpeed":F3},"timestamp":1782766401093}
{"sessionId":"5484ca","runId":"nt-fix","hypothesisId":"P","location":"Starship.LateUpdate","message":"pulse check: nt pose delta vs rb vel","data":{"hudPlanarSpeed":13.3831,"rbVelSpeed":18.6884,"posDeltaSpeed":101.8955,"trRbDelta":0.11095,"ntEnabled":true},"timestamp":1782766401232}
{"sessionId":"5484ca","runId":"bare-ngo","hypothesisId":"K","location":"Starship.LateUpdate","message":"rotation sample","data":{"trYaw":129.64,"rbYaw":129.49,"yawDelta":-0.15,"bankAngVel":55.06,"bankAngle":F2},"timestamp":1782766401233}
{"sessionId":"5484ca","runId":"post-fix","hypothesisId":"A","location":"CameraController.LateUpdate","message":"camera follow sample","data":{"followJitter":1.92506,"trRbDelta":0.00000,"rawFollowX":142.03,"rawFollowZ":-96.65,"smoothedFollowX":142.03,"smoothedFollowZ":-F2},"timestamp":1782766401233}
{"sessionId":"5484ca","runId":"nt-fix","hypothesisId":"P","location":"Starship.LateUpdate","message":"pulse check: nt pose delta vs rb vel","data":{"hudPlanarSpeed":14.0783,"rbVelSpeed":8.9510,"posDeltaSpeed":125.7178,"trRbDelta":0.06954,"ntEnabled":true},"timestamp":1782766401390}
{"sessionId":"5484ca","runId":"bare-ngo","hypothesisId":"K","location":"Starship.LateUpdate","message":"rotation sample","data":{"trYaw":111.29,"rbYaw":110.57,"yawDelta":-0.72,"bankAngVel":-70.13,"bankAngle":-F2},"timestamp":1782766401391}
{"sessionId":"5484ca","runId":"post-fix","hypothesisId":"A","location":"CameraController.LateUpdate","message":"camera follow sample","data":{"followJitter":2.42683,"trRbDelta":0.00000,"rawFollowX":144.03,"rawFollowZ":-98.02,"smoothedFollowX":144.03,"smoothedFollowZ":-F2},"timestamp":1782766401391}
{"sessionId":"5484ca","runId":"nt-fix","hypothesisId":"P","location":"Starship.LateUpdate","message":"pulse check: nt pose delta vs rb vel","data":{"hudPlanarSpeed":14.0676,"rbVelSpeed":14.2307,"posDeltaSpeed":107.9097,"trRbDelta":0.14645,"ntEnabled":true},"timestamp":1782766401547}
{"sessionId":"5484ca","runId":"bare-ngo","hypothesisId":"K","location":"Starship.LateUpdate","message":"rotation sample","data":{"trYaw":80.97,"rbYaw":78.82,"yawDelta":-2.16,"bankAngVel":-169.37,"bankAngle":-F2},"timestamp":1782766401548}
{"sessionId":"5484ca","runId":"post-fix","hypothesisId":"A","location":"CameraController.LateUpdate","message":"camera follow sample","data":{"followJitter":2.15167,"trRbDelta":0.00000,"rawFollowX":146.12,"rawFollowZ":-98.52,"smoothedFollowX":146.12,"smoothedFollowZ":-F2},"timestamp":1782766401548}
{"sessionId":"5484ca","runId":"thruster-vfx","hypothesisId":"A","location":"Starship.UpdateEngineAndThrusterVFX","message":"thruster vfx sample","data":{"isServer":false,"isClient":true,"isHost":false,"speed":14.061,"accelerating":true,"showThrusters":true,"thrusterBlend":1.000,"thrusterCount":3},"timestamp":1782766401570}
{"sessionId":"5484ca","runId":"unified-ngo","hypothesisId":"G","location":"Starship.UpdateHudPlanarSpeed","message":"speed","data":{"motorSimulatesPhysics":false,"motorReadsNetworkPose":true,"hudSpeed":F3},"timestamp":1782766401571}
{"sessionId":"5484ca","runId":"nt-fix","hypothesisId":"P","location":"Starship.LateUpdate","message":"pulse check: nt pose delta vs rb vel","data":{"hudPlanarSpeed":10.6619,"rbVelSpeed":22.0309,"posDeltaSpeed":79.7754,"trRbDelta":0.18168,"ntEnabled":true},"timestamp":1782766401710}
{"sessionId":"5484ca","runId":"bare-ngo","hypothesisId":"K","location":"Starship.LateUpdate","message":"rotation sample","data":{"trYaw":57.46,"rbYaw":54.92,"yawDelta":-2.54,"bankAngVel":-146.03,"bankAngle":-F2},"timestamp":1782766401710}
{"sessionId":"5484ca","runId":"post-fix","hypothesisId":"A","location":"CameraController.LateUpdate","message":"camera follow sample","data":{"followJitter":1.61349,"trRbDelta":0.00000,"rawFollowX":147.72,"rawFollowZ":-98.29,"smoothedFollowX":147.72,"smoothedFollowZ":-F2},"timestamp":1782766401710}
{"sessionId":"5484ca","runId":"nt-fix","hypothesisId":"P","location":"Starship.LateUpdate","message":"pulse check: nt pose delta vs rb vel","data":{"hudPlanarSpeed":12.6843,"rbVelSpeed":10.3013,"posDeltaSpeed":123.0279,"trRbDelta":0.08473,"ntEnabled":true},"timestamp":1782766401870}
{"sessionId":"5484ca","runId":"bare-ngo","hypothesisId":"K","location":"Starship.LateUpdate","message":"rotation sample","data":{"trYaw":19.82,"rbYaw":18.52,"yawDelta":-1.30,"bankAngVel":-202.84,"bankAngle":-F2},"timestamp":1782766401870}
{"sessionId":"5484ca","runId":"post-fix","hypothesisId":"A","location":"CameraController.LateUpdate","message":"camera follow sample","data":{"followJitter":2.52245,"trRbDelta":0.00000,"rawFollowX":149.58,"rawFollowZ":-96.59,"smoothedFollowX":149.58,"smoothedFollowZ":-F2},"timestamp":1782766401870}
{"sessionId":"5484ca","runId":"nt-fix","hypothesisId":"P","location":"Starship.LateUpdate","message":"pulse check: nt pose delta vs rb vel","data":{"hudPlanarSpeed":12.0141,"rbVelSpeed":16.1473,"posDeltaSpeed":98.3146,"trRbDelta":0.11383,"ntEnabled":true},"timestamp":1782766402031}
{"sessionId":"5484ca","runId":"bare-ngo","hypothesisId":"K","location":"Starship.LateUpdate","message":"rotation sample","data":{"trYaw":349.93,"rbYaw":348.26,"yawDelta":-1.67,"bankAngVel":-207.88,"bankAngle":-F2},"timestamp":1782766402031}
{"sessionId":"5484ca","runId":"post-fix","hypothesisId":"A","location":"CameraController.LateUpdate","message":"camera follow sample","data":{"followJitter":1.88576,"trRbDelta":0.00000,"rawFollowX":150.03,"rawFollowZ":-94.75,"smoothedFollowX":150.03,"smoothedFollowZ":-F2},"timestamp":1782766402031}
{"sessionId":"5484ca","runId":"thruster-vfx","hypothesisId":"A","location":"Starship.UpdateEngineAndThrusterVFX","message":"thruster vfx sample","data":{"isServer":false,"isClient":true,"isHost":false,"speed":12.331,"accelerating":true,"showThrusters":true,"thrusterBlend":1.000,"thrusterCount":3},"timestamp":1782766402053}
{"sessionId":"5484ca","runId":"unified-ngo","hypothesisId":"G","location":"Starship.UpdateHudPlanarSpeed","message":"speed","data":{"motorSimulatesPhysics":false,"motorReadsNetworkPose":true,"hudSpeed":F3},"timestamp":1782766402053}
{"sessionId":"5484ca","runId":"nt-fix","hypothesisId":"P","location":"Starship.LateUpdate","message":"pulse check: nt pose delta vs rb vel","data":{"hudPlanarSpeed":10.0000,"rbVelSpeed":7.3151,"posDeltaSpeed":85.6424,"trRbDelta":0.07579,"ntEnabled":true},"timestamp":1782766402188}
{"sessionId":"5484ca","runId":"bare-ngo","hypothesisId":"K","location":"Starship.LateUpdate","message":"rotation sample","data":{"trYaw":332.75,"rbYaw":332.33,"yawDelta":-0.42,"bankAngVel":-125.11,"bankAngle":-F2},"timestamp":1782766402188}
{"sessionId":"5484ca","runId":"post-fix","hypothesisId":"A","location":"CameraController.LateUpdate","message":"camera follow sample","data":{"followJitter":1.67681,"trRbDelta":0.00000,"rawFollowX":149.80,"rawFollowZ":-93.09,"smoothedFollowX":149.80,"smoothedFollowZ":-F2},"timestamp":1782766402189}
{"sessionId":"5484ca","runId":"nt-fix","hypothesisId":"P","location":"Starship.LateUpdate","message":"pulse check: nt pose delta vs rb vel","data":{"hudPlanarSpeed":13.4386,"rbVelSpeed":14.1126,"posDeltaSpeed":137.6619,"trRbDelta":0.23319,"ntEnabled":true},"timestamp":1782766402342}
{"sessionId":"5484ca","runId":"bare-ngo","hypothesisId":"K","location":"Starship.LateUpdate","message":"rotation sample","data":{"trYaw":326.58,"rbYaw":326.33,"yawDelta":-0.25,"bankAngVel":-61.20,"bankAngle":-F2},"timestamp":1782766402342}
{"sessionId":"5484ca","runId":"post-fix","hypothesisId":"A","location":"CameraController.LateUpdate","message":"camera follow sample","data":{"followJitter":2.51996,"trRbDelta":0.00000,"rawFollowX":148.59,"rawFollowZ":-90.88,"smoothedFollowX":148.59,"smoothedFollowZ":-F2},"timestamp":1782766402342}
{"sessionId":"5484ca","runId":"nt-fix","hypothesisId":"P","location":"Starship.LateUpdate","message":"pulse check: nt pose delta vs rb vel","data":{"hudPlanarSpeed":12.7792,"rbVelSpeed":18.0358,"posDeltaSpeed":103.8146,"trRbDelta":0.32983,"ntEnabled":true},"timestamp":1782766402500}
{"sessionId":"5484ca","runId":"bare-ngo","hypothesisId":"K","location":"Starship.LateUpdate","message":"rotation sample","data":{"trYaw":320.41,"rbYaw":318.12,"yawDelta":-2.29,"bankAngVel":-55.91,"bankAngle":-F2},"timestamp":1782766402500}
{"sessionId":"5484ca","runId":"post-fix","hypothesisId":"A","location":"CameraController.LateUpdate","message":"camera follow sample","data":{"followJitter":1.85031,"trRbDelta":0.00000,"rawFollowX":147.52,"rawFollowZ":-89.37,"smoothedFollowX":147.52,"smoothedFollowZ":-F2},"timestamp":1782766402500}
{"sessionId":"5484ca","runId":"thruster-vfx","hypothesisId":"A","location":"Starship.UpdateEngineAndThrusterVFX","message":"thruster vfx sample","data":{"isServer":false,"isClient":true,"isHost":false,"speed":13.388,"accelerating":true,"showThrusters":true,"thrusterBlend":1.000,"thrusterCount":3},"timestamp":1782766402520}
{"sessionId":"5484ca","runId":"unified-ngo","hypothesisId":"G","location":"Starship.UpdateHudPlanarSpeed","message":"speed","data":{"motorSimulatesPhysics":false,"motorReadsNetworkPose":true,"hudSpeed":F3},"timestamp":1782766402520}
{"sessionId":"5484ca","runId":"nt-fix","hypothesisId":"P","location":"Starship.LateUpdate","message":"pulse check: nt pose delta vs rb vel","data":{"hudPlanarSpeed":12.9778,"rbVelSpeed":7.2375,"posDeltaSpeed":118.2900,"trRbDelta":0.09264,"ntEnabled":true},"timestamp":1782766402646}
{"sessionId":"5484ca","runId":"bare-ngo","hypothesisId":"K","location":"Starship.LateUpdate","message":"rotation sample","data":{"trYaw":301.08,"rbYaw":300.08,"yawDelta":-1.00,"bankAngVel":-105.91,"bankAngle":-F2},"timestamp":1782766402647}
{"sessionId":"5484ca","runId":"post-fix","hypothesisId":"A","location":"CameraController.LateUpdate","message":"camera follow sample","data":{"followJitter":2.05120,"trRbDelta":0.00000,"rawFollowX":146.09,"rawFollowZ":-87.90,"smoothedFollowX":146.09,"smoothedFollowZ":-F2},"timestamp":1782766402647}
{"sessionId":"5484ca","runId":"nt-fix","hypothesisId":"P","location":"Starship.LateUpdate","message":"pulse check: nt pose delta vs rb vel","data":{"hudPlanarSpeed":14.9201,"rbVelSpeed":14.7631,"posDeltaSpeed":118.5525,"trRbDelta":0.27846,"ntEnabled":true},"timestamp":1782766402800}
{"sessionId":"5484ca","runId":"bare-ngo","hypothesisId":"K","location":"Starship.LateUpdate","message":"rotation sample","data":{"trYaw":290.32,"rbYaw":289.65,"yawDelta":-0.68,"bankAngVel":-77.38,"bankAngle":-F2},"timestamp":1782766402800}
{"sessionId":"5484ca","runId":"post-fix","hypothesisId":"A","location":"CameraController.LateUpdate","message":"camera follow sample","data":{"followJitter":2.31042,"trRbDelta":0.00000,"rawFollowX":144.06,"rawFollowZ":-86.81,"smoothedFollowX":144.06,"smoothedFollowZ":-F2},"timestamp":1782766402800}
{"sessionId":"5484ca","runId":"nt-fix","hypothesisId":"P","location":"Starship.LateUpdate","message":"pulse check: nt pose delta vs rb vel","data":{"hudPlanarSpeed":11.0535,"rbVelSpeed":4.3068,"posDeltaSpeed":78.7419,"trRbDelta":0.03396,"ntEnabled":true},"timestamp":1782766402950}
{"sessionId":"5484ca","runId":"bare-ngo","hypothesisId":"K","location":"Starship.LateUpdate","message":"rotation sample","data":{"trYaw":287.43,"rbYaw":287.38,"yawDelta":-0.06,"bankAngVel":-34.52,"bankAngle":-F2},"timestamp":1782766402950}
{"sessionId":"5484ca","runId":"post-fix","hypothesisId":"A","location":"CameraController.LateUpdate","message":"camera follow sample","data":{"followJitter":1.50438,"trRbDelta":0.00000,"rawFollowX":142.66,"rawFollowZ":-86.24,"smoothedFollowX":142.66,"smoothedFollowZ":-F2},"timestamp":1782766402952}
{"sessionId":"5484ca","runId":"thruster-vfx","hypothesisId":"A","location":"Starship.UpdateEngineAndThrusterVFX","message":"thruster vfx sample","data":{"isServer":false,"isClient":true,"isHost":false,"speed":11.643,"accelerating":true,"showThrusters":true,"thrusterBlend":1.000,"thrusterCount":3},"timestamp":1782766402971}
{"sessionId":"5484ca","runId":"unified-ngo","hypothesisId":"G","location":"Starship.UpdateHudPlanarSpeed","message":"speed","data":{"motorSimulatesPhysics":false,"motorReadsNetworkPose":true,"hudSpeed":F3},"timestamp":1782766402971}
{"sessionId":"5484ca","runId":"nt-fix","hypothesisId":"P","location":"Starship.LateUpdate","message":"pulse check: nt pose delta vs rb vel","data":{"hudPlanarSpeed":14.4414,"rbVelSpeed":9.8363,"posDeltaSpeed":144.4574,"trRbDelta":0.12365,"ntEnabled":true},"timestamp":1782766403105}
{"sessionId":"5484ca","runId":"bare-ngo","hypothesisId":"K","location":"Starship.LateUpdate","message":"rotation sample","data":{"trYaw":314.37,"rbYaw":315.62,"yawDelta":1.25,"bankAngVel":106.41,"bankAngle":F2},"timestamp":1782766403106}
{"sessionId":"5484ca","runId":"post-fix","hypothesisId":"A","location":"CameraController.LateUpdate","message":"camera follow sample","data":{"followJitter":2.65529,"trRbDelta":0.00000,"rawFollowX":140.34,"rawFollowZ":-84.96,"smoothedFollowX":140.34,"smoothedFollowZ":-F2},"timestamp":1782766403106}
{"sessionId":"5484ca","runId":"nt-fix","hypothesisId":"P","location":"Starship.LateUpdate","message":"pulse check: nt pose delta vs rb vel","data":{"hudPlanarSpeed":14.1521,"rbVelSpeed":15.0061,"posDeltaSpeed":120.5737,"trRbDelta":0.08120,"ntEnabled":true},"timestamp":1782766403272}
{"sessionId":"5484ca","runId":"bare-ngo","hypothesisId":"K","location":"Starship.LateUpdate","message":"rotation sample","data":{"trYaw":340.54,"rbYaw":341.63,"yawDelta":1.08,"bankAngVel":162.36,"bankAngle":F2},"timestamp":1782766403273}
{"sessionId":"5484ca","runId":"post-fix","hypothesisId":"A","location":"CameraController.LateUpdate","message":"camera follow sample","data":{"followJitter":2.17033,"trRbDelta":0.00000,"rawFollowX":138.96,"rawFollowZ":-83.29,"smoothedFollowX":138.96,"smoothedFollowZ":-F2},"timestamp":1782766403274}
{"sessionId":"5484ca","runId":"nt-fix","hypothesisId":"P","location":"Starship.LateUpdate","message":"pulse check: nt pose delta vs rb vel","data":{"hudPlanarSpeed":11.1144,"rbVelSpeed":4.9799,"posDeltaSpeed":92.4166,"trRbDelta":0.04283,"ntEnabled":true},"timestamp":1782766403430}
{"sessionId":"5484ca","runId":"bare-ngo","hypothesisId":"K","location":"Starship.LateUpdate","message":"rotation sample","data":{"trYaw":4.84,"rbYaw":5.47,"yawDelta":0.63,"bankAngVel":146.19,"bankAngle":F2},"timestamp":1782766403431}
{"sessionId":"5484ca","runId":"post-fix","hypothesisId":"A","location":"CameraController.LateUpdate","message":"camera follow sample","data":{"followJitter":1.69300,"trRbDelta":0.00000,"rawFollowX":138.34,"rawFollowZ":-81.71,"smoothedFollowX":138.34,"smoothedFollowZ":-F2},"timestamp":1782766403431}
{"sessionId":"5484ca","runId":"thruster-vfx","hypothesisId":"A","location":"Starship.UpdateEngineAndThrusterVFX","message":"thruster vfx sample","data":{"isServer":false,"isClient":true,"isHost":false,"speed":10.215,"accelerating":true,"showThrusters":true,"thrusterBlend":1.000,"thrusterCount":3},"timestamp":1782766403451}
{"sessionId":"5484ca","runId":"unified-ngo","hypothesisId":"G","location":"Starship.UpdateHudPlanarSpeed","message":"speed","data":{"motorSimulatesPhysics":false,"motorReadsNetworkPose":true,"hudSpeed":F3},"timestamp":1782766403451}
{"sessionId":"5484ca","runId":"nt-fix","hypothesisId":"P","location":"Starship.LateUpdate","message":"pulse check: nt pose delta vs rb vel","data":{"hudPlanarSpeed":12.7328,"rbVelSpeed":12.7205,"posDeltaSpeed":119.9619,"trRbDelta":0.15550,"ntEnabled":true},"timestamp":1782766403585}
{"sessionId":"5484ca","runId":"bare-ngo","hypothesisId":"K","location":"Starship.LateUpdate","message":"rotation sample","data":{"trYaw":41.21,"rbYaw":43.68,"yawDelta":2.47,"bankAngVel":214.01,"bankAngle":F2},"timestamp":1782766403585}
{"sessionId":"5484ca","runId":"post-fix","hypothesisId":"A","location":"CameraController.LateUpdate","message":"camera follow sample","data":{"followJitter":2.29873,"trRbDelta":0.00000,"rawFollowX":138.97,"rawFollowZ":-79.50,"smoothedFollowX":138.97,"smoothedFollowZ":-F2},"timestamp":1782766403587}
{"sessionId":"5484ca","runId":"nt-fix","hypothesisId":"P","location":"Starship.LateUpdate","message":"pulse check: nt pose delta vs rb vel","data":{"hudPlanarSpeed":9.6528,"rbVelSpeed":21.2959,"posDeltaSpeed":67.3717,"trRbDelta":0.01295,"ntEnabled":true},"timestamp":1782766403735}
{"sessionId":"5484ca","runId":"bare-ngo","hypothesisId":"K","location":"Starship.LateUpdate","message":"rotation sample","data":{"trYaw":62.11,"rbYaw":62.31,"yawDelta":0.20,"bankAngVel":165.28,"bankAngle":F2},"timestamp":1782766403736}
{"sessionId":"5484ca","runId":"post-fix","hypothesisId":"A","location":"CameraController.LateUpdate","message":"camera follow sample","data":{"followJitter":1.27702,"trRbDelta":0.00000,"rawFollowX":139.75,"rawFollowZ":-78.48,"smoothedFollowX":139.75,"smoothedFollowZ":-F2},"timestamp":1782766403736}
{"sessionId":"5484ca","runId":"nt-fix","hypothesisId":"P","location":"Starship.LateUpdate","message":"pulse check: nt pose delta vs rb vel","data":{"hudPlanarSpeed":10.7445,"rbVelSpeed":6.2785,"posDeltaSpeed":112.3904,"trRbDelta":0.07229,"ntEnabled":true},"timestamp":1782766403887}
{"sessionId":"5484ca","runId":"bare-ngo","hypothesisId":"K","location":"Starship.LateUpdate","message":"rotation sample","data":{"trYaw":94.50,"rbYaw":95.66,"yawDelta":1.16,"bankAngVel":186.28,"bankAngle":F2},"timestamp":1782766403887}
{"sessionId":"5484ca","runId":"post-fix","hypothesisId":"A","location":"CameraController.LateUpdate","message":"camera follow sample","data":{"followJitter":2.03943,"trRbDelta":0.00000,"rawFollowX":141.64,"rawFollowZ":-77.72,"smoothedFollowX":141.64,"smoothedFollowZ":-F2},"timestamp":1782766403887}
{"sessionId":"5484ca","runId":"thruster-vfx","hypothesisId":"A","location":"Starship.UpdateEngineAndThrusterVFX","message":"thruster vfx sample","data":{"isServer":false,"isClient":true,"isHost":false,"speed":10.093,"accelerating":true,"showThrusters":true,"thrusterBlend":1.000,"thrusterCount":3},"timestamp":1782766403907}
{"sessionId":"5484ca","runId":"unified-ngo","hypothesisId":"G","location":"Starship.UpdateHudPlanarSpeed","message":"speed","data":{"motorSimulatesPhysics":false,"motorReadsNetworkPose":true,"hudSpeed":F3},"timestamp":1782766403908}
{"sessionId":"5484ca","runId":"nt-fix","hypothesisId":"P","location":"Starship.LateUpdate","message":"pulse check: nt pose delta vs rb vel","data":{"hudPlanarSpeed":11.7631,"rbVelSpeed":17.5804,"posDeltaSpeed":81.6199,"trRbDelta":0.25742,"ntEnabled":true},"timestamp":1782766404044}
{"sessionId":"5484ca","runId":"bare-ngo","hypothesisId":"K","location":"Starship.LateUpdate","message":"rotation sample","data":{"trYaw":125.91,"rbYaw":130.00,"yawDelta":4.10,"bankAngVel":217.13,"bankAngle":F2},"timestamp":1782766404045}
{"sessionId":"5484ca","runId":"post-fix","hypothesisId":"A","location":"CameraController.LateUpdate","message":"camera follow sample","data":{"followJitter":1.92634,"trRbDelta":0.00000,"rawFollowX":143.52,"rawFollowZ":-78.16,"smoothedFollowX":143.52,"smoothedFollowZ":-F2},"timestamp":1782766404045}
{"sessionId":"5484ca","runId":"nt-fix","hypothesisId":"P","location":"Starship.LateUpdate","message":"pulse check: nt pose delta vs rb vel","data":{"hudPlanarSpeed":10.4402,"rbVelSpeed":6.8800,"posDeltaSpeed":94.3800,"trRbDelta":0.06847,"ntEnabled":true},"timestamp":1782766404188}
{"sessionId":"5484ca","runId":"bare-ngo","hypothesisId":"K","location":"Starship.LateUpdate","message":"rotation sample","data":{"trYaw":152.00,"rbYaw":153.10,"yawDelta":1.10,"bankAngVel":180.13,"bankAngle":F2},"timestamp":1782766404189}
{"sessionId":"5484ca","runId":"post-fix","hypothesisId":"A","location":"CameraController.LateUpdate","message":"camera follow sample","data":{"followJitter":1.62687,"trRbDelta":0.00000,"rawFollowX":144.86,"rawFollowZ":-79.07,"smoothedFollowX":144.86,"smoothedFollowZ":-F2},"timestamp":1782766404189}
{"sessionId":"5484ca","runId":"nt-fix","hypothesisId":"P","location":"Starship.LateUpdate","message":"pulse check: nt pose delta vs rb vel","data":{"hudPlanarSpeed":13.8960,"rbVelSpeed":15.9963,"posDeltaSpeed":143.1133,"trRbDelta":0.01477,"ntEnabled":true},"timestamp":1782766404335}
{"sessionId":"5484ca","runId":"bare-ngo","hypothesisId":"K","location":"Starship.LateUpdate","message":"rotation sample","data":{"trYaw":166.40,"rbYaw":166.45,"yawDelta":0.05,"bankAngVel":116.30,"bankAngle":F2},"timestamp":1782766404335}
{"sessionId":"5484ca","runId":"post-fix","hypothesisId":"A","location":"CameraController.LateUpdate","message":"camera follow sample","data":{"followJitter":2.47284,"trRbDelta":0.00000,"rawFollowX":145.80,"rawFollowZ":-81.36,"smoothedFollowX":145.80,"smoothedFollowZ":-F2},"timestamp":1782766404335}
{"sessionId":"5484ca","runId":"thruster-vfx","hypothesisId":"A","location":"Starship.UpdateEngineAndThrusterVFX","message":"thruster vfx sample","data":{"isServer":false,"isClient":true,"isHost":false,"speed":13.754,"accelerating":true,"showThrusters":true,"thrusterBlend":1.000,"thrusterCount":3},"timestamp":1782766404355}
{"sessionId":"5484ca","runId":"unified-ngo","hypothesisId":"G","location":"Starship.UpdateHudPlanarSpeed","message":"speed","data":{"motorSimulatesPhysics":false,"motorReadsNetworkPose":true,"hudSpeed":F3},"timestamp":1782766404355}
{"sessionId":"5484ca","runId":"nt-fix","hypothesisId":"P","location":"Starship.LateUpdate","message":"pulse check: nt pose delta vs rb vel","data":{"hudPlanarSpeed":12.7142,"rbVelSpeed":23.2275,"posDeltaSpeed":91.5377,"trRbDelta":0.24366,"ntEnabled":true},"timestamp":1782766404487}
{"sessionId":"5484ca","runId":"bare-ngo","hypothesisId":"K","location":"Starship.LateUpdate","message":"rotation sample","data":{"trYaw":169.78,"rbYaw":169.87,"yawDelta":0.09,"bankAngVel":48.31,"bankAngle":F2},"timestamp":1782766404487}
{"sessionId":"5484ca","runId":"post-fix","hypothesisId":"A","location":"CameraController.LateUpdate","message":"camera follow sample","data":{"followJitter":1.72676,"trRbDelta":0.00000,"rawFollowX":146.22,"rawFollowZ":-83.03,"smoothedFollowX":146.22,"smoothedFollowZ":-F2},"timestamp":1782766404487}
{"sessionId":"5484ca","runId":"nt-fix","hypothesisId":"P","location":"Starship.LateUpdate","message":"pulse check: nt pose delta vs rb vel","data":{"hudPlanarSpeed":14.0446,"rbVelSpeed":9.2689,"posDeltaSpeed":130.1207,"trRbDelta":0.01386,"ntEnabled":true},"timestamp":1782766404634}
{"sessionId":"5484ca","runId":"bare-ngo","hypothesisId":"K","location":"Starship.LateUpdate","message":"rotation sample","data":{"trYaw":170.42,"rbYaw":170.42,"yawDelta":0.00,"bankAngVel":17.19,"bankAngle":F2},"timestamp":1782766404635}
{"sessionId":"5484ca","runId":"post-fix","hypothesisId":"A","location":"CameraController.LateUpdate","message":"camera follow sample","data":{"followJitter":2.37647,"trRbDelta":0.00000,"rawFollowX":146.65,"rawFollowZ":-85.37,"smoothedFollowX":146.65,"smoothedFollowZ":-F2},"timestamp":1782766404635}
{"sessionId":"5484ca","runId":"nt-fix","hypothesisId":"P","location":"Starship.LateUpdate","message":"pulse check: nt pose delta vs rb vel","data":{"hudPlanarSpeed":13.9892,"rbVelSpeed":19.3540,"posDeltaSpeed":99.6120,"trRbDelta":0.01009,"ntEnabled":true},"timestamp":1782766404775}
{"sessionId":"5484ca","runId":"bare-ngo","hypothesisId":"K","location":"Starship.LateUpdate","message":"rotation sample","data":{"trYaw":158.37,"rbYaw":158.28,"yawDelta":-0.10,"bankAngVel":-70.63,"bankAngle":F2},"timestamp":1782766404776}
{"sessionId":"5484ca","runId":"post-fix","hypothesisId":"A","location":"CameraController.LateUpdate","message":"camera follow sample","data":{"followJitter":1.73409,"trRbDelta":0.00000,"rawFollowX":147.13,"rawFollowZ":-87.04,"smoothedFollowX":147.13,"smoothedFollowZ":-F2},"timestamp":1782766404776}
{"sessionId":"5484ca","runId":"thruster-vfx","hypothesisId":"A","location":"Starship.UpdateEngineAndThrusterVFX","message":"thruster vfx sample","data":{"isServer":false,"isClient":true,"isHost":false,"speed":14.437,"accelerating":true,"showThrusters":true,"thrusterBlend":1.000,"thrusterCount":3},"timestamp":1782766404793}
{"sessionId":"5484ca","runId":"unified-ngo","hypothesisId":"G","location":"Starship.UpdateHudPlanarSpeed","message":"speed","data":{"motorSimulatesPhysics":false,"motorReadsNetworkPose":true,"hudSpeed":F3},"timestamp":1782766404795}
{"sessionId":"5484ca","runId":"nt-fix","hypothesisId":"P","location":"Starship.LateUpdate","message":"pulse check: nt pose delta vs rb vel","data":{"hudPlanarSpeed":13.1583,"rbVelSpeed":5.9904,"posDeltaSpeed":109.9829,"trRbDelta":0.11547,"ntEnabled":true},"timestamp":1782766404918}
{"sessionId":"5484ca","runId":"bare-ngo","hypothesisId":"K","location":"Starship.LateUpdate","message":"rotation sample","data":{"trYaw":142.99,"rbYaw":142.20,"yawDelta":-0.79,"bankAngVel":-87.22,"bankAngle":-F2},"timestamp":1782766404920}
{"sessionId":"5484ca","runId":"post-fix","hypothesisId":"A","location":"CameraController.LateUpdate","message":"camera follow sample","data":{"followJitter":1.94125,"trRbDelta":0.00000,"rawFollowX":147.95,"rawFollowZ":-88.80,"smoothedFollowX":147.95,"smoothedFollowZ":-F2},"timestamp":1782766404920}
{"sessionId":"5484ca","runId":"nt-fix","hypothesisId":"P","location":"Starship.LateUpdate","message":"pulse check: nt pose delta vs rb vel","data":{"hudPlanarSpeed":13.8829,"rbVelSpeed":14.2217,"posDeltaSpeed":110.0293,"trRbDelta":0.22405,"ntEnabled":true},"timestamp":1782766405062}
{"sessionId":"5484ca","runId":"bare-ngo","hypothesisId":"K","location":"Starship.LateUpdate","message":"rotation sample","data":{"trYaw":139.73,"rbYaw":139.59,"yawDelta":-0.14,"bankAngVel":-41.09,"bankAngle":-F2},"timestamp":1782766405062}
{"sessionId":"5484ca","runId":"post-fix","hypothesisId":"A","location":"CameraController.LateUpdate","message":"camera follow sample","data":{"followJitter":2.01024,"trRbDelta":0.00000,"rawFollowX":149.15,"rawFollowZ":-90.41,"smoothedFollowX":149.15,"smoothedFollowZ":-F2},"timestamp":1782766405062}
{"sessionId":"5484ca","runId":"nt-fix","hypothesisId":"P","location":"Starship.LateUpdate","message":"pulse check: nt pose delta vs rb vel","data":{"hudPlanarSpeed":12.4874,"rbVelSpeed":23.6991,"posDeltaSpeed":87.5073,"trRbDelta":0.17213,"ntEnabled":true},"timestamp":1782766405210}
{"sessionId":"5484ca","runId":"bare-ngo","hypothesisId":"K","location":"Starship.LateUpdate","message":"rotation sample","data":{"trYaw":139.33,"rbYaw":139.48,"yawDelta":0.14,"bankAngVel":-13.15,"bankAngle":-F2},"timestamp":1782766405210}
{"sessionId":"5484ca","runId":"post-fix","hypothesisId":"A","location":"CameraController.LateUpdate","message":"camera follow sample","data":{"followJitter":1.69492,"trRbDelta":0.00000,"rawFollowX":150.22,"rawFollowZ":-91.72,"smoothedFollowX":150.22,"smoothedFollowZ":-F2},"timestamp":1782766405212}
{"sessionId":"5484ca","runId":"thruster-vfx","hypothesisId":"A","location":"Starship.UpdateEngineAndThrusterVFX","message":"thruster vfx sample","data":{"isServer":false,"isClient":true,"isHost":false,"speed":13.511,"accelerating":true,"showThrusters":true,"thrusterBlend":1.000,"thrusterCount":3},"timestamp":1782766405231}
{"sessionId":"5484ca","runId":"unified-ngo","hypothesisId":"G","location":"Starship.UpdateHudPlanarSpeed","message":"speed","data":{"motorSimulatesPhysics":false,"motorReadsNetworkPose":true,"hudSpeed":F3},"timestamp":1782766405231}
{"sessionId":"5484ca","runId":"nt-fix","hypothesisId":"P","location":"Starship.LateUpdate","message":"pulse check: nt pose delta vs rb vel","data":{"hudPlanarSpeed":14.8059,"rbVelSpeed":11.8488,"posDeltaSpeed":132.2643,"trRbDelta":0.16835,"ntEnabled":true},"timestamp":1782766405364}
{"sessionId":"5484ca","runId":"bare-ngo","hypothesisId":"K","location":"Starship.LateUpdate","message":"rotation sample","data":{"trYaw":147.05,"rbYaw":148.04,"yawDelta":0.99,"bankAngVel":36.28,"bankAngle":F2},"timestamp":1782766405364}
{"sessionId":"5484ca","runId":"post-fix","hypothesisId":"A","location":"CameraController.LateUpdate","message":"camera follow sample","data":{"followJitter":2.56935,"trRbDelta":0.00000,"rawFollowX":151.83,"rawFollowZ":-93.73,"smoothedFollowX":151.83,"smoothedFollowZ":-F2},"timestamp":1782766405364}
{"sessionId":"5484ca","runId":"nt-fix","hypothesisId":"P","location":"Starship.LateUpdate","message":"pulse check: nt pose delta vs rb vel","data":{"hudPlanarSpeed":12.4709,"rbVelSpeed":17.7796,"posDeltaSpeed":84.8087,"trRbDelta":0.02198,"ntEnabled":true},"timestamp":1782766405514}
{"sessionId":"5484ca","runId":"bare-ngo","hypothesisId":"K","location":"Starship.LateUpdate","message":"rotation sample","data":{"trYaw":162.20,"rbYaw":162.49,"yawDelta":0.29,"bankAngVel":98.17,"bankAngle":F2},"timestamp":1782766405514}
{"sessionId":"5484ca","runId":"post-fix","hypothesisId":"A","location":"CameraController.LateUpdate","message":"camera follow sample","data":{"followJitter":1.57247,"trRbDelta":0.00000,"rawFollowX":152.61,"rawFollowZ":-95.09,"smoothedFollowX":152.61,"smoothedFollowZ":-F2},"timestamp":1782766405516}
{"sessionId":"5484ca","runId":"nt-fix","hypothesisId":"P","location":"Starship.LateUpdate","message":"pulse check: nt pose delta vs rb vel","data":{"hudPlanarSpeed":11.8709,"rbVelSpeed":11.3996,"posDeltaSpeed":102.5158,"trRbDelta":0.11137,"ntEnabled":true},"timestamp":1782766405668}
{"sessionId":"5484ca","runId":"bare-ngo","hypothesisId":"K","location":"Starship.LateUpdate","message":"rotation sample","data":{"trYaw":189.24,"rbYaw":190.90,"yawDelta":1.65,"bankAngVel":142.05,"bankAngle":F2},"timestamp":1782766405669}
{"sessionId":"5484ca","runId":"post-fix","hypothesisId":"A","location":"CameraController.LateUpdate","message":"camera follow sample","data":{"followJitter":1.96204,"trRbDelta":0.00000,"rawFollowX":153.07,"rawFollowZ":-97.00,"smoothedFollowX":153.07,"smoothedFollowZ":-F2},"timestamp":1782766405669}
{"sessionId":"5484ca","runId":"thruster-vfx","hypothesisId":"A","location":"Starship.UpdateEngineAndThrusterVFX","message":"thruster vfx sample","data":{"isServer":false,"isClient":true,"isHost":false,"speed":11.599,"accelerating":false,"showThrusters":false,"thrusterBlend":0.657,"thrusterCount":3},"timestamp":1782766405688}
{"sessionId":"5484ca","runId":"unified-ngo","hypothesisId":"G","location":"Starship.UpdateHudPlanarSpeed","message":"speed","data":{"motorSimulatesPhysics":false,"motorReadsNetworkPose":true,"hudSpeed":F3},"timestamp":1782766405689}
{"sessionId":"5484ca","runId":"nt-fix","hypothesisId":"P","location":"Starship.LateUpdate","message":"pulse check: nt pose delta vs rb vel","data":{"hudPlanarSpeed":12.4022,"rbVelSpeed":11.6161,"posDeltaSpeed":112.3697,"trRbDelta":0.01027,"ntEnabled":true},"timestamp":1782766405814}
{"sessionId":"5484ca","runId":"bare-ngo","hypothesisId":"K","location":"Starship.LateUpdate","message":"rotation sample","data":{"trYaw":221.35,"rbYaw":221.52,"yawDelta":0.17,"bankAngVel":197.54,"bankAngle":F2},"timestamp":1782766405816}
{"sessionId":"5484ca","runId":"post-fix","hypothesisId":"A","location":"CameraController.LateUpdate","message":"camera follow sample","data":{"followJitter":2.00747,"trRbDelta":0.00000,"rawFollowX":152.51,"rawFollowZ":-98.93,"smoothedFollowX":152.51,"smoothedFollowZ":-F2},"timestamp":1782766405816}
{"sessionId":"5484ca","runId":"nt-fix","hypothesisId":"P","location":"Starship.LateUpdate","message":"pulse check: nt pose delta vs rb vel","data":{"hudPlanarSpeed":10.3588,"rbVelSpeed":16.2693,"posDeltaSpeed":88.4505,"trRbDelta":0.10803,"ntEnabled":true},"timestamp":1782766405991}
{"sessionId":"5484ca","runId":"bare-ngo","hypothesisId":"K","location":"Starship.LateUpdate","message":"rotation sample","data":{"trYaw":254.35,"rbYaw":256.75,"yawDelta":2.41,"bankAngVel":199.83,"bankAngle":F2},"timestamp":1782766405992}
{"sessionId":"5484ca","runId":"post-fix","hypothesisId":"A","location":"CameraController.LateUpdate","message":"camera follow sample","data":{"followJitter":1.67346,"trRbDelta":0.00000,"rawFollowX":151.69,"rawFollowZ":-100.38,"smoothedFollowX":151.69,"smoothedFollowZ":-F2},"timestamp":1782766405992}
{"sessionId":"5484ca","runId":"nt-fix","hypothesisId":"P","location":"Starship.LateUpdate","message":"pulse check: nt pose delta vs rb vel","data":{"hudPlanarSpeed":9.4408,"rbVelSpeed":4.3304,"posDeltaSpeed":83.9108,"trRbDelta":0.08558,"ntEnabled":true},"timestamp":1782766406139}
{"sessionId":"5484ca","runId":"bare-ngo","hypothesisId":"K","location":"Starship.LateUpdate","message":"rotation sample","data":{"trYaw":286.83,"rbYaw":288.81,"yawDelta":1.98,"bankAngVel":200.84,"bankAngle":F2},"timestamp":1782766406139}
{"sessionId":"5484ca","runId":"post-fix","hypothesisId":"A","location":"CameraController.LateUpdate","message":"camera follow sample","data":{"followJitter":1.43352,"trRbDelta":0.00000,"rawFollowX":150.87,"rawFollowZ":-101.56,"smoothedFollowX":150.87,"smoothedFollowZ":-F2},"timestamp":1782766406139}
{"sessionId":"5484ca","runId":"nt-fix","hypothesisId":"P","location":"Starship.LateUpdate","message":"pulse check: nt pose delta vs rb vel","data":{"hudPlanarSpeed":9.3818,"rbVelSpeed":9.8048,"posDeltaSpeed":71.8362,"trRbDelta":0.13630,"ntEnabled":true},"timestamp":1782766406284}
{"sessionId":"5484ca","runId":"bare-ngo","hypothesisId":"K","location":"Starship.LateUpdate","message":"rotation sample","data":{"trYaw":318.59,"rbYaw":322.22,"yawDelta":3.62,"bankAngVel":229.80,"bankAngle":F2},"timestamp":1782766406284}
{"sessionId":"5484ca","runId":"post-fix","hypothesisId":"A","location":"CameraController.LateUpdate","message":"camera follow sample","data":{"followJitter":1.25532,"trRbDelta":0.00000,"rawFollowX":150.14,"rawFollowZ":-102.58,"smoothedFollowX":150.14,"smoothedFollowZ":-F2},"timestamp":1782766406284}
{"sessionId":"5484ca","runId":"nt-fix","hypothesisId":"P","location":"Starship.LateUpdate","message":"pulse check: nt pose delta vs rb vel","data":{"hudPlanarSpeed":7.4329,"rbVelSpeed":3.3592,"posDeltaSpeed":40.6212,"trRbDelta":0.00709,"ntEnabled":true},"timestamp":1782766406436}
{"sessionId":"5484ca","runId":"bare-ngo","hypothesisId":"K","location":"Starship.LateUpdate","message":"rotation sample","data":{"trYaw":347.54,"rbYaw":347.74,"yawDelta":0.20,"bankAngVel":187.87,"bankAngle":F2},"timestamp":1782766406436}
{"sessionId":"5484ca","runId":"post-fix","hypothesisId":"A","location":"CameraController.LateUpdate","message":"camera follow sample","data":{"followJitter":1.05813,"trRbDelta":0.00000,"rawFollowX":149.53,"rawFollowZ":-103.44,"smoothedFollowX":149.53,"smoothedFollowZ":-F2},"timestamp":1782766406437}
