{"sessionId":"3f83e2","runId":"post-fix7","hypothesisId":"H4","location":"ServerSimClock:ApplyHeartbeat","message":"clock_auth","data":{"error":564,"prevEst":0,"authTick":564,"inputBuffer":2},"timestamp":1782243011228}
{"sessionId":"3f83e2","runId":"post-fix7","hypothesisId":"H1","location":"Starship.NetworkMotor:ReconcileOwnerFromServer","message":"owner_reconcile","data":{"preSnapErr":0.2151,"replayCount":0,"preTick":1665,"postTick":1370,"serverTick":1370,"ackSeq":1,"simTick":1666},"timestamp":1782243033303}
{"sessionId":"3f83e2","runId":"post-fix7","hypothesisId":"H1","location":"Starship.NetworkMotor:ReconcileOwnerFromServer","message":"owner_reconcile","data":{"preSnapErr":0.0358,"replayCount":11,"preTick":1383,"postTick":1395,"serverTick":1384,"ackSeq":2,"simTick":1681},"timestamp":1782243033549}
{"sessionId":"3f83e2","runId":"post-fix7","hypothesisId":"H1","location":"Starship.NetworkMotor:ReconcileOwnerFromServer","message":"owner_reconcile","data":{"preSnapErr":0.3942,"replayCount":12,"preTick":1396,"postTick":1397,"serverTick":1385,"ackSeq":3,"simTick":1682},"timestamp":1782243033572}
{"sessionId":"3f83e2","runId":"post-fix7","hypothesisId":"H1","location":"Starship.NetworkMotor:ReconcileOwnerFromServer","message":"owner_reconcile","data":{"preSnapErr":0.3942,"replayCount":11,"preTick":1398,"postTick":1398,"serverTick":1387,"ackSeq":5,"simTick":1683},"timestamp":1782243033590}
{"sessionId":"3f83e2","runId":"post-fix7","hypothesisId":"H1","location":"Starship.NetworkMotor:ReconcileOwnerFromServer","message":"owner_reconcile","data":{"preSnapErr":0.3942,"replayCount":11,"preTick":1399,"postTick":1399,"serverTick":1388,"ackSeq":6,"simTick":1684},"timestamp":1782243033611}
{"sessionId":"3f83e2","runId":"post-fix7","hypothesisId":"H5","location":"Starship.NetworkMotor:ApplyOwnerPredictedMotorVisuals","message":"owner_display","data":{"alpha":0.152,"renderSpan":0.0358,"frameDelta":0.0000,"speed":F3},"timestamp":1782243033654}
{"sessionId":"3f83e2","runId":"post-fix7","hypothesisId":"H1","location":"Starship.NetworkMotor:ReconcileOwnerFromServer","message":"owner_reconcile","data":{"preSnapErr":0.3942,"replayCount":11,"preTick":1402,"postTick":1402,"serverTick":1391,"ackSeq":9,"simTick":1687},"timestamp":1782243033672}
{"sessionId":"3f83e2","runId":"post-fix7","hypothesisId":"H1","location":"Starship.NetworkMotor:ReconcileOwnerFromServer","message":"owner_reconcile","data":{"preSnapErr":0.3942,"replayCount":11,"preTick":1403,"postTick":1403,"serverTick":1392,"ackSeq":10,"simTick":1688},"timestamp":1782243033690}
{"sessionId":"3f83e2","runId":"post-fix7","hypothesisId":"H1","location":"Starship.NetworkMotor:ReconcileOwnerFromServer","message":"owner_reconcile","data":{"preSnapErr":0.3942,"replayCount":11,"preTick":1404,"postTick":1404,"serverTick":1393,"ackSeq":11,"simTick":1689},"timestamp":1782243033709}
{"sessionId":"3f83e2","runId":"post-fix7","hypothesisId":"H2","location":"Starship.NetworkMotor:ClientPredictMotorFixedStep","message":"owner_predict","data":{"tick":1407,"simTick":1691,"serverClock":1697,"tickLead":-284,"speed":2.251,"thrust":1},"timestamp":1782243033762}
{"sessionId":"3f83e2","runId":"post-fix7","hypothesisId":"H1","location":"Starship.NetworkMotor:ReconcileOwnerFromServer","message":"owner_reconcile","data":{"preSnapErr":0.4033,"replayCount":11,"preTick":1407,"postTick":1407,"serverTick":1396,"ackSeq":14,"simTick":1692},"timestamp":1782243033783}
{"sessionId":"3f83e2","runId":"post-fix7","hypothesisId":"H1","location":"Starship.NetworkMotor:ReconcileOwnerFromServer","message":"owner_reconcile","data":{"preSnapErr":0.4495,"replayCount":11,"preTick":1408,"postTick":1408,"serverTick":1397,"ackSeq":15,"simTick":1693},"timestamp":1782243033803}
{"sessionId":"3f83e2","runId":"post-fix7","hypothesisId":"H1","location":"Starship.NetworkMotor:ReconcileOwnerFromServer","message":"owner_reconcile","data":{"preSnapErr":0.4858,"replayCount":11,"preTick":1409,"postTick":1409,"serverTick":1398,"ackSeq":16,"simTick":1694},"timestamp":1782243033823}
{"sessionId":"3f83e2","runId":"post-fix7","hypothesisId":"H1","location":"Starship.NetworkMotor:ReconcileOwnerFromServer","message":"owner_reconcile","data":{"preSnapErr":0.6468,"replayCount":11,"preTick":1412,"postTick":1412,"serverTick":1401,"ackSeq":19,"simTick":1697},"timestamp":1782243033887}
{"sessionId":"3f83e2","runId":"post-fix7","hypothesisId":"H5","location":"Starship.NetworkMotor:ApplyOwnerPredictedMotorVisuals","message":"owner_display","data":{"alpha":0.029,"renderSpan":0.1162,"frameDelta":0.7507,"speed":F3},"timestamp":1782243033897}
{"sessionId":"3f83e2","runId":"post-fix7","hypothesisId":"H1","location":"Starship.NetworkMotor:ReconcileOwnerFromServer","message":"owner_reconcile","data":{"preSnapErr":0.8315,"replayCount":12,"preTick":1414,"postTick":1414,"serverTick":1402,"ackSeq":20,"simTick":1699},"timestamp":1782243033910}
{"sessionId":"3f83e2","runId":"post-fix7","hypothesisId":"H1","location":"Starship.NetworkMotor:ReconcileOwnerFromServer","message":"owner_reconcile","data":{"preSnapErr":0.8842,"replayCount":11,"preTick":1415,"postTick":1415,"serverTick":1404,"ackSeq":22,"simTick":1700},"timestamp":1782243033929}
{"sessionId":"3f83e2","runId":"post-fix7","hypothesisId":"H1","location":"Starship.NetworkMotor:ReconcileOwnerFromServer","message":"owner_reconcile","data":{"preSnapErr":1.1164,"replayCount":12,"preTick":1417,"postTick":1417,"serverTick":1405,"ackSeq":23,"simTick":1702},"timestamp":1782243033968}
{"sessionId":"3f83e2","runId":"post-fix7","hypothesisId":"H1","location":"Starship.NetworkMotor:ReconcileOwnerFromServer","message":"owner_reconcile","data":{"preSnapErr":1.3160,"replayCount":12,"preTick":1419,"postTick":1419,"serverTick":1407,"ackSeq":25,"simTick":1704},"timestamp":1782243034020}
{"sessionId":"3f83e2","runId":"post-fix7","hypothesisId":"H1","location":"Starship.NetworkMotor:ReconcileOwnerFromServer","message":"owner_reconcile","data":{"preSnapErr":1.3424,"replayCount":11,"preTick":1420,"postTick":1420,"serverTick":1409,"ackSeq":27,"simTick":1705},"timestamp":1782243034040}
{"sessionId":"3f83e2","runId":"post-fix7","hypothesisId":"H1","location":"Starship.NetworkMotor:ReconcileOwnerFromServer","message":"owner_reconcile","data":{"preSnapErr":1.4275,"replayCount":11,"preTick":1421,"postTick":1421,"serverTick":1410,"ackSeq":28,"simTick":1706},"timestamp":1782243034061}
{"sessionId":"3f83e2","runId":"post-fix7","hypothesisId":"H1","location":"Starship.NetworkMotor:ReconcileOwnerFromServer","message":"owner_reconcile","data":{"preSnapErr":1.5897,"replayCount":11,"preTick":1423,"postTick":1423,"serverTick":1412,"ackSeq":30,"simTick":1708},"timestamp":1782243034103}
{"sessionId":"3f83e2","runId":"post-fix7","hypothesisId":"H1","location":"Starship.NetworkMotor:ReconcileOwnerFromServer","message":"owner_reconcile","data":{"preSnapErr":1.6666,"replayCount":11,"preTick":1424,"postTick":1424,"serverTick":1413,"ackSeq":31,"simTick":1709},"timestamp":1782243034124}
{"sessionId":"3f83e2","runId":"post-fix7","hypothesisId":"H5","location":"Starship.NetworkMotor:ApplyOwnerPredictedMotorVisuals","message":"owner_display","data":{"alpha":0.840,"renderSpan":0.1908,"frameDelta":1.8193,"speed":F3},"timestamp":1782243034129}
{"sessionId":"3f83e2","runId":"post-fix7","hypothesisId":"H1","location":"Starship.NetworkMotor:ReconcileOwnerFromServer","message":"owner_reconcile","data":{"preSnapErr":1.8790,"replayCount":11,"preTick":1427,"postTick":1427,"serverTick":1416,"ackSeq":34,"simTick":1712},"timestamp":1782243034182}
{"sessionId":"3f83e2","runId":"post-fix7","hypothesisId":"H1","location":"Starship.NetworkMotor:ReconcileOwnerFromServer","message":"owner_reconcile","data":{"preSnapErr":1.9432,"replayCount":11,"preTick":1428,"postTick":1428,"serverTick":1417,"ackSeq":35,"simTick":1713},"timestamp":1782243034202}
{"sessionId":"3f83e2","runId":"post-fix7","hypothesisId":"H1","location":"Starship.NetworkMotor:ReconcileOwnerFromServer","message":"owner_reconcile","data":{"preSnapErr":2.0039,"replayCount":11,"preTick":1429,"postTick":1429,"serverTick":1418,"ackSeq":36,"simTick":1714},"timestamp":1782243034222}
{"sessionId":"3f83e2","runId":"post-fix7","hypothesisId":"H2","location":"Starship.NetworkMotor:ClientPredictMotorFixedStep","message":"owner_predict","data":{"tick":1432,"simTick":1716,"serverClock":1722,"tickLead":-284,"speed":10.889,"thrust":1},"timestamp":1782243034261}
{"sessionId":"3f83e2","runId":"post-fix7","hypothesisId":"H1","location":"Starship.NetworkMotor:ReconcileOwnerFromServer","message":"owner_reconcile","data":{"preSnapErr":2.1642,"replayCount":11,"preTick":1432,"postTick":1432,"serverTick":1421,"ackSeq":39,"simTick":1717},"timestamp":1782243034280}
{"sessionId":"3f83e2","runId":"post-fix7","hypothesisId":"H1","location":"Starship.NetworkMotor:ReconcileOwnerFromServer","message":"owner_reconcile","data":{"preSnapErr":2.2517,"replayCount":11,"preTick":1434,"postTick":1434,"serverTick":1423,"ackSeq":41,"simTick":1719},"timestamp":1782243034320}
{"sessionId":"3f83e2","runId":"post-fix7","hypothesisId":"H1","location":"Starship.NetworkMotor:ReconcileOwnerFromServer","message":"owner_reconcile","data":{"preSnapErr":2.2895,"replayCount":11,"preTick":1435,"postTick":1435,"serverTick":1424,"ackSeq":42,"simTick":1720},"timestamp":1782243034340}
{"sessionId":"3f83e2","runId":"post-fix7","hypothesisId":"H1","location":"Starship.NetworkMotor:ReconcileOwnerFromServer","message":"owner_reconcile","data":{"preSnapErr":2.3231,"replayCount":11,"preTick":1436,"postTick":1436,"serverTick":1425,"ackSeq":43,"simTick":1721},"timestamp":1782243034359}
{"sessionId":"3f83e2","runId":"post-fix7","hypothesisId":"H5","location":"Starship.NetworkMotor:ApplyOwnerPredictedMotorVisuals","message":"owner_display","data":{"alpha":0.653,"renderSpan":0.2255,"frameDelta":2.4955,"speed":F3},"timestamp":1782243034365}
{"sessionId":"3f83e2","runId":"post-fix7","hypothesisId":"H1","location":"Starship.NetworkMotor:ReconcileOwnerFromServer","message":"owner_reconcile","data":{"preSnapErr":2.3783,"replayCount":11,"preTick":1438,"postTick":1438,"serverTick":1427,"ackSeq":45,"simTick":1723},"timestamp":1782243034398}
{"sessionId":"3f83e2","runId":"post-fix7","hypothesisId":"H1","location":"Starship.NetworkMotor:ReconcileOwnerFromServer","message":"owner_reconcile","data":{"preSnapErr":2.4026,"replayCount":11,"preTick":1439,"postTick":1439,"serverTick":1428,"ackSeq":46,"simTick":1724},"timestamp":1782243034417}
{"sessionId":"3f83e2","runId":"post-fix7","hypothesisId":"H1","location":"Starship.NetworkMotor:ReconcileOwnerFromServer","message":"owner_reconcile","data":{"preSnapErr":2.4440,"replayCount":11,"preTick":1441,"postTick":1441,"serverTick":1430,"ackSeq":48,"simTick":1726},"timestamp":1782243034456}
{"sessionId":"3f83e2","runId":"post-fix7","hypothesisId":"H1","location":"Starship.NetworkMotor:ReconcileOwnerFromServer","message":"owner_reconcile","data":{"preSnapErr":2.4622,"replayCount":11,"preTick":1442,"postTick":1442,"serverTick":1431,"ackSeq":49,"simTick":1727},"timestamp":1782243034474}
{"sessionId":"3f83e2","runId":"post-fix7","hypothesisId":"H1","location":"Starship.NetworkMotor:ReconcileOwnerFromServer","message":"owner_reconcile","data":{"preSnapErr":2.5064,"replayCount":11,"preTick":1445,"postTick":1445,"serverTick":1434,"ackSeq":52,"simTick":1730},"timestamp":1782243034532}
{"sessionId":"3f83e2","runId":"post-fix7","hypothesisId":"H1","location":"Starship.NetworkMotor:ReconcileOwnerFromServer","message":"owner_reconcile","data":{"preSnapErr":2.5227,"replayCount":11,"preTick":1447,"postTick":1447,"serverTick":1436,"ackSeq":54,"simTick":1732},"timestamp":1782243034571}
{"sessionId":"3f83e2","runId":"post-fix7","hypothesisId":"H1","location":"Starship.NetworkMotor:ReconcileOwnerFromServer","message":"owner_reconcile","data":{"preSnapErr":2.5285,"replayCount":11,"preTick":1448,"postTick":1448,"serverTick":1437,"ackSeq":55,"simTick":1733},"timestamp":1782243034588}
{"sessionId":"3f83e2","runId":"post-fix7","hypothesisId":"H5","location":"Starship.NetworkMotor:ApplyOwnerPredictedMotorVisuals","message":"owner_display","data":{"alpha":0.106,"renderSpan":0.2298,"frameDelta":2.6281,"speed":F3},"timestamp":1782243034595}
{"sessionId":"3f83e2","runId":"post-fix7","hypothesisId":"H1","location":"Starship.NetworkMotor:ReconcileOwnerFromServer","message":"owner_reconcile","data":{"preSnapErr":2.7534,"replayCount":12,"preTick":1450,"postTick":1450,"serverTick":1438,"ackSeq":56,"simTick":1735},"timestamp":1782243034628}
{"sessionId":"3f83e2","runId":"post-fix7","hypothesisId":"H1","location":"Starship.NetworkMotor:ReconcileOwnerFromServer","message":"owner_reconcile","data":{"preSnapErr":2.5257,"replayCount":11,"preTick":1452,"postTick":1452,"serverTick":1441,"ackSeq":59,"simTick":1737},"timestamp":1782243034667}
{"sessionId":"3f83e2","runId":"post-fix7","hypothesisId":"H1","location":"Starship.NetworkMotor:ReconcileOwnerFromServer","message":"owner_reconcile","data":{"preSnapErr":2.2843,"replayCount":10,"preTick":1454,"postTick":1454,"serverTick":1444,"ackSeq":62,"simTick":1739},"timestamp":1782243034722}
{"sessionId":"3f83e2","runId":"post-fix7","hypothesisId":"H1","location":"Starship.NetworkMotor:ReconcileOwnerFromServer","message":"owner_reconcile","data":{"preSnapErr":2.4971,"replayCount":11,"preTick":1456,"postTick":1456,"serverTick":1445,"ackSeq":63,"simTick":1741},"timestamp":1782243034763}
{"sessionId":"3f83e2","runId":"post-fix7","hypothesisId":"H2","location":"Starship.NetworkMotor:ClientPredictMotorFixedStep","message":"owner_predict","data":{"tick":1457,"simTick":1741,"serverClock":1747,"tickLead":-284,"speed":11.366,"thrust":1},"timestamp":1782243034763}
{"sessionId":"3f83e2","runId":"post-fix7","hypothesisId":"H1","location":"Starship.NetworkMotor:ReconcileOwnerFromServer","message":"owner_reconcile","data":{"preSnapErr":2.2646,"replayCount":10,"preTick":1457,"postTick":1457,"serverTick":1447,"ackSeq":65,"simTick":1742},"timestamp":1782243034785}
{"sessionId":"3f83e2","runId":"post-fix7","hypothesisId":"H1","location":"Starship.NetworkMotor:ReconcileOwnerFromServer","message":"owner_reconcile","data":{"preSnapErr":2.4853,"replayCount":11,"preTick":1459,"postTick":1459,"serverTick":1448,"ackSeq":66,"simTick":1744},"timestamp":1782243034823}
{"sessionId":"3f83e2","runId":"post-fix7","hypothesisId":"H5","location":"Starship.NetworkMotor:ApplyOwnerPredictedMotorVisuals","message":"owner_display","data":{"alpha":0.856,"renderSpan":0.2310,"frameDelta":2.6543,"speed":F3},"timestamp":1782243034830}
{"sessionId":"3f83e2","runId":"post-fix7","hypothesisId":"H1","location":"Starship.NetworkMotor:ReconcileOwnerFromServer","message":"owner_reconcile","data":{"preSnapErr":2.4954,"replayCount":11,"preTick":1462,"postTick":1462,"serverTick":1451,"ackSeq":69,"simTick":1748},"timestamp":1782243034883}
{"sessionId":"3f83e2","runId":"post-fix7","hypothesisId":"H1","location":"Starship.NetworkMotor:ReconcileOwnerFromServer","message":"owner_reconcile","data":{"preSnapErr":2.2805,"replayCount":10,"preTick":1463,"postTick":1463,"serverTick":1453,"ackSeq":71,"simTick":1749},"timestamp":1782243034903}
{"sessionId":"3f83e2","runId":"post-fix7","hypothesisId":"H1","location":"Starship.NetworkMotor:ReconcileOwnerFromServer","message":"owner_reconcile","data":{"preSnapErr":2.5176,"replayCount":11,"preTick":1465,"postTick":1465,"serverTick":1454,"ackSeq":72,"simTick":1751},"timestamp":1782243034944}
{"sessionId":"3f83e2","runId":"post-fix7","hypothesisId":"H1","location":"Starship.NetworkMotor:ReconcileOwnerFromServer","message":"owner_reconcile","data":{"preSnapErr":2.5243,"replayCount":11,"preTick":1466,"postTick":1466,"serverTick":1455,"ackSeq":73,"simTick":1752},"timestamp":1782243034965}
{"sessionId":"3f83e2","runId":"post-fix7","hypothesisId":"H1","location":"Starship.NetworkMotor:ReconcileOwnerFromServer","message":"owner_reconcile","data":{"preSnapErr":2.3080,"replayCount":10,"preTick":1467,"postTick":1467,"serverTick":1457,"ackSeq":75,"simTick":1753},"timestamp":1782243034984}
{"sessionId":"3f83e2","runId":"post-fix7","hypothesisId":"H1","location":"Starship.NetworkMotor:ReconcileOwnerFromServer","message":"owner_reconcile","data":{"preSnapErr":2.5359,"replayCount":11,"preTick":1469,"postTick":1469,"serverTick":1458,"ackSeq":76,"simTick":1755},"timestamp":1782243035023}
{"sessionId":"3f83e2","runId":"post-fix7","hypothesisId":"H1","location":"Starship.NetworkMotor:ReconcileOwnerFromServer","message":"owner_reconcile","data":{"preSnapErr":2.2947,"replayCount":10,"preTick":1472,"postTick":1472,"serverTick":1462,"ackSeq":80,"simTick":1758},"timestamp":1782243035105}
{"sessionId":"3f83e2","runId":"post-fix7","hypothesisId":"H5","location":"Starship.NetworkMotor:ApplyOwnerPredictedMotorVisuals","message":"owner_display","data":{"alpha":0.935,"renderSpan":0.2190,"frameDelta":3.1900,"speed":F3},"timestamp":1782243035116}
{"sessionId":"3f83e2","runId":"post-fix7","hypothesisId":"H1","location":"Starship.NetworkMotor:ReconcileOwnerFromServer","message":"owner_reconcile","data":{"preSnapErr":2.4952,"replayCount":11,"preTick":1474,"postTick":1474,"serverTick":1463,"ackSeq":81,"simTick":1760},"timestamp":1782243035131}
{"sessionId":"3f83e2","runId":"post-fix7","hypothesisId":"H1","location":"Starship.NetworkMotor:ReconcileOwnerFromServer","message":"owner_reconcile","data":{"preSnapErr":2.4319,"replayCount":11,"preTick":1477,"postTick":1477,"serverTick":1466,"ackSeq":84,"simTick":1763},"timestamp":1782243035177}
{"sessionId":"3f83e2","runId":"post-fix7","hypothesisId":"H1","location":"Starship.NetworkMotor:ReconcileOwnerFromServer","message":"owner_reconcile","data":{"preSnapErr":2.3745,"replayCount":11,"preTick":1479,"postTick":1479,"serverTick":1468,"ackSeq":86,"simTick":1765},"timestamp":1782243035218}
{"sessionId":"3f83e2","runId":"post-fix7","hypothesisId":"H1","location":"Starship.NetworkMotor:ReconcileOwnerFromServer","message":"owner_reconcile","data":{"preSnapErr":2.3417,"replayCount":11,"preTick":1480,"postTick":1480,"serverTick":1469,"ackSeq":87,"simTick":1766},"timestamp":1782243035239}
{"sessionId":"3f83e2","runId":"post-fix7","hypothesisId":"H2","location":"Starship.NetworkMotor:ClientPredictMotorFixedStep","message":"owner_predict","data":{"tick":1482,"simTick":1767,"serverClock":1772,"tickLead":-285,"speed":9.358,"thrust":1},"timestamp":1782243035258}
{"sessionId":"3f83e2","runId":"post-fix7","hypothesisId":"H1","location":"Starship.NetworkMotor:ReconcileOwnerFromServer","message":"owner_reconcile","data":{"preSnapErr":2.2668,"replayCount":11,"preTick":1482,"postTick":1482,"serverTick":1471,"ackSeq":89,"simTick":1768},"timestamp":1782243035295}
{"sessionId":"3f83e2","runId":"post-fix7","hypothesisId":"H1","location":"Starship.NetworkMotor:ReconcileOwnerFromServer","message":"owner_reconcile","data":{"preSnapErr":2.3946,"replayCount":12,"preTick":1484,"postTick":1484,"serverTick":1472,"ackSeq":90,"simTick":1770},"timestamp":1782243035318}
{"sessionId":"3f83e2","runId":"post-fix7","hypothesisId":"H1","location":"Starship.NetworkMotor:ReconcileOwnerFromServer","message":"owner_reconcile","data":{"preSnapErr":2.1303,"replayCount":11,"preTick":1485,"postTick":1485,"serverTick":1474,"ackSeq":92,"simTick":1771},"timestamp":1782243035341}
{"sessionId":"3f83e2","runId":"post-fix7","hypothesisId":"H1","location":"Starship.NetworkMotor:ReconcileOwnerFromServer","message":"owner_reconcile","data":{"preSnapErr":2.0779,"replayCount":11,"preTick":1486,"postTick":1486,"serverTick":1475,"ackSeq":93,"simTick":1772},"timestamp":1782243035369}
{"sessionId":"3f83e2","runId":"post-fix7","hypothesisId":"H1","location":"Starship.NetworkMotor:ReconcileOwnerFromServer","message":"owner_reconcile","data":{"preSnapErr":1.9623,"replayCount":11,"preTick":1488,"postTick":1488,"serverTick":1477,"ackSeq":95,"simTick":1774},"timestamp":1782243035392}
{"sessionId":"3f83e2","runId":"post-fix7","hypothesisId":"H5","location":"Starship.NetworkMotor:ApplyOwnerPredictedMotorVisuals","message":"owner_display","data":{"alpha":0.320,"renderSpan":0.1433,"frameDelta":2.6371,"speed":F3},"timestamp":1782243035400}
{"sessionId":"3f83e2","runId":"post-fix7","hypothesisId":"H1","location":"Starship.NetworkMotor:ReconcileOwnerFromServer","message":"owner_reconcile","data":{"preSnapErr":2.0317,"replayCount":12,"preTick":1490,"postTick":1490,"serverTick":1478,"ackSeq":96,"simTick":1776},"timestamp":1782243035434}
{"sessionId":"3f83e2","runId":"post-fix7","hypothesisId":"H1","location":"Starship.NetworkMotor:ReconcileOwnerFromServer","message":"owner_reconcile","data":{"preSnapErr":1.7683,"replayCount":11,"preTick":1491,"postTick":1491,"serverTick":1480,"ackSeq":98,"simTick":1777},"timestamp":1782243035456}
{"sessionId":"3f83e2","runId":"post-fix7","hypothesisId":"H1","location":"Starship.NetworkMotor:ReconcileOwnerFromServer","message":"owner_reconcile","data":{"preSnapErr":1.6990,"replayCount":11,"preTick":1492,"postTick":1492,"serverTick":1481,"ackSeq":99,"simTick":1778},"timestamp":1782243035489}
{"sessionId":"3f83e2","runId":"post-fix7","hypothesisId":"H1","location":"Starship.NetworkMotor:ReconcileOwnerFromServer","message":"owner_reconcile","data":{"preSnapErr":1.4107,"replayCount":11,"preTick":1496,"postTick":1496,"serverTick":1485,"ackSeq":103,"simTick":1782},"timestamp":1782243035558}
{"sessionId":"3f83e2","runId":"post-fix7","hypothesisId":"H1","location":"Starship.NetworkMotor:ReconcileOwnerFromServer","message":"owner_reconcile","data":{"preSnapErr":1.3351,"replayCount":11,"preTick":1497,"postTick":1497,"serverTick":1486,"ackSeq":104,"simTick":1783},"timestamp":1782243035580}
{"sessionId":"3f83e2","runId":"post-fix7","hypothesisId":"H1","location":"Starship.NetworkMotor:ReconcileOwnerFromServer","message":"owner_reconcile","data":{"preSnapErr":1.1873,"replayCount":11,"preTick":1499,"postTick":1499,"serverTick":1488,"ackSeq":106,"simTick":1785},"timestamp":1782243035621}
{"sessionId":"3f83e2","runId":"post-fix7","hypothesisId":"H1","location":"Starship.NetworkMotor:ReconcileOwnerFromServer","message":"owner_reconcile","data":{"preSnapErr":1.1117,"replayCount":11,"preTick":1500,"postTick":1500,"serverTick":1489,"ackSeq":107,"simTick":1786},"timestamp":1782243035642}
{"sessionId":"3f83e2","runId":"post-fix7","hypothesisId":"H1","location":"Starship.NetworkMotor:ReconcileOwnerFromServer","message":"owner_reconcile","data":{"preSnapErr":0.9122,"replayCount":10,"preTick":1501,"postTick":1501,"serverTick":1491,"ackSeq":109,"simTick":1787},"timestamp":1782243035678}
{"sessionId":"3f83e2","runId":"post-fix7","hypothesisId":"H5","location":"Starship.NetworkMotor:ApplyOwnerPredictedMotorVisuals","message":"owner_display","data":{"alpha":0.569,"renderSpan":0.0506,"frameDelta":1.3244,"speed":F3},"timestamp":1782243035688}
{"sessionId":"3f83e2","runId":"post-fix7","hypothesisId":"H1","location":"Starship.NetworkMotor:ReconcileOwnerFromServer","message":"owner_reconcile","data":{"preSnapErr":0.8858,"replayCount":11,"preTick":1503,"postTick":1503,"serverTick":1492,"ackSeq":110,"simTick":1789},"timestamp":1782243035703}
{"sessionId":"3f83e2","runId":"post-fix7","hypothesisId":"H1","location":"Starship.NetworkMotor:ReconcileOwnerFromServer","message":"owner_reconcile","data":{"preSnapErr":0.8106,"replayCount":11,"preTick":1504,"postTick":1504,"serverTick":1493,"ackSeq":111,"simTick":1790},"timestamp":1782243035725}
{"sessionId":"3f83e2","runId":"post-fix7","hypothesisId":"H1","location":"Starship.NetworkMotor:ReconcileOwnerFromServer","message":"owner_reconcile","data":{"preSnapErr":0.6621,"replayCount":11,"preTick":1506,"postTick":1506,"serverTick":1495,"ackSeq":113,"simTick":1792},"timestamp":1782243035767}
{"sessionId":"3f83e2","runId":"post-fix7","hypothesisId":"H2","location":"Starship.NetworkMotor:ClientPredictMotorFixedStep","message":"owner_predict","data":{"tick":1507,"simTick":1792,"serverClock":1797,"tickLead":-285,"speed":1.729,"thrust":1},"timestamp":1782243035767}
{"sessionId":"3f83e2","runId":"post-fix7","hypothesisId":"H1","location":"Starship.NetworkMotor:ReconcileOwnerFromServer","message":"owner_reconcile","data":{"preSnapErr":0.5904,"replayCount":11,"preTick":1507,"postTick":1507,"serverTick":1496,"ackSeq":114,"simTick":1793},"timestamp":1782243035795}
{"sessionId":"3f83e2","runId":"post-fix7","hypothesisId":"H1","location":"Starship.NetworkMotor:ReconcileOwnerFromServer","message":"owner_reconcile","data":{"preSnapErr":0.4035,"replayCount":11,"preTick":1510,"postTick":1510,"serverTick":1499,"ackSeq":117,"simTick":1796},"timestamp":1782243035843}
{"sessionId":"3f83e2","runId":"post-fix7","hypothesisId":"H1","location":"Starship.NetworkMotor:ReconcileOwnerFromServer","message":"owner_reconcile","data":{"preSnapErr":0.3213,"replayCount":10,"preTick":1511,"postTick":1511,"serverTick":1501,"ackSeq":119,"simTick":1797},"timestamp":1782243035882}
{"sessionId":"3f83e2","runId":"post-fix7","hypothesisId":"H1","location":"Starship.NetworkMotor:ReconcileOwnerFromServer","message":"owner_reconcile","data":{"preSnapErr":0.4985,"replayCount":14,"preTick":1517,"postTick":1517,"serverTick":1503,"ackSeq":121,"simTick":1802},"timestamp":1782243035985}
{"sessionId":"3f83e2","runId":"post-fix7","hypothesisId":"H5","location":"Starship.NetworkMotor:ApplyOwnerPredictedMotorVisuals","message":"owner_display","data":{"alpha":0.881,"renderSpan":0.0882,"frameDelta":0.5455,"speed":F3},"timestamp":1782243035993}
{"sessionId":"3f83e2","runId":"post-fix7","hypothesisId":"H1","location":"Starship.NetworkMotor:ReconcileOwnerFromServer","message":"owner_reconcile","data":{"preSnapErr":0.9401,"replayCount":15,"preTick":1522,"postTick":1522,"serverTick":1507,"ackSeq":125,"simTick":1807},"timestamp":1782243036102}
{"sessionId":"3f83e2","runId":"post-fix7","hypothesisId":"H1","location":"Starship.NetworkMotor:ReconcileOwnerFromServer","message":"owner_reconcile","data":{"preSnapErr":1.0575,"replayCount":12,"preTick":1524,"postTick":1524,"serverTick":1512,"ackSeq":130,"simTick":1809},"timestamp":1782243036129}
{"sessionId":"3f83e2","runId":"post-fix7","hypothesisId":"H1","location":"Starship.NetworkMotor:ReconcileOwnerFromServer","message":"owner_reconcile","data":{"preSnapErr":1.2928,"replayCount":12,"preTick":1527,"postTick":1527,"serverTick":1515,"ackSeq":133,"simTick":1812},"timestamp":1782243036185}
{"sessionId":"3f83e2","runId":"post-fix7","hypothesisId":"H1","location":"Starship.NetworkMotor:ReconcileOwnerFromServer","message":"owner_reconcile","data":{"preSnapErr":1.5918,"replayCount":13,"preTick":1530,"postTick":1530,"serverTick":1517,"ackSeq":135,"simTick":1815},"timestamp":1782243036238}
{"sessionId":"3f83e2","runId":"post-fix7","hypothesisId":"H1","location":"Starship.NetworkMotor:ReconcileOwnerFromServer","message":"owner_reconcile","data":{"preSnapErr":1.5808,"replayCount":12,"preTick":1531,"postTick":1531,"serverTick":1519,"ackSeq":137,"simTick":1816},"timestamp":1782243036262}
{"sessionId":"3f83e2","runId":"post-fix7","hypothesisId":"H2","location":"Starship.NetworkMotor:ClientPredictMotorFixedStep","message":"owner_predict","data":{"tick":1532,"simTick":1816,"serverClock":1822,"tickLead":-284,"speed":8.377,"thrust":1},"timestamp":1782243036262}
{"sessionId":"3f83e2","runId":"post-fix7","hypothesisId":"H1","location":"Starship.NetworkMotor:ReconcileOwnerFromServer","message":"owner_reconcile","data":{"preSnapErr":1.6028,"replayCount":11,"preTick":1533,"postTick":1533,"serverTick":1522,"ackSeq":140,"simTick":1818},"timestamp":1782243036310}
{"sessionId":"3f83e2","runId":"post-fix7","hypothesisId":"H5","location":"Starship.NetworkMotor:ApplyOwnerPredictedMotorVisuals","message":"owner_display","data":{"alpha":0.165,"renderSpan":0.1784,"frameDelta":2.1835,"speed":F3},"timestamp":1782243036320}
{"sessionId":"3f83e2","runId":"post-fix7","hypothesisId":"H1","location":"Starship.NetworkMotor:ReconcileOwnerFromServer","message":"owner_reconcile","data":{"preSnapErr":1.8281,"replayCount":12,"preTick":1535,"postTick":1535,"serverTick":1523,"ackSeq":141,"simTick":1820},"timestamp":1782243036340}
{"sessionId":"3f83e2","runId":"post-fix7","hypothesisId":"H1","location":"Starship.NetworkMotor:ReconcileOwnerFromServer","message":"owner_reconcile","data":{"preSnapErr":1.8024,"replayCount":11,"preTick":1537,"postTick":1537,"serverTick":1526,"ackSeq":144,"simTick":1822},"timestamp":1782243036385}
{"sessionId":"3f83e2","runId":"post-fix7","hypothesisId":"H1","location":"Starship.NetworkMotor:ReconcileOwnerFromServer","message":"owner_reconcile","data":{"preSnapErr":1.8449,"replayCount":11,"preTick":1538,"postTick":1538,"serverTick":1527,"ackSeq":145,"simTick":1823},"timestamp":1782243036413}
{"sessionId":"3f83e2","runId":"post-fix7","hypothesisId":"H1","location":"Starship.NetworkMotor:ReconcileOwnerFromServer","message":"owner_reconcile","data":{"preSnapErr":1.9529,"replayCount":11,"preTick":1541,"postTick":1541,"serverTick":1530,"ackSeq":148,"simTick":1826},"timestamp":1782243036461}
{"sessionId":"3f83e2","runId":"post-fix7","hypothesisId":"H1","location":"Starship.NetworkMotor:ReconcileOwnerFromServer","message":"owner_reconcile","data":{"preSnapErr":1.8210,"replayCount":10,"preTick":1542,"postTick":1542,"serverTick":1532,"ackSeq":150,"simTick":1827},"timestamp":1782243036483}
{"sessionId":"3f83e2","runId":"post-fix7","hypothesisId":"H1","location":"Starship.NetworkMotor:ReconcileOwnerFromServer","message":"owner_reconcile","data":{"preSnapErr":2.2358,"replayCount":12,"preTick":1546,"postTick":1546,"serverTick":1534,"ackSeq":152,"simTick":1831},"timestamp":1782243036551}
{"sessionId":"3f83e2","runId":"post-fix7","hypothesisId":"H1","location":"Starship.NetworkMotor:ReconcileOwnerFromServer","message":"owner_reconcile","data":{"preSnapErr":2.2506,"replayCount":12,"preTick":1547,"postTick":1547,"serverTick":1535,"ackSeq":153,"simTick":1832},"timestamp":1782243036574}
{"sessionId":"3f83e2","runId":"post-fix7","hypothesisId":"H1","location":"Starship.NetworkMotor:ReconcileOwnerFromServer","message":"owner_reconcile","data":{"preSnapErr":2.0851,"replayCount":11,"preTick":1548,"postTick":1548,"serverTick":1537,"ackSeq":155,"simTick":1833},"timestamp":1782243036596}
{"sessionId":"3f83e2","runId":"post-fix7","hypothesisId":"H5","location":"Starship.NetworkMotor:ApplyOwnerPredictedMotorVisuals","message":"owner_display","data":{"alpha":0.465,"renderSpan":0.1911,"frameDelta":2.6571,"speed":F3},"timestamp":1782243036604}
{"sessionId":"3f83e2","runId":"post-fix7","hypothesisId":"H1","location":"Starship.NetworkMotor:ReconcileOwnerFromServer","message":"owner_reconcile","data":{"preSnapErr":2.0897,"replayCount":11,"preTick":1549,"postTick":1549,"serverTick":1538,"ackSeq":156,"simTick":1834},"timestamp":1782243036624}
{"sessionId":"3f83e2","runId":"post-fix7","hypothesisId":"H1","location":"Starship.NetworkMotor:ReconcileOwnerFromServer","message":"owner_reconcile","data":{"preSnapErr":2.0816,"replayCount":11,"preTick":1552,"postTick":1552,"serverTick":1541,"ackSeq":159,"simTick":1837},"timestamp":1782243036669}
{"sessionId":"3f83e2","runId":"post-fix7","hypothesisId":"H1","location":"Starship.NetworkMotor:ReconcileOwnerFromServer","message":"owner_reconcile","data":{"preSnapErr":2.0718,"replayCount":11,"preTick":1553,"postTick":1553,"serverTick":1542,"ackSeq":160,"simTick":1838},"timestamp":1782243036692}
{"sessionId":"3f83e2","runId":"post-fix7","hypothesisId":"H1","location":"Starship.NetworkMotor:ReconcileOwnerFromServer","message":"owner_reconcile","data":{"preSnapErr":2.0425,"replayCount":11,"preTick":1555,"postTick":1555,"serverTick":1544,"ackSeq":162,"simTick":1840},"timestamp":1782243036735}
{"sessionId":"3f83e2","runId":"post-fix7","hypothesisId":"H1","location":"Starship.NetworkMotor:ReconcileOwnerFromServer","message":"owner_reconcile","data":{"preSnapErr":2.0230,"replayCount":11,"preTick":1556,"postTick":1556,"serverTick":1545,"ackSeq":163,"simTick":1841},"timestamp":1782243036756}
{"sessionId":"3f83e2","runId":"post-fix7","hypothesisId":"H2","location":"Starship.NetworkMotor:ClientPredictMotorFixedStep","message":"owner_predict","data":{"tick":1557,"simTick":1841,"serverClock":1847,"tickLead":-284,"speed":8.614,"thrust":1},"timestamp":1782243036757}
{"sessionId":"3f83e2","runId":"post-fix7","hypothesisId":"H1","location":"Starship.NetworkMotor:ReconcileOwnerFromServer","message":"owner_reconcile","data":{"preSnapErr":2.0010,"replayCount":11,"preTick":1557,"postTick":1557,"serverTick":1546,"ackSeq":164,"simTick":1842},"timestamp":1782243036780}
{"sessionId":"3f83e2","runId":"post-fix7","hypothesisId":"H1","location":"Starship.NetworkMotor:ReconcileOwnerFromServer","message":"owner_reconcile","data":{"preSnapErr":2.0739,"replayCount":12,"preTick":1561,"postTick":1561,"serverTick":1549,"ackSeq":167,"simTick":1846},"timestamp":1782243036852}
{"sessionId":"3f83e2","runId":"post-fix7","hypothesisId":"H1","location":"Starship.NetworkMotor:ReconcileOwnerFromServer","message":"owner_reconcile","data":{"preSnapErr":2.0384,"replayCount":12,"preTick":1562,"postTick":1562,"serverTick":1550,"ackSeq":168,"simTick":1847},"timestamp":1782243036875}
{"sessionId":"3f83e2","runId":"post-fix7","hypothesisId":"H5","location":"Starship.NetworkMotor:ApplyOwnerPredictedMotorVisuals","message":"owner_display","data":{"alpha":0.393,"renderSpan":0.1525,"frameDelta":2.3700,"speed":F3},"timestamp":1782243036882}
{"sessionId":"3f83e2","runId":"post-fix7","hypothesisId":"H1","location":"Starship.NetworkMotor:ReconcileOwnerFromServer","message":"owner_reconcile","data":{"preSnapErr":1.8254,"replayCount":11,"preTick":1563,"postTick":1563,"serverTick":1552,"ackSeq":170,"simTick":1848},"timestamp":1782243036896}
{"sessionId":"3f83e2","runId":"post-fix7","hypothesisId":"H1","location":"Starship.NetworkMotor:ReconcileOwnerFromServer","message":"owner_reconcile","data":{"preSnapErr":1.7906,"replayCount":11,"preTick":1564,"postTick":1564,"serverTick":1553,"ackSeq":171,"simTick":1849},"timestamp":1782243036919}
{"sessionId":"3f83e2","runId":"post-fix7","hypothesisId":"H1","location":"Starship.NetworkMotor:ReconcileOwnerFromServer","message":"owner_reconcile","data":{"preSnapErr":1.6805,"replayCount":11,"preTick":1567,"postTick":1567,"serverTick":1556,"ackSeq":174,"simTick":1852},"timestamp":1782243036980}
{"sessionId":"3f83e2","runId":"post-fix7","hypothesisId":"H1","location":"Starship.NetworkMotor:ReconcileOwnerFromServer","message":"owner_reconcile","data":{"preSnapErr":1.6463,"replayCount":11,"preTick":1568,"postTick":1568,"serverTick":1557,"ackSeq":175,"simTick":1853},"timestamp":1782243037000}
{"sessionId":"3f83e2","runId":"post-fix7","hypothesisId":"H1","location":"Starship.NetworkMotor:ReconcileOwnerFromServer","message":"owner_reconcile","data":{"preSnapErr":1.5806,"replayCount":11,"preTick":1570,"postTick":1570,"serverTick":1559,"ackSeq":177,"simTick":1855},"timestamp":1782243037045}
{"sessionId":"3f83e2","runId":"post-fix7","hypothesisId":"H1","location":"Starship.NetworkMotor:ReconcileOwnerFromServer","message":"owner_reconcile","data":{"preSnapErr":1.5530,"replayCount":11,"preTick":1571,"postTick":1571,"serverTick":1560,"ackSeq":178,"simTick":1856},"timestamp":1782243037065}
{"sessionId":"3f83e2","runId":"post-fix7","hypothesisId":"H1","location":"Starship.NetworkMotor:ReconcileOwnerFromServer","message":"owner_reconcile","data":{"preSnapErr":1.4963,"replayCount":11,"preTick":1574,"postTick":1574,"serverTick":1563,"ackSeq":181,"simTick":1859},"timestamp":1782243037112}
{"sessionId":"3f83e2","runId":"post-fix7","hypothesisId":"H1","location":"Starship.NetworkMotor:ReconcileOwnerFromServer","message":"owner_reconcile","data":{"preSnapErr":1.4916,"replayCount":11,"preTick":1575,"postTick":1575,"serverTick":1564,"ackSeq":182,"simTick":1860},"timestamp":1782243037133}
{"sessionId":"3f83e2","runId":"post-fix7","hypothesisId":"H5","location":"Starship.NetworkMotor:ApplyOwnerPredictedMotorVisuals","message":"owner_display","data":{"alpha":0.336,"renderSpan":0.1460,"frameDelta":1.7581,"speed":F3},"timestamp":1782243037141}
{"sessionId":"3f83e2","runId":"post-fix7","hypothesisId":"H1","location":"Starship.NetworkMotor:ReconcileOwnerFromServer","message":"owner_reconcile","data":{"preSnapErr":1.4934,"replayCount":11,"preTick":1576,"postTick":1576,"serverTick":1565,"ackSeq":183,"simTick":1861},"timestamp":1782243037155}
{"sessionId":"3f83e2","runId":"post-fix7","hypothesisId":"H1","location":"Starship.NetworkMotor:ReconcileOwnerFromServer","message":"owner_reconcile","data":{"preSnapErr":1.5186,"replayCount":11,"preTick":1578,"postTick":1578,"serverTick":1567,"ackSeq":185,"simTick":1863},"timestamp":1782243037198}
{"sessionId":"3f83e2","runId":"post-fix7","hypothesisId":"H1","location":"Starship.NetworkMotor:ReconcileOwnerFromServer","message":"owner_reconcile","data":{"preSnapErr":1.5437,"replayCount":11,"preTick":1579,"postTick":1579,"serverTick":1568,"ackSeq":186,"simTick":1864},"timestamp":1782243037218}
{"sessionId":"3f83e2","runId":"post-fix7","hypothesisId":"H1","location":"Starship.NetworkMotor:ReconcileOwnerFromServer","message":"owner_reconcile","data":{"preSnapErr":1.4865,"replayCount":10,"preTick":1581,"postTick":1581,"serverTick":1571,"ackSeq":189,"simTick":1866},"timestamp":1782243037266}
{"sessionId":"3f83e2","runId":"post-fix7","hypothesisId":"H2","location":"Starship.NetworkMotor:ClientPredictMotorFixedStep","message":"owner_predict","data":{"tick":1582,"simTick":1866,"serverClock":1872,"tickLead":-284,"speed":9.010,"thrust":1},"timestamp":1782243037266}
{"sessionId":"3f83e2","runId":"post-fix7","hypothesisId":"H1","location":"Starship.NetworkMotor:ReconcileOwnerFromServer","message":"owner_reconcile","data":{"preSnapErr":1.9075,"replayCount":12,"preTick":1584,"postTick":1584,"serverTick":1572,"ackSeq":190,"simTick":1869},"timestamp":1782243037310}
{"sessionId":"3f83e2","runId":"post-fix7","hypothesisId":"H1","location":"Starship.NetworkMotor:ReconcileOwnerFromServer","message":"owner_reconcile","data":{"preSnapErr":1.8472,"replayCount":11,"preTick":1585,"postTick":1585,"serverTick":1574,"ackSeq":192,"simTick":1870},"timestamp":1782243037334}
{"sessionId":"3f83e2","runId":"post-fix7","hypothesisId":"H1","location":"Starship.NetworkMotor:ReconcileOwnerFromServer","message":"owner_reconcile","data":{"preSnapErr":1.9218,"replayCount":11,"preTick":1586,"postTick":1586,"serverTick":1575,"ackSeq":193,"simTick":1871},"timestamp":1782243037355}
{"sessionId":"3f83e2","runId":"post-fix7","hypothesisId":"H5","location":"Starship.NetworkMotor:ApplyOwnerPredictedMotorVisuals","message":"owner_display","data":{"alpha":0.529,"renderSpan":0.2424,"frameDelta":2.4541,"speed":F3},"timestamp":1782243037403}
{"sessionId":"3f83e2","runId":"post-fix7","hypothesisId":"H1","location":"Starship.NetworkMotor:ReconcileOwnerFromServer","message":"owner_reconcile","data":{"preSnapErr":2.1773,"replayCount":11,"preTick":1589,"postTick":1589,"serverTick":1578,"ackSeq":196,"simTick":1874},"timestamp":1782243037419}
{"sessionId":"3f83e2","runId":"post-fix7","hypothesisId":"H1","location":"Starship.NetworkMotor:ReconcileOwnerFromServer","message":"owner_reconcile","data":{"preSnapErr":2.2612,"replayCount":11,"preTick":1590,"postTick":1590,"serverTick":1579,"ackSeq":197,"simTick":1875},"timestamp":1782243037442}
{"sessionId":"3f83e2","runId":"post-fix7","hypothesisId":"H1","location":"Starship.NetworkMotor:ReconcileOwnerFromServer","message":"owner_reconcile","data":{"preSnapErr":2.3382,"replayCount":11,"preTick":1591,"postTick":1591,"serverTick":1580,"ackSeq":198,"simTick":1876},"timestamp":1782243037469}
{"sessionId":"3f83e2","runId":"post-fix7","hypothesisId":"H1","location":"Starship.NetworkMotor:ReconcileOwnerFromServer","message":"owner_reconcile","data":{"preSnapErr":2.4692,"replayCount":11,"preTick":1593,"postTick":1593,"serverTick":1582,"ackSeq":200,"simTick":1878},"timestamp":1782243037497}
{"sessionId":"3f83e2","runId":"post-fix7","hypothesisId":"H1","location":"Starship.NetworkMotor:ReconcileOwnerFromServer","message":"owner_reconcile","data":{"preSnapErr":2.5223,"replayCount":11,"preTick":1594,"postTick":1594,"serverTick":1583,"ackSeq":201,"simTick":1879},"timestamp":1782243037518}
{"sessionId":"3f83e2","runId":"post-fix7","hypothesisId":"H1","location":"Starship.NetworkMotor:ReconcileOwnerFromServer","message":"owner_reconcile","data":{"preSnapErr":2.6279,"replayCount":11,"preTick":1597,"postTick":1597,"serverTick":1586,"ackSeq":204,"simTick":1882},"timestamp":1782243037580}
{"sessionId":"3f83e2","runId":"post-fix7","hypothesisId":"H1","location":"Starship.NetworkMotor:ReconcileOwnerFromServer","message":"owner_reconcile","data":{"preSnapErr":2.6440,"replayCount":11,"preTick":1598,"postTick":1598,"serverTick":1587,"ackSeq":205,"simTick":1883},"timestamp":1782243037603}
{"sessionId":"3f83e2","runId":"post-fix7","hypothesisId":"H1","location":"Starship.NetworkMotor:ReconcileOwnerFromServer","message":"owner_reconcile","data":{"preSnapErr":2.6501,"replayCount":11,"preTick":1599,"postTick":1599,"serverTick":1588,"ackSeq":206,"simTick":1884},"timestamp":1782243037623}
{"sessionId":"3f83e2","runId":"post-fix7","hypothesisId":"H1","location":"Starship.NetworkMotor:ReconcileOwnerFromServer","message":"owner_reconcile","data":{"preSnapErr":2.4018,"replayCount":10,"preTick":1601,"postTick":1601,"serverTick":1591,"ackSeq":209,"simTick":1886},"timestamp":1782243037669}
{"sessionId":"3f83e2","runId":"post-fix7","hypothesisId":"H5","location":"Starship.NetworkMotor:ApplyOwnerPredictedMotorVisuals","message":"owner_display","data":{"alpha":0.135,"renderSpan":0.2394,"frameDelta":3.2671,"speed":F3},"timestamp":1782243037678}
{"sessionId":"3f83e2","runId":"post-fix7","hypothesisId":"H1","location":"Starship.NetworkMotor:ReconcileOwnerFromServer","message":"owner_reconcile","data":{"preSnapErr":2.8723,"replayCount":12,"preTick":1604,"postTick":1604,"serverTick":1592,"ackSeq":210,"simTick":1889},"timestamp":1782243037713}
{"sessionId":"3f83e2","runId":"post-fix7","hypothesisId":"H1","location":"Starship.NetworkMotor:ReconcileOwnerFromServer","message":"owner_reconcile","data":{"preSnapErr":2.6296,"replayCount":11,"preTick":1605,"postTick":1605,"serverTick":1594,"ackSeq":212,"simTick":1890},"timestamp":1782243037754}
{"sessionId":"3f83e2","runId":"post-fix7","hypothesisId":"H1","location":"Starship.NetworkMotor:ReconcileOwnerFromServer","message":"owner_reconcile","data":{"preSnapErr":2.3856,"replayCount":10,"preTick":1606,"postTick":1606,"serverTick":1596,"ackSeq":214,"simTick":1891},"timestamp":1782243037781}
{"sessionId":"3f83e2","runId":"post-fix7","hypothesisId":"H2","location":"Starship.NetworkMotor:ClientPredictMotorFixedStep","message":"owner_predict","data":{"tick":1607,"simTick":1891,"serverClock":1897,"tickLead":-284,"speed":11.933,"thrust":1},"timestamp":1782243037782}
{"sessionId":"3f83e2","runId":"post-fix7","hypothesisId":"H1","location":"Starship.NetworkMotor:ReconcileOwnerFromServer","message":"owner_reconcile","data":{"preSnapErr":2.3808,"replayCount":10,"preTick":1608,"postTick":1608,"serverTick":1598,"ackSeq":216,"simTick":1893},"timestamp":1782243037812}
{"sessionId":"3f83e2","runId":"post-fix7","hypothesisId":"H1","location":"Starship.NetworkMotor:ReconcileOwnerFromServer","message":"owner_reconcile","data":{"preSnapErr":2.6129,"replayCount":11,"preTick":1610,"postTick":1610,"serverTick":1599,"ackSeq":217,"simTick":1895},"timestamp":1782243037836}
{"sessionId":"3f83e2","runId":"post-fix7","hypothesisId":"H1","location":"Starship.NetworkMotor:ReconcileOwnerFromServer","message":"owner_reconcile","data":{"preSnapErr":2.6106,"replayCount":11,"preTick":1611,"postTick":1611,"serverTick":1600,"ackSeq":218,"simTick":1896},"timestamp":1782243037862}
{"sessionId":"3f83e2","runId":"post-fix7","hypothesisId":"H1","location":"Starship.NetworkMotor:ReconcileOwnerFromServer","message":"owner_reconcile","data":{"preSnapErr":2.3731,"replayCount":10,"preTick":1612,"postTick":1612,"serverTick":1602,"ackSeq":220,"simTick":1897},"timestamp":1782243037890}
{"sessionId":"3f83e2","runId":"post-fix7","hypothesisId":"H1","location":"Starship.NetworkMotor:ReconcileOwnerFromServer","message":"owner_reconcile","data":{"preSnapErr":2.3670,"replayCount":10,"preTick":1615,"postTick":1615,"serverTick":1605,"ackSeq":223,"simTick":1900},"timestamp":1782243037941}
{"sessionId":"3f83e2","runId":"post-fix7","hypothesisId":"H1","location":"Starship.NetworkMotor:ReconcileOwnerFromServer","message":"owner_reconcile","data":{"preSnapErr":2.3647,"replayCount":10,"preTick":1617,"postTick":1617,"serverTick":1607,"ackSeq":225,"simTick":1902},"timestamp":1782243037983}
{"sessionId":"3f83e2","runId":"post-fix7","hypothesisId":"H5","location":"Starship.NetworkMotor:ApplyOwnerPredictedMotorVisuals","message":"owner_display","data":{"alpha":0.837,"renderSpan":0.2374,"frameDelta":3.6818,"speed":F3},"timestamp":1782243037991}
{"sessionId":"3f83e2","runId":"post-fix7","hypothesisId":"H1","location":"Starship.NetworkMotor:ReconcileOwnerFromServer","message":"owner_reconcile","data":{"preSnapErr":2.5942,"replayCount":11,"preTick":1620,"postTick":1620,"serverTick":1609,"ackSeq":227,"simTick":1905},"timestamp":1782243038047}
{"sessionId":"3f83e2","runId":"post-fix7","hypothesisId":"H1","location":"Starship.NetworkMotor:ReconcileOwnerFromServer","message":"owner_reconcile","data":{"preSnapErr":2.5930,"replayCount":11,"preTick":1622,"postTick":1622,"serverTick":1611,"ackSeq":229,"simTick":1907},"timestamp":1782243038074}
{"sessionId":"3f83e2","runId":"post-fix7","hypothesisId":"H1","location":"Starship.NetworkMotor:ReconcileOwnerFromServer","message":"owner_reconcile","data":{"preSnapErr":2.5914,"replayCount":11,"preTick":1623,"postTick":1623,"serverTick":1612,"ackSeq":230,"simTick":1908},"timestamp":1782243038102}
{"sessionId":"3f83e2","runId":"post-fix7","hypothesisId":"H1","location":"Starship.NetworkMotor:ReconcileOwnerFromServer","message":"owner_reconcile","data":{"preSnapErr":2.5899,"replayCount":11,"preTick":1625,"postTick":1625,"serverTick":1614,"ackSeq":232,"simTick":1910},"timestamp":1782243038147}
{"sessionId":"3f83e2","runId":"post-fix7","hypothesisId":"H1","location":"Starship.NetworkMotor:ReconcileOwnerFromServer","message":"owner_reconcile","data":{"preSnapErr":2.8194,"replayCount":12,"preTick":1628,"postTick":1628,"serverTick":1616,"ackSeq":234,"simTick":1913},"timestamp":1782243038192}
{"sessionId":"3f83e2","runId":"post-fix7","hypothesisId":"H1","location":"Starship.NetworkMotor:ReconcileOwnerFromServer","message":"owner_reconcile","data":{"preSnapErr":2.8202,"replayCount":12,"preTick":1630,"postTick":1630,"serverTick":1618,"ackSeq":236,"simTick":1915},"timestamp":1782243038237}
{"sessionId":"3f83e2","runId":"post-fix7","hypothesisId":"H1","location":"Starship.NetworkMotor:ReconcileOwnerFromServer","message":"owner_reconcile","data":{"preSnapErr":2.5892,"replayCount":11,"preTick":1631,"postTick":1631,"serverTick":1620,"ackSeq":238,"simTick":1916},"timestamp":1782243038265}
{"sessionId":"3f83e2","runId":"post-fix7","hypothesisId":"H2","location":"Starship.NetworkMotor:ClientPredictMotorFixedStep","message":"owner_predict","data":{"tick":1632,"simTick":1916,"serverClock":1922,"tickLead":-284,"speed":11.876,"thrust":1},"timestamp":1782243038265}
{"sessionId":"3f83e2","runId":"post-fix7","hypothesisId":"H5","location":"Starship.NetworkMotor:ApplyOwnerPredictedMotorVisuals","message":"owner_display","data":{"alpha":0.836,"renderSpan":0.2375,"frameDelta":3.2774,"speed":F3},"timestamp":1782243038278}
{"sessionId":"3f83e2","runId":"post-fix7","hypothesisId":"H1","location":"Starship.NetworkMotor:ReconcileOwnerFromServer","message":"owner_reconcile","data":{"preSnapErr":2.3578,"replayCount":10,"preTick":1632,"postTick":1632,"serverTick":1622,"ackSeq":240,"simTick":1917},"timestamp":1782243038294}
{"sessionId":"3f83e2","runId":"post-fix7","hypothesisId":"H1","location":"Starship.NetworkMotor:ReconcileOwnerFromServer","message":"owner_reconcile","data":{"preSnapErr":2.5890,"replayCount":11,"preTick":1634,"postTick":1634,"serverTick":1623,"ackSeq":241,"simTick":1919},"timestamp":1782243038324}
{"sessionId":"3f83e2","runId":"post-fix7","hypothesisId":"H1","location":"Starship.NetworkMotor:ReconcileOwnerFromServer","message":"owner_reconcile","data":{"preSnapErr":2.5797,"replayCount":11,"preTick":1637,"postTick":1637,"serverTick":1626,"ackSeq":244,"simTick":1922},"timestamp":1782243038375}
{"sessionId":"3f83e2","runId":"post-fix7","hypothesisId":"H1","location":"Starship.NetworkMotor:ReconcileOwnerFromServer","message":"owner_reconcile","data":{"preSnapErr":2.5591,"replayCount":11,"preTick":1639,"postTick":1639,"serverTick":1628,"ackSeq":246,"simTick":1924},"timestamp":1782243038426}
{"sessionId":"3f83e2","runId":"post-fix7","hypothesisId":"H1","location":"Starship.NetworkMotor:ReconcileOwnerFromServer","message":"owner_reconcile","data":{"preSnapErr":2.5462,"replayCount":11,"preTick":1640,"postTick":1640,"serverTick":1629,"ackSeq":247,"simTick":1926},"timestamp":1782243038458}
{"sessionId":"3f83e2","runId":"post-fix7","hypothesisId":"H1","location":"Starship.NetworkMotor:ReconcileOwnerFromServer","message":"owner_reconcile","data":{"preSnapErr":2.5141,"replayCount":11,"preTick":1642,"postTick":1642,"serverTick":1631,"ackSeq":249,"simTick":1928},"timestamp":1782243038489}
{"sessionId":"3f83e2","runId":"post-fix7","hypothesisId":"H1","location":"Starship.NetworkMotor:ReconcileOwnerFromServer","message":"owner_reconcile","data":{"preSnapErr":2.6960,"replayCount":12,"preTick":1644,"postTick":1644,"serverTick":1632,"ackSeq":250,"simTick":1930},"timestamp":1782243038520}
{"sessionId":"3f83e2","runId":"post-fix7","hypothesisId":"H1","location":"Starship.NetworkMotor:ReconcileOwnerFromServer","message":"owner_reconcile","data":{"preSnapErr":2.4364,"replayCount":11,"preTick":1645,"postTick":1645,"serverTick":1634,"ackSeq":252,"simTick":1931},"timestamp":1782243038553}
{"sessionId":"3f83e2","runId":"post-fix7","hypothesisId":"H1","location":"Starship.NetworkMotor:ReconcileOwnerFromServer","message":"owner_reconcile","data":{"preSnapErr":2.5975,"replayCount":12,"preTick":1647,"postTick":1647,"serverTick":1635,"ackSeq":253,"simTick":1933},"timestamp":1782243038585}
{"sessionId":"3f83e2","runId":"post-fix7","hypothesisId":"H1","location":"Starship.NetworkMotor:ReconcileOwnerFromServer","message":"owner_reconcile","data":{"preSnapErr":2.1067,"replayCount":10,"preTick":1648,"postTick":1648,"serverTick":1638,"ackSeq":256,"simTick":1934},"timestamp":1782243038644}
{"sessionId":"3f83e2","runId":"post-fix7","hypothesisId":"H5","location":"Starship.NetworkMotor:ApplyOwnerPredictedMotorVisuals","message":"owner_display","data":{"alpha":0.837,"renderSpan":0.1787,"frameDelta":3.9866,"speed":F3},"timestamp":1782243038662}
{"sessionId":"3f83e2","runId":"post-fix7","hypothesisId":"H1","location":"Starship.NetworkMotor:ReconcileOwnerFromServer","message":"owner_reconcile","data":{"preSnapErr":2.1039,"replayCount":11,"preTick":1653,"postTick":1653,"serverTick":1642,"ackSeq":260,"simTick":1939},"timestamp":1782243038701}
{"sessionId":"3f83e2","runId":"post-fix7","hypothesisId":"H1","location":"Starship.NetworkMotor:ReconcileOwnerFromServer","message":"owner_reconcile","data":{"preSnapErr":1.9910,"replayCount":11,"preTick":1655,"postTick":1655,"serverTick":1644,"ackSeq":262,"simTick":1941},"timestamp":1782243038753}
{"sessionId":"3f83e2","runId":"post-fix7","hypothesisId":"H2","location":"Starship.NetworkMotor:ClientPredictMotorFixedStep","message":"owner_predict","data":{"tick":1657,"simTick":1942,"serverClock":1947,"tickLead":-285,"speed":6.900,"thrust":1},"timestamp":1782243038756}
{"sessionId":"3f83e2","runId":"post-fix7","hypothesisId":"H1","location":"Starship.NetworkMotor:ReconcileOwnerFromServer","message":"owner_reconcile","data":{"preSnapErr":2.0625,"replayCount":12,"preTick":1657,"postTick":1657,"serverTick":1645,"ackSeq":263,"simTick":1943},"timestamp":1782243038782}
{"sessionId":"3f83e2","runId":"post-fix7","hypothesisId":"H1","location":"Starship.NetworkMotor:ReconcileOwnerFromServer","message":"owner_reconcile","data":{"preSnapErr":1.7956,"replayCount":11,"preTick":1658,"postTick":1658,"serverTick":1647,"ackSeq":265,"simTick":1944},"timestamp":1782243038811}
{"sessionId":"3f83e2","runId":"post-fix7","hypothesisId":"H1","location":"Starship.NetworkMotor:ReconcileOwnerFromServer","message":"owner_reconcile","data":{"preSnapErr":1.5383,"replayCount":10,"preTick":1659,"postTick":1659,"serverTick":1649,"ackSeq":267,"simTick":1945},"timestamp":1782243038837}
{"sessionId":"3f83e2","runId":"post-fix7","hypothesisId":"H1","location":"Starship.NetworkMotor:ReconcileOwnerFromServer","message":"owner_reconcile","data":{"preSnapErr":1.4908,"replayCount":11,"preTick":1662,"postTick":1662,"serverTick":1651,"ackSeq":269,"simTick":1948},"timestamp":1782243038888}
{"sessionId":"3f83e2","runId":"post-fix7","hypothesisId":"H1","location":"Starship.NetworkMotor:ReconcileOwnerFromServer","message":"owner_reconcile","data":{"preSnapErr":1.4840,"replayCount":12,"preTick":1664,"postTick":1664,"serverTick":1652,"ackSeq":270,"simTick":1950},"timestamp":1782243038915}
{"sessionId":"3f83e2","runId":"post-fix7","hypothesisId":"H1","location":"Starship.NetworkMotor:ReconcileOwnerFromServer","message":"owner_reconcile","data":{"preSnapErr":1.2337,"replayCount":11,"preTick":1665,"postTick":1665,"serverTick":1654,"ackSeq":272,"simTick":1951},"timestamp":1782243038939}
{"sessionId":"3f83e2","runId":"post-fix7","hypothesisId":"H5","location":"Starship.NetworkMotor:ApplyOwnerPredictedMotorVisuals","message":"owner_display","data":{"alpha":0.047,"renderSpan":0.0430,"frameDelta":1.8530,"speed":F3},"timestamp":1782243038978}
{"sessionId":"3f83e2","runId":"post-fix7","hypothesisId":"H1","location":"Starship.NetworkMotor:ReconcileOwnerFromServer","message":"owner_reconcile","data":{"preSnapErr":1.0919,"replayCount":12,"preTick":1668,"postTick":1668,"serverTick":1656,"ackSeq":274,"simTick":1954},"timestamp":1782243038992}
{"sessionId":"3f83e2","runId":"post-fix7","hypothesisId":"H1","location":"Starship.NetworkMotor:ReconcileOwnerFromServer","message":"owner_reconcile","data":{"preSnapErr":0.9886,"replayCount":12,"preTick":1669,"postTick":1669,"serverTick":1657,"ackSeq":275,"simTick":1955},"timestamp":1782243039016}
{"sessionId":"3f83e2","runId":"post-fix7","hypothesisId":"H1","location":"Starship.NetworkMotor:ReconcileOwnerFromServer","message":"owner_reconcile","data":{"preSnapErr":0.7636,"replayCount":11,"preTick":1670,"postTick":1670,"serverTick":1659,"ackSeq":277,"simTick":1956},"timestamp":1782243039040}
{"sessionId":"3f83e2","runId":"post-fix7","hypothesisId":"H1","location":"Starship.NetworkMotor:ReconcileOwnerFromServer","message":"owner_reconcile","data":{"preSnapErr":0.5649,"replayCount":11,"preTick":1672,"postTick":1672,"serverTick":1661,"ackSeq":279,"simTick":1958},"timestamp":1782243039088}
{"sessionId":"3f83e2","runId":"post-fix7","hypothesisId":"H1","location":"Starship.NetworkMotor:ReconcileOwnerFromServer","message":"owner_reconcile","data":{"preSnapErr":0.4495,"replayCount":12,"preTick":1674,"postTick":1674,"serverTick":1662,"ackSeq":280,"simTick":1960},"timestamp":1782243039112}
{"sessionId":"3f83e2","runId":"post-fix7","hypothesisId":"H1","location":"Starship.NetworkMotor:ReconcileOwnerFromServer","message":"owner_reconcile","data":{"preSnapErr":0.2598,"replayCount":11,"preTick":1675,"postTick":1675,"serverTick":1664,"ackSeq":282,"simTick":1961},"timestamp":1782243039134}
{"sessionId":"3f83e2","runId":"post-fix7","hypothesisId":"H1","location":"Starship.NetworkMotor:ReconcileOwnerFromServer","message":"owner_reconcile","data":{"preSnapErr":0.0542,"replayCount":11,"preTick":1677,"postTick":1677,"serverTick":1666,"ackSeq":284,"simTick":1963},"timestamp":1782243039181}
{"sessionId":"3f83e2","runId":"post-fix7","hypothesisId":"H1","location":"Starship.NetworkMotor:ReconcileOwnerFromServer","message":"owner_reconcile","data":{"preSnapErr":0.0520,"replayCount":11,"preTick":1678,"postTick":1678,"serverTick":1667,"ackSeq":285,"simTick":1964},"timestamp":1782243039205}
{"sessionId":"3f83e2","runId":"post-fix7","hypothesisId":"H1","location":"Starship.NetworkMotor:ReconcileOwnerFromServer","message":"owner_reconcile","data":{"preSnapErr":0.3041,"replayCount":12,"preTick":1681,"postTick":1681,"serverTick":1669,"ackSeq":287,"simTick":1967},"timestamp":1782243039252}
{"sessionId":"3f83e2","runId":"post-fix7","hypothesisId":"H2","location":"Starship.NetworkMotor:ClientPredictMotorFixedStep","message":"owner_predict","data":{"tick":1682,"simTick":1967,"serverClock":1972,"tickLead":-285,"speed":2.062,"thrust":0},"timestamp":1782243039252}
{"sessionId":"3f83e2","runId":"post-fix7","hypothesisId":"H5","location":"Starship.NetworkMotor:ApplyOwnerPredictedMotorVisuals","message":"owner_display","data":{"alpha":0.222,"renderSpan":0.0412,"frameDelta":0.2035,"speed":F3},"timestamp":1782243039261}
{"sessionId":"3f83e2","runId":"post-fix7","hypothesisId":"H1","location":"Starship.NetworkMotor:ReconcileOwnerFromServer","message":"owner_reconcile","data":{"preSnapErr":0.3324,"replayCount":12,"preTick":1682,"postTick":1682,"serverTick":1670,"ackSeq":288,"simTick":1968},"timestamp":1782243039277}
{"sessionId":"3f83e2","runId":"post-fix7","hypothesisId":"H1","location":"Starship.NetworkMotor:ReconcileOwnerFromServer","message":"owner_reconcile","data":{"preSnapErr":0.3908,"replayCount":11,"preTick":1683,"postTick":1683,"serverTick":1672,"ackSeq":290,"simTick":1969},"timestamp":1782243039300}
{"sessionId":"3f83e2","runId":"post-fix7","hypothesisId":"H1","location":"Starship.NetworkMotor:ReconcileOwnerFromServer","message":"owner_reconcile","data":{"preSnapErr":0.4220,"replayCount":11,"preTick":1684,"postTick":1684,"serverTick":1673,"ackSeq":291,"simTick":1970},"timestamp":1782243039323}
{"sessionId":"3f83e2","runId":"post-fix7","hypothesisId":"H1","location":"Starship.NetworkMotor:ReconcileOwnerFromServer","message":"owner_reconcile","data":{"preSnapErr":0.4657,"replayCount":12,"preTick":1688,"postTick":1688,"serverTick":1676,"ackSeq":294,"simTick":1974},"timestamp":1782243039398}
{"sessionId":"3f83e2","runId":"post-fix7","hypothesisId":"H1","location":"Starship.NetworkMotor:ReconcileOwnerFromServer","message":"owner_reconcile","data":{"preSnapErr":0.3920,"replayCount":11,"preTick":1689,"postTick":1689,"serverTick":1678,"ackSeq":296,"simTick":1975},"timestamp":1782243039422}
{"sessionId":"3f83e2","runId":"post-fix7","hypothesisId":"H1","location":"Starship.NetworkMotor:ReconcileOwnerFromServer","message":"owner_reconcile","data":{"preSnapErr":0.3969,"replayCount":11,"preTick":1690,"postTick":1690,"serverTick":1679,"ackSeq":297,"simTick":1976},"timestamp":1782243039443}
{"sessionId":"3f83e2","runId":"post-fix7","hypothesisId":"H1","location":"Starship.NetworkMotor:ReconcileOwnerFromServer","message":"owner_reconcile","data":{"preSnapErr":0.3579,"replayCount":10,"preTick":1691,"postTick":1691,"serverTick":1681,"ackSeq":299,"simTick":1977},"timestamp":1782243039467}
{"sessionId":"3f83e2","runId":"post-fix7","hypothesisId":"H1","location":"Starship.NetworkMotor:ReconcileOwnerFromServer","message":"owner_reconcile","data":{"preSnapErr":0.4488,"replayCount":11,"preTick":1693,"postTick":1693,"serverTick":1682,"ackSeq":300,"simTick":1979},"timestamp":1782243039492}
{"sessionId":"3f83e2","runId":"post-fix7","hypothesisId":"H1","location":"Starship.NetworkMotor:ReconcileOwnerFromServer","message":"owner_reconcile","data":{"preSnapErr":0.4907,"replayCount":11,"preTick":1694,"postTick":1694,"serverTick":1683,"ackSeq":301,"simTick":1980},"timestamp":1782243039515}
{"sessionId":"3f83e2","runId":"post-fix7","hypothesisId":"H5","location":"Starship.NetworkMotor:ApplyOwnerPredictedMotorVisuals","message":"owner_display","data":{"alpha":0.599,"renderSpan":0.0994,"frameDelta":0.7074,"speed":F3},"timestamp":1782243039546}
{"sessionId":"3f83e2","runId":"post-fix7","hypothesisId":"H1","location":"Starship.NetworkMotor:ReconcileOwnerFromServer","message":"owner_reconcile","data":{"preSnapErr":0.6892,"replayCount":11,"preTick":1697,"postTick":1697,"serverTick":1686,"ackSeq":304,"simTick":1983},"timestamp":1782243039583}
{"sessionId":"3f83e2","runId":"post-fix7","hypothesisId":"H1","location":"Starship.NetworkMotor:ReconcileOwnerFromServer","message":"owner_reconcile","data":{"preSnapErr":0.7546,"replayCount":10,"preTick":1698,"postTick":1698,"serverTick":1688,"ackSeq":306,"simTick":1984},"timestamp":1782243039611}
{"sessionId":"3f83e2","runId":"post-fix7","hypothesisId":"H1","location":"Starship.NetworkMotor:ReconcileOwnerFromServer","message":"owner_reconcile","data":{"preSnapErr":0.9817,"replayCount":11,"preTick":1700,"postTick":1700,"serverTick":1689,"ackSeq":307,"simTick":1986},"timestamp":1782243039635}
{"sessionId":"3f83e2","runId":"post-fix7","hypothesisId":"H1","location":"Starship.NetworkMotor:ReconcileOwnerFromServer","message":"owner_reconcile","data":{"preSnapErr":1.1849,"replayCount":11,"preTick":1702,"postTick":1702,"serverTick":1691,"ackSeq":309,"simTick":1988},"timestamp":1782243039678}
{"sessionId":"3f83e2","runId":"post-fix7","hypothesisId":"H1","location":"Starship.NetworkMotor:ReconcileOwnerFromServer","message":"owner_reconcile","data":{"preSnapErr":1.2867,"replayCount":11,"preTick":1703,"postTick":1703,"serverTick":1692,"ackSeq":310,"simTick":1989},"timestamp":1782243039699}
{"sessionId":"3f83e2","runId":"post-fix7","hypothesisId":"H1","location":"Starship.NetworkMotor:ReconcileOwnerFromServer","message":"owner_reconcile","data":{"preSnapErr":1.4905,"replayCount":11,"preTick":1705,"postTick":1705,"serverTick":1694,"ackSeq":312,"simTick":1991},"timestamp":1782243039743}
{"sessionId":"3f83e2","runId":"post-fix7","hypothesisId":"H1","location":"Starship.NetworkMotor:ReconcileOwnerFromServer","message":"owner_reconcile","data":{"preSnapErr":1.5929,"replayCount":11,"preTick":1706,"postTick":1706,"serverTick":1695,"ackSeq":313,"simTick":1993},"timestamp":1782243039764}
{"sessionId":"3f83e2","runId":"post-fix7","hypothesisId":"H2","location":"Starship.NetworkMotor:ClientPredictMotorFixedStep","message":"owner_predict","data":{"tick":1707,"simTick":1993,"serverClock":1997,"tickLead":-286,"speed":10.063,"thrust":1},"timestamp":1782243039765}
{"sessionId":"3f83e2","runId":"post-fix7","hypothesisId":"H1","location":"Starship.NetworkMotor:ReconcileOwnerFromServer","message":"owner_reconcile","data":{"preSnapErr":1.9019,"replayCount":11,"preTick":1709,"postTick":1709,"serverTick":1698,"ackSeq":316,"simTick":1996},"timestamp":1782243039818}
{"sessionId":"3f83e2","runId":"post-fix7","hypothesisId":"H5","location":"Starship.NetworkMotor:ApplyOwnerPredictedMotorVisuals","message":"owner_display","data":{"alpha":0.561,"renderSpan":0.2297,"frameDelta":2.2931,"speed":F3},"timestamp":1782243039827}
{"sessionId":"3f83e2","runId":"post-fix7","hypothesisId":"H1","location":"Starship.NetworkMotor:ReconcileOwnerFromServer","message":"owner_reconcile","data":{"preSnapErr":2.0057,"replayCount":11,"preTick":1710,"postTick":1710,"serverTick":1699,"ackSeq":317,"simTick":1997},"timestamp":1782243039842}
{"sessionId":"3f83e2","runId":"post-fix7","hypothesisId":"H1","location":"Starship.NetworkMotor:ReconcileOwnerFromServer","message":"owner_reconcile","data":{"preSnapErr":1.9648,"replayCount":10,"preTick":1711,"postTick":1711,"serverTick":1701,"ackSeq":319,"simTick":1998},"timestamp":1782243039865}
{"sessionId":"3f83e2","runId":"post-fix7","hypothesisId":"H1","location":"Starship.NetworkMotor:ReconcileOwnerFromServer","message":"owner_reconcile","data":{"preSnapErr":2.0493,"replayCount":10,"preTick":1712,"postTick":1712,"serverTick":1702,"ackSeq":320,"simTick":1999},"timestamp":1782243039891}
{"sessionId":"3f83e2","runId":"post-fix7","hypothesisId":"H1","location":"Starship.NetworkMotor:ReconcileOwnerFromServer","message":"owner_reconcile","data":{"preSnapErr":2.3621,"replayCount":11,"preTick":1714,"postTick":1714,"serverTick":1703,"ackSeq":321,"simTick":2001},"timestamp":1782243039917}
{"sessionId":"3f83e2","runId":"post-fix7","hypothesisId":"H1","location":"Starship.NetworkMotor:ReconcileOwnerFromServer","message":"owner_reconcile","data":{"preSnapErr":2.5273,"replayCount":11,"preTick":1717,"postTick":1717,"serverTick":1706,"ackSeq":324,"simTick":2004},"timestamp":1782243039983}
{"sessionId":"3f83e2","runId":"post-fix7","hypothesisId":"H1","location":"Starship.NetworkMotor:ReconcileOwnerFromServer","message":"owner_reconcile","data":{"preSnapErr":2.3524,"replayCount":10,"preTick":1718,"postTick":1718,"serverTick":1708,"ackSeq":326,"simTick":2005},"timestamp":1782243040006}
{"sessionId":"3f83e2","runId":"post-fix7","hypothesisId":"H1","location":"Starship.NetworkMotor:ReconcileOwnerFromServer","message":"owner_reconcile","data":{"preSnapErr":2.6278,"replayCount":11,"preTick":1721,"postTick":1721,"serverTick":1710,"ackSeq":328,"simTick":2008},"timestamp":1782243040055}
{"sessionId":"3f83e2","runId":"post-fix7","hypothesisId":"H1","location":"Starship.NetworkMotor:ReconcileOwnerFromServer","message":"owner_reconcile","data":{"preSnapErr":2.3719,"replayCount":10,"preTick":1722,"postTick":1722,"serverTick":1712,"ackSeq":330,"simTick":2009},"timestamp":1782243040077}
{"sessionId":"3f83e2","runId":"post-fix7","hypothesisId":"H5","location":"Starship.NetworkMotor:ApplyOwnerPredictedMotorVisuals","message":"owner_display","data":{"alpha":0.620,"renderSpan":0.2371,"frameDelta":3.3287,"speed":F3},"timestamp":1782243040106}
{"sessionId":"3f83e2","runId":"post-fix7","hypothesisId":"H1","location":"Starship.NetworkMotor:ReconcileOwnerFromServer","message":"owner_reconcile","data":{"preSnapErr":2.6064,"replayCount":11,"preTick":1724,"postTick":1724,"serverTick":1713,"ackSeq":331,"simTick":2011},"timestamp":1782243040120}
{"sessionId":"3f83e2","runId":"post-fix7","hypothesisId":"H1","location":"Starship.NetworkMotor:ReconcileOwnerFromServer","message":"owner_reconcile","data":{"preSnapErr":2.3688,"replayCount":10,"preTick":1725,"postTick":1725,"serverTick":1715,"ackSeq":333,"simTick":2012},"timestamp":1782243040143}
{"sessionId":"3f83e2","runId":"post-fix7","hypothesisId":"H1","location":"Starship.NetworkMotor:ReconcileOwnerFromServer","message":"owner_reconcile","data":{"preSnapErr":2.3906,"replayCount":10,"preTick":1727,"postTick":1727,"serverTick":1717,"ackSeq":335,"simTick":2014},"timestamp":1782243040185}
{"sessionId":"3f83e2","runId":"post-fix7","hypothesisId":"H1","location":"Starship.NetworkMotor:ReconcileOwnerFromServer","message":"owner_reconcile","data":{"preSnapErr":2.1491,"replayCount":9,"preTick":1728,"postTick":1728,"serverTick":1719,"ackSeq":337,"simTick":2014},"timestamp":1782243040207}
{"sessionId":"3f83e2","runId":"post-fix7","hypothesisId":"H1","location":"Starship.NetworkMotor:ReconcileOwnerFromServer","message":"owner_reconcile","data":{"preSnapErr":2.6059,"replayCount":11,"preTick":1731,"postTick":1731,"serverTick":1720,"ackSeq":338,"simTick":2017},"timestamp":1782243040258}
{"sessionId":"3f83e2","runId":"post-fix7","hypothesisId":"H2","location":"Starship.NetworkMotor:ClientPredictMotorFixedStep","message":"owner_predict","data":{"tick":1732,"simTick":2017,"serverClock":2022,"tickLead":-285,"speed":11.278,"thrust":0},"timestamp":1782243040259}
{"sessionId":"3f83e2","runId":"post-fix7","hypothesisId":"H1","location":"Starship.NetworkMotor:ReconcileOwnerFromServer","message":"owner_reconcile","data":{"preSnapErr":2.5806,"replayCount":11,"preTick":1733,"postTick":1733,"serverTick":1722,"ackSeq":340,"simTick":2019},"timestamp":1782243040302}
{"sessionId":"3f83e2","runId":"post-fix7","hypothesisId":"H1","location":"Starship.NetworkMotor:ReconcileOwnerFromServer","message":"owner_reconcile","data":{"preSnapErr":2.5635,"replayCount":11,"preTick":1734,"postTick":1734,"serverTick":1723,"ackSeq":341,"simTick":2020},"timestamp":1782243040323}
{"sessionId":"3f83e2","runId":"post-fix7","hypothesisId":"H1","location":"Starship.NetworkMotor:ReconcileOwnerFromServer","message":"owner_reconcile","data":{"preSnapErr":2.2979,"replayCount":10,"preTick":1735,"postTick":1735,"serverTick":1725,"ackSeq":343,"simTick":2021},"timestamp":1782243040344}
{"sessionId":"3f83e2","runId":"post-fix7","hypothesisId":"H5","location":"Starship.NetworkMotor:ApplyOwnerPredictedMotorVisuals","message":"owner_display","data":{"alpha":0.015,"renderSpan":0.2088,"frameDelta":3.0629,"speed":F3},"timestamp":1782243040376}
{"sessionId":"3f83e2","runId":"post-fix7","hypothesisId":"H1","location":"Starship.NetworkMotor:ReconcileOwnerFromServer","message":"owner_reconcile","data":{"preSnapErr":2.4504,"replayCount":11,"preTick":1738,"postTick":1738,"serverTick":1727,"ackSeq":345,"simTick":2024},"timestamp":1782243040394}
{"sessionId":"3f83e2","runId":"post-fix7","hypothesisId":"H1","location":"Starship.NetworkMotor:ReconcileOwnerFromServer","message":"owner_reconcile","data":{"preSnapErr":2.1856,"replayCount":10,"preTick":1739,"postTick":1739,"serverTick":1729,"ackSeq":347,"simTick":2025},"timestamp":1782243040418}
{"sessionId":"3f83e2","runId":"post-fix7","hypothesisId":"H1","location":"Starship.NetworkMotor:ReconcileOwnerFromServer","message":"owner_reconcile","data":{"preSnapErr":2.3580,"replayCount":11,"preTick":1741,"postTick":1741,"serverTick":1730,"ackSeq":348,"simTick":2027},"timestamp":1782243040463}
{"sessionId":"3f83e2","runId":"post-fix7","hypothesisId":"H1","location":"Starship.NetworkMotor:ReconcileOwnerFromServer","message":"owner_reconcile","data":{"preSnapErr":2.1016,"replayCount":10,"preTick":1742,"postTick":1742,"serverTick":1732,"ackSeq":350,"simTick":2028},"timestamp":1782243040485}
{"sessionId":"3f83e2","runId":"post-fix7","hypothesisId":"H1","location":"Starship.NetworkMotor:ReconcileOwnerFromServer","message":"owner_reconcile","data":{"preSnapErr":2.0736,"replayCount":10,"preTick":1743,"postTick":1743,"serverTick":1733,"ackSeq":351,"simTick":2029},"timestamp":1782243040507}
{"sessionId":"3f83e2","runId":"post-fix7","hypothesisId":"H1","location":"Starship.NetworkMotor:ReconcileOwnerFromServer","message":"owner_reconcile","data":{"preSnapErr":2.2040,"replayCount":11,"preTick":1746,"postTick":1746,"serverTick":1735,"ackSeq":353,"simTick":2032},"timestamp":1782243040549}
{"sessionId":"3f83e2","runId":"post-fix7","hypothesisId":"H1","location":"Starship.NetworkMotor:ReconcileOwnerFromServer","message":"owner_reconcile","data":{"preSnapErr":2.1424,"replayCount":11,"preTick":1748,"postTick":1748,"serverTick":1737,"ackSeq":355,"simTick":2035},"timestamp":1782243040592}
{"sessionId":"3f83e2","runId":"post-fix7","hypothesisId":"H1","location":"Starship.NetworkMotor:ReconcileOwnerFromServer","message":"owner_reconcile","data":{"preSnapErr":1.9056,"replayCount":10,"preTick":1749,"postTick":1749,"serverTick":1739,"ackSeq":357,"simTick":2036},"timestamp":1782243040614}
{"sessionId":"3f83e2","runId":"post-fix7","hypothesisId":"H5","location":"Starship.NetworkMotor:ApplyOwnerPredictedMotorVisuals","message":"owner_display","data":{"alpha":0.391,"renderSpan":0.1724,"frameDelta":2.5597,"speed":F3},"timestamp":1782243040642}
{"sessionId":"3f83e2","runId":"post-fix7","hypothesisId":"H1","location":"Starship.NetworkMotor:ReconcileOwnerFromServer","message":"owner_reconcile","data":{"preSnapErr":2.0500,"replayCount":11,"preTick":1751,"postTick":1751,"serverTick":1740,"ackSeq":358,"simTick":2038},"timestamp":1782243040658}
{"sessionId":"3f83e2","runId":"post-fix7","hypothesisId":"H1","location":"Starship.NetworkMotor:ReconcileOwnerFromServer","message":"owner_reconcile","data":{"preSnapErr":1.9884,"replayCount":11,"preTick":1753,"postTick":1753,"serverTick":1742,"ackSeq":360,"simTick":2040},"timestamp":1782243040698}
{"sessionId":"3f83e2","runId":"post-fix7","hypothesisId":"H1","location":"Starship.NetworkMotor:ReconcileOwnerFromServer","message":"owner_reconcile","data":{"preSnapErr":1.7656,"replayCount":10,"preTick":1754,"postTick":1754,"serverTick":1744,"ackSeq":362,"simTick":2041},"timestamp":1782243040719}
{"sessionId":"3f83e2","runId":"post-fix7","hypothesisId":"H1","location":"Starship.NetworkMotor:ReconcileOwnerFromServer","message":"owner_reconcile","data":{"preSnapErr":1.7096,"replayCount":10,"preTick":1756,"postTick":1756,"serverTick":1746,"ackSeq":364,"simTick":2043},"timestamp":1782243040758}
{"sessionId":"3f83e2","runId":"post-fix7","hypothesisId":"H2","location":"Starship.NetworkMotor:ClientPredictMotorFixedStep","message":"owner_predict","data":{"tick":1757,"simTick":2043,"serverClock":2047,"tickLead":-286,"speed":7.778,"thrust":0},"timestamp":1782243040758}
{"sessionId":"3f83e2","runId":"post-fix7","hypothesisId":"H1","location":"Starship.NetworkMotor:ReconcileOwnerFromServer","message":"owner_reconcile","data":{"preSnapErr":1.6816,"replayCount":10,"preTick":1757,"postTick":1757,"serverTick":1747,"ackSeq":365,"simTick":2044},"timestamp":1782243040782}
{"sessionId":"3f83e2","runId":"post-fix7","hypothesisId":"H1","location":"Starship.NetworkMotor:ReconcileOwnerFromServer","message":"owner_reconcile","data":{"preSnapErr":1.6536,"replayCount":10,"preTick":1758,"postTick":1758,"serverTick":1748,"ackSeq":366,"simTick":2045},"timestamp":1782243040803}
{"sessionId":"3f83e2","runId":"post-fix7","hypothesisId":"H1","location":"Starship.NetworkMotor:ReconcileOwnerFromServer","message":"owner_reconcile","data":{"preSnapErr":1.5976,"replayCount":10,"preTick":1760,"postTick":1760,"serverTick":1750,"ackSeq":368,"simTick":2047},"timestamp":1782243040844}
{"sessionId":"3f83e2","runId":"post-fix7","hypothesisId":"H1","location":"Starship.NetworkMotor:ReconcileOwnerFromServer","message":"owner_reconcile","data":{"preSnapErr":1.6804,"replayCount":11,"preTick":1763,"postTick":1763,"serverTick":1752,"ackSeq":370,"simTick":2050},"timestamp":1782243040889}
{"sessionId":"3f83e2","runId":"post-fix7","hypothesisId":"H5","location":"Starship.NetworkMotor:ApplyOwnerPredictedMotorVisuals","message":"owner_display","data":{"alpha":0.108,"renderSpan":0.1360,"frameDelta":1.9697,"speed":F3},"timestamp":1782243040896}
{"sessionId":"3f83e2","runId":"post-fix7","hypothesisId":"H1","location":"Starship.NetworkMotor:ReconcileOwnerFromServer","message":"owner_reconcile","data":{"preSnapErr":1.4856,"replayCount":10,"preTick":1764,"postTick":1764,"serverTick":1754,"ackSeq":372,"simTick":2051},"timestamp":1782243040909}
{"sessionId":"3f83e2","runId":"post-fix7","hypothesisId":"H1","location":"Starship.NetworkMotor:ReconcileOwnerFromServer","message":"owner_reconcile","data":{"preSnapErr":1.5880,"replayCount":11,"preTick":1766,"postTick":1766,"serverTick":1755,"ackSeq":373,"simTick":2053},"timestamp":1782243040948}
{"sessionId":"3f83e2","runId":"post-fix7","hypothesisId":"H1","location":"Starship.NetworkMotor:ReconcileOwnerFromServer","message":"owner_reconcile","data":{"preSnapErr":1.4956,"replayCount":11,"preTick":1769,"postTick":1769,"serverTick":1758,"ackSeq":376,"simTick":2056},"timestamp":1782243041009}
{"sessionId":"3f83e2","runId":"post-fix7","hypothesisId":"H1","location":"Starship.NetworkMotor:ReconcileOwnerFromServer","message":"owner_reconcile","data":{"preSnapErr":1.4340,"replayCount":11,"preTick":1771,"postTick":1771,"serverTick":1760,"ackSeq":378,"simTick":2058},"timestamp":1782243041051}
{"sessionId":"3f83e2","runId":"post-fix7","hypothesisId":"H1","location":"Starship.NetworkMotor:ReconcileOwnerFromServer","message":"owner_reconcile","data":{"preSnapErr":1.3724,"replayCount":11,"preTick":1773,"postTick":1773,"serverTick":1762,"ackSeq":380,"simTick":2060},"timestamp":1782243041095}
{"sessionId":"3f83e2","runId":"post-fix7","hypothesisId":"H1","location":"Starship.NetworkMotor:ReconcileOwnerFromServer","message":"owner_reconcile","data":{"preSnapErr":1.2056,"replayCount":10,"preTick":1774,"postTick":1774,"serverTick":1764,"ackSeq":382,"simTick":2061},"timestamp":1782243041116}
{"sessionId":"3f83e2","runId":"post-fix7","hypothesisId":"H5","location":"Starship.NetworkMotor:ApplyOwnerPredictedMotorVisuals","message":"owner_display","data":{"alpha":0.644,"renderSpan":0.1024,"frameDelta":1.4980,"speed":F3},"timestamp":1782243041145}
{"sessionId":"3f83e2","runId":"post-fix7","hypothesisId":"H1","location":"Starship.NetworkMotor:ReconcileOwnerFromServer","message":"owner_reconcile","data":{"preSnapErr":1.1496,"replayCount":10,"preTick":1776,"postTick":1776,"serverTick":1766,"ackSeq":384,"simTick":2063},"timestamp":1782243041161}
{"sessionId":"3f83e2","runId":"post-fix7","hypothesisId":"H1","location":"Starship.NetworkMotor:ReconcileOwnerFromServer","message":"owner_reconcile","data":{"preSnapErr":1.1216,"replayCount":10,"preTick":1777,"postTick":1777,"serverTick":1767,"ackSeq":385,"simTick":2064},"timestamp":1782243041182}
{"sessionId":"3f83e2","runId":"post-fix7","hypothesisId":"H1","location":"Starship.NetworkMotor:ReconcileOwnerFromServer","message":"owner_reconcile","data":{"preSnapErr":1.0936,"replayCount":10,"preTick":1778,"postTick":1778,"serverTick":1768,"ackSeq":386,"simTick":2065},"timestamp":1782243041201}
{"sessionId":"3f83e2","runId":"post-fix7","hypothesisId":"H1","location":"Starship.NetworkMotor:ReconcileOwnerFromServer","message":"owner_reconcile","data":{"preSnapErr":1.0376,"replayCount":10,"preTick":1780,"postTick":1780,"serverTick":1770,"ackSeq":388,"simTick":2067},"timestamp":1782243041242}
{"sessionId":"3f83e2","runId":"post-fix7","hypothesisId":"H2","location":"Starship.NetworkMotor:ClientPredictMotorFixedStep","message":"owner_predict","data":{"tick":1782,"simTick":2068,"serverClock":2072,"tickLead":-286,"speed":4.278,"thrust":0},"timestamp":1782243041262}
{"sessionId":"3f83e2","runId":"post-fix7","hypothesisId":"H1","location":"Starship.NetworkMotor:ReconcileOwnerFromServer","message":"owner_reconcile","data":{"preSnapErr":0.9816,"replayCount":10,"preTick":1782,"postTick":1782,"serverTick":1772,"ackSeq":390,"simTick":2069},"timestamp":1782243041286}
{"sessionId":"3f83e2","runId":"post-fix7","hypothesisId":"H1","location":"Starship.NetworkMotor:ReconcileOwnerFromServer","message":"owner_reconcile","data":{"preSnapErr":1.0028,"replayCount":11,"preTick":1785,"postTick":1785,"serverTick":1774,"ackSeq":392,"simTick":2072},"timestamp":1782243041329}
{"sessionId":"3f83e2","runId":"post-fix7","hypothesisId":"H1","location":"Starship.NetworkMotor:ReconcileOwnerFromServer","message":"owner_reconcile","data":{"preSnapErr":0.9720,"replayCount":11,"preTick":1786,"postTick":1786,"serverTick":1775,"ackSeq":393,"simTick":2073},"timestamp":1782243041350}
{"sessionId":"3f83e2","runId":"post-fix7","hypothesisId":"H1","location":"Starship.NetworkMotor:ReconcileOwnerFromServer","message":"owner_reconcile","data":{"preSnapErr":0.9104,"replayCount":11,"preTick":1788,"postTick":1788,"serverTick":1777,"ackSeq":395,"simTick":2075},"timestamp":1782243041390}
{"sessionId":"3f83e2","runId":"post-fix7","hypothesisId":"H5","location":"Starship.NetworkMotor:ApplyOwnerPredictedMotorVisuals","message":"owner_display","data":{"alpha":0.172,"renderSpan":0.0660,"frameDelta":1.0577,"speed":F3},"timestamp":1782243041397}
{"sessionId":"3f83e2","runId":"post-fix7","hypothesisId":"H1","location":"Starship.NetworkMotor:ReconcileOwnerFromServer","message":"owner_reconcile","data":{"preSnapErr":0.8488,"replayCount":11,"preTick":1790,"postTick":1790,"serverTick":1779,"ackSeq":397,"simTick":2077},"timestamp":1782243041429}
{"sessionId":"3f83e2","runId":"post-fix7","hypothesisId":"H1","location":"Starship.NetworkMotor:ReconcileOwnerFromServer","message":"owner_reconcile","data":{"preSnapErr":0.7296,"replayCount":10,"preTick":1791,"postTick":1791,"serverTick":1781,"ackSeq":399,"simTick":2078},"timestamp":1782243041449}
{"sessionId":"3f83e2","runId":"post-fix7","hypothesisId":"H1","location":"Starship.NetworkMotor:ReconcileOwnerFromServer","message":"owner_reconcile","data":{"preSnapErr":0.7564,"replayCount":11,"preTick":1793,"postTick":1793,"serverTick":1782,"ackSeq":400,"simTick":2080},"timestamp":1782243041493}
{"sessionId":"3f83e2","runId":"post-fix7","hypothesisId":"H1","location":"Starship.NetworkMotor:ReconcileOwnerFromServer","message":"owner_reconcile","data":{"preSnapErr":0.6456,"replayCount":10,"preTick":1794,"postTick":1794,"serverTick":1784,"ackSeq":402,"simTick":2081},"timestamp":1782243041514}
{"sessionId":"3f83e2","runId":"post-fix7","hypothesisId":"H1","location":"Starship.NetworkMotor:ReconcileOwnerFromServer","message":"owner_reconcile","data":{"preSnapErr":0.5896,"replayCount":10,"preTick":1796,"postTick":1796,"serverTick":1786,"ackSeq":404,"simTick":2083},"timestamp":1782243041553}
{"sessionId":"3f83e2","runId":"post-fix7","hypothesisId":"H1","location":"Starship.NetworkMotor:ReconcileOwnerFromServer","message":"owner_reconcile","data":{"preSnapErr":0.6024,"replayCount":11,"preTick":1798,"postTick":1798,"serverTick":1787,"ackSeq":405,"simTick":2085},"timestamp":1782243041602}
{"sessionId":"3f83e2","runId":"post-fix7","hypothesisId":"H1","location":"Starship.NetworkMotor:ReconcileOwnerFromServer","message":"owner_reconcile","data":{"preSnapErr":0.5056,"replayCount":10,"preTick":1799,"postTick":1799,"serverTick":1789,"ackSeq":407,"simTick":2086},"timestamp":1782243041623}
{"sessionId":"3f83e2","runId":"post-fix7","hypothesisId":"H5","location":"Starship.NetworkMotor:ApplyOwnerPredictedMotorVisuals","message":"owner_display","data":{"alpha":0.879,"renderSpan":0.0324,"frameDelta":0.6239,"speed":F3},"timestamp":1782243041651}
{"sessionId":"3f83e2","runId":"post-fix7","hypothesisId":"H1","location":"Starship.NetworkMotor:ReconcileOwnerFromServer","message":"owner_reconcile","data":{"preSnapErr":0.4497,"replayCount":10,"preTick":1801,"postTick":1801,"serverTick":1791,"ackSeq":409,"simTick":2088},"timestamp":1782243041664}
{"sessionId":"3f83e2","runId":"post-fix7","hypothesisId":"H1","location":"Starship.NetworkMotor:ReconcileOwnerFromServer","message":"owner_reconcile","data":{"preSnapErr":0.4216,"replayCount":10,"preTick":1802,"postTick":1802,"serverTick":1792,"ackSeq":410,"simTick":2089},"timestamp":1782243041685}
{"sessionId":"3f83e2","runId":"post-fix7","hypothesisId":"H1","location":"Starship.NetworkMotor:ReconcileOwnerFromServer","message":"owner_reconcile","data":{"preSnapErr":0.3868,"replayCount":11,"preTick":1805,"postTick":1805,"serverTick":1794,"ackSeq":412,"simTick":2092},"timestamp":1782243041730}
{"sessionId":"3f83e2","runId":"post-fix7","hypothesisId":"H1","location":"Starship.NetworkMotor:ReconcileOwnerFromServer","message":"owner_reconcile","data":{"preSnapErr":0.3096,"replayCount":10,"preTick":1806,"postTick":1806,"serverTick":1796,"ackSeq":414,"simTick":2093},"timestamp":1782243041750}
{"sessionId":"3f83e2","runId":"post-fix7","hypothesisId":"H2","location":"Starship.NetworkMotor:ClientPredictMotorFixedStep","message":"owner_predict","data":{"tick":1807,"simTick":2093,"serverClock":2097,"tickLead":-286,"speed":0.778,"thrust":0},"timestamp":1782243041751}
{"sessionId":"3f83e2","runId":"post-fix7","hypothesisId":"H1","location":"Starship.NetworkMotor:ReconcileOwnerFromServer","message":"owner_reconcile","data":{"preSnapErr":0.2944,"replayCount":11,"preTick":1808,"postTick":1808,"serverTick":1797,"ackSeq":415,"simTick":2095},"timestamp":1782243041792}
{"sessionId":"3f83e2","runId":"post-fix7","hypothesisId":"H1","location":"Starship.NetworkMotor:ReconcileOwnerFromServer","message":"owner_reconcile","data":{"preSnapErr":0.2256,"replayCount":10,"preTick":1809,"postTick":1809,"serverTick":1799,"ackSeq":417,"simTick":2096},"timestamp":1782243041815}
{"sessionId":"3f83e2","runId":"post-fix7","hypothesisId":"H1","location":"Starship.NetworkMotor:ReconcileOwnerFromServer","message":"owner_reconcile","data":{"preSnapErr":0.1696,"replayCount":10,"preTick":1811,"postTick":1811,"serverTick":1801,"ackSeq":419,"simTick":2098},"timestamp":1782243041858}
{"sessionId":"3f83e2","runId":"post-fix7","hypothesisId":"H1","location":"Starship.NetworkMotor:ReconcileOwnerFromServer","message":"owner_reconcile","data":{"preSnapErr":0.1149,"replayCount":10,"preTick":1813,"postTick":1813,"serverTick":1803,"ackSeq":421,"simTick":2100},"timestamp":1782243041901}
{"sessionId":"3f83e2","runId":"post-fix7","hypothesisId":"H5","location":"Starship.NetworkMotor:ApplyOwnerPredictedMotorVisuals","message":"owner_display","data":{"alpha":0.726,"renderSpan":0.0000,"frameDelta":0.1751,"speed":F3},"timestamp":1782243041909}
{"sessionId":"3f83e2","runId":"post-fix7","hypothesisId":"H1","location":"Starship.NetworkMotor:ReconcileOwnerFromServer","message":"owner_reconcile","data":{"preSnapErr":0.0697,"replayCount":10,"preTick":1815,"postTick":1815,"serverTick":1805,"ackSeq":423,"simTick":2102},"timestamp":1782243041946}
{"sessionId":"3f83e2","runId":"post-fix7","hypothesisId":"H1","location":"Starship.NetworkMotor:ReconcileOwnerFromServer","message":"owner_reconcile","data":{"preSnapErr":0.0358,"replayCount":10,"preTick":1817,"postTick":1817,"serverTick":1807,"ackSeq":425,"simTick":2104},"timestamp":1782243041986}
{"sessionId":"3f83e2","runId":"post-fix7","hypothesisId":"H1","location":"Starship.NetworkMotor:ReconcileOwnerFromServer","message":"owner_reconcile","data":{"preSnapErr":0.0231,"replayCount":10,"preTick":1818,"postTick":1818,"serverTick":1808,"ackSeq":426,"simTick":2105},"timestamp":1782243042007}
{"sessionId":"3f83e2","runId":"post-fix7","hypothesisId":"H1","location":"Starship.NetworkMotor:ReconcileOwnerFromServer","message":"owner_reconcile","data":{"preSnapErr":0.0059,"replayCount":11,"preTick":1821,"postTick":1821,"serverTick":1810,"ackSeq":428,"simTick":2108},"timestamp":1782243042048}
{"sessionId":"3f83e2","runId":"post-fix7","hypothesisId":"H1","location":"Starship.NetworkMotor:ReconcileOwnerFromServer","message":"owner_reconcile","data":{"preSnapErr":0.0000,"replayCount":10,"preTick":1822,"postTick":1822,"serverTick":1812,"ackSeq":430,"simTick":2109},"timestamp":1782243042069}
{"sessionId":"3f83e2","runId":"post-fix7","hypothesisId":"H1","location":"Starship.NetworkMotor:ReconcileOwnerFromServer","message":"owner_reconcile","data":{"preSnapErr":0.0000,"replayCount":11,"preTick":1824,"postTick":1824,"serverTick":1813,"ackSeq":431,"simTick":2111},"timestamp":1782243042112}
{"sessionId":"3f83e2","runId":"post-fix7","hypothesisId":"H1","location":"Starship.NetworkMotor:ReconcileOwnerFromServer","message":"owner_reconcile","data":{"preSnapErr":0.0000,"replayCount":10,"preTick":1825,"postTick":1825,"serverTick":1815,"ackSeq":433,"simTick":2112},"timestamp":1782243042136}
{"sessionId":"3f83e2","runId":"post-fix7","hypothesisId":"H5","location":"Starship.NetworkMotor:ApplyOwnerPredictedMotorVisuals","message":"owner_display","data":{"alpha":0.441,"renderSpan":0.0000,"frameDelta":0.0000,"speed":F3},"timestamp":1782243042162}
{"sessionId":"3f83e2","runId":"post-fix7","hypothesisId":"H1","location":"Starship.NetworkMotor:ReconcileOwnerFromServer","message":"owner_reconcile","data":{"preSnapErr":0.0000,"replayCount":10,"preTick":1827,"postTick":1827,"serverTick":1817,"ackSeq":435,"simTick":2114},"timestamp":1782243042175}
{"sessionId":"3f83e2","runId":"post-fix7","hypothesisId":"H1","location":"Starship.NetworkMotor:ReconcileOwnerFromServer","message":"owner_reconcile","data":{"preSnapErr":0.0000,"replayCount":11,"preTick":1829,"postTick":1829,"serverTick":1818,"ackSeq":436,"simTick":2116},"timestamp":1782243042212}
{"sessionId":"3f83e2","runId":"post-fix7","hypothesisId":"H1","location":"Starship.NetworkMotor:ReconcileOwnerFromServer","message":"owner_reconcile","data":{"preSnapErr":0.0000,"replayCount":10,"preTick":1830,"postTick":1830,"serverTick":1820,"ackSeq":438,"simTick":2117},"timestamp":1782243042239}
{"sessionId":"3f83e2","runId":"post-fix7","hypothesisId":"H2","location":"Starship.NetworkMotor:ClientPredictMotorFixedStep","message":"owner_predict","data":{"tick":1832,"simTick":2118,"serverClock":2122,"tickLead":-286,"speed":0.000,"thrust":0},"timestamp":1782243042264}
{"sessionId":"3f83e2","runId":"post-fix7","hypothesisId":"H1","location":"Starship.NetworkMotor:ReconcileOwnerFromServer","message":"owner_reconcile","data":{"preSnapErr":0.0000,"replayCount":10,"preTick":1832,"postTick":1832,"serverTick":1822,"ackSeq":440,"simTick":2119},"timestamp":1782243042292}
{"sessionId":"3f83e2","runId":"post-fix7","hypothesisId":"H1","location":"Starship.NetworkMotor:ReconcileOwnerFromServer","message":"owner_reconcile","data":{"preSnapErr":0.0000,"replayCount":11,"preTick":1834,"postTick":1834,"serverTick":1823,"ackSeq":441,"simTick":2121},"timestamp":1782243042318}
{"sessionId":"3f83e2","runId":"post-fix7","hypothesisId":"H1","location":"Starship.NetworkMotor:ReconcileOwnerFromServer","message":"owner_reconcile","data":{"preSnapErr":0.0000,"replayCount":10,"preTick":1835,"postTick":1835,"serverTick":1825,"ackSeq":443,"simTick":2122},"timestamp":1782243042349}
{"sessionId":"3f83e2","runId":"post-fix7","hypothesisId":"H1","location":"Starship.NetworkMotor:ReconcileOwnerFromServer","message":"owner_reconcile","data":{"preSnapErr":0.0000,"replayCount":10,"preTick":1837,"postTick":1837,"serverTick":1827,"ackSeq":445,"simTick":2124},"timestamp":1782243042376}
{"sessionId":"3f83e2","runId":"post-fix7","hypothesisId":"H1","location":"Starship.NetworkMotor:ReconcileOwnerFromServer","message":"owner_reconcile","data":{"preSnapErr":0.0000,"replayCount":11,"preTick":1839,"postTick":1839,"serverTick":1828,"ackSeq":446,"simTick":2126},"timestamp":1782243042416}
{"sessionId":"3f83e2","runId":"post-fix7","hypothesisId":"H5","location":"Starship.NetworkMotor:ApplyOwnerPredictedMotorVisuals","message":"owner_display","data":{"alpha":0.429,"renderSpan":0.0000,"frameDelta":0.0000,"speed":F3},"timestamp":1782243042441}
{"sessionId":"3f83e2","runId":"post-fix7","hypothesisId":"H1","location":"Starship.NetworkMotor:ReconcileOwnerFromServer","message":"owner_reconcile","data":{"preSnapErr":0.0000,"replayCount":11,"preTick":1841,"postTick":1841,"serverTick":1830,"ackSeq":448,"simTick":2128},"timestamp":1782243042456}
{"sessionId":"3f83e2","runId":"post-fix7","hypothesisId":"H1","location":"Starship.NetworkMotor:ReconcileOwnerFromServer","message":"owner_reconcile","data":{"preSnapErr":0.0000,"replayCount":10,"preTick":1842,"postTick":1842,"serverTick":1832,"ackSeq":450,"simTick":2129},"timestamp":1782243042481}
{"sessionId":"3f83e2","runId":"post-fix7","hypothesisId":"H1","location":"Starship.NetworkMotor:ReconcileOwnerFromServer","message":"owner_reconcile","data":{"preSnapErr":0.0000,"replayCount":10,"preTick":1843,"postTick":1843,"serverTick":1833,"ackSeq":451,"simTick":2130},"timestamp":1782243042511}
{"sessionId":"3f83e2","runId":"post-fix7","hypothesisId":"H1","location":"Starship.NetworkMotor:ReconcileOwnerFromServer","message":"owner_reconcile","data":{"preSnapErr":0.0000,"replayCount":10,"preTick":1845,"postTick":1845,"serverTick":1835,"ackSeq":453,"simTick":2132},"timestamp":1782243042541}
{"sessionId":"3f83e2","runId":"post-fix7","hypothesisId":"H1","location":"Starship.NetworkMotor:ReconcileOwnerFromServer","message":"owner_reconcile","data":{"preSnapErr":0.0000,"replayCount":9,"preTick":1846,"postTick":1846,"serverTick":1837,"ackSeq":455,"simTick":2133},"timestamp":1782243042572}
{"sessionId":"3f83e2","runId":"post-fix7","hypothesisId":"H1","location":"Starship.NetworkMotor:ReconcileOwnerFromServer","message":"owner_reconcile","data":{"preSnapErr":0.0000,"replayCount":10,"preTick":1848,"postTick":1848,"serverTick":1838,"ackSeq":456,"simTick":2135},"timestamp":1782243042601}
{"sessionId":"3f83e2","runId":"post-fix7","hypothesisId":"H1","location":"Starship.NetworkMotor:ReconcileOwnerFromServer","message":"owner_reconcile","data":{"preSnapErr":0.0000,"replayCount":11,"preTick":1851,"postTick":1851,"serverTick":1840,"ackSeq":458,"simTick":2138},"timestamp":1782243042652}
{"sessionId":"3f83e2","runId":"post-fix7","hypothesisId":"H1","location":"Starship.NetworkMotor:ReconcileOwnerFromServer","message":"owner_reconcile","data":{"preSnapErr":0.0000,"replayCount":10,"preTick":1852,"postTick":1852,"serverTick":1842,"ackSeq":460,"simTick":2139},"timestamp":1782243042679}
{"sessionId":"3f83e2","runId":"post-fix7","hypothesisId":"H1","location":"Starship.NetworkMotor:ReconcileOwnerFromServer","message":"owner_reconcile","data":{"preSnapErr":0.0000,"replayCount":10,"preTick":1853,"postTick":1853,"serverTick":1843,"ackSeq":461,"simTick":2140},"timestamp":1782243042704}
{"sessionId":"3f83e2","runId":"post-fix7","hypothesisId":"H1","location":"Starship.NetworkMotor:ReconcileOwnerFromServer","message":"owner_reconcile","data":{"preSnapErr":0.0000,"replayCount":11,"preTick":1856,"postTick":1856,"serverTick":1845,"ackSeq":463,"simTick":2143},"timestamp":1782243042755}
{"sessionId":"3f83e2","runId":"post-fix7","hypothesisId":"H2","location":"Starship.NetworkMotor:ClientPredictMotorFixedStep","message":"owner_predict","data":{"tick":1857,"simTick":2143,"serverClock":2147,"tickLead":-286,"speed":0.000,"thrust":0},"timestamp":1782243042756}
{"sessionId":"3f83e2","runId":"post-fix7","hypothesisId":"H5","location":"Starship.NetworkMotor:ApplyOwnerPredictedMotorVisuals","message":"owner_display","data":{"alpha":0.427,"renderSpan":0.0000,"frameDelta":0.0000,"speed":F3},"timestamp":1782243042766}
{"sessionId":"3f83e2","runId":"post-fix7","hypothesisId":"H1","location":"Starship.NetworkMotor:ReconcileOwnerFromServer","message":"owner_reconcile","data":{"preSnapErr":0.0000,"replayCount":10,"preTick":1857,"postTick":1857,"serverTick":1847,"ackSeq":465,"simTick":2144},"timestamp":1782243042788}
{"sessionId":"3f83e2","runId":"post-fix7","hypothesisId":"H1","location":"Starship.NetworkMotor:ReconcileOwnerFromServer","message":"owner_reconcile","data":{"preSnapErr":0.0000,"replayCount":11,"preTick":1859,"postTick":1859,"serverTick":1848,"ackSeq":466,"simTick":2146},"timestamp":1782243042819}
{"sessionId":"3f83e2","runId":"post-fix7","hypothesisId":"H1","location":"Starship.NetworkMotor:ReconcileOwnerFromServer","message":"owner_reconcile","data":{"preSnapErr":0.0000,"replayCount":10,"preTick":1860,"postTick":1860,"serverTick":1850,"ackSeq":468,"simTick":2147},"timestamp":1782243042846}
{"sessionId":"3f83e2","runId":"post-fix7","hypothesisId":"H1","location":"Starship.NetworkMotor:ReconcileOwnerFromServer","message":"owner_reconcile","data":{"preSnapErr":0.0000,"replayCount":9,"preTick":1861,"postTick":1861,"serverTick":1852,"ackSeq":470,"simTick":2148},"timestamp":1782243042873}
{"sessionId":"3f83e2","runId":"post-fix7","hypothesisId":"H1","location":"Starship.NetworkMotor:ReconcileOwnerFromServer","message":"owner_reconcile","data":{"preSnapErr":0.0000,"replayCount":10,"preTick":1864,"postTick":1864,"serverTick":1854,"ackSeq":472,"simTick":2151},"timestamp":1782243042924}
{"sessionId":"3f83e2","runId":"post-fix7","hypothesisId":"H1","location":"Starship.NetworkMotor:ReconcileOwnerFromServer","message":"owner_reconcile","data":{"preSnapErr":0.0000,"replayCount":10,"preTick":1865,"postTick":1865,"serverTick":1855,"ackSeq":473,"simTick":2152},"timestamp":1782243042947}
{"sessionId":"3f83e2","runId":"post-fix7","hypothesisId":"H1","location":"Starship.NetworkMotor:ReconcileOwnerFromServer","message":"owner_reconcile","data":{"preSnapErr":0.0000,"replayCount":11,"preTick":1868,"postTick":1868,"serverTick":1857,"ackSeq":475,"simTick":2155},"timestamp":1782243042996}
{"sessionId":"3f83e2","runId":"post-fix7","hypothesisId":"H1","location":"Starship.NetworkMotor:ReconcileOwnerFromServer","message":"owner_reconcile","data":{"preSnapErr":0.0000,"replayCount":10,"preTick":1869,"postTick":1869,"serverTick":1859,"ackSeq":477,"simTick":2156},"timestamp":1782243043020}
{"sessionId":"3f83e2","runId":"post-fix7","hypothesisId":"H1","location":"Starship.NetworkMotor:ReconcileOwnerFromServer","message":"owner_reconcile","data":{"preSnapErr":0.0000,"replayCount":10,"preTick":1870,"postTick":1870,"serverTick":1860,"ackSeq":478,"simTick":2157},"timestamp":1782243043045}
{"sessionId":"3f83e2","runId":"post-fix7","hypothesisId":"H5","location":"Starship.NetworkMotor:ApplyOwnerPredictedMotorVisuals","message":"owner_display","data":{"alpha":0.908,"renderSpan":0.0000,"frameDelta":0.0000,"speed":F3},"timestamp":1782243043074}
{"sessionId":"3f83e2","runId":"post-fix7","hypothesisId":"H1","location":"Starship.NetworkMotor:ReconcileOwnerFromServer","message":"owner_reconcile","data":{"preSnapErr":0.0000,"replayCount":10,"preTick":1872,"postTick":1872,"serverTick":1862,"ackSeq":480,"simTick":2160},"timestamp":1782243043092}
{"sessionId":"3f83e2","runId":"post-fix7","hypothesisId":"H1","location":"Starship.NetworkMotor:ReconcileOwnerFromServer","message":"owner_reconcile","data":{"preSnapErr":0.0000,"replayCount":10,"preTick":1874,"postTick":1874,"serverTick":1864,"ackSeq":482,"simTick":2162},"timestamp":1782243043121}
{"sessionId":"3f83e2","runId":"post-fix7","hypothesisId":"H1","location":"Starship.NetworkMotor:ReconcileOwnerFromServer","message":"owner_reconcile","data":{"preSnapErr":0.0000,"replayCount":10,"preTick":1875,"postTick":1875,"serverTick":1865,"ackSeq":483,"simTick":2163},"timestamp":1782243043146}
{"sessionId":"3f83e2","runId":"post-fix7","hypothesisId":"H1","location":"Starship.NetworkMotor:ReconcileOwnerFromServer","message":"owner_reconcile","data":{"preSnapErr":0.0000,"replayCount":9,"preTick":1876,"postTick":1876,"serverTick":1867,"ackSeq":485,"simTick":2164},"timestamp":1782243043174}
{"sessionId":"3f83e2","runId":"post-fix7","hypothesisId":"H1","location":"Starship.NetworkMotor:ReconcileOwnerFromServer","message":"owner_reconcile","data":{"preSnapErr":0.0000,"replayCount":11,"preTick":1880,"postTick":1880,"serverTick":1869,"ackSeq":487,"simTick":2168},"timestamp":1782243043232}
{"sessionId":"3f83e2","runId":"post-fix7","hypothesisId":"H1","location":"Starship.NetworkMotor:ReconcileOwnerFromServer","message":"owner_reconcile","data":{"preSnapErr":0.0000,"replayCount":11,"preTick":1881,"postTick":1881,"serverTick":1870,"ackSeq":488,"simTick":2169},"timestamp":1782243043256}
{"sessionId":"3f83e2","runId":"post-fix7","hypothesisId":"H2","location":"Starship.NetworkMotor:ClientPredictMotorFixedStep","message":"owner_predict","data":{"tick":1882,"simTick":2169,"serverClock":2172,"tickLead":-287,"speed":0.000,"thrust":0},"timestamp":1782243043257}
{"sessionId":"3f83e2","runId":"post-fix7","hypothesisId":"H1","location":"Starship.NetworkMotor:ReconcileOwnerFromServer","message":"owner_reconcile","data":{"preSnapErr":0.0000,"replayCount":10,"preTick":1882,"postTick":1882,"serverTick":1872,"ackSeq":490,"simTick":2170},"timestamp":1782243043282}
{"sessionId":"3f83e2","runId":"post-fix7","hypothesisId":"H1","location":"Starship.NetworkMotor:ReconcileOwnerFromServer","message":"owner_reconcile","data":{"preSnapErr":0.0000,"replayCount":10,"preTick":1884,"postTick":1884,"serverTick":1874,"ackSeq":492,"simTick":2172},"timestamp":1782243043329}
{"sessionId":"3f83e2","runId":"post-fix7","hypothesisId":"H1","location":"Starship.NetworkMotor:ReconcileOwnerFromServer","message":"owner_reconcile","data":{"preSnapErr":0.0000,"replayCount":11,"preTick":1886,"postTick":1886,"serverTick":1875,"ackSeq":493,"simTick":2174},"timestamp":1782243043356}
{"sessionId":"3f83e2","runId":"post-fix7","hypothesisId":"H1","location":"Starship.NetworkMotor:ReconcileOwnerFromServer","message":"owner_reconcile","data":{"preSnapErr":0.0000,"replayCount":10,"preTick":1887,"postTick":1887,"serverTick":1877,"ackSeq":495,"simTick":2175},"timestamp":1782243043380}
{"sessionId":"3f83e2","runId":"post-fix7","hypothesisId":"H5","location":"Starship.NetworkMotor:ApplyOwnerPredictedMotorVisuals","message":"owner_display","data":{"alpha":0.636,"renderSpan":0.0000,"frameDelta":0.0000,"speed":F3},"timestamp":1782243043389}
{"sessionId":"3f83e2","runId":"post-fix7","hypothesisId":"H1","location":"Starship.NetworkMotor:ReconcileOwnerFromServer","message":"owner_reconcile","data":{"preSnapErr":0.0000,"replayCount":11,"preTick":1890,"postTick":1890,"serverTick":1879,"ackSeq":497,"simTick":2178},"timestamp":1782243043433}
{"sessionId":"3f83e2","runId":"post-fix7","hypothesisId":"H1","location":"Starship.NetworkMotor:ReconcileOwnerFromServer","message":"owner_reconcile","data":{"preSnapErr":0.0000,"replayCount":11,"preTick":1891,"postTick":1891,"serverTick":1880,"ackSeq":498,"simTick":2179},"timestamp":1782243043458}
{"sessionId":"3f83e2","runId":"post-fix7","hypothesisId":"H1","location":"Starship.NetworkMotor:ReconcileOwnerFromServer","message":"owner_reconcile","data":{"preSnapErr":0.0000,"replayCount":10,"preTick":1892,"postTick":1892,"serverTick":1882,"ackSeq":500,"simTick":2180},"timestamp":1782243043482}
{"sessionId":"3f83e2","runId":"post-fix7","hypothesisId":"H1","location":"Starship.NetworkMotor:ReconcileOwnerFromServer","message":"owner_reconcile","data":{"preSnapErr":0.0000,"replayCount":10,"preTick":1894,"postTick":1894,"serverTick":1884,"ackSeq":502,"simTick":2182},"timestamp":1782243043531}
{"sessionId":"3f83e2","runId":"post-fix7","hypothesisId":"H1","location":"Starship.NetworkMotor:ReconcileOwnerFromServer","message":"owner_reconcile","data":{"preSnapErr":0.0000,"replayCount":10,"preTick":1896,"postTick":1896,"serverTick":1886,"ackSeq":504,"simTick":2184},"timestamp":1782243043562}
{"sessionId":"3f83e2","runId":"post-fix7","hypothesisId":"H1","location":"Starship.NetworkMotor:ReconcileOwnerFromServer","message":"owner_reconcile","data":{"preSnapErr":0.0000,"replayCount":10,"preTick":1897,"postTick":1897,"serverTick":1887,"ackSeq":505,"simTick":2185},"timestamp":1782243043589}
{"sessionId":"3f83e2","runId":"post-fix7","hypothesisId":"H1","location":"Starship.NetworkMotor:ReconcileOwnerFromServer","message":"owner_reconcile","data":{"preSnapErr":0.0000,"replayCount":10,"preTick":1899,"postTick":1899,"serverTick":1889,"ackSeq":507,"simTick":2187},"timestamp":1782243043627}
{"sessionId":"3f83e2","runId":"post-fix7","hypothesisId":"H1","location":"Starship.NetworkMotor:ReconcileOwnerFromServer","message":"owner_reconcile","data":{"preSnapErr":0.0000,"replayCount":10,"preTick":1901,"postTick":1901,"serverTick":1891,"ackSeq":509,"simTick":2189},"timestamp":1782243043659}
{"sessionId":"3f83e2","runId":"post-fix7","hypothesisId":"H1","location":"Starship.NetworkMotor:ReconcileOwnerFromServer","message":"owner_reconcile","data":{"preSnapErr":0.0000,"replayCount":11,"preTick":1904,"postTick":1904,"serverTick":1893,"ackSeq":511,"simTick":2192},"timestamp":1782243043720}
{"sessionId":"3f83e2","runId":"post-fix7","hypothesisId":"H5","location":"Starship.NetworkMotor:ApplyOwnerPredictedMotorVisuals","message":"owner_display","data":{"alpha":0.610,"renderSpan":0.0000,"frameDelta":0.0000,"speed":F3},"timestamp":1782243043731}
{"sessionId":"3f83e2","runId":"post-fix7","hypothesisId":"H1","location":"Starship.NetworkMotor:ReconcileOwnerFromServer","message":"owner_reconcile","data":{"preSnapErr":0.0000,"replayCount":10,"preTick":1905,"postTick":1905,"serverTick":1895,"ackSeq":513,"simTick":2193},"timestamp":1782243043750}
{"sessionId":"3f83e2","runId":"post-fix7","hypothesisId":"H2","location":"Starship.NetworkMotor:ClientPredictMotorFixedStep","message":"owner_predict","data":{"tick":1907,"simTick":2194,"serverClock":2197,"tickLead":-287,"speed":0.000,"thrust":0},"timestamp":1782243043755}
{"sessionId":"3f83e2","runId":"post-fix7","hypothesisId":"H1","location":"Starship.NetworkMotor:ReconcileOwnerFromServer","message":"owner_reconcile","data":{"preSnapErr":0.0000,"replayCount":11,"preTick":1907,"postTick":1907,"serverTick":1896,"ackSeq":514,"simTick":2195},"timestamp":1782243043783}
{"sessionId":"3f83e2","runId":"post-fix7","hypothesisId":"H1","location":"Starship.NetworkMotor:ReconcileOwnerFromServer","message":"owner_reconcile","data":{"preSnapErr":0.0000,"replayCount":10,"preTick":1908,"postTick":1908,"serverTick":1898,"ackSeq":516,"simTick":2196},"timestamp":1782243043814}
{"sessionId":"3f83e2","runId":"post-fix7","hypothesisId":"H1","location":"Starship.NetworkMotor:ReconcileOwnerFromServer","message":"owner_reconcile","data":{"preSnapErr":0.0000,"replayCount":10,"preTick":1910,"postTick":1910,"serverTick":1900,"ackSeq":518,"simTick":2197},"timestamp":1782243043853}
{"sessionId":"3f83e2","runId":"post-fix7","hypothesisId":"H1","location":"Starship.NetworkMotor:ReconcileOwnerFromServer","message":"owner_reconcile","data":{"preSnapErr":0.0000,"replayCount":11,"preTick":1912,"postTick":1912,"serverTick":1901,"ackSeq":519,"simTick":2199},"timestamp":1782243043890}
{"sessionId":"3f83e2","runId":"post-fix7","hypothesisId":"H1","location":"Starship.NetworkMotor:ReconcileOwnerFromServer","message":"owner_reconcile","data":{"preSnapErr":0.0000,"replayCount":11,"preTick":1914,"postTick":1914,"serverTick":1903,"ackSeq":521,"simTick":2201},"timestamp":1782243043925}
{"sessionId":"3f83e2","runId":"post-fix7","hypothesisId":"H1","location":"Starship.NetworkMotor:ReconcileOwnerFromServer","message":"owner_reconcile","data":{"preSnapErr":0.0000,"replayCount":10,"preTick":1915,"postTick":1915,"serverTick":1905,"ackSeq":523,"simTick":2202},"timestamp":1782243043955}
{"sessionId":"3f83e2","runId":"post-fix7","hypothesisId":"H1","location":"Starship.NetworkMotor:ReconcileOwnerFromServer","message":"owner_reconcile","data":{"preSnapErr":0.0000,"replayCount":10,"preTick":1917,"postTick":1917,"serverTick":1907,"ackSeq":525,"simTick":2204},"timestamp":1782243043989}
{"sessionId":"3f83e2","runId":"post-fix7","hypothesisId":"H1","location":"Starship.NetworkMotor:ReconcileOwnerFromServer","message":"owner_reconcile","data":{"preSnapErr":0.0000,"replayCount":11,"preTick":1919,"postTick":1919,"serverTick":1908,"ackSeq":526,"simTick":2206},"timestamp":1782243044023}
{"sessionId":"3f83e2","runId":"post-fix7","hypothesisId":"H1","location":"Starship.NetworkMotor:ReconcileOwnerFromServer","message":"owner_reconcile","data":{"preSnapErr":0.0000,"replayCount":10,"preTick":1920,"postTick":1920,"serverTick":1910,"ackSeq":528,"simTick":2207},"timestamp":1782243044056}
{"sessionId":"3f83e2","runId":"post-fix7","hypothesisId":"H1","location":"Starship.NetworkMotor:ReconcileOwnerFromServer","message":"owner_reconcile","data":{"preSnapErr":0.0000,"replayCount":10,"preTick":1922,"postTick":1922,"serverTick":1912,"ackSeq":530,"simTick":2209},"timestamp":1782243044088}
{"sessionId":"3f83e2","runId":"post-fix7","hypothesisId":"H1","location":"Starship.NetworkMotor:ReconcileOwnerFromServer","message":"owner_reconcile","data":{"preSnapErr":0.0000,"replayCount":11,"preTick":1924,"postTick":1924,"serverTick":1913,"ackSeq":531,"simTick":2211},"timestamp":1782243044117}
{"sessionId":"3f83e2","runId":"post-fix7","hypothesisId":"H5","location":"Starship.NetworkMotor:ApplyOwnerPredictedMotorVisuals","message":"owner_display","data":{"alpha":0.509,"renderSpan":0.0000,"frameDelta":0.0000,"speed":F3},"timestamp":1782243044126}
{"sessionId":"3f83e2","runId":"post-fix7","hypothesisId":"H1","location":"Starship.NetworkMotor:ReconcileOwnerFromServer","message":"owner_reconcile","data":{"preSnapErr":0.0000,"replayCount":11,"preTick":1926,"postTick":1926,"serverTick":1915,"ackSeq":533,"simTick":2213},"timestamp":1782243044163}
{"sessionId":"3f83e2","runId":"post-fix7","hypothesisId":"H1","location":"Starship.NetworkMotor:ReconcileOwnerFromServer","message":"owner_reconcile","data":{"preSnapErr":0.0000,"replayCount":10,"preTick":1927,"postTick":1927,"serverTick":1917,"ackSeq":535,"simTick":2215},"timestamp":1782243044189}
{"sessionId":"3f83e2","runId":"post-fix7","hypothesisId":"H1","location":"Starship.NetworkMotor:ReconcileOwnerFromServer","message":"owner_reconcile","data":{"preSnapErr":0.0000,"replayCount":11,"preTick":1929,"postTick":1929,"serverTick":1918,"ackSeq":536,"simTick":2217},"timestamp":1782243044217}
{"sessionId":"3f83e2","runId":"post-fix7","hypothesisId":"H1","location":"Starship.NetworkMotor:ReconcileOwnerFromServer","message":"owner_reconcile","data":{"preSnapErr":0.0000,"replayCount":10,"preTick":1930,"postTick":1930,"serverTick":1920,"ackSeq":538,"simTick":2218},"timestamp":1782243044241}
{"sessionId":"3f83e2","runId":"post-fix7","hypothesisId":"H2","location":"Starship.NetworkMotor:ClientPredictMotorFixedStep","message":"owner_predict","data":{"tick":1932,"simTick":2219,"serverClock":2222,"tickLead":-287,"speed":0.000,"thrust":0},"timestamp":1782243044269}
{"sessionId":"3f83e2","runId":"post-fix7","hypothesisId":"H1","location":"Starship.NetworkMotor:ReconcileOwnerFromServer","message":"owner_reconcile","data":{"preSnapErr":0.0000,"replayCount":11,"preTick":1933,"postTick":1933,"serverTick":1922,"ackSeq":540,"simTick":2221},"timestamp":1782243044293}
{"sessionId":"3f83e2","runId":"post-fix7","hypothesisId":"H1","location":"Starship.NetworkMotor:ReconcileOwnerFromServer","message":"owner_reconcile","data":{"preSnapErr":0.0000,"replayCount":11,"preTick":1934,"postTick":1934,"serverTick":1923,"ackSeq":541,"simTick":2222},"timestamp":1782243044318}
{"sessionId":"3f83e2","runId":"post-fix7","hypothesisId":"H1","location":"Starship.NetworkMotor:ReconcileOwnerFromServer","message":"owner_reconcile","data":{"preSnapErr":0.0000,"replayCount":10,"preTick":1935,"postTick":1935,"serverTick":1925,"ackSeq":543,"simTick":2223},"timestamp":1782243044347}
{"sessionId":"3f83e2","runId":"post-fix7","hypothesisId":"H1","location":"Starship.NetworkMotor:ReconcileOwnerFromServer","message":"owner_reconcile","data":{"preSnapErr":0.0000,"replayCount":11,"preTick":1938,"postTick":1938,"serverTick":1927,"ackSeq":545,"simTick":2226},"timestamp":1782243044398}
{"sessionId":"3f83e2","runId":"post-fix7","hypothesisId":"H1","location":"Starship.NetworkMotor:ReconcileOwnerFromServer","message":"owner_reconcile","data":{"preSnapErr":0.0000,"replayCount":11,"preTick":1939,"postTick":1939,"serverTick":1928,"ackSeq":546,"simTick":2227},"timestamp":1782243044425}
{"sessionId":"3f83e2","runId":"post-fix7","hypothesisId":"H5","location":"Starship.NetworkMotor:ApplyOwnerPredictedMotorVisuals","message":"owner_display","data":{"alpha":0.864,"renderSpan":0.0000,"frameDelta":0.0000,"speed":F3},"timestamp":1782243044435}
{"sessionId":"3f83e2","runId":"post-fix7","hypothesisId":"H1","location":"Starship.NetworkMotor:ReconcileOwnerFromServer","message":"owner_reconcile","data":{"preSnapErr":0.0000,"replayCount":10,"preTick":1940,"postTick":1940,"serverTick":1930,"ackSeq":548,"simTick":2228},"timestamp":1782243044450}
{"sessionId":"3f83e2","runId":"post-fix7","hypothesisId":"H1","location":"Starship.NetworkMotor:ReconcileOwnerFromServer","message":"owner_reconcile","data":{"preSnapErr":0.0000,"replayCount":10,"preTick":1942,"postTick":1942,"serverTick":1932,"ackSeq":550,"simTick":2230},"timestamp":1782243044480}
{"sessionId":"3f83e2","runId":"post-fix7","hypothesisId":"H1","location":"Starship.NetworkMotor:ReconcileOwnerFromServer","message":"owner_reconcile","data":{"preSnapErr":0.0000,"replayCount":10,"preTick":1943,"postTick":1943,"serverTick":1933,"ackSeq":551,"simTick":2231},"timestamp":1782243044507}
{"sessionId":"3f83e2","runId":"post-fix7","hypothesisId":"H1","location":"Starship.NetworkMotor:ReconcileOwnerFromServer","message":"owner_reconcile","data":{"preSnapErr":0.0000,"replayCount":11,"preTick":1946,"postTick":1946,"serverTick":1935,"ackSeq":553,"simTick":2234},"timestamp":1782243044558}
{"sessionId":"3f83e2","runId":"post-fix7","hypothesisId":"H1","location":"Starship.NetworkMotor:ReconcileOwnerFromServer","message":"owner_reconcile","data":{"preSnapErr":0.0000,"replayCount":10,"preTick":1947,"postTick":1947,"serverTick":1937,"ackSeq":555,"simTick":2235},"timestamp":1782243044578}
{"sessionId":"3f83e2","runId":"post-fix7","hypothesisId":"H1","location":"Starship.NetworkMotor:ReconcileOwnerFromServer","message":"owner_reconcile","data":{"preSnapErr":0.0000,"replayCount":10,"preTick":1948,"postTick":1948,"serverTick":1938,"ackSeq":556,"simTick":2236},"timestamp":1782243044601}
{"sessionId":"3f83e2","runId":"post-fix7","hypothesisId":"H1","location":"Starship.NetworkMotor:ReconcileOwnerFromServer","message":"owner_reconcile","data":{"preSnapErr":0.0000,"replayCount":10,"preTick":1950,"postTick":1950,"serverTick":1940,"ackSeq":558,"simTick":2238},"timestamp":1782243044645}
{"sessionId":"3f83e2","runId":"post-fix7","hypothesisId":"H1","location":"Starship.NetworkMotor:ReconcileOwnerFromServer","message":"owner_reconcile","data":{"preSnapErr":0.0000,"replayCount":10,"preTick":1953,"postTick":1953,"serverTick":1943,"ackSeq":561,"simTick":2241},"timestamp":1782243044699}
{"sessionId":"3f83e2","runId":"post-fix7","hypothesisId":"H5","location":"Starship.NetworkMotor:ApplyOwnerPredictedMotorVisuals","message":"owner_display","data":{"alpha":0.850,"renderSpan":0.0000,"frameDelta":0.0000,"speed":F3},"timestamp":1782243044732}
{"sessionId":"3f83e2","runId":"post-fix7","hypothesisId":"H1","location":"Starship.NetworkMotor:ReconcileOwnerFromServer","message":"owner_reconcile","data":{"preSnapErr":0.0000,"replayCount":10,"preTick":1955,"postTick":1955,"serverTick":1945,"ackSeq":563,"simTick":2243},"timestamp":1782243044748}
{"sessionId":"3f83e2","runId":"post-fix7","hypothesisId":"H2","location":"Starship.NetworkMotor:ClientPredictMotorFixedStep","message":"owner_predict","data":{"tick":1957,"simTick":2244,"serverClock":2247,"tickLead":-287,"speed":0.000,"thrust":0},"timestamp":1782243044752}
{"sessionId":"3f83e2","runId":"post-fix7","hypothesisId":"H1","location":"Starship.NetworkMotor:ReconcileOwnerFromServer","message":"owner_reconcile","data":{"preSnapErr":0.0000,"replayCount":10,"preTick":1958,"postTick":1958,"serverTick":1948,"ackSeq":566,"simTick":2246},"timestamp":1782243044809}
{"sessionId":"3f83e2","runId":"post-fix7","hypothesisId":"H1","location":"Starship.NetworkMotor:ReconcileOwnerFromServer","message":"owner_reconcile","data":{"preSnapErr":0.0000,"replayCount":11,"preTick":1961,"postTick":1961,"serverTick":1950,"ackSeq":568,"simTick":2249},"timestamp":1782243044847}
{"sessionId":"3f83e2","runId":"post-fix7","hypothesisId":"H1","location":"Starship.NetworkMotor:ReconcileOwnerFromServer","message":"owner_reconcile","data":{"preSnapErr":0.0000,"replayCount":10,"preTick":1962,"postTick":1962,"serverTick":1952,"ackSeq":570,"simTick":2250},"timestamp":1782243044882}
{"sessionId":"3f83e2","runId":"post-fix7","hypothesisId":"H1","location":"Starship.NetworkMotor:ReconcileOwnerFromServer","message":"owner_reconcile","data":{"preSnapErr":0.0000,"replayCount":10,"preTick":1963,"postTick":1963,"serverTick":1953,"ackSeq":571,"simTick":2251},"timestamp":1782243044904}
{"sessionId":"3f83e2","runId":"post-fix7","hypothesisId":"H1","location":"Starship.NetworkMotor:ReconcileOwnerFromServer","message":"owner_reconcile","data":{"preSnapErr":0.0000,"replayCount":10,"preTick":1965,"postTick":1965,"serverTick":1955,"ackSeq":573,"simTick":2253},"timestamp":1782243044940}
{"sessionId":"3f83e2","runId":"post-fix7","hypothesisId":"H5","location":"Starship.NetworkMotor:ApplyOwnerPredictedMotorVisuals","message":"owner_display","data":{"alpha":0.721,"renderSpan":0.0000,"frameDelta":0.0000,"speed":F3},"timestamp":1782243044970}
{"sessionId":"3f83e2","runId":"post-fix7","hypothesisId":"H1","location":"Starship.NetworkMotor:ReconcileOwnerFromServer","message":"owner_reconcile","data":{"preSnapErr":0.0000,"replayCount":10,"preTick":1967,"postTick":1967,"serverTick":1957,"ackSeq":575,"simTick":2255},"timestamp":1782243044987}
{"sessionId":"3f83e2","runId":"post-fix7","hypothesisId":"H1","location":"Starship.NetworkMotor:ReconcileOwnerFromServer","message":"owner_reconcile","data":{"preSnapErr":0.0000,"replayCount":10,"preTick":1968,"postTick":1968,"serverTick":1958,"ackSeq":576,"simTick":2256},"timestamp":1782243045014}
{"sessionId":"3f83e2","runId":"post-fix7","hypothesisId":"H1","location":"Starship.NetworkMotor:ReconcileOwnerFromServer","message":"owner_reconcile","data":{"preSnapErr":0.0000,"replayCount":10,"preTick":1970,"postTick":1970,"serverTick":1960,"ackSeq":578,"simTick":2258},"timestamp":1782243045044}
{"sessionId":"3f83e2","runId":"post-fix7","hypothesisId":"H1","location":"Starship.NetworkMotor:ReconcileOwnerFromServer","message":"owner_reconcile","data":{"preSnapErr":0.0000,"replayCount":11,"preTick":1973,"postTick":1973,"serverTick":1962,"ackSeq":580,"simTick":2261},"timestamp":1782243045095}
{"sessionId":"3f83e2","runId":"post-fix7","hypothesisId":"H1","location":"Starship.NetworkMotor:ReconcileOwnerFromServer","message":"owner_reconcile","data":{"preSnapErr":0.0000,"replayCount":10,"preTick":1974,"postTick":1974,"serverTick":1964,"ackSeq":582,"simTick":2262},"timestamp":1782243045124}
{"sessionId":"3f83e2","runId":"post-fix7","hypothesisId":"H1","location":"Starship.NetworkMotor:ReconcileOwnerFromServer","message":"owner_reconcile","data":{"preSnapErr":0.0000,"replayCount":10,"preTick":1975,"postTick":1975,"serverTick":1965,"ackSeq":583,"simTick":2263},"timestamp":1782243045149}
{"sessionId":"3f83e2","runId":"post-fix7","hypothesisId":"H1","location":"Starship.NetworkMotor:ReconcileOwnerFromServer","message":"owner_reconcile","data":{"preSnapErr":0.0000,"replayCount":10,"preTick":1977,"postTick":1977,"serverTick":1967,"ackSeq":585,"simTick":2265},"timestamp":1782243045176}
{"sessionId":"3f83e2","runId":"post-fix7","hypothesisId":"H1","location":"Starship.NetworkMotor:ReconcileOwnerFromServer","message":"owner_reconcile","data":{"preSnapErr":0.0000,"replayCount":10,"preTick":1979,"postTick":1979,"serverTick":1969,"ackSeq":587,"simTick":2267},"timestamp":1782243045226}
{"sessionId":"3f83e2","runId":"post-fix7","hypothesisId":"H1","location":"Starship.NetworkMotor:ReconcileOwnerFromServer","message":"owner_reconcile","data":{"preSnapErr":0.0000,"replayCount":10,"preTick":1980,"postTick":1980,"serverTick":1970,"ackSeq":588,"simTick":2268},"timestamp":1782243045250}
{"sessionId":"3f83e2","runId":"post-fix7","hypothesisId":"H2","location":"Starship.NetworkMotor:ClientPredictMotorFixedStep","message":"owner_predict","data":{"tick":1982,"simTick":2269,"serverClock":2272,"tickLead":-287,"speed":0.000,"thrust":0},"timestamp":1782243045254}
{"sessionId":"3f83e2","runId":"post-fix7","hypothesisId":"H1","location":"Starship.NetworkMotor:ReconcileOwnerFromServer","message":"owner_reconcile","data":{"preSnapErr":0.0000,"replayCount":10,"preTick":1982,"postTick":1982,"serverTick":1972,"ackSeq":590,"simTick":2270},"timestamp":1782243045277}
{"sessionId":"3f83e2","runId":"post-fix7","hypothesisId":"H5","location":"Starship.NetworkMotor:ApplyOwnerPredictedMotorVisuals","message":"owner_display","data":{"alpha":0.551,"renderSpan":0.0000,"frameDelta":0.0000,"speed":F3},"timestamp":1782243045288}
{"sessionId":"3f83e2","runId":"post-fix7","hypothesisId":"H1","location":"Starship.NetworkMotor:ReconcileOwnerFromServer","message":"owner_reconcile","data":{"preSnapErr":0.0000,"replayCount":10,"preTick":1984,"postTick":1984,"serverTick":1974,"ackSeq":592,"simTick":2272},"timestamp":1782243045330}
{"sessionId":"3f83e2","runId":"post-fix7","hypothesisId":"H1","location":"Starship.NetworkMotor:ReconcileOwnerFromServer","message":"owner_reconcile","data":{"preSnapErr":0.0000,"replayCount":11,"preTick":1986,"postTick":1986,"serverTick":1975,"ackSeq":593,"simTick":2274},"timestamp":1782243045359}
{"sessionId":"3f83e2","runId":"post-fix7","hypothesisId":"H1","location":"Starship.NetworkMotor:ReconcileOwnerFromServer","message":"owner_reconcile","data":{"preSnapErr":0.0000,"replayCount":10,"preTick":1987,"postTick":1987,"serverTick":1977,"ackSeq":595,"simTick":2275},"timestamp":1782243045383}
{"sessionId":"3f83e2","runId":"post-fix7","hypothesisId":"H1","location":"Starship.NetworkMotor:ReconcileOwnerFromServer","message":"owner_reconcile","data":{"preSnapErr":0.0000,"replayCount":9,"preTick":1988,"postTick":1988,"serverTick":1979,"ackSeq":597,"simTick":2276},"timestamp":1782243045409}
{"sessionId":"3f83e2","runId":"post-fix7","hypothesisId":"H1","location":"Starship.NetworkMotor:ReconcileOwnerFromServer","message":"owner_reconcile","data":{"preSnapErr":0.0000,"replayCount":11,"preTick":1991,"postTick":1991,"serverTick":1980,"ackSeq":598,"simTick":2279},"timestamp":1782243045461}
{"sessionId":"3f83e2","runId":"post-fix7","hypothesisId":"H1","location":"Starship.NetworkMotor:ReconcileOwnerFromServer","message":"owner_reconcile","data":{"preSnapErr":0.0000,"replayCount":10,"preTick":1992,"postTick":1992,"serverTick":1982,"ackSeq":600,"simTick":2280},"timestamp":1782243045485}
{"sessionId":"3f83e2","runId":"post-fix7","hypothesisId":"H1","location":"Starship.NetworkMotor:ReconcileOwnerFromServer","message":"owner_reconcile","data":{"preSnapErr":0.0000,"replayCount":9,"preTick":1993,"postTick":1993,"serverTick":1984,"ackSeq":602,"simTick":2281},"timestamp":1782243045509}
{"sessionId":"3f83e2","runId":"post-fix7","hypothesisId":"H1","location":"Starship.NetworkMotor:ReconcileOwnerFromServer","message":"owner_reconcile","data":{"preSnapErr":0.0000,"replayCount":10,"preTick":1995,"postTick":1995,"serverTick":1985,"ackSeq":603,"simTick":2283},"timestamp":1782243045541}
{"sessionId":"3f83e2","runId":"post-fix7","hypothesisId":"H1","location":"Starship.NetworkMotor:ReconcileOwnerFromServer","message":"owner_reconcile","data":{"preSnapErr":0.0000,"replayCount":10,"preTick":1997,"postTick":1997,"serverTick":1987,"ackSeq":605,"simTick":2285},"timestamp":1782243045587}
{"sessionId":"3f83e2","runId":"post-fix7","hypothesisId":"H5","location":"Starship.NetworkMotor:ApplyOwnerPredictedMotorVisuals","message":"owner_display","data":{"alpha":0.032,"renderSpan":0.0000,"frameDelta":0.0000,"speed":F3},"timestamp":1782243045599}
{"sessionId":"3f83e2","runId":"post-fix7","hypothesisId":"H1","location":"Starship.NetworkMotor:ReconcileOwnerFromServer","message":"owner_reconcile","data":{"preSnapErr":0.0000,"replayCount":10,"preTick":1999,"postTick":1999,"serverTick":1989,"ackSeq":607,"simTick":2287},"timestamp":1782243045615}
{"sessionId":"3f83e2","runId":"post-fix7","hypothesisId":"H1","location":"Starship.NetworkMotor:ReconcileOwnerFromServer","message":"owner_reconcile","data":{"preSnapErr":0.0000,"replayCount":10,"preTick":2000,"postTick":2000,"serverTick":1990,"ackSeq":608,"simTick":2288},"timestamp":1782243045640}
{"sessionId":"3f83e2","runId":"post-fix7","hypothesisId":"H1","location":"Starship.NetworkMotor:ReconcileOwnerFromServer","message":"owner_reconcile","data":{"preSnapErr":0.0000,"replayCount":10,"preTick":2002,"postTick":2002,"serverTick":1992,"ackSeq":610,"simTick":2290},"timestamp":1782243045686}
{"sessionId":"3f83e2","runId":"post-fix7","hypothesisId":"H1","location":"Starship.NetworkMotor:ReconcileOwnerFromServer","message":"owner_reconcile","data":{"preSnapErr":0.0000,"replayCount":9,"preTick":2003,"postTick":2003,"serverTick":1994,"ackSeq":612,"simTick":2291},"timestamp":1782243045710}
{"sessionId":"3f83e2","runId":"post-fix7","hypothesisId":"H1","location":"Starship.NetworkMotor:ReconcileOwnerFromServer","message":"owner_reconcile","data":{"preSnapErr":0.0000,"replayCount":11,"preTick":2006,"postTick":2006,"serverTick":1995,"ackSeq":613,"simTick":2294},"timestamp":1782243045759}
{"sessionId":"3f83e2","runId":"post-fix7","hypothesisId":"H2","location":"Starship.NetworkMotor:ClientPredictMotorFixedStep","message":"owner_predict","data":{"tick":2007,"simTick":2294,"serverClock":2297,"tickLead":-287,"speed":0.000,"thrust":0},"timestamp":1782243045760}
{"sessionId":"3f83e2","runId":"post-fix7","hypothesisId":"H1","location":"Starship.NetworkMotor:ReconcileOwnerFromServer","message":"owner_reconcile","data":{"preSnapErr":0.0000,"replayCount":10,"preTick":2007,"postTick":2007,"serverTick":1997,"ackSeq":615,"simTick":2295},"timestamp":1782243045785}
{"sessionId":"3f83e2","runId":"post-fix7","hypothesisId":"H1","location":"Starship.NetworkMotor:ReconcileOwnerFromServer","message":"owner_reconcile","data":{"preSnapErr":0.0000,"replayCount":9,"preTick":2008,"postTick":2008,"serverTick":1999,"ackSeq":617,"simTick":2296},"timestamp":1782243045813}
{"sessionId":"3f83e2","runId":"post-fix7","hypothesisId":"H1","location":"Starship.NetworkMotor:ReconcileOwnerFromServer","message":"owner_reconcile","data":{"preSnapErr":0.0000,"replayCount":10,"preTick":2010,"postTick":2010,"serverTick":2000,"ackSeq":618,"simTick":2298},"timestamp":1782243045841}
{"sessionId":"3f83e2","runId":"post-fix7","hypothesisId":"H1","location":"Starship.NetworkMotor:ReconcileOwnerFromServer","message":"owner_reconcile","data":{"preSnapErr":0.0000,"replayCount":10,"preTick":2012,"postTick":2012,"serverTick":2002,"ackSeq":620,"simTick":2300},"timestamp":1782243045889}
{"sessionId":"3f83e2","runId":"post-fix7","hypothesisId":"H5","location":"Starship.NetworkMotor:ApplyOwnerPredictedMotorVisuals","message":"owner_display","data":{"alpha":0.128,"renderSpan":0.0000,"frameDelta":0.0000,"speed":F3},"timestamp":1782243045900}
{"sessionId":"3f83e2","runId":"post-fix7","hypothesisId":"H1","location":"Starship.NetworkMotor:ReconcileOwnerFromServer","message":"owner_reconcile","data":{"preSnapErr":0.0000,"replayCount":10,"preTick":2014,"postTick":2014,"serverTick":2004,"ackSeq":622,"simTick":2302},"timestamp":1782243045915}
{"sessionId":"3f83e2","runId":"post-fix7","hypothesisId":"H1","location":"Starship.NetworkMotor:ReconcileOwnerFromServer","message":"owner_reconcile","data":{"preSnapErr":0.0000,"replayCount":10,"preTick":2015,"postTick":2015,"serverTick":2005,"ackSeq":623,"simTick":2303},"timestamp":1782243045943}
{"sessionId":"3f83e2","runId":"post-fix7","hypothesisId":"H1","location":"Starship.NetworkMotor:ReconcileOwnerFromServer","message":"owner_reconcile","data":{"preSnapErr":0.0000,"replayCount":11,"preTick":2018,"postTick":2018,"serverTick":2007,"ackSeq":625,"simTick":2306},"timestamp":1782243045995}
{"sessionId":"3f83e2","runId":"post-fix7","hypothesisId":"H1","location":"Starship.NetworkMotor:ReconcileOwnerFromServer","message":"owner_reconcile","data":{"preSnapErr":0.0000,"replayCount":10,"preTick":2019,"postTick":2019,"serverTick":2009,"ackSeq":627,"simTick":2307},"timestamp":1782243046020}
{"sessionId":"3f83e2","runId":"post-fix7","hypothesisId":"H1","location":"Starship.NetworkMotor:ReconcileOwnerFromServer","message":"owner_reconcile","data":{"preSnapErr":0.0000,"replayCount":10,"preTick":2020,"postTick":2020,"serverTick":2010,"ackSeq":628,"simTick":2308},"timestamp":1782243046045}
{"sessionId":"3f83e2","runId":"post-fix7","hypothesisId":"H1","location":"Starship.NetworkMotor:ReconcileOwnerFromServer","message":"owner_reconcile","data":{"preSnapErr":0.0000,"replayCount":11,"preTick":2023,"postTick":2023,"serverTick":2012,"ackSeq":630,"simTick":2311},"timestamp":1782243046093}
{"sessionId":"3f83e2","runId":"post-fix7","hypothesisId":"H1","location":"Starship.NetworkMotor:ReconcileOwnerFromServer","message":"owner_reconcile","data":{"preSnapErr":0.0000,"replayCount":10,"preTick":2024,"postTick":2024,"serverTick":2014,"ackSeq":632,"simTick":2312},"timestamp":1782243046117}
{"sessionId":"3f83e2","runId":"post-fix7","hypothesisId":"H1","location":"Starship.NetworkMotor:ReconcileOwnerFromServer","message":"owner_reconcile","data":{"preSnapErr":0.0000,"replayCount":11,"preTick":2026,"postTick":2026,"serverTick":2015,"ackSeq":633,"simTick":2314},"timestamp":1782243046164}
{"sessionId":"3f83e2","runId":"post-fix7","hypothesisId":"H1","location":"Starship.NetworkMotor:ReconcileOwnerFromServer","message":"owner_reconcile","data":{"preSnapErr":0.0000,"replayCount":10,"preTick":2027,"postTick":2027,"serverTick":2017,"ackSeq":635,"simTick":2315},"timestamp":1782243046195}
{"sessionId":"3f83e2","runId":"post-fix7","hypothesisId":"H5","location":"Starship.NetworkMotor:ApplyOwnerPredictedMotorVisuals","message":"owner_display","data":{"alpha":0.409,"renderSpan":0.0000,"frameDelta":0.0000,"speed":F3},"timestamp":1782243046205}
{"sessionId":"3f83e2","runId":"post-fix7","hypothesisId":"H1","location":"Starship.NetworkMotor:ReconcileOwnerFromServer","message":"owner_reconcile","data":{"preSnapErr":0.0000,"replayCount":10,"preTick":2029,"postTick":2029,"serverTick":2019,"ackSeq":637,"simTick":2317},"timestamp":1782243046221}
{"sessionId":"3f83e2","runId":"post-fix7","hypothesisId":"H1","location":"Starship.NetworkMotor:ReconcileOwnerFromServer","message":"owner_reconcile","data":{"preSnapErr":0.0000,"replayCount":10,"preTick":2030,"postTick":2030,"serverTick":2020,"ackSeq":638,"simTick":2318},"timestamp":1782243046246}
{"sessionId":"3f83e2","runId":"post-fix7","hypothesisId":"H2","location":"Starship.NetworkMotor:ClientPredictMotorFixedStep","message":"owner_predict","data":{"tick":2032,"simTick":2319,"serverClock":2322,"tickLead":-287,"speed":0.000,"thrust":0},"timestamp":1782243046271}
{"sessionId":"3f83e2","runId":"post-fix7","hypothesisId":"H1","location":"Starship.NetworkMotor:ReconcileOwnerFromServer","message":"owner_reconcile","data":{"preSnapErr":0.0000,"replayCount":11,"preTick":2033,"postTick":2033,"serverTick":2022,"ackSeq":640,"simTick":2321},"timestamp":1782243046296}
{"sessionId":"3f83e2","runId":"post-fix7","hypothesisId":"H1","location":"Starship.NetworkMotor:ReconcileOwnerFromServer","message":"owner_reconcile","data":{"preSnapErr":0.0000,"replayCount":10,"preTick":2034,"postTick":2034,"serverTick":2024,"ackSeq":642,"simTick":2322},"timestamp":1782243046318}
{"sessionId":"3f83e2","runId":"post-fix7","hypothesisId":"H1","location":"Starship.NetworkMotor:ReconcileOwnerFromServer","message":"owner_reconcile","data":{"preSnapErr":0.0000,"replayCount":10,"preTick":2035,"postTick":2035,"serverTick":2025,"ackSeq":643,"simTick":2323},"timestamp":1782243046343}
{"sessionId":"3f83e2","runId":"post-fix7","hypothesisId":"H1","location":"Starship.NetworkMotor:ReconcileOwnerFromServer","message":"owner_reconcile","data":{"preSnapErr":0.0000,"replayCount":11,"preTick":2038,"postTick":2038,"serverTick":2027,"ackSeq":645,"simTick":2326},"timestamp":1782243046395}
{"sessionId":"3f83e2","runId":"post-fix7","hypothesisId":"H1","location":"Starship.NetworkMotor:ReconcileOwnerFromServer","message":"owner_reconcile","data":{"preSnapErr":0.0000,"replayCount":10,"preTick":2039,"postTick":2039,"serverTick":2029,"ackSeq":647,"simTick":2327},"timestamp":1782243046418}
{"sessionId":"3f83e2","runId":"post-fix7","hypothesisId":"H1","location":"Starship.NetworkMotor:ReconcileOwnerFromServer","message":"owner_reconcile","data":{"preSnapErr":0.0000,"replayCount":10,"preTick":2041,"postTick":2041,"serverTick":2031,"ackSeq":649,"simTick":2329},"timestamp":1782243046464}
{"sessionId":"3f83e2","runId":"post-fix7","hypothesisId":"H1","location":"Starship.NetworkMotor:ReconcileOwnerFromServer","message":"owner_reconcile","data":{"preSnapErr":0.0000,"replayCount":10,"preTick":2042,"postTick":2042,"serverTick":2032,"ackSeq":650,"simTick":2330},"timestamp":1782243046488}
{"sessionId":"3f83e2","runId":"post-fix7","hypothesisId":"H5","location":"Starship.NetworkMotor:ApplyOwnerPredictedMotorVisuals","message":"owner_display","data":{"alpha":0.032,"renderSpan":0.0000,"frameDelta":0.0000,"speed":F3},"timestamp":1782243046498}
{"sessionId":"3f83e2","runId":"post-fix7","hypothesisId":"H1","location":"Starship.NetworkMotor:ReconcileOwnerFromServer","message":"owner_reconcile","data":{"preSnapErr":0.0000,"replayCount":10,"preTick":2045,"postTick":2045,"serverTick":2035,"ackSeq":653,"simTick":2333},"timestamp":1782243046535}
{"sessionId":"3f83e2","runId":"post-fix7","hypothesisId":"H1","location":"Starship.NetworkMotor:ReconcileOwnerFromServer","message":"owner_reconcile","data":{"preSnapErr":0.0000,"replayCount":11,"preTick":2047,"postTick":2047,"serverTick":2036,"ackSeq":654,"simTick":2335},"timestamp":1782243046580}
{"sessionId":"3f83e2","runId":"post-fix7","hypothesisId":"H1","location":"Starship.NetworkMotor:ReconcileOwnerFromServer","message":"owner_reconcile","data":{"preSnapErr":0.0000,"replayCount":10,"preTick":2048,"postTick":2048,"serverTick":2038,"ackSeq":656,"simTick":2336},"timestamp":1782243046609}
{"sessionId":"3f83e2","runId":"post-fix7","hypothesisId":"H1","location":"Starship.NetworkMotor:ReconcileOwnerFromServer","message":"owner_reconcile","data":{"preSnapErr":0.0000,"replayCount":11,"preTick":2051,"postTick":2051,"serverTick":2040,"ackSeq":658,"simTick":2339},"timestamp":1782243046656}
{"sessionId":"3f83e2","runId":"post-fix7","hypothesisId":"H1","location":"Starship.NetworkMotor:ReconcileOwnerFromServer","message":"owner_reconcile","data":{"preSnapErr":0.0000,"replayCount":10,"preTick":2052,"postTick":2052,"serverTick":2042,"ackSeq":660,"simTick":2340},"timestamp":1782243046679}
{"sessionId":"3f83e2","runId":"post-fix7","hypothesisId":"H1","location":"Starship.NetworkMotor:ReconcileOwnerFromServer","message":"owner_reconcile","data":{"preSnapErr":0.0000,"replayCount":10,"preTick":2053,"postTick":2053,"serverTick":2043,"ackSeq":661,"simTick":2341},"timestamp":1782243046703}
{"sessionId":"3f83e2","runId":"post-fix7","hypothesisId":"H1","location":"Starship.NetworkMotor:ReconcileOwnerFromServer","message":"owner_reconcile","data":{"preSnapErr":0.0000,"replayCount":10,"preTick":2055,"postTick":2055,"serverTick":2045,"ackSeq":663,"simTick":2343},"timestamp":1782243046747}
{"sessionId":"3f83e2","runId":"post-fix7","hypothesisId":"H2","location":"Starship.NetworkMotor:ClientPredictMotorFixedStep","message":"owner_predict","data":{"tick":2057,"simTick":2344,"serverClock":2347,"tickLead":-287,"speed":0.000,"thrust":0},"timestamp":1782243046750}
{"sessionId":"3f83e2","runId":"post-fix7","hypothesisId":"H1","location":"Starship.NetworkMotor:ReconcileOwnerFromServer","message":"owner_reconcile","data":{"preSnapErr":0.0000,"replayCount":10,"preTick":2057,"postTick":2057,"serverTick":2047,"ackSeq":665,"simTick":2345},"timestamp":1782243046775}
{"sessionId":"3f83e2","runId":"post-fix7","hypothesisId":"H5","location":"Starship.NetworkMotor:ApplyOwnerPredictedMotorVisuals","message":"owner_display","data":{"alpha":0.376,"renderSpan":0.0000,"frameDelta":0.0000,"speed":F3},"timestamp":1782243046783}
{"sessionId":"3f83e2","runId":"post-fix7","hypothesisId":"H1","location":"Starship.NetworkMotor:ReconcileOwnerFromServer","message":"owner_reconcile","data":{"preSnapErr":0.0000,"replayCount":10,"preTick":2059,"postTick":2059,"serverTick":2049,"ackSeq":667,"simTick":2347},"timestamp":1782243046833}
{"sessionId":"3f83e2","runId":"post-fix7","hypothesisId":"H1","location":"Starship.NetworkMotor:ReconcileOwnerFromServer","message":"owner_reconcile","data":{"preSnapErr":0.0000,"replayCount":11,"preTick":2061,"postTick":2061,"serverTick":2050,"ackSeq":668,"simTick":2349},"timestamp":1782243046862}
{"sessionId":"3f83e2","runId":"post-fix7","hypothesisId":"H1","location":"Starship.NetworkMotor:ReconcileOwnerFromServer","message":"owner_reconcile","data":{"preSnapErr":0.0000,"replayCount":10,"preTick":2062,"postTick":2062,"serverTick":2052,"ackSeq":670,"simTick":2350},"timestamp":1782243046888}
{"sessionId":"3f83e2","runId":"post-fix7","hypothesisId":"H1","location":"Starship.NetworkMotor:ReconcileOwnerFromServer","message":"owner_reconcile","data":{"preSnapErr":0.0000,"replayCount":10,"preTick":2064,"postTick":2064,"serverTick":2054,"ackSeq":672,"simTick":2352},"timestamp":1782243046914}
{"sessionId":"3f83e2","runId":"post-fix7","hypothesisId":"H1","location":"Starship.NetworkMotor:ReconcileOwnerFromServer","message":"owner_reconcile","data":{"preSnapErr":0.0000,"replayCount":11,"preTick":2066,"postTick":2066,"serverTick":2055,"ackSeq":673,"simTick":2354},"timestamp":1782243046960}
{"sessionId":"3f83e2","runId":"post-fix7","hypothesisId":"H1","location":"Starship.NetworkMotor:ReconcileOwnerFromServer","message":"owner_reconcile","data":{"preSnapErr":0.0000,"replayCount":10,"preTick":2067,"postTick":2067,"serverTick":2057,"ackSeq":675,"simTick":2355},"timestamp":1782243046983}
{"sessionId":"3f83e2","runId":"post-fix7","hypothesisId":"H1","location":"Starship.NetworkMotor:ReconcileOwnerFromServer","message":"owner_reconcile","data":{"preSnapErr":0.0000,"replayCount":10,"preTick":2069,"postTick":2069,"serverTick":2059,"ackSeq":677,"simTick":2357},"timestamp":1782243047032}
{"sessionId":"3f83e2","runId":"post-fix7","hypothesisId":"H1","location":"Starship.NetworkMotor:ReconcileOwnerFromServer","message":"owner_reconcile","data":{"preSnapErr":0.0000,"replayCount":11,"preTick":2071,"postTick":2071,"serverTick":2060,"ackSeq":678,"simTick":2359},"timestamp":1782243047060}
{"sessionId":"3f83e2","runId":"post-fix7","hypothesisId":"H1","location":"Starship.NetworkMotor:ReconcileOwnerFromServer","message":"owner_reconcile","data":{"preSnapErr":0.0000,"replayCount":10,"preTick":2072,"postTick":2072,"serverTick":2062,"ackSeq":680,"simTick":2360},"timestamp":1782243047084}
{"sessionId":"3f83e2","runId":"post-fix7","hypothesisId":"H5","location":"Starship.NetworkMotor:ApplyOwnerPredictedMotorVisuals","message":"owner_display","data":{"alpha":0.910,"renderSpan":0.0000,"frameDelta":0.0000,"speed":F3},"timestamp":1782243047097}
{"sessionId":"3f83e2","runId":"post-fix7","hypothesisId":"H1","location":"Starship.NetworkMotor:ReconcileOwnerFromServer","message":"owner_reconcile","data":{"preSnapErr":0.0000,"replayCount":10,"preTick":2073,"postTick":2073,"serverTick":2063,"ackSeq":681,"simTick":2361},"timestamp":1782243047116}
{"sessionId":"3f83e2","runId":"post-fix7","hypothesisId":"H1","location":"Starship.NetworkMotor:ReconcileOwnerFromServer","message":"owner_reconcile","data":{"preSnapErr":0.0000,"replayCount":10,"preTick":2075,"postTick":2075,"serverTick":2065,"ackSeq":683,"simTick":2363},"timestamp":1782243047149}
{"sessionId":"3f83e2","runId":"post-fix7","hypothesisId":"H1","location":"Starship.NetworkMotor:ReconcileOwnerFromServer","message":"owner_reconcile","data":{"preSnapErr":0.0000,"replayCount":10,"preTick":2077,"postTick":2077,"serverTick":2067,"ackSeq":685,"simTick":2365},"timestamp":1782243047178}
{"sessionId":"3f83e2","runId":"post-fix7","hypothesisId":"H1","location":"Starship.NetworkMotor:ReconcileOwnerFromServer","message":"owner_reconcile","data":{"preSnapErr":0.0000,"replayCount":11,"preTick":2079,"postTick":2079,"serverTick":2068,"ackSeq":686,"simTick":2367},"timestamp":1782243047230}
{"sessionId":"3f83e2","runId":"post-fix7","hypothesisId":"H1","location":"Starship.NetworkMotor:ReconcileOwnerFromServer","message":"owner_reconcile","data":{"preSnapErr":0.0000,"replayCount":11,"preTick":2081,"postTick":2081,"serverTick":2070,"ackSeq":688,"simTick":2369},"timestamp":1782243047263}
{"sessionId":"3f83e2","runId":"post-fix7","hypothesisId":"H2","location":"Starship.NetworkMotor:ClientPredictMotorFixedStep","message":"owner_predict","data":{"tick":2082,"simTick":2369,"serverClock":2372,"tickLead":-287,"speed":0.000,"thrust":0},"timestamp":1782243047265}
{"sessionId":"3f83e2","runId":"post-fix7","hypothesisId":"H1","location":"Starship.NetworkMotor:ReconcileOwnerFromServer","message":"owner_reconcile","data":{"preSnapErr":0.0000,"replayCount":10,"preTick":2082,"postTick":2082,"serverTick":2072,"ackSeq":690,"simTick":2370},"timestamp":1782243047291}
{"sessionId":"3f83e2","runId":"post-fix7","hypothesisId":"H1","location":"Starship.NetworkMotor:ReconcileOwnerFromServer","message":"owner_reconcile","data":{"preSnapErr":0.0000,"replayCount":10,"preTick":2084,"postTick":2084,"serverTick":2074,"ackSeq":692,"simTick":2372},"timestamp":1782243047320}
{"sessionId":"3f83e2","runId":"post-fix7","hypothesisId":"H1","location":"Starship.NetworkMotor:ReconcileOwnerFromServer","message":"owner_reconcile","data":{"preSnapErr":0.0000,"replayCount":10,"preTick":2085,"postTick":2085,"serverTick":2075,"ackSeq":693,"simTick":2373},"timestamp":1782243047345}
{"sessionId":"3f83e2","runId":"post-fix7","hypothesisId":"H1","location":"Starship.NetworkMotor:ReconcileOwnerFromServer","message":"owner_reconcile","data":{"preSnapErr":0.0000,"replayCount":11,"preTick":2088,"postTick":2088,"serverTick":2077,"ackSeq":695,"simTick":2376},"timestamp":1782243047393}
{"sessionId":"3f83e2","runId":"post-fix7","hypothesisId":"H1","location":"Starship.NetworkMotor:ReconcileOwnerFromServer","message":"owner_reconcile","data":{"preSnapErr":0.0000,"replayCount":10,"preTick":2089,"postTick":2089,"serverTick":2079,"ackSeq":697,"simTick":2377},"timestamp":1782243047420}
{"sessionId":"3f83e2","runId":"post-fix7","hypothesisId":"H5","location":"Starship.NetworkMotor:ApplyOwnerPredictedMotorVisuals","message":"owner_display","data":{"alpha":0.611,"renderSpan":0.0000,"frameDelta":0.0000,"speed":F3},"timestamp":1782243047428}
{"sessionId":"3f83e2","runId":"post-fix7","hypothesisId":"H1","location":"Starship.NetworkMotor:ReconcileOwnerFromServer","message":"owner_reconcile","data":{"preSnapErr":0.0000,"replayCount":10,"preTick":2091,"postTick":2091,"serverTick":2081,"ackSeq":699,"simTick":2379},"timestamp":1782243047470}
{"sessionId":"3f83e2","runId":"post-fix7","hypothesisId":"H1","location":"Starship.NetworkMotor:ReconcileOwnerFromServer","message":"owner_reconcile","data":{"preSnapErr":0.0000,"replayCount":11,"preTick":2094,"postTick":2094,"serverTick":2083,"ackSeq":701,"simTick":2382},"timestamp":1782243047518}
{"sessionId":"3f83e2","runId":"post-fix7","hypothesisId":"H1","location":"Starship.NetworkMotor:ReconcileOwnerFromServer","message":"owner_reconcile","data":{"preSnapErr":0.0000,"replayCount":10,"preTick":2095,"postTick":2095,"serverTick":2085,"ackSeq":703,"simTick":2383},"timestamp":1782243047541}
{"sessionId":"3f83e2","runId":"post-fix7","hypothesisId":"H1","location":"Starship.NetworkMotor:ReconcileOwnerFromServer","message":"owner_reconcile","data":{"preSnapErr":0.0000,"replayCount":10,"preTick":2097,"postTick":2097,"serverTick":2087,"ackSeq":705,"simTick":2385},"timestamp":1782243047589}
{"sessionId":"3f83e2","runId":"post-fix7","hypothesisId":"H1","location":"Starship.NetworkMotor:ReconcileOwnerFromServer","message":"owner_reconcile","data":{"preSnapErr":0.0000,"replayCount":11,"preTick":2099,"postTick":2099,"serverTick":2088,"ackSeq":706,"simTick":2387},"timestamp":1782243047614}
{"sessionId":"3f83e2","runId":"post-fix7","hypothesisId":"H1","location":"Starship.NetworkMotor:ReconcileOwnerFromServer","message":"owner_reconcile","data":{"preSnapErr":0.0000,"replayCount":10,"preTick":2100,"postTick":2100,"serverTick":2090,"ackSeq":708,"simTick":2388},"timestamp":1782243047637}
{"sessionId":"3f83e2","runId":"post-fix7","hypothesisId":"H1","location":"Starship.NetworkMotor:ReconcileOwnerFromServer","message":"owner_reconcile","data":{"preSnapErr":0.0000,"replayCount":10,"preTick":2102,"postTick":2102,"serverTick":2092,"ackSeq":710,"simTick":2390},"timestamp":1782243047687}
{"sessionId":"3f83e2","runId":"post-fix7","hypothesisId":"H1","location":"Starship.NetworkMotor:ReconcileOwnerFromServer","message":"owner_reconcile","data":{"preSnapErr":0.0000,"replayCount":10,"preTick":2103,"postTick":2103,"serverTick":2093,"ackSeq":711,"simTick":2391},"timestamp":1782243047710}
{"sessionId":"3f83e2","runId":"post-fix7","hypothesisId":"H5","location":"Starship.NetworkMotor:ApplyOwnerPredictedMotorVisuals","message":"owner_display","data":{"alpha":0.120,"renderSpan":0.0000,"frameDelta":0.0000,"speed":F3},"timestamp":1782243047720}
{"sessionId":"3f83e2","runId":"post-fix7","hypothesisId":"H1","location":"Starship.NetworkMotor:ReconcileOwnerFromServer","message":"owner_reconcile","data":{"preSnapErr":0.0000,"replayCount":11,"preTick":2106,"postTick":2106,"serverTick":2095,"ackSeq":713,"simTick":2394},"timestamp":1782243047756}
{"sessionId":"3f83e2","runId":"post-fix7","hypothesisId":"H2","location":"Starship.NetworkMotor:ClientPredictMotorFixedStep","message":"owner_predict","data":{"tick":2107,"simTick":2394,"serverClock":2397,"tickLead":-287,"speed":0.000,"thrust":0},"timestamp":1782243047756}
{"sessionId":"3f83e2","runId":"post-fix7","hypothesisId":"H1","location":"Starship.NetworkMotor:ReconcileOwnerFromServer","message":"owner_reconcile","data":{"preSnapErr":0.0000,"replayCount":10,"preTick":2107,"postTick":2107,"serverTick":2097,"ackSeq":715,"simTick":2395},"timestamp":1782243047781}
{"sessionId":"3f83e2","runId":"post-fix7","hypothesisId":"H1","location":"Starship.NetworkMotor:ReconcileOwnerFromServer","message":"owner_reconcile","data":{"preSnapErr":0.0000,"replayCount":11,"preTick":2110,"postTick":2110,"serverTick":2099,"ackSeq":717,"simTick":2398},"timestamp":1782243047833}
{"sessionId":"3f83e2","runId":"post-fix7","hypothesisId":"H1","location":"Starship.NetworkMotor:ReconcileOwnerFromServer","message":"owner_reconcile","data":{"preSnapErr":0.0000,"replayCount":11,"preTick":2111,"postTick":2111,"serverTick":2100,"ackSeq":718,"simTick":2399},"timestamp":1782243047859}
{"sessionId":"3f83e2","runId":"post-fix7","hypothesisId":"H1","location":"Starship.NetworkMotor:ReconcileOwnerFromServer","message":"owner_reconcile","data":{"preSnapErr":0.0000,"replayCount":10,"preTick":2112,"postTick":2112,"serverTick":2102,"ackSeq":720,"simTick":2400},"timestamp":1782243047884}
{"sessionId":"3f83e2","runId":"post-fix7","hypothesisId":"H1","location":"Starship.NetworkMotor:ReconcileOwnerFromServer","message":"owner_reconcile","data":{"preSnapErr":0.0000,"replayCount":9,"preTick":2113,"postTick":2113,"serverTick":2104,"ackSeq":722,"simTick":2401},"timestamp":1782243047914}
{"sessionId":"3f83e2","runId":"post-fix7","hypothesisId":"H1","location":"Starship.NetworkMotor:ReconcileOwnerFromServer","message":"owner_reconcile","data":{"preSnapErr":0.0000,"replayCount":10,"preTick":2115,"postTick":2115,"serverTick":2105,"ackSeq":723,"simTick":2403},"timestamp":1782243047944}
{"sessionId":"3f83e2","runId":"post-fix7","hypothesisId":"H1","location":"Starship.NetworkMotor:ReconcileOwnerFromServer","message":"owner_reconcile","data":{"preSnapErr":0.0000,"replayCount":11,"preTick":2118,"postTick":2118,"serverTick":2107,"ackSeq":725,"simTick":2406},"timestamp":1782243048008}
{"sessionId":"3f83e2","runId":"post-fix7","hypothesisId":"H1","location":"Starship.NetworkMotor:ReconcileOwnerFromServer","message":"owner_reconcile","data":{"preSnapErr":0.0000,"replayCount":10,"preTick":2119,"postTick":2119,"serverTick":2109,"ackSeq":727,"simTick":2407},"timestamp":1782243048042}
{"sessionId":"3f83e2","runId":"post-fix7","hypothesisId":"H5","location":"Starship.NetworkMotor:ApplyOwnerPredictedMotorVisuals","message":"owner_display","data":{"alpha":0.719,"renderSpan":0.0000,"frameDelta":0.0000,"speed":F3},"timestamp":1782243048056}
{"sessionId":"3f83e2","runId":"post-fix7","hypothesisId":"H1","location":"Starship.NetworkMotor:ReconcileOwnerFromServer","message":"owner_reconcile","data":{"preSnapErr":0.0000,"replayCount":9,"preTick":2121,"postTick":2121,"serverTick":2112,"ackSeq":730,"simTick":2409},"timestamp":1782243048079}
{"sessionId":"3f83e2","runId":"post-fix7","hypothesisId":"H1","location":"Starship.NetworkMotor:ReconcileOwnerFromServer","message":"owner_reconcile","data":{"preSnapErr":0.0000,"replayCount":10,"preTick":2123,"postTick":2123,"serverTick":2113,"ackSeq":731,"simTick":2411},"timestamp":1782243048105}
{"sessionId":"3f83e2","runId":"post-fix7","hypothesisId":"H1","location":"Starship.NetworkMotor:ReconcileOwnerFromServer","message":"owner_reconcile","data":{"preSnapErr":0.0000,"replayCount":11,"preTick":2126,"postTick":2126,"serverTick":2115,"ackSeq":733,"simTick":2414},"timestamp":1782243048157}
{"sessionId":"3f83e2","runId":"post-fix7","hypothesisId":"H1","location":"Starship.NetworkMotor:ReconcileOwnerFromServer","message":"owner_reconcile","data":{"preSnapErr":0.0000,"replayCount":10,"preTick":2127,"postTick":2127,"serverTick":2117,"ackSeq":735,"simTick":2415},"timestamp":1782243048179}
{"sessionId":"3f83e2","runId":"post-fix7","hypothesisId":"H1","location":"Starship.NetworkMotor:ReconcileOwnerFromServer","message":"owner_reconcile","data":{"preSnapErr":0.0000,"replayCount":10,"preTick":2128,"postTick":2128,"serverTick":2118,"ackSeq":736,"simTick":2416},"timestamp":1782243048201}
{"sessionId":"3f83e2","runId":"post-fix7","hypothesisId":"H1","location":"Starship.NetworkMotor:ReconcileOwnerFromServer","message":"owner_reconcile","data":{"preSnapErr":0.0000,"replayCount":10,"preTick":2130,"postTick":2130,"serverTick":2120,"ackSeq":738,"simTick":2418},"timestamp":1782243048246}
{"sessionId":"3f83e2","runId":"post-fix7","hypothesisId":"H2","location":"Starship.NetworkMotor:ClientPredictMotorFixedStep","message":"owner_predict","data":{"tick":2132,"simTick":2419,"serverClock":2422,"tickLead":-287,"speed":0.000,"thrust":0},"timestamp":1782243048270}
{"sessionId":"3f83e2","runId":"post-fix7","hypothesisId":"H1","location":"Starship.NetworkMotor:ReconcileOwnerFromServer","message":"owner_reconcile","data":{"preSnapErr":0.0000,"replayCount":11,"preTick":2133,"postTick":2133,"serverTick":2122,"ackSeq":740,"simTick":2421},"timestamp":1782243048296}
{"sessionId":"3f83e2","runId":"post-fix7","hypothesisId":"H1","location":"Starship.NetworkMotor:ReconcileOwnerFromServer","message":"owner_reconcile","data":{"preSnapErr":0.0000,"replayCount":10,"preTick":2134,"postTick":2134,"serverTick":2124,"ackSeq":742,"simTick":2422},"timestamp":1782243048317}
{"sessionId":"3f83e2","runId":"post-fix7","hypothesisId":"H1","location":"Starship.NetworkMotor:ReconcileOwnerFromServer","message":"owner_reconcile","data":{"preSnapErr":0.0000,"replayCount":10,"preTick":2135,"postTick":2135,"serverTick":2125,"ackSeq":743,"simTick":2423},"timestamp":1782243048345}
{"sessionId":"3f83e2","runId":"post-fix7","hypothesisId":"H5","location":"Starship.NetworkMotor:ApplyOwnerPredictedMotorVisuals","message":"owner_display","data":{"alpha":0.925,"renderSpan":0.0000,"frameDelta":0.0000,"speed":F3},"timestamp":1782243048353}
{"sessionId":"3f83e2","runId":"post-fix7","hypothesisId":"H1","location":"Starship.NetworkMotor:ReconcileOwnerFromServer","message":"owner_reconcile","data":{"preSnapErr":0.0000,"replayCount":11,"preTick":2138,"postTick":2138,"serverTick":2127,"ackSeq":745,"simTick":2426},"timestamp":1782243048393}
{"sessionId":"3f83e2","runId":"post-fix7","hypothesisId":"H1","location":"Starship.NetworkMotor:ReconcileOwnerFromServer","message":"owner_reconcile","data":{"preSnapErr":0.0000,"replayCount":10,"preTick":2140,"postTick":2140,"serverTick":2130,"ackSeq":748,"simTick":2428},"timestamp":1782243048437}
{"sessionId":"3f83e2","runId":"post-fix7","hypothesisId":"H1","location":"Starship.NetworkMotor:ReconcileOwnerFromServer","message":"owner_reconcile","data":{"preSnapErr":0.0000,"replayCount":10,"preTick":2142,"postTick":2142,"serverTick":2132,"ackSeq":750,"simTick":2430},"timestamp":1782243048481}
{"sessionId":"3f83e2","runId":"post-fix7","hypothesisId":"H1","location":"Starship.NetworkMotor:ReconcileOwnerFromServer","message":"owner_reconcile","data":{"preSnapErr":0.0000,"replayCount":10,"preTick":2144,"postTick":2144,"serverTick":2134,"ackSeq":752,"simTick":2432},"timestamp":1782243048525}
{"sessionId":"3f83e2","runId":"post-fix7","hypothesisId":"H1","location":"Starship.NetworkMotor:ReconcileOwnerFromServer","message":"owner_reconcile","data":{"preSnapErr":0.0000,"replayCount":10,"preTick":2145,"postTick":2145,"serverTick":2135,"ackSeq":753,"simTick":2433},"timestamp":1782243048552}
{"sessionId":"3f83e2","runId":"post-fix7","hypothesisId":"H1","location":"Starship.NetworkMotor:ReconcileOwnerFromServer","message":"owner_reconcile","data":{"preSnapErr":0.0000,"replayCount":11,"preTick":2148,"postTick":2148,"serverTick":2137,"ackSeq":755,"simTick":2436},"timestamp":1782243048599}
{"sessionId":"3f83e2","runId":"post-fix7","hypothesisId":"H1","location":"Starship.NetworkMotor:ReconcileOwnerFromServer","message":"owner_reconcile","data":{"preSnapErr":0.0000,"replayCount":10,"preTick":2149,"postTick":2149,"serverTick":2139,"ackSeq":757,"simTick":2437},"timestamp":1782243048622}
{"sessionId":"3f83e2","runId":"post-fix7","hypothesisId":"H5","location":"Starship.NetworkMotor:ApplyOwnerPredictedMotorVisuals","message":"owner_display","data":{"alpha":0.736,"renderSpan":0.0000,"frameDelta":0.0000,"speed":F3},"timestamp":1782243048630}
{"sessionId":"3f83e2","runId":"post-fix7","hypothesisId":"H1","location":"Starship.NetworkMotor:ReconcileOwnerFromServer","message":"owner_reconcile","data":{"preSnapErr":0.0000,"replayCount":10,"preTick":2151,"postTick":2151,"serverTick":2141,"ackSeq":759,"simTick":2439},"timestamp":1782243048665}
{"sessionId":"3f83e2","runId":"post-fix7","hypothesisId":"H1","location":"Starship.NetworkMotor:ReconcileOwnerFromServer","message":"owner_reconcile","data":{"preSnapErr":0.0000,"replayCount":10,"preTick":2152,"postTick":2152,"serverTick":2142,"ackSeq":760,"simTick":2440},"timestamp":1782243048689}
{"sessionId":"3f83e2","runId":"post-fix7","hypothesisId":"H1","location":"Starship.NetworkMotor:ReconcileOwnerFromServer","message":"owner_reconcile","data":{"preSnapErr":0.0000,"replayCount":11,"preTick":2154,"postTick":2154,"serverTick":2143,"ackSeq":761,"simTick":2442},"timestamp":1782243048715}
{"sessionId":"3f83e2","runId":"post-fix7","hypothesisId":"H2","location":"Starship.NetworkMotor:ClientPredictMotorFixedStep","message":"owner_predict","data":{"tick":2157,"simTick":2444,"serverClock":2447,"tickLead":-287,"speed":0.000,"thrust":0},"timestamp":1782243048762}
{"sessionId":"3f83e2","runId":"post-fix7","hypothesisId":"H1","location":"Starship.NetworkMotor:ReconcileOwnerFromServer","message":"owner_reconcile","data":{"preSnapErr":0.0000,"replayCount":13,"preTick":2160,"postTick":2160,"serverTick":2147,"ackSeq":765,"simTick":2445},"timestamp":1782243048835}
{"sessionId":"3f83e2","runId":"post-fix7","hypothesisId":"H1","location":"Starship.NetworkMotor:ReconcileOwnerFromServer","message":"owner_reconcile","data":{"preSnapErr":0.0000,"replayCount":10,"preTick":2161,"postTick":2161,"serverTick":2151,"ackSeq":769,"simTick":2446},"timestamp":1782243048863}
{"sessionId":"3f83e2","runId":"post-fix7","hypothesisId":"H1","location":"Starship.NetworkMotor:ReconcileOwnerFromServer","message":"owner_reconcile","data":{"preSnapErr":0.0000,"replayCount":10,"preTick":2162,"postTick":2162,"serverTick":2152,"ackSeq":770,"simTick":2447},"timestamp":1782243048887}
{"sessionId":"3f83e2","runId":"post-fix7","hypothesisId":"H1","location":"Starship.NetworkMotor:ReconcileOwnerFromServer","message":"owner_reconcile","data":{"preSnapErr":0.0000,"replayCount":9,"preTick":2163,"postTick":2163,"serverTick":2154,"ackSeq":772,"simTick":2448},"timestamp":1782243048911}
{"sessionId":"3f83e2","runId":"post-fix7","hypothesisId":"H5","location":"Starship.NetworkMotor:ApplyOwnerPredictedMotorVisuals","message":"owner_display","data":{"alpha":0.189,"renderSpan":0.0000,"frameDelta":0.0000,"speed":F3},"timestamp":1782243048920}
{"sessionId":"3f83e2","runId":"post-fix7","hypothesisId":"H1","location":"Starship.NetworkMotor:ReconcileOwnerFromServer","message":"owner_reconcile","data":{"preSnapErr":0.0000,"replayCount":11,"preTick":2166,"postTick":2166,"serverTick":2155,"ackSeq":773,"simTick":2451},"timestamp":1782243048957}
{"sessionId":"3f83e2","runId":"post-fix7","hypothesisId":"H1","location":"Starship.NetworkMotor:ReconcileOwnerFromServer","message":"owner_reconcile","data":{"preSnapErr":0.0000,"replayCount":10,"preTick":2167,"postTick":2167,"serverTick":2157,"ackSeq":775,"simTick":2452},"timestamp":1782243048985}
{"sessionId":"3f83e2","runId":"post-fix7","hypothesisId":"H1","location":"Starship.NetworkMotor:ReconcileOwnerFromServer","message":"owner_reconcile","data":{"preSnapErr":0.0000,"replayCount":11,"preTick":2170,"postTick":2170,"serverTick":2159,"ackSeq":777,"simTick":2455},"timestamp":1782243049035}
{"sessionId":"3f83e2","runId":"post-fix7","hypothesisId":"H1","location":"Starship.NetworkMotor:ReconcileOwnerFromServer","message":"owner_reconcile","data":{"preSnapErr":0.0000,"replayCount":11,"preTick":2171,"postTick":2171,"serverTick":2160,"ackSeq":778,"simTick":2456},"timestamp":1782243049057}
{"sessionId":"3f83e2","runId":"post-fix7","hypothesisId":"H1","location":"Starship.NetworkMotor:ReconcileOwnerFromServer","message":"owner_reconcile","data":{"preSnapErr":0.0000,"replayCount":11,"preTick":2173,"postTick":2173,"serverTick":2162,"ackSeq":780,"simTick":2458},"timestamp":1782243049102}
{"sessionId":"3f83e2","runId":"post-fix7","hypothesisId":"H1","location":"Starship.NetworkMotor:ReconcileOwnerFromServer","message":"owner_reconcile","data":{"preSnapErr":0.0000,"replayCount":10,"preTick":2174,"postTick":2174,"serverTick":2164,"ackSeq":782,"simTick":2459},"timestamp":1782243049126}
{"sessionId":"3f83e2","runId":"post-fix7","hypothesisId":"H1","location":"Starship.NetworkMotor:ReconcileOwnerFromServer","message":"owner_reconcile","data":{"preSnapErr":0.0000,"replayCount":10,"preTick":2175,"postTick":2175,"serverTick":2165,"ackSeq":783,"simTick":2460},"timestamp":1782243049148}
{"sessionId":"3f83e2","runId":"post-fix7","hypothesisId":"H1","location":"Starship.NetworkMotor:ReconcileOwnerFromServer","message":"owner_reconcile","data":{"preSnapErr":0.0000,"replayCount":11,"preTick":2177,"postTick":2177,"serverTick":2166,"ackSeq":784,"simTick":2462},"timestamp":1782243049175}
{"sessionId":"3f83e2","runId":"post-fix7","hypothesisId":"H5","location":"Starship.NetworkMotor:ApplyOwnerPredictedMotorVisuals","message":"owner_display","data":{"alpha":0.728,"renderSpan":0.0000,"frameDelta":0.0000,"speed":F3},"timestamp":1782243049209}
{"sessionId":"3f83e2","runId":"post-fix7","hypothesisId":"H1","location":"Starship.NetworkMotor:ReconcileOwnerFromServer","message":"owner_reconcile","data":{"preSnapErr":0.0000,"replayCount":11,"preTick":2179,"postTick":2179,"serverTick":2168,"ackSeq":786,"simTick":2464},"timestamp":1782243049224}
{"sessionId":"3f83e2","runId":"post-fix7","hypothesisId":"H1","location":"Starship.NetworkMotor:ReconcileOwnerFromServer","message":"owner_reconcile","data":{"preSnapErr":0.0000,"replayCount":10,"preTick":2180,"postTick":2180,"serverTick":2170,"ackSeq":788,"simTick":2465},"timestamp":1782243049249}
{"sessionId":"3f83e2","runId":"post-fix7","hypothesisId":"H2","location":"Starship.NetworkMotor:ClientPredictMotorFixedStep","message":"owner_predict","data":{"tick":2182,"simTick":2466,"serverClock":2472,"tickLead":-284,"speed":0.000,"thrust":0},"timestamp":1782243049253}
{"sessionId":"3f83e2","runId":"post-fix7","hypothesisId":"H1","location":"Starship.NetworkMotor:ReconcileOwnerFromServer","message":"owner_reconcile","data":{"preSnapErr":0.0000,"replayCount":11,"preTick":2183,"postTick":2183,"serverTick":2172,"ackSeq":790,"simTick":2468},"timestamp":1782243049298}
{"sessionId":"3f83e2","runId":"post-fix7","hypothesisId":"H1","location":"Starship.NetworkMotor:ReconcileOwnerFromServer","message":"owner_reconcile","data":{"preSnapErr":0.0000,"replayCount":10,"preTick":2184,"postTick":2184,"serverTick":2174,"ackSeq":792,"simTick":2469},"timestamp":1782243049324}
{"sessionId":"3f83e2","runId":"post-fix7","hypothesisId":"H1","location":"Starship.NetworkMotor:ReconcileOwnerFromServer","message":"owner_reconcile","data":{"preSnapErr":0.0000,"replayCount":10,"preTick":2185,"postTick":2185,"serverTick":2175,"ackSeq":793,"simTick":2470},"timestamp":1782243049348}
{"sessionId":"3f83e2","runId":"post-fix7","hypothesisId":"H1","location":"Starship.NetworkMotor:ReconcileOwnerFromServer","message":"owner_reconcile","data":{"preSnapErr":0.0000,"replayCount":10,"preTick":2187,"postTick":2187,"serverTick":2177,"ackSeq":795,"simTick":2472},"timestamp":1782243049373}
{"sessionId":"3f83e2","runId":"post-fix7","hypothesisId":"H1","location":"Starship.NetworkMotor:ReconcileOwnerFromServer","message":"owner_reconcile","data":{"preSnapErr":0.0000,"replayCount":11,"preTick":2189,"postTick":2189,"serverTick":2178,"ackSeq":796,"simTick":2474},"timestamp":1782243049424}
{"sessionId":"3f83e2","runId":"post-fix7","hypothesisId":"H1","location":"Starship.NetworkMotor:ReconcileOwnerFromServer","message":"owner_reconcile","data":{"preSnapErr":0.0000,"replayCount":10,"preTick":2190,"postTick":2190,"serverTick":2180,"ackSeq":798,"simTick":2475},"timestamp":1782243049447}
{"sessionId":"3f83e2","runId":"post-fix7","hypothesisId":"H1","location":"Starship.NetworkMotor:ReconcileOwnerFromServer","message":"owner_reconcile","data":{"preSnapErr":0.0000,"replayCount":10,"preTick":2192,"postTick":2192,"serverTick":2182,"ackSeq":800,"simTick":2477},"timestamp":1782243049474}
{"sessionId":"3f83e2","runId":"post-fix7","hypothesisId":"H5","location":"Starship.NetworkMotor:ApplyOwnerPredictedMotorVisuals","message":"owner_display","data":{"alpha":0.593,"renderSpan":0.0000,"frameDelta":0.0000,"speed":F3},"timestamp":1782243049507}
{"sessionId":"3f83e2","runId":"post-fix7","hypothesisId":"H1","location":"Starship.NetworkMotor:ReconcileOwnerFromServer","message":"owner_reconcile","data":{"preSnapErr":0.0000,"replayCount":10,"preTick":2194,"postTick":2194,"serverTick":2184,"ackSeq":802,"simTick":2479},"timestamp":1782243049525}
{"sessionId":"3f83e2","runId":"post-fix7","hypothesisId":"H1","location":"Starship.NetworkMotor:ReconcileOwnerFromServer","message":"owner_reconcile","data":{"preSnapErr":0.0000,"replayCount":10,"preTick":2195,"postTick":2195,"serverTick":2185,"ackSeq":803,"simTick":2480},"timestamp":1782243049549}
{"sessionId":"3f83e2","runId":"post-fix7","hypothesisId":"H1","location":"Starship.NetworkMotor:ReconcileOwnerFromServer","message":"owner_reconcile","data":{"preSnapErr":0.0000,"replayCount":10,"preTick":2197,"postTick":2197,"serverTick":2187,"ackSeq":805,"simTick":2482},"timestamp":1782243049575}
{"sessionId":"3f83e2","runId":"post-fix7","hypothesisId":"H1","location":"Starship.NetworkMotor:ReconcileOwnerFromServer","message":"owner_reconcile","data":{"preSnapErr":0.0000,"replayCount":10,"preTick":2199,"postTick":2199,"serverTick":2189,"ackSeq":807,"simTick":2484},"timestamp":1782243049620}
{"sessionId":"3f83e2","runId":"post-fix7","hypothesisId":"H1","location":"Starship.NetworkMotor:ReconcileOwnerFromServer","message":"owner_reconcile","data":{"preSnapErr":0.0000,"replayCount":10,"preTick":2200,"postTick":2200,"serverTick":2190,"ackSeq":808,"simTick":2485},"timestamp":1782243049648}
{"sessionId":"3f83e2","runId":"post-fix7","hypothesisId":"H1","location":"Starship.NetworkMotor:ReconcileOwnerFromServer","message":"owner_reconcile","data":{"preSnapErr":0.0000,"replayCount":10,"preTick":2202,"postTick":2202,"serverTick":2192,"ackSeq":810,"simTick":2487},"timestamp":1782243049675}
{"sessionId":"3f83e2","runId":"post-fix7","hypothesisId":"H1","location":"Starship.NetworkMotor:ReconcileOwnerFromServer","message":"owner_reconcile","data":{"preSnapErr":0.0000,"replayCount":10,"preTick":2204,"postTick":2204,"serverTick":2194,"ackSeq":812,"simTick":2489},"timestamp":1782243049721}
{"sessionId":"3f83e2","runId":"post-fix7","hypothesisId":"H1","location":"Starship.NetworkMotor:ReconcileOwnerFromServer","message":"owner_reconcile","data":{"preSnapErr":0.0000,"replayCount":10,"preTick":2205,"postTick":2205,"serverTick":2195,"ackSeq":813,"simTick":2490},"timestamp":1782243049746}
{"sessionId":"3f83e2","runId":"post-fix7","hypothesisId":"H2","location":"Starship.NetworkMotor:ClientPredictMotorFixedStep","message":"owner_predict","data":{"tick":2207,"simTick":2491,"serverClock":2497,"tickLead":-284,"speed":0.000,"thrust":0},"timestamp":1782243049770}
{"sessionId":"3f83e2","runId":"post-fix7","hypothesisId":"H1","location":"Starship.NetworkMotor:ReconcileOwnerFromServer","message":"owner_reconcile","data":{"preSnapErr":0.0000,"replayCount":11,"preTick":2208,"postTick":2208,"serverTick":2197,"ackSeq":815,"simTick":2493},"timestamp":1782243049798}
{"sessionId":"3f83e2","runId":"post-fix7","hypothesisId":"H5","location":"Starship.NetworkMotor:ApplyOwnerPredictedMotorVisuals","message":"owner_display","data":{"alpha":0.551,"renderSpan":0.0000,"frameDelta":0.0000,"speed":F3},"timestamp":1782243049808}
{"sessionId":"3f83e2","runId":"post-fix7","hypothesisId":"H1","location":"Starship.NetworkMotor:ReconcileOwnerFromServer","message":"owner_reconcile","data":{"preSnapErr":0.0000,"replayCount":10,"preTick":2209,"postTick":2209,"serverTick":2199,"ackSeq":817,"simTick":2494},"timestamp":1782243049824}
{"sessionId":"3f83e2","runId":"post-fix7","hypothesisId":"H1","location":"Starship.NetworkMotor:ReconcileOwnerFromServer","message":"owner_reconcile","data":{"preSnapErr":0.0000,"replayCount":10,"preTick":2210,"postTick":2210,"serverTick":2200,"ackSeq":818,"simTick":2495},"timestamp":1782243049857}
{"sessionId":"3f83e2","runId":"post-fix7","hypothesisId":"H1","location":"Starship.NetworkMotor:ReconcileOwnerFromServer","message":"owner_reconcile","data":{"preSnapErr":0.0000,"replayCount":10,"preTick":2212,"postTick":2212,"serverTick":2202,"ackSeq":820,"simTick":2497},"timestamp":1782243049883}
{"sessionId":"3f83e2","runId":"post-fix7","hypothesisId":"H1","location":"Starship.NetworkMotor:ReconcileOwnerFromServer","message":"owner_reconcile","data":{"preSnapErr":0.0000,"replayCount":9,"preTick":2213,"postTick":2213,"serverTick":2204,"ackSeq":822,"simTick":2498},"timestamp":1782243049908}
{"sessionId":"3f83e2","runId":"post-fix7","hypothesisId":"H1","location":"Starship.NetworkMotor:ReconcileOwnerFromServer","message":"owner_reconcile","data":{"preSnapErr":0.0000,"replayCount":11,"preTick":2216,"postTick":2216,"serverTick":2205,"ackSeq":823,"simTick":2501},"timestamp":1782243049959}
{"sessionId":"3f83e2","runId":"post-fix7","hypothesisId":"H1","location":"Starship.NetworkMotor:ReconcileOwnerFromServer","message":"owner_reconcile","data":{"preSnapErr":0.0000,"replayCount":10,"preTick":2217,"postTick":2217,"serverTick":2207,"ackSeq":825,"simTick":2502},"timestamp":1782243049982}
{"sessionId":"3f83e2","runId":"post-fix7","hypothesisId":"H1","location":"Starship.NetworkMotor:ReconcileOwnerFromServer","message":"owner_reconcile","data":{"preSnapErr":0.0000,"replayCount":10,"preTick":2219,"postTick":2219,"serverTick":2209,"ackSeq":827,"simTick":2504},"timestamp":1782243050027}
{"sessionId":"3f83e2","runId":"post-fix7","hypothesisId":"H1","location":"Starship.NetworkMotor:ReconcileOwnerFromServer","message":"owner_reconcile","data":{"preSnapErr":0.0000,"replayCount":11,"preTick":2221,"postTick":2221,"serverTick":2210,"ackSeq":828,"simTick":2506},"timestamp":1782243050057}
{"sessionId":"3f83e2","runId":"post-fix7","hypothesisId":"H1","location":"Starship.NetworkMotor:ReconcileOwnerFromServer","message":"owner_reconcile","data":{"preSnapErr":0.0000,"replayCount":10,"preTick":2222,"postTick":2222,"serverTick":2212,"ackSeq":830,"simTick":2507},"timestamp":1782243050081}
{"sessionId":"3f83e2","runId":"post-fix7","hypothesisId":"H5","location":"Starship.NetworkMotor:ApplyOwnerPredictedMotorVisuals","message":"owner_display","data":{"alpha":0.885,"renderSpan":0.0000,"frameDelta":0.0000,"speed":F3},"timestamp":1782243050112}
{"sessionId":"3f83e2","runId":"post-fix7","hypothesisId":"H1","location":"Starship.NetworkMotor:ReconcileOwnerFromServer","message":"owner_reconcile","data":{"preSnapErr":0.0000,"replayCount":10,"preTick":2224,"postTick":2224,"serverTick":2214,"ackSeq":832,"simTick":2509},"timestamp":1782243050124}
{"sessionId":"3f83e2","runId":"post-fix7","hypothesisId":"H1","location":"Starship.NetworkMotor:ReconcileOwnerFromServer","message":"owner_reconcile","data":{"preSnapErr":0.0000,"replayCount":10,"preTick":2225,"postTick":2225,"serverTick":2215,"ackSeq":833,"simTick":2510},"timestamp":1782243050144}
{"sessionId":"3f83e2","runId":"post-fix7","hypothesisId":"H1","location":"Starship.NetworkMotor:ReconcileOwnerFromServer","message":"owner_reconcile","data":{"preSnapErr":0.0000,"replayCount":11,"preTick":2228,"postTick":2228,"serverTick":2217,"ackSeq":835,"simTick":2513},"timestamp":1782243050194}
{"sessionId":"3f83e2","runId":"post-fix7","hypothesisId":"H1","location":"Starship.NetworkMotor:ReconcileOwnerFromServer","message":"owner_reconcile","data":{"preSnapErr":0.0000,"replayCount":10,"preTick":2229,"postTick":2229,"serverTick":2219,"ackSeq":837,"simTick":2514},"timestamp":1782243050219}
{"sessionId":"3f83e2","runId":"post-fix7","hypothesisId":"H1","location":"Starship.NetworkMotor:ReconcileOwnerFromServer","message":"owner_reconcile","data":{"preSnapErr":0.0000,"replayCount":11,"preTick":2231,"postTick":2231,"serverTick":2220,"ackSeq":838,"simTick":2516},"timestamp":1782243050269}
{"sessionId":"3f83e2","runId":"post-fix7","hypothesisId":"H2","location":"Starship.NetworkMotor:ClientPredictMotorFixedStep","message":"owner_predict","data":{"tick":2232,"simTick":2516,"serverClock":2522,"tickLead":-284,"speed":0.000,"thrust":0},"timestamp":1782243050269}
{"sessionId":"3f83e2","runId":"post-fix7","hypothesisId":"H1","location":"Starship.NetworkMotor:ReconcileOwnerFromServer","message":"owner_reconcile","data":{"preSnapErr":0.0000,"replayCount":11,"preTick":2233,"postTick":2233,"serverTick":2222,"ackSeq":840,"simTick":2518},"timestamp":1782243050288}
{"sessionId":"3f83e2","runId":"post-fix7","hypothesisId":"H1","location":"Starship.NetworkMotor:ReconcileOwnerFromServer","message":"owner_reconcile","data":{"preSnapErr":0.0000,"replayCount":10,"preTick":2235,"postTick":2235,"serverTick":2225,"ackSeq":843,"simTick":2520},"timestamp":1782243050338}
{"sessionId":"3f83e2","runId":"post-fix7","hypothesisId":"H5","location":"Starship.NetworkMotor:ApplyOwnerPredictedMotorVisuals","message":"owner_display","data":{"alpha":0.503,"renderSpan":0.0000,"frameDelta":0.0000,"speed":F3},"timestamp":1782243050363}
{"sessionId":"3f83e2","runId":"post-fix7","hypothesisId":"H1","location":"Starship.NetworkMotor:ReconcileOwnerFromServer","message":"owner_reconcile","data":{"preSnapErr":0.0000,"replayCount":10,"preTick":2237,"postTick":2237,"serverTick":2227,"ackSeq":845,"simTick":2522},"timestamp":1782243050376}
{"sessionId":"3f83e2","runId":"post-fix7","hypothesisId":"H1","location":"Starship.NetworkMotor:ReconcileOwnerFromServer","message":"owner_reconcile","data":{"preSnapErr":0.0000,"replayCount":11,"preTick":2239,"postTick":2239,"serverTick":2228,"ackSeq":846,"simTick":2524},"timestamp":1782243050410}
{"sessionId":"3f83e2","runId":"post-fix7","hypothesisId":"H1","location":"Starship.NetworkMotor:ReconcileOwnerFromServer","message":"owner_reconcile","data":{"preSnapErr":0.0000,"replayCount":11,"preTick":2241,"postTick":2241,"serverTick":2230,"ackSeq":848,"simTick":2526},"timestamp":1782243050447}
{"sessionId":"3f83e2","runId":"post-fix7","hypothesisId":"H1","location":"Starship.NetworkMotor:ReconcileOwnerFromServer","message":"owner_reconcile","data":{"preSnapErr":0.0000,"replayCount":10,"preTick":2242,"postTick":2242,"serverTick":2232,"ackSeq":850,"simTick":2527},"timestamp":1782243050470}
{"sessionId":"3f83e2","runId":"post-fix7","hypothesisId":"H1","location":"Starship.NetworkMotor:ReconcileOwnerFromServer","message":"owner_reconcile","data":{"preSnapErr":0.0000,"replayCount":11,"preTick":2244,"postTick":2244,"serverTick":2233,"ackSeq":851,"simTick":2529},"timestamp":1782243050506}
{"sessionId":"3f83e2","runId":"post-fix7","hypothesisId":"H1","location":"Starship.NetworkMotor:ReconcileOwnerFromServer","message":"owner_reconcile","data":{"preSnapErr":0.0000,"replayCount":10,"preTick":2245,"postTick":2245,"serverTick":2235,"ackSeq":853,"simTick":2530},"timestamp":1782243050542}
{"sessionId":"3f83e2","runId":"post-fix7","hypothesisId":"H1","location":"Starship.NetworkMotor:ReconcileOwnerFromServer","message":"owner_reconcile","data":{"preSnapErr":0.0000,"replayCount":10,"preTick":2247,"postTick":2247,"serverTick":2237,"ackSeq":855,"simTick":2532},"timestamp":1782243050578}
{"sessionId":"3f83e2","runId":"post-fix7","hypothesisId":"H5","location":"Starship.NetworkMotor:ApplyOwnerPredictedMotorVisuals","message":"owner_display","data":{"alpha":0.612,"renderSpan":0.0000,"frameDelta":0.0000,"speed":F3},"timestamp":1782243050585}
{"sessionId":"3f83e2","runId":"post-fix7","hypothesisId":"H1","location":"Starship.NetworkMotor:ReconcileOwnerFromServer","message":"owner_reconcile","data":{"preSnapErr":0.0000,"replayCount":11,"preTick":2249,"postTick":2249,"serverTick":2238,"ackSeq":856,"simTick":2534},"timestamp":1782243050615}
{"sessionId":"3f83e2","runId":"post-fix7","hypothesisId":"H1","location":"Starship.NetworkMotor:ReconcileOwnerFromServer","message":"owner_reconcile","data":{"preSnapErr":0.0000,"replayCount":11,"preTick":2251,"postTick":2251,"serverTick":2240,"ackSeq":858,"simTick":2536},"timestamp":1782243050654}
{"sessionId":"3f83e2","runId":"post-fix7","hypothesisId":"H1","location":"Starship.NetworkMotor:ReconcileOwnerFromServer","message":"owner_reconcile","data":{"preSnapErr":0.0000,"replayCount":10,"preTick":2252,"postTick":2252,"serverTick":2242,"ackSeq":860,"simTick":2537},"timestamp":1782243050676}
{"sessionId":"3f83e2","runId":"post-fix7","hypothesisId":"H1","location":"Starship.NetworkMotor:ReconcileOwnerFromServer","message":"owner_reconcile","data":{"preSnapErr":0.0000,"replayCount":10,"preTick":2254,"postTick":2254,"serverTick":2244,"ackSeq":862,"simTick":2539},"timestamp":1782243050713}
{"sessionId":"3f83e2","runId":"post-fix7","hypothesisId":"H1","location":"Starship.NetworkMotor:ReconcileOwnerFromServer","message":"owner_reconcile","data":{"preSnapErr":0.0000,"replayCount":11,"preTick":2256,"postTick":2256,"serverTick":2245,"ackSeq":863,"simTick":2541},"timestamp":1782243050751}
{"sessionId":"3f83e2","runId":"post-fix7","hypothesisId":"H2","location":"Starship.NetworkMotor:ClientPredictMotorFixedStep","message":"owner_predict","data":{"tick":2257,"simTick":2541,"serverClock":2547,"tickLead":-284,"speed":0.000,"thrust":0},"timestamp":1782243050751}
{"sessionId":"3f83e2","runId":"post-fix7","hypothesisId":"H1","location":"Starship.NetworkMotor:ReconcileOwnerFromServer","message":"owner_reconcile","data":{"preSnapErr":0.0000,"replayCount":11,"preTick":2258,"postTick":2258,"serverTick":2247,"ackSeq":865,"simTick":2544},"timestamp":1782243050792}
{"sessionId":"3f83e2","runId":"post-fix7","hypothesisId":"H1","location":"Starship.NetworkMotor:ReconcileOwnerFromServer","message":"owner_reconcile","data":{"preSnapErr":0.0000,"replayCount":10,"preTick":2259,"postTick":2259,"serverTick":2249,"ackSeq":867,"simTick":2545},"timestamp":1782243050812}
{"sessionId":"3f83e2","runId":"post-fix7","hypothesisId":"H5","location":"Starship.NetworkMotor:ApplyOwnerPredictedMotorVisuals","message":"owner_display","data":{"alpha":0.273,"renderSpan":0.0000,"frameDelta":0.0000,"speed":F3},"timestamp":1782243050819}
{"sessionId":"3f83e2","runId":"post-fix7","hypothesisId":"H1","location":"Starship.NetworkMotor:ReconcileOwnerFromServer","message":"owner_reconcile","data":{"preSnapErr":0.0000,"replayCount":11,"preTick":2261,"postTick":2261,"serverTick":2250,"ackSeq":868,"simTick":2547},"timestamp":1782243050852}
{"sessionId":"3f83e2","runId":"post-fix7","hypothesisId":"H1","location":"Starship.NetworkMotor:ReconcileOwnerFromServer","message":"owner_reconcile","data":{"preSnapErr":0.0000,"replayCount":11,"preTick":2263,"postTick":2263,"serverTick":2252,"ackSeq":870,"simTick":2549},"timestamp":1782243050896}
{"sessionId":"3f83e2","runId":"post-fix7","hypothesisId":"H1","location":"Starship.NetworkMotor:ReconcileOwnerFromServer","message":"owner_reconcile","data":{"preSnapErr":0.0000,"replayCount":10,"preTick":2264,"postTick":2264,"serverTick":2254,"ackSeq":872,"simTick":2550},"timestamp":1782243050914}
{"sessionId":"3f83e2","runId":"post-fix7","hypothesisId":"H1","location":"Starship.NetworkMotor:ReconcileOwnerFromServer","message":"owner_reconcile","data":{"preSnapErr":0.0000,"replayCount":10,"preTick":2266,"postTick":2266,"serverTick":2256,"ackSeq":874,"simTick":2552},"timestamp":1782243050952}
{"sessionId":"3f83e2","runId":"post-fix7","hypothesisId":"H1","location":"Starship.NetworkMotor:ReconcileOwnerFromServer","message":"owner_reconcile","data":{"preSnapErr":0.0000,"replayCount":11,"preTick":2268,"postTick":2268,"serverTick":2257,"ackSeq":875,"simTick":2554},"timestamp":1782243050991}
{"sessionId":"3f83e2","runId":"post-fix7","hypothesisId":"H1","location":"Starship.NetworkMotor:ReconcileOwnerFromServer","message":"owner_reconcile","data":{"preSnapErr":0.0000,"replayCount":11,"preTick":2269,"postTick":2269,"serverTick":2258,"ackSeq":876,"simTick":2555},"timestamp":1782243051011}
{"sessionId":"3f83e2","runId":"post-fix7","hypothesisId":"H1","location":"Starship.NetworkMotor:ReconcileOwnerFromServer","message":"owner_reconcile","data":{"preSnapErr":0.0000,"replayCount":11,"preTick":2271,"postTick":2271,"serverTick":2260,"ackSeq":878,"simTick":2557},"timestamp":1782243051048}
{"sessionId":"3f83e2","runId":"post-fix7","hypothesisId":"H5","location":"Starship.NetworkMotor:ApplyOwnerPredictedMotorVisuals","message":"owner_display","data":{"alpha":0.096,"renderSpan":0.0000,"frameDelta":0.0000,"speed":F3},"timestamp":1782243051055}
{"sessionId":"3f83e2","runId":"post-fix7","hypothesisId":"H1","location":"Starship.NetworkMotor:ReconcileOwnerFromServer","message":"owner_reconcile","data":{"preSnapErr":0.0000,"replayCount":11,"preTick":2273,"postTick":2273,"serverTick":2262,"ackSeq":880,"simTick":2559},"timestamp":1782243051087}
{"sessionId":"3f83e2","runId":"post-fix7","hypothesisId":"H1","location":"Starship.NetworkMotor:ReconcileOwnerFromServer","message":"owner_reconcile","data":{"preSnapErr":0.0000,"replayCount":11,"preTick":2274,"postTick":2274,"serverTick":2263,"ackSeq":881,"simTick":2560},"timestamp":1782243051111}
{"sessionId":"3f83e2","runId":"post-fix7","hypothesisId":"H1","location":"Starship.NetworkMotor:ReconcileOwnerFromServer","message":"owner_reconcile","data":{"preSnapErr":0.0000,"replayCount":11,"preTick":2276,"postTick":2276,"serverTick":2265,"ackSeq":883,"simTick":2562},"timestamp":1782243051149}
{"sessionId":"3f83e2","runId":"post-fix7","hypothesisId":"H1","location":"Starship.NetworkMotor:ReconcileOwnerFromServer","message":"owner_reconcile","data":{"preSnapErr":0.0000,"replayCount":11,"preTick":2278,"postTick":2278,"serverTick":2267,"ackSeq":885,"simTick":2564},"timestamp":1782243051187}
{"sessionId":"3f83e2","runId":"post-fix7","hypothesisId":"H1","location":"Starship.NetworkMotor:ReconcileOwnerFromServer","message":"owner_reconcile","data":{"preSnapErr":0.0000,"replayCount":11,"preTick":2279,"postTick":2279,"serverTick":2268,"ackSeq":886,"simTick":2565},"timestamp":1782243051222}
{"sessionId":"3f83e2","runId":"post-fix7","hypothesisId":"H1","location":"Starship.NetworkMotor:ReconcileOwnerFromServer","message":"owner_reconcile","data":{"preSnapErr":0.0000,"replayCount":10,"preTick":2280,"postTick":2280,"serverTick":2270,"ackSeq":888,"simTick":2566},"timestamp":1782243051243}
{"sessionId":"3f83e2","runId":"post-fix7","hypothesisId":"H2","location":"Starship.NetworkMotor:ClientPredictMotorFixedStep","message":"owner_predict","data":{"tick":2282,"simTick":2567,"serverClock":2572,"tickLead":-285,"speed":0.000,"thrust":0},"timestamp":1782243051262}
{"sessionId":"3f83e2","runId":"post-fix7","hypothesisId":"H1","location":"Starship.NetworkMotor:ReconcileOwnerFromServer","message":"owner_reconcile","data":{"preSnapErr":0.0000,"replayCount":10,"preTick":2282,"postTick":2282,"serverTick":2272,"ackSeq":890,"simTick":2568},"timestamp":1782243051282}
{"sessionId":"3f83e2","runId":"post-fix7","hypothesisId":"H5","location":"Starship.NetworkMotor:ApplyOwnerPredictedMotorVisuals","message":"owner_display","data":{"alpha":0.808,"renderSpan":0.0000,"frameDelta":0.0000,"speed":F3},"timestamp":1782243051289}
{"sessionId":"3f83e2","runId":"post-fix7","hypothesisId":"H1","location":"Starship.NetworkMotor:ReconcileOwnerFromServer","message":"owner_reconcile","data":{"preSnapErr":0.0000,"replayCount":10,"preTick":2284,"postTick":2284,"serverTick":2274,"ackSeq":892,"simTick":2570},"timestamp":1782243051323}
{"sessionId":"3f83e2","runId":"post-fix7","hypothesisId":"H1","location":"Starship.NetworkMotor:ReconcileOwnerFromServer","message":"owner_reconcile","data":{"preSnapErr":0.0000,"replayCount":10,"preTick":2285,"postTick":2285,"serverTick":2275,"ackSeq":893,"simTick":2571},"timestamp":1782243051343}
{"sessionId":"3f83e2","runId":"post-fix7","hypothesisId":"H1","location":"Starship.NetworkMotor:ReconcileOwnerFromServer","message":"owner_reconcile","data":{"preSnapErr":0.0000,"replayCount":10,"preTick":2287,"postTick":2287,"serverTick":2277,"ackSeq":895,"simTick":2573},"timestamp":1782243051380}
{"sessionId":"3f83e2","runId":"post-fix7","hypothesisId":"H1","location":"Starship.NetworkMotor:ReconcileOwnerFromServer","message":"owner_reconcile","data":{"preSnapErr":0.0000,"replayCount":10,"preTick":2289,"postTick":2289,"serverTick":2279,"ackSeq":897,"simTick":2575},"timestamp":1782243051417}
{"sessionId":"3f83e2","runId":"post-fix7","hypothesisId":"H1","location":"Starship.NetworkMotor:ReconcileOwnerFromServer","message":"owner_reconcile","data":{"preSnapErr":0.0000,"replayCount":10,"preTick":2290,"postTick":2290,"serverTick":2280,"ackSeq":898,"simTick":2576},"timestamp":1782243051436}
{"sessionId":"3f83e2","runId":"post-fix7","hypothesisId":"H1","location":"Starship.NetworkMotor:ReconcileOwnerFromServer","message":"owner_reconcile","data":{"preSnapErr":0.0000,"replayCount":10,"preTick":2292,"postTick":2292,"serverTick":2282,"ackSeq":900,"simTick":2578},"timestamp":1782243051475}
{"sessionId":"3f83e2","runId":"post-fix7","hypothesisId":"H1","location":"Starship.NetworkMotor:ReconcileOwnerFromServer","message":"owner_reconcile","data":{"preSnapErr":0.0000,"replayCount":11,"preTick":2294,"postTick":2294,"serverTick":2283,"ackSeq":901,"simTick":2580},"timestamp":1782243051514}
{"sessionId":"3f83e2","runId":"post-fix7","hypothesisId":"H5","location":"Starship.NetworkMotor:ApplyOwnerPredictedMotorVisuals","message":"owner_display","data":{"alpha":0.356,"renderSpan":0.0000,"frameDelta":0.0000,"speed":F3},"timestamp":1782243051521}
{"sessionId":"3f83e2","runId":"post-fix7","hypothesisId":"H1","location":"Starship.NetworkMotor:ReconcileOwnerFromServer","message":"owner_reconcile","data":{"preSnapErr":0.0000,"replayCount":10,"preTick":2295,"postTick":2295,"serverTick":2285,"ackSeq":903,"simTick":2581},"timestamp":1782243051537}
{"sessionId":"3f83e2","runId":"post-fix7","hypothesisId":"H1","location":"Starship.NetworkMotor:ReconcileOwnerFromServer","message":"owner_reconcile","data":{"preSnapErr":0.0000,"replayCount":10,"preTick":2297,"postTick":2297,"serverTick":2287,"ackSeq":905,"simTick":2583},"timestamp":1782243051575}
{"sessionId":"3f83e2","runId":"post-fix7","hypothesisId":"H1","location":"Starship.NetworkMotor:ReconcileOwnerFromServer","message":"owner_reconcile","data":{"preSnapErr":0.0000,"replayCount":11,"preTick":2299,"postTick":2299,"serverTick":2288,"ackSeq":906,"simTick":2585},"timestamp":1782243051613}
{"sessionId":"3f83e2","runId":"post-fix7","hypothesisId":"H1","location":"Starship.NetworkMotor:ReconcileOwnerFromServer","message":"owner_reconcile","data":{"preSnapErr":0.0000,"replayCount":11,"preTick":2301,"postTick":2301,"serverTick":2290,"ackSeq":908,"simTick":2587},"timestamp":1782243051652}
{"sessionId":"3f83e2","runId":"post-fix7","hypothesisId":"H1","location":"Starship.NetworkMotor:ReconcileOwnerFromServer","message":"owner_reconcile","data":{"preSnapErr":0.0000,"replayCount":10,"preTick":2302,"postTick":2302,"serverTick":2292,"ackSeq":910,"simTick":2588},"timestamp":1782243051671}
{"sessionId":"3f83e2","runId":"post-fix7","hypothesisId":"H1","location":"Starship.NetworkMotor:ReconcileOwnerFromServer","message":"owner_reconcile","data":{"preSnapErr":0.0000,"replayCount":11,"preTick":2304,"postTick":2304,"serverTick":2293,"ackSeq":911,"simTick":2590},"timestamp":1782243051710}
{"sessionId":"3f83e2","runId":"post-fix7","hypothesisId":"H1","location":"Starship.NetworkMotor:ReconcileOwnerFromServer","message":"owner_reconcile","data":{"preSnapErr":0.0000,"replayCount":11,"preTick":2306,"postTick":2306,"serverTick":2295,"ackSeq":913,"simTick":2592},"timestamp":1782243051754}
{"sessionId":"3f83e2","runId":"post-fix7","hypothesisId":"H2","location":"Starship.NetworkMotor:ClientPredictMotorFixedStep","message":"owner_predict","data":{"tick":2307,"simTick":2592,"serverClock":2597,"tickLead":-285,"speed":0.000,"thrust":0},"timestamp":1782243051756}
{"sessionId":"3f83e2","runId":"post-fix7","hypothesisId":"H5","location":"Starship.NetworkMotor:ApplyOwnerPredictedMotorVisuals","message":"owner_display","data":{"alpha":0.416,"renderSpan":0.0000,"frameDelta":0.0000,"speed":F3},"timestamp":1782243051762}
{"sessionId":"3f83e2","runId":"post-fix7","hypothesisId":"H1","location":"Starship.NetworkMotor:ReconcileOwnerFromServer","message":"owner_reconcile","data":{"preSnapErr":0.0000,"replayCount":11,"preTick":2308,"postTick":2308,"serverTick":2297,"ackSeq":915,"simTick":2594},"timestamp":1782243051794}
{"sessionId":"3f83e2","runId":"post-fix7","hypothesisId":"H1","location":"Starship.NetworkMotor:ReconcileOwnerFromServer","message":"owner_reconcile","data":{"preSnapErr":0.0000,"replayCount":10,"preTick":2309,"postTick":2309,"serverTick":2299,"ackSeq":917,"simTick":2595},"timestamp":1782243051813}
{"sessionId":"3f83e2","runId":"post-fix7","hypothesisId":"H1","location":"Starship.NetworkMotor:ReconcileOwnerFromServer","message":"owner_reconcile","data":{"preSnapErr":0.0000,"replayCount":11,"preTick":2311,"postTick":2311,"serverTick":2300,"ackSeq":918,"simTick":2597},"timestamp":1782243051853}
{"sessionId":"3f83e2","runId":"post-fix7","hypothesisId":"H1","location":"Starship.NetworkMotor:ReconcileOwnerFromServer","message":"owner_reconcile","data":{"preSnapErr":0.0000,"replayCount":11,"preTick":2313,"postTick":2313,"serverTick":2302,"ackSeq":920,"simTick":2600},"timestamp":1782243051893}
{"sessionId":"3f83e2","runId":"post-fix7","hypothesisId":"H1","location":"Starship.NetworkMotor:ReconcileOwnerFromServer","message":"owner_reconcile","data":{"preSnapErr":0.0000,"replayCount":11,"preTick":2314,"postTick":2314,"serverTick":2303,"ackSeq":921,"simTick":2601},"timestamp":1782243051912}
{"sessionId":"3f83e2","runId":"post-fix7","hypothesisId":"H1","location":"Starship.NetworkMotor:ReconcileOwnerFromServer","message":"owner_reconcile","data":{"preSnapErr":0.0000,"replayCount":11,"preTick":2316,"postTick":2316,"serverTick":2305,"ackSeq":923,"simTick":2603},"timestamp":1782243051950}
{"sessionId":"3f83e2","runId":"post-fix7","hypothesisId":"H1","location":"Starship.NetworkMotor:ReconcileOwnerFromServer","message":"owner_reconcile","data":{"preSnapErr":0.0000,"replayCount":10,"preTick":2317,"postTick":2317,"serverTick":2307,"ackSeq":925,"simTick":2604},"timestamp":1782243051973}
{"sessionId":"3f83e2","runId":"post-fix7","hypothesisId":"H5","location":"Starship.NetworkMotor:ApplyOwnerPredictedMotorVisuals","message":"owner_display","data":{"alpha":0.268,"renderSpan":0.0000,"frameDelta":0.0000,"speed":F3},"timestamp":1782243051997}
{"sessionId":"3f83e2","runId":"post-fix7","hypothesisId":"H1","location":"Starship.NetworkMotor:ReconcileOwnerFromServer","message":"owner_reconcile","data":{"preSnapErr":0.0000,"replayCount":11,"preTick":2319,"postTick":2319,"serverTick":2308,"ackSeq":926,"simTick":2606},"timestamp":1782243052012}
{"sessionId":"3f83e2","runId":"post-fix7","hypothesisId":"H1","location":"Starship.NetworkMotor:ReconcileOwnerFromServer","message":"owner_reconcile","data":{"preSnapErr":0.0000,"replayCount":11,"preTick":2321,"postTick":2321,"serverTick":2310,"ackSeq":928,"simTick":2608},"timestamp":1782243052050}
{"sessionId":"3f83e2","runId":"post-fix7","hypothesisId":"H1","location":"Starship.NetworkMotor:ReconcileOwnerFromServer","message":"owner_reconcile","data":{"preSnapErr":0.0000,"replayCount":11,"preTick":2323,"postTick":2323,"serverTick":2312,"ackSeq":930,"simTick":2610},"timestamp":1782243052089}
{"sessionId":"3f83e2","runId":"post-fix7","hypothesisId":"H1","location":"Starship.NetworkMotor:ReconcileOwnerFromServer","message":"owner_reconcile","data":{"preSnapErr":0.0000,"replayCount":11,"preTick":2324,"postTick":2324,"serverTick":2313,"ackSeq":931,"simTick":2611},"timestamp":1782243052109}
{"sessionId":"3f83e2","runId":"post-fix7","hypothesisId":"H1","location":"Starship.NetworkMotor:ReconcileOwnerFromServer","message":"owner_reconcile","data":{"preSnapErr":0.0000,"replayCount":11,"preTick":2326,"postTick":2326,"serverTick":2315,"ackSeq":933,"simTick":2613},"timestamp":1782243052161}
{"sessionId":"3f83e2","runId":"post-fix7","hypothesisId":"H1","location":"Starship.NetworkMotor:ReconcileOwnerFromServer","message":"owner_reconcile","data":{"preSnapErr":0.0000,"replayCount":10,"preTick":2327,"postTick":2327,"serverTick":2317,"ackSeq":935,"simTick":2614},"timestamp":1782243052186}
{"sessionId":"3f83e2","runId":"post-fix7","hypothesisId":"H1","location":"Starship.NetworkMotor:ReconcileOwnerFromServer","message":"owner_reconcile","data":{"preSnapErr":0.0000,"replayCount":10,"preTick":2329,"postTick":2329,"serverTick":2319,"ackSeq":937,"simTick":2616},"timestamp":1782243052223}
{"sessionId":"3f83e2","runId":"post-fix7","hypothesisId":"H5","location":"Starship.NetworkMotor:ApplyOwnerPredictedMotorVisuals","message":"owner_display","data":{"alpha":0.819,"renderSpan":0.0000,"frameDelta":0.0000,"speed":F3},"timestamp":1782243052229}
{"sessionId":"3f83e2","runId":"post-fix7","hypothesisId":"H1","location":"Starship.NetworkMotor:ReconcileOwnerFromServer","message":"owner_reconcile","data":{"preSnapErr":0.0000,"replayCount":10,"preTick":2331,"postTick":2331,"serverTick":2321,"ackSeq":939,"simTick":2618},"timestamp":1782243052263}
{"sessionId":"3f83e2","runId":"post-fix7","hypothesisId":"H2","location":"Starship.NetworkMotor:ClientPredictMotorFixedStep","message":"owner_predict","data":{"tick":2332,"simTick":2618,"serverClock":2622,"tickLead":-286,"speed":0.000,"thrust":0},"timestamp":1782243052263}
{"sessionId":"3f83e2","runId":"post-fix7","hypothesisId":"H1","location":"Starship.NetworkMotor:ReconcileOwnerFromServer","message":"owner_reconcile","data":{"preSnapErr":0.0000,"replayCount":10,"preTick":2332,"postTick":2332,"serverTick":2322,"ackSeq":940,"simTick":2619},"timestamp":1782243052287}
{"sessionId":"3f83e2","runId":"post-fix7","hypothesisId":"H1","location":"Starship.NetworkMotor:ReconcileOwnerFromServer","message":"owner_reconcile","data":{"preSnapErr":0.0000,"replayCount":11,"preTick":2334,"postTick":2334,"serverTick":2323,"ackSeq":941,"simTick":2621},"timestamp":1782243052310}
{"sessionId":"3f83e2","runId":"post-fix7","hypothesisId":"H1","location":"Starship.NetworkMotor:ReconcileOwnerFromServer","message":"owner_reconcile","data":{"preSnapErr":0.0000,"replayCount":11,"preTick":2336,"postTick":2336,"serverTick":2325,"ackSeq":943,"simTick":2623},"timestamp":1782243052357}
{"sessionId":"3f83e2","runId":"post-fix7","hypothesisId":"H1","location":"Starship.NetworkMotor:ReconcileOwnerFromServer","message":"owner_reconcile","data":{"preSnapErr":0.0000,"replayCount":10,"preTick":2337,"postTick":2337,"serverTick":2327,"ackSeq":945,"simTick":2624},"timestamp":1782243052379}
{"sessionId":"3f83e2","runId":"post-fix7","hypothesisId":"H1","location":"Starship.NetworkMotor:ReconcileOwnerFromServer","message":"owner_reconcile","data":{"preSnapErr":0.0000,"replayCount":11,"preTick":2340,"postTick":2340,"serverTick":2329,"ackSeq":947,"simTick":2627},"timestamp":1782243052434}
{"sessionId":"3f83e2","runId":"post-fix7","hypothesisId":"H1","location":"Starship.NetworkMotor:ReconcileOwnerFromServer","message":"owner_reconcile","data":{"preSnapErr":0.0000,"replayCount":11,"preTick":2341,"postTick":2341,"serverTick":2330,"ackSeq":948,"simTick":2628},"timestamp":1782243052455}
{"sessionId":"3f83e2","runId":"post-fix7","hypothesisId":"H1","location":"Starship.NetworkMotor:ReconcileOwnerFromServer","message":"owner_reconcile","data":{"preSnapErr":0.0000,"replayCount":11,"preTick":2343,"postTick":2343,"serverTick":2332,"ackSeq":950,"simTick":2630},"timestamp":1782243052499}
{"sessionId":"3f83e2","runId":"post-fix7","hypothesisId":"H5","location":"Starship.NetworkMotor:ApplyOwnerPredictedMotorVisuals","message":"owner_display","data":{"alpha":0.642,"renderSpan":0.0000,"frameDelta":0.0000,"speed":F3},"timestamp":1782243052510}
{"sessionId":"3f83e2","runId":"post-fix7","hypothesisId":"H1","location":"Starship.NetworkMotor:ReconcileOwnerFromServer","message":"owner_reconcile","data":{"preSnapErr":0.0000,"replayCount":10,"preTick":2344,"postTick":2344,"serverTick":2334,"ackSeq":952,"simTick":2631},"timestamp":1782243052523}
{"sessionId":"3f83e2","runId":"post-fix7","hypothesisId":"H1","location":"Starship.NetworkMotor:ReconcileOwnerFromServer","message":"owner_reconcile","data":{"preSnapErr":0.0000,"replayCount":9,"preTick":2345,"postTick":2345,"serverTick":2336,"ackSeq":954,"simTick":2632},"timestamp":1782243052569}
{"sessionId":"3f83e2","runId":"post-fix7","hypothesisId":"H1","location":"Starship.NetworkMotor:ReconcileOwnerFromServer","message":"owner_reconcile","data":{"preSnapErr":0.0000,"replayCount":11,"preTick":2348,"postTick":2348,"serverTick":2337,"ackSeq":955,"simTick":2635},"timestamp":1782243052591}
{"sessionId":"3f83e2","runId":"post-fix7","hypothesisId":"H1","location":"Starship.NetworkMotor:ReconcileOwnerFromServer","message":"owner_reconcile","data":{"preSnapErr":0.0000,"replayCount":11,"preTick":2349,"postTick":2349,"serverTick":2338,"ackSeq":956,"simTick":2636},"timestamp":1782243052614}
{"sessionId":"3f83e2","runId":"post-fix7","hypothesisId":"H1","location":"Starship.NetworkMotor:ReconcileOwnerFromServer","message":"owner_reconcile","data":{"preSnapErr":0.0000,"replayCount":11,"preTick":2351,"postTick":2351,"serverTick":2340,"ackSeq":958,"simTick":2638},"timestamp":1782243052653}
{"sessionId":"3f83e2","runId":"post-fix7","hypothesisId":"H1","location":"Starship.NetworkMotor:ReconcileOwnerFromServer","message":"owner_reconcile","data":{"preSnapErr":0.0000,"replayCount":10,"preTick":2352,"postTick":2352,"serverTick":2342,"ackSeq":960,"simTick":2639},"timestamp":1782243052672}
{"sessionId":"3f83e2","runId":"post-fix7","hypothesisId":"H1","location":"Starship.NetworkMotor:ReconcileOwnerFromServer","message":"owner_reconcile","data":{"preSnapErr":0.0000,"replayCount":11,"preTick":2354,"postTick":2354,"serverTick":2343,"ackSeq":961,"simTick":2641},"timestamp":1782243052711}
{"sessionId":"3f83e2","runId":"post-fix7","hypothesisId":"H1","location":"Starship.NetworkMotor:ReconcileOwnerFromServer","message":"owner_reconcile","data":{"preSnapErr":0.0000,"replayCount":11,"preTick":2356,"postTick":2356,"serverTick":2345,"ackSeq":963,"simTick":2643},"timestamp":1782243052751}
{"sessionId":"3f83e2","runId":"post-fix7","hypothesisId":"H2","location":"Starship.NetworkMotor:ClientPredictMotorFixedStep","message":"owner_predict","data":{"tick":2357,"simTick":2643,"serverClock":2647,"tickLead":-286,"speed":0.000,"thrust":0},"timestamp":1782243052751}
{"sessionId":"3f83e2","runId":"post-fix7","hypothesisId":"H5","location":"Starship.NetworkMotor:ApplyOwnerPredictedMotorVisuals","message":"owner_display","data":{"alpha":0.229,"renderSpan":0.0000,"frameDelta":0.0000,"speed":F3},"timestamp":1782243052777}
{"sessionId":"3f83e2","runId":"post-fix7","hypothesisId":"H1","location":"Starship.NetworkMotor:ReconcileOwnerFromServer","message":"owner_reconcile","data":{"preSnapErr":0.0000,"replayCount":11,"preTick":2358,"postTick":2358,"serverTick":2347,"ackSeq":965,"simTick":2645},"timestamp":1782243052792}
{"sessionId":"3f83e2","runId":"post-fix7","hypothesisId":"H1","location":"Starship.NetworkMotor:ReconcileOwnerFromServer","message":"owner_reconcile","data":{"preSnapErr":0.0000,"replayCount":10,"preTick":2359,"postTick":2359,"serverTick":2349,"ackSeq":967,"simTick":2646},"timestamp":1782243052813}
{"sessionId":"3f83e2","runId":"post-fix7","hypothesisId":"H1","location":"Starship.NetworkMotor:ReconcileOwnerFromServer","message":"owner_reconcile","data":{"preSnapErr":0.0000,"replayCount":11,"preTick":2361,"postTick":2361,"serverTick":2350,"ackSeq":968,"simTick":2648},"timestamp":1782243052857}
{"sessionId":"3f83e2","runId":"post-fix7","hypothesisId":"H1","location":"Starship.NetworkMotor:ReconcileOwnerFromServer","message":"owner_reconcile","data":{"preSnapErr":0.0000,"replayCount":11,"preTick":2363,"postTick":2363,"serverTick":2352,"ackSeq":970,"simTick":2650},"timestamp":1782243052896}
{"sessionId":"3f83e2","runId":"post-fix7","hypothesisId":"H1","location":"Starship.NetworkMotor:ReconcileOwnerFromServer","message":"owner_reconcile","data":{"preSnapErr":0.0000,"replayCount":11,"preTick":2364,"postTick":2364,"serverTick":2353,"ackSeq":971,"simTick":2651},"timestamp":1782243052916}
{"sessionId":"3f83e2","runId":"post-fix7","hypothesisId":"H1","location":"Starship.NetworkMotor:ReconcileOwnerFromServer","message":"owner_reconcile","data":{"preSnapErr":0.0000,"replayCount":10,"preTick":2365,"postTick":2365,"serverTick":2355,"ackSeq":973,"simTick":2652},"timestamp":1782243052937}
{"sessionId":"3f83e2","runId":"post-fix7","hypothesisId":"H1","location":"Starship.NetworkMotor:ReconcileOwnerFromServer","message":"owner_reconcile","data":{"preSnapErr":0.0000,"replayCount":10,"preTick":2367,"postTick":2367,"serverTick":2357,"ackSeq":975,"simTick":2654},"timestamp":1782243052976}
{"sessionId":"3f83e2","runId":"post-fix7","hypothesisId":"H1","location":"Starship.NetworkMotor:ReconcileOwnerFromServer","message":"owner_reconcile","data":{"preSnapErr":0.0000,"replayCount":11,"preTick":2369,"postTick":2369,"serverTick":2358,"ackSeq":976,"simTick":2656},"timestamp":1782243053016}
{"sessionId":"3f83e2","runId":"post-fix7","hypothesisId":"H5","location":"Starship.NetworkMotor:ApplyOwnerPredictedMotorVisuals","message":"owner_display","data":{"alpha":0.446,"renderSpan":0.0000,"frameDelta":0.0000,"speed":F3},"timestamp":1782243053023}
{"sessionId":"3f83e2","runId":"post-fix7","hypothesisId":"H1","location":"Starship.NetworkMotor:ReconcileOwnerFromServer","message":"owner_reconcile","data":{"preSnapErr":0.0000,"replayCount":10,"preTick":2370,"postTick":2370,"serverTick":2360,"ackSeq":978,"simTick":2657},"timestamp":1782243053040}
{"sessionId":"3f83e2","runId":"post-fix7","hypothesisId":"H1","location":"Starship.NetworkMotor:ReconcileOwnerFromServer","message":"owner_reconcile","data":{"preSnapErr":0.0000,"replayCount":10,"preTick":2372,"postTick":2372,"serverTick":2362,"ackSeq":980,"simTick":2659},"timestamp":1782243053081}
{"sessionId":"3f83e2","runId":"post-fix7","hypothesisId":"H1","location":"Starship.NetworkMotor:ReconcileOwnerFromServer","message":"owner_reconcile","data":{"preSnapErr":0.0000,"replayCount":11,"preTick":2374,"postTick":2374,"serverTick":2363,"ackSeq":981,"simTick":2661},"timestamp":1782243053120}
{"sessionId":"3f83e2","runId":"post-fix7","hypothesisId":"H1","location":"Starship.NetworkMotor:ReconcileOwnerFromServer","message":"owner_reconcile","data":{"preSnapErr":0.0000,"replayCount":10,"preTick":2375,"postTick":2375,"serverTick":2365,"ackSeq":983,"simTick":2662},"timestamp":1782243053141}
{"sessionId":"3f83e2","runId":"post-fix7","hypothesisId":"H1","location":"Starship.NetworkMotor:ReconcileOwnerFromServer","message":"owner_reconcile","data":{"preSnapErr":0.0000,"replayCount":10,"preTick":2377,"postTick":2377,"serverTick":2367,"ackSeq":985,"simTick":2664},"timestamp":1782243053180}
{"sessionId":"3f83e2","runId":"post-fix7","hypothesisId":"H1","location":"Starship.NetworkMotor:ReconcileOwnerFromServer","message":"owner_reconcile","data":{"preSnapErr":0.0000,"replayCount":10,"preTick":2379,"postTick":2379,"serverTick":2369,"ackSeq":987,"simTick":2666},"timestamp":1782243053220}
{"sessionId":"3f83e2","runId":"post-fix7","hypothesisId":"H1","location":"Starship.NetworkMotor:ReconcileOwnerFromServer","message":"owner_reconcile","data":{"preSnapErr":0.0000,"replayCount":10,"preTick":2380,"postTick":2380,"serverTick":2370,"ackSeq":988,"simTick":2667},"timestamp":1782243053244}
{"sessionId":"3f83e2","runId":"post-fix7","hypothesisId":"H2","location":"Starship.NetworkMotor:ClientPredictMotorFixedStep","message":"owner_predict","data":{"tick":2382,"simTick":2668,"serverClock":2672,"tickLead":-286,"speed":0.000,"thrust":0},"timestamp":1782243053264}
{"sessionId":"3f83e2","runId":"post-fix7","hypothesisId":"H5","location":"Starship.NetworkMotor:ApplyOwnerPredictedMotorVisuals","message":"owner_display","data":{"alpha":0.887,"renderSpan":0.0000,"frameDelta":0.0000,"speed":F3},"timestamp":1782243053271}
{"sessionId":"3f83e2","runId":"post-fix7","hypothesisId":"H1","location":"Starship.NetworkMotor:ReconcileOwnerFromServer","message":"owner_reconcile","data":{"preSnapErr":0.0000,"replayCount":10,"preTick":2382,"postTick":2382,"serverTick":2372,"ackSeq":990,"simTick":2669},"timestamp":1782243053283}
{"sessionId":"3f83e2","runId":"post-fix7","hypothesisId":"H1","location":"Starship.NetworkMotor:ReconcileOwnerFromServer","message":"owner_reconcile","data":{"preSnapErr":0.0000,"replayCount":10,"preTick":2384,"postTick":2384,"serverTick":2374,"ackSeq":992,"simTick":2671},"timestamp":1782243053321}
{"sessionId":"3f83e2","runId":"post-fix7","hypothesisId":"H1","location":"Starship.NetworkMotor:ReconcileOwnerFromServer","message":"owner_reconcile","data":{"preSnapErr":0.0000,"replayCount":11,"preTick":2386,"postTick":2386,"serverTick":2375,"ackSeq":993,"simTick":2673},"timestamp":1782243053359}
{"sessionId":"3f83e2","runId":"post-fix7","hypothesisId":"H1","location":"Starship.NetworkMotor:ReconcileOwnerFromServer","message":"owner_reconcile","data":{"preSnapErr":0.0000,"replayCount":11,"preTick":2388,"postTick":2388,"serverTick":2377,"ackSeq":995,"simTick":2675},"timestamp":1782243053398}
{"sessionId":"3f83e2","runId":"post-fix7","hypothesisId":"H1","location":"Starship.NetworkMotor:ReconcileOwnerFromServer","message":"owner_reconcile","data":{"preSnapErr":0.0000,"replayCount":10,"preTick":2389,"postTick":2389,"serverTick":2379,"ackSeq":997,"simTick":2676},"timestamp":1782243053423}
{"sessionId":"3f83e2","runId":"post-fix7","hypothesisId":"H1","location":"Starship.NetworkMotor:ReconcileOwnerFromServer","message":"owner_reconcile","data":{"preSnapErr":0.0000,"replayCount":10,"preTick":2390,"postTick":2390,"serverTick":2380,"ackSeq":998,"simTick":2677},"timestamp":1782243053446}
{"sessionId":"3f83e2","runId":"post-fix7","hypothesisId":"H1","location":"Starship.NetworkMotor:ReconcileOwnerFromServer","message":"owner_reconcile","data":{"preSnapErr":0.0000,"replayCount":11,"preTick":2393,"postTick":2393,"serverTick":2382,"ackSeq":1000,"simTick":2680},"timestamp":1782243053502}
{"sessionId":"3f83e2","runId":"post-fix7","hypothesisId":"H5","location":"Starship.NetworkMotor:ApplyOwnerPredictedMotorVisuals","message":"owner_display","data":{"alpha":0.758,"renderSpan":0.0000,"frameDelta":0.0000,"speed":F3},"timestamp":1782243053510}
{"sessionId":"3f83e2","runId":"post-fix7","hypothesisId":"H1","location":"Starship.NetworkMotor:ReconcileOwnerFromServer","message":"owner_reconcile","data":{"preSnapErr":0.0000,"replayCount":11,"preTick":2394,"postTick":2394,"serverTick":2383,"ackSeq":1001,"simTick":2681},"timestamp":1782243053523}
{"sessionId":"3f83e2","runId":"post-fix7","hypothesisId":"H1","location":"Starship.NetworkMotor:ReconcileOwnerFromServer","message":"owner_reconcile","data":{"preSnapErr":0.0000,"replayCount":10,"preTick":2395,"postTick":2395,"serverTick":2385,"ackSeq":1003,"simTick":2682},"timestamp":1782243053541}
{"sessionId":"3f83e2","runId":"post-fix7","hypothesisId":"H1","location":"Starship.NetworkMotor:ReconcileOwnerFromServer","message":"owner_reconcile","data":{"preSnapErr":0.0000,"replayCount":10,"preTick":2397,"postTick":2397,"serverTick":2387,"ackSeq":1005,"simTick":2684},"timestamp":1782243053578}
{"sessionId":"3f83e2","runId":"post-fix7","hypothesisId":"H1","location":"Starship.NetworkMotor:ReconcileOwnerFromServer","message":"owner_reconcile","data":{"preSnapErr":0.0000,"replayCount":11,"preTick":2399,"postTick":2399,"serverTick":2388,"ackSeq":1006,"simTick":2686},"timestamp":1782243053615}
{"sessionId":"3f83e2","runId":"post-fix7","hypothesisId":"H1","location":"Starship.NetworkMotor:ReconcileOwnerFromServer","message":"owner_reconcile","data":{"preSnapErr":0.0000,"replayCount":11,"preTick":2401,"postTick":2401,"serverTick":2390,"ackSeq":1008,"simTick":2689},"timestamp":1782243053661}
{"sessionId":"3f83e2","runId":"post-fix7","hypothesisId":"H1","location":"Starship.NetworkMotor:ReconcileOwnerFromServer","message":"owner_reconcile","data":{"preSnapErr":0.0000,"replayCount":10,"preTick":2402,"postTick":2402,"serverTick":2392,"ackSeq":1010,"simTick":2690},"timestamp":1782243053680}
{"sessionId":"3f83e2","runId":"post-fix7","hypothesisId":"H1","location":"Starship.NetworkMotor:ReconcileOwnerFromServer","message":"owner_reconcile","data":{"preSnapErr":0.0000,"replayCount":10,"preTick":2403,"postTick":2403,"serverTick":2393,"ackSeq":1011,"simTick":2691},"timestamp":1782243053700}
{"sessionId":"3f83e2","runId":"post-fix7","hypothesisId":"H1","location":"Starship.NetworkMotor:ReconcileOwnerFromServer","message":"owner_reconcile","data":{"preSnapErr":0.0000,"replayCount":10,"preTick":2405,"postTick":2405,"serverTick":2395,"ackSeq":1013,"simTick":2693},"timestamp":1782243053738}
{"sessionId":"3f83e2","runId":"post-fix7","hypothesisId":"H5","location":"Starship.NetworkMotor:ApplyOwnerPredictedMotorVisuals","message":"owner_display","data":{"alpha":0.599,"renderSpan":0.0000,"frameDelta":0.0000,"speed":F3},"timestamp":1782243053746}
{"sessionId":"3f83e2","runId":"post-fix7","hypothesisId":"H2","location":"Starship.NetworkMotor:ClientPredictMotorFixedStep","message":"owner_predict","data":{"tick":2407,"simTick":2694,"serverClock":2697,"tickLead":-287,"speed":0.000,"thrust":0},"timestamp":1782243053759}
{"sessionId":"3f83e2","runId":"post-fix7","hypothesisId":"H1","location":"Starship.NetworkMotor:ReconcileOwnerFromServer","message":"owner_reconcile","data":{"preSnapErr":0.0000,"replayCount":10,"preTick":2407,"postTick":2407,"serverTick":2397,"ackSeq":1015,"simTick":2695},"timestamp":1782243053777}
{"sessionId":"3f83e2","runId":"post-fix7","hypothesisId":"H1","location":"Starship.NetworkMotor:ReconcileOwnerFromServer","message":"owner_reconcile","data":{"preSnapErr":0.0000,"replayCount":11,"preTick":2409,"postTick":2409,"serverTick":2398,"ackSeq":1016,"simTick":2697},"timestamp":1782243053817}
{"sessionId":"3f83e2","runId":"post-fix7","hypothesisId":"H1","location":"Starship.NetworkMotor:ReconcileOwnerFromServer","message":"owner_reconcile","data":{"preSnapErr":0.0000,"replayCount":11,"preTick":2411,"postTick":2411,"serverTick":2400,"ackSeq":1018,"simTick":2699},"timestamp":1782243053860}
{"sessionId":"3f83e2","runId":"post-fix7","hypothesisId":"H1","location":"Starship.NetworkMotor:ReconcileOwnerFromServer","message":"owner_reconcile","data":{"preSnapErr":0.0000,"replayCount":10,"preTick":2412,"postTick":2412,"serverTick":2402,"ackSeq":1020,"simTick":2700},"timestamp":1782243053879}
{"sessionId":"3f83e2","runId":"post-fix7","hypothesisId":"H1","location":"Starship.NetworkMotor:ReconcileOwnerFromServer","message":"owner_reconcile","data":{"preSnapErr":0.0000,"replayCount":11,"preTick":2414,"postTick":2414,"serverTick":2403,"ackSeq":1021,"simTick":2702},"timestamp":1782243053916}
{"sessionId":"3f83e2","runId":"post-fix7","hypothesisId":"H1","location":"Starship.NetworkMotor:ReconcileOwnerFromServer","message":"owner_reconcile","data":{"preSnapErr":0.0000,"replayCount":11,"preTick":2416,"postTick":2416,"serverTick":2405,"ackSeq":1023,"simTick":2704},"timestamp":1782243053954}
{"sessionId":"3f83e2","runId":"post-fix7","hypothesisId":"H1","location":"Starship.NetworkMotor:ReconcileOwnerFromServer","message":"owner_reconcile","data":{"preSnapErr":0.0000,"replayCount":10,"preTick":2417,"postTick":2417,"serverTick":2407,"ackSeq":1025,"simTick":2705},"timestamp":1782243053973}
{"sessionId":"3f83e2","runId":"post-fix7","hypothesisId":"H5","location":"Starship.NetworkMotor:ApplyOwnerPredictedMotorVisuals","message":"owner_display","data":{"alpha":0.332,"renderSpan":0.0000,"frameDelta":0.0000,"speed":F3},"timestamp":1782243053980}
{"sessionId":"3f83e2","runId":"post-fix7","hypothesisId":"H1","location":"Starship.NetworkMotor:ReconcileOwnerFromServer","message":"owner_reconcile","data":{"preSnapErr":0.0000,"replayCount":11,"preTick":2419,"postTick":2419,"serverTick":2408,"ackSeq":1026,"simTick":2707},"timestamp":1782243054010}
{"sessionId":"3f83e2","runId":"post-fix7","hypothesisId":"H1","location":"Starship.NetworkMotor:ReconcileOwnerFromServer","message":"owner_reconcile","data":{"preSnapErr":0.0000,"replayCount":11,"preTick":2421,"postTick":2421,"serverTick":2410,"ackSeq":1028,"simTick":2709},"timestamp":1782243054046}
{"sessionId":"3f83e2","runId":"post-fix7","hypothesisId":"H1","location":"Starship.NetworkMotor:ReconcileOwnerFromServer","message":"owner_reconcile","data":{"preSnapErr":0.0000,"replayCount":11,"preTick":2423,"postTick":2423,"serverTick":2412,"ackSeq":1030,"simTick":2711},"timestamp":1782243054086}
{"sessionId":"3f83e2","runId":"post-fix7","hypothesisId":"H1","location":"Starship.NetworkMotor:ReconcileOwnerFromServer","message":"owner_reconcile","data":{"preSnapErr":0.0000,"replayCount":11,"preTick":2424,"postTick":2424,"serverTick":2413,"ackSeq":1031,"simTick":2712},"timestamp":1782243054122}
{"sessionId":"3f83e2","runId":"post-fix7","hypothesisId":"H1","location":"Starship.NetworkMotor:ReconcileOwnerFromServer","message":"owner_reconcile","data":{"preSnapErr":0.0000,"replayCount":10,"preTick":2425,"postTick":2425,"serverTick":2415,"ackSeq":1033,"simTick":2713},"timestamp":1782243054142}
{"sessionId":"3f83e2","runId":"post-fix7","hypothesisId":"H1","location":"Starship.NetworkMotor:ReconcileOwnerFromServer","message":"owner_reconcile","data":{"preSnapErr":0.0000,"replayCount":10,"preTick":2427,"postTick":2427,"serverTick":2417,"ackSeq":1035,"simTick":2715},"timestamp":1782243054180}
{"sessionId":"3f83e2","runId":"post-fix7","hypothesisId":"H5","location":"Starship.NetworkMotor:ApplyOwnerPredictedMotorVisuals","message":"owner_display","data":{"alpha":0.625,"renderSpan":0.0000,"frameDelta":0.0000,"speed":F3},"timestamp":1782243054205}
{"sessionId":"3f83e2","runId":"post-fix7","hypothesisId":"H1","location":"Starship.NetworkMotor:ReconcileOwnerFromServer","message":"owner_reconcile","data":{"preSnapErr":0.0000,"replayCount":10,"preTick":2429,"postTick":2429,"serverTick":2419,"ackSeq":1037,"simTick":2717},"timestamp":1782243054218}
{"sessionId":"3f83e2","runId":"post-fix7","hypothesisId":"H1","location":"Starship.NetworkMotor:ReconcileOwnerFromServer","message":"owner_reconcile","data":{"preSnapErr":0.0000,"replayCount":10,"preTick":2431,"postTick":2431,"serverTick":2421,"ackSeq":1039,"simTick":2719},"timestamp":1782243054258}
{"sessionId":"3f83e2","runId":"post-fix7","hypothesisId":"H2","location":"Starship.NetworkMotor:ClientPredictMotorFixedStep","message":"owner_predict","data":{"tick":2432,"simTick":2719,"serverClock":2722,"tickLead":-287,"speed":0.000,"thrust":0},"timestamp":1782243054260}
{"sessionId":"3f83e2","runId":"post-fix7","hypothesisId":"H1","location":"Starship.NetworkMotor:ReconcileOwnerFromServer","message":"owner_reconcile","data":{"preSnapErr":0.0000,"replayCount":10,"preTick":2432,"postTick":2432,"serverTick":2422,"ackSeq":1040,"simTick":2720},"timestamp":1782243054284}
{"sessionId":"3f83e2","runId":"post-fix7","hypothesisId":"H1","location":"Starship.NetworkMotor:ReconcileOwnerFromServer","message":"owner_reconcile","data":{"preSnapErr":0.0000,"replayCount":10,"preTick":2434,"postTick":2434,"serverTick":2424,"ackSeq":1042,"simTick":2722},"timestamp":1782243054325}
{"sessionId":"3f83e2","runId":"post-fix7","hypothesisId":"H1","location":"Starship.NetworkMotor:ReconcileOwnerFromServer","message":"owner_reconcile","data":{"preSnapErr":0.0000,"replayCount":9,"preTick":2435,"postTick":2435,"serverTick":2426,"ackSeq":1044,"simTick":2723},"timestamp":1782243054347}
{"sessionId":"3f83e2","runId":"post-fix7","hypothesisId":"H1","location":"Starship.NetworkMotor:ReconcileOwnerFromServer","message":"owner_reconcile","data":{"preSnapErr":0.0000,"replayCount":10,"preTick":2438,"postTick":2438,"serverTick":2428,"ackSeq":1046,"simTick":2726},"timestamp":1782243054400}
{"sessionId":"3f83e2","runId":"post-fix7","hypothesisId":"H1","location":"Starship.NetworkMotor:ReconcileOwnerFromServer","message":"owner_reconcile","data":{"preSnapErr":0.0000,"replayCount":10,"preTick":2440,"postTick":2440,"serverTick":2430,"ackSeq":1048,"simTick":2728},"timestamp":1782243054441}
{"sessionId":"3f83e2","runId":"post-fix7","hypothesisId":"H5","location":"Starship.NetworkMotor:ApplyOwnerPredictedMotorVisuals","message":"owner_display","data":{"alpha":0.724,"renderSpan":0.0000,"frameDelta":0.0000,"speed":F3},"timestamp":1782243054448}
{"sessionId":"3f83e2","runId":"post-fix7","hypothesisId":"H1","location":"Starship.NetworkMotor:ReconcileOwnerFromServer","message":"owner_reconcile","data":{"preSnapErr":0.0000,"replayCount":10,"preTick":2441,"postTick":2441,"serverTick":2431,"ackSeq":1049,"simTick":2729},"timestamp":1782243054460}
{"sessionId":"3f83e2","runId":"post-fix7","hypothesisId":"H1","location":"Starship.NetworkMotor:ReconcileOwnerFromServer","message":"owner_reconcile","data":{"preSnapErr":0.0000,"replayCount":11,"preTick":2444,"postTick":2444,"serverTick":2433,"ackSeq":1051,"simTick":2732},"timestamp":1782243054517}
{"sessionId":"3f83e2","runId":"post-fix7","hypothesisId":"H1","location":"Starship.NetworkMotor:ReconcileOwnerFromServer","message":"owner_reconcile","data":{"preSnapErr":0.0000,"replayCount":10,"preTick":2445,"postTick":2445,"serverTick":2435,"ackSeq":1053,"simTick":2733},"timestamp":1782243054536}
{"sessionId":"3f83e2","runId":"post-fix7","hypothesisId":"H1","location":"Starship.NetworkMotor:ReconcileOwnerFromServer","message":"owner_reconcile","data":{"preSnapErr":0.0000,"replayCount":10,"preTick":2447,"postTick":2447,"serverTick":2437,"ackSeq":1055,"simTick":2735},"timestamp":1782243054573}
{"sessionId":"3f83e2","runId":"post-fix7","hypothesisId":"H1","location":"Starship.NetworkMotor:ReconcileOwnerFromServer","message":"owner_reconcile","data":{"preSnapErr":0.0000,"replayCount":11,"preTick":2449,"postTick":2449,"serverTick":2438,"ackSeq":1056,"simTick":2737},"timestamp":1782243054611}
{"sessionId":"3f83e2","runId":"post-fix7","hypothesisId":"H1","location":"Starship.NetworkMotor:ReconcileOwnerFromServer","message":"owner_reconcile","data":{"preSnapErr":0.0000,"replayCount":11,"preTick":2451,"postTick":2451,"serverTick":2440,"ackSeq":1058,"simTick":2739},"timestamp":1782243054647}
{"sessionId":"3f83e2","runId":"post-fix7","hypothesisId":"H5","location":"Starship.NetworkMotor:ApplyOwnerPredictedMotorVisuals","message":"owner_display","data":{"alpha":0.013,"renderSpan":0.0000,"frameDelta":0.0000,"speed":F3},"timestamp":1782243054673}
{"sessionId":"3f83e2","runId":"post-fix7","hypothesisId":"H1","location":"Starship.NetworkMotor:ReconcileOwnerFromServer","message":"owner_reconcile","data":{"preSnapErr":0.0000,"replayCount":11,"preTick":2453,"postTick":2453,"serverTick":2442,"ackSeq":1060,"simTick":2741},"timestamp":1782243054690}
{"sessionId":"3f83e2","runId":"post-fix7","hypothesisId":"H1","location":"Starship.NetworkMotor:ReconcileOwnerFromServer","message":"owner_reconcile","data":{"preSnapErr":0.0000,"replayCount":11,"preTick":2454,"postTick":2454,"serverTick":2443,"ackSeq":1061,"simTick":2742},"timestamp":1782243054708}
{"sessionId":"3f83e2","runId":"post-fix7","hypothesisId":"H1","location":"Starship.NetworkMotor:ReconcileOwnerFromServer","message":"owner_reconcile","data":{"preSnapErr":0.0000,"replayCount":11,"preTick":2456,"postTick":2456,"serverTick":2445,"ackSeq":1063,"simTick":2744},"timestamp":1782243054764}
{"sessionId":"3f83e2","runId":"post-fix7","hypothesisId":"H2","location":"Starship.NetworkMotor:ClientPredictMotorFixedStep","message":"owner_predict","data":{"tick":2457,"simTick":2744,"serverClock":2747,"tickLead":-287,"speed":0.000,"thrust":0},"timestamp":1782243054764}
{"sessionId":"3f83e2","runId":"post-fix7","hypothesisId":"H1","location":"Starship.NetworkMotor:ReconcileOwnerFromServer","message":"owner_reconcile","data":{"preSnapErr":0.0000,"replayCount":10,"preTick":2457,"postTick":2457,"serverTick":2447,"ackSeq":1065,"simTick":2745},"timestamp":1782243054783}
{"sessionId":"3f83e2","runId":"post-fix7","hypothesisId":"H1","location":"Starship.NetworkMotor:ReconcileOwnerFromServer","message":"owner_reconcile","data":{"preSnapErr":0.0000,"replayCount":10,"preTick":2459,"postTick":2459,"serverTick":2449,"ackSeq":1067,"simTick":2747},"timestamp":1782243054822}
{"sessionId":"3f83e2","runId":"post-fix7","hypothesisId":"H1","location":"Starship.NetworkMotor:ReconcileOwnerFromServer","message":"owner_reconcile","data":{"preSnapErr":0.0000,"replayCount":11,"preTick":2461,"postTick":2461,"serverTick":2450,"ackSeq":1068,"simTick":2749},"timestamp":1782243054861}
{"sessionId":"3f83e2","runId":"post-fix7","hypothesisId":"H1","location":"Starship.NetworkMotor:ReconcileOwnerFromServer","message":"owner_reconcile","data":{"preSnapErr":0.0000,"replayCount":11,"preTick":2463,"postTick":2463,"serverTick":2452,"ackSeq":1070,"simTick":2751},"timestamp":1782243054900}
{"sessionId":"3f83e2","runId":"post-fix7","hypothesisId":"H5","location":"Starship.NetworkMotor:ApplyOwnerPredictedMotorVisuals","message":"owner_display","data":{"alpha":0.690,"renderSpan":0.0000,"frameDelta":0.0000,"speed":F3},"timestamp":1782243054906}
{"sessionId":"3f83e2","runId":"post-fix7","hypothesisId":"H1","location":"Starship.NetworkMotor:ReconcileOwnerFromServer","message":"owner_reconcile","data":{"preSnapErr":0.0000,"replayCount":10,"preTick":2464,"postTick":2464,"serverTick":2454,"ackSeq":1072,"simTick":2752},"timestamp":1782243054917}
{"sessionId":"3f83e2","runId":"post-fix7","hypothesisId":"H1","location":"Starship.NetworkMotor:ReconcileOwnerFromServer","message":"owner_reconcile","data":{"preSnapErr":0.0000,"replayCount":10,"preTick":2465,"postTick":2465,"serverTick":2455,"ackSeq":1073,"simTick":2753},"timestamp":1782243054934}
{"sessionId":"3f83e2","runId":"post-fix7","hypothesisId":"H1","location":"Starship.NetworkMotor:ReconcileOwnerFromServer","message":"owner_reconcile","data":{"preSnapErr":0.0000,"replayCount":11,"preTick":2467,"postTick":2467,"serverTick":2456,"ackSeq":1074,"simTick":2755},"timestamp":1782243054970}
{"sessionId":"3f83e2","runId":"post-fix7","hypothesisId":"H1","location":"Starship.NetworkMotor:ReconcileOwnerFromServer","message":"owner_reconcile","data":{"preSnapErr":0.0000,"replayCount":8,"preTick":2468,"postTick":2468,"serverTick":2460,"ackSeq":1078,"simTick":2754},"timestamp":1782243055036}
{"sessionId":"3f83e2","runId":"post-fix7","hypothesisId":"H1","location":"Starship.NetworkMotor:ReconcileOwnerFromServer","message":"owner_reconcile","data":{"preSnapErr":0.0000,"replayCount":10,"preTick":2472,"postTick":2472,"serverTick":2462,"ackSeq":1080,"simTick":2758},"timestamp":1782243055075}
{"sessionId":"3f83e2","runId":"post-fix7","hypothesisId":"H1","location":"Starship.NetworkMotor:ReconcileOwnerFromServer","message":"owner_reconcile","data":{"preSnapErr":0.0000,"replayCount":11,"preTick":2474,"postTick":2474,"serverTick":2463,"ackSeq":1081,"simTick":2760},"timestamp":1782243055115}
{"sessionId":"3f83e2","runId":"post-fix7","hypothesisId":"H1","location":"Starship.NetworkMotor:ReconcileOwnerFromServer","message":"owner_reconcile","data":{"preSnapErr":0.0000,"replayCount":11,"preTick":2476,"postTick":2476,"serverTick":2465,"ackSeq":1083,"simTick":2762},"timestamp":1782243055153}
{"sessionId":"3f83e2","runId":"post-fix7","hypothesisId":"H1","location":"Starship.NetworkMotor:ReconcileOwnerFromServer","message":"owner_reconcile","data":{"preSnapErr":0.0000,"replayCount":10,"preTick":2477,"postTick":2477,"serverTick":2467,"ackSeq":1085,"simTick":2763},"timestamp":1782243055173}
{"sessionId":"3f83e2","runId":"post-fix7","hypothesisId":"H5","location":"Starship.NetworkMotor:ApplyOwnerPredictedMotorVisuals","message":"owner_display","data":{"alpha":0.349,"renderSpan":0.0000,"frameDelta":0.0000,"speed":F3},"timestamp":1782243055180}
{"sessionId":"3f83e2","runId":"post-fix7","hypothesisId":"H1","location":"Starship.NetworkMotor:ReconcileOwnerFromServer","message":"owner_reconcile","data":{"preSnapErr":0.0000,"replayCount":11,"preTick":2480,"postTick":2480,"serverTick":2469,"ackSeq":1087,"simTick":2766},"timestamp":1782243055227}
{"sessionId":"3f83e2","runId":"post-fix7","hypothesisId":"H1","location":"Starship.NetworkMotor:ReconcileOwnerFromServer","message":"owner_reconcile","data":{"preSnapErr":0.0000,"replayCount":10,"preTick":2481,"postTick":2481,"serverTick":2471,"ackSeq":1089,"simTick":2767},"timestamp":1782243055261}
{"sessionId":"3f83e2","runId":"post-fix7","hypothesisId":"H2","location":"Starship.NetworkMotor:ClientPredictMotorFixedStep","message":"owner_predict","data":{"tick":2482,"simTick":2767,"serverClock":2772,"tickLead":-285,"speed":0.000,"thrust":0},"timestamp":1782243055262}
{"sessionId":"3f83e2","runId":"post-fix7","hypothesisId":"H1","location":"Starship.NetworkMotor:ReconcileOwnerFromServer","message":"owner_reconcile","data":{"preSnapErr":0.0000,"replayCount":10,"preTick":2482,"postTick":2482,"serverTick":2472,"ackSeq":1090,"simTick":2768},"timestamp":1782243055285}
{"sessionId":"3f83e2","runId":"post-fix7","hypothesisId":"H1","location":"Starship.NetworkMotor:ReconcileOwnerFromServer","message":"owner_reconcile","data":{"preSnapErr":0.0000,"replayCount":10,"preTick":2483,"postTick":2483,"serverTick":2473,"ackSeq":1091,"simTick":2769},"timestamp":1782243055304}
{"sessionId":"3f83e2","runId":"post-fix7","hypothesisId":"H1","location":"Starship.NetworkMotor:ReconcileOwnerFromServer","message":"owner_reconcile","data":{"preSnapErr":0.0000,"replayCount":10,"preTick":2485,"postTick":2485,"serverTick":2475,"ackSeq":1093,"simTick":2771},"timestamp":1782243055343}
{"sessionId":"3f83e2","runId":"post-fix7","hypothesisId":"H1","location":"Starship.NetworkMotor:ReconcileOwnerFromServer","message":"owner_reconcile","data":{"preSnapErr":0.0000,"replayCount":10,"preTick":2487,"postTick":2487,"serverTick":2477,"ackSeq":1095,"simTick":2773},"timestamp":1782243055382}
{"sessionId":"3f83e2","runId":"post-fix7","hypothesisId":"H5","location":"Starship.NetworkMotor:ApplyOwnerPredictedMotorVisuals","message":"owner_display","data":{"alpha":0.648,"renderSpan":0.0000,"frameDelta":0.0000,"speed":F3},"timestamp":1782243055405}
{"sessionId":"3f83e2","runId":"post-fix7","hypothesisId":"H1","location":"Starship.NetworkMotor:ReconcileOwnerFromServer","message":"owner_reconcile","data":{"preSnapErr":0.0000,"replayCount":10,"preTick":2489,"postTick":2489,"serverTick":2479,"ackSeq":1097,"simTick":2775},"timestamp":1782243055417}
{"sessionId":"3f83e2","runId":"post-fix7","hypothesisId":"H1","location":"Starship.NetworkMotor:ReconcileOwnerFromServer","message":"owner_reconcile","data":{"preSnapErr":0.0000,"replayCount":10,"preTick":2491,"postTick":2491,"serverTick":2481,"ackSeq":1099,"simTick":2777},"timestamp":1782243055455}
{"sessionId":"3f83e2","runId":"post-fix7","hypothesisId":"H1","location":"Starship.NetworkMotor:ReconcileOwnerFromServer","message":"owner_reconcile","data":{"preSnapErr":0.0000,"replayCount":11,"preTick":2493,"postTick":2493,"serverTick":2482,"ackSeq":1100,"simTick":2779},"timestamp":1782243055493}
{"sessionId":"3f83e2","runId":"post-fix7","hypothesisId":"H1","location":"Starship.NetworkMotor:ReconcileOwnerFromServer","message":"owner_reconcile","data":{"preSnapErr":0.0000,"replayCount":11,"preTick":2494,"postTick":2494,"serverTick":2483,"ackSeq":1101,"simTick":2780},"timestamp":1782243055512}
{"sessionId":"3f83e2","runId":"post-fix7","hypothesisId":"H1","location":"Starship.NetworkMotor:ReconcileOwnerFromServer","message":"owner_reconcile","data":{"preSnapErr":0.0000,"replayCount":11,"preTick":2496,"postTick":2496,"serverTick":2485,"ackSeq":1103,"simTick":2782},"timestamp":1782243055550}
{"sessionId":"3f83e2","runId":"post-fix7","hypothesisId":"H1","location":"Starship.NetworkMotor:ReconcileOwnerFromServer","message":"owner_reconcile","data":{"preSnapErr":0.0000,"replayCount":11,"preTick":2498,"postTick":2498,"serverTick":2487,"ackSeq":1105,"simTick":2784},"timestamp":1782243055586}
{"sessionId":"3f83e2","runId":"post-fix7","hypothesisId":"H1","location":"Starship.NetworkMotor:ReconcileOwnerFromServer","message":"owner_reconcile","data":{"preSnapErr":0.0000,"replayCount":11,"preTick":2499,"postTick":2499,"serverTick":2488,"ackSeq":1106,"simTick":2785},"timestamp":1782243055622}
{"sessionId":"3f83e2","runId":"post-fix7","hypothesisId":"H5","location":"Starship.NetworkMotor:ApplyOwnerPredictedMotorVisuals","message":"owner_display","data":{"alpha":0.724,"renderSpan":0.0000,"frameDelta":0.0000,"speed":F3},"timestamp":1782243055628}
{"sessionId":"3f83e2","runId":"post-fix7","hypothesisId":"H1","location":"Starship.NetworkMotor:ReconcileOwnerFromServer","message":"owner_reconcile","data":{"preSnapErr":0.0000,"replayCount":10,"preTick":2500,"postTick":2500,"serverTick":2490,"ackSeq":1108,"simTick":2786},"timestamp":1782243055641}
{"sessionId":"3f83e2","runId":"post-fix7","hypothesisId":"H1","location":"Starship.NetworkMotor:ReconcileOwnerFromServer","message":"owner_reconcile","data":{"preSnapErr":0.0000,"replayCount":10,"preTick":2502,"postTick":2502,"serverTick":2492,"ackSeq":1110,"simTick":2788},"timestamp":1782243055677}
{"sessionId":"3f83e2","runId":"post-fix7","hypothesisId":"H1","location":"Starship.NetworkMotor:ReconcileOwnerFromServer","message":"owner_reconcile","data":{"preSnapErr":0.0000,"replayCount":11,"preTick":2504,"postTick":2504,"serverTick":2493,"ackSeq":1111,"simTick":2790},"timestamp":1782243055720}
{"sessionId":"3f83e2","runId":"post-fix7","hypothesisId":"H1","location":"Starship.NetworkMotor:ReconcileOwnerFromServer","message":"owner_reconcile","data":{"preSnapErr":0.0000,"replayCount":10,"preTick":2505,"postTick":2505,"serverTick":2495,"ackSeq":1113,"simTick":2791},"timestamp":1782243055743}
{"sessionId":"3f83e2","runId":"post-fix7","hypothesisId":"H2","location":"Starship.NetworkMotor:ClientPredictMotorFixedStep","message":"owner_predict","data":{"tick":2507,"simTick":2792,"serverClock":2797,"tickLead":-285,"speed":0.000,"thrust":0},"timestamp":1782243055761}
{"sessionId":"3f83e2","runId":"post-fix7","hypothesisId":"H1","location":"Starship.NetworkMotor:ReconcileOwnerFromServer","message":"owner_reconcile","data":{"preSnapErr":0.0000,"replayCount":10,"preTick":2507,"postTick":2507,"serverTick":2497,"ackSeq":1115,"simTick":2793},"timestamp":1782243055779}
{"sessionId":"3f83e2","runId":"post-fix7","hypothesisId":"H1","location":"Starship.NetworkMotor:ReconcileOwnerFromServer","message":"owner_reconcile","data":{"preSnapErr":0.0000,"replayCount":11,"preTick":2509,"postTick":2509,"serverTick":2498,"ackSeq":1116,"simTick":2795},"timestamp":1782243055818}
{"sessionId":"3f83e2","runId":"post-fix7","hypothesisId":"H1","location":"Starship.NetworkMotor:ReconcileOwnerFromServer","message":"owner_reconcile","data":{"preSnapErr":0.0000,"replayCount":11,"preTick":2511,"postTick":2511,"serverTick":2500,"ackSeq":1118,"simTick":2797},"timestamp":1782243055855}
{"sessionId":"3f83e2","runId":"post-fix7","hypothesisId":"H5","location":"Starship.NetworkMotor:ApplyOwnerPredictedMotorVisuals","message":"owner_display","data":{"alpha":0.448,"renderSpan":0.0000,"frameDelta":0.0000,"speed":F3},"timestamp":1782243055863}
{"sessionId":"3f83e2","runId":"post-fix7","hypothesisId":"H1","location":"Starship.NetworkMotor:ReconcileOwnerFromServer","message":"owner_reconcile","data":{"preSnapErr":0.0000,"replayCount":10,"preTick":2512,"postTick":2512,"serverTick":2502,"ackSeq":1120,"simTick":2798},"timestamp":1782243055876}
{"sessionId":"3f83e2","runId":"post-fix7","hypothesisId":"H1","location":"Starship.NetworkMotor:ReconcileOwnerFromServer","message":"owner_reconcile","data":{"preSnapErr":0.0000,"replayCount":11,"preTick":2514,"postTick":2514,"serverTick":2503,"ackSeq":1121,"simTick":2800},"timestamp":1782243055913}
{"sessionId":"3f83e2","runId":"post-fix7","hypothesisId":"H1","location":"Starship.NetworkMotor:ReconcileOwnerFromServer","message":"owner_reconcile","data":{"preSnapErr":0.0000,"replayCount":11,"preTick":2516,"postTick":2516,"serverTick":2505,"ackSeq":1123,"simTick":2803},"timestamp":1782243055951}
{"sessionId":"3f83e2","runId":"post-fix7","hypothesisId":"H1","location":"Starship.NetworkMotor:ReconcileOwnerFromServer","message":"owner_reconcile","data":{"preSnapErr":0.0000,"replayCount":11,"preTick":2518,"postTick":2518,"serverTick":2507,"ackSeq":1125,"simTick":2805},"timestamp":1782243055990}
{"sessionId":"3f83e2","runId":"post-fix7","hypothesisId":"H1","location":"Starship.NetworkMotor:ReconcileOwnerFromServer","message":"owner_reconcile","data":{"preSnapErr":0.0000,"replayCount":11,"preTick":2519,"postTick":2519,"serverTick":2508,"ackSeq":1126,"simTick":2806},"timestamp":1782243056008}
{"sessionId":"3f83e2","runId":"post-fix7","hypothesisId":"H1","location":"Starship.NetworkMotor:ReconcileOwnerFromServer","message":"owner_reconcile","data":{"preSnapErr":0.0000,"replayCount":11,"preTick":2521,"postTick":2521,"serverTick":2510,"ackSeq":1128,"simTick":2808},"timestamp":1782243056046}
{"sessionId":"3f83e2","runId":"post-fix7","hypothesisId":"H1","location":"Starship.NetworkMotor:ReconcileOwnerFromServer","message":"owner_reconcile","data":{"preSnapErr":0.0000,"replayCount":10,"preTick":2522,"postTick":2522,"serverTick":2512,"ackSeq":1130,"simTick":2809},"timestamp":1782243056084}
{"sessionId":"3f83e2","runId":"post-fix7","hypothesisId":"H5","location":"Starship.NetworkMotor:ApplyOwnerPredictedMotorVisuals","message":"owner_display","data":{"alpha":0.862,"renderSpan":0.0000,"frameDelta":0.0000,"speed":F3},"timestamp":1782243056092}
{"sessionId":"3f83e2","runId":"post-fix7","hypothesisId":"H1","location":"Starship.NetworkMotor:ReconcileOwnerFromServer","message":"owner_reconcile","data":{"preSnapErr":0.0000,"replayCount":10,"preTick":2523,"postTick":2523,"serverTick":2513,"ackSeq":1131,"simTick":2810},"timestamp":1782243056104}
{"sessionId":"3f83e2","runId":"post-fix7","hypothesisId":"H1","location":"Starship.NetworkMotor:ReconcileOwnerFromServer","message":"owner_reconcile","data":{"preSnapErr":0.0000,"replayCount":10,"preTick":2525,"postTick":2525,"serverTick":2515,"ackSeq":1133,"simTick":2812},"timestamp":1782243056142}
{"sessionId":"3f83e2","runId":"post-fix7","hypothesisId":"H1","location":"Starship.NetworkMotor:ReconcileOwnerFromServer","message":"owner_reconcile","data":{"preSnapErr":0.0000,"replayCount":10,"preTick":2527,"postTick":2527,"serverTick":2517,"ackSeq":1135,"simTick":2814},"timestamp":1782243056181}
{"sessionId":"3f83e2","runId":"post-fix7","hypothesisId":"H1","location":"Starship.NetworkMotor:ReconcileOwnerFromServer","message":"owner_reconcile","data":{"preSnapErr":0.0000,"replayCount":10,"preTick":2528,"postTick":2528,"serverTick":2518,"ackSeq":1136,"simTick":2815},"timestamp":1782243056203}
{"sessionId":"3f83e2","runId":"post-fix7","hypothesisId":"H1","location":"Starship.NetworkMotor:ReconcileOwnerFromServer","message":"owner_reconcile","data":{"preSnapErr":0.0000,"replayCount":11,"preTick":2531,"postTick":2531,"serverTick":2520,"ackSeq":1138,"simTick":2818},"timestamp":1782243056256}
{"sessionId":"3f83e2","runId":"post-fix7","hypothesisId":"H2","location":"Starship.NetworkMotor:ClientPredictMotorFixedStep","message":"owner_predict","data":{"tick":2532,"simTick":2818,"serverClock":2822,"tickLead":-286,"speed":0.000,"thrust":0},"timestamp":1782243056256}
{"sessionId":"3f83e2","runId":"post-fix7","hypothesisId":"H1","location":"Starship.NetworkMotor:ReconcileOwnerFromServer","message":"owner_reconcile","data":{"preSnapErr":0.0000,"replayCount":10,"preTick":2532,"postTick":2532,"serverTick":2522,"ackSeq":1140,"simTick":2819},"timestamp":1782243056274}
{"sessionId":"3f83e2","runId":"post-fix7","hypothesisId":"H1","location":"Starship.NetworkMotor:ReconcileOwnerFromServer","message":"owner_reconcile","data":{"preSnapErr":0.0000,"replayCount":10,"preTick":2534,"postTick":2534,"serverTick":2524,"ackSeq":1142,"simTick":2821},"timestamp":1782243056312}
{"sessionId":"3f83e2","runId":"post-fix7","hypothesisId":"H5","location":"Starship.NetworkMotor:ApplyOwnerPredictedMotorVisuals","message":"owner_display","data":{"alpha":0.259,"renderSpan":0.0000,"frameDelta":0.0000,"speed":F3},"timestamp":1782243056319}
{"sessionId":"3f83e2","runId":"post-fix7","hypothesisId":"H1","location":"Starship.NetworkMotor:ReconcileOwnerFromServer","message":"owner_reconcile","data":{"preSnapErr":0.0000,"replayCount":11,"preTick":2536,"postTick":2536,"serverTick":2525,"ackSeq":1143,"simTick":2823},"timestamp":1782243056351}
{"sessionId":"3f83e2","runId":"post-fix7","hypothesisId":"H1","location":"Starship.NetworkMotor:ReconcileOwnerFromServer","message":"owner_reconcile","data":{"preSnapErr":0.0000,"replayCount":11,"preTick":2538,"postTick":2538,"serverTick":2527,"ackSeq":1145,"simTick":2825},"timestamp":1782243056387}
{"sessionId":"3f83e2","runId":"post-fix7","hypothesisId":"H1","location":"Starship.NetworkMotor:ReconcileOwnerFromServer","message":"owner_reconcile","data":{"preSnapErr":0.0000,"replayCount":10,"preTick":2539,"postTick":2539,"serverTick":2529,"ackSeq":1147,"simTick":2826},"timestamp":1782243056407}
{"sessionId":"3f83e2","runId":"post-fix7","hypothesisId":"H1","location":"Starship.NetworkMotor:ReconcileOwnerFromServer","message":"owner_reconcile","data":{"preSnapErr":0.0000,"replayCount":11,"preTick":2541,"postTick":2541,"serverTick":2530,"ackSeq":1148,"simTick":2828},"timestamp":1782243056462}
{"sessionId":"3f83e2","runId":"post-fix7","hypothesisId":"H1","location":"Starship.NetworkMotor:ReconcileOwnerFromServer","message":"owner_reconcile","data":{"preSnapErr":0.0000,"replayCount":10,"preTick":2542,"postTick":2542,"serverTick":2532,"ackSeq":1150,"simTick":2829},"timestamp":1782243056479}
{"sessionId":"3f83e2","runId":"post-fix7","hypothesisId":"H1","location":"Starship.NetworkMotor:ReconcileOwnerFromServer","message":"owner_reconcile","data":{"preSnapErr":0.0000,"replayCount":10,"preTick":2544,"postTick":2544,"serverTick":2534,"ackSeq":1152,"simTick":2831},"timestamp":1782243056520}
{"sessionId":"3f83e2","runId":"post-fix7","hypothesisId":"H5","location":"Starship.NetworkMotor:ApplyOwnerPredictedMotorVisuals","message":"owner_display","data":{"alpha":0.628,"renderSpan":0.0000,"frameDelta":0.0000,"speed":F3},"timestamp":1782243056544}
{"sessionId":"3f83e2","runId":"post-fix7","hypothesisId":"H1","location":"Starship.NetworkMotor:ReconcileOwnerFromServer","message":"owner_reconcile","data":{"preSnapErr":0.0000,"replayCount":11,"preTick":2546,"postTick":2546,"serverTick":2535,"ackSeq":1153,"simTick":2833},"timestamp":1782243056560}
{"sessionId":"3f83e2","runId":"post-fix7","hypothesisId":"H1","location":"Starship.NetworkMotor:ReconcileOwnerFromServer","message":"owner_reconcile","data":{"preSnapErr":0.0000,"replayCount":10,"preTick":2547,"postTick":2547,"serverTick":2537,"ackSeq":1155,"simTick":2834},"timestamp":1782243056578}
{"sessionId":"3f83e2","runId":"post-fix7","hypothesisId":"H1","location":"Starship.NetworkMotor:ReconcileOwnerFromServer","message":"owner_reconcile","data":{"preSnapErr":0.0000,"replayCount":10,"preTick":2549,"postTick":2549,"serverTick":2539,"ackSeq":1157,"simTick":2836},"timestamp":1782243056615}
{"sessionId":"3f83e2","runId":"post-fix7","hypothesisId":"H1","location":"Starship.NetworkMotor:ReconcileOwnerFromServer","message":"owner_reconcile","data":{"preSnapErr":0.0000,"replayCount":11,"preTick":2551,"postTick":2551,"serverTick":2540,"ackSeq":1158,"simTick":2838},"timestamp":1782243056651}
{"sessionId":"3f83e2","runId":"post-fix7","hypothesisId":"H1","location":"Starship.NetworkMotor:ReconcileOwnerFromServer","message":"owner_reconcile","data":{"preSnapErr":0.0000,"replayCount":10,"preTick":2552,"postTick":2552,"serverTick":2542,"ackSeq":1160,"simTick":2838},"timestamp":1782243056708}
{"sessionId":"3f83e2","runId":"post-fix7","hypothesisId":"H1","location":"Starship.NetworkMotor:ReconcileOwnerFromServer","message":"owner_reconcile","data":{"preSnapErr":0.0000,"replayCount":11,"preTick":2555,"postTick":2555,"serverTick":2544,"ackSeq":1162,"simTick":2841},"timestamp":1782243056730}
{"sessionId":"3f83e2","runId":"post-fix7","hypothesisId":"H1","location":"Starship.NetworkMotor:ReconcileOwnerFromServer","message":"owner_reconcile","data":{"preSnapErr":0.0000,"replayCount":10,"preTick":2556,"postTick":2556,"serverTick":2546,"ackSeq":1164,"simTick":2842},"timestamp":1782243056749}
{"sessionId":"3f83e2","runId":"post-fix7","hypothesisId":"H2","location":"Starship.NetworkMotor:ClientPredictMotorFixedStep","message":"owner_predict","data":{"tick":2557,"simTick":2842,"serverClock":2847,"tickLead":-285,"speed":0.000,"thrust":0},"timestamp":1782243056750}
{"sessionId":"3f83e2","runId":"post-fix7","hypothesisId":"H1","location":"Starship.NetworkMotor:ReconcileOwnerFromServer","message":"owner_reconcile","data":{"preSnapErr":0.0000,"replayCount":11,"preTick":2558,"postTick":2558,"serverTick":2547,"ackSeq":1165,"simTick":2844},"timestamp":1782243056792}
{"sessionId":"3f83e2","runId":"post-fix7","hypothesisId":"H5","location":"Starship.NetworkMotor:ApplyOwnerPredictedMotorVisuals","message":"owner_display","data":{"alpha":0.279,"renderSpan":0.0000,"frameDelta":0.0000,"speed":F3},"timestamp":1782243056818}
{"sessionId":"3f83e2","runId":"post-fix7","hypothesisId":"H1","location":"Starship.NetworkMotor:ReconcileOwnerFromServer","message":"owner_reconcile","data":{"preSnapErr":0.0000,"replayCount":11,"preTick":2560,"postTick":2560,"serverTick":2549,"ackSeq":1167,"simTick":2846},"timestamp":1782243056830}
{"sessionId":"3f83e2","runId":"post-fix7","hypothesisId":"H1","location":"Starship.NetworkMotor:ReconcileOwnerFromServer","message":"owner_reconcile","data":{"preSnapErr":0.0000,"replayCount":11,"preTick":2561,"postTick":2561,"serverTick":2550,"ackSeq":1168,"simTick":2847},"timestamp":1782243056850}
{"sessionId":"3f83e2","runId":"post-fix7","hypothesisId":"H1","location":"Starship.NetworkMotor:ReconcileOwnerFromServer","message":"owner_reconcile","data":{"preSnapErr":0.0000,"replayCount":11,"preTick":2562,"postTick":2562,"serverTick":2551,"ackSeq":1169,"simTick":2848},"timestamp":1782243056868}
{"sessionId":"3f83e2","runId":"post-fix7","hypothesisId":"H1","location":"Starship.NetworkMotor:ReconcileOwnerFromServer","message":"owner_reconcile","data":{"preSnapErr":0.0000,"replayCount":11,"preTick":2564,"postTick":2564,"serverTick":2553,"ackSeq":1171,"simTick":2850},"timestamp":1782243056929}
{"sessionId":"3f83e2","runId":"post-fix7","hypothesisId":"H1","location":"Starship.NetworkMotor:ReconcileOwnerFromServer","message":"owner_reconcile","data":{"preSnapErr":0.0000,"replayCount":11,"preTick":2566,"postTick":2566,"serverTick":2555,"ackSeq":1173,"simTick":2852},"timestamp":1782243056949}
{"sessionId":"3f83e2","runId":"post-fix7","hypothesisId":"H1","location":"Starship.NetworkMotor:ReconcileOwnerFromServer","message":"owner_reconcile","data":{"preSnapErr":0.0000,"replayCount":10,"preTick":2567,"postTick":2567,"serverTick":2557,"ackSeq":1175,"simTick":2853},"timestamp":1782243056969}
{"sessionId":"3f83e2","runId":"post-fix7","hypothesisId":"H1","location":"Starship.NetworkMotor:ReconcileOwnerFromServer","message":"owner_reconcile","data":{"preSnapErr":0.0000,"replayCount":11,"preTick":2569,"postTick":2569,"serverTick":2558,"ackSeq":1176,"simTick":2855},"timestamp":1782243057005}
{"sessionId":"3f83e2","runId":"post-fix7","hypothesisId":"H1","location":"Starship.NetworkMotor:ReconcileOwnerFromServer","message":"owner_reconcile","data":{"preSnapErr":0.0000,"replayCount":10,"preTick":2570,"postTick":2570,"serverTick":2560,"ackSeq":1178,"simTick":2856},"timestamp":1782243057042}
{"sessionId":"3f83e2","runId":"post-fix7","hypothesisId":"H5","location":"Starship.NetworkMotor:ApplyOwnerPredictedMotorVisuals","message":"owner_display","data":{"alpha":0.780,"renderSpan":0.0000,"frameDelta":0.0000,"speed":F3},"timestamp":1782243057049}
{"sessionId":"3f83e2","runId":"post-fix7","hypothesisId":"H1","location":"Starship.NetworkMotor:ReconcileOwnerFromServer","message":"owner_reconcile","data":{"preSnapErr":0.0000,"replayCount":10,"preTick":2572,"postTick":2572,"serverTick":2562,"ackSeq":1180,"simTick":2858},"timestamp":1782243057080}
{"sessionId":"3f83e2","runId":"post-fix7","hypothesisId":"H1","location":"Starship.NetworkMotor:ReconcileOwnerFromServer","message":"owner_reconcile","data":{"preSnapErr":0.0000,"replayCount":10,"preTick":2574,"postTick":2574,"serverTick":2564,"ackSeq":1182,"simTick":2860},"timestamp":1782243057116}
{"sessionId":"3f83e2","runId":"post-fix7","hypothesisId":"H1","location":"Starship.NetworkMotor:ReconcileOwnerFromServer","message":"owner_reconcile","data":{"preSnapErr":0.0000,"replayCount":11,"preTick":2576,"postTick":2576,"serverTick":2565,"ackSeq":1183,"simTick":2862},"timestamp":1782243057152}
{"sessionId":"3f83e2","runId":"post-fix7","hypothesisId":"H1","location":"Starship.NetworkMotor:ReconcileOwnerFromServer","message":"owner_reconcile","data":{"preSnapErr":0.0000,"replayCount":11,"preTick":2578,"postTick":2578,"serverTick":2567,"ackSeq":1185,"simTick":2864},"timestamp":1782243057192}
{"sessionId":"3f83e2","runId":"post-fix7","hypothesisId":"H1","location":"Starship.NetworkMotor:ReconcileOwnerFromServer","message":"owner_reconcile","data":{"preSnapErr":0.0000,"replayCount":11,"preTick":2580,"postTick":2580,"serverTick":2569,"ackSeq":1187,"simTick":2866},"timestamp":1782243057228}
{"sessionId":"3f83e2","runId":"post-fix7","hypothesisId":"H1","location":"Starship.NetworkMotor:ReconcileOwnerFromServer","message":"owner_reconcile","data":{"preSnapErr":0.0000,"replayCount":11,"preTick":2581,"postTick":2581,"serverTick":2570,"ackSeq":1188,"simTick":2867},"timestamp":1782243057261}
{"sessionId":"3f83e2","runId":"post-fix7","hypothesisId":"H2","location":"Starship.NetworkMotor:ClientPredictMotorFixedStep","message":"owner_predict","data":{"tick":2582,"simTick":2867,"serverClock":2872,"tickLead":-285,"speed":0.000,"thrust":0},"timestamp":1782243057262}
{"sessionId":"3f83e2","runId":"post-fix7","hypothesisId":"H5","location":"Starship.NetworkMotor:ApplyOwnerPredictedMotorVisuals","message":"owner_display","data":{"alpha":0.744,"renderSpan":0.0000,"frameDelta":0.0000,"speed":F3},"timestamp":1782243057268}
{"sessionId":"3f83e2","runId":"post-fix7","hypothesisId":"H1","location":"Starship.NetworkMotor:ReconcileOwnerFromServer","message":"owner_reconcile","data":{"preSnapErr":0.0000,"replayCount":11,"preTick":2583,"postTick":2583,"serverTick":2572,"ackSeq":1190,"simTick":2870},"timestamp":1782243057297}
{"sessionId":"3f83e2","runId":"post-fix7","hypothesisId":"H1","location":"Starship.NetworkMotor:ReconcileOwnerFromServer","message":"owner_reconcile","data":{"preSnapErr":0.0000,"replayCount":11,"preTick":2584,"postTick":2584,"serverTick":2573,"ackSeq":1191,"simTick":2871},"timestamp":1782243057314}
{"sessionId":"3f83e2","runId":"post-fix7","hypothesisId":"H1","location":"Starship.NetworkMotor:ReconcileOwnerFromServer","message":"owner_reconcile","data":{"preSnapErr":0.0000,"replayCount":11,"preTick":2586,"postTick":2586,"serverTick":2575,"ackSeq":1193,"simTick":2873},"timestamp":1782243057350}
{"sessionId":"3f83e2","runId":"post-fix7","hypothesisId":"H1","location":"Starship.NetworkMotor:ReconcileOwnerFromServer","message":"owner_reconcile","data":{"preSnapErr":0.0000,"replayCount":11,"preTick":2588,"postTick":2588,"serverTick":2577,"ackSeq":1195,"simTick":2875},"timestamp":1782243057390}
{"sessionId":"3f83e2","runId":"post-fix7","hypothesisId":"H1","location":"Starship.NetworkMotor:ReconcileOwnerFromServer","message":"owner_reconcile","data":{"preSnapErr":0.0000,"replayCount":11,"preTick":2590,"postTick":2590,"serverTick":2579,"ackSeq":1197,"simTick":2877},"timestamp":1782243057441}
{"sessionId":"3f83e2","runId":"post-fix7","hypothesisId":"H1","location":"Starship.NetworkMotor:ReconcileOwnerFromServer","message":"owner_reconcile","data":{"preSnapErr":0.0000,"replayCount":11,"preTick":2591,"postTick":2591,"serverTick":2580,"ackSeq":1198,"simTick":2878},"timestamp":1782243057460}
{"sessionId":"3f83e2","runId":"post-fix7","hypothesisId":"H5","location":"Starship.NetworkMotor:ApplyOwnerPredictedMotorVisuals","message":"owner_display","data":{"alpha":0.636,"renderSpan":0.0000,"frameDelta":0.0000,"speed":F3},"timestamp":1782243057486}
{"sessionId":"3f83e2","runId":"post-fix7","hypothesisId":"H1","location":"Starship.NetworkMotor:ReconcileOwnerFromServer","message":"owner_reconcile","data":{"preSnapErr":0.0000,"replayCount":11,"preTick":2593,"postTick":2593,"serverTick":2582,"ackSeq":1200,"simTick":2880},"timestamp":1782243057498}
{"sessionId":"3f83e2","runId":"post-fix7","hypothesisId":"H1","location":"Starship.NetworkMotor:ReconcileOwnerFromServer","message":"owner_reconcile","data":{"preSnapErr":0.0000,"replayCount":11,"preTick":2594,"postTick":2594,"serverTick":2583,"ackSeq":1201,"simTick":2881},"timestamp":1782243057516}
{"sessionId":"3f83e2","runId":"post-fix7","hypothesisId":"H1","location":"Starship.NetworkMotor:ReconcileOwnerFromServer","message":"owner_reconcile","data":{"preSnapErr":0.0000,"replayCount":10,"preTick":2595,"postTick":2595,"serverTick":2585,"ackSeq":1203,"simTick":2882},"timestamp":1782243057535}
{"sessionId":"3f83e2","runId":"post-fix7","hypothesisId":"H1","location":"Starship.NetworkMotor:ReconcileOwnerFromServer","message":"owner_reconcile","data":{"preSnapErr":0.0000,"replayCount":10,"preTick":2597,"postTick":2597,"serverTick":2587,"ackSeq":1205,"simTick":2884},"timestamp":1782243057570}
{"sessionId":"3f83e2","runId":"post-fix7","hypothesisId":"H1","location":"Starship.NetworkMotor:ReconcileOwnerFromServer","message":"owner_reconcile","data":{"preSnapErr":0.0000,"replayCount":11,"preTick":2599,"postTick":2599,"serverTick":2588,"ackSeq":1206,"simTick":2886},"timestamp":1782243057609}
{"sessionId":"3f83e2","runId":"post-fix7","hypothesisId":"H1","location":"Starship.NetworkMotor:ReconcileOwnerFromServer","message":"owner_reconcile","data":{"preSnapErr":0.0000,"replayCount":11,"preTick":2601,"postTick":2601,"serverTick":2590,"ackSeq":1208,"simTick":2888},"timestamp":1782243057647}
{"sessionId":"3f83e2","runId":"post-fix7","hypothesisId":"H1","location":"Starship.NetworkMotor:ReconcileOwnerFromServer","message":"owner_reconcile","data":{"preSnapErr":0.0000,"replayCount":10,"preTick":2602,"postTick":2602,"serverTick":2592,"ackSeq":1210,"simTick":2889},"timestamp":1782243057680}
{"sessionId":"3f83e2","runId":"post-fix7","hypothesisId":"H5","location":"Starship.NetworkMotor:ApplyOwnerPredictedMotorVisuals","message":"owner_display","data":{"alpha":0.593,"renderSpan":0.0000,"frameDelta":0.0000,"speed":F3},"timestamp":1782243057704}
{"sessionId":"3f83e2","runId":"post-fix7","hypothesisId":"H1","location":"Starship.NetworkMotor:ReconcileOwnerFromServer","message":"owner_reconcile","data":{"preSnapErr":0.0000,"replayCount":10,"preTick":2604,"postTick":2604,"serverTick":2594,"ackSeq":1212,"simTick":2891},"timestamp":1782243057716}
{"sessionId":"3f83e2","runId":"post-fix7","hypothesisId":"H1","location":"Starship.NetworkMotor:ReconcileOwnerFromServer","message":"owner_reconcile","data":{"preSnapErr":0.0000,"replayCount":11,"preTick":2606,"postTick":2606,"serverTick":2595,"ackSeq":1213,"simTick":2893},"timestamp":1782243057752}
{"sessionId":"3f83e2","runId":"post-fix7","hypothesisId":"H2","location":"Starship.NetworkMotor:ClientPredictMotorFixedStep","message":"owner_predict","data":{"tick":2607,"simTick":2893,"serverClock":2897,"tickLead":-286,"speed":0.000,"thrust":0},"timestamp":1782243057752}
{"sessionId":"3f83e2","runId":"post-fix7","hypothesisId":"H1","location":"Starship.NetworkMotor:ReconcileOwnerFromServer","message":"owner_reconcile","data":{"preSnapErr":0.0000,"replayCount":11,"preTick":2608,"postTick":2608,"serverTick":2597,"ackSeq":1215,"simTick":2895},"timestamp":1782243057794}
{"sessionId":"3f83e2","runId":"post-fix7","hypothesisId":"H1","location":"Starship.NetworkMotor:ReconcileOwnerFromServer","message":"owner_reconcile","data":{"preSnapErr":0.0000,"replayCount":11,"preTick":2610,"postTick":2610,"serverTick":2599,"ackSeq":1217,"simTick":2897},"timestamp":1782243057832}
{"sessionId":"3f83e2","runId":"post-fix7","hypothesisId":"H1","location":"Starship.NetworkMotor:ReconcileOwnerFromServer","message":"owner_reconcile","data":{"preSnapErr":0.0000,"replayCount":10,"preTick":2611,"postTick":2611,"serverTick":2601,"ackSeq":1219,"simTick":2898},"timestamp":1782243057851}
{"sessionId":"3f83e2","runId":"post-fix7","hypothesisId":"H1","location":"Starship.NetworkMotor:ReconcileOwnerFromServer","message":"owner_reconcile","data":{"preSnapErr":0.0000,"replayCount":11,"preTick":2614,"postTick":2614,"serverTick":2603,"ackSeq":1221,"simTick":2901},"timestamp":1782243057907}
{"sessionId":"3f83e2","runId":"post-fix7","hypothesisId":"H5","location":"Starship.NetworkMotor:ApplyOwnerPredictedMotorVisuals","message":"owner_display","data":{"alpha":0.001,"renderSpan":0.0000,"frameDelta":0.0000,"speed":F3},"timestamp":1782243057933}
{"sessionId":"3f83e2","runId":"post-fix7","hypothesisId":"H1","location":"Starship.NetworkMotor:ReconcileOwnerFromServer","message":"owner_reconcile","data":{"preSnapErr":0.0000,"replayCount":7,"preTick":2616,"postTick":2616,"serverTick":2609,"ackSeq":1227,"simTick":2903},"timestamp":1782243058015}
{"sessionId":"3f83e2","runId":"post-fix7","hypothesisId":"H1","location":"Starship.NetworkMotor:ReconcileOwnerFromServer","message":"owner_reconcile","data":{"preSnapErr":0.0000,"replayCount":11,"preTick":2621,"postTick":2621,"serverTick":2610,"ackSeq":1228,"simTick":2908},"timestamp":1782243058064}
{"sessionId":"3f83e2","runId":"post-fix7","hypothesisId":"H1","location":"Starship.NetworkMotor:ReconcileOwnerFromServer","message":"owner_reconcile","data":{"preSnapErr":0.0000,"replayCount":10,"preTick":2622,"postTick":2622,"serverTick":2612,"ackSeq":1230,"simTick":2909},"timestamp":1782243058083}
{"sessionId":"3f83e2","runId":"post-fix7","hypothesisId":"H1","location":"Starship.NetworkMotor:ReconcileOwnerFromServer","message":"owner_reconcile","data":{"preSnapErr":0.0000,"replayCount":10,"preTick":2623,"postTick":2623,"serverTick":2613,"ackSeq":1231,"simTick":2910},"timestamp":1782243058104}
{"sessionId":"3f83e2","runId":"post-fix7","hypothesisId":"H1","location":"Starship.NetworkMotor:ReconcileOwnerFromServer","message":"owner_reconcile","data":{"preSnapErr":0.0000,"replayCount":10,"preTick":2625,"postTick":2625,"serverTick":2615,"ackSeq":1233,"simTick":2912},"timestamp":1782243058143}
{"sessionId":"3f83e2","runId":"post-fix7","hypothesisId":"H1","location":"Starship.NetworkMotor:ReconcileOwnerFromServer","message":"owner_reconcile","data":{"preSnapErr":0.0000,"replayCount":10,"preTick":2627,"postTick":2627,"serverTick":2617,"ackSeq":1235,"simTick":2914},"timestamp":1782243058181}
{"sessionId":"3f83e2","runId":"post-fix7","hypothesisId":"H1","location":"Starship.NetworkMotor:ReconcileOwnerFromServer","message":"owner_reconcile","data":{"preSnapErr":0.0000,"replayCount":11,"preTick":2629,"postTick":2629,"serverTick":2618,"ackSeq":1236,"simTick":2916},"timestamp":1782243058219}
{"sessionId":"3f83e2","runId":"post-fix7","hypothesisId":"H5","location":"Starship.NetworkMotor:ApplyOwnerPredictedMotorVisuals","message":"owner_display","data":{"alpha":0.627,"renderSpan":0.0000,"frameDelta":0.0000,"speed":F3},"timestamp":1782243058226}
{"sessionId":"3f83e2","runId":"post-fix7","hypothesisId":"H1","location":"Starship.NetworkMotor:ReconcileOwnerFromServer","message":"owner_reconcile","data":{"preSnapErr":0.0000,"replayCount":10,"preTick":2631,"postTick":2631,"serverTick":2621,"ackSeq":1239,"simTick":2918},"timestamp":1782243058257}
{"sessionId":"3f83e2","runId":"post-fix7","hypothesisId":"H2","location":"Starship.NetworkMotor:ClientPredictMotorFixedStep","message":"owner_predict","data":{"tick":2632,"simTick":2918,"serverClock":2922,"tickLead":-286,"speed":0.000,"thrust":0},"timestamp":1782243058258}
{"sessionId":"3f83e2","runId":"post-fix7","hypothesisId":"H1","location":"Starship.NetworkMotor:ReconcileOwnerFromServer","message":"owner_reconcile","data":{"preSnapErr":0.0000,"replayCount":10,"preTick":2632,"postTick":2632,"serverTick":2622,"ackSeq":1240,"simTick":2919},"timestamp":1782243058280}
{"sessionId":"3f83e2","runId":"post-fix7","hypothesisId":"H1","location":"Starship.NetworkMotor:ReconcileOwnerFromServer","message":"owner_reconcile","data":{"preSnapErr":0.0000,"replayCount":10,"preTick":2633,"postTick":2633,"serverTick":2623,"ackSeq":1241,"simTick":2920},"timestamp":1782243058299}
{"sessionId":"3f83e2","runId":"post-fix7","hypothesisId":"H1","location":"Starship.NetworkMotor:ReconcileOwnerFromServer","message":"owner_reconcile","data":{"preSnapErr":0.0000,"replayCount":11,"preTick":2636,"postTick":2636,"serverTick":2625,"ackSeq":1243,"simTick":2923},"timestamp":1782243058354}
{"sessionId":"3f83e2","runId":"post-fix7","hypothesisId":"H1","location":"Starship.NetworkMotor:ReconcileOwnerFromServer","message":"owner_reconcile","data":{"preSnapErr":0.0000,"replayCount":10,"preTick":2637,"postTick":2637,"serverTick":2627,"ackSeq":1245,"simTick":2924},"timestamp":1782243058373}
{"sessionId":"3f83e2","runId":"post-fix7","hypothesisId":"H1","location":"Starship.NetworkMotor:ReconcileOwnerFromServer","message":"owner_reconcile","data":{"preSnapErr":0.0000,"replayCount":11,"preTick":2639,"postTick":2639,"serverTick":2628,"ackSeq":1246,"simTick":2926},"timestamp":1782243058409}
{"sessionId":"3f83e2","runId":"post-fix7","hypothesisId":"H1","location":"Starship.NetworkMotor:ReconcileOwnerFromServer","message":"owner_reconcile","data":{"preSnapErr":0.0000,"replayCount":11,"preTick":2641,"postTick":2641,"serverTick":2630,"ackSeq":1248,"simTick":2928},"timestamp":1782243058448}
{"sessionId":"3f83e2","runId":"post-fix7","hypothesisId":"H5","location":"Starship.NetworkMotor:ApplyOwnerPredictedMotorVisuals","message":"owner_display","data":{"alpha":0.078,"renderSpan":0.0000,"frameDelta":0.0000,"speed":F3},"timestamp":1782243058455}
{"sessionId":"3f83e2","runId":"post-fix7","hypothesisId":"H1","location":"Starship.NetworkMotor:ReconcileOwnerFromServer","message":"owner_reconcile","data":{"preSnapErr":0.0000,"replayCount":11,"preTick":2643,"postTick":2643,"serverTick":2632,"ackSeq":1250,"simTick":2930},"timestamp":1782243058487}
{"sessionId":"3f83e2","runId":"post-fix7","hypothesisId":"H1","location":"Starship.NetworkMotor:ReconcileOwnerFromServer","message":"owner_reconcile","data":{"preSnapErr":0.0000,"replayCount":10,"preTick":2644,"postTick":2644,"serverTick":2634,"ackSeq":1252,"simTick":2931},"timestamp":1782243058522}
{"sessionId":"3f83e2","runId":"post-fix7","hypothesisId":"H1","location":"Starship.NetworkMotor:ReconcileOwnerFromServer","message":"owner_reconcile","data":{"preSnapErr":0.0000,"replayCount":10,"preTick":2645,"postTick":2645,"serverTick":2635,"ackSeq":1253,"simTick":2932},"timestamp":1782243058544}
{"sessionId":"3f83e2","runId":"post-fix7","hypothesisId":"H1","location":"Starship.NetworkMotor:ReconcileOwnerFromServer","message":"owner_reconcile","data":{"preSnapErr":0.0000,"replayCount":10,"preTick":2647,"postTick":2647,"serverTick":2637,"ackSeq":1255,"simTick":2934},"timestamp":1782243058582}
{"sessionId":"3f83e2","runId":"post-fix7","hypothesisId":"H1","location":"Starship.NetworkMotor:ReconcileOwnerFromServer","message":"owner_reconcile","data":{"preSnapErr":0.0000,"replayCount":10,"preTick":2649,"postTick":2649,"serverTick":2639,"ackSeq":1257,"simTick":2936},"timestamp":1782243058617}
{"sessionId":"3f83e2","runId":"post-fix7","hypothesisId":"H1","location":"Starship.NetworkMotor:ReconcileOwnerFromServer","message":"owner_reconcile","data":{"preSnapErr":0.0000,"replayCount":11,"preTick":2651,"postTick":2651,"serverTick":2640,"ackSeq":1258,"simTick":2938},"timestamp":1782243058654}
{"sessionId":"3f83e2","runId":"post-fix7","hypothesisId":"H5","location":"Starship.NetworkMotor:ApplyOwnerPredictedMotorVisuals","message":"owner_display","data":{"alpha":0.357,"renderSpan":0.0000,"frameDelta":0.0000,"speed":F3},"timestamp":1782243058680}
{"sessionId":"3f83e2","runId":"post-fix7","hypothesisId":"H1","location":"Starship.NetworkMotor:ReconcileOwnerFromServer","message":"owner_reconcile","data":{"preSnapErr":0.0000,"replayCount":11,"preTick":2653,"postTick":2653,"serverTick":2642,"ackSeq":1260,"simTick":2940},"timestamp":1782243058694}
{"sessionId":"3f83e2","runId":"post-fix7","hypothesisId":"H1","location":"Starship.NetworkMotor:ReconcileOwnerFromServer","message":"owner_reconcile","data":{"preSnapErr":0.0000,"replayCount":10,"preTick":2654,"postTick":2654,"serverTick":2644,"ackSeq":1262,"simTick":2941},"timestamp":1782243058714}
{"sessionId":"3f83e2","runId":"post-fix7","hypothesisId":"H1","location":"Starship.NetworkMotor:ReconcileOwnerFromServer","message":"owner_reconcile","data":{"preSnapErr":0.0000,"replayCount":10,"preTick":2656,"postTick":2656,"serverTick":2646,"ackSeq":1264,"simTick":2943},"timestamp":1782243058750}
{"sessionId":"3f83e2","runId":"post-fix7","hypothesisId":"H2","location":"Starship.NetworkMotor:ClientPredictMotorFixedStep","message":"owner_predict","data":{"tick":2657,"simTick":2943,"serverClock":2947,"tickLead":-286,"speed":0.000,"thrust":0},"timestamp":1782243058750}
{"sessionId":"3f83e2","runId":"post-fix7","hypothesisId":"H1","location":"Starship.NetworkMotor:ReconcileOwnerFromServer","message":"owner_reconcile","data":{"preSnapErr":0.0000,"replayCount":11,"preTick":2658,"postTick":2658,"serverTick":2647,"ackSeq":1265,"simTick":2945},"timestamp":1782243058786}
{"sessionId":"3f83e2","runId":"post-fix7","hypothesisId":"H1","location":"Starship.NetworkMotor:ReconcileOwnerFromServer","message":"owner_reconcile","data":{"preSnapErr":0.0000,"replayCount":11,"preTick":2660,"postTick":2660,"serverTick":2649,"ackSeq":1267,"simTick":2947},"timestamp":1782243058843}
{"sessionId":"3f83e2","runId":"post-fix7","hypothesisId":"H1","location":"Starship.NetworkMotor:ReconcileOwnerFromServer","message":"owner_reconcile","data":{"preSnapErr":0.0000,"replayCount":10,"preTick":2661,"postTick":2661,"serverTick":2651,"ackSeq":1269,"simTick":2948},"timestamp":1782243058863}
{"sessionId":"3f83e2","runId":"post-fix7","hypothesisId":"H1","location":"Starship.NetworkMotor:ReconcileOwnerFromServer","message":"owner_reconcile","data":{"preSnapErr":0.0000,"replayCount":10,"preTick":2663,"postTick":2663,"serverTick":2653,"ackSeq":1271,"simTick":2950},"timestamp":1782243058908}
{"sessionId":"3f83e2","runId":"post-fix7","hypothesisId":"H5","location":"Starship.NetworkMotor:ApplyOwnerPredictedMotorVisuals","message":"owner_display","data":{"alpha":0.129,"renderSpan":0.0000,"frameDelta":0.0000,"speed":F3},"timestamp":1782243058920}
{"sessionId":"3f83e2","runId":"post-fix7","hypothesisId":"H1","location":"Starship.NetworkMotor:ReconcileOwnerFromServer","message":"owner_reconcile","data":{"preSnapErr":0.0000,"replayCount":10,"preTick":2665,"postTick":2665,"serverTick":2655,"ackSeq":1273,"simTick":2952},"timestamp":1782243058939}
{"sessionId":"3f83e2","runId":"post-fix7","hypothesisId":"H1","location":"Starship.NetworkMotor:ReconcileOwnerFromServer","message":"owner_reconcile","data":{"preSnapErr":0.0000,"replayCount":10,"preTick":2666,"postTick":2666,"serverTick":2656,"ackSeq":1274,"simTick":2953},"timestamp":1782243058966}
{"sessionId":"3f83e2","runId":"post-fix7","hypothesisId":"H1","location":"Starship.NetworkMotor:ReconcileOwnerFromServer","message":"owner_reconcile","data":{"preSnapErr":0.0000,"replayCount":11,"preTick":2669,"postTick":2669,"serverTick":2658,"ackSeq":1276,"simTick":2956},"timestamp":1782243059018}
{"sessionId":"3f83e2","runId":"post-fix7","hypothesisId":"H1","location":"Starship.NetworkMotor:ReconcileOwnerFromServer","message":"owner_reconcile","data":{"preSnapErr":0.0000,"replayCount":10,"preTick":2670,"postTick":2670,"serverTick":2660,"ackSeq":1278,"simTick":2957},"timestamp":1782243059040}
{"sessionId":"3f83e2","runId":"post-fix7","hypothesisId":"H1","location":"Starship.NetworkMotor:ReconcileOwnerFromServer","message":"owner_reconcile","data":{"preSnapErr":0.0000,"replayCount":9,"preTick":2671,"postTick":2671,"serverTick":2662,"ackSeq":1280,"simTick":2958},"timestamp":1782243059068}
{"sessionId":"3f83e2","runId":"post-fix7","hypothesisId":"H1","location":"Starship.NetworkMotor:ReconcileOwnerFromServer","message":"owner_reconcile","data":{"preSnapErr":0.0000,"replayCount":11,"preTick":2674,"postTick":2674,"serverTick":2663,"ackSeq":1281,"simTick":2961},"timestamp":1782243059125}
{"sessionId":"3f83e2","runId":"post-fix7","hypothesisId":"H1","location":"Starship.NetworkMotor:ReconcileOwnerFromServer","message":"owner_reconcile","data":{"preSnapErr":0.0000,"replayCount":10,"preTick":2675,"postTick":2675,"serverTick":2665,"ackSeq":1283,"simTick":2962},"timestamp":1782243059149}
{"sessionId":"3f83e2","runId":"post-fix7","hypothesisId":"H1","location":"Starship.NetworkMotor:ReconcileOwnerFromServer","message":"owner_reconcile","data":{"preSnapErr":0.0000,"replayCount":10,"preTick":2677,"postTick":2677,"serverTick":2667,"ackSeq":1285,"simTick":2964},"timestamp":1782243059175}
{"sessionId":"3f83e2","runId":"post-fix7","hypothesisId":"H1","location":"Starship.NetworkMotor:ReconcileOwnerFromServer","message":"owner_reconcile","data":{"preSnapErr":0.0000,"replayCount":11,"preTick":2679,"postTick":2679,"serverTick":2668,"ackSeq":1286,"simTick":2966},"timestamp":1782243059221}
{"sessionId":"3f83e2","runId":"post-fix7","hypothesisId":"H5","location":"Starship.NetworkMotor:ApplyOwnerPredictedMotorVisuals","message":"owner_display","data":{"alpha":0.684,"renderSpan":0.0000,"frameDelta":0.0000,"speed":F3},"timestamp":1782243059230}
{"sessionId":"3f83e2","runId":"post-fix7","hypothesisId":"H1","location":"Starship.NetworkMotor:ReconcileOwnerFromServer","message":"owner_reconcile","data":{"preSnapErr":0.0000,"replayCount":10,"preTick":2680,"postTick":2680,"serverTick":2670,"ackSeq":1288,"simTick":2967},"timestamp":1782243059245}
{"sessionId":"3f83e2","runId":"post-fix7","hypothesisId":"H2","location":"Starship.NetworkMotor:ClientPredictMotorFixedStep","message":"owner_predict","data":{"tick":2682,"simTick":2968,"serverClock":2972,"tickLead":-286,"speed":0.000,"thrust":0},"timestamp":1782243059268}
{"sessionId":"3f83e2","runId":"post-fix7","hypothesisId":"H1","location":"Starship.NetworkMotor:ReconcileOwnerFromServer","message":"owner_reconcile","data":{"preSnapErr":0.0000,"replayCount":11,"preTick":2683,"postTick":2683,"serverTick":2672,"ackSeq":1290,"simTick":2970},"timestamp":1782243059293}
{"sessionId":"3f83e2","runId":"post-fix7","hypothesisId":"H1","location":"Starship.NetworkMotor:ReconcileOwnerFromServer","message":"owner_reconcile","data":{"preSnapErr":0.0000,"replayCount":11,"preTick":2684,"postTick":2684,"serverTick":2673,"ackSeq":1291,"simTick":2972},"timestamp":1782243059318}
{"sessionId":"3f83e2","runId":"post-fix7","hypothesisId":"H1","location":"Starship.NetworkMotor:ReconcileOwnerFromServer","message":"owner_reconcile","data":{"preSnapErr":0.0000,"replayCount":10,"preTick":2685,"postTick":2685,"serverTick":2675,"ackSeq":1293,"simTick":2973},"timestamp":1782243059344}
{"sessionId":"3f83e2","runId":"post-fix7","hypothesisId":"H1","location":"Starship.NetworkMotor:ReconcileOwnerFromServer","message":"owner_reconcile","data":{"preSnapErr":0.0000,"replayCount":10,"preTick":2687,"postTick":2687,"serverTick":2677,"ackSeq":1295,"simTick":2975},"timestamp":1782243059382}
{"sessionId":"3f83e2","runId":"post-fix7","hypothesisId":"H1","location":"Starship.NetworkMotor:ReconcileOwnerFromServer","message":"owner_reconcile","data":{"preSnapErr":0.0000,"replayCount":10,"preTick":2688,"postTick":2688,"serverTick":2678,"ackSeq":1296,"simTick":2976},"timestamp":1782243059406}
{"sessionId":"3f83e2","runId":"post-fix7","hypothesisId":"H1","location":"Starship.NetworkMotor:ReconcileOwnerFromServer","message":"owner_reconcile","data":{"preSnapErr":0.0000,"replayCount":11,"preTick":2691,"postTick":2691,"serverTick":2680,"ackSeq":1298,"simTick":2979},"timestamp":1782243059453}
{"sessionId":"3f83e2","runId":"post-fix7","hypothesisId":"H1","location":"Starship.NetworkMotor:ReconcileOwnerFromServer","message":"owner_reconcile","data":{"preSnapErr":0.0000,"replayCount":10,"preTick":2692,"postTick":2692,"serverTick":2682,"ackSeq":1300,"simTick":2980},"timestamp":1782243059476}
{"sessionId":"3f83e2","runId":"post-fix7","hypothesisId":"H5","location":"Starship.NetworkMotor:ApplyOwnerPredictedMotorVisuals","message":"owner_display","data":{"alpha":0.671,"renderSpan":0.0000,"frameDelta":0.0000,"speed":F3},"timestamp":1782243059508}
{"sessionId":"3f83e2","runId":"post-fix7","hypothesisId":"H1","location":"Starship.NetworkMotor:ReconcileOwnerFromServer","message":"owner_reconcile","data":{"preSnapErr":0.0000,"replayCount":11,"preTick":2694,"postTick":2694,"serverTick":2683,"ackSeq":1301,"simTick":2982},"timestamp":1782243059527}
{"sessionId":"3f83e2","runId":"post-fix7","hypothesisId":"H1","location":"Starship.NetworkMotor:ReconcileOwnerFromServer","message":"owner_reconcile","data":{"preSnapErr":0.0000,"replayCount":3,"preTick":2695,"postTick":2695,"serverTick":2692,"ackSeq":1310,"simTick":2983},"timestamp":1782243059680}
{"sessionId":"3f83e2","runId":"post-fix7","hypothesisId":"H1","location":"Starship.NetworkMotor:ReconcileOwnerFromServer","message":"owner_reconcile","data":{"preSnapErr":0.0000,"replayCount":1,"preTick":2700,"postTick":2703,"serverTick":2702,"ackSeq":1317,"simTick":3022},"timestamp":1782243060462}
{"sessionId":"3f83e2","runId":"post-fix7","hypothesisId":"H2","location":"Starship.NetworkMotor:ClientPredictMotorFixedStep","message":"owner_predict","data":{"tick":2710,"simTick":3028,"serverClock":3034,"tickLead":-318,"speed":0.000,"thrust":0},"timestamp":1782243060496}
{"sessionId":"3f83e2","runId":"post-fix7","hypothesisId":"H1","location":"Starship.NetworkMotor:ReconcileOwnerFromServer","message":"owner_reconcile","data":{"preSnapErr":0.0000,"replayCount":5,"preTick":2710,"postTick":2744,"serverTick":2739,"ackSeq":1320,"simTick":3030},"timestamp":1782243060630}
{"sessionId":"3f83e2","runId":"post-fix7","hypothesisId":"H1","location":"Starship.NetworkMotor:ReconcileOwnerFromServer","message":"owner_reconcile","data":{"preSnapErr":0.0000,"replayCount":7,"preTick":2749,"postTick":2749,"serverTick":2742,"ackSeq":1323,"simTick":3035},"timestamp":1782243060679}
{"sessionId":"3f83e2","runId":"post-fix7","hypothesisId":"H1","location":"Starship.NetworkMotor:ReconcileOwnerFromServer","message":"owner_reconcile","data":{"preSnapErr":0.0000,"replayCount":9,"preTick":2752,"postTick":2753,"serverTick":2744,"ackSeq":1324,"simTick":3038},"timestamp":1782243060742}
{"sessionId":"3f83e2","runId":"post-fix7","hypothesisId":"H1","location":"Starship.NetworkMotor:ReconcileOwnerFromServer","message":"owner_reconcile","data":{"preSnapErr":0.0000,"replayCount":9,"preTick":2756,"postTick":2756,"serverTick":2747,"ackSeq":1327,"simTick":3041},"timestamp":1782243060806}
{"sessionId":"3f83e2","runId":"post-fix7","hypothesisId":"H1","location":"Starship.NetworkMotor:ReconcileOwnerFromServer","message":"owner_reconcile","data":{"preSnapErr":0.0000,"replayCount":10,"preTick":2759,"postTick":2759,"serverTick":2749,"ackSeq":1329,"simTick":3044},"timestamp":1782243060838}
{"sessionId":"3f83e2","runId":"post-fix7","hypothesisId":"H1","location":"Starship.NetworkMotor:ReconcileOwnerFromServer","message":"owner_reconcile","data":{"preSnapErr":0.0000,"replayCount":11,"preTick":2761,"postTick":2761,"serverTick":2750,"ackSeq":1330,"simTick":3046},"timestamp":1782243060862}
{"sessionId":"3f83e2","runId":"post-fix7","hypothesisId":"H1","location":"Starship.NetworkMotor:ReconcileOwnerFromServer","message":"owner_reconcile","data":{"preSnapErr":0.0000,"replayCount":10,"preTick":2762,"postTick":2762,"serverTick":2752,"ackSeq":1332,"simTick":3047},"timestamp":1782243060883}
{"sessionId":"3f83e2","runId":"post-fix7","hypothesisId":"H5","location":"Starship.NetworkMotor:ApplyOwnerPredictedMotorVisuals","message":"owner_display","data":{"alpha":0.439,"renderSpan":0.0000,"frameDelta":0.0000,"speed":F3},"timestamp":1782243060911}
{"sessionId":"3f83e2","runId":"post-fix7","hypothesisId":"H1","location":"Starship.NetworkMotor:ReconcileOwnerFromServer","message":"owner_reconcile","data":{"preSnapErr":0.0000,"replayCount":10,"preTick":2764,"postTick":2764,"serverTick":2754,"ackSeq":1334,"simTick":3049},"timestamp":1782243060929}
{"sessionId":"3f83e2","runId":"post-fix7","hypothesisId":"H1","location":"Starship.NetworkMotor:ReconcileOwnerFromServer","message":"owner_reconcile","data":{"preSnapErr":0.0000,"replayCount":9,"preTick":2765,"postTick":2765,"serverTick":2756,"ackSeq":1336,"simTick":3050},"timestamp":1782243060950}
{"sessionId":"3f83e2","runId":"post-fix7","hypothesisId":"H1","location":"Starship.NetworkMotor:ReconcileOwnerFromServer","message":"owner_reconcile","data":{"preSnapErr":0.0000,"replayCount":10,"preTick":2768,"postTick":2768,"serverTick":2758,"ackSeq":1338,"simTick":3053},"timestamp":1782243061011}
{"sessionId":"3f83e2","runId":"post-fix7","hypothesisId":"H2","location":"Starship.NetworkMotor:ClientPredictMotorFixedStep","message":"owner_predict","data":{"tick":2770,"simTick":3054,"serverClock":3060,"tickLead":-284,"speed":0.000,"thrust":0},"timestamp":1782243061033}
{"sessionId":"3f83e2","runId":"post-fix7","hypothesisId":"H1","location":"Starship.NetworkMotor:ReconcileOwnerFromServer","message":"owner_reconcile","data":{"preSnapErr":0.0000,"replayCount":10,"preTick":2770,"postTick":2770,"serverTick":2760,"ackSeq":1340,"simTick":3055},"timestamp":1782243061054}
{"sessionId":"3f83e2","runId":"post-fix7","hypothesisId":"H1","location":"Starship.NetworkMotor:ReconcileOwnerFromServer","message":"owner_reconcile","data":{"preSnapErr":0.0000,"replayCount":9,"preTick":2771,"postTick":2771,"serverTick":2762,"ackSeq":1342,"simTick":3056},"timestamp":1782243061074}
{"sessionId":"3f83e2","runId":"post-fix7","hypothesisId":"H1","location":"Starship.NetworkMotor:ReconcileOwnerFromServer","message":"owner_reconcile","data":{"preSnapErr":0.0000,"replayCount":11,"preTick":2774,"postTick":2774,"serverTick":2763,"ackSeq":1343,"simTick":3059},"timestamp":1782243061117}
{"sessionId":"3f83e2","runId":"post-fix7","hypothesisId":"H1","location":"Starship.NetworkMotor:ReconcileOwnerFromServer","message":"owner_reconcile","data":{"preSnapErr":0.0000,"replayCount":10,"preTick":2775,"postTick":2775,"serverTick":2765,"ackSeq":1345,"simTick":3060},"timestamp":1782243061141}
{"sessionId":"3f83e2","runId":"post-fix7","hypothesisId":"H5","location":"Starship.NetworkMotor:ApplyOwnerPredictedMotorVisuals","message":"owner_display","data":{"alpha":0.278,"renderSpan":0.0000,"frameDelta":0.0000,"speed":F3},"timestamp":1782243061167}
{"sessionId":"3f83e2","runId":"post-fix7","hypothesisId":"H1","location":"Starship.NetworkMotor:ReconcileOwnerFromServer","message":"owner_reconcile","data":{"preSnapErr":0.0000,"replayCount":10,"preTick":2777,"postTick":2777,"serverTick":2767,"ackSeq":1347,"simTick":3062},"timestamp":1782243061181}
{"sessionId":"3f83e2","runId":"post-fix7","hypothesisId":"H1","location":"Starship.NetworkMotor:ReconcileOwnerFromServer","message":"owner_reconcile","data":{"preSnapErr":0.0000,"replayCount":10,"preTick":2779,"postTick":2779,"serverTick":2769,"ackSeq":1349,"simTick":3064},"timestamp":1782243061221}
{"sessionId":"3f83e2","runId":"post-fix7","hypothesisId":"H1","location":"Starship.NetworkMotor:ReconcileOwnerFromServer","message":"owner_reconcile","data":{"preSnapErr":0.0000,"replayCount":10,"preTick":2780,"postTick":2780,"serverTick":2770,"ackSeq":1350,"simTick":3065},"timestamp":1782243061242}
{"sessionId":"3f83e2","runId":"post-fix7","hypothesisId":"H1","location":"Starship.NetworkMotor:ReconcileOwnerFromServer","message":"owner_reconcile","data":{"preSnapErr":0.0000,"replayCount":10,"preTick":2782,"postTick":2782,"serverTick":2772,"ackSeq":1352,"simTick":3067},"timestamp":1782243061281}
{"sessionId":"3f83e2","runId":"post-fix7","hypothesisId":"H1","location":"Starship.NetworkMotor:ReconcileOwnerFromServer","message":"owner_reconcile","data":{"preSnapErr":0.0000,"replayCount":10,"preTick":2784,"postTick":2784,"serverTick":2774,"ackSeq":1354,"simTick":3069},"timestamp":1782243061321}
{"sessionId":"3f83e2","runId":"post-fix7","hypothesisId":"H1","location":"Starship.NetworkMotor:ReconcileOwnerFromServer","message":"owner_reconcile","data":{"preSnapErr":0.0000,"replayCount":10,"preTick":2785,"postTick":2785,"serverTick":2775,"ackSeq":1355,"simTick":3070},"timestamp":1782243061345}
{"sessionId":"3f83e2","runId":"post-fix7","hypothesisId":"H1","location":"Starship.NetworkMotor:ReconcileOwnerFromServer","message":"owner_reconcile","data":{"preSnapErr":0.0000,"replayCount":10,"preTick":2787,"postTick":2787,"serverTick":2777,"ackSeq":1357,"simTick":3072},"timestamp":1782243061386}
{"sessionId":"3f83e2","runId":"post-fix7","hypothesisId":"H5","location":"Starship.NetworkMotor:ApplyOwnerPredictedMotorVisuals","message":"owner_display","data":{"alpha":0.561,"renderSpan":0.0000,"frameDelta":0.0000,"speed":F3},"timestamp":1782243061415}
{"sessionId":"3f83e2","runId":"post-fix7","hypothesisId":"H1","location":"Starship.NetworkMotor:ReconcileOwnerFromServer","message":"owner_reconcile","data":{"preSnapErr":0.0000,"replayCount":10,"preTick":2789,"postTick":2789,"serverTick":2779,"ackSeq":1359,"simTick":3074},"timestamp":1782243061428}
{"sessionId":"3f83e2","runId":"post-fix7","hypothesisId":"H1","location":"Starship.NetworkMotor:ReconcileOwnerFromServer","message":"owner_reconcile","data":{"preSnapErr":0.0000,"replayCount":9,"preTick":2790,"postTick":2790,"serverTick":2781,"ackSeq":1361,"simTick":3075},"timestamp":1782243061450}
{"sessionId":"3f83e2","runId":"post-fix7","hypothesisId":"H1","location":"Starship.NetworkMotor:ReconcileOwnerFromServer","message":"owner_reconcile","data":{"preSnapErr":0.0000,"replayCount":10,"preTick":2792,"postTick":2792,"serverTick":2782,"ackSeq":1362,"simTick":3077},"timestamp":1782243061491}
{"sessionId":"3f83e2","runId":"post-fix7","hypothesisId":"H1","location":"Starship.NetworkMotor:ReconcileOwnerFromServer","message":"owner_reconcile","data":{"preSnapErr":0.0000,"replayCount":9,"preTick":2794,"postTick":2794,"serverTick":2785,"ackSeq":1365,"simTick":3079},"timestamp":1782243061537}
{"sessionId":"3f83e2","runId":"post-fix7","hypothesisId":"H2","location":"Starship.NetworkMotor:ClientPredictMotorFixedStep","message":"owner_predict","data":{"tick":2795,"simTick":3079,"serverClock":3085,"tickLead":-284,"speed":0.000,"thrust":0},"timestamp":1782243061538}
{"sessionId":"3f83e2","runId":"post-fix7","hypothesisId":"H1","location":"Starship.NetworkMotor:ReconcileOwnerFromServer","message":"owner_reconcile","data":{"preSnapErr":0.0000,"replayCount":10,"preTick":2796,"postTick":2796,"serverTick":2786,"ackSeq":1366,"simTick":3081},"timestamp":1782243061566}
{"sessionId":"3f83e2","runId":"post-fix7","hypothesisId":"H1","location":"Starship.NetworkMotor:ReconcileOwnerFromServer","message":"owner_reconcile","data":{"preSnapErr":0.0000,"replayCount":10,"preTick":2798,"postTick":2798,"serverTick":2788,"ackSeq":1368,"simTick":3083},"timestamp":1782243061609}
{"sessionId":"3f83e2","runId":"post-fix7","hypothesisId":"H1","location":"Starship.NetworkMotor:ReconcileOwnerFromServer","message":"owner_reconcile","data":{"preSnapErr":0.0000,"replayCount":10,"preTick":2800,"postTick":2800,"serverTick":2790,"ackSeq":1370,"simTick":3085},"timestamp":1782243061654}
{"sessionId":"3f83e2","runId":"post-fix7","hypothesisId":"H1","location":"Starship.NetworkMotor:ReconcileOwnerFromServer","message":"owner_reconcile","data":{"preSnapErr":0.0000,"replayCount":9,"preTick":2801,"postTick":2801,"serverTick":2792,"ackSeq":1372,"simTick":3086},"timestamp":1782243061677}
{"sessionId":"3f83e2","runId":"post-fix7","hypothesisId":"H5","location":"Starship.NetworkMotor:ApplyOwnerPredictedMotorVisuals","message":"owner_display","data":{"alpha":0.054,"renderSpan":0.0000,"frameDelta":0.0000,"speed":F3},"timestamp":1782243061686}
{"sessionId":"3f83e2","runId":"post-fix7","hypothesisId":"H1","location":"Starship.NetworkMotor:ReconcileOwnerFromServer","message":"owner_reconcile","data":{"preSnapErr":0.0000,"replayCount":10,"preTick":2803,"postTick":2803,"serverTick":2793,"ackSeq":1373,"simTick":3088},"timestamp":1782243061705}
{"sessionId":"3f83e2","runId":"post-fix7","hypothesisId":"H1","location":"Starship.NetworkMotor:ReconcileOwnerFromServer","message":"owner_reconcile","data":{"preSnapErr":0.0000,"replayCount":10,"preTick":2805,"postTick":2805,"serverTick":2795,"ackSeq":1375,"simTick":3090},"timestamp":1782243061752}
{"sessionId":"3f83e2","runId":"post-fix7","hypothesisId":"H1","location":"Starship.NetworkMotor:ReconcileOwnerFromServer","message":"owner_reconcile","data":{"preSnapErr":0.0000,"replayCount":9,"preTick":2806,"postTick":2806,"serverTick":2797,"ackSeq":1377,"simTick":3091},"timestamp":1782243061782}
{"sessionId":"3f83e2","runId":"post-fix7","hypothesisId":"H1","location":"Starship.NetworkMotor:ReconcileOwnerFromServer","message":"owner_reconcile","data":{"preSnapErr":0.0000,"replayCount":10,"preTick":2808,"postTick":2808,"serverTick":2798,"ackSeq":1378,"simTick":3093},"timestamp":1782243061810}
{"sessionId":"3f83e2","runId":"post-fix7","hypothesisId":"H1","location":"Starship.NetworkMotor:ReconcileOwnerFromServer","message":"owner_reconcile","data":{"preSnapErr":0.0000,"replayCount":10,"preTick":2810,"postTick":2810,"serverTick":2800,"ackSeq":1380,"simTick":3095},"timestamp":1782243061858}
{"sessionId":"3f83e2","runId":"post-fix7","hypothesisId":"H1","location":"Starship.NetworkMotor:ReconcileOwnerFromServer","message":"owner_reconcile","data":{"preSnapErr":0.0000,"replayCount":10,"preTick":2812,"postTick":2812,"serverTick":2802,"ackSeq":1382,"simTick":3097},"timestamp":1782243061888}
{"sessionId":"3f83e2","runId":"post-fix7","hypothesisId":"H1","location":"Starship.NetworkMotor:ReconcileOwnerFromServer","message":"owner_reconcile","data":{"preSnapErr":0.0000,"replayCount":10,"preTick":2813,"postTick":2813,"serverTick":2803,"ackSeq":1383,"simTick":3098},"timestamp":1782243061911}
{"sessionId":"3f83e2","runId":"post-fix7","hypothesisId":"H1","location":"Starship.NetworkMotor:ReconcileOwnerFromServer","message":"owner_reconcile","data":{"preSnapErr":0.0000,"replayCount":10,"preTick":2815,"postTick":2815,"serverTick":2805,"ackSeq":1385,"simTick":3100},"timestamp":1782243061956}
{"sessionId":"3f83e2","runId":"post-fix7","hypothesisId":"H1","location":"Starship.NetworkMotor:ReconcileOwnerFromServer","message":"owner_reconcile","data":{"preSnapErr":0.0000,"replayCount":10,"preTick":2817,"postTick":2817,"serverTick":2807,"ackSeq":1387,"simTick":3102},"timestamp":1782243061983}
{"sessionId":"3f83e2","runId":"post-fix7","hypothesisId":"H5","location":"Starship.NetworkMotor:ApplyOwnerPredictedMotorVisuals","message":"owner_display","data":{"alpha":0.413,"renderSpan":0.0000,"frameDelta":0.0000,"speed":F3},"timestamp":1782243061990}
{"sessionId":"3f83e2","runId":"post-fix7","hypothesisId":"H1","location":"Starship.NetworkMotor:ReconcileOwnerFromServer","message":"owner_reconcile","data":{"preSnapErr":0.0000,"replayCount":10,"preTick":2819,"postTick":2819,"serverTick":2809,"ackSeq":1389,"simTick":3104},"timestamp":1782243062026}
{"sessionId":"3f83e2","runId":"post-fix7","hypothesisId":"H2","location":"Starship.NetworkMotor:ClientPredictMotorFixedStep","message":"owner_predict","data":{"tick":2820,"simTick":3104,"serverClock":3110,"tickLead":-284,"speed":0.000,"thrust":0},"timestamp":1782243062026}
{"sessionId":"3f83e2","runId":"post-fix7","hypothesisId":"H1","location":"Starship.NetworkMotor:ReconcileOwnerFromServer","message":"owner_reconcile","data":{"preSnapErr":0.0000,"replayCount":10,"preTick":2820,"postTick":2820,"serverTick":2810,"ackSeq":1390,"simTick":3105},"timestamp":1782243062048}
{"sessionId":"3f83e2","runId":"post-fix7","hypothesisId":"H1","location":"Starship.NetworkMotor:ReconcileOwnerFromServer","message":"owner_reconcile","data":{"preSnapErr":0.0000,"replayCount":10,"preTick":2822,"postTick":2822,"serverTick":2812,"ackSeq":1392,"simTick":3107},"timestamp":1782243062090}
{"sessionId":"3f83e2","runId":"post-fix7","hypothesisId":"H1","location":"Starship.NetworkMotor:ReconcileOwnerFromServer","message":"owner_reconcile","data":{"preSnapErr":0.0000,"replayCount":9,"preTick":2823,"postTick":2823,"serverTick":2814,"ackSeq":1394,"simTick":3108},"timestamp":1782243062112}
{"sessionId":"3f83e2","runId":"post-fix7","hypothesisId":"H1","location":"Starship.NetworkMotor:ReconcileOwnerFromServer","message":"owner_reconcile","data":{"preSnapErr":0.0000,"replayCount":10,"preTick":2825,"postTick":2825,"serverTick":2815,"ackSeq":1395,"simTick":3110},"timestamp":1782243062152}
{"sessionId":"3f83e2","runId":"post-fix7","hypothesisId":"H1","location":"Starship.NetworkMotor:ReconcileOwnerFromServer","message":"owner_reconcile","data":{"preSnapErr":0.0000,"replayCount":10,"preTick":2827,"postTick":2827,"serverTick":2817,"ackSeq":1397,"simTick":3112},"timestamp":1782243062196}
{"sessionId":"3f83e2","runId":"post-fix7","hypothesisId":"H1","location":"Starship.NetworkMotor:ReconcileOwnerFromServer","message":"owner_reconcile","data":{"preSnapErr":0.0000,"replayCount":10,"preTick":2829,"postTick":2829,"serverTick":2819,"ackSeq":1399,"simTick":3114},"timestamp":1782243062221}
{"sessionId":"3f83e2","runId":"post-fix7","hypothesisId":"H1","location":"Starship.NetworkMotor:ReconcileOwnerFromServer","message":"owner_reconcile","data":{"preSnapErr":0.0000,"replayCount":10,"preTick":2830,"postTick":2830,"serverTick":2820,"ackSeq":1400,"simTick":3115},"timestamp":1782243062241}
{"sessionId":"3f83e2","runId":"post-fix7","hypothesisId":"H5","location":"Starship.NetworkMotor:ApplyOwnerPredictedMotorVisuals","message":"owner_display","data":{"alpha":0.271,"renderSpan":0.0000,"frameDelta":0.0000,"speed":F3},"timestamp":1782243062249}
{"sessionId":"3f83e2","runId":"post-fix7","hypothesisId":"H1","location":"Starship.NetworkMotor:ReconcileOwnerFromServer","message":"owner_reconcile","data":{"preSnapErr":0.0000,"replayCount":10,"preTick":2832,"postTick":2832,"serverTick":2822,"ackSeq":1402,"simTick":3117},"timestamp":1782243062283}
{"sessionId":"3f83e2","runId":"post-fix7","hypothesisId":"H1","location":"Starship.NetworkMotor:ReconcileOwnerFromServer","message":"owner_reconcile","data":{"preSnapErr":0.0000,"replayCount":10,"preTick":2834,"postTick":2834,"serverTick":2824,"ackSeq":1404,"simTick":3119},"timestamp":1782243062326}
{"sessionId":"3f83e2","runId":"post-fix7","hypothesisId":"H1","location":"Starship.NetworkMotor:ReconcileOwnerFromServer","message":"owner_reconcile","data":{"preSnapErr":0.0000,"replayCount":10,"preTick":2836,"postTick":2836,"serverTick":2826,"ackSeq":1406,"simTick":3121},"timestamp":1782243062368}
{"sessionId":"3f83e2","runId":"post-fix7","hypothesisId":"H1","location":"Starship.NetworkMotor:ReconcileOwnerFromServer","message":"owner_reconcile","data":{"preSnapErr":0.0000,"replayCount":10,"preTick":2837,"postTick":2837,"serverTick":2827,"ackSeq":1407,"simTick":3122},"timestamp":1782243062390}
{"sessionId":"3f83e2","runId":"post-fix7","hypothesisId":"H1","location":"Starship.NetworkMotor:ReconcileOwnerFromServer","message":"owner_reconcile","data":{"preSnapErr":0.0000,"replayCount":10,"preTick":2838,"postTick":2838,"serverTick":2828,"ackSeq":1408,"simTick":3123},"timestamp":1782243062416}
{"sessionId":"3f83e2","runId":"post-fix7","hypothesisId":"H1","location":"Starship.NetworkMotor:ReconcileOwnerFromServer","message":"owner_reconcile","data":{"preSnapErr":0.0000,"replayCount":10,"preTick":2840,"postTick":2840,"serverTick":2830,"ackSeq":1410,"simTick":3125},"timestamp":1782243062437}
{"sessionId":"3f83e2","runId":"post-fix7","hypothesisId":"H1","location":"Starship.NetworkMotor:ReconcileOwnerFromServer","message":"owner_reconcile","data":{"preSnapErr":0.0000,"replayCount":10,"preTick":2842,"postTick":2842,"serverTick":2832,"ackSeq":1412,"simTick":3127},"timestamp":1782243062479}
{"sessionId":"3f83e2","runId":"post-fix7","hypothesisId":"H5","location":"Starship.NetworkMotor:ApplyOwnerPredictedMotorVisuals","message":"owner_display","data":{"alpha":0.170,"renderSpan":0.0000,"frameDelta":0.0000,"speed":F3},"timestamp":1782243062509}
{"sessionId":"3f83e2","runId":"post-fix7","hypothesisId":"H1","location":"Starship.NetworkMotor:ReconcileOwnerFromServer","message":"owner_reconcile","data":{"preSnapErr":0.0000,"replayCount":11,"preTick":2844,"postTick":2844,"serverTick":2833,"ackSeq":1413,"simTick":3129},"timestamp":1782243062524}
{"sessionId":"3f83e2","runId":"post-fix7","hypothesisId":"H2","location":"Starship.NetworkMotor:ClientPredictMotorFixedStep","message":"owner_predict","data":{"tick":2845,"simTick":3129,"serverClock":3135,"tickLead":-284,"speed":0.000,"thrust":0},"timestamp":1782243062524}
{"sessionId":"3f83e2","runId":"post-fix7","hypothesisId":"H1","location":"Starship.NetworkMotor:ReconcileOwnerFromServer","message":"owner_reconcile","data":{"preSnapErr":0.0000,"replayCount":10,"preTick":2845,"postTick":2845,"serverTick":2835,"ackSeq":1415,"simTick":3130},"timestamp":1782243062546}
{"sessionId":"3f83e2","runId":"post-fix7","hypothesisId":"H1","location":"Starship.NetworkMotor:ReconcileOwnerFromServer","message":"owner_reconcile","data":{"preSnapErr":0.0000,"replayCount":10,"preTick":2847,"postTick":2847,"serverTick":2837,"ackSeq":1417,"simTick":3132},"timestamp":1782243062591}
{"sessionId":"3f83e2","runId":"post-fix7","hypothesisId":"H1","location":"Starship.NetworkMotor:ReconcileOwnerFromServer","message":"owner_reconcile","data":{"preSnapErr":0.0000,"replayCount":10,"preTick":2848,"postTick":2848,"serverTick":2838,"ackSeq":1418,"simTick":3133},"timestamp":1782243062621}
{"sessionId":"3f83e2","runId":"post-fix7","hypothesisId":"H1","location":"Starship.NetworkMotor:ReconcileOwnerFromServer","message":"owner_reconcile","data":{"preSnapErr":0.0000,"replayCount":10,"preTick":2850,"postTick":2850,"serverTick":2840,"ackSeq":1420,"simTick":3135},"timestamp":1782243062647}
{"sessionId":"3f83e2","runId":"post-fix7","hypothesisId":"H1","location":"Starship.NetworkMotor:ReconcileOwnerFromServer","message":"owner_reconcile","data":{"preSnapErr":0.0000,"replayCount":10,"preTick":2852,"postTick":2852,"serverTick":2842,"ackSeq":1422,"simTick":3137},"timestamp":1782243062690}
{"sessionId":"3f83e2","runId":"post-fix7","hypothesisId":"H1","location":"Starship.NetworkMotor:ReconcileOwnerFromServer","message":"owner_reconcile","data":{"preSnapErr":0.0000,"replayCount":9,"preTick":2853,"postTick":2853,"serverTick":2844,"ackSeq":1424,"simTick":3138},"timestamp":1782243062712}
{"sessionId":"3f83e2","runId":"post-fix7","hypothesisId":"H1","location":"Starship.NetworkMotor:ReconcileOwnerFromServer","message":"owner_reconcile","data":{"preSnapErr":0.0000,"replayCount":11,"preTick":2856,"postTick":2856,"serverTick":2845,"ackSeq":1425,"simTick":3141},"timestamp":1782243062758}
{"sessionId":"3f83e2","runId":"post-fix7","hypothesisId":"H1","location":"Starship.NetworkMotor:ReconcileOwnerFromServer","message":"owner_reconcile","data":{"preSnapErr":0.0000,"replayCount":10,"preTick":2857,"postTick":2857,"serverTick":2847,"ackSeq":1427,"simTick":3142},"timestamp":1782243062779}
{"sessionId":"3f83e2","runId":"post-fix7","hypothesisId":"H5","location":"Starship.NetworkMotor:ApplyOwnerPredictedMotorVisuals","message":"owner_display","data":{"alpha":0.239,"renderSpan":0.0000,"frameDelta":0.0000,"speed":F3},"timestamp":1782243062787}
{"sessionId":"3f83e2","runId":"post-fix7","hypothesisId":"H1","location":"Starship.NetworkMotor:ReconcileOwnerFromServer","message":"owner_reconcile","data":{"preSnapErr":0.0000,"replayCount":10,"preTick":2859,"postTick":2859,"serverTick":2849,"ackSeq":1429,"simTick":3144},"timestamp":1782243062828}
{"sessionId":"3f83e2","runId":"post-fix7","hypothesisId":"H1","location":"Starship.NetworkMotor:ReconcileOwnerFromServer","message":"owner_reconcile","data":{"preSnapErr":0.0000,"replayCount":10,"preTick":2860,"postTick":2860,"serverTick":2850,"ackSeq":1430,"simTick":3145},"timestamp":1782243062851}
{"sessionId":"3f83e2","runId":"post-fix7","hypothesisId":"H1","location":"Starship.NetworkMotor:ReconcileOwnerFromServer","message":"owner_reconcile","data":{"preSnapErr":0.0000,"replayCount":10,"preTick":2862,"postTick":2862,"serverTick":2852,"ackSeq":1432,"simTick":3147},"timestamp":1782243062893}
{"sessionId":"3f83e2","runId":"post-fix7","hypothesisId":"H1","location":"Starship.NetworkMotor:ReconcileOwnerFromServer","message":"owner_reconcile","data":{"preSnapErr":0.0000,"replayCount":9,"preTick":2863,"postTick":2863,"serverTick":2854,"ackSeq":1434,"simTick":3148},"timestamp":1782243062916}
{"sessionId":"3f83e2","runId":"post-fix7","hypothesisId":"H1","location":"Starship.NetworkMotor:ReconcileOwnerFromServer","message":"owner_reconcile","data":{"preSnapErr":0.0000,"replayCount":11,"preTick":2866,"postTick":2866,"serverTick":2855,"ackSeq":1435,"simTick":3151},"timestamp":1782243062961}
{"sessionId":"3f83e2","runId":"post-fix7","hypothesisId":"H1","location":"Starship.NetworkMotor:ReconcileOwnerFromServer","message":"owner_reconcile","data":{"preSnapErr":0.0000,"replayCount":10,"preTick":2867,"postTick":2867,"serverTick":2857,"ackSeq":1437,"simTick":3152},"timestamp":1782243062982}
{"sessionId":"3f83e2","runId":"post-fix7","hypothesisId":"H1","location":"Starship.NetworkMotor:ReconcileOwnerFromServer","message":"owner_reconcile","data":{"preSnapErr":0.0000,"replayCount":10,"preTick":2869,"postTick":2869,"serverTick":2859,"ackSeq":1439,"simTick":3154},"timestamp":1782243063025}
{"sessionId":"3f83e2","runId":"post-fix7","hypothesisId":"H2","location":"Starship.NetworkMotor:ClientPredictMotorFixedStep","message":"owner_predict","data":{"tick":2870,"simTick":3154,"serverClock":3160,"tickLead":-284,"speed":0.000,"thrust":0},"timestamp":1782243063026}
{"sessionId":"3f83e2","runId":"post-fix7","hypothesisId":"H1","location":"Starship.NetworkMotor:ReconcileOwnerFromServer","message":"owner_reconcile","data":{"preSnapErr":0.0000,"replayCount":10,"preTick":2870,"postTick":2870,"serverTick":2860,"ackSeq":1440,"simTick":3155},"timestamp":1782243063053}
{"sessionId":"3f83e2","runId":"post-fix7","hypothesisId":"H5","location":"Starship.NetworkMotor:ApplyOwnerPredictedMotorVisuals","message":"owner_display","data":{"alpha":0.875,"renderSpan":0.0000,"frameDelta":0.0000,"speed":F3},"timestamp":1782243063061}
{"sessionId":"3f83e2","runId":"post-fix7","hypothesisId":"H1","location":"Starship.NetworkMotor:ReconcileOwnerFromServer","message":"owner_reconcile","data":{"preSnapErr":0.0000,"replayCount":10,"preTick":2872,"postTick":2872,"serverTick":2862,"ackSeq":1442,"simTick":3157},"timestamp":1782243063095}
{"sessionId":"3f83e2","runId":"post-fix7","hypothesisId":"H1","location":"Starship.NetworkMotor:ReconcileOwnerFromServer","message":"owner_reconcile","data":{"preSnapErr":0.0000,"replayCount":10,"preTick":2874,"postTick":2874,"serverTick":2864,"ackSeq":1444,"simTick":3159},"timestamp":1782243063120}
{"sessionId":"3f83e2","runId":"post-fix7","hypothesisId":"H1","location":"Starship.NetworkMotor:ReconcileOwnerFromServer","message":"owner_reconcile","data":{"preSnapErr":0.0000,"replayCount":10,"preTick":2875,"postTick":2875,"serverTick":2865,"ackSeq":1445,"simTick":3160},"timestamp":1782243063143}
{"sessionId":"3f83e2","runId":"post-fix7","hypothesisId":"H1","location":"Starship.NetworkMotor:ReconcileOwnerFromServer","message":"owner_reconcile","data":{"preSnapErr":0.0000,"replayCount":10,"preTick":2877,"postTick":2877,"serverTick":2867,"ackSeq":1447,"simTick":3162},"timestamp":1782243063185}
{"sessionId":"3f83e2","runId":"post-fix7","hypothesisId":"H1","location":"Starship.NetworkMotor:ReconcileOwnerFromServer","message":"owner_reconcile","data":{"preSnapErr":0.0000,"replayCount":10,"preTick":2879,"postTick":2879,"serverTick":2869,"ackSeq":1449,"simTick":3164},"timestamp":1782243063228}
{"sessionId":"3f83e2","runId":"post-fix7","hypothesisId":"H1","location":"Starship.NetworkMotor:ReconcileOwnerFromServer","message":"owner_reconcile","data":{"preSnapErr":0.0000,"replayCount":9,"preTick":2880,"postTick":2880,"serverTick":2871,"ackSeq":1451,"simTick":3165},"timestamp":1782243063253}
{"sessionId":"3f83e2","runId":"post-fix7","hypothesisId":"H1","location":"Starship.NetworkMotor:ReconcileOwnerFromServer","message":"owner_reconcile","data":{"preSnapErr":0.0000,"replayCount":10,"preTick":2882,"postTick":2882,"serverTick":2872,"ackSeq":1452,"simTick":3167},"timestamp":1782243063294}
{"sessionId":"3f83e2","runId":"post-fix7","hypothesisId":"H1","location":"Starship.NetworkMotor:ReconcileOwnerFromServer","message":"owner_reconcile","data":{"preSnapErr":0.0000,"replayCount":9,"preTick":2883,"postTick":2883,"serverTick":2874,"ackSeq":1454,"simTick":3168},"timestamp":1782243063316}
{"sessionId":"3f83e2","runId":"post-fix7","hypothesisId":"H5","location":"Starship.NetworkMotor:ApplyOwnerPredictedMotorVisuals","message":"owner_display","data":{"alpha":0.020,"renderSpan":0.0000,"frameDelta":0.0000,"speed":F3},"timestamp":1782243063325}
{"sessionId":"3f83e2","runId":"post-fix7","hypothesisId":"H1","location":"Starship.NetworkMotor:ReconcileOwnerFromServer","message":"owner_reconcile","data":{"preSnapErr":0.0000,"replayCount":10,"preTick":2886,"postTick":2886,"serverTick":2876,"ackSeq":1456,"simTick":3171},"timestamp":1782243063359}
{"sessionId":"3f83e2","runId":"post-fix7","hypothesisId":"H1","location":"Starship.NetworkMotor:ReconcileOwnerFromServer","message":"owner_reconcile","data":{"preSnapErr":0.0000,"replayCount":10,"preTick":2887,"postTick":2887,"serverTick":2877,"ackSeq":1457,"simTick":3172},"timestamp":1782243063381}
{"sessionId":"3f83e2","runId":"post-fix7","hypothesisId":"H1","location":"Starship.NetworkMotor:ReconcileOwnerFromServer","message":"owner_reconcile","data":{"preSnapErr":0.0000,"replayCount":10,"preTick":2889,"postTick":2889,"serverTick":2879,"ackSeq":1459,"simTick":3174},"timestamp":1782243063422}
{"sessionId":"3f83e2","runId":"post-fix7","hypothesisId":"H1","location":"Starship.NetworkMotor:ReconcileOwnerFromServer","message":"owner_reconcile","data":{"preSnapErr":0.0000,"replayCount":10,"preTick":2890,"postTick":2890,"serverTick":2880,"ackSeq":1460,"simTick":3175},"timestamp":1782243063441}
{"sessionId":"3f83e2","runId":"post-fix7","hypothesisId":"H1","location":"Starship.NetworkMotor:ReconcileOwnerFromServer","message":"owner_reconcile","data":{"preSnapErr":0.0000,"replayCount":10,"preTick":2891,"postTick":2891,"serverTick":2881,"ackSeq":1461,"simTick":3176},"timestamp":1782243063467}
{"sessionId":"3f83e2","runId":"post-fix7","hypothesisId":"H1","location":"Starship.NetworkMotor:ReconcileOwnerFromServer","message":"owner_reconcile","data":{"preSnapErr":0.0000,"replayCount":10,"preTick":2893,"postTick":2893,"serverTick":2883,"ackSeq":1463,"simTick":3178},"timestamp":1782243063516}
{"sessionId":"3f83e2","runId":"post-fix7","hypothesisId":"H1","location":"Starship.NetworkMotor:ReconcileOwnerFromServer","message":"owner_reconcile","data":{"preSnapErr":0.0000,"replayCount":9,"preTick":2894,"postTick":2894,"serverTick":2885,"ackSeq":1465,"simTick":3179},"timestamp":1782243063542}
{"sessionId":"3f83e2","runId":"post-fix7","hypothesisId":"H2","location":"Starship.NetworkMotor:ClientPredictMotorFixedStep","message":"owner_predict","data":{"tick":2895,"simTick":3179,"serverClock":3185,"tickLead":-284,"speed":0.000,"thrust":0},"timestamp":1782243063542}
{"sessionId":"3f83e2","runId":"post-fix7","hypothesisId":"H1","location":"Starship.NetworkMotor:ReconcileOwnerFromServer","message":"owner_reconcile","data":{"preSnapErr":0.0000,"replayCount":10,"preTick":2896,"postTick":2896,"serverTick":2886,"ackSeq":1466,"simTick":3181},"timestamp":1782243063568}
{"sessionId":"3f83e2","runId":"post-fix7","hypothesisId":"H5","location":"Starship.NetworkMotor:ApplyOwnerPredictedMotorVisuals","message":"owner_display","data":{"alpha":0.652,"renderSpan":0.0000,"frameDelta":0.0000,"speed":F3},"timestamp":1782243063596}
{"sessionId":"3f83e2","runId":"post-fix7","hypothesisId":"H1","location":"Starship.NetworkMotor:ReconcileOwnerFromServer","message":"owner_reconcile","data":{"preSnapErr":0.0000,"replayCount":10,"preTick":2898,"postTick":2898,"serverTick":2888,"ackSeq":1468,"simTick":3183},"timestamp":1782243063613}
{"sessionId":"3f83e2","runId":"post-fix7","hypothesisId":"H1","location":"Starship.NetworkMotor:ReconcileOwnerFromServer","message":"owner_reconcile","data":{"preSnapErr":0.0000,"replayCount":9,"preTick":2899,"postTick":2899,"serverTick":2890,"ackSeq":1470,"simTick":3184},"timestamp":1782243063636}
{"sessionId":"3f83e2","runId":"post-fix7","hypothesisId":"H1","location":"Starship.NetworkMotor:ReconcileOwnerFromServer","message":"owner_reconcile","data":{"preSnapErr":0.0000,"replayCount":11,"preTick":2902,"postTick":2902,"serverTick":2891,"ackSeq":1471,"simTick":3187},"timestamp":1782243063682}
{"sessionId":"3f83e2","runId":"post-fix7","hypothesisId":"H1","location":"Starship.NetworkMotor:ReconcileOwnerFromServer","message":"owner_reconcile","data":{"preSnapErr":0.0000,"replayCount":10,"preTick":2903,"postTick":2903,"serverTick":2893,"ackSeq":1473,"simTick":3188},"timestamp":1782243063705}
{"sessionId":"3f83e2","runId":"post-fix7","hypothesisId":"H1","location":"Starship.NetworkMotor:ReconcileOwnerFromServer","message":"owner_reconcile","data":{"preSnapErr":0.0000,"replayCount":10,"preTick":2905,"postTick":2905,"serverTick":2895,"ackSeq":1475,"simTick":3190},"timestamp":1782243063747}
{"sessionId":"3f83e2","runId":"post-fix7","hypothesisId":"H1","location":"Starship.NetworkMotor:ReconcileOwnerFromServer","message":"owner_reconcile","data":{"preSnapErr":0.0000,"replayCount":10,"preTick":2906,"postTick":2906,"serverTick":2896,"ackSeq":1476,"simTick":3191},"timestamp":1782243063768}
{"sessionId":"3f83e2","runId":"post-fix7","hypothesisId":"H1","location":"Starship.NetworkMotor:ReconcileOwnerFromServer","message":"owner_reconcile","data":{"preSnapErr":0.0000,"replayCount":10,"preTick":2908,"postTick":2908,"serverTick":2898,"ackSeq":1478,"simTick":3193},"timestamp":1782243063808}
{"sessionId":"3f83e2","runId":"post-fix7","hypothesisId":"H1","location":"Starship.NetworkMotor:ReconcileOwnerFromServer","message":"owner_reconcile","data":{"preSnapErr":0.0000,"replayCount":10,"preTick":2910,"postTick":2910,"serverTick":2900,"ackSeq":1480,"simTick":3195},"timestamp":1782243063852}
{"sessionId":"3f83e2","runId":"post-fix7","hypothesisId":"H5","location":"Starship.NetworkMotor:ApplyOwnerPredictedMotorVisuals","message":"owner_display","data":{"alpha":0.822,"renderSpan":0.0000,"frameDelta":0.0000,"speed":F3},"timestamp":1782243063861}
{"sessionId":"3f83e2","runId":"post-fix7","hypothesisId":"H1","location":"Starship.NetworkMotor:ReconcileOwnerFromServer","message":"owner_reconcile","data":{"preSnapErr":0.0000,"replayCount":9,"preTick":2911,"postTick":2911,"serverTick":2902,"ackSeq":1482,"simTick":3196},"timestamp":1782243063875}
{"sessionId":"3f83e2","runId":"post-fix7","hypothesisId":"H1","location":"Starship.NetworkMotor:ReconcileOwnerFromServer","message":"owner_reconcile","data":{"preSnapErr":0.0000,"replayCount":11,"preTick":2914,"postTick":2914,"serverTick":2903,"ackSeq":1483,"simTick":3199},"timestamp":1782243063923}
{"sessionId":"3f83e2","runId":"post-fix7","hypothesisId":"H1","location":"Starship.NetworkMotor:ReconcileOwnerFromServer","message":"owner_reconcile","data":{"preSnapErr":0.0000,"replayCount":10,"preTick":2915,"postTick":2915,"serverTick":2905,"ackSeq":1485,"simTick":3200},"timestamp":1782243063945}
{"sessionId":"3f83e2","runId":"post-fix7","hypothesisId":"H1","location":"Starship.NetworkMotor:ReconcileOwnerFromServer","message":"owner_reconcile","data":{"preSnapErr":0.0000,"replayCount":10,"preTick":2917,"postTick":2917,"serverTick":2907,"ackSeq":1487,"simTick":3202},"timestamp":1782243063987}
{"sessionId":"3f83e2","runId":"post-fix7","hypothesisId":"H1","location":"Starship.NetworkMotor:ReconcileOwnerFromServer","message":"owner_reconcile","data":{"preSnapErr":0.0000,"replayCount":10,"preTick":2918,"postTick":2918,"serverTick":2908,"ackSeq":1488,"simTick":3203},"timestamp":1782243064010}
{"sessionId":"3f83e2","runId":"post-fix7","hypothesisId":"H2","location":"Starship.NetworkMotor:ClientPredictMotorFixedStep","message":"owner_predict","data":{"tick":2920,"simTick":3204,"serverClock":3210,"tickLead":-284,"speed":0.000,"thrust":0},"timestamp":1782243064030}
{"sessionId":"3f83e2","runId":"post-fix7","hypothesisId":"H1","location":"Starship.NetworkMotor:ReconcileOwnerFromServer","message":"owner_reconcile","data":{"preSnapErr":0.0000,"replayCount":10,"preTick":2920,"postTick":2920,"serverTick":2910,"ackSeq":1490,"simTick":3205},"timestamp":1782243064051}
{"sessionId":"3f83e2","runId":"post-fix7","hypothesisId":"H1","location":"Starship.NetworkMotor:ReconcileOwnerFromServer","message":"owner_reconcile","data":{"preSnapErr":0.0000,"replayCount":10,"preTick":2922,"postTick":2922,"serverTick":2912,"ackSeq":1492,"simTick":3207},"timestamp":1782243064092}
{"sessionId":"3f83e2","runId":"post-fix7","hypothesisId":"H1","location":"Starship.NetworkMotor:ReconcileOwnerFromServer","message":"owner_reconcile","data":{"preSnapErr":0.0000,"replayCount":9,"preTick":2923,"postTick":2923,"serverTick":2914,"ackSeq":1494,"simTick":3208},"timestamp":1782243064123}
{"sessionId":"3f83e2","runId":"post-fix7","hypothesisId":"H5","location":"Starship.NetworkMotor:ApplyOwnerPredictedMotorVisuals","message":"owner_display","data":{"alpha":0.302,"renderSpan":0.0000,"frameDelta":0.0000,"speed":F3},"timestamp":1782243064132}
{"sessionId":"3f83e2","runId":"post-fix7","hypothesisId":"H1","location":"Starship.NetworkMotor:ReconcileOwnerFromServer","message":"owner_reconcile","data":{"preSnapErr":0.0000,"replayCount":10,"preTick":2926,"postTick":2926,"serverTick":2916,"ackSeq":1496,"simTick":3211},"timestamp":1782243064166}
{"sessionId":"3f83e2","runId":"post-fix7","hypothesisId":"H1","location":"Starship.NetworkMotor:ReconcileOwnerFromServer","message":"owner_reconcile","data":{"preSnapErr":0.0000,"replayCount":10,"preTick":2927,"postTick":2927,"serverTick":2917,"ackSeq":1497,"simTick":3212},"timestamp":1782243064187}
{"sessionId":"3f83e2","runId":"post-fix7","hypothesisId":"H1","location":"Starship.NetworkMotor:ReconcileOwnerFromServer","message":"owner_reconcile","data":{"preSnapErr":0.0000,"replayCount":10,"preTick":2928,"postTick":2928,"serverTick":2918,"ackSeq":1498,"simTick":3213},"timestamp":1782243064207}
{"sessionId":"3f83e2","runId":"post-fix7","hypothesisId":"H1","location":"Starship.NetworkMotor:ReconcileOwnerFromServer","message":"owner_reconcile","data":{"preSnapErr":0.0000,"replayCount":10,"preTick":2930,"postTick":2930,"serverTick":2920,"ackSeq":1500,"simTick":3215},"timestamp":1782243064248}
{"sessionId":"3f83e2","runId":"post-fix7","hypothesisId":"H1","location":"Starship.NetworkMotor:ReconcileOwnerFromServer","message":"owner_reconcile","data":{"preSnapErr":0.0000,"replayCount":10,"preTick":2932,"postTick":2932,"serverTick":2922,"ackSeq":1502,"simTick":3217},"timestamp":1782243064291}
{"sessionId":"3f83e2","runId":"post-fix7","hypothesisId":"H1","location":"Starship.NetworkMotor:ReconcileOwnerFromServer","message":"owner_reconcile","data":{"preSnapErr":0.0000,"replayCount":9,"preTick":2933,"postTick":2933,"serverTick":2924,"ackSeq":1504,"simTick":3218},"timestamp":1782243064311}
{"sessionId":"3f83e2","runId":"post-fix7","hypothesisId":"H1","location":"Starship.NetworkMotor:ReconcileOwnerFromServer","message":"owner_reconcile","data":{"preSnapErr":0.0000,"replayCount":11,"preTick":2936,"postTick":2936,"serverTick":2925,"ackSeq":1505,"simTick":3221},"timestamp":1782243064361}
{"sessionId":"3f83e2","runId":"post-fix7","hypothesisId":"H1","location":"Starship.NetworkMotor:ReconcileOwnerFromServer","message":"owner_reconcile","data":{"preSnapErr":0.0000,"replayCount":10,"preTick":2937,"postTick":2937,"serverTick":2927,"ackSeq":1507,"simTick":3222},"timestamp":1782243064383}
{"sessionId":"3f83e2","runId":"post-fix7","hypothesisId":"H5","location":"Starship.NetworkMotor:ApplyOwnerPredictedMotorVisuals","message":"owner_display","data":{"alpha":0.381,"renderSpan":0.0000,"frameDelta":0.0000,"speed":F3},"timestamp":1782243064390}
{"sessionId":"3f83e2","runId":"post-fix7","hypothesisId":"H1","location":"Starship.NetworkMotor:ReconcileOwnerFromServer","message":"owner_reconcile","data":{"preSnapErr":0.0000,"replayCount":10,"preTick":2939,"postTick":2939,"serverTick":2929,"ackSeq":1509,"simTick":3224},"timestamp":1782243064427}
{"sessionId":"3f83e2","runId":"post-fix7","hypothesisId":"H1","location":"Starship.NetworkMotor:ReconcileOwnerFromServer","message":"owner_reconcile","data":{"preSnapErr":0.0000,"replayCount":10,"preTick":2941,"postTick":2941,"serverTick":2931,"ackSeq":1511,"simTick":3226},"timestamp":1782243064469}
{"sessionId":"3f83e2","runId":"post-fix7","hypothesisId":"H1","location":"Starship.NetworkMotor:ReconcileOwnerFromServer","message":"owner_reconcile","data":{"preSnapErr":0.0000,"replayCount":10,"preTick":2944,"postTick":2944,"serverTick":2934,"ackSeq":1514,"simTick":3229},"timestamp":1782243064532}
{"sessionId":"3f83e2","runId":"post-fix7","hypothesisId":"H2","location":"Starship.NetworkMotor:ClientPredictMotorFixedStep","message":"owner_predict","data":{"tick":2945,"simTick":3229,"serverClock":3235,"tickLead":-284,"speed":0.000,"thrust":0},"timestamp":1782243064532}
{"sessionId":"3f83e2","runId":"post-fix7","hypothesisId":"H1","location":"Starship.NetworkMotor:ReconcileOwnerFromServer","message":"owner_reconcile","data":{"preSnapErr":0.0000,"replayCount":10,"preTick":2945,"postTick":2945,"serverTick":2935,"ackSeq":1515,"simTick":3230},"timestamp":1782243064558}
{"sessionId":"3f83e2","runId":"post-fix7","hypothesisId":"H1","location":"Starship.NetworkMotor:ReconcileOwnerFromServer","message":"owner_reconcile","data":{"preSnapErr":0.0000,"replayCount":10,"preTick":2948,"postTick":2948,"serverTick":2938,"ackSeq":1518,"simTick":3233},"timestamp":1782243064601}
{"sessionId":"3f83e2","runId":"post-fix7","hypothesisId":"H1","location":"Starship.NetworkMotor:ReconcileOwnerFromServer","message":"owner_reconcile","data":{"preSnapErr":0.0000,"replayCount":10,"preTick":2950,"postTick":2950,"serverTick":2940,"ackSeq":1520,"simTick":3235},"timestamp":1782243064640}
{"sessionId":"3f83e2","runId":"post-fix7","hypothesisId":"H5","location":"Starship.NetworkMotor:ApplyOwnerPredictedMotorVisuals","message":"owner_display","data":{"alpha":0.319,"renderSpan":0.0000,"frameDelta":0.0000,"speed":F3},"timestamp":1782243064649}
{"sessionId":"3f83e2","runId":"post-fix7","hypothesisId":"H1","location":"Starship.NetworkMotor:ReconcileOwnerFromServer","message":"owner_reconcile","data":{"preSnapErr":0.0000,"replayCount":10,"preTick":2952,"postTick":2952,"serverTick":2942,"ackSeq":1522,"simTick":3237},"timestamp":1782243064684}
{"sessionId":"3f83e2","runId":"post-fix7","hypothesisId":"H1","location":"Starship.NetworkMotor:ReconcileOwnerFromServer","message":"owner_reconcile","data":{"preSnapErr":0.0000,"replayCount":10,"preTick":2953,"postTick":2953,"serverTick":2943,"ackSeq":1523,"simTick":3238},"timestamp":1782243064706}
{"sessionId":"3f83e2","runId":"post-fix7","hypothesisId":"H1","location":"Starship.NetworkMotor:ReconcileOwnerFromServer","message":"owner_reconcile","data":{"preSnapErr":0.0000,"replayCount":10,"preTick":2955,"postTick":2955,"serverTick":2945,"ackSeq":1525,"simTick":3240},"timestamp":1782243064751}
{"sessionId":"3f83e2","runId":"post-fix7","hypothesisId":"H1","location":"Starship.NetworkMotor:ReconcileOwnerFromServer","message":"owner_reconcile","data":{"preSnapErr":0.0000,"replayCount":9,"preTick":2956,"postTick":2956,"serverTick":2947,"ackSeq":1527,"simTick":3241},"timestamp":1782243064778}
{"sessionId":"3f83e2","runId":"post-fix7","hypothesisId":"H1","location":"Starship.NetworkMotor:ReconcileOwnerFromServer","message":"owner_reconcile","data":{"preSnapErr":0.0000,"replayCount":10,"preTick":2958,"postTick":2958,"serverTick":2948,"ackSeq":1528,"simTick":3243},"timestamp":1782243064803}
{"sessionId":"3f83e2","runId":"post-fix7","hypothesisId":"H1","location":"Starship.NetworkMotor:ReconcileOwnerFromServer","message":"owner_reconcile","data":{"preSnapErr":0.0000,"replayCount":10,"preTick":2960,"postTick":2960,"serverTick":2950,"ackSeq":1530,"simTick":3245},"timestamp":1782243064847}
{"sessionId":"3f83e2","runId":"post-fix7","hypothesisId":"H1","location":"Starship.NetworkMotor:ReconcileOwnerFromServer","message":"owner_reconcile","data":{"preSnapErr":0.0000,"replayCount":9,"preTick":2961,"postTick":2961,"serverTick":2952,"ackSeq":1532,"simTick":3246},"timestamp":1782243064871}
{"sessionId":"3f83e2","runId":"post-fix7","hypothesisId":"H1","location":"Starship.NetworkMotor:ReconcileOwnerFromServer","message":"owner_reconcile","data":{"preSnapErr":0.0000,"replayCount":10,"preTick":2963,"postTick":2963,"serverTick":2953,"ackSeq":1533,"simTick":3248},"timestamp":1782243064915}
{"sessionId":"3f83e2","runId":"post-fix7","hypothesisId":"H5","location":"Starship.NetworkMotor:ApplyOwnerPredictedMotorVisuals","message":"owner_display","data":{"alpha":0.995,"renderSpan":0.0000,"frameDelta":0.0000,"speed":F3},"timestamp":1782243064924}
{"sessionId":"3f83e2","runId":"post-fix7","hypothesisId":"H1","location":"Starship.NetworkMotor:ReconcileOwnerFromServer","message":"owner_reconcile","data":{"preSnapErr":0.0000,"replayCount":11,"preTick":2966,"postTick":2966,"serverTick":2955,"ackSeq":1535,"simTick":3251},"timestamp":1782243064961}
{"sessionId":"3f83e2","runId":"post-fix7","hypothesisId":"H1","location":"Starship.NetworkMotor:ReconcileOwnerFromServer","message":"owner_reconcile","data":{"preSnapErr":0.0000,"replayCount":10,"preTick":2967,"postTick":2967,"serverTick":2957,"ackSeq":1537,"simTick":3252},"timestamp":1782243064985}
{"sessionId":"3f83e2","runId":"post-fix7","hypothesisId":"H1","location":"Starship.NetworkMotor:ReconcileOwnerFromServer","message":"owner_reconcile","data":{"preSnapErr":0.0000,"replayCount":10,"preTick":2969,"postTick":2969,"serverTick":2959,"ackSeq":1539,"simTick":3254},"timestamp":1782243065030}
{"sessionId":"3f83e2","runId":"post-fix7","hypothesisId":"H2","location":"Starship.NetworkMotor:ClientPredictMotorFixedStep","message":"owner_predict","data":{"tick":2970,"simTick":3254,"serverClock":3260,"tickLead":-284,"speed":0.000,"thrust":0},"timestamp":1782243065031}
{"sessionId":"3f83e2","runId":"post-fix7","hypothesisId":"H1","location":"Starship.NetworkMotor:ReconcileOwnerFromServer","message":"owner_reconcile","data":{"preSnapErr":0.0000,"replayCount":10,"preTick":2970,"postTick":2970,"serverTick":2960,"ackSeq":1540,"simTick":3255},"timestamp":1782243065054}
{"sessionId":"3f83e2","runId":"post-fix7","hypothesisId":"H1","location":"Starship.NetworkMotor:ReconcileOwnerFromServer","message":"owner_reconcile","data":{"preSnapErr":0.0000,"replayCount":10,"preTick":2972,"postTick":2972,"serverTick":2962,"ackSeq":1542,"simTick":3257},"timestamp":1782243065096}
{"sessionId":"3f83e2","runId":"post-fix7","hypothesisId":"H1","location":"Starship.NetworkMotor:ReconcileOwnerFromServer","message":"owner_reconcile","data":{"preSnapErr":0.0000,"replayCount":10,"preTick":2974,"postTick":2974,"serverTick":2964,"ackSeq":1544,"simTick":3259},"timestamp":1782243065120}
{"sessionId":"3f83e2","runId":"post-fix7","hypothesisId":"H1","location":"Starship.NetworkMotor:ReconcileOwnerFromServer","message":"owner_reconcile","data":{"preSnapErr":0.0000,"replayCount":1,"preTick":2976,"postTick":2976,"serverTick":2975,"ackSeq":1555,"simTick":3299},"timestamp":1782243065991}
{"sessionId":"3f83e2","runId":"post-fix7","hypothesisId":"H5","location":"Starship.NetworkMotor:ApplyOwnerPredictedMotorVisuals","message":"owner_display","data":{"alpha":0.873,"renderSpan":0.0000,"frameDelta":0.0000,"speed":F3},"timestamp":1782243066052}
{"sessionId":"3f83e2","runId":"post-fix7","hypothesisId":"H1","location":"Starship.NetworkMotor:ReconcileOwnerFromServer","message":"owner_reconcile","data":{"preSnapErr":0.0000,"replayCount":10,"preTick":2986,"postTick":3023,"serverTick":3013,"ackSeq":1556,"simTick":3309},"timestamp":1782243066106}
{"sessionId":"3f83e2","runId":"post-fix7","hypothesisId":"H1","location":"Starship.NetworkMotor:ReconcileOwnerFromServer","message":"owner_reconcile","data":{"preSnapErr":0.0000,"replayCount":9,"preTick":3024,"postTick":3024,"serverTick":3015,"ackSeq":1558,"simTick":3310},"timestamp":1782243066146}
{"sessionId":"3f83e2","runId":"post-fix7","hypothesisId":"H1","location":"Starship.NetworkMotor:ReconcileOwnerFromServer","message":"owner_reconcile","data":{"preSnapErr":0.0000,"replayCount":8,"preTick":3025,"postTick":3025,"serverTick":3017,"ackSeq":1560,"simTick":3311},"timestamp":1782243066175}
{"sessionId":"3f83e2","runId":"post-fix7","hypothesisId":"H1","location":"Starship.NetworkMotor:ReconcileOwnerFromServer","message":"owner_reconcile","data":{"preSnapErr":0.0000,"replayCount":10,"preTick":3028,"postTick":3028,"serverTick":3018,"ackSeq":1561,"simTick":3314},"timestamp":1782243066219}
{"sessionId":"3f83e2","runId":"post-fix7","hypothesisId":"H1","location":"Starship.NetworkMotor:ReconcileOwnerFromServer","message":"owner_reconcile","data":{"preSnapErr":0.0000,"replayCount":10,"preTick":3030,"postTick":3030,"serverTick":3020,"ackSeq":1563,"simTick":3316},"timestamp":1782243066255}
{"sessionId":"3f83e2","runId":"post-fix7","hypothesisId":"H1","location":"Starship.NetworkMotor:ReconcileOwnerFromServer","message":"owner_reconcile","data":{"preSnapErr":0.0000,"replayCount":9,"preTick":3031,"postTick":3031,"serverTick":3022,"ackSeq":1565,"simTick":3317},"timestamp":1782243066275}
{"sessionId":"3f83e2","runId":"post-fix7","hypothesisId":"H2","location":"Starship.NetworkMotor:ClientPredictMotorFixedStep","message":"owner_predict","data":{"tick":3032,"simTick":3317,"serverClock":3323,"tickLead":-285,"speed":0.000,"thrust":0},"timestamp":1782243066276}
{"sessionId":"3f83e2","runId":"post-fix7","hypothesisId":"H5","location":"Starship.NetworkMotor:ApplyOwnerPredictedMotorVisuals","message":"owner_display","data":{"alpha":0.490,"renderSpan":0.0000,"frameDelta":0.0000,"speed":F3},"timestamp":1782243066302}
{"sessionId":"3f83e2","runId":"post-fix7","hypothesisId":"H1","location":"Starship.NetworkMotor:ReconcileOwnerFromServer","message":"owner_reconcile","data":{"preSnapErr":0.0000,"replayCount":9,"preTick":3033,"postTick":3033,"serverTick":3024,"ackSeq":1567,"simTick":3319},"timestamp":1782243066313}
{"sessionId":"3f83e2","runId":"post-fix7","hypothesisId":"H1","location":"Starship.NetworkMotor:ReconcileOwnerFromServer","message":"owner_reconcile","data":{"preSnapErr":0.0000,"replayCount":10,"preTick":3035,"postTick":3035,"serverTick":3025,"ackSeq":1568,"simTick":3321},"timestamp":1782243066349}
{"sessionId":"3f83e2","runId":"post-fix7","hypothesisId":"H1","location":"Starship.NetworkMotor:ReconcileOwnerFromServer","message":"owner_reconcile","data":{"preSnapErr":0.0000,"replayCount":9,"preTick":3036,"postTick":3036,"serverTick":3027,"ackSeq":1570,"simTick":3322},"timestamp":1782243066372}
{"sessionId":"3f83e2","runId":"post-fix7","hypothesisId":"H1","location":"Starship.NetworkMotor:ReconcileOwnerFromServer","message":"owner_reconcile","data":{"preSnapErr":0.0000,"replayCount":9,"preTick":3038,"postTick":3038,"serverTick":3029,"ackSeq":1572,"simTick":3324},"timestamp":1782243066410}
{"sessionId":"3f83e2","runId":"post-fix7","hypothesisId":"H1","location":"Starship.NetworkMotor:ReconcileOwnerFromServer","message":"owner_reconcile","data":{"preSnapErr":0.0000,"replayCount":10,"preTick":3040,"postTick":3040,"serverTick":3030,"ackSeq":1573,"simTick":3326},"timestamp":1782243066456}
{"sessionId":"3f83e2","runId":"post-fix7","hypothesisId":"H1","location":"Starship.NetworkMotor:ReconcileOwnerFromServer","message":"owner_reconcile","data":{"preSnapErr":0.0000,"replayCount":9,"preTick":3041,"postTick":3041,"serverTick":3032,"ackSeq":1575,"simTick":3327},"timestamp":1782243066476}
{"sessionId":"3f83e2","runId":"post-fix7","hypothesisId":"H1","location":"Starship.NetworkMotor:ReconcileOwnerFromServer","message":"owner_reconcile","data":{"preSnapErr":0.0000,"replayCount":9,"preTick":3043,"postTick":3043,"serverTick":3034,"ackSeq":1577,"simTick":3329},"timestamp":1782243066512}
{"sessionId":"3f83e2","runId":"post-fix7","hypothesisId":"H5","location":"Starship.NetworkMotor:ApplyOwnerPredictedMotorVisuals","message":"owner_display","data":{"alpha":0.226,"renderSpan":0.0000,"frameDelta":0.0000,"speed":F3},"timestamp":1782243066536}
{"sessionId":"3f83e2","runId":"post-fix7","hypothesisId":"H1","location":"Starship.NetworkMotor:ReconcileOwnerFromServer","message":"owner_reconcile","data":{"preSnapErr":0.0000,"replayCount":10,"preTick":3045,"postTick":3045,"serverTick":3035,"ackSeq":1578,"simTick":3331},"timestamp":1782243066548}
{"sessionId":"3f83e2","runId":"post-fix7","hypothesisId":"H1","location":"Starship.NetworkMotor:ReconcileOwnerFromServer","message":"owner_reconcile","data":{"preSnapErr":0.0000,"replayCount":10,"preTick":3047,"postTick":3047,"serverTick":3037,"ackSeq":1580,"simTick":3333},"timestamp":1782243066588}
{"sessionId":"3f83e2","runId":"post-fix7","hypothesisId":"H1","location":"Starship.NetworkMotor:ReconcileOwnerFromServer","message":"owner_reconcile","data":{"preSnapErr":0.0000,"replayCount":9,"preTick":3048,"postTick":3048,"serverTick":3039,"ackSeq":1582,"simTick":3334},"timestamp":1782243066609}
{"sessionId":"3f83e2","runId":"post-fix7","hypothesisId":"H1","location":"Starship.NetworkMotor:ReconcileOwnerFromServer","message":"owner_reconcile","data":{"preSnapErr":0.0000,"replayCount":10,"preTick":3050,"postTick":3050,"serverTick":3040,"ackSeq":1583,"simTick":3336},"timestamp":1782243066653}
{"sessionId":"3f83e2","runId":"post-fix7","hypothesisId":"H1","location":"Starship.NetworkMotor:ReconcileOwnerFromServer","message":"owner_reconcile","data":{"preSnapErr":0.0000,"replayCount":9,"preTick":3051,"postTick":3051,"serverTick":3042,"ackSeq":1585,"simTick":3337},"timestamp":1782243066675}
{"sessionId":"3f83e2","runId":"post-fix7","hypothesisId":"H1","location":"Starship.NetworkMotor:ReconcileOwnerFromServer","message":"owner_reconcile","data":{"preSnapErr":0.0097,"replayCount":9,"preTick":3053,"postTick":3053,"serverTick":3044,"ackSeq":1587,"simTick":3339},"timestamp":1782243066717}
{"sessionId":"3f83e2","runId":"post-fix7","hypothesisId":"H1","location":"Starship.NetworkMotor:ReconcileOwnerFromServer","message":"owner_reconcile","data":{"preSnapErr":0.0968,"replayCount":10,"preTick":3055,"postTick":3055,"serverTick":3045,"ackSeq":1588,"simTick":3341},"timestamp":1782243066757}
{"sessionId":"3f83e2","runId":"post-fix7","hypothesisId":"H1","location":"Starship.NetworkMotor:ReconcileOwnerFromServer","message":"owner_reconcile","data":{"preSnapErr":0.1452,"replayCount":9,"preTick":3056,"postTick":3056,"serverTick":3047,"ackSeq":1590,"simTick":3342},"timestamp":1782243066777}
{"sessionId":"3f83e2","runId":"post-fix7","hypothesisId":"H2","location":"Starship.NetworkMotor:ClientPredictMotorFixedStep","message":"owner_predict","data":{"tick":3057,"simTick":3342,"serverClock":3348,"tickLead":-285,"speed":2.903,"thrust":1},"timestamp":1782243066778}
{"sessionId":"3f83e2","runId":"post-fix7","hypothesisId":"H5","location":"Starship.NetworkMotor:ApplyOwnerPredictedMotorVisuals","message":"owner_display","data":{"alpha":0.566,"renderSpan":0.0581,"frameDelta":0.1780,"speed":F3},"timestamp":1782243066786}
{"sessionId":"3f83e2","runId":"post-fix7","hypothesisId":"H1","location":"Starship.NetworkMotor:ReconcileOwnerFromServer","message":"owner_reconcile","data":{"preSnapErr":0.2710,"replayCount":9,"preTick":3058,"postTick":3058,"serverTick":3049,"ackSeq":1592,"simTick":3344},"timestamp":1782243066819}
{"sessionId":"3f83e2","runId":"post-fix7","hypothesisId":"H1","location":"Starship.NetworkMotor:ReconcileOwnerFromServer","message":"owner_reconcile","data":{"preSnapErr":0.3484,"replayCount":9,"preTick":3059,"postTick":3059,"serverTick":3050,"ackSeq":1593,"simTick":3345},"timestamp":1782243066842}
{"sessionId":"3f83e2","runId":"post-fix7","hypothesisId":"H1","location":"Starship.NetworkMotor:ReconcileOwnerFromServer","message":"owner_reconcile","data":{"preSnapErr":0.6290,"replayCount":10,"preTick":3062,"postTick":3062,"serverTick":3052,"ackSeq":1595,"simTick":3348},"timestamp":1782243066893}
{"sessionId":"3f83e2","runId":"post-fix7","hypothesisId":"H1","location":"Starship.NetworkMotor:ReconcileOwnerFromServer","message":"owner_reconcile","data":{"preSnapErr":0.6967,"replayCount":9,"preTick":3063,"postTick":3063,"serverTick":3054,"ackSeq":1597,"simTick":3349},"timestamp":1782243066913}
{"sessionId":"3f83e2","runId":"post-fix7","hypothesisId":"H1","location":"Starship.NetworkMotor:ReconcileOwnerFromServer","message":"owner_reconcile","data":{"preSnapErr":0.9191,"replayCount":10,"preTick":3065,"postTick":3065,"serverTick":3055,"ackSeq":1598,"simTick":3351},"timestamp":1782243066957}
{"sessionId":"3f83e2","runId":"post-fix7","hypothesisId":"H1","location":"Starship.NetworkMotor:ReconcileOwnerFromServer","message":"owner_reconcile","data":{"preSnapErr":0.9576,"replayCount":9,"preTick":3066,"postTick":3066,"serverTick":3057,"ackSeq":1600,"simTick":3352},"timestamp":1782243066978}
{"sessionId":"3f83e2","runId":"post-fix7","hypothesisId":"H1","location":"Starship.NetworkMotor:ReconcileOwnerFromServer","message":"owner_reconcile","data":{"preSnapErr":1.1313,"replayCount":9,"preTick":3068,"postTick":3068,"serverTick":3059,"ackSeq":1602,"simTick":3354},"timestamp":1782243067020}
{"sessionId":"3f83e2","runId":"post-fix7","hypothesisId":"H5","location":"Starship.NetworkMotor:ApplyOwnerPredictedMotorVisuals","message":"owner_display","data":{"alpha":0.684,"renderSpan":0.1836,"frameDelta":1.6010,"speed":F3},"timestamp":1782243067047}
{"sessionId":"3f83e2","runId":"post-fix7","hypothesisId":"H1","location":"Starship.NetworkMotor:ReconcileOwnerFromServer","message":"owner_reconcile","data":{"preSnapErr":1.4016,"replayCount":10,"preTick":3070,"postTick":3070,"serverTick":3060,"ackSeq":1603,"simTick":3356},"timestamp":1782243067059}
{"sessionId":"3f83e2","runId":"post-fix7","hypothesisId":"H1","location":"Starship.NetworkMotor:ReconcileOwnerFromServer","message":"owner_reconcile","data":{"preSnapErr":1.3916,"replayCount":9,"preTick":3071,"postTick":3071,"serverTick":3062,"ackSeq":1605,"simTick":3357},"timestamp":1782243067085}
{"sessionId":"3f83e2","runId":"post-fix7","hypothesisId":"H1","location":"Starship.NetworkMotor:ReconcileOwnerFromServer","message":"owner_reconcile","data":{"preSnapErr":1.7873,"replayCount":10,"preTick":3074,"postTick":3074,"serverTick":3064,"ackSeq":1607,"simTick":3360},"timestamp":1782243067128}
{"sessionId":"3f83e2","runId":"post-fix7","hypothesisId":"H1","location":"Starship.NetworkMotor:ReconcileOwnerFromServer","message":"owner_reconcile","data":{"preSnapErr":1.8838,"replayCount":10,"preTick":3075,"postTick":3075,"serverTick":3065,"ackSeq":1608,"simTick":3361},"timestamp":1782243067149}
{"sessionId":"3f83e2","runId":"post-fix7","hypothesisId":"H1","location":"Starship.NetworkMotor:ReconcileOwnerFromServer","message":"owner_reconcile","data":{"preSnapErr":1.9801,"replayCount":10,"preTick":3076,"postTick":3076,"serverTick":3066,"ackSeq":1609,"simTick":3362},"timestamp":1782243067171}
{"sessionId":"3f83e2","runId":"post-fix7","hypothesisId":"H1","location":"Starship.NetworkMotor:ReconcileOwnerFromServer","message":"owner_reconcile","data":{"preSnapErr":2.2094,"replayCount":10,"preTick":3079,"postTick":3079,"serverTick":3069,"ackSeq":1612,"simTick":3365},"timestamp":1782243067233}
{"sessionId":"3f83e2","runId":"post-fix7","hypothesisId":"H1","location":"Starship.NetworkMotor:ReconcileOwnerFromServer","message":"owner_reconcile","data":{"preSnapErr":2.0728,"replayCount":9,"preTick":3080,"postTick":3080,"serverTick":3071,"ackSeq":1614,"simTick":3366},"timestamp":1782243067255}
{"sessionId":"3f83e2","runId":"post-fix7","hypothesisId":"H2","location":"Starship.NetworkMotor:ClientPredictMotorFixedStep","message":"owner_predict","data":{"tick":3082,"simTick":3367,"serverClock":3373,"tickLead":-285,"speed":11.982,"thrust":1},"timestamp":1782243067278}
{"sessionId":"3f83e2","runId":"post-fix7","hypothesisId":"H1","location":"Starship.NetworkMotor:ReconcileOwnerFromServer","message":"owner_reconcile","data":{"preSnapErr":2.3495,"replayCount":10,"preTick":3082,"postTick":3082,"serverTick":3072,"ackSeq":1615,"simTick":3368},"timestamp":1782243067302}
{"sessionId":"3f83e2","runId":"post-fix7","hypothesisId":"H5","location":"Starship.NetworkMotor:ApplyOwnerPredictedMotorVisuals","message":"owner_display","data":{"alpha":0.810,"renderSpan":0.2394,"frameDelta":2.9974,"speed":F3},"timestamp":1782243067310}
{"sessionId":"3f83e2","runId":"post-fix7","hypothesisId":"H1","location":"Starship.NetworkMotor:ReconcileOwnerFromServer","message":"owner_reconcile","data":{"preSnapErr":2.1542,"replayCount":9,"preTick":3083,"postTick":3083,"serverTick":3074,"ackSeq":1617,"simTick":3369},"timestamp":1782243067323}
{"sessionId":"3f83e2","runId":"post-fix7","hypothesisId":"H1","location":"Starship.NetworkMotor:ReconcileOwnerFromServer","message":"owner_reconcile","data":{"preSnapErr":2.1591,"replayCount":9,"preTick":3085,"postTick":3085,"serverTick":3076,"ackSeq":1619,"simTick":3371},"timestamp":1782243067363}
{"sessionId":"3f83e2","runId":"post-fix7","hypothesisId":"H1","location":"Starship.NetworkMotor:ReconcileOwnerFromServer","message":"owner_reconcile","data":{"preSnapErr":2.1567,"replayCount":9,"preTick":3086,"postTick":3086,"serverTick":3077,"ackSeq":1620,"simTick":3372},"timestamp":1782243067385}
{"sessionId":"3f83e2","runId":"post-fix7","hypothesisId":"H1","location":"Starship.NetworkMotor:ReconcileOwnerFromServer","message":"owner_reconcile","data":{"preSnapErr":2.1543,"replayCount":9,"preTick":3087,"postTick":3087,"serverTick":3078,"ackSeq":1621,"simTick":3373},"timestamp":1782243067405}
{"sessionId":"3f83e2","runId":"post-fix7","hypothesisId":"H1","location":"Starship.NetworkMotor:ReconcileOwnerFromServer","message":"owner_reconcile","data":{"preSnapErr":2.1495,"replayCount":9,"preTick":3089,"postTick":3089,"serverTick":3080,"ackSeq":1623,"simTick":3375},"timestamp":1782243067445}
{"sessionId":"3f83e2","runId":"post-fix7","hypothesisId":"H1","location":"Starship.NetworkMotor:ReconcileOwnerFromServer","message":"owner_reconcile","data":{"preSnapErr":2.1470,"replayCount":9,"preTick":3090,"postTick":3090,"serverTick":3081,"ackSeq":1624,"simTick":3376},"timestamp":1782243067467}
{"sessionId":"3f83e2","runId":"post-fix7","hypothesisId":"H1","location":"Starship.NetworkMotor:ReconcileOwnerFromServer","message":"owner_reconcile","data":{"preSnapErr":2.3789,"replayCount":10,"preTick":3093,"postTick":3093,"serverTick":3083,"ackSeq":1626,"simTick":3379},"timestamp":1782243067515}
{"sessionId":"3f83e2","runId":"post-fix7","hypothesisId":"H1","location":"Starship.NetworkMotor:ReconcileOwnerFromServer","message":"owner_reconcile","data":{"preSnapErr":2.1380,"replayCount":9,"preTick":3094,"postTick":3094,"serverTick":3085,"ackSeq":1628,"simTick":3380},"timestamp":1782243067535}
{"sessionId":"3f83e2","runId":"post-fix7","hypothesisId":"H5","location":"Starship.NetworkMotor:ApplyOwnerPredictedMotorVisuals","message":"owner_display","data":{"alpha":0.537,"renderSpan":0.2371,"frameDelta":3.0247,"speed":F3},"timestamp":1782243067564}
{"sessionId":"3f83e2","runId":"post-fix7","hypothesisId":"H1","location":"Starship.NetworkMotor:ReconcileOwnerFromServer","message":"owner_reconcile","data":{"preSnapErr":2.3731,"replayCount":10,"preTick":3096,"postTick":3096,"serverTick":3086,"ackSeq":1629,"simTick":3382},"timestamp":1782243067580}
{"sessionId":"3f83e2","runId":"post-fix7","hypothesisId":"H1","location":"Starship.NetworkMotor:ReconcileOwnerFromServer","message":"owner_reconcile","data":{"preSnapErr":2.1341,"replayCount":9,"preTick":3097,"postTick":3097,"serverTick":3088,"ackSeq":1631,"simTick":3383},"timestamp":1782243067601}
{"sessionId":"3f83e2","runId":"post-fix7","hypothesisId":"H1","location":"Starship.NetworkMotor:ReconcileOwnerFromServer","message":"owner_reconcile","data":{"preSnapErr":2.1499,"replayCount":9,"preTick":3099,"postTick":3099,"serverTick":3090,"ackSeq":1633,"simTick":3385},"timestamp":1782243067643}
{"sessionId":"3f83e2","runId":"post-fix7","hypothesisId":"H1","location":"Starship.NetworkMotor:ReconcileOwnerFromServer","message":"owner_reconcile","data":{"preSnapErr":2.1572,"replayCount":9,"preTick":3100,"postTick":3100,"serverTick":3091,"ackSeq":1634,"simTick":3386},"timestamp":1782243067664}
{"sessionId":"3f83e2","runId":"post-fix7","hypothesisId":"H1","location":"Starship.NetworkMotor:ReconcileOwnerFromServer","message":"owner_reconcile","data":{"preSnapErr":2.4158,"replayCount":10,"preTick":3103,"postTick":3103,"serverTick":3093,"ackSeq":1636,"simTick":3389},"timestamp":1782243067708}
{"sessionId":"3f83e2","runId":"post-fix7","hypothesisId":"H1","location":"Starship.NetworkMotor:ReconcileOwnerFromServer","message":"owner_reconcile","data":{"preSnapErr":2.1864,"replayCount":9,"preTick":3104,"postTick":3104,"serverTick":3095,"ackSeq":1638,"simTick":3390},"timestamp":1782243067734}
{"sessionId":"3f83e2","runId":"post-fix7","hypothesisId":"H1","location":"Starship.NetworkMotor:ReconcileOwnerFromServer","message":"owner_reconcile","data":{"preSnapErr":2.4361,"replayCount":10,"preTick":3106,"postTick":3106,"serverTick":3096,"ackSeq":1639,"simTick":3392},"timestamp":1782243067777}
{"sessionId":"3f83e2","runId":"post-fix7","hypothesisId":"H2","location":"Starship.NetworkMotor:ClientPredictMotorFixedStep","message":"owner_predict","data":{"tick":3107,"simTick":3392,"serverClock":3398,"tickLead":-285,"speed":12.181,"thrust":1},"timestamp":1782243067778}
{"sessionId":"3f83e2","runId":"post-fix7","hypothesisId":"H1","location":"Starship.NetworkMotor:ReconcileOwnerFromServer","message":"owner_reconcile","data":{"preSnapErr":2.4404,"replayCount":10,"preTick":3108,"postTick":3108,"serverTick":3098,"ackSeq":1641,"simTick":3394},"timestamp":1782243067817}
{"sessionId":"3f83e2","runId":"post-fix7","hypothesisId":"H5","location":"Starship.NetworkMotor:ApplyOwnerPredictedMotorVisuals","message":"owner_display","data":{"alpha":0.590,"renderSpan":0.2431,"frameDelta":3.1721,"speed":F3},"timestamp":1782243067826}
{"sessionId":"3f83e2","runId":"post-fix7","hypothesisId":"H1","location":"Starship.NetworkMotor:ReconcileOwnerFromServer","message":"owner_reconcile","data":{"preSnapErr":2.1942,"replayCount":9,"preTick":3109,"postTick":3109,"serverTick":3100,"ackSeq":1643,"simTick":3395},"timestamp":1782243067841}
{"sessionId":"3f83e2","runId":"post-fix7","hypothesisId":"H1","location":"Starship.NetworkMotor:ReconcileOwnerFromServer","message":"owner_reconcile","data":{"preSnapErr":2.4342,"replayCount":10,"preTick":3111,"postTick":3111,"serverTick":3101,"ackSeq":1644,"simTick":3397},"timestamp":1782243067881}
{"sessionId":"3f83e2","runId":"post-fix7","hypothesisId":"H1","location":"Starship.NetworkMotor:ReconcileOwnerFromServer","message":"owner_reconcile","data":{"preSnapErr":2.1884,"replayCount":9,"preTick":3112,"postTick":3112,"serverTick":3103,"ackSeq":1646,"simTick":3398},"timestamp":1782243067903}
{"sessionId":"3f83e2","runId":"post-fix7","hypothesisId":"H1","location":"Starship.NetworkMotor:ReconcileOwnerFromServer","message":"owner_reconcile","data":{"preSnapErr":2.1844,"replayCount":9,"preTick":3114,"postTick":3114,"serverTick":3105,"ackSeq":1648,"simTick":3400},"timestamp":1782243067947}
{"sessionId":"3f83e2","runId":"post-fix7","hypothesisId":"H1","location":"Starship.NetworkMotor:ReconcileOwnerFromServer","message":"owner_reconcile","data":{"preSnapErr":2.4233,"replayCount":10,"preTick":3116,"postTick":3116,"serverTick":3106,"ackSeq":1649,"simTick":3402},"timestamp":1782243067971}
{"sessionId":"3f83e2","runId":"post-fix7","hypothesisId":"H1","location":"Starship.NetworkMotor:ReconcileOwnerFromServer","message":"owner_reconcile","data":{"preSnapErr":2.4187,"replayCount":10,"preTick":3118,"postTick":3118,"serverTick":3108,"ackSeq":1651,"simTick":3404},"timestamp":1782243068011}
{"sessionId":"3f83e2","runId":"post-fix7","hypothesisId":"H1","location":"Starship.NetworkMotor:ReconcileOwnerFromServer","message":"owner_reconcile","data":{"preSnapErr":2.4141,"replayCount":10,"preTick":3120,"postTick":3120,"serverTick":3110,"ackSeq":1653,"simTick":3406},"timestamp":1782243068049}
{"sessionId":"3f83e2","runId":"post-fix7","hypothesisId":"H1","location":"Starship.NetworkMotor:ReconcileOwnerFromServer","message":"owner_reconcile","data":{"preSnapErr":2.1697,"replayCount":9,"preTick":3121,"postTick":3121,"serverTick":3112,"ackSeq":1655,"simTick":3407},"timestamp":1782243068070}
{"sessionId":"3f83e2","runId":"post-fix7","hypothesisId":"H5","location":"Starship.NetworkMotor:ApplyOwnerPredictedMotorVisuals","message":"owner_display","data":{"alpha":0.211,"renderSpan":0.2399,"frameDelta":3.0458,"speed":F3},"timestamp":1782243068078}
{"sessionId":"3f83e2","runId":"post-fix7","hypothesisId":"H1","location":"Starship.NetworkMotor:ReconcileOwnerFromServer","message":"owner_reconcile","data":{"preSnapErr":2.4069,"replayCount":10,"preTick":3123,"postTick":3123,"serverTick":3113,"ackSeq":1656,"simTick":3409},"timestamp":1782243068111}
{"sessionId":"3f83e2","runId":"post-fix7","hypothesisId":"H1","location":"Starship.NetworkMotor:ReconcileOwnerFromServer","message":"owner_reconcile","data":{"preSnapErr":2.4021,"replayCount":10,"preTick":3125,"postTick":3125,"serverTick":3115,"ackSeq":1658,"simTick":3411},"timestamp":1782243068155}
{"sessionId":"3f83e2","runId":"post-fix7","hypothesisId":"H1","location":"Starship.NetworkMotor:ReconcileOwnerFromServer","message":"owner_reconcile","data":{"preSnapErr":2.1588,"replayCount":9,"preTick":3126,"postTick":3126,"serverTick":3117,"ackSeq":1660,"simTick":3412},"timestamp":1782243068176}
{"sessionId":"3f83e2","runId":"post-fix7","hypothesisId":"H1","location":"Starship.NetworkMotor:ReconcileOwnerFromServer","message":"owner_reconcile","data":{"preSnapErr":2.6327,"replayCount":11,"preTick":3129,"postTick":3129,"serverTick":3118,"ackSeq":1661,"simTick":3415},"timestamp":1782243068233}
{"sessionId":"3f83e2","runId":"post-fix7","hypothesisId":"H2","location":"Starship.NetworkMotor:ClientPredictMotorFixedStep","message":"owner_predict","data":{"tick":3132,"simTick":3417,"serverClock":3423,"tickLead":-285,"speed":11.867,"thrust":1},"timestamp":1782243068268}
{"sessionId":"3f83e2","runId":"post-fix7","hypothesisId":"H1","location":"Starship.NetworkMotor:ReconcileOwnerFromServer","message":"owner_reconcile","data":{"preSnapErr":2.3847,"replayCount":10,"preTick":3132,"postTick":3132,"serverTick":3122,"ackSeq":1665,"simTick":3418},"timestamp":1782243068288}
{"sessionId":"3f83e2","runId":"post-fix7","hypothesisId":"H5","location":"Starship.NetworkMotor:ApplyOwnerPredictedMotorVisuals","message":"owner_display","data":{"alpha":0.039,"renderSpan":0.2371,"frameDelta":2.8202,"speed":F3},"timestamp":1782243068314}
{"sessionId":"3f83e2","runId":"post-fix7","hypothesisId":"H1","location":"Starship.NetworkMotor:ReconcileOwnerFromServer","message":"owner_reconcile","data":{"preSnapErr":2.6192,"replayCount":11,"preTick":3134,"postTick":3134,"serverTick":3123,"ackSeq":1666,"simTick":3420},"timestamp":1782243068328}
{"sessionId":"3f83e2","runId":"post-fix7","hypothesisId":"H1","location":"Starship.NetworkMotor:ReconcileOwnerFromServer","message":"owner_reconcile","data":{"preSnapErr":2.3763,"replayCount":10,"preTick":3135,"postTick":3135,"serverTick":3125,"ackSeq":1668,"simTick":3421},"timestamp":1782243068348}
{"sessionId":"3f83e2","runId":"post-fix7","hypothesisId":"H1","location":"Starship.NetworkMotor:ReconcileOwnerFromServer","message":"owner_reconcile","data":{"preSnapErr":2.1364,"replayCount":9,"preTick":3136,"postTick":3136,"serverTick":3127,"ackSeq":1670,"simTick":3422},"timestamp":1782243068370}
{"sessionId":"3f83e2","runId":"post-fix7","hypothesisId":"H1","location":"Starship.NetworkMotor:ReconcileOwnerFromServer","message":"owner_reconcile","data":{"preSnapErr":2.3725,"replayCount":10,"preTick":3138,"postTick":3138,"serverTick":3128,"ackSeq":1671,"simTick":3424},"timestamp":1782243068407}
{"sessionId":"3f83e2","runId":"post-fix7","hypothesisId":"H1","location":"Starship.NetworkMotor:ReconcileOwnerFromServer","message":"owner_reconcile","data":{"preSnapErr":2.4310,"replayCount":10,"preTick":3140,"postTick":3140,"serverTick":3130,"ackSeq":1673,"simTick":3426},"timestamp":1782243068461}
{"sessionId":"3f83e2","runId":"post-fix7","hypothesisId":"H1","location":"Starship.NetworkMotor:ReconcileOwnerFromServer","message":"owner_reconcile","data":{"preSnapErr":2.2012,"replayCount":9,"preTick":3141,"postTick":3141,"serverTick":3132,"ackSeq":1675,"simTick":3427},"timestamp":1782243068482}
{"sessionId":"3f83e2","runId":"post-fix7","hypothesisId":"H1","location":"Starship.NetworkMotor:ReconcileOwnerFromServer","message":"owner_reconcile","data":{"preSnapErr":2.2039,"replayCount":9,"preTick":3142,"postTick":3142,"serverTick":3133,"ackSeq":1676,"simTick":3428},"timestamp":1782243068502}
{"sessionId":"3f83e2","runId":"post-fix7","hypothesisId":"H1","location":"Starship.NetworkMotor:ReconcileOwnerFromServer","message":"owner_reconcile","data":{"preSnapErr":2.1992,"replayCount":9,"preTick":3144,"postTick":3144,"serverTick":3135,"ackSeq":1678,"simTick":3430},"timestamp":1782243068544}
{"sessionId":"3f83e2","runId":"post-fix7","hypothesisId":"H5","location":"Starship.NetworkMotor:ApplyOwnerPredictedMotorVisuals","message":"owner_display","data":{"alpha":0.900,"renderSpan":0.2430,"frameDelta":2.9072,"speed":F3},"timestamp":1782243068552}
{"sessionId":"3f83e2","runId":"post-fix7","hypothesisId":"H1","location":"Starship.NetworkMotor:ReconcileOwnerFromServer","message":"owner_reconcile","data":{"preSnapErr":2.1945,"replayCount":9,"preTick":3146,"postTick":3146,"serverTick":3137,"ackSeq":1680,"simTick":3432},"timestamp":1782243068588}
{"sessionId":"3f83e2","runId":"post-fix7","hypothesisId":"H1","location":"Starship.NetworkMotor:ReconcileOwnerFromServer","message":"owner_reconcile","data":{"preSnapErr":2.4343,"replayCount":10,"preTick":3148,"postTick":3148,"serverTick":3138,"ackSeq":1681,"simTick":3434},"timestamp":1782243068610}
{"sessionId":"3f83e2","runId":"post-fix7","hypothesisId":"H1","location":"Starship.NetworkMotor:ReconcileOwnerFromServer","message":"owner_reconcile","data":{"preSnapErr":2.4290,"replayCount":10,"preTick":3150,"postTick":3150,"serverTick":3140,"ackSeq":1683,"simTick":3436},"timestamp":1782243068647}
{"sessionId":"3f83e2","runId":"post-fix7","hypothesisId":"H1","location":"Starship.NetworkMotor:ReconcileOwnerFromServer","message":"owner_reconcile","data":{"preSnapErr":2.4238,"replayCount":10,"preTick":3152,"postTick":3152,"serverTick":3142,"ackSeq":1685,"simTick":3438},"timestamp":1782243068687}
{"sessionId":"3f83e2","runId":"post-fix7","hypothesisId":"H1","location":"Starship.NetworkMotor:ReconcileOwnerFromServer","message":"owner_reconcile","data":{"preSnapErr":2.4211,"replayCount":10,"preTick":3153,"postTick":3153,"serverTick":3143,"ackSeq":1686,"simTick":3439},"timestamp":1782243068708}
{"sessionId":"3f83e2","runId":"post-fix7","hypothesisId":"H1","location":"Starship.NetworkMotor:ReconcileOwnerFromServer","message":"owner_reconcile","data":{"preSnapErr":2.4158,"replayCount":10,"preTick":3155,"postTick":3155,"serverTick":3145,"ackSeq":1688,"simTick":3441},"timestamp":1782243068762}
{"sessionId":"3f83e2","runId":"post-fix7","hypothesisId":"H1","location":"Starship.NetworkMotor:ReconcileOwnerFromServer","message":"owner_reconcile","data":{"preSnapErr":2.1707,"replayCount":9,"preTick":3156,"postTick":3156,"serverTick":3147,"ackSeq":1690,"simTick":3442},"timestamp":1782243068781}
{"sessionId":"3f83e2","runId":"post-fix7","hypothesisId":"H2","location":"Starship.NetworkMotor:ClientPredictMotorFixedStep","message":"owner_predict","data":{"tick":3157,"simTick":3442,"serverClock":3448,"tickLead":-285,"speed":11.993,"thrust":1},"timestamp":1782243068783}
{"sessionId":"3f83e2","runId":"post-fix7","hypothesisId":"H5","location":"Starship.NetworkMotor:ApplyOwnerPredictedMotorVisuals","message":"owner_display","data":{"alpha":0.803,"renderSpan":0.2399,"frameDelta":2.8727,"speed":F3},"timestamp":1782243068791}
{"sessionId":"3f83e2","runId":"post-fix7","hypothesisId":"H1","location":"Starship.NetworkMotor:ReconcileOwnerFromServer","message":"owner_reconcile","data":{"preSnapErr":2.4052,"replayCount":10,"preTick":3159,"postTick":3159,"serverTick":3149,"ackSeq":1692,"simTick":3445},"timestamp":1782243068827}
{"sessionId":"3f83e2","runId":"post-fix7","hypothesisId":"H1","location":"Starship.NetworkMotor:ReconcileOwnerFromServer","message":"owner_reconcile","data":{"preSnapErr":2.4026,"replayCount":10,"preTick":3160,"postTick":3160,"serverTick":3150,"ackSeq":1693,"simTick":3446},"timestamp":1782243068850}
{"sessionId":"3f83e2","runId":"post-fix7","hypothesisId":"H1","location":"Starship.NetworkMotor:ReconcileOwnerFromServer","message":"owner_reconcile","data":{"preSnapErr":2.3973,"replayCount":10,"preTick":3162,"postTick":3162,"serverTick":3152,"ackSeq":1695,"simTick":3448},"timestamp":1782243068889}
{"sessionId":"3f83e2","runId":"post-fix7","hypothesisId":"H1","location":"Starship.NetworkMotor:ReconcileOwnerFromServer","message":"owner_reconcile","data":{"preSnapErr":2.1540,"replayCount":9,"preTick":3163,"postTick":3163,"serverTick":3154,"ackSeq":1697,"simTick":3449},"timestamp":1782243068909}
{"sessionId":"3f83e2","runId":"post-fix7","hypothesisId":"H1","location":"Starship.NetworkMotor:ReconcileOwnerFromServer","message":"owner_reconcile","data":{"preSnapErr":2.3893,"replayCount":10,"preTick":3165,"postTick":3165,"serverTick":3155,"ackSeq":1698,"simTick":3451},"timestamp":1782243068948}
{"sessionId":"3f83e2","runId":"post-fix7","hypothesisId":"H1","location":"Starship.NetworkMotor:ReconcileOwnerFromServer","message":"owner_reconcile","data":{"preSnapErr":2.3840,"replayCount":10,"preTick":3167,"postTick":3167,"serverTick":3157,"ackSeq":1700,"simTick":3453},"timestamp":1782243068988}
{"sessionId":"3f83e2","runId":"post-fix7","hypothesisId":"H1","location":"Starship.NetworkMotor:ReconcileOwnerFromServer","message":"owner_reconcile","data":{"preSnapErr":2.3815,"replayCount":10,"preTick":3168,"postTick":3168,"serverTick":3158,"ackSeq":1701,"simTick":3454},"timestamp":1782243069013}
{"sessionId":"3f83e2","runId":"post-fix7","hypothesisId":"H5","location":"Starship.NetworkMotor:ApplyOwnerPredictedMotorVisuals","message":"owner_display","data":{"alpha":0.409,"renderSpan":0.2463,"frameDelta":3.0157,"speed":F3},"timestamp":1782243069041}
{"sessionId":"3f83e2","runId":"post-fix7","hypothesisId":"H1","location":"Starship.NetworkMotor:ReconcileOwnerFromServer","message":"owner_reconcile","data":{"preSnapErr":2.3959,"replayCount":10,"preTick":3170,"postTick":3170,"serverTick":3160,"ackSeq":1703,"simTick":3456},"timestamp":1782243069055}
{"sessionId":"3f83e2","runId":"post-fix7","hypothesisId":"H1","location":"Starship.NetworkMotor:ReconcileOwnerFromServer","message":"owner_reconcile","data":{"preSnapErr":2.1372,"replayCount":9,"preTick":3171,"postTick":3171,"serverTick":3162,"ackSeq":1705,"simTick":3457},"timestamp":1782243069076}
{"sessionId":"3f83e2","runId":"post-fix7","hypothesisId":"H1","location":"Starship.NetworkMotor:ReconcileOwnerFromServer","message":"owner_reconcile","data":{"preSnapErr":2.3731,"replayCount":10,"preTick":3173,"postTick":3173,"serverTick":3163,"ackSeq":1706,"simTick":3459},"timestamp":1782243069116}
{"sessionId":"3f83e2","runId":"post-fix7","hypothesisId":"H1","location":"Starship.NetworkMotor:ReconcileOwnerFromServer","message":"owner_reconcile","data":{"preSnapErr":2.3716,"replayCount":10,"preTick":3175,"postTick":3175,"serverTick":3165,"ackSeq":1708,"simTick":3461},"timestamp":1782243069155}
{"sessionId":"3f83e2","runId":"post-fix7","hypothesisId":"H1","location":"Starship.NetworkMotor:ReconcileOwnerFromServer","message":"owner_reconcile","data":{"preSnapErr":2.3711,"replayCount":10,"preTick":3177,"postTick":3177,"serverTick":3167,"ackSeq":1710,"simTick":3463},"timestamp":1782243069196}
{"sessionId":"3f83e2","runId":"post-fix7","hypothesisId":"H1","location":"Starship.NetworkMotor:ReconcileOwnerFromServer","message":"owner_reconcile","data":{"preSnapErr":2.1340,"replayCount":9,"preTick":3178,"postTick":3178,"serverTick":3169,"ackSeq":1712,"simTick":3464},"timestamp":1782243069218}
{"sessionId":"3f83e2","runId":"post-fix7","hypothesisId":"H1","location":"Starship.NetworkMotor:ReconcileOwnerFromServer","message":"owner_reconcile","data":{"preSnapErr":2.1339,"replayCount":9,"preTick":3179,"postTick":3179,"serverTick":3170,"ackSeq":1713,"simTick":3465},"timestamp":1782243069238}
{"sessionId":"3f83e2","runId":"post-fix7","hypothesisId":"H1","location":"Starship.NetworkMotor:ReconcileOwnerFromServer","message":"owner_reconcile","data":{"preSnapErr":2.1246,"replayCount":9,"preTick":3181,"postTick":3181,"serverTick":3172,"ackSeq":1715,"simTick":3467},"timestamp":1782243069277}
{"sessionId":"3f83e2","runId":"post-fix7","hypothesisId":"H2","location":"Starship.NetworkMotor:ClientPredictMotorFixedStep","message":"owner_predict","data":{"tick":3182,"simTick":3467,"serverClock":3473,"tickLead":-285,"speed":12.193,"thrust":1},"timestamp":1782243069277}
{"sessionId":"3f83e2","runId":"post-fix7","hypothesisId":"H5","location":"Starship.NetworkMotor:ApplyOwnerPredictedMotorVisuals","message":"owner_display","data":{"alpha":0.524,"renderSpan":0.2439,"frameDelta":2.9448,"speed":F3},"timestamp":1782243069284}
{"sessionId":"3f83e2","runId":"post-fix7","hypothesisId":"H1","location":"Starship.NetworkMotor:ReconcileOwnerFromServer","message":"owner_reconcile","data":{"preSnapErr":2.4477,"replayCount":10,"preTick":3183,"postTick":3183,"serverTick":3173,"ackSeq":1716,"simTick":3469},"timestamp":1782243069316}
{"sessionId":"3f83e2","runId":"post-fix7","hypothesisId":"H1","location":"Starship.NetworkMotor:ReconcileOwnerFromServer","message":"owner_reconcile","data":{"preSnapErr":2.4425,"replayCount":10,"preTick":3185,"postTick":3185,"serverTick":3175,"ackSeq":1718,"simTick":3471},"timestamp":1782243069357}
{"sessionId":"3f83e2","runId":"post-fix7","hypothesisId":"H1","location":"Starship.NetworkMotor:ReconcileOwnerFromServer","message":"owner_reconcile","data":{"preSnapErr":2.4372,"replayCount":10,"preTick":3187,"postTick":3187,"serverTick":3177,"ackSeq":1720,"simTick":3473},"timestamp":1782243069398}
{"sessionId":"3f83e2","runId":"post-fix7","hypothesisId":"H1","location":"Starship.NetworkMotor:ReconcileOwnerFromServer","message":"owner_reconcile","data":{"preSnapErr":2.1900,"replayCount":9,"preTick":3188,"postTick":3188,"serverTick":3179,"ackSeq":1722,"simTick":3474},"timestamp":1782243069423}
{"sessionId":"3f83e2","runId":"post-fix7","hypothesisId":"H1","location":"Starship.NetworkMotor:ReconcileOwnerFromServer","message":"owner_reconcile","data":{"preSnapErr":2.1876,"replayCount":9,"preTick":3189,"postTick":3189,"serverTick":3180,"ackSeq":1723,"simTick":3475},"timestamp":1782243069442}
{"sessionId":"3f83e2","runId":"post-fix7","hypothesisId":"H1","location":"Starship.NetworkMotor:ReconcileOwnerFromServer","message":"owner_reconcile","data":{"preSnapErr":2.4240,"replayCount":10,"preTick":3192,"postTick":3192,"serverTick":3182,"ackSeq":1725,"simTick":3478},"timestamp":1782243069501}
{"sessionId":"3f83e2","runId":"post-fix7","hypothesisId":"H1","location":"Starship.NetworkMotor:ReconcileOwnerFromServer","message":"owner_reconcile","data":{"preSnapErr":2.4213,"replayCount":10,"preTick":3193,"postTick":3193,"serverTick":3183,"ackSeq":1726,"simTick":3479},"timestamp":1782243069523}
{"sessionId":"3f83e2","runId":"post-fix7","hypothesisId":"H5","location":"Starship.NetworkMotor:ApplyOwnerPredictedMotorVisuals","message":"owner_display","data":{"alpha":0.835,"renderSpan":0.2407,"frameDelta":2.9818,"speed":F3},"timestamp":1782243069530}
{"sessionId":"3f83e2","runId":"post-fix7","hypothesisId":"H1","location":"Starship.NetworkMotor:ReconcileOwnerFromServer","message":"owner_reconcile","data":{"preSnapErr":2.1755,"replayCount":9,"preTick":3194,"postTick":3194,"serverTick":3185,"ackSeq":1728,"simTick":3480},"timestamp":1782243069543}
{"sessionId":"3f83e2","runId":"post-fix7","hypothesisId":"H1","location":"Starship.NetworkMotor:ReconcileOwnerFromServer","message":"owner_reconcile","data":{"preSnapErr":2.1707,"replayCount":9,"preTick":3196,"postTick":3196,"serverTick":3187,"ackSeq":1730,"simTick":3482},"timestamp":1782243069585}
{"sessionId":"3f83e2","runId":"post-fix7","hypothesisId":"H1","location":"Starship.NetworkMotor:ReconcileOwnerFromServer","message":"owner_reconcile","data":{"preSnapErr":2.1683,"replayCount":9,"preTick":3197,"postTick":3197,"serverTick":3188,"ackSeq":1731,"simTick":3483},"timestamp":1782243069605}
{"sessionId":"3f83e2","runId":"post-fix7","hypothesisId":"H1","location":"Starship.NetworkMotor:ReconcileOwnerFromServer","message":"owner_reconcile","data":{"preSnapErr":2.4025,"replayCount":10,"preTick":3200,"postTick":3200,"serverTick":3190,"ackSeq":1733,"simTick":3486},"timestamp":1782243069653}
{"sessionId":"3f83e2","runId":"post-fix7","hypothesisId":"H1","location":"Starship.NetworkMotor:ReconcileOwnerFromServer","message":"owner_reconcile","data":{"preSnapErr":2.3973,"replayCount":10,"preTick":3202,"postTick":3202,"serverTick":3192,"ackSeq":1735,"simTick":3488},"timestamp":1782243069694}
{"sessionId":"3f83e2","runId":"post-fix7","hypothesisId":"H1","location":"Starship.NetworkMotor:ReconcileOwnerFromServer","message":"owner_reconcile","data":{"preSnapErr":2.1543,"replayCount":9,"preTick":3203,"postTick":3203,"serverTick":3194,"ackSeq":1737,"simTick":3489},"timestamp":1782243069713}
{"sessionId":"3f83e2","runId":"post-fix7","hypothesisId":"H1","location":"Starship.NetworkMotor:ReconcileOwnerFromServer","message":"owner_reconcile","data":{"preSnapErr":2.3896,"replayCount":10,"preTick":3205,"postTick":3205,"serverTick":3195,"ackSeq":1738,"simTick":3491},"timestamp":1782243069754}
{"sessionId":"3f83e2","runId":"post-fix7","hypothesisId":"H2","location":"Starship.NetworkMotor:ClientPredictMotorFixedStep","message":"owner_predict","data":{"tick":3207,"simTick":3492,"serverClock":3498,"tickLead":-285,"speed":11.872,"thrust":1},"timestamp":1782243069773}
{"sessionId":"3f83e2","runId":"post-fix7","hypothesisId":"H5","location":"Starship.NetworkMotor:ApplyOwnerPredictedMotorVisuals","message":"owner_display","data":{"alpha":0.373,"renderSpan":0.2374,"frameDelta":2.9949,"speed":F3},"timestamp":1782243069782}
{"sessionId":"3f83e2","runId":"post-fix7","hypothesisId":"H1","location":"Starship.NetworkMotor:ReconcileOwnerFromServer","message":"owner_reconcile","data":{"preSnapErr":2.3845,"replayCount":10,"preTick":3207,"postTick":3207,"serverTick":3197,"ackSeq":1740,"simTick":3493},"timestamp":1782243069796}
{"sessionId":"3f83e2","runId":"post-fix7","hypothesisId":"H1","location":"Starship.NetworkMotor:ReconcileOwnerFromServer","message":"owner_reconcile","data":{"preSnapErr":2.1429,"replayCount":9,"preTick":3208,"postTick":3208,"serverTick":3199,"ackSeq":1742,"simTick":3494},"timestamp":1782243069817}
{"sessionId":"3f83e2","runId":"post-fix7","hypothesisId":"H1","location":"Starship.NetworkMotor:ReconcileOwnerFromServer","message":"owner_reconcile","data":{"preSnapErr":2.1333,"replayCount":9,"preTick":3209,"postTick":3209,"serverTick":3200,"ackSeq":1743,"simTick":3495},"timestamp":1782243069843}
{"sessionId":"3f83e2","runId":"post-fix7","hypothesisId":"H1","location":"Starship.NetworkMotor:ReconcileOwnerFromServer","message":"owner_reconcile","data":{"preSnapErr":2.1112,"replayCount":9,"preTick":3211,"postTick":3211,"serverTick":3202,"ackSeq":1745,"simTick":3497},"timestamp":1782243069884}
{"sessionId":"3f83e2","runId":"post-fix7","hypothesisId":"H1","location":"Starship.NetworkMotor:ReconcileOwnerFromServer","message":"owner_reconcile","data":{"preSnapErr":2.0963,"replayCount":9,"preTick":3212,"postTick":3212,"serverTick":3203,"ackSeq":1746,"simTick":3498},"timestamp":1782243069904}
{"sessionId":"3f83e2","runId":"post-fix7","hypothesisId":"H1","location":"Starship.NetworkMotor:ReconcileOwnerFromServer","message":"owner_reconcile","data":{"preSnapErr":2.0588,"replayCount":9,"preTick":3214,"postTick":3214,"serverTick":3205,"ackSeq":1748,"simTick":3500},"timestamp":1782243069943}
{"sessionId":"3f83e2","runId":"post-fix7","hypothesisId":"H1","location":"Starship.NetworkMotor:ReconcileOwnerFromServer","message":"owner_reconcile","data":{"preSnapErr":2.0110,"replayCount":9,"preTick":3216,"postTick":3216,"serverTick":3207,"ackSeq":1750,"simTick":3502},"timestamp":1782243069981}
{"sessionId":"3f83e2","runId":"post-fix7","hypothesisId":"H1","location":"Starship.NetworkMotor:ReconcileOwnerFromServer","message":"owner_reconcile","data":{"preSnapErr":2.1924,"replayCount":10,"preTick":3218,"postTick":3218,"serverTick":3208,"ackSeq":1751,"simTick":3504},"timestamp":1782243070023}
{"sessionId":"3f83e2","runId":"post-fix7","hypothesisId":"H5","location":"Starship.NetworkMotor:ApplyOwnerPredictedMotorVisuals","message":"owner_display","data":{"alpha":0.898,"renderSpan":0.2038,"frameDelta":2.7590,"speed":F3},"timestamp":1782243070031}
{"sessionId":"3f83e2","runId":"post-fix7","hypothesisId":"H1","location":"Starship.NetworkMotor:ReconcileOwnerFromServer","message":"owner_reconcile","data":{"preSnapErr":2.1084,"replayCount":10,"preTick":3221,"postTick":3221,"serverTick":3211,"ackSeq":1754,"simTick":3507},"timestamp":1782243070068}
{"sessionId":"3f83e2","runId":"post-fix7","hypothesisId":"H1","location":"Starship.NetworkMotor:ReconcileOwnerFromServer","message":"owner_reconcile","data":{"preSnapErr":2.0804,"replayCount":10,"preTick":3222,"postTick":3222,"serverTick":3212,"ackSeq":1755,"simTick":3508},"timestamp":1782243070087}
{"sessionId":"3f83e2","runId":"post-fix7","hypothesisId":"H1","location":"Starship.NetworkMotor:ReconcileOwnerFromServer","message":"owner_reconcile","data":{"preSnapErr":1.8094,"replayCount":9,"preTick":3224,"postTick":3224,"serverTick":3215,"ackSeq":1758,"simTick":3510},"timestamp":1782243070143}
{"sessionId":"3f83e2","runId":"post-fix7","hypothesisId":"H1","location":"Starship.NetworkMotor:ReconcileOwnerFromServer","message":"owner_reconcile","data":{"preSnapErr":1.7590,"replayCount":9,"preTick":3226,"postTick":3226,"serverTick":3217,"ackSeq":1760,"simTick":3512},"timestamp":1782243070182}
{"sessionId":"3f83e2","runId":"post-fix7","hypothesisId":"H1","location":"Starship.NetworkMotor:ReconcileOwnerFromServer","message":"owner_reconcile","data":{"preSnapErr":1.7086,"replayCount":9,"preTick":3228,"postTick":3228,"serverTick":3219,"ackSeq":1762,"simTick":3514},"timestamp":1782243070223}
{"sessionId":"3f83e2","runId":"post-fix7","hypothesisId":"H1","location":"Starship.NetworkMotor:ReconcileOwnerFromServer","message":"owner_reconcile","data":{"preSnapErr":1.6834,"replayCount":9,"preTick":3229,"postTick":3229,"serverTick":3220,"ackSeq":1763,"simTick":3515},"timestamp":1782243070242}
{"sessionId":"3f83e2","runId":"post-fix7","hypothesisId":"H5","location":"Starship.NetworkMotor:ApplyOwnerPredictedMotorVisuals","message":"owner_display","data":{"alpha":0.971,"renderSpan":0.1702,"frameDelta":2.2435,"speed":F3},"timestamp":1782243070272}
{"sessionId":"3f83e2","runId":"post-fix7","hypothesisId":"H1","location":"Starship.NetworkMotor:ReconcileOwnerFromServer","message":"owner_reconcile","data":{"preSnapErr":1.6329,"replayCount":9,"preTick":3231,"postTick":3231,"serverTick":3222,"ackSeq":1765,"simTick":3517},"timestamp":1782243070284}
{"sessionId":"3f83e2","runId":"post-fix7","hypothesisId":"H2","location":"Starship.NetworkMotor:ClientPredictMotorFixedStep","message":"owner_predict","data":{"tick":3232,"simTick":3517,"serverClock":3523,"tickLead":-285,"speed":8.372,"thrust":0},"timestamp":1782243070284}
{"sessionId":"3f83e2","runId":"post-fix7","hypothesisId":"H1","location":"Starship.NetworkMotor:ReconcileOwnerFromServer","message":"owner_reconcile","data":{"preSnapErr":1.6077,"replayCount":9,"preTick":3232,"postTick":3232,"serverTick":3223,"ackSeq":1766,"simTick":3518},"timestamp":1782243070307}
{"sessionId":"3f83e2","runId":"post-fix7","hypothesisId":"H1","location":"Starship.NetworkMotor:ReconcileOwnerFromServer","message":"owner_reconcile","data":{"preSnapErr":1.7164,"replayCount":10,"preTick":3235,"postTick":3235,"serverTick":3225,"ackSeq":1768,"simTick":3521},"timestamp":1782243070353}
{"sessionId":"3f83e2","runId":"post-fix7","hypothesisId":"H1","location":"Starship.NetworkMotor:ReconcileOwnerFromServer","message":"owner_reconcile","data":{"preSnapErr":1.6604,"replayCount":10,"preTick":3237,"postTick":3237,"serverTick":3227,"ackSeq":1770,"simTick":3523},"timestamp":1782243070394}
{"sessionId":"3f83e2","runId":"post-fix7","hypothesisId":"H1","location":"Starship.NetworkMotor:ReconcileOwnerFromServer","message":"owner_reconcile","data":{"preSnapErr":1.4566,"replayCount":9,"preTick":3238,"postTick":3238,"serverTick":3229,"ackSeq":1772,"simTick":3524},"timestamp":1782243070417}
{"sessionId":"3f83e2","runId":"post-fix7","hypothesisId":"H1","location":"Starship.NetworkMotor:ReconcileOwnerFromServer","message":"owner_reconcile","data":{"preSnapErr":1.5764,"replayCount":10,"preTick":3240,"postTick":3240,"serverTick":3230,"ackSeq":1773,"simTick":3526},"timestamp":1782243070459}
{"sessionId":"3f83e2","runId":"post-fix7","hypothesisId":"H1","location":"Starship.NetworkMotor:ReconcileOwnerFromServer","message":"owner_reconcile","data":{"preSnapErr":1.5204,"replayCount":10,"preTick":3242,"postTick":3242,"serverTick":3232,"ackSeq":1775,"simTick":3528},"timestamp":1782243070510}
{"sessionId":"3f83e2","runId":"post-fix7","hypothesisId":"H1","location":"Starship.NetworkMotor:ReconcileOwnerFromServer","message":"owner_reconcile","data":{"preSnapErr":1.4644,"replayCount":10,"preTick":3244,"postTick":3244,"serverTick":3234,"ackSeq":1777,"simTick":3530},"timestamp":1782243070534}
{"sessionId":"3f83e2","runId":"post-fix7","hypothesisId":"H5","location":"Starship.NetworkMotor:ApplyOwnerPredictedMotorVisuals","message":"owner_display","data":{"alpha":0.432,"renderSpan":0.1310,"frameDelta":2.0198,"speed":F3},"timestamp":1782243070545}
{"sessionId":"3f83e2","runId":"post-fix7","hypothesisId":"H1","location":"Starship.NetworkMotor:ReconcileOwnerFromServer","message":"owner_reconcile","data":{"preSnapErr":1.4364,"replayCount":10,"preTick":3245,"postTick":3245,"serverTick":3235,"ackSeq":1778,"simTick":3531},"timestamp":1782243070560}
{"sessionId":"3f83e2","runId":"post-fix7","hypothesisId":"H1","location":"Starship.NetworkMotor:ReconcileOwnerFromServer","message":"owner_reconcile","data":{"preSnapErr":1.2550,"replayCount":9,"preTick":3246,"postTick":3246,"serverTick":3237,"ackSeq":1780,"simTick":3532},"timestamp":1782243070579}
{"sessionId":"3f83e2","runId":"post-fix7","hypothesisId":"H1","location":"Starship.NetworkMotor:ReconcileOwnerFromServer","message":"owner_reconcile","data":{"preSnapErr":1.3524,"replayCount":10,"preTick":3248,"postTick":3248,"serverTick":3238,"ackSeq":1781,"simTick":3534},"timestamp":1782243070615}
{"sessionId":"3f83e2","runId":"post-fix7","hypothesisId":"H1","location":"Starship.NetworkMotor:ReconcileOwnerFromServer","message":"owner_reconcile","data":{"preSnapErr":1.2964,"replayCount":10,"preTick":3250,"postTick":3250,"serverTick":3240,"ackSeq":1783,"simTick":3536},"timestamp":1782243070656}
{"sessionId":"3f83e2","runId":"post-fix7","hypothesisId":"H1","location":"Starship.NetworkMotor:ReconcileOwnerFromServer","message":"owner_reconcile","data":{"preSnapErr":1.1290,"replayCount":9,"preTick":3251,"postTick":3251,"serverTick":3242,"ackSeq":1785,"simTick":3537},"timestamp":1782243070677}
{"sessionId":"3f83e2","runId":"post-fix7","hypothesisId":"H1","location":"Starship.NetworkMotor:ReconcileOwnerFromServer","message":"owner_reconcile","data":{"preSnapErr":1.0786,"replayCount":9,"preTick":3253,"postTick":3253,"serverTick":3244,"ackSeq":1787,"simTick":3539},"timestamp":1782243070726}
{"sessionId":"3f83e2","runId":"post-fix7","hypothesisId":"H3","location":"Starship.NetworkMotor:ApplyRemoteMotorSnapshotVisuals","message":"remote_display","data":{"renderTickF":3243.120,"latestTick":3244,"simTick":3541,"bufCount":8,"extrapolating":0,"frameDelta":0.0000,"speed":F3},"timestamp":1782243070758}
{"sessionId":"3f83e2","runId":"post-fix7","hypothesisId":"H1","location":"Starship.NetworkMotor:ReconcileOwnerFromServer","message":"owner_reconcile","data":{"preSnapErr":1.0030,"replayCount":9,"preTick":3256,"postTick":3256,"serverTick":3247,"ackSeq":1790,"simTick":3542},"timestamp":1782243070774}
{"sessionId":"3f83e2","runId":"post-fix7","hypothesisId":"H2","location":"Starship.NetworkMotor:ClientPredictMotorFixedStep","message":"owner_predict","data":{"tick":3257,"simTick":3542,"serverClock":3548,"tickLead":-285,"speed":4.872,"thrust":0},"timestamp":1782243070774}
{"sessionId":"3f83e2","runId":"post-fix7","hypothesisId":"H5","location":"Starship.NetworkMotor:ApplyOwnerPredictedMotorVisuals","message":"owner_display","data":{"alpha":0.620,"renderSpan":0.0946,"frameDelta":1.4872,"speed":F3},"timestamp":1782243070808}
{"sessionId":"3f83e2","runId":"post-fix7","hypothesisId":"H1","location":"Starship.NetworkMotor:ReconcileOwnerFromServer","message":"owner_reconcile","data":{"preSnapErr":1.0724,"replayCount":10,"preTick":3258,"postTick":3258,"serverTick":3248,"ackSeq":1791,"simTick":3544},"timestamp":1782243070823}
{"sessionId":"3f83e2","runId":"post-fix7","hypothesisId":"H1","location":"Starship.NetworkMotor:ReconcileOwnerFromServer","message":"owner_reconcile","data":{"preSnapErr":1.0164,"replayCount":10,"preTick":3260,"postTick":3260,"serverTick":3250,"ackSeq":1793,"simTick":3546},"timestamp":1782243070866}
{"sessionId":"3f83e2","runId":"post-fix7","hypothesisId":"H1","location":"Starship.NetworkMotor:ReconcileOwnerFromServer","message":"owner_reconcile","data":{"preSnapErr":0.8769,"replayCount":9,"preTick":3261,"postTick":3261,"serverTick":3252,"ackSeq":1795,"simTick":3547},"timestamp":1782243070886}
{"sessionId":"3f83e2","runId":"post-fix7","hypothesisId":"H1","location":"Starship.NetworkMotor:ReconcileOwnerFromServer","message":"owner_reconcile","data":{"preSnapErr":0.7459,"replayCount":8,"preTick":3262,"postTick":3262,"serverTick":3254,"ackSeq":1797,"simTick":3548},"timestamp":1782243070910}
{"sessionId":"3f83e2","runId":"post-fix7","hypothesisId":"H1","location":"Starship.NetworkMotor:ReconcileOwnerFromServer","message":"owner_reconcile","data":{"preSnapErr":0.8764,"replayCount":10,"preTick":3265,"postTick":3265,"serverTick":3255,"ackSeq":1798,"simTick":3551},"timestamp":1782243070955}
{"sessionId":"3f83e2","runId":"post-fix7","hypothesisId":"H1","location":"Starship.NetworkMotor:ReconcileOwnerFromServer","message":"owner_reconcile","data":{"preSnapErr":0.7257,"replayCount":9,"preTick":3267,"postTick":3267,"serverTick":3258,"ackSeq":1801,"simTick":3553},"timestamp":1782243071000}
{"sessionId":"3f83e2","runId":"post-fix7","hypothesisId":"H3","location":"Starship.NetworkMotor:ApplyRemoteMotorSnapshotVisuals","message":"remote_display","data":{"renderTickF":3257.845,"latestTick":3258,"simTick":3555,"bufCount":17,"extrapolating":0,"frameDelta":0.3384,"speed":F3},"timestamp":1782243071031}
{"sessionId":"3f83e2","runId":"post-fix7","hypothesisId":"H1","location":"Starship.NetworkMotor:ReconcileOwnerFromServer","message":"owner_reconcile","data":{"preSnapErr":0.6754,"replayCount":9,"preTick":3269,"postTick":3269,"serverTick":3260,"ackSeq":1803,"simTick":3555},"timestamp":1782243071044}
{"sessionId":"3f83e2","runId":"post-fix7","hypothesisId":"H5","location":"Starship.NetworkMotor:ApplyOwnerPredictedMotorVisuals","message":"owner_display","data":{"alpha":0.932,"renderSpan":0.0582,"frameDelta":1.0075,"speed":F3},"timestamp":1782243071073}
{"sessionId":"3f83e2","runId":"post-fix7","hypothesisId":"H1","location":"Starship.NetworkMotor:ReconcileOwnerFromServer","message":"owner_reconcile","data":{"preSnapErr":0.6249,"replayCount":9,"preTick":3271,"postTick":3271,"serverTick":3262,"ackSeq":1805,"simTick":3557},"timestamp":1782243071087}
{"sessionId":"3f83e2","runId":"post-fix7","hypothesisId":"H1","location":"Starship.NetworkMotor:ReconcileOwnerFromServer","message":"owner_reconcile","data":{"preSnapErr":0.6524,"replayCount":10,"preTick":3273,"postTick":3273,"serverTick":3263,"ackSeq":1806,"simTick":3559},"timestamp":1782243071115}
{"sessionId":"3f83e2","runId":"post-fix7","hypothesisId":"H1","location":"Starship.NetworkMotor:ReconcileOwnerFromServer","message":"owner_reconcile","data":{"preSnapErr":0.5964,"replayCount":10,"preTick":3275,"postTick":3275,"serverTick":3265,"ackSeq":1808,"simTick":3561},"timestamp":1782243071156}
{"sessionId":"3f83e2","runId":"post-fix7","hypothesisId":"H1","location":"Starship.NetworkMotor:ReconcileOwnerFromServer","message":"owner_reconcile","data":{"preSnapErr":0.4990,"replayCount":9,"preTick":3276,"postTick":3276,"serverTick":3267,"ackSeq":1810,"simTick":3562},"timestamp":1782243071180}
{"sessionId":"3f83e2","runId":"post-fix7","hypothesisId":"H1","location":"Starship.NetworkMotor:ReconcileOwnerFromServer","message":"owner_reconcile","data":{"preSnapErr":0.4737,"replayCount":9,"preTick":3277,"postTick":3277,"serverTick":3268,"ackSeq":1811,"simTick":3563},"timestamp":1782243071202}
{"sessionId":"3f83e2","runId":"post-fix7","hypothesisId":"H1","location":"Starship.NetworkMotor:ReconcileOwnerFromServer","message":"owner_reconcile","data":{"preSnapErr":0.4233,"replayCount":9,"preTick":3279,"postTick":3279,"serverTick":3270,"ackSeq":1813,"simTick":3565},"timestamp":1782243071244}
{"sessionId":"3f83e2","runId":"post-fix7","hypothesisId":"H1","location":"Starship.NetworkMotor:ReconcileOwnerFromServer","message":"owner_reconcile","data":{"preSnapErr":0.3730,"replayCount":9,"preTick":3281,"postTick":3281,"serverTick":3272,"ackSeq":1815,"simTick":3567},"timestamp":1782243071285}
{"sessionId":"3f83e2","runId":"post-fix7","hypothesisId":"H2","location":"Starship.NetworkMotor:ClientPredictMotorFixedStep","message":"owner_predict","data":{"tick":3282,"simTick":3567,"serverClock":3573,"tickLead":-285,"speed":1.372,"thrust":0},"timestamp":1782243071286}
{"sessionId":"3f83e2","runId":"post-fix7","hypothesisId":"H3","location":"Starship.NetworkMotor:ApplyRemoteMotorSnapshotVisuals","message":"remote_display","data":{"renderTickF":3271.975,"latestTick":3272,"simTick":3568,"bufCount":25,"extrapolating":0,"frameDelta":0.5064,"speed":F3},"timestamp":1782243071295}
{"sessionId":"3f83e2","runId":"post-fix7","hypothesisId":"H1","location":"Starship.NetworkMotor:ReconcileOwnerFromServer","message":"owner_reconcile","data":{"preSnapErr":0.3444,"replayCount":10,"preTick":3284,"postTick":3284,"serverTick":3274,"ackSeq":1817,"simTick":3570},"timestamp":1782243071336}
{"sessionId":"3f83e2","runId":"post-fix7","hypothesisId":"H5","location":"Starship.NetworkMotor:ApplyOwnerPredictedMotorVisuals","message":"owner_display","data":{"alpha":0.471,"renderSpan":0.0190,"frameDelta":0.5153,"speed":F3},"timestamp":1782243071344}
{"sessionId":"3f83e2","runId":"post-fix7","hypothesisId":"H1","location":"Starship.NetworkMotor:ReconcileOwnerFromServer","message":"owner_reconcile","data":{"preSnapErr":0.3164,"replayCount":10,"preTick":3285,"postTick":3285,"serverTick":3275,"ackSeq":1818,"simTick":3571},"timestamp":1782243071357}
{"sessionId":"3f83e2","runId":"post-fix7","hypothesisId":"H1","location":"Starship.NetworkMotor:ReconcileOwnerFromServer","message":"owner_reconcile","data":{"preSnapErr":0.2470,"replayCount":9,"preTick":3286,"postTick":3286,"serverTick":3277,"ackSeq":1820,"simTick":3572},"timestamp":1782243071380}
{"sessionId":"3f83e2","runId":"post-fix7","hypothesisId":"H1","location":"Starship.NetworkMotor:ReconcileOwnerFromServer","message":"owner_reconcile","data":{"preSnapErr":0.1966,"replayCount":9,"preTick":3288,"postTick":3288,"serverTick":3279,"ackSeq":1822,"simTick":3574},"timestamp":1782243071423}
{"sessionId":"3f83e2","runId":"post-fix7","hypothesisId":"H1","location":"Starship.NetworkMotor:ReconcileOwnerFromServer","message":"owner_reconcile","data":{"preSnapErr":0.1713,"replayCount":9,"preTick":3289,"postTick":3289,"serverTick":3280,"ackSeq":1823,"simTick":3575},"timestamp":1782243071445}
{"sessionId":"3f83e2","runId":"post-fix7","hypothesisId":"H1","location":"Starship.NetworkMotor:ReconcileOwnerFromServer","message":"owner_reconcile","data":{"preSnapErr":0.1210,"replayCount":10,"preTick":3292,"postTick":3292,"serverTick":3282,"ackSeq":1825,"simTick":3578},"timestamp":1782243071488}
{"sessionId":"3f83e2","runId":"post-fix7","hypothesisId":"H1","location":"Starship.NetworkMotor:ReconcileOwnerFromServer","message":"owner_reconcile","data":{"preSnapErr":0.0745,"replayCount":10,"preTick":3294,"postTick":3294,"serverTick":3284,"ackSeq":1827,"simTick":3580},"timestamp":1782243071544}
{"sessionId":"3f83e2","runId":"post-fix7","hypothesisId":"H1","location":"Starship.NetworkMotor:ReconcileOwnerFromServer","message":"owner_reconcile","data":{"preSnapErr":0.0392,"replayCount":9,"preTick":3295,"postTick":3295,"serverTick":3286,"ackSeq":1829,"simTick":3581},"timestamp":1782243071569}
{"sessionId":"3f83e2","runId":"post-fix7","hypothesisId":"H3","location":"Starship.NetworkMotor:ApplyRemoteMotorSnapshotVisuals","message":"remote_display","data":{"renderTickF":3285.147,"latestTick":3286,"simTick":3582,"bufCount":33,"extrapolating":0,"frameDelta":0.4720,"speed":F3},"timestamp":1782243071581}
{"sessionId":"3f83e2","runId":"post-fix7","hypothesisId":"H1","location":"Starship.NetworkMotor:ReconcileOwnerFromServer","message":"owner_reconcile","data":{"preSnapErr":0.0257,"replayCount":10,"preTick":3297,"postTick":3297,"serverTick":3287,"ackSeq":1830,"simTick":3583},"timestamp":1782243071597}
{"sessionId":"3f83e2","runId":"post-fix7","hypothesisId":"H1","location":"Starship.NetworkMotor:ReconcileOwnerFromServer","message":"owner_reconcile","data":{"preSnapErr":0.0073,"replayCount":9,"preTick":3298,"postTick":3298,"serverTick":3289,"ackSeq":1832,"simTick":3584},"timestamp":1782243071620}
{"sessionId":"3f83e2","runId":"post-fix7","hypothesisId":"H5","location":"Starship.NetworkMotor:ApplyOwnerPredictedMotorVisuals","message":"owner_display","data":{"alpha":0.679,"renderSpan":0.0000,"frameDelta":0.0655,"speed":F3},"timestamp":1782243071629}
{"sessionId":"3f83e2","runId":"post-fix7","hypothesisId":"H1","location":"Starship.NetworkMotor:ReconcileOwnerFromServer","message":"owner_reconcile","data":{"preSnapErr":0.0000,"replayCount":9,"preTick":3300,"postTick":3300,"serverTick":3291,"ackSeq":1834,"simTick":3586},"timestamp":1782243071663}
{"sessionId":"3f83e2","runId":"post-fix7","hypothesisId":"H1","location":"Starship.NetworkMotor:ReconcileOwnerFromServer","message":"owner_reconcile","data":{"preSnapErr":0.0000,"replayCount":9,"preTick":3301,"postTick":3301,"serverTick":3292,"ackSeq":1835,"simTick":3587},"timestamp":1782243071684}
{"sessionId":"3f83e2","runId":"post-fix7","hypothesisId":"H1","location":"Starship.NetworkMotor:ReconcileOwnerFromServer","message":"owner_reconcile","data":{"preSnapErr":0.0000,"replayCount":9,"preTick":3303,"postTick":3303,"serverTick":3294,"ackSeq":1837,"simTick":3589},"timestamp":1782243071725}
{"sessionId":"3f83e2","runId":"post-fix7","hypothesisId":"H1","location":"Starship.NetworkMotor:ReconcileOwnerFromServer","message":"owner_reconcile","data":{"preSnapErr":0.0000,"replayCount":8,"preTick":3304,"postTick":3304,"serverTick":3296,"ackSeq":1839,"simTick":3590},"timestamp":1782243071751}
{"sessionId":"3f83e2","runId":"post-fix7","hypothesisId":"H2","location":"Starship.NetworkMotor:ClientPredictMotorFixedStep","message":"owner_predict","data":{"tick":3307,"simTick":3592,"serverClock":3598,"tickLead":-285,"speed":0.000,"thrust":0},"timestamp":1782243071775}
{"sessionId":"3f83e2","runId":"post-fix7","hypothesisId":"H1","location":"Starship.NetworkMotor:ReconcileOwnerFromServer","message":"owner_reconcile","data":{"preSnapErr":0.0000,"replayCount":10,"preTick":3307,"postTick":3307,"serverTick":3297,"ackSeq":1840,"simTick":3593},"timestamp":1782243071797}
{"sessionId":"3f83e2","runId":"post-fix7","hypothesisId":"H1","location":"Starship.NetworkMotor:ReconcileOwnerFromServer","message":"owner_reconcile","data":{"preSnapErr":0.0000,"replayCount":9,"preTick":3308,"postTick":3308,"serverTick":3299,"ackSeq":1842,"simTick":3594},"timestamp":1782243071819}
{"sessionId":"3f83e2","runId":"post-fix7","hypothesisId":"H3","location":"Starship.NetworkMotor:ApplyRemoteMotorSnapshotVisuals","message":"remote_display","data":{"renderTickF":3298.683,"latestTick":3299,"simTick":3596,"bufCount":41,"extrapolating":0,"frameDelta":1.0639,"speed":F3},"timestamp":1782243071849}
{"sessionId":"3f83e2","runId":"post-fix7","hypothesisId":"H1","location":"Starship.NetworkMotor:ReconcileOwnerFromServer","message":"owner_reconcile","data":{"preSnapErr":0.0000,"replayCount":9,"preTick":3310,"postTick":3310,"serverTick":3301,"ackSeq":1844,"simTick":3596},"timestamp":1782243071865}
{"sessionId":"3f83e2","runId":"post-fix7","hypothesisId":"H1","location":"Starship.NetworkMotor:ReconcileOwnerFromServer","message":"owner_reconcile","data":{"preSnapErr":0.0000,"replayCount":9,"preTick":3311,"postTick":3311,"serverTick":3302,"ackSeq":1845,"simTick":3597},"timestamp":1782243071886}
{"sessionId":"3f83e2","runId":"post-fix7","hypothesisId":"H5","location":"Starship.NetworkMotor:ApplyOwnerPredictedMotorVisuals","message":"owner_display","data":{"alpha":0.017,"renderSpan":0.0000,"frameDelta":0.0000,"speed":F3},"timestamp":1782243071896}
{"sessionId":"3f83e2","runId":"post-fix7","hypothesisId":"H1","location":"Starship.NetworkMotor:ReconcileOwnerFromServer","message":"owner_reconcile","data":{"preSnapErr":0.0000,"replayCount":10,"preTick":3313,"postTick":3313,"serverTick":3303,"ackSeq":1846,"simTick":3599},"timestamp":1782243071910}
{"sessionId":"3f83e2","runId":"post-fix7","hypothesisId":"H1","location":"Starship.NetworkMotor:ReconcileOwnerFromServer","message":"owner_reconcile","data":{"preSnapErr":0.0000,"replayCount":10,"preTick":3315,"postTick":3315,"serverTick":3305,"ackSeq":1848,"simTick":3601},"timestamp":1782243071958}
{"sessionId":"3f83e2","runId":"post-fix7","hypothesisId":"H1","location":"Starship.NetworkMotor:ReconcileOwnerFromServer","message":"owner_reconcile","data":{"preSnapErr":0.0000,"replayCount":9,"preTick":3316,"postTick":3316,"serverTick":3307,"ackSeq":1850,"simTick":3602},"timestamp":1782243071979}
{"sessionId":"3f83e2","runId":"post-fix7","hypothesisId":"H1","location":"Starship.NetworkMotor:ReconcileOwnerFromServer","message":"owner_reconcile","data":{"preSnapErr":0.0000,"replayCount":10,"preTick":3318,"postTick":3318,"serverTick":3308,"ackSeq":1851,"simTick":3604},"timestamp":1782243072022}
{"sessionId":"3f83e2","runId":"post-fix7","hypothesisId":"H1","location":"Starship.NetworkMotor:ReconcileOwnerFromServer","message":"owner_reconcile","data":{"preSnapErr":0.0000,"replayCount":9,"preTick":3319,"postTick":3319,"serverTick":3310,"ackSeq":1853,"simTick":3605},"timestamp":1782243072043}
{"sessionId":"3f83e2","runId":"post-fix7","hypothesisId":"H1","location":"Starship.NetworkMotor:ReconcileOwnerFromServer","message":"owner_reconcile","data":{"preSnapErr":0.0000,"replayCount":9,"preTick":3321,"postTick":3321,"serverTick":3312,"ackSeq":1855,"simTick":3607},"timestamp":1782243072088}
{"sessionId":"3f83e2","runId":"post-fix7","hypothesisId":"H3","location":"Starship.NetworkMotor:ApplyRemoteMotorSnapshotVisuals","message":"remote_display","data":{"renderTickF":3311.220,"latestTick":3312,"simTick":3609,"bufCount":48,"extrapolating":0,"frameDelta":2.3611,"speed":F3},"timestamp":1782243072119}
{"sessionId":"3f83e2","runId":"post-fix7","hypothesisId":"H1","location":"Starship.NetworkMotor:ReconcileOwnerFromServer","message":"owner_reconcile","data":{"preSnapErr":0.0000,"replayCount":10,"preTick":3324,"postTick":3324,"serverTick":3314,"ackSeq":1857,"simTick":3610},"timestamp":1782243072133}
{"sessionId":"3f83e2","runId":"post-fix7","hypothesisId":"H1","location":"Starship.NetworkMotor:ReconcileOwnerFromServer","message":"owner_reconcile","data":{"preSnapErr":0.0000,"replayCount":9,"preTick":3325,"postTick":3325,"serverTick":3316,"ackSeq":1859,"simTick":3611},"timestamp":1782243072159}
{"sessionId":"3f83e2","runId":"post-fix7","hypothesisId":"H5","location":"Starship.NetworkMotor:ApplyOwnerPredictedMotorVisuals","message":"owner_display","data":{"alpha":0.631,"renderSpan":0.0000,"frameDelta":0.0000,"speed":F3},"timestamp":1782243072167}
{"sessionId":"3f83e2","runId":"post-fix7","hypothesisId":"H1","location":"Starship.NetworkMotor:ReconcileOwnerFromServer","message":"owner_reconcile","data":{"preSnapErr":0.0000,"replayCount":10,"preTick":3328,"postTick":3328,"serverTick":3318,"ackSeq":1861,"simTick":3614},"timestamp":1782243072225}
{"sessionId":"3f83e2","runId":"post-fix7","hypothesisId":"H1","location":"Starship.NetworkMotor:ReconcileOwnerFromServer","message":"owner_reconcile","data":{"preSnapErr":0.0000,"replayCount":9,"preTick":3329,"postTick":3329,"serverTick":3320,"ackSeq":1863,"simTick":3615},"timestamp":1782243072246}
{"sessionId":"3f83e2","runId":"post-fix7","hypothesisId":"H1","location":"Starship.NetworkMotor:ReconcileOwnerFromServer","message":"owner_reconcile","data":{"preSnapErr":0.0000,"replayCount":9,"preTick":3331,"postTick":3331,"serverTick":3322,"ackSeq":1865,"simTick":3617},"timestamp":1782243072287}
{"sessionId":"3f83e2","runId":"post-fix7","hypothesisId":"H2","location":"Starship.NetworkMotor:ClientPredictMotorFixedStep","message":"owner_predict","data":{"tick":3332,"simTick":3617,"serverClock":3623,"tickLead":-285,"speed":0.000,"thrust":0},"timestamp":1782243072287}
{"sessionId":"3f83e2","runId":"post-fix7","hypothesisId":"H1","location":"Starship.NetworkMotor:ReconcileOwnerFromServer","message":"owner_reconcile","data":{"preSnapErr":0.0000,"replayCount":10,"preTick":3334,"postTick":3334,"serverTick":3324,"ackSeq":1867,"simTick":3620},"timestamp":1782243072334}
{"sessionId":"3f83e2","runId":"post-fix7","hypothesisId":"H1","location":"Starship.NetworkMotor:ReconcileOwnerFromServer","message":"owner_reconcile","data":{"preSnapErr":0.0000,"replayCount":9,"preTick":3335,"postTick":3335,"serverTick":3326,"ackSeq":1869,"simTick":3621},"timestamp":1782243072361}
{"sessionId":"3f83e2","runId":"post-fix7","hypothesisId":"H1","location":"Starship.NetworkMotor:ReconcileOwnerFromServer","message":"owner_reconcile","data":{"preSnapErr":0.0000,"replayCount":9,"preTick":3336,"postTick":3336,"serverTick":3327,"ackSeq":1870,"simTick":3622},"timestamp":1782243072383}
{"sessionId":"3f83e2","runId":"post-fix7","hypothesisId":"H3","location":"Starship.NetworkMotor:ApplyRemoteMotorSnapshotVisuals","message":"remote_display","data":{"renderTickF":3326.866,"latestTick":3327,"simTick":3623,"bufCount":48,"extrapolating":0,"frameDelta":3.7001,"speed":F3},"timestamp":1782243072393}
{"sessionId":"3f83e2","runId":"post-fix7","hypothesisId":"H1","location":"Starship.NetworkMotor:ReconcileOwnerFromServer","message":"owner_reconcile","data":{"preSnapErr":0.0000,"replayCount":9,"preTick":3337,"postTick":3337,"serverTick":3328,"ackSeq":1871,"simTick":3623},"timestamp":1782243072408}
{"sessionId":"3f83e2","runId":"post-fix7","hypothesisId":"H5","location":"Starship.NetworkMotor:ApplyOwnerPredictedMotorVisuals","message":"owner_display","data":{"alpha":0.251,"renderSpan":0.0000,"frameDelta":0.0000,"speed":F3},"timestamp":1782243072437}
{"sessionId":"3f83e2","runId":"post-fix7","hypothesisId":"H1","location":"Starship.NetworkMotor:ReconcileOwnerFromServer","message":"owner_reconcile","data":{"preSnapErr":0.0000,"replayCount":10,"preTick":3340,"postTick":3340,"serverTick":3330,"ackSeq":1873,"simTick":3626},"timestamp":1782243072453}
{"sessionId":"3f83e2","runId":"post-fix7","hypothesisId":"H1","location":"Starship.NetworkMotor:ReconcileOwnerFromServer","message":"owner_reconcile","data":{"preSnapErr":0.0000,"replayCount":10,"preTick":3342,"postTick":3342,"serverTick":3332,"ackSeq":1875,"simTick":3628},"timestamp":1782243072497}
{"sessionId":"3f83e2","runId":"post-fix7","hypothesisId":"H1","location":"Starship.NetworkMotor:ReconcileOwnerFromServer","message":"owner_reconcile","data":{"preSnapErr":0.0000,"replayCount":9,"preTick":3343,"postTick":3343,"serverTick":3334,"ackSeq":1877,"simTick":3629},"timestamp":1782243072519}
{"sessionId":"3f83e2","runId":"post-fix7","hypothesisId":"H1","location":"Starship.NetworkMotor:ReconcileOwnerFromServer","message":"owner_reconcile","data":{"preSnapErr":0.0000,"replayCount":9,"preTick":3345,"postTick":3345,"serverTick":3336,"ackSeq":1879,"simTick":3631},"timestamp":1782243072564}
{"sessionId":"3f83e2","runId":"post-fix7","hypothesisId":"H1","location":"Starship.NetworkMotor:ReconcileOwnerFromServer","message":"owner_reconcile","data":{"preSnapErr":0.0000,"replayCount":9,"preTick":3346,"postTick":3346,"serverTick":3337,"ackSeq":1880,"simTick":3632},"timestamp":1782243072585}
{"sessionId":"3f83e2","runId":"post-fix7","hypothesisId":"H1","location":"Starship.NetworkMotor:ReconcileOwnerFromServer","message":"owner_reconcile","data":{"preSnapErr":0.0000,"replayCount":9,"preTick":3347,"postTick":3347,"serverTick":3338,"ackSeq":1881,"simTick":3633},"timestamp":1782243072609}
{"sessionId":"3f83e2","runId":"post-fix7","hypothesisId":"H1","location":"Starship.NetworkMotor:ReconcileOwnerFromServer","message":"owner_reconcile","data":{"preSnapErr":0.0000,"replayCount":9,"preTick":3349,"postTick":3349,"serverTick":3340,"ackSeq":1883,"simTick":3635},"timestamp":1782243072637}
{"sessionId":"3f83e2","runId":"post-fix7","hypothesisId":"H3","location":"Starship.NetworkMotor:ApplyRemoteMotorSnapshotVisuals","message":"remote_display","data":{"renderTickF":3339.728,"latestTick":3340,"simTick":3637,"bufCount":48,"extrapolating":0,"frameDelta":3.0405,"speed":F3},"timestamp":1782243072668}
{"sessionId":"3f83e2","runId":"post-fix7","hypothesisId":"H1","location":"Starship.NetworkMotor:ReconcileOwnerFromServer","message":"owner_reconcile","data":{"preSnapErr":0.0000,"replayCount":9,"preTick":3351,"postTick":3351,"serverTick":3342,"ackSeq":1885,"simTick":3637},"timestamp":1782243072684}
{"sessionId":"3f83e2","runId":"post-fix7","hypothesisId":"H1","location":"Starship.NetworkMotor:ReconcileOwnerFromServer","message":"owner_reconcile","data":{"preSnapErr":0.0000,"replayCount":9,"preTick":3352,"postTick":3352,"serverTick":3343,"ackSeq":1886,"simTick":3638},"timestamp":1782243072710}
{"sessionId":"3f83e2","runId":"post-fix7","hypothesisId":"H5","location":"Starship.NetworkMotor:ApplyOwnerPredictedMotorVisuals","message":"owner_display","data":{"alpha":0.123,"renderSpan":0.0000,"frameDelta":0.0000,"speed":F3},"timestamp":1782243072721}
{"sessionId":"3f83e2","runId":"post-fix7","hypothesisId":"H1","location":"Starship.NetworkMotor:ReconcileOwnerFromServer","message":"owner_reconcile","data":{"preSnapErr":0.0000,"replayCount":10,"preTick":3355,"postTick":3355,"serverTick":3345,"ackSeq":1888,"simTick":3641},"timestamp":1782243072759}
{"sessionId":"3f83e2","runId":"post-fix7","hypothesisId":"H1","location":"Starship.NetworkMotor:ReconcileOwnerFromServer","message":"owner_reconcile","data":{"preSnapErr":0.0000,"replayCount":9,"preTick":3356,"postTick":3356,"serverTick":3347,"ackSeq":1890,"simTick":3642},"timestamp":1782243072787}
{"sessionId":"3f83e2","runId":"post-fix7","hypothesisId":"H2","location":"Starship.NetworkMotor:ClientPredictMotorFixedStep","message":"owner_predict","data":{"tick":3357,"simTick":3642,"serverClock":3648,"tickLead":-285,"speed":0.000,"thrust":0},"timestamp":1782243072787}
{"sessionId":"3f83e2","runId":"post-fix7","hypothesisId":"H1","location":"Starship.NetworkMotor:ReconcileOwnerFromServer","message":"owner_reconcile","data":{"preSnapErr":0.0000,"replayCount":9,"preTick":3359,"postTick":3359,"serverTick":3350,"ackSeq":1893,"simTick":3645},"timestamp":1782243072838}
{"sessionId":"3f83e2","runId":"post-fix7","hypothesisId":"H1","location":"Starship.NetworkMotor:ReconcileOwnerFromServer","message":"owner_reconcile","data":{"preSnapErr":0.0000,"replayCount":9,"preTick":3361,"postTick":3361,"serverTick":3352,"ackSeq":1895,"simTick":3647},"timestamp":1782243072885}
{"sessionId":"3f83e2","runId":"post-fix7","hypothesisId":"H1","location":"Starship.NetworkMotor:ReconcileOwnerFromServer","message":"owner_reconcile","data":{"preSnapErr":0.0000,"replayCount":10,"preTick":3364,"postTick":3364,"serverTick":3354,"ackSeq":1897,"simTick":3650},"timestamp":1782243072933}
{"sessionId":"3f83e2","runId":"post-fix7","hypothesisId":"H1","location":"Starship.NetworkMotor:ReconcileOwnerFromServer","message":"owner_reconcile","data":{"preSnapErr":0.0000,"replayCount":9,"preTick":3365,"postTick":3365,"serverTick":3356,"ackSeq":1899,"simTick":3651},"timestamp":1782243072956}
{"sessionId":"3f83e2","runId":"post-fix7","hypothesisId":"H3","location":"Starship.NetworkMotor:ApplyRemoteMotorSnapshotVisuals","message":"remote_display","data":{"renderTickF":3355.463,"latestTick":3356,"simTick":3651,"bufCount":48,"extrapolating":0,"frameDelta":3.6981,"speed":F3},"timestamp":1782243072965}
{"sessionId":"3f83e2","runId":"post-fix7","hypothesisId":"H5","location":"Starship.NetworkMotor:ApplyOwnerPredictedMotorVisuals","message":"owner_display","data":{"alpha":0.900,"renderSpan":0.0000,"frameDelta":0.0000,"speed":F3},"timestamp":1782243073011}
{"sessionId":"3f83e2","runId":"post-fix7","hypothesisId":"H1","location":"Starship.NetworkMotor:ReconcileOwnerFromServer","message":"owner_reconcile","data":{"preSnapErr":0.0000,"replayCount":10,"preTick":3368,"postTick":3368,"serverTick":3358,"ackSeq":1901,"simTick":3654},"timestamp":1782243073028}
{"sessionId":"3f83e2","runId":"post-fix7","hypothesisId":"H1","location":"Starship.NetworkMotor:ReconcileOwnerFromServer","message":"owner_reconcile","data":{"preSnapErr":0.0000,"replayCount":10,"preTick":3370,"postTick":3370,"serverTick":3360,"ackSeq":1903,"simTick":3656},"timestamp":1782243073051}
{"sessionId":"3f83e2","runId":"post-fix7","hypothesisId":"H1","location":"Starship.NetworkMotor:ReconcileOwnerFromServer","message":"owner_reconcile","data":{"preSnapErr":0.0000,"replayCount":10,"preTick":3371,"postTick":3371,"serverTick":3361,"ackSeq":1904,"simTick":3657},"timestamp":1782243073073}
{"sessionId":"3f83e2","runId":"post-fix7","hypothesisId":"H1","location":"Starship.NetworkMotor:ReconcileOwnerFromServer","message":"owner_reconcile","data":{"preSnapErr":0.0000,"replayCount":10,"preTick":3373,"postTick":3373,"serverTick":3363,"ackSeq":1906,"simTick":3659},"timestamp":1782243073118}
{"sessionId":"3f83e2","runId":"post-fix7","hypothesisId":"H1","location":"Starship.NetworkMotor:ReconcileOwnerFromServer","message":"owner_reconcile","data":{"preSnapErr":0.0000,"replayCount":9,"preTick":3374,"postTick":3374,"serverTick":3365,"ackSeq":1908,"simTick":3660},"timestamp":1782243073141}
{"sessionId":"3f83e2","runId":"post-fix7","hypothesisId":"H1","location":"Starship.NetworkMotor:ReconcileOwnerFromServer","message":"owner_reconcile","data":{"preSnapErr":0.0000,"replayCount":9,"preTick":3376,"postTick":3376,"serverTick":3367,"ackSeq":1910,"simTick":3662},"timestamp":1782243073187}
{"sessionId":"3f83e2","runId":"post-fix7","hypothesisId":"H1","location":"Starship.NetworkMotor:ReconcileOwnerFromServer","message":"owner_reconcile","data":{"preSnapErr":0.0000,"replayCount":9,"preTick":3378,"postTick":3378,"serverTick":3369,"ackSeq":1912,"simTick":3664},"timestamp":1782243073216}
{"sessionId":"3f83e2","runId":"post-fix7","hypothesisId":"H3","location":"Starship.NetworkMotor:ApplyRemoteMotorSnapshotVisuals","message":"remote_display","data":{"renderTickF":3368.623,"latestTick":3369,"simTick":3665,"bufCount":48,"extrapolating":0,"frameDelta":2.9302,"speed":F3},"timestamp":1782243073247}
{"sessionId":"3f83e2","runId":"post-fix7","hypothesisId":"H1","location":"Starship.NetworkMotor:ReconcileOwnerFromServer","message":"owner_reconcile","data":{"preSnapErr":0.0000,"replayCount":10,"preTick":3380,"postTick":3380,"serverTick":3370,"ackSeq":1913,"simTick":3666},"timestamp":1782243073261}
{"sessionId":"3f83e2","runId":"post-fix7","hypothesisId":"H1","location":"Starship.NetworkMotor:ReconcileOwnerFromServer","message":"owner_reconcile","data":{"preSnapErr":0.0000,"replayCount":9,"preTick":3381,"postTick":3381,"serverTick":3372,"ackSeq":1915,"simTick":3667},"timestamp":1782243073283}
{"sessionId":"3f83e2","runId":"post-fix7","hypothesisId":"H2","location":"Starship.NetworkMotor:ClientPredictMotorFixedStep","message":"owner_predict","data":{"tick":3382,"simTick":3667,"serverClock":3673,"tickLead":-285,"speed":0.000,"thrust":0},"timestamp":1782243073283}
{"sessionId":"3f83e2","runId":"post-fix7","hypothesisId":"H5","location":"Starship.NetworkMotor:ApplyOwnerPredictedMotorVisuals","message":"owner_display","data":{"alpha":0.823,"renderSpan":0.0000,"frameDelta":0.0000,"speed":F3},"timestamp":1782243073292}
{"sessionId":"3f83e2","runId":"post-fix7","hypothesisId":"H1","location":"Starship.NetworkMotor:ReconcileOwnerFromServer","message":"owner_reconcile","data":{"preSnapErr":0.0000,"replayCount":9,"preTick":3382,"postTick":3382,"serverTick":3373,"ackSeq":1916,"simTick":3668},"timestamp":1782243073305}
{"sessionId":"3f83e2","runId":"post-fix7","hypothesisId":"H1","location":"Starship.NetworkMotor:ReconcileOwnerFromServer","message":"owner_reconcile","data":{"preSnapErr":0.0000,"replayCount":10,"preTick":3385,"postTick":3385,"serverTick":3375,"ackSeq":1918,"simTick":3671},"timestamp":1782243073351}
{"sessionId":"3f83e2","runId":"post-fix7","hypothesisId":"H1","location":"Starship.NetworkMotor:ReconcileOwnerFromServer","message":"owner_reconcile","data":{"preSnapErr":0.0000,"replayCount":9,"preTick":3386,"postTick":3386,"serverTick":3377,"ackSeq":1920,"simTick":3672},"timestamp":1782243073374}
{"sessionId":"3f83e2","runId":"post-fix7","hypothesisId":"H1","location":"Starship.NetworkMotor:ReconcileOwnerFromServer","message":"owner_reconcile","data":{"preSnapErr":0.0000,"replayCount":9,"preTick":3388,"postTick":3388,"serverTick":3379,"ackSeq":1922,"simTick":3674},"timestamp":1782243073421}
{"sessionId":"3f83e2","runId":"post-fix7","hypothesisId":"H1","location":"Starship.NetworkMotor:ReconcileOwnerFromServer","message":"owner_reconcile","data":{"preSnapErr":0.0000,"replayCount":10,"preTick":3390,"postTick":3390,"serverTick":3380,"ackSeq":1923,"simTick":3676},"timestamp":1782243073465}
{"sessionId":"3f83e2","runId":"post-fix7","hypothesisId":"H1","location":"Starship.NetworkMotor:ReconcileOwnerFromServer","message":"owner_reconcile","data":{"preSnapErr":0.0000,"replayCount":10,"preTick":3391,"postTick":3391,"serverTick":3381,"ackSeq":1924,"simTick":3677},"timestamp":1782243073488}
{"sessionId":"3f83e2","runId":"post-fix7","hypothesisId":"H1","location":"Starship.NetworkMotor:ReconcileOwnerFromServer","message":"owner_reconcile","data":{"preSnapErr":0.0000,"replayCount":10,"preTick":3393,"postTick":3393,"serverTick":3383,"ackSeq":1926,"simTick":3679},"timestamp":1782243073513}
{"sessionId":"3f83e2","runId":"post-fix7","hypothesisId":"H3","location":"Starship.NetworkMotor:ApplyRemoteMotorSnapshotVisuals","message":"remote_display","data":{"renderTickF":3382.298,"latestTick":3383,"simTick":3679,"bufCount":48,"extrapolating":0,"frameDelta":2.0725,"speed":F3},"timestamp":1782243073520}
{"sessionId":"3f83e2","runId":"post-fix7","hypothesisId":"H1","location":"Starship.NetworkMotor:ReconcileOwnerFromServer","message":"owner_reconcile","data":{"preSnapErr":0.0000,"replayCount":10,"preTick":3395,"postTick":3395,"serverTick":3385,"ackSeq":1928,"simTick":3681},"timestamp":1782243073557}
{"sessionId":"3f83e2","runId":"post-fix7","hypothesisId":"H5","location":"Starship.NetworkMotor:ApplyOwnerPredictedMotorVisuals","message":"owner_display","data":{"alpha":0.521,"renderSpan":0.0000,"frameDelta":0.0000,"speed":F3},"timestamp":1782243073564}
{"sessionId":"3f83e2","runId":"post-fix7","hypothesisId":"H1","location":"Starship.NetworkMotor:ReconcileOwnerFromServer","message":"owner_reconcile","data":{"preSnapErr":0.0000,"replayCount":9,"preTick":3396,"postTick":3396,"serverTick":3387,"ackSeq":1930,"simTick":3682},"timestamp":1782243073580}
{"sessionId":"3f83e2","runId":"post-fix7","hypothesisId":"H1","location":"Starship.NetworkMotor:ReconcileOwnerFromServer","message":"owner_reconcile","data":{"preSnapErr":0.0000,"replayCount":9,"preTick":3398,"postTick":3398,"serverTick":3389,"ackSeq":1932,"simTick":3684},"timestamp":1782243073627}
{"sessionId":"3f83e2","runId":"post-fix7","hypothesisId":"H1","location":"Starship.NetworkMotor:ReconcileOwnerFromServer","message":"owner_reconcile","data":{"preSnapErr":0.0000,"replayCount":10,"preTick":3400,"postTick":3400,"serverTick":3390,"ackSeq":1933,"simTick":3686},"timestamp":1782243073655}
{"sessionId":"3f83e2","runId":"post-fix7","hypothesisId":"H1","location":"Starship.NetworkMotor:ReconcileOwnerFromServer","message":"owner_reconcile","data":{"preSnapErr":0.0000,"replayCount":9,"preTick":3402,"postTick":3402,"serverTick":3393,"ackSeq":1936,"simTick":3688},"timestamp":1782243073713}
{"sessionId":"3f83e2","runId":"post-fix7","hypothesisId":"H1","location":"Starship.NetworkMotor:ReconcileOwnerFromServer","message":"owner_reconcile","data":{"preSnapErr":0.0000,"replayCount":9,"preTick":3404,"postTick":3404,"serverTick":3395,"ackSeq":1938,"simTick":3690},"timestamp":1782243073740}
{"sessionId":"3f83e2","runId":"post-fix7","hypothesisId":"H1","location":"Starship.NetworkMotor:ReconcileOwnerFromServer","message":"owner_reconcile","data":{"preSnapErr":0.0000,"replayCount":9,"preTick":3406,"postTick":3406,"serverTick":3397,"ackSeq":1940,"simTick":3692},"timestamp":1782243073787}
{"sessionId":"3f83e2","runId":"post-fix7","hypothesisId":"H2","location":"Starship.NetworkMotor:ClientPredictMotorFixedStep","message":"owner_predict","data":{"tick":3407,"simTick":3692,"serverClock":3698,"tickLead":-285,"speed":0.000,"thrust":0},"timestamp":1782243073787}
{"sessionId":"3f83e2","runId":"post-fix7","hypothesisId":"H1","location":"Starship.NetworkMotor:ReconcileOwnerFromServer","message":"owner_reconcile","data":{"preSnapErr":0.0000,"replayCount":9,"preTick":3408,"postTick":3408,"serverTick":3399,"ackSeq":1942,"simTick":3694},"timestamp":1782243073815}
{"sessionId":"3f83e2","runId":"post-fix7","hypothesisId":"H3","location":"Starship.NetworkMotor:ApplyRemoteMotorSnapshotVisuals","message":"remote_display","data":{"renderTickF":3398.445,"latestTick":3399,"simTick":3694,"bufCount":48,"extrapolating":0,"frameDelta":1.2271,"speed":F3},"timestamp":1782243073824}
{"sessionId":"3f83e2","runId":"post-fix7","hypothesisId":"H1","location":"Starship.NetworkMotor:ReconcileOwnerFromServer","message":"owner_reconcile","data":{"preSnapErr":0.0000,"replayCount":9,"preTick":3409,"postTick":3409,"serverTick":3400,"ackSeq":1943,"simTick":3695},"timestamp":1782243073842}
{"sessionId":"3f83e2","runId":"post-fix7","hypothesisId":"H5","location":"Starship.NetworkMotor:ApplyOwnerPredictedMotorVisuals","message":"owner_display","data":{"alpha":0.922,"renderSpan":0.0000,"frameDelta":0.0000,"speed":F3},"timestamp":1782243073872}
{"sessionId":"3f83e2","runId":"post-fix7","hypothesisId":"H1","location":"Starship.NetworkMotor:ReconcileOwnerFromServer","message":"owner_reconcile","data":{"preSnapErr":0.0000,"replayCount":9,"preTick":3411,"postTick":3411,"serverTick":3402,"ackSeq":1945,"simTick":3697},"timestamp":1782243073886}
{"sessionId":"3f83e2","runId":"post-fix7","hypothesisId":"H1","location":"Starship.NetworkMotor:ReconcileOwnerFromServer","message":"owner_reconcile","data":{"preSnapErr":0.0000,"replayCount":9,"preTick":3412,"postTick":3412,"serverTick":3403,"ackSeq":1946,"simTick":3698},"timestamp":1782243073908}
{"sessionId":"3f83e2","runId":"post-fix7","hypothesisId":"H1","location":"Starship.NetworkMotor:ReconcileOwnerFromServer","message":"owner_reconcile","data":{"preSnapErr":0.0000,"replayCount":10,"preTick":3415,"postTick":3415,"serverTick":3405,"ackSeq":1948,"simTick":3701},"timestamp":1782243073955}
{"sessionId":"3f83e2","runId":"post-fix7","hypothesisId":"H1","location":"Starship.NetworkMotor:ReconcileOwnerFromServer","message":"owner_reconcile","data":{"preSnapErr":0.0000,"replayCount":9,"preTick":3416,"postTick":3416,"serverTick":3407,"ackSeq":1950,"simTick":3702},"timestamp":1782243073976}
{"sessionId":"3f83e2","runId":"post-fix7","hypothesisId":"H1","location":"Starship.NetworkMotor:ReconcileOwnerFromServer","message":"owner_reconcile","data":{"preSnapErr":0.0000,"replayCount":9,"preTick":3418,"postTick":3418,"serverTick":3409,"ackSeq":1952,"simTick":3704},"timestamp":1782243074020}
{"sessionId":"3f83e2","runId":"post-fix7","hypothesisId":"H1","location":"Starship.NetworkMotor:ReconcileOwnerFromServer","message":"owner_reconcile","data":{"preSnapErr":0.0000,"replayCount":9,"preTick":3420,"postTick":3420,"serverTick":3411,"ackSeq":1954,"simTick":3706},"timestamp":1782243074065}
{"sessionId":"3f83e2","runId":"post-fix7","hypothesisId":"H1","location":"Starship.NetworkMotor:ReconcileOwnerFromServer","message":"owner_reconcile","data":{"preSnapErr":0.0000,"replayCount":9,"preTick":3421,"postTick":3421,"serverTick":3412,"ackSeq":1955,"simTick":3707},"timestamp":1782243074088}
{"sessionId":"3f83e2","runId":"post-fix7","hypothesisId":"H3","location":"Starship.NetworkMotor:ApplyRemoteMotorSnapshotVisuals","message":"remote_display","data":{"renderTickF":3411.094,"latestTick":3412,"simTick":3708,"bufCount":48,"extrapolating":0,"frameDelta":0.4416,"speed":F3},"timestamp":1782243074100}
{"sessionId":"3f83e2","runId":"post-fix7","hypothesisId":"H1","location":"Starship.NetworkMotor:ReconcileOwnerFromServer","message":"owner_reconcile","data":{"preSnapErr":0.0000,"replayCount":10,"preTick":3423,"postTick":3423,"serverTick":3413,"ackSeq":1956,"simTick":3709},"timestamp":1782243074113}
{"sessionId":"3f83e2","runId":"post-fix7","hypothesisId":"H1","location":"Starship.NetworkMotor:ReconcileOwnerFromServer","message":"owner_reconcile","data":{"preSnapErr":0.0000,"replayCount":9,"preTick":3424,"postTick":3424,"serverTick":3415,"ackSeq":1958,"simTick":3710},"timestamp":1782243074137}
{"sessionId":"3f83e2","runId":"post-fix7","hypothesisId":"H5","location":"Starship.NetworkMotor:ApplyOwnerPredictedMotorVisuals","message":"owner_display","data":{"alpha":0.512,"renderSpan":0.0000,"frameDelta":0.0000,"speed":F3},"timestamp":1782243074144}
{"sessionId":"3f83e2","runId":"post-fix7","hypothesisId":"H1","location":"Starship.NetworkMotor:ReconcileOwnerFromServer","message":"owner_reconcile","data":{"preSnapErr":0.0000,"replayCount":9,"preTick":3426,"postTick":3426,"serverTick":3417,"ackSeq":1960,"simTick":3712},"timestamp":1782243074180}
{"sessionId":"3f83e2","runId":"post-fix7","hypothesisId":"H1","location":"Starship.NetworkMotor:ReconcileOwnerFromServer","message":"owner_reconcile","data":{"preSnapErr":0.0000,"replayCount":9,"preTick":3427,"postTick":3427,"serverTick":3418,"ackSeq":1961,"simTick":3713},"timestamp":1782243074202}
{"sessionId":"3f83e2","runId":"post-fix7","hypothesisId":"H1","location":"Starship.NetworkMotor:ReconcileOwnerFromServer","message":"owner_reconcile","data":{"preSnapErr":0.0000,"replayCount":9,"preTick":3429,"postTick":3429,"serverTick":3420,"ackSeq":1963,"simTick":3715},"timestamp":1782243074248}
{"sessionId":"3f83e2","runId":"post-fix7","hypothesisId":"H2","location":"Starship.NetworkMotor:ClientPredictMotorFixedStep","message":"owner_predict","data":{"tick":3432,"simTick":3717,"serverClock":3723,"tickLead":-285,"speed":0.000,"thrust":0},"timestamp":1782243074273}
{"sessionId":"3f83e2","runId":"post-fix7","hypothesisId":"H1","location":"Starship.NetworkMotor:ReconcileOwnerFromServer","message":"owner_reconcile","data":{"preSnapErr":0.0000,"replayCount":10,"preTick":3432,"postTick":3432,"serverTick":3422,"ackSeq":1965,"simTick":3718},"timestamp":1782243074297}
{"sessionId":"3f83e2","runId":"post-fix7","hypothesisId":"H1","location":"Starship.NetworkMotor:ReconcileOwnerFromServer","message":"owner_reconcile","data":{"preSnapErr":0.0000,"replayCount":9,"preTick":3433,"postTick":3433,"serverTick":3424,"ackSeq":1967,"simTick":3719},"timestamp":1782243074319}
{"sessionId":"3f83e2","runId":"post-fix7","hypothesisId":"H1","location":"Starship.NetworkMotor:ReconcileOwnerFromServer","message":"owner_reconcile","data":{"preSnapErr":0.0000,"replayCount":10,"preTick":3435,"postTick":3435,"serverTick":3425,"ackSeq":1968,"simTick":3721},"timestamp":1782243074362}
{"sessionId":"3f83e2","runId":"post-fix7","hypothesisId":"H3","location":"Starship.NetworkMotor:ApplyRemoteMotorSnapshotVisuals","message":"remote_display","data":{"renderTickF":3424.783,"latestTick":3425,"simTick":3722,"bufCount":48,"extrapolating":0,"frameDelta":0.8225,"speed":F3},"timestamp":1782243074371}
{"sessionId":"3f83e2","runId":"post-fix7","hypothesisId":"H1","location":"Starship.NetworkMotor:ReconcileOwnerFromServer","message":"owner_reconcile","data":{"preSnapErr":0.0000,"replayCount":9,"preTick":3436,"postTick":3436,"serverTick":3427,"ackSeq":1970,"simTick":3722},"timestamp":1782243074386}
{"sessionId":"3f83e2","runId":"post-fix7","hypothesisId":"H5","location":"Starship.NetworkMotor:ApplyOwnerPredictedMotorVisuals","message":"owner_display","data":{"alpha":0.074,"renderSpan":0.0000,"frameDelta":0.0000,"speed":F3},"timestamp":1782243074416}
{"sessionId":"3f83e2","runId":"post-fix7","hypothesisId":"H1","location":"Starship.NetworkMotor:ReconcileOwnerFromServer","message":"owner_reconcile","data":{"preSnapErr":0.0000,"replayCount":10,"preTick":3439,"postTick":3439,"serverTick":3429,"ackSeq":1972,"simTick":3725},"timestamp":1782243074433}
{"sessionId":"3f83e2","runId":"post-fix7","hypothesisId":"H1","location":"Starship.NetworkMotor:ReconcileOwnerFromServer","message":"owner_reconcile","data":{"preSnapErr":0.0000,"replayCount":10,"preTick":3440,"postTick":3440,"serverTick":3430,"ackSeq":1973,"simTick":3726},"timestamp":1782243074459}
{"sessionId":"3f83e2","runId":"post-fix7","hypothesisId":"H1","location":"Starship.NetworkMotor:ReconcileOwnerFromServer","message":"owner_reconcile","data":{"preSnapErr":0.0000,"replayCount":9,"preTick":3441,"postTick":3441,"serverTick":3432,"ackSeq":1975,"simTick":3727},"timestamp":1782243074480}
{"sessionId":"3f83e2","runId":"post-fix7","hypothesisId":"H1","location":"Starship.NetworkMotor:ReconcileOwnerFromServer","message":"owner_reconcile","data":{"preSnapErr":0.0000,"replayCount":9,"preTick":3443,"postTick":3443,"serverTick":3434,"ackSeq":1977,"simTick":3729},"timestamp":1782243074523}
{"sessionId":"3f83e2","runId":"post-fix7","hypothesisId":"H1","location":"Starship.NetworkMotor:ReconcileOwnerFromServer","message":"owner_reconcile","data":{"preSnapErr":0.0000,"replayCount":9,"preTick":3444,"postTick":3444,"serverTick":3435,"ackSeq":1978,"simTick":3730},"timestamp":1782243074545}
{"sessionId":"3f83e2","runId":"post-fix7","hypothesisId":"H1","location":"Starship.NetworkMotor:ReconcileOwnerFromServer","message":"owner_reconcile","data":{"preSnapErr":0.0000,"replayCount":10,"preTick":3447,"postTick":3447,"serverTick":3437,"ackSeq":1980,"simTick":3733},"timestamp":1782243074591}
{"sessionId":"3f83e2","runId":"post-fix7","hypothesisId":"H1","location":"Starship.NetworkMotor:ReconcileOwnerFromServer","message":"owner_reconcile","data":{"preSnapErr":0.0000,"replayCount":10,"preTick":3449,"postTick":3449,"serverTick":3439,"ackSeq":1982,"simTick":3735},"timestamp":1782243074633}
{"sessionId":"3f83e2","runId":"post-fix7","hypothesisId":"H3","location":"Starship.NetworkMotor:ApplyRemoteMotorSnapshotVisuals","message":"remote_display","data":{"renderTickF":3438.304,"latestTick":3439,"simTick":3735,"bufCount":48,"extrapolating":0,"frameDelta":2.5326,"speed":F3},"timestamp":1782243074642}
{"sessionId":"3f83e2","runId":"post-fix7","hypothesisId":"H1","location":"Starship.NetworkMotor:ReconcileOwnerFromServer","message":"owner_reconcile","data":{"preSnapErr":0.0000,"replayCount":10,"preTick":3450,"postTick":3450,"serverTick":3440,"ackSeq":1983,"simTick":3737},"timestamp":1782243074656}
{"sessionId":"3f83e2","runId":"post-fix7","hypothesisId":"H1","location":"Starship.NetworkMotor:ReconcileOwnerFromServer","message":"owner_reconcile","data":{"preSnapErr":0.0000,"replayCount":9,"preTick":3451,"postTick":3451,"serverTick":3442,"ackSeq":1985,"simTick":3738},"timestamp":1782243074684}
{"sessionId":"3f83e2","runId":"post-fix7","hypothesisId":"H5","location":"Starship.NetworkMotor:ApplyOwnerPredictedMotorVisuals","message":"owner_display","data":{"alpha":0.854,"renderSpan":0.0000,"frameDelta":0.0000,"speed":F3},"timestamp":1782243074692}
{"sessionId":"3f83e2","runId":"post-fix7","hypothesisId":"H1","location":"Starship.NetworkMotor:ReconcileOwnerFromServer","message":"owner_reconcile","data":{"preSnapErr":0.0000,"replayCount":9,"preTick":3452,"postTick":3452,"serverTick":3443,"ackSeq":1986,"simTick":3739},"timestamp":1782243074707}
{"sessionId":"3f83e2","runId":"post-fix7","hypothesisId":"H1","location":"Starship.NetworkMotor:ReconcileOwnerFromServer","message":"owner_reconcile","data":{"preSnapErr":0.0000,"replayCount":10,"preTick":3455,"postTick":3455,"serverTick":3445,"ackSeq":1988,"simTick":3742},"timestamp":1782243074753}
{"sessionId":"3f83e2","runId":"post-fix7","hypothesisId":"H2","location":"Starship.NetworkMotor:ClientPredictMotorFixedStep","message":"owner_predict","data":{"tick":3457,"simTick":3743,"serverClock":3748,"tickLead":-286,"speed":0.000,"thrust":0},"timestamp":1782243074775}
{"sessionId":"3f83e2","runId":"post-fix7","hypothesisId":"H1","location":"Starship.NetworkMotor:ReconcileOwnerFromServer","message":"owner_reconcile","data":{"preSnapErr":0.0000,"replayCount":10,"preTick":3457,"postTick":3457,"serverTick":3447,"ackSeq":1990,"simTick":3744},"timestamp":1782243074797}
{"sessionId":"3f83e2","runId":"post-fix7","hypothesisId":"H1","location":"Starship.NetworkMotor:ReconcileOwnerFromServer","message":"owner_reconcile","data":{"preSnapErr":0.0000,"replayCount":9,"preTick":3458,"postTick":3458,"serverTick":3449,"ackSeq":1992,"simTick":3745},"timestamp":1782243074820}
{"sessionId":"3f83e2","runId":"post-fix7","hypothesisId":"H1","location":"Starship.NetworkMotor:ReconcileOwnerFromServer","message":"owner_reconcile","data":{"preSnapErr":0.0000,"replayCount":10,"preTick":3460,"postTick":3460,"serverTick":3450,"ackSeq":1993,"simTick":3747},"timestamp":1782243074864}
{"sessionId":"3f83e2","runId":"post-fix7","hypothesisId":"H1","location":"Starship.NetworkMotor:ReconcileOwnerFromServer","message":"owner_reconcile","data":{"preSnapErr":0.0000,"replayCount":9,"preTick":3461,"postTick":3461,"serverTick":3452,"ackSeq":1995,"simTick":3748},"timestamp":1782243074893}
{"sessionId":"3f83e2","runId":"post-fix7","hypothesisId":"H1","location":"Starship.NetworkMotor:ReconcileOwnerFromServer","message":"owner_reconcile","data":{"preSnapErr":0.0000,"replayCount":9,"preTick":3463,"postTick":3463,"serverTick":3454,"ackSeq":1997,"simTick":3750},"timestamp":1782243074918}
{"sessionId":"3f83e2","runId":"post-fix7","hypothesisId":"H3","location":"Starship.NetworkMotor:ApplyRemoteMotorSnapshotVisuals","message":"remote_display","data":{"renderTickF":3453.543,"latestTick":3454,"simTick":3750,"bufCount":48,"extrapolating":0,"frameDelta":3.5636,"speed":F3},"timestamp":1782243074925}
{"sessionId":"3f83e2","runId":"post-fix7","hypothesisId":"H1","location":"Starship.NetworkMotor:ReconcileOwnerFromServer","message":"owner_reconcile","data":{"preSnapErr":0.0000,"replayCount":10,"preTick":3465,"postTick":3465,"serverTick":3455,"ackSeq":1998,"simTick":3752},"timestamp":1782243074962}
{"sessionId":"3f83e2","runId":"post-fix7","hypothesisId":"H5","location":"Starship.NetworkMotor:ApplyOwnerPredictedMotorVisuals","message":"owner_display","data":{"alpha":0.794,"renderSpan":0.0000,"frameDelta":0.0000,"speed":F3},"timestamp":1782243074971}
{"sessionId":"3f83e2","runId":"post-fix7","hypothesisId":"H1","location":"Starship.NetworkMotor:ReconcileOwnerFromServer","message":"owner_reconcile","data":{"preSnapErr":0.0000,"replayCount":9,"preTick":3466,"postTick":3466,"serverTick":3457,"ackSeq":2000,"simTick":3753},"timestamp":1782243074985}
{"sessionId":"3f83e2","runId":"post-fix7","hypothesisId":"H1","location":"Starship.NetworkMotor:ReconcileOwnerFromServer","message":"owner_reconcile","data":{"preSnapErr":0.0000,"replayCount":9,"preTick":3468,"postTick":3468,"serverTick":3459,"ackSeq":2002,"simTick":3755},"timestamp":1782243075027}
{"sessionId":"3f83e2","runId":"post-fix7","hypothesisId":"H1","location":"Starship.NetworkMotor:ReconcileOwnerFromServer","message":"owner_reconcile","data":{"preSnapErr":0.0000,"replayCount":10,"preTick":3470,"postTick":3470,"serverTick":3460,"ackSeq":2003,"simTick":3757},"timestamp":1782243075050}
{"sessionId":"3f83e2","runId":"post-fix7","hypothesisId":"H1","location":"Starship.NetworkMotor:ReconcileOwnerFromServer","message":"owner_reconcile","data":{"preSnapErr":0.0000,"replayCount":10,"preTick":3472,"postTick":3472,"serverTick":3462,"ackSeq":2005,"simTick":3759},"timestamp":1782243075099}
{"sessionId":"3f83e2","runId":"post-fix7","hypothesisId":"H1","location":"Starship.NetworkMotor:ReconcileOwnerFromServer","message":"owner_reconcile","data":{"preSnapErr":0.0000,"replayCount":10,"preTick":3473,"postTick":3473,"serverTick":3463,"ackSeq":2006,"simTick":3760},"timestamp":1782243075120}
{"sessionId":"3f83e2","runId":"post-fix7","hypothesisId":"H1","location":"Starship.NetworkMotor:ReconcileOwnerFromServer","message":"owner_reconcile","data":{"preSnapErr":0.0000,"replayCount":9,"preTick":3474,"postTick":3474,"serverTick":3465,"ackSeq":2008,"simTick":3761},"timestamp":1782243075142}
{"sessionId":"3f83e2","runId":"post-fix7","hypothesisId":"H1","location":"Starship.NetworkMotor:ReconcileOwnerFromServer","message":"owner_reconcile","data":{"preSnapErr":0.0000,"replayCount":9,"preTick":3476,"postTick":3476,"serverTick":3467,"ackSeq":2010,"simTick":3763},"timestamp":1782243075184}
{"sessionId":"3f83e2","runId":"post-fix7","hypothesisId":"H3","location":"Starship.NetworkMotor:ApplyRemoteMotorSnapshotVisuals","message":"remote_display","data":{"renderTickF":3466.895,"latestTick":3467,"simTick":3764,"bufCount":48,"extrapolating":0,"frameDelta":2.9993,"speed":F3},"timestamp":1782243075192}
{"sessionId":"3f83e2","runId":"post-fix7","hypothesisId":"H1","location":"Starship.NetworkMotor:ReconcileOwnerFromServer","message":"owner_reconcile","data":{"preSnapErr":0.0000,"replayCount":10,"preTick":3479,"postTick":3479,"serverTick":3469,"ackSeq":2012,"simTick":3766},"timestamp":1782243075230}
{"sessionId":"3f83e2","runId":"post-fix7","hypothesisId":"H5","location":"Starship.NetworkMotor:ApplyOwnerPredictedMotorVisuals","message":"owner_display","data":{"alpha":0.176,"renderSpan":0.0000,"frameDelta":0.0000,"speed":F3},"timestamp":1782243075238}
{"sessionId":"3f83e2","runId":"post-fix7","hypothesisId":"H1","location":"Starship.NetworkMotor:ReconcileOwnerFromServer","message":"owner_reconcile","data":{"preSnapErr":0.0000,"replayCount":10,"preTick":3480,"postTick":3480,"serverTick":3470,"ackSeq":2013,"simTick":3767},"timestamp":1782243075253}
{"sessionId":"3f83e2","runId":"post-fix7","hypothesisId":"H2","location":"Starship.NetworkMotor:ClientPredictMotorFixedStep","message":"owner_predict","data":{"tick":3482,"simTick":3768,"serverClock":3773,"tickLead":-286,"speed":0.000,"thrust":0},"timestamp":1782243075274}
{"sessionId":"3f83e2","runId":"post-fix7","hypothesisId":"H1","location":"Starship.NetworkMotor:ReconcileOwnerFromServer","message":"owner_reconcile","data":{"preSnapErr":0.0000,"replayCount":10,"preTick":3482,"postTick":3482,"serverTick":3472,"ackSeq":2015,"simTick":3769},"timestamp":1782243075300}
{"sessionId":"3f83e2","runId":"post-fix7","hypothesisId":"H1","location":"Starship.NetworkMotor:ReconcileOwnerFromServer","message":"owner_reconcile","data":{"preSnapErr":0.0000,"replayCount":10,"preTick":3483,"postTick":3483,"serverTick":3473,"ackSeq":2016,"simTick":3770},"timestamp":1782243075321}
{"sessionId":"3f83e2","runId":"post-fix7","hypothesisId":"H1","location":"Starship.NetworkMotor:ReconcileOwnerFromServer","message":"owner_reconcile","data":{"preSnapErr":0.0000,"replayCount":9,"preTick":3484,"postTick":3484,"serverTick":3475,"ackSeq":2018,"simTick":3771},"timestamp":1782243075343}
{"sessionId":"3f83e2","runId":"post-fix7","hypothesisId":"H1","location":"Starship.NetworkMotor:ReconcileOwnerFromServer","message":"owner_reconcile","data":{"preSnapErr":0.0000,"replayCount":9,"preTick":3486,"postTick":3486,"serverTick":3477,"ackSeq":2020,"simTick":3773},"timestamp":1782243075386}
{"sessionId":"3f83e2","runId":"post-fix7","hypothesisId":"H1","location":"Starship.NetworkMotor:ReconcileOwnerFromServer","message":"owner_reconcile","data":{"preSnapErr":0.0000,"replayCount":10,"preTick":3490,"postTick":3490,"serverTick":3480,"ackSeq":2023,"simTick":3777},"timestamp":1782243075451}
{"sessionId":"3f83e2","runId":"post-fix7","hypothesisId":"H3","location":"Starship.NetworkMotor:ApplyRemoteMotorSnapshotVisuals","message":"remote_display","data":{"renderTickF":3479.228,"latestTick":3480,"simTick":3777,"bufCount":48,"extrapolating":0,"frameDelta":2.0349,"speed":F3},"timestamp":1782243075460}
{"sessionId":"3f83e2","runId":"post-fix7","hypothesisId":"H1","location":"Starship.NetworkMotor:ReconcileOwnerFromServer","message":"owner_reconcile","data":{"preSnapErr":0.0000,"replayCount":10,"preTick":3492,"postTick":3492,"serverTick":3482,"ackSeq":2025,"simTick":3779},"timestamp":1782243075494}
{"sessionId":"3f83e2","runId":"post-fix7","hypothesisId":"H5","location":"Starship.NetworkMotor:ApplyOwnerPredictedMotorVisuals","message":"owner_display","data":{"alpha":0.413,"renderSpan":0.0000,"frameDelta":0.0000,"speed":F3},"timestamp":1782243075503}
{"sessionId":"3f83e2","runId":"post-fix7","hypothesisId":"H1","location":"Starship.NetworkMotor:ReconcileOwnerFromServer","message":"owner_reconcile","data":{"preSnapErr":0.0000,"replayCount":10,"preTick":3493,"postTick":3493,"serverTick":3483,"ackSeq":2026,"simTick":3780},"timestamp":1782243075524}
{"sessionId":"3f83e2","runId":"post-fix7","hypothesisId":"H1","location":"Starship.NetworkMotor:ReconcileOwnerFromServer","message":"owner_reconcile","data":{"preSnapErr":0.0000,"replayCount":9,"preTick":3494,"postTick":3494,"serverTick":3485,"ackSeq":2028,"simTick":3781},"timestamp":1782243075546}
{"sessionId":"3f83e2","runId":"post-fix7","hypothesisId":"H1","location":"Starship.NetworkMotor:ReconcileOwnerFromServer","message":"owner_reconcile","data":{"preSnapErr":0.0000,"replayCount":10,"preTick":3497,"postTick":3497,"serverTick":3487,"ackSeq":2030,"simTick":3784},"timestamp":1782243075591}
{"sessionId":"3f83e2","runId":"post-fix7","hypothesisId":"H1","location":"Starship.NetworkMotor:ReconcileOwnerFromServer","message":"owner_reconcile","data":{"preSnapErr":0.0000,"replayCount":9,"preTick":3498,"postTick":3498,"serverTick":3489,"ackSeq":2032,"simTick":3785},"timestamp":1782243075615}
{"sessionId":"3f83e2","runId":"post-fix7","hypothesisId":"H1","location":"Starship.NetworkMotor:ReconcileOwnerFromServer","message":"owner_reconcile","data":{"preSnapErr":0.0000,"replayCount":10,"preTick":3500,"postTick":3500,"serverTick":3490,"ackSeq":2033,"simTick":3787},"timestamp":1782243075659}
{"sessionId":"3f83e2","runId":"post-fix7","hypothesisId":"H1","location":"Starship.NetworkMotor:ReconcileOwnerFromServer","message":"owner_reconcile","data":{"preSnapErr":0.0000,"replayCount":9,"preTick":3502,"postTick":3502,"serverTick":3493,"ackSeq":2036,"simTick":3789},"timestamp":1782243075702}
{"sessionId":"3f83e2","runId":"post-fix7","hypothesisId":"H3","location":"Starship.NetworkMotor:ApplyRemoteMotorSnapshotVisuals","message":"remote_display","data":{"renderTickF":3492.182,"latestTick":3493,"simTick":3791,"bufCount":48,"extrapolating":0,"frameDelta":0.8156,"speed":F3},"timestamp":1782243075738}
{"sessionId":"3f83e2","runId":"post-fix7","hypothesisId":"H1","location":"Starship.NetworkMotor:ReconcileOwnerFromServer","message":"owner_reconcile","data":{"preSnapErr":0.0000,"replayCount":10,"preTick":3505,"postTick":3505,"serverTick":3495,"ackSeq":2038,"simTick":3792},"timestamp":1782243075752}
{"sessionId":"3f83e2","runId":"post-fix7","hypothesisId":"H1","location":"Starship.NetworkMotor:ReconcileOwnerFromServer","message":"owner_reconcile","data":{"preSnapErr":0.0000,"replayCount":9,"preTick":3506,"postTick":3506,"serverTick":3497,"ackSeq":2040,"simTick":3793},"timestamp":1782243075777}
{"sessionId":"3f83e2","runId":"post-fix7","hypothesisId":"H2","location":"Starship.NetworkMotor:ClientPredictMotorFixedStep","message":"owner_predict","data":{"tick":3507,"simTick":3793,"serverClock":3798,"tickLead":-286,"speed":0.000,"thrust":0},"timestamp":1782243075777}
{"sessionId":"3f83e2","runId":"post-fix7","hypothesisId":"H5","location":"Starship.NetworkMotor:ApplyOwnerPredictedMotorVisuals","message":"owner_display","data":{"alpha":0.537,"renderSpan":0.0000,"frameDelta":0.0000,"speed":F3},"timestamp":1782243075786}
{"sessionId":"3f83e2","runId":"post-fix7","hypothesisId":"H1","location":"Starship.NetworkMotor:ReconcileOwnerFromServer","message":"owner_reconcile","data":{"preSnapErr":0.0000,"replayCount":9,"preTick":3508,"postTick":3508,"serverTick":3499,"ackSeq":2042,"simTick":3795},"timestamp":1782243075824}
{"sessionId":"3f83e2","runId":"post-fix7","hypothesisId":"H1","location":"Starship.NetworkMotor:ReconcileOwnerFromServer","message":"owner_reconcile","data":{"preSnapErr":0.0000,"replayCount":9,"preTick":3509,"postTick":3509,"serverTick":3500,"ackSeq":2043,"simTick":3796},"timestamp":1782243075848}
{"sessionId":"3f83e2","runId":"post-fix7","hypothesisId":"H1","location":"Starship.NetworkMotor:ReconcileOwnerFromServer","message":"owner_reconcile","data":{"preSnapErr":0.0000,"replayCount":10,"preTick":3512,"postTick":3512,"serverTick":3502,"ackSeq":2045,"simTick":3800},"timestamp":1782243075895}
{"sessionId":"3f83e2","runId":"post-fix7","hypothesisId":"H1","location":"Starship.NetworkMotor:ReconcileOwnerFromServer","message":"owner_reconcile","data":{"preSnapErr":0.0000,"replayCount":10,"preTick":3513,"postTick":3513,"serverTick":3503,"ackSeq":2046,"simTick":3801},"timestamp":1782243075918}
{"sessionId":"3f83e2","runId":"post-fix7","hypothesisId":"H1","location":"Starship.NetworkMotor:ReconcileOwnerFromServer","message":"owner_reconcile","data":{"preSnapErr":0.0000,"replayCount":9,"preTick":3514,"postTick":3514,"serverTick":3505,"ackSeq":2048,"simTick":3802},"timestamp":1782243075945}
{"sessionId":"3f83e2","runId":"post-fix7","hypothesisId":"H1","location":"Starship.NetworkMotor:ReconcileOwnerFromServer","message":"owner_reconcile","data":{"preSnapErr":0.0000,"replayCount":10,"preTick":3517,"postTick":3517,"serverTick":3507,"ackSeq":2050,"simTick":3805},"timestamp":1782243075990}
{"sessionId":"3f83e2","runId":"post-fix7","hypothesisId":"H1","location":"Starship.NetworkMotor:ReconcileOwnerFromServer","message":"owner_reconcile","data":{"preSnapErr":0.0000,"replayCount":9,"preTick":3518,"postTick":3518,"serverTick":3509,"ackSeq":2052,"simTick":3806},"timestamp":1782243076012}
{"sessionId":"3f83e2","runId":"post-fix7","hypothesisId":"H3","location":"Starship.NetworkMotor:ApplyRemoteMotorSnapshotVisuals","message":"remote_display","data":{"renderTickF":3508.278,"latestTick":3509,"simTick":3806,"bufCount":48,"extrapolating":0,"frameDelta":0.0919,"speed":F3},"timestamp":1782243076020}
{"sessionId":"3f83e2","runId":"post-fix7","hypothesisId":"H1","location":"Starship.NetworkMotor:ReconcileOwnerFromServer","message":"owner_reconcile","data":{"preSnapErr":0.0000,"replayCount":10,"preTick":3520,"postTick":3520,"serverTick":3510,"ackSeq":2053,"simTick":3808},"timestamp":1782243076056}
{"sessionId":"3f83e2","runId":"post-fix7","hypothesisId":"H5","location":"Starship.NetworkMotor:ApplyOwnerPredictedMotorVisuals","message":"owner_display","data":{"alpha":0.488,"renderSpan":0.0000,"frameDelta":0.0000,"speed":F3},"timestamp":1782243076064}
{"sessionId":"3f83e2","runId":"post-fix7","hypothesisId":"H1","location":"Starship.NetworkMotor:ReconcileOwnerFromServer","message":"owner_reconcile","data":{"preSnapErr":0.0000,"replayCount":10,"preTick":3522,"postTick":3522,"serverTick":3512,"ackSeq":2055,"simTick":3810},"timestamp":1782243076100}
{"sessionId":"3f83e2","runId":"post-fix7","hypothesisId":"H1","location":"Starship.NetworkMotor:ReconcileOwnerFromServer","message":"owner_reconcile","data":{"preSnapErr":0.0000,"replayCount":9,"preTick":3523,"postTick":3523,"serverTick":3514,"ackSeq":2057,"simTick":3811},"timestamp":1782243076121}
{"sessionId":"3f83e2","runId":"post-fix7","hypothesisId":"H1","location":"Starship.NetworkMotor:ReconcileOwnerFromServer","message":"owner_reconcile","data":{"preSnapErr":0.0000,"replayCount":9,"preTick":3525,"postTick":3525,"serverTick":3516,"ackSeq":2059,"simTick":3813},"timestamp":1782243076164}
{"sessionId":"3f83e2","runId":"post-fix7","hypothesisId":"H1","location":"Starship.NetworkMotor:ReconcileOwnerFromServer","message":"owner_reconcile","data":{"preSnapErr":0.0000,"replayCount":10,"preTick":3528,"postTick":3528,"serverTick":3518,"ackSeq":2061,"simTick":3816},"timestamp":1782243076224}
{"sessionId":"3f83e2","runId":"post-fix7","hypothesisId":"H1","location":"Starship.NetworkMotor:ReconcileOwnerFromServer","message":"owner_reconcile","data":{"preSnapErr":0.0000,"replayCount":9,"preTick":3529,"postTick":3529,"serverTick":3520,"ackSeq":2063,"simTick":3817},"timestamp":1782243076248}
{"sessionId":"3f83e2","runId":"post-fix7","hypothesisId":"H2","location":"Starship.NetworkMotor:ClientPredictMotorFixedStep","message":"owner_predict","data":{"tick":3532,"simTick":3819,"serverClock":3823,"tickLead":-287,"speed":0.000,"thrust":0},"timestamp":1782243076270}
{"sessionId":"3f83e2","runId":"post-fix7","hypothesisId":"H3","location":"Starship.NetworkMotor:ApplyRemoteMotorSnapshotVisuals","message":"remote_display","data":{"renderTickF":3519.227,"latestTick":3520,"simTick":3819,"bufCount":48,"extrapolating":0,"frameDelta":0.0000,"speed":F3},"timestamp":1782243076278}
{"sessionId":"3f83e2","runId":"post-fix7","hypothesisId":"H1","location":"Starship.NetworkMotor:ReconcileOwnerFromServer","message":"owner_reconcile","data":{"preSnapErr":0.0000,"replayCount":10,"preTick":3532,"postTick":3532,"serverTick":3522,"ackSeq":2065,"simTick":3820},"timestamp":1782243076291}
{"sessionId":"3f83e2","runId":"post-fix7","hypothesisId":"H1","location":"Starship.NetworkMotor:ReconcileOwnerFromServer","message":"owner_reconcile","data":{"preSnapErr":0.0000,"replayCount":9,"preTick":3533,"postTick":3533,"serverTick":3524,"ackSeq":2067,"simTick":3821},"timestamp":1782243076315}
{"sessionId":"3f83e2","runId":"post-fix7","hypothesisId":"H5","location":"Starship.NetworkMotor:ApplyOwnerPredictedMotorVisuals","message":"owner_display","data":{"alpha":0.423,"renderSpan":0.0000,"frameDelta":0.0000,"speed":F3},"timestamp":1782243076322}
{"sessionId":"3f83e2","runId":"post-fix7","hypothesisId":"H1","location":"Starship.NetworkMotor:ReconcileOwnerFromServer","message":"owner_reconcile","data":{"preSnapErr":0.0000,"replayCount":10,"preTick":3535,"postTick":3535,"serverTick":3525,"ackSeq":2068,"simTick":3823},"timestamp":1782243076362}
{"sessionId":"3f83e2","runId":"post-fix7","hypothesisId":"H1","location":"Starship.NetworkMotor:ReconcileOwnerFromServer","message":"owner_reconcile","data":{"preSnapErr":0.0000,"replayCount":9,"preTick":3536,"postTick":3536,"serverTick":3527,"ackSeq":2070,"simTick":3824},"timestamp":1782243076383}
{"sessionId":"3f83e2","runId":"post-fix7","hypothesisId":"H1","location":"Starship.NetworkMotor:ReconcileOwnerFromServer","message":"owner_reconcile","data":{"preSnapErr":0.0000,"replayCount":10,"preTick":3539,"postTick":3539,"serverTick":3529,"ackSeq":2072,"simTick":3827},"timestamp":1782243076429}
{"sessionId":"3f83e2","runId":"post-fix7","hypothesisId":"H1","location":"Starship.NetworkMotor:ReconcileOwnerFromServer","message":"owner_reconcile","data":{"preSnapErr":0.0000,"replayCount":10,"preTick":3540,"postTick":3540,"serverTick":3530,"ackSeq":2073,"simTick":3828},"timestamp":1782243076450}
{"sessionId":"3f83e2","runId":"post-fix7","hypothesisId":"H1","location":"Starship.NetworkMotor:ReconcileOwnerFromServer","message":"owner_reconcile","data":{"preSnapErr":0.0000,"replayCount":9,"preTick":3541,"postTick":3541,"serverTick":3532,"ackSeq":2075,"simTick":3829},"timestamp":1782243076473}
{"sessionId":"3f83e2","runId":"post-fix7","hypothesisId":"H1","location":"Starship.NetworkMotor:ReconcileOwnerFromServer","message":"owner_reconcile","data":{"preSnapErr":0.0000,"replayCount":9,"preTick":3543,"postTick":3543,"serverTick":3534,"ackSeq":2077,"simTick":3831},"timestamp":1782243076515}
{"sessionId":"3f83e2","runId":"post-fix7","hypothesisId":"H3","location":"Starship.NetworkMotor:ApplyRemoteMotorSnapshotVisuals","message":"remote_display","data":{"renderTickF":3533.537,"latestTick":3534,"simTick":3832,"bufCount":48,"extrapolating":0,"frameDelta":0.3108,"speed":F3},"timestamp":1782243076546}
{"sessionId":"3f83e2","runId":"post-fix7","hypothesisId":"H1","location":"Starship.NetworkMotor:ReconcileOwnerFromServer","message":"owner_reconcile","data":{"preSnapErr":0.0000,"replayCount":10,"preTick":3545,"postTick":3545,"serverTick":3535,"ackSeq":2078,"simTick":3833},"timestamp":1782243076560}
{"sessionId":"3f83e2","runId":"post-fix7","hypothesisId":"H1","location":"Starship.NetworkMotor:ReconcileOwnerFromServer","message":"owner_reconcile","data":{"preSnapErr":0.0000,"replayCount":9,"preTick":3546,"postTick":3546,"serverTick":3537,"ackSeq":2080,"simTick":3834},"timestamp":1782243076585}
{"sessionId":"3f83e2","runId":"post-fix7","hypothesisId":"H5","location":"Starship.NetworkMotor:ApplyOwnerPredictedMotorVisuals","message":"owner_display","data":{"alpha":0.928,"renderSpan":0.0000,"frameDelta":0.0000,"speed":F3},"timestamp":1782243076593}
{"sessionId":"3f83e2","runId":"post-fix7","hypothesisId":"H1","location":"Starship.NetworkMotor:ReconcileOwnerFromServer","message":"owner_reconcile","data":{"preSnapErr":0.0000,"replayCount":10,"preTick":3549,"postTick":3549,"serverTick":3539,"ackSeq":2082,"simTick":3837},"timestamp":1782243076630}
{"sessionId":"3f83e2","runId":"post-fix7","hypothesisId":"H1","location":"Starship.NetworkMotor:ReconcileOwnerFromServer","message":"owner_reconcile","data":{"preSnapErr":0.0000,"replayCount":9,"preTick":3550,"postTick":3550,"serverTick":3541,"ackSeq":2084,"simTick":3838},"timestamp":1782243076654}
{"sessionId":"3f83e2","runId":"post-fix7","hypothesisId":"H1","location":"Starship.NetworkMotor:ReconcileOwnerFromServer","message":"owner_reconcile","data":{"preSnapErr":0.0000,"replayCount":10,"preTick":3553,"postTick":3553,"serverTick":3543,"ackSeq":2086,"simTick":3841},"timestamp":1782243076718}
{"sessionId":"3f83e2","runId":"post-fix7","hypothesisId":"H1","location":"Starship.NetworkMotor:ReconcileOwnerFromServer","message":"owner_reconcile","data":{"preSnapErr":0.0000,"replayCount":9,"preTick":3554,"postTick":3554,"serverTick":3545,"ackSeq":2088,"simTick":3842},"timestamp":1782243076738}
{"sessionId":"3f83e2","runId":"post-fix7","hypothesisId":"H1","location":"Starship.NetworkMotor:ReconcileOwnerFromServer","message":"owner_reconcile","data":{"preSnapErr":0.0000,"replayCount":9,"preTick":3556,"postTick":3556,"serverTick":3547,"ackSeq":2090,"simTick":3844},"timestamp":1782243076786}
{"sessionId":"3f83e2","runId":"post-fix7","hypothesisId":"H2","location":"Starship.NetworkMotor:ClientPredictMotorFixedStep","message":"owner_predict","data":{"tick":3557,"simTick":3844,"serverClock":3848,"tickLead":-287,"speed":0.000,"thrust":0},"timestamp":1782243076787}
{"sessionId":"3f83e2","runId":"post-fix7","hypothesisId":"H1","location":"Starship.NetworkMotor:ReconcileOwnerFromServer","message":"owner_reconcile","data":{"preSnapErr":0.0000,"replayCount":8,"preTick":3557,"postTick":3557,"serverTick":3549,"ackSeq":2092,"simTick":3845},"timestamp":1782243076809}
{"sessionId":"3f83e2","runId":"post-fix7","hypothesisId":"H3","location":"Starship.NetworkMotor:ApplyRemoteMotorSnapshotVisuals","message":"remote_display","data":{"renderTickF":3548.126,"latestTick":3549,"simTick":3846,"bufCount":48,"extrapolating":0,"frameDelta":2.1315,"speed":F3},"timestamp":1782243076821}
{"sessionId":"3f83e2","runId":"post-fix7","hypothesisId":"H1","location":"Starship.NetworkMotor:ReconcileOwnerFromServer","message":"owner_reconcile","data":{"preSnapErr":0.0000,"replayCount":10,"preTick":3560,"postTick":3560,"serverTick":3550,"ackSeq":2093,"simTick":3848},"timestamp":1782243076857}
{"sessionId":"3f83e2","runId":"post-fix7","hypothesisId":"H5","location":"Starship.NetworkMotor:ApplyOwnerPredictedMotorVisuals","message":"owner_display","data":{"alpha":0.547,"renderSpan":0.0000,"frameDelta":0.0000,"speed":F3},"timestamp":1782243076866}
{"sessionId":"3f83e2","runId":"post-fix7","hypothesisId":"H1","location":"Starship.NetworkMotor:ReconcileOwnerFromServer","message":"owner_reconcile","data":{"preSnapErr":0.0000,"replayCount":9,"preTick":3561,"postTick":3561,"serverTick":3552,"ackSeq":2095,"simTick":3849},"timestamp":1782243076881}
{"sessionId":"3f83e2","runId":"post-fix7","hypothesisId":"H1","location":"Starship.NetworkMotor:ReconcileOwnerFromServer","message":"owner_reconcile","data":{"preSnapErr":0.0000,"replayCount":9,"preTick":3563,"postTick":3563,"serverTick":3554,"ackSeq":2097,"simTick":3851},"timestamp":1782243076924}
{"sessionId":"3f83e2","runId":"post-fix7","hypothesisId":"H1","location":"Starship.NetworkMotor:ReconcileOwnerFromServer","message":"owner_reconcile","data":{"preSnapErr":0.0000,"replayCount":9,"preTick":3564,"postTick":3564,"serverTick":3555,"ackSeq":2098,"simTick":3852},"timestamp":1782243076946}
{"sessionId":"3f83e2","runId":"post-fix7","hypothesisId":"H1","location":"Starship.NetworkMotor:ReconcileOwnerFromServer","message":"owner_reconcile","data":{"preSnapErr":0.0000,"replayCount":10,"preTick":3567,"postTick":3567,"serverTick":3557,"ackSeq":2100,"simTick":3855},"timestamp":1782243076995}
{"sessionId":"3f83e2","runId":"post-fix7","hypothesisId":"H1","location":"Starship.NetworkMotor:ReconcileOwnerFromServer","message":"owner_reconcile","data":{"preSnapErr":0.0000,"replayCount":10,"preTick":3568,"postTick":3568,"serverTick":3558,"ackSeq":2101,"simTick":3856},"timestamp":1782243077016}
{"sessionId":"3f83e2","runId":"post-fix7","hypothesisId":"H1","location":"Starship.NetworkMotor:ReconcileOwnerFromServer","message":"owner_reconcile","data":{"preSnapErr":0.0000,"replayCount":9,"preTick":3569,"postTick":3569,"serverTick":3560,"ackSeq":2103,"simTick":3857},"timestamp":1782243077042}
{"sessionId":"3f83e2","runId":"post-fix7","hypothesisId":"H1","location":"Starship.NetworkMotor:ReconcileOwnerFromServer","message":"owner_reconcile","data":{"preSnapErr":0.0000,"replayCount":9,"preTick":3571,"postTick":3571,"serverTick":3562,"ackSeq":2105,"simTick":3859},"timestamp":1782243077085}
{"sessionId":"3f83e2","runId":"post-fix7","hypothesisId":"H3","location":"Starship.NetworkMotor:ApplyRemoteMotorSnapshotVisuals","message":"remote_display","data":{"renderTickF":3561.968,"latestTick":3562,"simTick":3860,"bufCount":48,"extrapolating":0,"frameDelta":3.2510,"speed":F3},"timestamp":1782243077095}
{"sessionId":"3f83e2","runId":"post-fix7","hypothesisId":"H1","location":"Starship.NetworkMotor:ReconcileOwnerFromServer","message":"owner_reconcile","data":{"preSnapErr":0.0000,"replayCount":10,"preTick":3574,"postTick":3574,"serverTick":3564,"ackSeq":2107,"simTick":3862},"timestamp":1782243077133}
{"sessionId":"3f83e2","runId":"post-fix7","hypothesisId":"H5","location":"Starship.NetworkMotor:ApplyOwnerPredictedMotorVisuals","message":"owner_display","data":{"alpha":0.354,"renderSpan":0.0000,"frameDelta":0.0000,"speed":F3},"timestamp":1782243077142}
{"sessionId":"3f83e2","runId":"post-fix7","hypothesisId":"H1","location":"Starship.NetworkMotor:ReconcileOwnerFromServer","message":"owner_reconcile","data":{"preSnapErr":0.0000,"replayCount":10,"preTick":3575,"postTick":3575,"serverTick":3565,"ackSeq":2108,"simTick":3863},"timestamp":1782243077156}
{"sessionId":"3f83e2","runId":"post-fix7","hypothesisId":"H1","location":"Starship.NetworkMotor:ReconcileOwnerFromServer","message":"owner_reconcile","data":{"preSnapErr":0.0000,"replayCount":9,"preTick":3577,"postTick":3577,"serverTick":3568,"ackSeq":2111,"simTick":3865},"timestamp":1782243077202}
{"sessionId":"3f83e2","runId":"post-fix7","hypothesisId":"H1","location":"Starship.NetworkMotor:ReconcileOwnerFromServer","message":"owner_reconcile","data":{"preSnapErr":0.0000,"replayCount":9,"preTick":3579,"postTick":3579,"serverTick":3570,"ackSeq":2113,"simTick":3867},"timestamp":1782243077244}
{"sessionId":"3f83e2","runId":"post-fix7","hypothesisId":"H1","location":"Starship.NetworkMotor:ReconcileOwnerFromServer","message":"owner_reconcile","data":{"preSnapErr":0.0000,"replayCount":9,"preTick":3581,"postTick":3581,"serverTick":3572,"ackSeq":2115,"simTick":3869},"timestamp":1782243077287}
{"sessionId":"3f83e2","runId":"post-fix7","hypothesisId":"H2","location":"Starship.NetworkMotor:ClientPredictMotorFixedStep","message":"owner_predict","data":{"tick":3582,"simTick":3869,"serverClock":3873,"tickLead":-287,"speed":0.000,"thrust":0},"timestamp":1782243077287}
{"sessionId":"3f83e2","runId":"post-fix7","hypothesisId":"H1","location":"Starship.NetworkMotor:ReconcileOwnerFromServer","message":"owner_reconcile","data":{"preSnapErr":0.0000,"replayCount":10,"preTick":3584,"postTick":3584,"serverTick":3574,"ackSeq":2117,"simTick":3872},"timestamp":1782243077334}
{"sessionId":"3f83e2","runId":"post-fix7","hypothesisId":"H1","location":"Starship.NetworkMotor:ReconcileOwnerFromServer","message":"owner_reconcile","data":{"preSnapErr":0.0000,"replayCount":9,"preTick":3585,"postTick":3585,"serverTick":3576,"ackSeq":2119,"simTick":3873},"timestamp":1782243077358}
{"sessionId":"3f83e2","runId":"post-fix7","hypothesisId":"H3","location":"Starship.NetworkMotor:ApplyRemoteMotorSnapshotVisuals","message":"remote_display","data":{"renderTickF":3575.562,"latestTick":3576,"simTick":3873,"bufCount":48,"extrapolating":0,"frameDelta":3.2439,"speed":F3},"timestamp":1782243077366}
{"sessionId":"3f83e2","runId":"post-fix7","hypothesisId":"H1","location":"Starship.NetworkMotor:ReconcileOwnerFromServer","message":"owner_reconcile","data":{"preSnapErr":0.0000,"replayCount":9,"preTick":3586,"postTick":3586,"serverTick":3577,"ackSeq":2120,"simTick":3874},"timestamp":1782243077379}
{"sessionId":"3f83e2","runId":"post-fix7","hypothesisId":"H1","location":"Starship.NetworkMotor:ReconcileOwnerFromServer","message":"owner_reconcile","data":{"preSnapErr":0.0000,"replayCount":9,"preTick":3587,"postTick":3587,"serverTick":3578,"ackSeq":2121,"simTick":3875},"timestamp":1782243077406}
{"sessionId":"3f83e2","runId":"post-fix7","hypothesisId":"H5","location":"Starship.NetworkMotor:ApplyOwnerPredictedMotorVisuals","message":"owner_display","data":{"alpha":0.977,"renderSpan":0.0000,"frameDelta":0.0000,"speed":F3},"timestamp":1782243077414}
{"sessionId":"3f83e2","runId":"post-fix7","hypothesisId":"H1","location":"Starship.NetworkMotor:ReconcileOwnerFromServer","message":"owner_reconcile","data":{"preSnapErr":0.0000,"replayCount":10,"preTick":3590,"postTick":3590,"serverTick":3580,"ackSeq":2123,"simTick":3878},"timestamp":1782243077453}
{"sessionId":"3f83e2","runId":"post-fix7","hypothesisId":"H1","location":"Starship.NetworkMotor:ReconcileOwnerFromServer","message":"owner_reconcile","data":{"preSnapErr":0.0000,"replayCount":10,"preTick":3592,"postTick":3592,"serverTick":3582,"ackSeq":2125,"simTick":3880},"timestamp":1782243077496}
{"sessionId":"3f83e2","runId":"post-fix7","hypothesisId":"H1","location":"Starship.NetworkMotor:ReconcileOwnerFromServer","message":"owner_reconcile","data":{"preSnapErr":0.0000,"replayCount":9,"preTick":3594,"postTick":3594,"serverTick":3585,"ackSeq":2128,"simTick":3882},"timestamp":1782243077538}
{"sessionId":"3f83e2","runId":"post-fix7","hypothesisId":"H1","location":"Starship.NetworkMotor:ReconcileOwnerFromServer","message":"owner_reconcile","data":{"preSnapErr":0.0000,"replayCount":9,"preTick":3596,"postTick":3596,"serverTick":3587,"ackSeq":2130,"simTick":3884},"timestamp":1782243077578}
{"sessionId":"3f83e2","runId":"post-fix7","hypothesisId":"H1","location":"Starship.NetworkMotor:ReconcileOwnerFromServer","message":"owner_reconcile","data":{"preSnapErr":0.0000,"replayCount":9,"preTick":3598,"postTick":3598,"serverTick":3589,"ackSeq":2132,"simTick":3886},"timestamp":1782243077621}
{"sessionId":"3f83e2","runId":"post-fix7","hypothesisId":"H3","location":"Starship.NetworkMotor:ApplyRemoteMotorSnapshotVisuals","message":"remote_display","data":{"renderTickF":3588.837,"latestTick":3589,"simTick":3887,"bufCount":48,"extrapolating":0,"frameDelta":3.1191,"speed":F3},"timestamp":1782243077631}
{"sessionId":"3f83e2","runId":"post-fix7","hypothesisId":"H1","location":"Starship.NetworkMotor:ReconcileOwnerFromServer","message":"owner_reconcile","data":{"preSnapErr":0.0000,"replayCount":10,"preTick":3600,"postTick":3600,"serverTick":3590,"ackSeq":2133,"simTick":3888},"timestamp":1782243077665}
{"sessionId":"3f83e2","runId":"post-fix7","hypothesisId":"H5","location":"Starship.NetworkMotor:ApplyOwnerPredictedMotorVisuals","message":"owner_display","data":{"alpha":0.945,"renderSpan":0.0000,"frameDelta":0.0000,"speed":F3},"timestamp":1782243077673}
{"sessionId":"3f83e2","runId":"post-fix7","hypothesisId":"H1","location":"Starship.NetworkMotor:ReconcileOwnerFromServer","message":"owner_reconcile","data":{"preSnapErr":0.0000,"replayCount":9,"preTick":3601,"postTick":3601,"serverTick":3592,"ackSeq":2135,"simTick":3889},"timestamp":1782243077685}
{"sessionId":"3f83e2","runId":"post-fix7","hypothesisId":"H1","location":"Starship.NetworkMotor:ReconcileOwnerFromServer","message":"owner_reconcile","data":{"preSnapErr":0.0000,"replayCount":9,"preTick":3602,"postTick":3602,"serverTick":3593,"ackSeq":2136,"simTick":3890},"timestamp":1782243077706}
{"sessionId":"3f83e2","runId":"post-fix7","hypothesisId":"H1","location":"Starship.NetworkMotor:ReconcileOwnerFromServer","message":"owner_reconcile","data":{"preSnapErr":0.0000,"replayCount":10,"preTick":3605,"postTick":3605,"serverTick":3595,"ackSeq":2138,"simTick":3893},"timestamp":1782243077750}
{"sessionId":"3f83e2","runId":"post-fix7","hypothesisId":"H2","location":"Starship.NetworkMotor:ClientPredictMotorFixedStep","message":"owner_predict","data":{"tick":3607,"simTick":3894,"serverClock":3898,"tickLead":-287,"speed":0.000,"thrust":0},"timestamp":1782243077774}
{"sessionId":"3f83e2","runId":"post-fix7","hypothesisId":"H1","location":"Starship.NetworkMotor:ReconcileOwnerFromServer","message":"owner_reconcile","data":{"preSnapErr":0.0000,"replayCount":10,"preTick":3607,"postTick":3607,"serverTick":3597,"ackSeq":2140,"simTick":3895},"timestamp":1782243077796}
{"sessionId":"3f83e2","runId":"post-fix7","hypothesisId":"H1","location":"Starship.NetworkMotor:ReconcileOwnerFromServer","message":"owner_reconcile","data":{"preSnapErr":0.0000,"replayCount":9,"preTick":3608,"postTick":3608,"serverTick":3599,"ackSeq":2142,"simTick":3896},"timestamp":1782243077819}
{"sessionId":"3f83e2","runId":"post-fix7","hypothesisId":"H1","location":"Starship.NetworkMotor:ReconcileOwnerFromServer","message":"owner_reconcile","data":{"preSnapErr":0.0000,"replayCount":9,"preTick":3609,"postTick":3609,"serverTick":3600,"ackSeq":2143,"simTick":3897},"timestamp":1782243077846}
{"sessionId":"3f83e2","runId":"post-fix7","hypothesisId":"H1","location":"Starship.NetworkMotor:ReconcileOwnerFromServer","message":"owner_reconcile","data":{"preSnapErr":0.0000,"replayCount":10,"preTick":3612,"postTick":3612,"serverTick":3602,"ackSeq":2145,"simTick":3900},"timestamp":1782243077895}
{"sessionId":"3f83e2","runId":"post-fix7","hypothesisId":"H3","location":"Starship.NetworkMotor:ApplyRemoteMotorSnapshotVisuals","message":"remote_display","data":{"renderTickF":3601.423,"latestTick":3602,"simTick":3900,"bufCount":48,"extrapolating":0,"frameDelta":2.9668,"speed":F3},"timestamp":1782243077902}
{"sessionId":"3f83e2","runId":"post-fix7","hypothesisId":"H1","location":"Starship.NetworkMotor:ReconcileOwnerFromServer","message":"owner_reconcile","data":{"preSnapErr":0.0000,"replayCount":10,"preTick":3613,"postTick":3613,"serverTick":3603,"ackSeq":2146,"simTick":3902},"timestamp":1782243077917}
{"sessionId":"3f83e2","runId":"post-fix7","hypothesisId":"H1","location":"Starship.NetworkMotor:ReconcileOwnerFromServer","message":"owner_reconcile","data":{"preSnapErr":0.0000,"replayCount":9,"preTick":3614,"postTick":3614,"serverTick":3605,"ackSeq":2148,"simTick":3903},"timestamp":1782243077941}
{"sessionId":"3f83e2","runId":"post-fix7","hypothesisId":"H5","location":"Starship.NetworkMotor:ApplyOwnerPredictedMotorVisuals","message":"owner_display","data":{"alpha":0.718,"renderSpan":0.0000,"frameDelta":0.0000,"speed":F3},"timestamp":1782243077948}
{"sessionId":"3f83e2","runId":"post-fix7","hypothesisId":"H1","location":"Starship.NetworkMotor:ReconcileOwnerFromServer","message":"owner_reconcile","data":{"preSnapErr":0.0000,"replayCount":9,"preTick":3616,"postTick":3616,"serverTick":3607,"ackSeq":2150,"simTick":3905},"timestamp":1782243077986}
{"sessionId":"3f83e2","runId":"post-fix7","hypothesisId":"H1","location":"Starship.NetworkMotor:ReconcileOwnerFromServer","message":"owner_reconcile","data":{"preSnapErr":0.0000,"replayCount":10,"preTick":3619,"postTick":3619,"serverTick":3609,"ackSeq":2152,"simTick":3908},"timestamp":1782243078030}
{"sessionId":"3f83e2","runId":"post-fix7","hypothesisId":"H1","location":"Starship.NetworkMotor:ReconcileOwnerFromServer","message":"owner_reconcile","data":{"preSnapErr":0.0000,"replayCount":10,"preTick":3620,"postTick":3620,"serverTick":3610,"ackSeq":2153,"simTick":3909},"timestamp":1782243078057}
{"sessionId":"3f83e2","runId":"post-fix7","hypothesisId":"H1","location":"Starship.NetworkMotor:ReconcileOwnerFromServer","message":"owner_reconcile","data":{"preSnapErr":0.0000,"replayCount":10,"preTick":3622,"postTick":3622,"serverTick":3612,"ackSeq":2155,"simTick":3911},"timestamp":1782243078098}
{"sessionId":"3f83e2","runId":"post-fix7","hypothesisId":"H1","location":"Starship.NetworkMotor:ReconcileOwnerFromServer","message":"owner_reconcile","data":{"preSnapErr":0.0000,"replayCount":10,"preTick":3623,"postTick":3623,"serverTick":3613,"ackSeq":2156,"simTick":3912},"timestamp":1782243078120}
{"sessionId":"3f83e2","runId":"post-fix7","hypothesisId":"H1","location":"Starship.NetworkMotor:ReconcileOwnerFromServer","message":"owner_reconcile","data":{"preSnapErr":0.0000,"replayCount":9,"preTick":3624,"postTick":3624,"serverTick":3615,"ackSeq":2158,"simTick":3913},"timestamp":1782243078143}
{"sessionId":"3f83e2","runId":"post-fix7","hypothesisId":"H3","location":"Starship.NetworkMotor:ApplyRemoteMotorSnapshotVisuals","message":"remote_display","data":{"renderTickF":3614.023,"latestTick":3615,"simTick":3915,"bufCount":48,"extrapolating":0,"frameDelta":2.9451,"speed":F3},"timestamp":1782243078177}
{"sessionId":"3f83e2","runId":"post-fix7","hypothesisId":"H1","location":"Starship.NetworkMotor:ReconcileOwnerFromServer","message":"owner_reconcile","data":{"preSnapErr":0.0000,"replayCount":10,"preTick":3627,"postTick":3627,"serverTick":3617,"ackSeq":2160,"simTick":3916},"timestamp":1782243078191}
{"sessionId":"3f83e2","runId":"post-fix7","hypothesisId":"H5","location":"Starship.NetworkMotor:ApplyOwnerPredictedMotorVisuals","message":"owner_display","data":{"alpha":0.315,"renderSpan":0.0000,"frameDelta":0.0000,"speed":F3},"timestamp":1782243078220}
{"sessionId":"3f83e2","runId":"post-fix7","hypothesisId":"H1","location":"Starship.NetworkMotor:ReconcileOwnerFromServer","message":"owner_reconcile","data":{"preSnapErr":0.0000,"replayCount":10,"preTick":3629,"postTick":3629,"serverTick":3619,"ackSeq":2162,"simTick":3918},"timestamp":1782243078234}
{"sessionId":"3f83e2","runId":"post-fix7","hypothesisId":"H1","location":"Starship.NetworkMotor:ReconcileOwnerFromServer","message":"owner_reconcile","data":{"preSnapErr":0.0000,"replayCount":9,"preTick":3630,"postTick":3630,"serverTick":3621,"ackSeq":2164,"simTick":3919},"timestamp":1782243078259}
{"sessionId":"3f83e2","runId":"post-fix7","hypothesisId":"H1","location":"Starship.NetworkMotor:ReconcileOwnerFromServer","message":"owner_reconcile","data":{"preSnapErr":0.0000,"replayCount":9,"preTick":3631,"postTick":3631,"serverTick":3622,"ackSeq":2165,"simTick":3920},"timestamp":1782243078281}
{"sessionId":"3f83e2","runId":"post-fix7","hypothesisId":"H2","location":"Starship.NetworkMotor:ClientPredictMotorFixedStep","message":"owner_predict","data":{"tick":3632,"simTick":3920,"serverClock":3923,"tickLead":-288,"speed":0.000,"thrust":0},"timestamp":1782243078282}
{"sessionId":"3f83e2","runId":"post-fix7","hypothesisId":"H1","location":"Starship.NetworkMotor:ReconcileOwnerFromServer","message":"owner_reconcile","data":{"preSnapErr":0.0000,"replayCount":9,"preTick":3632,"postTick":3632,"serverTick":3623,"ackSeq":2166,"simTick":3921},"timestamp":1782243078304}
{"sessionId":"3f83e2","runId":"post-fix7","hypothesisId":"H1","location":"Starship.NetworkMotor:ReconcileOwnerFromServer","message":"owner_reconcile","data":{"preSnapErr":0.0000,"replayCount":9,"preTick":3634,"postTick":3634,"serverTick":3625,"ackSeq":2168,"simTick":3923},"timestamp":1782243078348}
{"sessionId":"3f83e2","runId":"post-fix7","hypothesisId":"H1","location":"Starship.NetworkMotor:ReconcileOwnerFromServer","message":"owner_reconcile","data":{"preSnapErr":0.0000,"replayCount":10,"preTick":3637,"postTick":3637,"serverTick":3627,"ackSeq":2170,"simTick":3926},"timestamp":1782243078393}
{"sessionId":"3f83e2","runId":"post-fix7","hypothesisId":"H1","location":"Starship.NetworkMotor:ReconcileOwnerFromServer","message":"owner_reconcile","data":{"preSnapErr":0.0000,"replayCount":10,"preTick":3638,"postTick":3638,"serverTick":3628,"ackSeq":2171,"simTick":3927},"timestamp":1782243078415}
{"sessionId":"3f83e2","runId":"post-fix7","hypothesisId":"H3","location":"Starship.NetworkMotor:ApplyRemoteMotorSnapshotVisuals","message":"remote_display","data":{"renderTickF":3627.548,"latestTick":3628,"simTick":3928,"bufCount":48,"extrapolating":0,"frameDelta":3.1260,"speed":F3},"timestamp":1782243078444}
{"sessionId":"3f83e2","runId":"post-fix7","hypothesisId":"H1","location":"Starship.NetworkMotor:ReconcileOwnerFromServer","message":"owner_reconcile","data":{"preSnapErr":0.0000,"replayCount":10,"preTick":3640,"postTick":3640,"serverTick":3630,"ackSeq":2173,"simTick":3929},"timestamp":1782243078463}
{"sessionId":"3f83e2","runId":"post-fix7","hypothesisId":"H1","location":"Starship.NetworkMotor:ReconcileOwnerFromServer","message":"owner_reconcile","data":{"preSnapErr":0.0000,"replayCount":9,"preTick":3641,"postTick":3641,"serverTick":3632,"ackSeq":2175,"simTick":3930},"timestamp":1782243078488}
{"sessionId":"3f83e2","runId":"post-fix7","hypothesisId":"H5","location":"Starship.NetworkMotor:ApplyOwnerPredictedMotorVisuals","message":"owner_display","data":{"alpha":0.083,"renderSpan":0.0000,"frameDelta":0.0000,"speed":F3},"timestamp":1782243078501}
{"sessionId":"3f83e2","runId":"post-fix7","hypothesisId":"H1","location":"Starship.NetworkMotor:ReconcileOwnerFromServer","message":"owner_reconcile","data":{"preSnapErr":0.0000,"replayCount":9,"preTick":3643,"postTick":3643,"serverTick":3634,"ackSeq":2177,"simTick":3932},"timestamp":1782243078517}
{"sessionId":"3f83e2","runId":"post-fix7","hypothesisId":"H1","location":"Starship.NetworkMotor:ReconcileOwnerFromServer","message":"owner_reconcile","data":{"preSnapErr":0.0000,"replayCount":9,"preTick":3645,"postTick":3645,"serverTick":3636,"ackSeq":2179,"simTick":3934},"timestamp":1782243078564}
{"sessionId":"3f83e2","runId":"post-fix7","hypothesisId":"H1","location":"Starship.NetworkMotor:ReconcileOwnerFromServer","message":"owner_reconcile","data":{"preSnapErr":0.0000,"replayCount":10,"preTick":3648,"postTick":3648,"serverTick":3638,"ackSeq":2181,"simTick":3937},"timestamp":1782243078619}
{"sessionId":"3f83e2","runId":"post-fix7","hypothesisId":"H1","location":"Starship.NetworkMotor:ReconcileOwnerFromServer","message":"owner_reconcile","data":{"preSnapErr":0.0000,"replayCount":9,"preTick":3649,"postTick":3649,"serverTick":3640,"ackSeq":2183,"simTick":3938},"timestamp":1782243078644}
{"sessionId":"3f83e2","runId":"post-fix7","hypothesisId":"H1","location":"Starship.NetworkMotor:ReconcileOwnerFromServer","message":"owner_reconcile","data":{"preSnapErr":0.0000,"replayCount":8,"preTick":3650,"postTick":3650,"serverTick":3642,"ackSeq":2185,"simTick":3939},"timestamp":1782243078675}
{"sessionId":"3f83e2","runId":"post-fix7","hypothesisId":"H1","location":"Starship.NetworkMotor:ReconcileOwnerFromServer","message":"owner_reconcile","data":{"preSnapErr":0.0000,"replayCount":10,"preTick":3654,"postTick":3654,"serverTick":3644,"ackSeq":2187,"simTick":3943},"timestamp":1782243078738}
{"sessionId":"3f83e2","runId":"post-fix7","hypothesisId":"H1","location":"Starship.NetworkMotor:ReconcileOwnerFromServer","message":"owner_reconcile","data":{"preSnapErr":0.0000,"replayCount":10,"preTick":3655,"postTick":3655,"serverTick":3645,"ackSeq":2188,"simTick":3944},"timestamp":1782243078764}
{"sessionId":"3f83e2","runId":"post-fix7","hypothesisId":"H3","location":"Starship.NetworkMotor:ApplyRemoteMotorSnapshotVisuals","message":"remote_display","data":{"renderTickF":3644.872,"latestTick":3645,"simTick":3945,"bufCount":48,"extrapolating":0,"frameDelta":3.2382,"speed":F3},"timestamp":1782243078776}
{"sessionId":"3f83e2","runId":"post-fix7","hypothesisId":"H1","location":"Starship.NetworkMotor:ReconcileOwnerFromServer","message":"owner_reconcile","data":{"preSnapErr":0.0000,"replayCount":9,"preTick":3656,"postTick":3656,"serverTick":3647,"ackSeq":2190,"simTick":3945},"timestamp":1782243078793}
{"sessionId":"3f83e2","runId":"post-fix7","hypothesisId":"H2","location":"Starship.NetworkMotor:ClientPredictMotorFixedStep","message":"owner_predict","data":{"tick":3657,"simTick":3945,"serverClock":3948,"tickLead":-288,"speed":0.000,"thrust":0},"timestamp":1782243078794}
{"sessionId":"3f83e2","runId":"post-fix7","hypothesisId":"H1","location":"Starship.NetworkMotor:ReconcileOwnerFromServer","message":"owner_reconcile","data":{"preSnapErr":0.0000,"replayCount":10,"preTick":3658,"postTick":3658,"serverTick":3648,"ackSeq":2191,"simTick":3947},"timestamp":1782243078826}
{"sessionId":"3f83e2","runId":"post-fix7","hypothesisId":"H5","location":"Starship.NetworkMotor:ApplyOwnerPredictedMotorVisuals","message":"owner_display","data":{"alpha":0.008,"renderSpan":0.0000,"frameDelta":0.0000,"speed":F3},"timestamp":1782243078842}
{"sessionId":"3f83e2","runId":"post-fix7","hypothesisId":"H1","location":"Starship.NetworkMotor:ReconcileOwnerFromServer","message":"owner_reconcile","data":{"preSnapErr":0.0000,"replayCount":10,"preTick":3660,"postTick":3660,"serverTick":3650,"ackSeq":2193,"simTick":3949},"timestamp":1782243078858}
{"sessionId":"3f83e2","runId":"post-fix7","hypothesisId":"H1","location":"Starship.NetworkMotor:ReconcileOwnerFromServer","message":"owner_reconcile","data":{"preSnapErr":0.0000,"replayCount":9,"preTick":3661,"postTick":3661,"serverTick":3652,"ackSeq":2195,"simTick":3950},"timestamp":1782243078889}
{"sessionId":"3f83e2","runId":"post-fix7","hypothesisId":"H1","location":"Starship.NetworkMotor:ReconcileOwnerFromServer","message":"owner_reconcile","data":{"preSnapErr":0.0000,"replayCount":9,"preTick":3663,"postTick":3663,"serverTick":3654,"ackSeq":2197,"simTick":3952},"timestamp":1782243078942}
{"sessionId":"3f83e2","runId":"post-fix7","hypothesisId":"H1","location":"Starship.NetworkMotor:ReconcileOwnerFromServer","message":"owner_reconcile","data":{"preSnapErr":0.0000,"replayCount":9,"preTick":3665,"postTick":3665,"serverTick":3656,"ackSeq":2199,"simTick":3954},"timestamp":1782243078973}
{"sessionId":"3f83e2","runId":"post-fix7","hypothesisId":"H1","location":"Starship.NetworkMotor:ReconcileOwnerFromServer","message":"owner_reconcile","data":{"preSnapErr":0.0000,"replayCount":10,"preTick":3668,"postTick":3668,"serverTick":3658,"ackSeq":2201,"simTick":3957},"timestamp":1782243079016}
{"sessionId":"3f83e2","runId":"post-fix7","hypothesisId":"H1","location":"Starship.NetworkMotor:ReconcileOwnerFromServer","message":"owner_reconcile","data":{"preSnapErr":0.0000,"replayCount":10,"preTick":3670,"postTick":3670,"serverTick":3660,"ackSeq":2203,"simTick":3959},"timestamp":1782243079057}
{"sessionId":"3f83e2","runId":"post-fix7","hypothesisId":"H1","location":"Starship.NetworkMotor:ReconcileOwnerFromServer","message":"owner_reconcile","data":{"preSnapErr":0.0000,"replayCount":9,"preTick":3671,"postTick":3671,"serverTick":3662,"ackSeq":2205,"simTick":3960},"timestamp":1782243079080}
{"sessionId":"3f83e2","runId":"post-fix7","hypothesisId":"H3","location":"Starship.NetworkMotor:ApplyRemoteMotorSnapshotVisuals","message":"remote_display","data":{"renderTickF":3661.036,"latestTick":3662,"simTick":3962,"bufCount":48,"extrapolating":0,"frameDelta":1.0784,"speed":F3},"timestamp":1782243079117}
{"sessionId":"3f83e2","runId":"post-fix7","hypothesisId":"H1","location":"Starship.NetworkMotor:ReconcileOwnerFromServer","message":"owner_reconcile","data":{"preSnapErr":0.0000,"replayCount":10,"preTick":3674,"postTick":3674,"serverTick":3664,"ackSeq":2207,"simTick":3963},"timestamp":1782243079131}
{"sessionId":"3f83e2","runId":"post-fix7","hypothesisId":"H1","location":"Starship.NetworkMotor:ReconcileOwnerFromServer","message":"owner_reconcile","data":{"preSnapErr":0.0000,"replayCount":10,"preTick":3675,"postTick":3675,"serverTick":3665,"ackSeq":2208,"simTick":3964},"timestamp":1782243079154}
{"sessionId":"3f83e2","runId":"post-fix7","hypothesisId":"H5","location":"Starship.NetworkMotor:ApplyOwnerPredictedMotorVisuals","message":"owner_display","data":{"alpha":0.405,"renderSpan":0.0000,"frameDelta":0.0000,"speed":F3},"timestamp":1782243079161}
{"sessionId":"3f83e2","runId":"post-fix7","hypothesisId":"H1","location":"Starship.NetworkMotor:ReconcileOwnerFromServer","message":"owner_reconcile","data":{"preSnapErr":0.0000,"replayCount":9,"preTick":3676,"postTick":3676,"serverTick":3667,"ackSeq":2210,"simTick":3965},"timestamp":1782243079177}
{"sessionId":"3f83e2","runId":"post-fix7","hypothesisId":"H1","location":"Starship.NetworkMotor:ReconcileOwnerFromServer","message":"owner_reconcile","data":{"preSnapErr":0.0000,"replayCount":9,"preTick":3678,"postTick":3678,"serverTick":3669,"ackSeq":2212,"simTick":3967},"timestamp":1782243079219}
{"sessionId":"3f83e2","runId":"post-fix7","hypothesisId":"H1","location":"Starship.NetworkMotor:ReconcileOwnerFromServer","message":"owner_reconcile","data":{"preSnapErr":0.0000,"replayCount":9,"preTick":3679,"postTick":3679,"serverTick":3670,"ackSeq":2213,"simTick":3968},"timestamp":1782243079242}
{"sessionId":"3f83e2","runId":"post-fix7","hypothesisId":"H2","location":"Starship.NetworkMotor:ClientPredictMotorFixedStep","message":"owner_predict","data":{"tick":3682,"simTick":3970,"serverClock":3973,"tickLead":-288,"speed":0.000,"thrust":0},"timestamp":1782243079271}
{"sessionId":"3f83e2","runId":"post-fix7","hypothesisId":"H1","location":"Starship.NetworkMotor:ReconcileOwnerFromServer","message":"owner_reconcile","data":{"preSnapErr":0.0000,"replayCount":10,"preTick":3682,"postTick":3682,"serverTick":3672,"ackSeq":2215,"simTick":3971},"timestamp":1782243079293}
{"sessionId":"3f83e2","runId":"post-fix7","hypothesisId":"H1","location":"Starship.NetworkMotor:ReconcileOwnerFromServer","message":"owner_reconcile","data":{"preSnapErr":0.0000,"replayCount":9,"preTick":3683,"postTick":3683,"serverTick":3674,"ackSeq":2217,"simTick":3972},"timestamp":1782243079320}
{"sessionId":"3f83e2","runId":"post-fix7","hypothesisId":"H1","location":"Starship.NetworkMotor:ReconcileOwnerFromServer","message":"owner_reconcile","data":{"preSnapErr":0.0000,"replayCount":9,"preTick":3685,"postTick":3685,"serverTick":3676,"ackSeq":2219,"simTick":3974},"timestamp":1782243079367}
{"sessionId":"3f83e2","runId":"post-fix7","hypothesisId":"H1","location":"Starship.NetworkMotor:ReconcileOwnerFromServer","message":"owner_reconcile","data":{"preSnapErr":0.0000,"replayCount":10,"preTick":3687,"postTick":3687,"serverTick":3677,"ackSeq":2220,"simTick":3976},"timestamp":1782243079392}
{"sessionId":"3f83e2","runId":"post-fix7","hypothesisId":"H3","location":"Starship.NetworkMotor:ApplyRemoteMotorSnapshotVisuals","message":"remote_display","data":{"renderTickF":3676.302,"latestTick":3677,"simTick":3976,"bufCount":48,"extrapolating":0,"frameDelta":0.0876,"speed":F3},"timestamp":1782243079401}
{"sessionId":"3f83e2","runId":"post-fix7","hypothesisId":"H1","location":"Starship.NetworkMotor:ReconcileOwnerFromServer","message":"owner_reconcile","data":{"preSnapErr":0.0000,"replayCount":10,"preTick":3688,"postTick":3688,"serverTick":3678,"ackSeq":2221,"simTick":3977},"timestamp":1782243079415}
{"sessionId":"3f83e2","runId":"post-fix7","hypothesisId":"H5","location":"Starship.NetworkMotor:ApplyOwnerPredictedMotorVisuals","message":"owner_display","data":{"alpha":0.599,"renderSpan":0.0000,"frameDelta":0.0000,"speed":F3},"timestamp":1782243079446}
{"sessionId":"3f83e2","runId":"post-fix7","hypothesisId":"H1","location":"Starship.NetworkMotor:ReconcileOwnerFromServer","message":"owner_reconcile","data":{"preSnapErr":0.0000,"replayCount":10,"preTick":3690,"postTick":3690,"serverTick":3680,"ackSeq":2223,"simTick":3979},"timestamp":1782243079461}
{"sessionId":"3f83e2","runId":"post-fix7","hypothesisId":"H1","location":"Starship.NetworkMotor:ReconcileOwnerFromServer","message":"owner_reconcile","data":{"preSnapErr":0.0000,"replayCount":9,"preTick":3691,"postTick":3691,"serverTick":3682,"ackSeq":2225,"simTick":3980},"timestamp":1782243079484}
{"sessionId":"3f83e2","runId":"post-fix7","hypothesisId":"H1","location":"Starship.NetworkMotor:ReconcileOwnerFromServer","message":"owner_reconcile","data":{"preSnapErr":0.0000,"replayCount":9,"preTick":3692,"postTick":3692,"serverTick":3683,"ackSeq":2226,"simTick":3981},"timestamp":1782243079508}
{"sessionId":"3f83e2","runId":"post-fix7","hypothesisId":"H1","location":"Starship.NetworkMotor:ReconcileOwnerFromServer","message":"owner_reconcile","data":{"preSnapErr":0.0000,"replayCount":10,"preTick":3695,"postTick":3695,"serverTick":3685,"ackSeq":2228,"simTick":3984},"timestamp":1782243079561}
{"sessionId":"3f83e2","runId":"post-fix7","hypothesisId":"H1","location":"Starship.NetworkMotor:ReconcileOwnerFromServer","message":"owner_reconcile","data":{"preSnapErr":0.0000,"replayCount":9,"preTick":3696,"postTick":3696,"serverTick":3687,"ackSeq":2230,"simTick":3985},"timestamp":1782243079584}
{"sessionId":"3f83e2","runId":"post-fix7","hypothesisId":"H1","location":"Starship.NetworkMotor:ReconcileOwnerFromServer","message":"owner_reconcile","data":{"preSnapErr":0.0000,"replayCount":10,"preTick":3699,"postTick":3699,"serverTick":3689,"ackSeq":2232,"simTick":3988},"timestamp":1782243079631}
{"sessionId":"3f83e2","runId":"post-fix7","hypothesisId":"H1","location":"Starship.NetworkMotor:ReconcileOwnerFromServer","message":"owner_reconcile","data":{"preSnapErr":0.0000,"replayCount":10,"preTick":3700,"postTick":3700,"serverTick":3690,"ackSeq":2233,"simTick":3989},"timestamp":1782243079655}
{"sessionId":"3f83e2","runId":"post-fix7","hypothesisId":"H3","location":"Starship.NetworkMotor:ApplyRemoteMotorSnapshotVisuals","message":"remote_display","data":{"renderTickF":3689.581,"latestTick":3690,"simTick":3990,"bufCount":48,"extrapolating":0,"frameDelta":0.0074,"speed":F3},"timestamp":1782243079685}
{"sessionId":"3f83e2","runId":"post-fix7","hypothesisId":"H1","location":"Starship.NetworkMotor:ReconcileOwnerFromServer","message":"owner_reconcile","data":{"preSnapErr":0.0000,"replayCount":10,"preTick":3702,"postTick":3702,"serverTick":3692,"ackSeq":2235,"simTick":3991},"timestamp":1782243079699}
{"sessionId":"3f83e2","runId":"post-fix7","hypothesisId":"H1","location":"Starship.NetworkMotor:ReconcileOwnerFromServer","message":"owner_reconcile","data":{"preSnapErr":0.0000,"replayCount":10,"preTick":3703,"postTick":3703,"serverTick":3693,"ackSeq":2236,"simTick":3992},"timestamp":1782243079723}
{"sessionId":"3f83e2","runId":"post-fix7","hypothesisId":"H5","location":"Starship.NetworkMotor:ApplyOwnerPredictedMotorVisuals","message":"owner_display","data":{"alpha":0.848,"renderSpan":0.0000,"frameDelta":0.0000,"speed":F3},"timestamp":1782243079732}
{"sessionId":"3f83e2","runId":"post-fix7","hypothesisId":"H1","location":"Starship.NetworkMotor:ReconcileOwnerFromServer","message":"owner_reconcile","data":{"preSnapErr":0.0000,"replayCount":9,"preTick":3704,"postTick":3704,"serverTick":3695,"ackSeq":2238,"simTick":3993},"timestamp":1782243079750}
{"sessionId":"3f83e2","runId":"post-fix7","hypothesisId":"H2","location":"Starship.NetworkMotor:ClientPredictMotorFixedStep","message":"owner_predict","data":{"tick":3707,"simTick":3995,"serverClock":3998,"tickLead":-288,"speed":0.000,"thrust":0},"timestamp":1782243079775}
{"sessionId":"3f83e2","runId":"post-fix7","hypothesisId":"H1","location":"Starship.NetworkMotor:ReconcileOwnerFromServer","message":"owner_reconcile","data":{"preSnapErr":0.0000,"replayCount":10,"preTick":3707,"postTick":3707,"serverTick":3697,"ackSeq":2240,"simTick":3996},"timestamp":1782243079799}
{"sessionId":"3f83e2","runId":"post-fix7","hypothesisId":"H1","location":"Starship.NetworkMotor:ReconcileOwnerFromServer","message":"owner_reconcile","data":{"preSnapErr":0.0000,"replayCount":9,"preTick":3708,"postTick":3708,"serverTick":3699,"ackSeq":2242,"simTick":3997},"timestamp":1782243079823}
{"sessionId":"3f83e2","runId":"post-fix7","hypothesisId":"H1","location":"Starship.NetworkMotor:ReconcileOwnerFromServer","message":"owner_reconcile","data":{"preSnapErr":0.0000,"replayCount":10,"preTick":3711,"postTick":3711,"serverTick":3701,"ackSeq":2244,"simTick":4000},"timestamp":1782243079873}
{"sessionId":"3f83e2","runId":"post-fix7","hypothesisId":"H1","location":"Starship.NetworkMotor:ReconcileOwnerFromServer","message":"owner_reconcile","data":{"preSnapErr":0.0000,"replayCount":10,"preTick":3713,"postTick":3713,"serverTick":3703,"ackSeq":2246,"simTick":4002},"timestamp":1782243079917}
{"sessionId":"3f83e2","runId":"post-fix7","hypothesisId":"H1","location":"Starship.NetworkMotor:ReconcileOwnerFromServer","message":"owner_reconcile","data":{"preSnapErr":0.0000,"replayCount":9,"preTick":3714,"postTick":3714,"serverTick":3705,"ackSeq":2248,"simTick":4003},"timestamp":1782243079940}
{"sessionId":"3f83e2","runId":"post-fix7","hypothesisId":"H3","location":"Starship.NetworkMotor:ApplyRemoteMotorSnapshotVisuals","message":"remote_display","data":{"renderTickF":3704.969,"latestTick":3705,"simTick":4005,"bufCount":48,"extrapolating":0,"frameDelta":0.0085,"speed":F3},"timestamp":1782243079973}
{"sessionId":"3f83e2","runId":"post-fix7","hypothesisId":"H1","location":"Starship.NetworkMotor:ReconcileOwnerFromServer","message":"owner_reconcile","data":{"preSnapErr":0.0000,"replayCount":9,"preTick":3716,"postTick":3716,"serverTick":3707,"ackSeq":2250,"simTick":4005},"timestamp":1782243079986}
{"sessionId":"3f83e2","runId":"post-fix7","hypothesisId":"H1","location":"Starship.NetworkMotor:ReconcileOwnerFromServer","message":"owner_reconcile","data":{"preSnapErr":0.0000,"replayCount":10,"preTick":3718,"postTick":3718,"serverTick":3708,"ackSeq":2251,"simTick":4007},"timestamp":1782243080012}
{"sessionId":"3f83e2","runId":"post-fix7","hypothesisId":"H5","location":"Starship.NetworkMotor:ApplyOwnerPredictedMotorVisuals","message":"owner_display","data":{"alpha":0.301,"renderSpan":0.0000,"frameDelta":0.0000,"speed":F3},"timestamp":1782243080020}
{"sessionId":"3f83e2","runId":"post-fix7","hypothesisId":"H1","location":"Starship.NetworkMotor:ReconcileOwnerFromServer","message":"owner_reconcile","data":{"preSnapErr":0.0000,"replayCount":9,"preTick":3720,"postTick":3720,"serverTick":3711,"ackSeq":2254,"simTick":4009},"timestamp":1782243080057}
{"sessionId":"3f83e2","runId":"post-fix7","hypothesisId":"H1","location":"Starship.NetworkMotor:ReconcileOwnerFromServer","message":"owner_reconcile","data":{"preSnapErr":0.0000,"replayCount":9,"preTick":3721,"postTick":3721,"serverTick":3712,"ackSeq":2255,"simTick":4010},"timestamp":1782243080080}
{"sessionId":"3f83e2","runId":"post-fix7","hypothesisId":"H1","location":"Starship.NetworkMotor:ReconcileOwnerFromServer","message":"owner_reconcile","data":{"preSnapErr":0.0000,"replayCount":10,"preTick":3723,"postTick":3723,"serverTick":3713,"ackSeq":2256,"simTick":4012},"timestamp":1782243080123}
{"sessionId":"3f83e2","runId":"post-fix7","hypothesisId":"H1","location":"Starship.NetworkMotor:ReconcileOwnerFromServer","message":"owner_reconcile","data":{"preSnapErr":0.0000,"replayCount":9,"preTick":3724,"postTick":3724,"serverTick":3715,"ackSeq":2258,"simTick":4013},"timestamp":1782243080146}
{"sessionId":"3f83e2","runId":"post-fix7","hypothesisId":"H1","location":"Starship.NetworkMotor:ReconcileOwnerFromServer","message":"owner_reconcile","data":{"preSnapErr":0.0000,"replayCount":10,"preTick":3727,"postTick":3727,"serverTick":3717,"ackSeq":2260,"simTick":4016},"timestamp":1782243080195}
{"sessionId":"3f83e2","runId":"post-fix7","hypothesisId":"H1","location":"Starship.NetworkMotor:ReconcileOwnerFromServer","message":"owner_reconcile","data":{"preSnapErr":0.0000,"replayCount":9,"preTick":3728,"postTick":3728,"serverTick":3719,"ackSeq":2262,"simTick":4017},"timestamp":1782243080219}
{"sessionId":"3f83e2","runId":"post-fix7","hypothesisId":"H1","location":"Starship.NetworkMotor:ReconcileOwnerFromServer","message":"owner_reconcile","data":{"preSnapErr":0.0000,"replayCount":9,"preTick":3729,"postTick":3729,"serverTick":3720,"ackSeq":2263,"simTick":4018},"timestamp":1782243080241}
{"sessionId":"3f83e2","runId":"post-fix7","hypothesisId":"H3","location":"Starship.NetworkMotor:ApplyRemoteMotorSnapshotVisuals","message":"remote_display","data":{"renderTickF":3719.729,"latestTick":3720,"simTick":4019,"bufCount":48,"extrapolating":0,"frameDelta":0.0082,"speed":F3},"timestamp":1782243080250}
{"sessionId":"3f83e2","runId":"post-fix7","hypothesisId":"H1","location":"Starship.NetworkMotor:ReconcileOwnerFromServer","message":"owner_reconcile","data":{"preSnapErr":0.0000,"replayCount":9,"preTick":3731,"postTick":3731,"serverTick":3722,"ackSeq":2265,"simTick":4020},"timestamp":1782243080284}
{"sessionId":"3f83e2","runId":"post-fix7","hypothesisId":"H2","location":"Starship.NetworkMotor:ClientPredictMotorFixedStep","message":"owner_predict","data":{"tick":3732,"simTick":4020,"serverClock":4023,"tickLead":-288,"speed":0.000,"thrust":0},"timestamp":1782243080286}
{"sessionId":"3f83e2","runId":"post-fix7","hypothesisId":"H5","location":"Starship.NetworkMotor:ApplyOwnerPredictedMotorVisuals","message":"owner_display","data":{"alpha":0.947,"renderSpan":0.0000,"frameDelta":0.0000,"speed":F3},"timestamp":1782243080294}
{"sessionId":"3f83e2","runId":"post-fix7","hypothesisId":"H1","location":"Starship.NetworkMotor:ReconcileOwnerFromServer","message":"owner_reconcile","data":{"preSnapErr":0.0000,"replayCount":9,"preTick":3732,"postTick":3732,"serverTick":3723,"ackSeq":2266,"simTick":4021},"timestamp":1782243080308}
{"sessionId":"3f83e2","runId":"post-fix7","hypothesisId":"H1","location":"Starship.NetworkMotor:ReconcileOwnerFromServer","message":"owner_reconcile","data":{"preSnapErr":0.0000,"replayCount":10,"preTick":3735,"postTick":3735,"serverTick":3725,"ackSeq":2268,"simTick":4024},"timestamp":1782243080354}
{"sessionId":"3f83e2","runId":"post-fix7","hypothesisId":"H1","location":"Starship.NetworkMotor:ReconcileOwnerFromServer","message":"owner_reconcile","data":{"preSnapErr":0.0000,"replayCount":9,"preTick":3736,"postTick":3736,"serverTick":3727,"ackSeq":2270,"simTick":4025},"timestamp":1782243080379}
{"sessionId":"3f83e2","runId":"post-fix7","hypothesisId":"H1","location":"Starship.NetworkMotor:ReconcileOwnerFromServer","message":"owner_reconcile","data":{"preSnapErr":0.0000,"replayCount":9,"preTick":3738,"postTick":3738,"serverTick":3729,"ackSeq":2272,"simTick":4027},"timestamp":1782243080422}
{"sessionId":"3f83e2","runId":"post-fix7","hypothesisId":"H1","location":"Starship.NetworkMotor:ReconcileOwnerFromServer","message":"owner_reconcile","data":{"preSnapErr":0.0000,"replayCount":9,"preTick":3739,"postTick":3739,"serverTick":3730,"ackSeq":2273,"simTick":4028},"timestamp":1782243080445}
{"sessionId":"3f83e2","runId":"post-fix7","hypothesisId":"H1","location":"Starship.NetworkMotor:ReconcileOwnerFromServer","message":"owner_reconcile","data":{"preSnapErr":0.0000,"replayCount":9,"preTick":3741,"postTick":3741,"serverTick":3732,"ackSeq":2275,"simTick":4030},"timestamp":1782243080488}
{"sessionId":"3f83e2","runId":"post-fix7","hypothesisId":"H1","location":"Starship.NetworkMotor:ReconcileOwnerFromServer","message":"owner_reconcile","data":{"preSnapErr":0.0000,"replayCount":9,"preTick":3743,"postTick":3743,"serverTick":3734,"ackSeq":2277,"simTick":4032},"timestamp":1782243080513}
{"sessionId":"3f83e2","runId":"post-fix7","hypothesisId":"H3","location":"Starship.NetworkMotor:ApplyRemoteMotorSnapshotVisuals","message":"remote_display","data":{"renderTickF":3733.335,"latestTick":3734,"simTick":4032,"bufCount":48,"extrapolating":0,"frameDelta":0.0075,"speed":F3},"timestamp":1782243080521}
{"sessionId":"3f83e2","runId":"post-fix7","hypothesisId":"H1","location":"Starship.NetworkMotor:ReconcileOwnerFromServer","message":"owner_reconcile","data":{"preSnapErr":0.0000,"replayCount":10,"preTick":3745,"postTick":3745,"serverTick":3735,"ackSeq":2278,"simTick":4034},"timestamp":1782243080556}
{"sessionId":"3f83e2","runId":"post-fix7","hypothesisId":"H5","location":"Starship.NetworkMotor:ApplyOwnerPredictedMotorVisuals","message":"owner_display","data":{"alpha":0.483,"renderSpan":0.0000,"frameDelta":0.0000,"speed":F3},"timestamp":1782243080565}
{"sessionId":"3f83e2","runId":"post-fix7","hypothesisId":"H1","location":"Starship.NetworkMotor:ReconcileOwnerFromServer","message":"owner_reconcile","data":{"preSnapErr":0.0000,"replayCount":9,"preTick":3746,"postTick":3746,"serverTick":3737,"ackSeq":2280,"simTick":4035},"timestamp":1782243080582}
{"sessionId":"3f83e2","runId":"post-fix7","hypothesisId":"H1","location":"Starship.NetworkMotor:ReconcileOwnerFromServer","message":"owner_reconcile","data":{"preSnapErr":0.0000,"replayCount":9,"preTick":3748,"postTick":3748,"serverTick":3739,"ackSeq":2282,"simTick":4037},"timestamp":1782243080626}
{"sessionId":"3f83e2","runId":"post-fix7","hypothesisId":"H1","location":"Starship.NetworkMotor:ReconcileOwnerFromServer","message":"owner_reconcile","data":{"preSnapErr":0.0000,"replayCount":9,"preTick":3749,"postTick":3749,"serverTick":3740,"ackSeq":2283,"simTick":4038},"timestamp":1782243080648}
{"sessionId":"3f83e2","runId":"post-fix7","hypothesisId":"H1","location":"Starship.NetworkMotor:ReconcileOwnerFromServer","message":"owner_reconcile","data":{"preSnapErr":0.0000,"replayCount":10,"preTick":3752,"postTick":3752,"serverTick":3742,"ackSeq":2285,"simTick":4041},"timestamp":1782243080692}
{"sessionId":"3f83e2","runId":"post-fix7","hypothesisId":"H1","location":"Starship.NetworkMotor:ReconcileOwnerFromServer","message":"owner_reconcile","data":{"preSnapErr":0.0000,"replayCount":9,"preTick":3753,"postTick":3753,"serverTick":3744,"ackSeq":2287,"simTick":4042},"timestamp":1782243080714}
{"sessionId":"3f83e2","runId":"post-fix7","hypothesisId":"H1","location":"Starship.NetworkMotor:ReconcileOwnerFromServer","message":"owner_reconcile","data":{"preSnapErr":0.0000,"replayCount":10,"preTick":3755,"postTick":3755,"serverTick":3745,"ackSeq":2288,"simTick":4044},"timestamp":1782243080756}
{"sessionId":"3f83e2","runId":"post-fix7","hypothesisId":"H2","location":"Starship.NetworkMotor:ClientPredictMotorFixedStep","message":"owner_predict","data":{"tick":3757,"simTick":4045,"serverClock":4048,"tickLead":-288,"speed":0.000,"thrust":0},"timestamp":1782243080778}
{"sessionId":"3f83e2","runId":"post-fix7","hypothesisId":"H3","location":"Starship.NetworkMotor:ApplyRemoteMotorSnapshotVisuals","message":"remote_display","data":{"renderTickF":3744.592,"latestTick":3745,"simTick":4045,"bufCount":48,"extrapolating":0,"frameDelta":0.0063,"speed":F3},"timestamp":1782243080787}
{"sessionId":"3f83e2","runId":"post-fix7","hypothesisId":"H1","location":"Starship.NetworkMotor:ReconcileOwnerFromServer","message":"owner_reconcile","data":{"preSnapErr":0.0000,"replayCount":10,"preTick":3757,"postTick":3757,"serverTick":3747,"ackSeq":2290,"simTick":4046},"timestamp":1782243080805}
{"sessionId":"3f83e2","runId":"post-fix7","hypothesisId":"H1","location":"Starship.NetworkMotor:ReconcileOwnerFromServer","message":"owner_reconcile","data":{"preSnapErr":0.0000,"replayCount":9,"preTick":3758,"postTick":3758,"serverTick":3749,"ackSeq":2292,"simTick":4047},"timestamp":1782243080828}
{"sessionId":"3f83e2","runId":"post-fix7","hypothesisId":"H5","location":"Starship.NetworkMotor:ApplyOwnerPredictedMotorVisuals","message":"owner_display","data":{"alpha":0.063,"renderSpan":0.0000,"frameDelta":0.0000,"speed":F3},"timestamp":1782243080837}
{"sessionId":"3f83e2","runId":"post-fix7","hypothesisId":"H1","location":"Starship.NetworkMotor:ReconcileOwnerFromServer","message":"owner_reconcile","data":{"preSnapErr":0.0000,"replayCount":10,"preTick":3760,"postTick":3760,"serverTick":3750,"ackSeq":2293,"simTick":4049},"timestamp":1782243080852}
{"sessionId":"3f83e2","runId":"post-fix7","hypothesisId":"H1","location":"Starship.NetworkMotor:ReconcileOwnerFromServer","message":"owner_reconcile","data":{"preSnapErr":0.0000,"replayCount":10,"preTick":3762,"postTick":3762,"serverTick":3752,"ackSeq":2295,"simTick":4051},"timestamp":1782243080895}
{"sessionId":"3f83e2","runId":"post-fix7","hypothesisId":"H1","location":"Starship.NetworkMotor:ReconcileOwnerFromServer","message":"owner_reconcile","data":{"preSnapErr":0.0000,"replayCount":9,"preTick":3763,"postTick":3763,"serverTick":3754,"ackSeq":2297,"simTick":4052},"timestamp":1782243080917}
{"sessionId":"3f83e2","runId":"post-fix7","hypothesisId":"H1","location":"Starship.NetworkMotor:ReconcileOwnerFromServer","message":"owner_reconcile","data":{"preSnapErr":0.0000,"replayCount":10,"preTick":3765,"postTick":3765,"serverTick":3755,"ackSeq":2298,"simTick":4054},"timestamp":1782243080960}
{"sessionId":"3f83e2","runId":"post-fix7","hypothesisId":"H1","location":"Starship.NetworkMotor:ReconcileOwnerFromServer","message":"owner_reconcile","data":{"preSnapErr":0.0000,"replayCount":9,"preTick":3766,"postTick":3766,"serverTick":3757,"ackSeq":2300,"simTick":4055},"timestamp":1782243080984}
{"sessionId":"3f83e2","runId":"post-fix7","hypothesisId":"H1","location":"Starship.NetworkMotor:ReconcileOwnerFromServer","message":"owner_reconcile","data":{"preSnapErr":0.0000,"replayCount":10,"preTick":3769,"postTick":3769,"serverTick":3759,"ackSeq":2302,"simTick":4058},"timestamp":1782243081031}
{"sessionId":"3f83e2","runId":"post-fix7","hypothesisId":"H1","location":"Starship.NetworkMotor:ReconcileOwnerFromServer","message":"owner_reconcile","data":{"preSnapErr":0.0000,"replayCount":10,"preTick":3770,"postTick":3770,"serverTick":3760,"ackSeq":2303,"simTick":4059},"timestamp":1782243081054}
{"sessionId":"3f83e2","runId":"post-fix7","hypothesisId":"H3","location":"Starship.NetworkMotor:ApplyRemoteMotorSnapshotVisuals","message":"remote_display","data":{"renderTickF":3759.406,"latestTick":3760,"simTick":4059,"bufCount":48,"extrapolating":0,"frameDelta":0.0082,"speed":F3},"timestamp":1782243081063}
{"sessionId":"3f83e2","runId":"post-fix7","hypothesisId":"H1","location":"Starship.NetworkMotor:ReconcileOwnerFromServer","message":"owner_reconcile","data":{"preSnapErr":0.0000,"replayCount":9,"preTick":3771,"postTick":3771,"serverTick":3762,"ackSeq":2305,"simTick":4060},"timestamp":1782243081076}
{"sessionId":"3f83e2","runId":"post-fix7","hypothesisId":"H5","location":"Starship.NetworkMotor:ApplyOwnerPredictedMotorVisuals","message":"owner_display","data":{"alpha":0.607,"renderSpan":0.0000,"frameDelta":0.0000,"speed":F3},"timestamp":1782243081106}
{"sessionId":"3f83e2","runId":"post-fix7","hypothesisId":"H1","location":"Starship.NetworkMotor:ReconcileOwnerFromServer","message":"owner_reconcile","data":{"preSnapErr":0.0000,"replayCount":9,"preTick":3773,"postTick":3773,"serverTick":3764,"ackSeq":2307,"simTick":4062},"timestamp":1782243081121}
{"sessionId":"3f83e2","runId":"post-fix7","hypothesisId":"H1","location":"Starship.NetworkMotor:ReconcileOwnerFromServer","message":"owner_reconcile","data":{"preSnapErr":0.0000,"replayCount":9,"preTick":3774,"postTick":3774,"serverTick":3765,"ackSeq":2308,"simTick":4063},"timestamp":1782243081144}
{"sessionId":"3f83e2","runId":"post-fix7","hypothesisId":"H1","location":"Starship.NetworkMotor:ReconcileOwnerFromServer","message":"owner_reconcile","data":{"preSnapErr":0.0000,"replayCount":9,"preTick":3776,"postTick":3776,"serverTick":3767,"ackSeq":2310,"simTick":4065},"timestamp":1782243081187}
{"sessionId":"3f83e2","runId":"post-fix7","hypothesisId":"H1","location":"Starship.NetworkMotor:ReconcileOwnerFromServer","message":"owner_reconcile","data":{"preSnapErr":0.0000,"replayCount":9,"preTick":3778,"postTick":3778,"serverTick":3769,"ackSeq":2312,"simTick":4067},"timestamp":1782243081216}
{"sessionId":"3f83e2","runId":"post-fix7","hypothesisId":"H1","location":"Starship.NetworkMotor:ReconcileOwnerFromServer","message":"owner_reconcile","data":{"preSnapErr":0.0000,"replayCount":9,"preTick":3780,"postTick":3780,"serverTick":3771,"ackSeq":2314,"simTick":4069},"timestamp":1782243081259}
{"sessionId":"3f83e2","runId":"post-fix7","hypothesisId":"H1","location":"Starship.NetworkMotor:ReconcileOwnerFromServer","message":"owner_reconcile","data":{"preSnapErr":0.0000,"replayCount":9,"preTick":3781,"postTick":3781,"serverTick":3772,"ackSeq":2315,"simTick":4070},"timestamp":1782243081283}
{"sessionId":"3f83e2","runId":"post-fix7","hypothesisId":"H2","location":"Starship.NetworkMotor:ClientPredictMotorFixedStep","message":"owner_predict","data":{"tick":3782,"simTick":4070,"serverClock":4073,"tickLead":-288,"speed":0.000,"thrust":0},"timestamp":1782243081284}
{"sessionId":"3f83e2","runId":"post-fix7","hypothesisId":"H1","location":"Starship.NetworkMotor:ReconcileOwnerFromServer","message":"owner_reconcile","data":{"preSnapErr":0.0000,"replayCount":9,"preTick":3782,"postTick":3782,"serverTick":3773,"ackSeq":2316,"simTick":4071},"timestamp":1782243081306}
{"sessionId":"3f83e2","runId":"post-fix7","hypothesisId":"H3","location":"Starship.NetworkMotor:ApplyRemoteMotorSnapshotVisuals","message":"remote_display","data":{"renderTickF":3772.140,"latestTick":3773,"simTick":4073,"bufCount":48,"extrapolating":0,"frameDelta":0.0071,"speed":F3},"timestamp":1782243081339}
{"sessionId":"3f83e2","runId":"post-fix7","hypothesisId":"H1","location":"Starship.NetworkMotor:ReconcileOwnerFromServer","message":"owner_reconcile","data":{"preSnapErr":0.0000,"replayCount":10,"preTick":3785,"postTick":3785,"serverTick":3775,"ackSeq":2318,"simTick":4074},"timestamp":1782243081353}
{"sessionId":"3f83e2","runId":"post-fix7","hypothesisId":"H5","location":"Starship.NetworkMotor:ApplyOwnerPredictedMotorVisuals","message":"owner_display","data":{"alpha":0.453,"renderSpan":0.0000,"frameDelta":0.0000,"speed":F3},"timestamp":1782243081382}
{"sessionId":"3f83e2","runId":"post-fix7","hypothesisId":"H1","location":"Starship.NetworkMotor:ReconcileOwnerFromServer","message":"owner_reconcile","data":{"preSnapErr":0.0000,"replayCount":10,"preTick":3787,"postTick":3787,"serverTick":3777,"ackSeq":2320,"simTick":4076},"timestamp":1782243081398}
{"sessionId":"3f83e2","runId":"post-fix7","hypothesisId":"H1","location":"Starship.NetworkMotor:ReconcileOwnerFromServer","message":"owner_reconcile","data":{"preSnapErr":0.0000,"replayCount":9,"preTick":3788,"postTick":3788,"serverTick":3779,"ackSeq":2322,"simTick":4077},"timestamp":1782243081423}
{"sessionId":"3f83e2","runId":"post-fix7","hypothesisId":"H1","location":"Starship.NetworkMotor:ReconcileOwnerFromServer","message":"owner_reconcile","data":{"preSnapErr":0.0000,"replayCount":9,"preTick":3790,"postTick":3790,"serverTick":3781,"ackSeq":2324,"simTick":4079},"timestamp":1782243081466}
{"sessionId":"3f83e2","runId":"post-fix7","hypothesisId":"H1","location":"Starship.NetworkMotor:ReconcileOwnerFromServer","message":"owner_reconcile","data":{"preSnapErr":0.0000,"replayCount":9,"preTick":3791,"postTick":3791,"serverTick":3782,"ackSeq":2325,"simTick":4080},"timestamp":1782243081488}
{"sessionId":"3f83e2","runId":"post-fix7","hypothesisId":"H1","location":"Starship.NetworkMotor:ReconcileOwnerFromServer","message":"owner_reconcile","data":{"preSnapErr":0.0000,"replayCount":9,"preTick":3793,"postTick":3793,"serverTick":3784,"ackSeq":2327,"simTick":4082},"timestamp":1782243081512}
{"sessionId":"3f83e2","runId":"post-fix7","hypothesisId":"H1","location":"Starship.NetworkMotor:ReconcileOwnerFromServer","message":"owner_reconcile","data":{"preSnapErr":0.0000,"replayCount":10,"preTick":3795,"postTick":3795,"serverTick":3785,"ackSeq":2328,"simTick":4084},"timestamp":1782243081558}
{"sessionId":"3f83e2","runId":"post-fix7","hypothesisId":"H1","location":"Starship.NetworkMotor:ReconcileOwnerFromServer","message":"owner_reconcile","data":{"preSnapErr":0.0000,"replayCount":9,"preTick":3797,"postTick":3797,"serverTick":3788,"ackSeq":2331,"simTick":4086},"timestamp":1782243081602}
{"sessionId":"3f83e2","runId":"post-fix7","hypothesisId":"H3","location":"Starship.NetworkMotor:ApplyRemoteMotorSnapshotVisuals","message":"remote_display","data":{"renderTickF":3787.756,"latestTick":3788,"simTick":4087,"bufCount":48,"extrapolating":0,"frameDelta":0.0087,"speed":F3},"timestamp":1782243081611}
{"sessionId":"3f83e2","runId":"post-fix7","hypothesisId":"H1","location":"Starship.NetworkMotor:ReconcileOwnerFromServer","message":"owner_reconcile","data":{"preSnapErr":0.0000,"replayCount":10,"preTick":3800,"postTick":3800,"serverTick":3790,"ackSeq":2333,"simTick":4089},"timestamp":1782243081650}
{"sessionId":"3f83e2","runId":"post-fix7","hypothesisId":"H5","location":"Starship.NetworkMotor:ApplyOwnerPredictedMotorVisuals","message":"owner_display","data":{"alpha":0.184,"renderSpan":0.0000,"frameDelta":0.0000,"speed":F3},"timestamp":1782243081658}
{"sessionId":"3f83e2","runId":"post-fix7","hypothesisId":"H1","location":"Starship.NetworkMotor:ReconcileOwnerFromServer","message":"owner_reconcile","data":{"preSnapErr":0.0000,"replayCount":9,"preTick":3801,"postTick":3801,"serverTick":3792,"ackSeq":2335,"simTick":4090},"timestamp":1782243081673}
{"sessionId":"3f83e2","runId":"post-fix7","hypothesisId":"H1","location":"Starship.NetworkMotor:ReconcileOwnerFromServer","message":"owner_reconcile","data":{"preSnapErr":0.0000,"replayCount":10,"preTick":3803,"postTick":3803,"serverTick":3793,"ackSeq":2336,"simTick":4092},"timestamp":1782243081715}
{"sessionId":"3f83e2","runId":"post-fix7","hypothesisId":"H1","location":"Starship.NetworkMotor:ReconcileOwnerFromServer","message":"owner_reconcile","data":{"preSnapErr":0.0000,"replayCount":10,"preTick":3805,"postTick":3805,"serverTick":3795,"ackSeq":2338,"simTick":4094},"timestamp":1782243081759}
{"sessionId":"3f83e2","runId":"post-fix7","hypothesisId":"H1","location":"Starship.NetworkMotor:ReconcileOwnerFromServer","message":"owner_reconcile","data":{"preSnapErr":0.0000,"replayCount":9,"preTick":3806,"postTick":3806,"serverTick":3797,"ackSeq":2340,"simTick":4095},"timestamp":1782243081782}
{"sessionId":"3f83e2","runId":"post-fix7","hypothesisId":"H2","location":"Starship.NetworkMotor:ClientPredictMotorFixedStep","message":"owner_predict","data":{"tick":3807,"simTick":4095,"serverClock":4098,"tickLead":-288,"speed":0.000,"thrust":0},"timestamp":1782243081782}
{"sessionId":"3f83e2","runId":"post-fix7","hypothesisId":"H1","location":"Starship.NetworkMotor:ReconcileOwnerFromServer","message":"owner_reconcile","data":{"preSnapErr":0.0000,"replayCount":9,"preTick":3808,"postTick":3808,"serverTick":3799,"ackSeq":2342,"simTick":4097},"timestamp":1782243081831}
{"sessionId":"3f83e2","runId":"post-fix7","hypothesisId":"H1","location":"Starship.NetworkMotor:ReconcileOwnerFromServer","message":"owner_reconcile","data":{"preSnapErr":0.0000,"replayCount":9,"preTick":3810,"postTick":3810,"serverTick":3801,"ackSeq":2344,"simTick":4099},"timestamp":1782243081855}
{"sessionId":"3f83e2","runId":"post-fix7","hypothesisId":"H3","location":"Starship.NetworkMotor:ApplyRemoteMotorSnapshotVisuals","message":"remote_display","data":{"renderTickF":3800.646,"latestTick":3801,"simTick":4101,"bufCount":48,"extrapolating":0,"frameDelta":0.0072,"speed":F3},"timestamp":1782243081887}
{"sessionId":"3f83e2","runId":"post-fix7","hypothesisId":"H1","location":"Starship.NetworkMotor:ReconcileOwnerFromServer","message":"owner_reconcile","data":{"preSnapErr":0.0000,"replayCount":10,"preTick":3813,"postTick":3813,"serverTick":3803,"ackSeq":2346,"simTick":4102},"timestamp":1782243081921}
{"sessionId":"3f83e2","runId":"post-fix7","hypothesisId":"H5","location":"Starship.NetworkMotor:ApplyOwnerPredictedMotorVisuals","message":"owner_display","data":{"alpha":0.690,"renderSpan":0.0000,"frameDelta":0.0000,"speed":F3},"timestamp":1782243081928}
{"sessionId":"3f83e2","runId":"post-fix7","hypothesisId":"H1","location":"Starship.NetworkMotor:ReconcileOwnerFromServer","message":"owner_reconcile","data":{"preSnapErr":0.0000,"replayCount":9,"preTick":3814,"postTick":3814,"serverTick":3805,"ackSeq":2348,"simTick":4103},"timestamp":1782243081943}
{"sessionId":"3f83e2","runId":"post-fix7","hypothesisId":"H1","location":"Starship.NetworkMotor:ReconcileOwnerFromServer","message":"owner_reconcile","data":{"preSnapErr":0.0000,"replayCount":9,"preTick":3816,"postTick":3816,"serverTick":3807,"ackSeq":2350,"simTick":4105},"timestamp":1782243081986}
{"sessionId":"3f83e2","runId":"post-fix7","hypothesisId":"H1","location":"Starship.NetworkMotor:ReconcileOwnerFromServer","message":"owner_reconcile","data":{"preSnapErr":0.0000,"replayCount":10,"preTick":3819,"postTick":3819,"serverTick":3809,"ackSeq":2352,"simTick":4108},"timestamp":1782243082038}
{"sessionId":"3f83e2","runId":"post-fix7","hypothesisId":"H1","location":"Starship.NetworkMotor:ReconcileOwnerFromServer","message":"owner_reconcile","data":{"preSnapErr":0.0000,"replayCount":9,"preTick":3820,"postTick":3820,"serverTick":3811,"ackSeq":2354,"simTick":4109},"timestamp":1782243082059}
{"sessionId":"3f83e2","runId":"post-fix7","hypothesisId":"H1","location":"Starship.NetworkMotor:ReconcileOwnerFromServer","message":"owner_reconcile","data":{"preSnapErr":0.0000,"replayCount":9,"preTick":3822,"postTick":3822,"serverTick":3813,"ackSeq":2356,"simTick":4111},"timestamp":1782243082105}
{"sessionId":"3f83e2","runId":"post-fix7","hypothesisId":"H1","location":"Starship.NetworkMotor:ReconcileOwnerFromServer","message":"owner_reconcile","data":{"preSnapErr":0.0000,"replayCount":10,"preTick":3825,"postTick":3825,"serverTick":3815,"ackSeq":2358,"simTick":4114},"timestamp":1782243082151}
{"sessionId":"3f83e2","runId":"post-fix7","hypothesisId":"H3","location":"Starship.NetworkMotor:ApplyRemoteMotorSnapshotVisuals","message":"remote_display","data":{"renderTickF":3814.208,"latestTick":3815,"simTick":4114,"bufCount":48,"extrapolating":0,"frameDelta":0.0075,"speed":F3},"timestamp":1782243082159}
{"sessionId":"3f83e2","runId":"post-fix7","hypothesisId":"H1","location":"Starship.NetworkMotor:ReconcileOwnerFromServer","message":"owner_reconcile","data":{"preSnapErr":0.0000,"replayCount":9,"preTick":3826,"postTick":3826,"serverTick":3817,"ackSeq":2360,"simTick":4115},"timestamp":1782243082173}
{"sessionId":"3f83e2","runId":"post-fix7","hypothesisId":"H5","location":"Starship.NetworkMotor:ApplyOwnerPredictedMotorVisuals","message":"owner_display","data":{"alpha":0.479,"renderSpan":0.0000,"frameDelta":0.0000,"speed":F3},"timestamp":1782243082204}
{"sessionId":"3f83e2","runId":"post-fix7","hypothesisId":"H1","location":"Starship.NetworkMotor:ReconcileOwnerFromServer","message":"owner_reconcile","data":{"preSnapErr":0.0000,"replayCount":10,"preTick":3828,"postTick":3828,"serverTick":3818,"ackSeq":2361,"simTick":4117},"timestamp":1782243082218}
{"sessionId":"3f83e2","runId":"post-fix7","hypothesisId":"H1","location":"Starship.NetworkMotor:ReconcileOwnerFromServer","message":"owner_reconcile","data":{"preSnapErr":0.0000,"replayCount":10,"preTick":3830,"postTick":3830,"serverTick":3820,"ackSeq":2363,"simTick":4119},"timestamp":1782243082266}
{"sessionId":"3f83e2","runId":"post-fix7","hypothesisId":"H1","location":"Starship.NetworkMotor:ReconcileOwnerFromServer","message":"owner_reconcile","data":{"preSnapErr":0.0000,"replayCount":9,"preTick":3831,"postTick":3831,"serverTick":3822,"ackSeq":2365,"simTick":4120},"timestamp":1782243082290}
{"sessionId":"3f83e2","runId":"post-fix7","hypothesisId":"H2","location":"Starship.NetworkMotor:ClientPredictMotorFixedStep","message":"owner_predict","data":{"tick":3832,"simTick":4120,"serverClock":4123,"tickLead":-288,"speed":0.000,"thrust":0},"timestamp":1782243082290}
{"sessionId":"3f83e2","runId":"post-fix7","hypothesisId":"H1","location":"Starship.NetworkMotor:ReconcileOwnerFromServer","message":"owner_reconcile","data":{"preSnapErr":0.0000,"replayCount":10,"preTick":3833,"postTick":3833,"serverTick":3823,"ackSeq":2366,"simTick":4122},"timestamp":1782243082316}
{"sessionId":"3f83e2","runId":"post-fix7","hypothesisId":"H1","location":"Starship.NetworkMotor:ReconcileOwnerFromServer","message":"owner_reconcile","data":{"preSnapErr":0.0000,"replayCount":9,"preTick":3834,"postTick":3834,"serverTick":3825,"ackSeq":2368,"simTick":4123},"timestamp":1782243082337}
{"sessionId":"3f83e2","runId":"post-fix7","hypothesisId":"H1","location":"Starship.NetworkMotor:ReconcileOwnerFromServer","message":"owner_reconcile","data":{"preSnapErr":0.0000,"replayCount":9,"preTick":3836,"postTick":3836,"serverTick":3827,"ackSeq":2370,"simTick":4125},"timestamp":1782243082383}
{"sessionId":"3f83e2","runId":"post-fix7","hypothesisId":"H1","location":"Starship.NetworkMotor:ReconcileOwnerFromServer","message":"owner_reconcile","data":{"preSnapErr":0.0000,"replayCount":9,"preTick":3837,"postTick":3837,"serverTick":3828,"ackSeq":2371,"simTick":4126},"timestamp":1782243082406}
{"sessionId":"3f83e2","runId":"post-fix7","hypothesisId":"H3","location":"Starship.NetworkMotor:ApplyRemoteMotorSnapshotVisuals","message":"remote_display","data":{"renderTickF":3827.143,"latestTick":3828,"simTick":4128,"bufCount":48,"extrapolating":0,"frameDelta":0.0072,"speed":F3},"timestamp":1782243082438}
{"sessionId":"3f83e2","runId":"post-fix7","hypothesisId":"H1","location":"Starship.NetworkMotor:ReconcileOwnerFromServer","message":"owner_reconcile","data":{"preSnapErr":0.0000,"replayCount":10,"preTick":3840,"postTick":3840,"serverTick":3830,"ackSeq":2373,"simTick":4129},"timestamp":1782243082457}
{"sessionId":"3f83e2","runId":"post-fix7","hypothesisId":"H1","location":"Starship.NetworkMotor:ReconcileOwnerFromServer","message":"owner_reconcile","data":{"preSnapErr":0.0000,"replayCount":9,"preTick":3841,"postTick":3841,"serverTick":3832,"ackSeq":2375,"simTick":4130},"timestamp":1782243082478}
{"sessionId":"3f83e2","runId":"post-fix7","hypothesisId":"H5","location":"Starship.NetworkMotor:ApplyOwnerPredictedMotorVisuals","message":"owner_display","data":{"alpha":0.572,"renderSpan":0.0000,"frameDelta":0.0000,"speed":F3},"timestamp":1782243082487}
{"sessionId":"3f83e2","runId":"post-fix7","hypothesisId":"H1","location":"Starship.NetworkMotor:ReconcileOwnerFromServer","message":"owner_reconcile","data":{"preSnapErr":0.0000,"replayCount":10,"preTick":3843,"postTick":3843,"serverTick":3833,"ackSeq":2376,"simTick":4132},"timestamp":1782243082524}
{"sessionId":"3f83e2","runId":"post-fix7","hypothesisId":"H1","location":"Starship.NetworkMotor:ReconcileOwnerFromServer","message":"owner_reconcile","data":{"preSnapErr":0.0000,"replayCount":9,"preTick":3844,"postTick":3844,"serverTick":3835,"ackSeq":2378,"simTick":4133},"timestamp":1782243082545}
{"sessionId":"3f83e2","runId":"post-fix7","hypothesisId":"H1","location":"Starship.NetworkMotor:ReconcileOwnerFromServer","message":"owner_reconcile","data":{"preSnapErr":0.0000,"replayCount":10,"preTick":3847,"postTick":3847,"serverTick":3837,"ackSeq":2380,"simTick":4136},"timestamp":1782243082593}
{"sessionId":"3f83e2","runId":"post-fix7","hypothesisId":"H1","location":"Starship.NetworkMotor:ReconcileOwnerFromServer","message":"owner_reconcile","data":{"preSnapErr":0.0000,"replayCount":10,"preTick":3848,"postTick":3848,"serverTick":3838,"ackSeq":2381,"simTick":4137},"timestamp":1782243082618}
{"sessionId":"3f83e2","runId":"post-fix7","hypothesisId":"H1","location":"Starship.NetworkMotor:ReconcileOwnerFromServer","message":"owner_reconcile","data":{"preSnapErr":0.0000,"replayCount":9,"preTick":3849,"postTick":3849,"serverTick":3840,"ackSeq":2383,"simTick":4138},"timestamp":1782243082640}
{"sessionId":"3f83e2","runId":"post-fix7","hypothesisId":"H1","location":"Starship.NetworkMotor:ReconcileOwnerFromServer","message":"owner_reconcile","data":{"preSnapErr":0.0000,"replayCount":10,"preTick":3852,"postTick":3852,"serverTick":3842,"ackSeq":2385,"simTick":4141},"timestamp":1782243082692}
{"sessionId":"3f83e2","runId":"post-fix7","hypothesisId":"H1","location":"Starship.NetworkMotor:ReconcileOwnerFromServer","message":"owner_reconcile","data":{"preSnapErr":0.0000,"replayCount":10,"preTick":3853,"postTick":3853,"serverTick":3843,"ackSeq":2386,"simTick":4142},"timestamp":1782243082715}
{"sessionId":"3f83e2","runId":"post-fix7","hypothesisId":"H3","location":"Starship.NetworkMotor:ApplyRemoteMotorSnapshotVisuals","message":"remote_display","data":{"renderTickF":3842.488,"latestTick":3843,"simTick":4142,"bufCount":48,"extrapolating":0,"frameDelta":0.0085,"speed":F3},"timestamp":1782243082725}
{"sessionId":"3f83e2","runId":"post-fix7","hypothesisId":"H1","location":"Starship.NetworkMotor:ReconcileOwnerFromServer","message":"owner_reconcile","data":{"preSnapErr":0.0000,"replayCount":9,"preTick":3854,"postTick":3854,"serverTick":3845,"ackSeq":2388,"simTick":4143},"timestamp":1782243082740}
{"sessionId":"3f83e2","runId":"post-fix7","hypothesisId":"H5","location":"Starship.NetworkMotor:ApplyOwnerPredictedMotorVisuals","message":"owner_display","data":{"alpha":0.818,"renderSpan":0.0000,"frameDelta":0.0000,"speed":F3},"timestamp":1782243082771}
{"sessionId":"3f83e2","runId":"post-fix7","hypothesisId":"H1","location":"Starship.NetworkMotor:ReconcileOwnerFromServer","message":"owner_reconcile","data":{"preSnapErr":0.0000,"replayCount":9,"preTick":3856,"postTick":3856,"serverTick":3847,"ackSeq":2390,"simTick":4145},"timestamp":1782243082787}
{"sessionId":"3f83e2","runId":"post-fix7","hypothesisId":"H2","location":"Starship.NetworkMotor:ClientPredictMotorFixedStep","message":"owner_predict","data":{"tick":3857,"simTick":4145,"serverClock":4148,"tickLead":-288,"speed":0.000,"thrust":0},"timestamp":1782243082788}
{"sessionId":"3f83e2","runId":"post-fix7","hypothesisId":"H1","location":"Starship.NetworkMotor:ReconcileOwnerFromServer","message":"owner_reconcile","data":{"preSnapErr":0.0000,"replayCount":9,"preTick":3858,"postTick":3858,"serverTick":3849,"ackSeq":2392,"simTick":4147},"timestamp":1782243082815}
{"sessionId":"3f83e2","runId":"post-fix7","hypothesisId":"H1","location":"Starship.NetworkMotor:ReconcileOwnerFromServer","message":"owner_reconcile","data":{"preSnapErr":0.0000,"replayCount":10,"preTick":3860,"postTick":3860,"serverTick":3850,"ackSeq":2393,"simTick":4149},"timestamp":1782243082863}
{"sessionId":"3f83e2","runId":"post-fix7","hypothesisId":"H1","location":"Starship.NetworkMotor:ReconcileOwnerFromServer","message":"owner_reconcile","data":{"preSnapErr":0.0000,"replayCount":9,"preTick":3861,"postTick":3861,"serverTick":3852,"ackSeq":2395,"simTick":4150},"timestamp":1782243082891}
{"sessionId":"3f83e2","runId":"post-fix7","hypothesisId":"H1","location":"Starship.NetworkMotor:ReconcileOwnerFromServer","message":"owner_reconcile","data":{"preSnapErr":0.0000,"replayCount":9,"preTick":3863,"postTick":3863,"serverTick":3854,"ackSeq":2397,"simTick":4152},"timestamp":1782243082918}
{"sessionId":"3f83e2","runId":"post-fix7","hypothesisId":"H1","location":"Starship.NetworkMotor:ReconcileOwnerFromServer","message":"owner_reconcile","data":{"preSnapErr":0.0000,"replayCount":9,"preTick":3864,"postTick":3864,"serverTick":3855,"ackSeq":2398,"simTick":4153},"timestamp":1782243082941}
{"sessionId":"3f83e2","runId":"post-fix7","hypothesisId":"H1","location":"Starship.NetworkMotor:ReconcileOwnerFromServer","message":"owner_reconcile","data":{"preSnapErr":0.0000,"replayCount":9,"preTick":3866,"postTick":3866,"serverTick":3857,"ackSeq":2400,"simTick":4155},"timestamp":1782243082986}
{"sessionId":"3f83e2","runId":"post-fix7","hypothesisId":"H3","location":"Starship.NetworkMotor:ApplyRemoteMotorSnapshotVisuals","message":"remote_display","data":{"renderTickF":3856.043,"latestTick":3857,"simTick":4157,"bufCount":48,"extrapolating":0,"frameDelta":0.0075,"speed":F3},"timestamp":1782243083016}
{"sessionId":"3f83e2","runId":"post-fix7","hypothesisId":"H1","location":"Starship.NetworkMotor:ReconcileOwnerFromServer","message":"owner_reconcile","data":{"preSnapErr":0.0000,"replayCount":10,"preTick":3869,"postTick":3869,"serverTick":3859,"ackSeq":2402,"simTick":4158},"timestamp":1782243083030}
{"sessionId":"3f83e2","runId":"post-fix7","hypothesisId":"H1","location":"Starship.NetworkMotor:ReconcileOwnerFromServer","message":"owner_reconcile","data":{"preSnapErr":0.0000,"replayCount":10,"preTick":3870,"postTick":3870,"serverTick":3860,"ackSeq":2403,"simTick":4159},"timestamp":1782243083053}
{"sessionId":"3f83e2","runId":"post-fix7","hypothesisId":"H5","location":"Starship.NetworkMotor:ApplyOwnerPredictedMotorVisuals","message":"owner_display","data":{"alpha":0.319,"renderSpan":0.0000,"frameDelta":0.0000,"speed":F3},"timestamp":1782243083060}
{"sessionId":"3f83e2","runId":"post-fix7","hypothesisId":"H1","location":"Starship.NetworkMotor:ReconcileOwnerFromServer","message":"owner_reconcile","data":{"preSnapErr":0.0000,"replayCount":10,"preTick":3872,"postTick":3872,"serverTick":3862,"ackSeq":2405,"simTick":4161},"timestamp":1782243083099}
{"sessionId":"3f83e2","runId":"post-fix7","hypothesisId":"H1","location":"Starship.NetworkMotor:ReconcileOwnerFromServer","message":"owner_reconcile","data":{"preSnapErr":0.0000,"replayCount":9,"preTick":3873,"postTick":3873,"serverTick":3864,"ackSeq":2407,"simTick":4162},"timestamp":1782243083121}
{"sessionId":"3f83e2","runId":"post-fix7","hypothesisId":"H1","location":"Starship.NetworkMotor:ReconcileOwnerFromServer","message":"owner_reconcile","data":{"preSnapErr":0.0000,"replayCount":9,"preTick":3875,"postTick":3875,"serverTick":3866,"ackSeq":2409,"simTick":4164},"timestamp":1782243083166}
{"sessionId":"3f83e2","runId":"post-fix7","hypothesisId":"H1","location":"Starship.NetworkMotor:ReconcileOwnerFromServer","message":"owner_reconcile","data":{"preSnapErr":0.0000,"replayCount":9,"preTick":3876,"postTick":3876,"serverTick":3867,"ackSeq":2410,"simTick":4165},"timestamp":1782243083189}
{"sessionId":"3f83e2","runId":"post-fix7","hypothesisId":"H1","location":"Starship.NetworkMotor:ReconcileOwnerFromServer","message":"owner_reconcile","data":{"preSnapErr":0.0000,"replayCount":9,"preTick":3878,"postTick":3878,"serverTick":3869,"ackSeq":2412,"simTick":4167},"timestamp":1782243083214}
{"sessionId":"3f83e2","runId":"post-fix7","hypothesisId":"H1","location":"Starship.NetworkMotor:ReconcileOwnerFromServer","message":"owner_reconcile","data":{"preSnapErr":0.0000,"replayCount":9,"preTick":3880,"postTick":3880,"serverTick":3871,"ackSeq":2414,"simTick":4169},"timestamp":1782243083258}
{"sessionId":"3f83e2","runId":"post-fix7","hypothesisId":"H2","location":"Starship.NetworkMotor:ClientPredictMotorFixedStep","message":"owner_predict","data":{"tick":3882,"simTick":4170,"serverClock":4173,"tickLead":-288,"speed":0.000,"thrust":0},"timestamp":1782243083280}
{"sessionId":"3f83e2","runId":"post-fix7","hypothesisId":"H3","location":"Starship.NetworkMotor:ApplyRemoteMotorSnapshotVisuals","message":"remote_display","data":{"renderTickF":3870.682,"latestTick":3871,"simTick":4171,"bufCount":48,"extrapolating":0,"frameDelta":0.0081,"speed":F3},"timestamp":1782243083288}
{"sessionId":"3f83e2","runId":"post-fix7","hypothesisId":"H1","location":"Starship.NetworkMotor:ReconcileOwnerFromServer","message":"owner_reconcile","data":{"preSnapErr":0.0000,"replayCount":9,"preTick":3882,"postTick":3882,"serverTick":3873,"ackSeq":2416,"simTick":4171},"timestamp":1782243083306}
{"sessionId":"3f83e2","runId":"post-fix7","hypothesisId":"H5","location":"Starship.NetworkMotor:ApplyOwnerPredictedMotorVisuals","message":"owner_display","data":{"alpha":0.088,"renderSpan":0.0000,"frameDelta":0.0000,"speed":F3},"timestamp":1782243083337}
{"sessionId":"3f83e2","runId":"post-fix7","hypothesisId":"H1","location":"Starship.NetworkMotor:ReconcileOwnerFromServer","message":"owner_reconcile","data":{"preSnapErr":0.0000,"replayCount":10,"preTick":3885,"postTick":3885,"serverTick":3875,"ackSeq":2418,"simTick":4174},"timestamp":1782243083352}
{"sessionId":"3f83e2","runId":"post-fix7","hypothesisId":"H1","location":"Starship.NetworkMotor:ReconcileOwnerFromServer","message":"owner_reconcile","data":{"preSnapErr":0.0000,"replayCount":9,"preTick":3886,"postTick":3886,"serverTick":3877,"ackSeq":2420,"simTick":4175},"timestamp":1782243083374}
{"sessionId":"3f83e2","runId":"post-fix7","hypothesisId":"H1","location":"Starship.NetworkMotor:ReconcileOwnerFromServer","message":"owner_reconcile","data":{"preSnapErr":0.0000,"replayCount":9,"preTick":3888,"postTick":3888,"serverTick":3879,"ackSeq":2422,"simTick":4177},"timestamp":1782243083422}
{"sessionId":"3f83e2","runId":"post-fix7","hypothesisId":"H1","location":"Starship.NetworkMotor:ReconcileOwnerFromServer","message":"owner_reconcile","data":{"preSnapErr":0.0000,"replayCount":9,"preTick":3889,"postTick":3889,"serverTick":3880,"ackSeq":2423,"simTick":4178},"timestamp":1782243083446}
{"sessionId":"3f83e2","runId":"post-fix7","hypothesisId":"H1","location":"Starship.NetworkMotor:ReconcileOwnerFromServer","message":"owner_reconcile","data":{"preSnapErr":0.0000,"replayCount":10,"preTick":3892,"postTick":3892,"serverTick":3882,"ackSeq":2425,"simTick":4181},"timestamp":1782243083494}
{"sessionId":"3f83e2","runId":"post-fix7","hypothesisId":"H1","location":"Starship.NetworkMotor:ReconcileOwnerFromServer","message":"owner_reconcile","data":{"preSnapErr":0.0000,"replayCount":9,"preTick":3893,"postTick":3893,"serverTick":3884,"ackSeq":2427,"simTick":4182},"timestamp":1782243083520}
{"sessionId":"3f83e2","runId":"post-fix7","hypothesisId":"H1","location":"Starship.NetworkMotor:ReconcileOwnerFromServer","message":"owner_reconcile","data":{"preSnapErr":0.0000,"replayCount":9,"preTick":3895,"postTick":3895,"serverTick":3886,"ackSeq":2429,"simTick":4184},"timestamp":1782243083567}
{"sessionId":"3f83e2","runId":"post-fix7","hypothesisId":"H3","location":"Starship.NetworkMotor:ApplyRemoteMotorSnapshotVisuals","message":"remote_display","data":{"renderTickF":3885.058,"latestTick":3886,"simTick":4185,"bufCount":48,"extrapolating":0,"frameDelta":0.0080,"speed":F3},"timestamp":1782243083578}
{"sessionId":"3f83e2","runId":"post-fix7","hypothesisId":"H1","location":"Starship.NetworkMotor:ReconcileOwnerFromServer","message":"owner_reconcile","data":{"preSnapErr":0.0000,"replayCount":10,"preTick":3897,"postTick":3897,"serverTick":3887,"ackSeq":2430,"simTick":4186},"timestamp":1782243083593}
{"sessionId":"3f83e2","runId":"post-fix7","hypothesisId":"H1","location":"Starship.NetworkMotor:ReconcileOwnerFromServer","message":"owner_reconcile","data":{"preSnapErr":0.0000,"replayCount":10,"preTick":3898,"postTick":3898,"serverTick":3888,"ackSeq":2431,"simTick":4187},"timestamp":1782243083616}
{"sessionId":"3f83e2","runId":"post-fix7","hypothesisId":"H5","location":"Starship.NetworkMotor:ApplyOwnerPredictedMotorVisuals","message":"owner_display","data":{"alpha":0.515,"renderSpan":0.0000,"frameDelta":0.0000,"speed":F3},"timestamp":1782243083626}
{"sessionId":"3f83e2","runId":"post-fix7","hypothesisId":"H1","location":"Starship.NetworkMotor:ReconcileOwnerFromServer","message":"owner_reconcile","data":{"preSnapErr":0.0000,"replayCount":9,"preTick":3899,"postTick":3899,"serverTick":3890,"ackSeq":2433,"simTick":4188},"timestamp":1782243083640}
{"sessionId":"3f83e2","runId":"post-fix7","hypothesisId":"H1","location":"Starship.NetworkMotor:ReconcileOwnerFromServer","message":"owner_reconcile","data":{"preSnapErr":0.0000,"replayCount":9,"preTick":3901,"postTick":3901,"serverTick":3892,"ackSeq":2435,"simTick":4190},"timestamp":1782243083684}
{"sessionId":"3f83e2","runId":"post-fix7","hypothesisId":"H1","location":"Starship.NetworkMotor:ReconcileOwnerFromServer","message":"owner_reconcile","data":{"preSnapErr":0.0000,"replayCount":9,"preTick":3902,"postTick":3902,"serverTick":3893,"ackSeq":2436,"simTick":4191},"timestamp":1782243083708}
{"sessionId":"3f83e2","runId":"post-fix7","hypothesisId":"H1","location":"Starship.NetworkMotor:ReconcileOwnerFromServer","message":"owner_reconcile","data":{"preSnapErr":0.0000,"replayCount":10,"preTick":3905,"postTick":3905,"serverTick":3895,"ackSeq":2438,"simTick":4194},"timestamp":1782243083758}
{"sessionId":"3f83e2","runId":"post-fix7","hypothesisId":"H1","location":"Starship.NetworkMotor:ReconcileOwnerFromServer","message":"owner_reconcile","data":{"preSnapErr":0.0000,"replayCount":9,"preTick":3906,"postTick":3906,"serverTick":3897,"ackSeq":2440,"simTick":4195},"timestamp":1782243083783}
{"sessionId":"3f83e2","runId":"post-fix7","hypothesisId":"H2","location":"Starship.NetworkMotor:ClientPredictMotorFixedStep","message":"owner_predict","data":{"tick":3907,"simTick":4195,"serverClock":4198,"tickLead":-288,"speed":0.000,"thrust":0},"timestamp":1782243083783}
{"sessionId":"3f83e2","runId":"post-fix7","hypothesisId":"H1","location":"Starship.NetworkMotor:ReconcileOwnerFromServer","message":"owner_reconcile","data":{"preSnapErr":0.0000,"replayCount":10,"preTick":3909,"postTick":3909,"serverTick":3899,"ackSeq":2442,"simTick":4198},"timestamp":1782243083832}
{"sessionId":"3f83e2","runId":"post-fix7","hypothesisId":"H1","location":"Starship.NetworkMotor:ReconcileOwnerFromServer","message":"owner_reconcile","data":{"preSnapErr":0.0000,"replayCount":9,"preTick":3910,"postTick":3910,"serverTick":3901,"ackSeq":2444,"simTick":4199},"timestamp":1782243083856}
{"sessionId":"3f83e2","runId":"post-fix7","hypothesisId":"H3","location":"Starship.NetworkMotor:ApplyRemoteMotorSnapshotVisuals","message":"remote_display","data":{"renderTickF":3900.465,"latestTick":3901,"simTick":4199,"bufCount":48,"extrapolating":0,"frameDelta":0.0086,"speed":F3},"timestamp":1782243083865}
{"sessionId":"3f83e2","runId":"post-fix7","hypothesisId":"H5","location":"Starship.NetworkMotor:ApplyOwnerPredictedMotorVisuals","message":"owner_display","data":{"alpha":0.681,"renderSpan":0.0000,"frameDelta":0.0000,"speed":F3},"timestamp":1782243083908}
{"sessionId":"3f83e2","runId":"post-fix7","hypothesisId":"H1","location":"Starship.NetworkMotor:ReconcileOwnerFromServer","message":"owner_reconcile","data":{"preSnapErr":0.0000,"replayCount":10,"preTick":3913,"postTick":3913,"serverTick":3903,"ackSeq":2446,"simTick":4202},"timestamp":1782243083923}
{"sessionId":"3f83e2","runId":"post-fix7","hypothesisId":"H1","location":"Starship.NetworkMotor:ReconcileOwnerFromServer","message":"owner_reconcile","data":{"preSnapErr":0.0000,"replayCount":9,"preTick":3914,"postTick":3914,"serverTick":3905,"ackSeq":2448,"simTick":4203},"timestamp":1782243083950}
{"sessionId":"3f83e2","runId":"post-fix7","hypothesisId":"H1","location":"Starship.NetworkMotor:ReconcileOwnerFromServer","message":"owner_reconcile","data":{"preSnapErr":0.0000,"replayCount":9,"preTick":3916,"postTick":3916,"serverTick":3907,"ackSeq":2450,"simTick":4205},"timestamp":1782243083976}
{"sessionId":"3f83e2","runId":"post-fix7","hypothesisId":"H1","location":"Starship.NetworkMotor:ReconcileOwnerFromServer","message":"owner_reconcile","data":{"preSnapErr":0.0000,"replayCount":10,"preTick":3918,"postTick":3918,"serverTick":3908,"ackSeq":2451,"simTick":4207},"timestamp":1782243084022}
{"sessionId":"3f83e2","runId":"post-fix7","hypothesisId":"H1","location":"Starship.NetworkMotor:ReconcileOwnerFromServer","message":"owner_reconcile","data":{"preSnapErr":0.0000,"replayCount":10,"preTick":3920,"postTick":3920,"serverTick":3910,"ackSeq":2453,"simTick":4209},"timestamp":1782243084068}
{"sessionId":"3f83e2","runId":"post-fix7","hypothesisId":"H1","location":"Starship.NetworkMotor:ReconcileOwnerFromServer","message":"owner_reconcile","data":{"preSnapErr":0.0000,"replayCount":10,"preTick":3922,"postTick":3922,"serverTick":3912,"ackSeq":2455,"simTick":4211},"timestamp":1782243084095}
{"sessionId":"3f83e2","runId":"post-fix7","hypothesisId":"H1","location":"Starship.NetworkMotor:ReconcileOwnerFromServer","message":"owner_reconcile","data":{"preSnapErr":0.0000,"replayCount":10,"preTick":3923,"postTick":3923,"serverTick":3913,"ackSeq":2456,"simTick":4212},"timestamp":1782243084116}
{"sessionId":"3f83e2","runId":"post-fix7","hypothesisId":"H3","location":"Starship.NetworkMotor:ApplyRemoteMotorSnapshotVisuals","message":"remote_display","data":{"renderTickF":3912.686,"latestTick":3913,"simTick":4214,"bufCount":48,"extrapolating":0,"frameDelta":0.0068,"speed":F3},"timestamp":1782243084148}
{"sessionId":"3f83e2","runId":"post-fix7","hypothesisId":"H1","location":"Starship.NetworkMotor:ReconcileOwnerFromServer","message":"owner_reconcile","data":{"preSnapErr":0.0000,"replayCount":10,"preTick":3925,"postTick":3925,"serverTick":3915,"ackSeq":2458,"simTick":4214},"timestamp":1782243084164}
{"sessionId":"3f83e2","runId":"post-fix7","hypothesisId":"H1","location":"Starship.NetworkMotor:ReconcileOwnerFromServer","message":"owner_reconcile","data":{"preSnapErr":0.0000,"replayCount":9,"preTick":3926,"postTick":3926,"serverTick":3917,"ackSeq":2460,"simTick":4215},"timestamp":1782243084189}
{"sessionId":"3f83e2","runId":"post-fix7","hypothesisId":"H5","location":"Starship.NetworkMotor:ApplyOwnerPredictedMotorVisuals","message":"owner_display","data":{"alpha":0.162,"renderSpan":0.0000,"frameDelta":0.0000,"speed":F3},"timestamp":1782243084201}
{"sessionId":"3f83e2","runId":"post-fix7","hypothesisId":"H1","location":"Starship.NetworkMotor:ReconcileOwnerFromServer","message":"owner_reconcile","data":{"preSnapErr":0.0000,"replayCount":10,"preTick":3929,"postTick":3929,"serverTick":3919,"ackSeq":2462,"simTick":4218},"timestamp":1782243084235}
{"sessionId":"3f83e2","runId":"post-fix7","hypothesisId":"H1","location":"Starship.NetworkMotor:ReconcileOwnerFromServer","message":"owner_reconcile","data":{"preSnapErr":0.0000,"replayCount":10,"preTick":3930,"postTick":3930,"serverTick":3920,"ackSeq":2463,"simTick":4219},"timestamp":1782243084257}
{"sessionId":"3f83e2","runId":"post-fix7","hypothesisId":"H2","location":"Starship.NetworkMotor:ClientPredictMotorFixedStep","message":"owner_predict","data":{"tick":3932,"simTick":4220,"serverClock":4223,"tickLead":-288,"speed":0.000,"thrust":0},"timestamp":1782243084279}
{"sessionId":"3f83e2","runId":"post-fix7","hypothesisId":"H1","location":"Starship.NetworkMotor:ReconcileOwnerFromServer","message":"owner_reconcile","data":{"preSnapErr":0.0000,"replayCount":10,"preTick":3932,"postTick":3932,"serverTick":3922,"ackSeq":2465,"simTick":4221},"timestamp":1782243084302}
{"sessionId":"3f83e2","runId":"post-fix7","hypothesisId":"H1","location":"Starship.NetworkMotor:ReconcileOwnerFromServer","message":"owner_reconcile","data":{"preSnapErr":0.0000,"replayCount":10,"preTick":3933,"postTick":3933,"serverTick":3923,"ackSeq":2466,"simTick":4222},"timestamp":1782243084324}
{"sessionId":"3f83e2","runId":"post-fix7","hypothesisId":"H1","location":"Starship.NetworkMotor:ReconcileOwnerFromServer","message":"owner_reconcile","data":{"preSnapErr":0.0000,"replayCount":9,"preTick":3934,"postTick":3934,"serverTick":3925,"ackSeq":2468,"simTick":4223},"timestamp":1782243084347}
{"sessionId":"3f83e2","runId":"post-fix7","hypothesisId":"H1","location":"Starship.NetworkMotor:ReconcileOwnerFromServer","message":"owner_reconcile","data":{"preSnapErr":0.0000,"replayCount":10,"preTick":3937,"postTick":3937,"serverTick":3927,"ackSeq":2470,"simTick":4226},"timestamp":1782243084396}
{"sessionId":"3f83e2","runId":"post-fix7","hypothesisId":"H1","location":"Starship.NetworkMotor:ReconcileOwnerFromServer","message":"owner_reconcile","data":{"preSnapErr":0.0000,"replayCount":9,"preTick":3938,"postTick":3938,"serverTick":3929,"ackSeq":2472,"simTick":4227},"timestamp":1782243084418}
{"sessionId":"3f83e2","runId":"post-fix7","hypothesisId":"H3","location":"Starship.NetworkMotor:ApplyRemoteMotorSnapshotVisuals","message":"remote_display","data":{"renderTickF":3928.610,"latestTick":3929,"simTick":4227,"bufCount":48,"extrapolating":0,"frameDelta":0.0089,"speed":F3},"timestamp":1782243084427}
{"sessionId":"3f83e2","runId":"post-fix7","hypothesisId":"H1","location":"Starship.NetworkMotor:ReconcileOwnerFromServer","message":"owner_reconcile","data":{"preSnapErr":0.0000,"replayCount":10,"preTick":3940,"postTick":3940,"serverTick":3930,"ackSeq":2473,"simTick":4229},"timestamp":1782243084463}
{"sessionId":"3f83e2","runId":"post-fix7","hypothesisId":"H5","location":"Starship.NetworkMotor:ApplyOwnerPredictedMotorVisuals","message":"owner_display","data":{"alpha":0.806,"renderSpan":0.0000,"frameDelta":0.0000,"speed":F3},"timestamp":1782243084471}
{"sessionId":"3f83e2","runId":"post-fix7","hypothesisId":"H1","location":"Starship.NetworkMotor:ReconcileOwnerFromServer","message":"owner_reconcile","data":{"preSnapErr":0.0000,"replayCount":9,"preTick":3941,"postTick":3941,"serverTick":3932,"ackSeq":2475,"simTick":4230},"timestamp":1782243084487}
{"sessionId":"3f83e2","runId":"post-fix7","hypothesisId":"H1","location":"Starship.NetworkMotor:ReconcileOwnerFromServer","message":"owner_reconcile","data":{"preSnapErr":0.0000,"replayCount":9,"preTick":3944,"postTick":3944,"serverTick":3935,"ackSeq":2478,"simTick":4233},"timestamp":1782243084538}
{"sessionId":"3f83e2","runId":"post-fix7","hypothesisId":"H1","location":"Starship.NetworkMotor:ReconcileOwnerFromServer","message":"owner_reconcile","data":{"preSnapErr":0.0000,"replayCount":9,"preTick":3946,"postTick":3946,"serverTick":3937,"ackSeq":2480,"simTick":4235},"timestamp":1782243084593}
{"sessionId":"3f83e2","runId":"post-fix7","hypothesisId":"H1","location":"Starship.NetworkMotor:ReconcileOwnerFromServer","message":"owner_reconcile","data":{"preSnapErr":0.0000,"replayCount":10,"preTick":3948,"postTick":3948,"serverTick":3938,"ackSeq":2481,"simTick":4237},"timestamp":1782243084620}
{"sessionId":"3f83e2","runId":"post-fix7","hypothesisId":"H1","location":"Starship.NetworkMotor:ReconcileOwnerFromServer","message":"owner_reconcile","data":{"preSnapErr":0.0000,"replayCount":10,"preTick":3950,"postTick":3950,"serverTick":3940,"ackSeq":2483,"simTick":4239},"timestamp":1782243084662}
{"sessionId":"3f83e2","runId":"post-fix7","hypothesisId":"H1","location":"Starship.NetworkMotor:ReconcileOwnerFromServer","message":"owner_reconcile","data":{"preSnapErr":0.0000,"replayCount":9,"preTick":3951,"postTick":3951,"serverTick":3942,"ackSeq":2485,"simTick":4240},"timestamp":1782243084685}
{"sessionId":"3f83e2","runId":"post-fix7","hypothesisId":"H3","location":"Starship.NetworkMotor:ApplyRemoteMotorSnapshotVisuals","message":"remote_display","data":{"renderTickF":3941.111,"latestTick":3942,"simTick":4242,"bufCount":48,"extrapolating":0,"frameDelta":0.0069,"speed":F3},"timestamp":1782243084720}
{"sessionId":"3f83e2","runId":"post-fix7","hypothesisId":"H1","location":"Starship.NetworkMotor:ReconcileOwnerFromServer","message":"owner_reconcile","data":{"preSnapErr":0.0000,"replayCount":10,"preTick":3954,"postTick":3954,"serverTick":3944,"ackSeq":2487,"simTick":4243},"timestamp":1782243084734}
{"sessionId":"3f83e2","runId":"post-fix7","hypothesisId":"H1","location":"Starship.NetworkMotor:ReconcileOwnerFromServer","message":"owner_reconcile","data":{"preSnapErr":0.0000,"replayCount":9,"preTick":3955,"postTick":3955,"serverTick":3946,"ackSeq":2489,"simTick":4244},"timestamp":1782243084756}
{"sessionId":"3f83e2","runId":"post-fix7","hypothesisId":"H5","location":"Starship.NetworkMotor:ApplyOwnerPredictedMotorVisuals","message":"owner_display","data":{"alpha":0.502,"renderSpan":0.0000,"frameDelta":0.0000,"speed":F3},"timestamp":1782243084766}
{"sessionId":"3f83e2","runId":"post-fix7","hypothesisId":"H1","location":"Starship.NetworkMotor:ReconcileOwnerFromServer","message":"owner_reconcile","data":{"preSnapErr":0.0000,"replayCount":9,"preTick":3956,"postTick":3956,"serverTick":3947,"ackSeq":2490,"simTick":4245},"timestamp":1782243084782}
{"sessionId":"3f83e2","runId":"post-fix7","hypothesisId":"H2","location":"Starship.NetworkMotor:ClientPredictMotorFixedStep","message":"owner_predict","data":{"tick":3957,"simTick":4245,"serverClock":4248,"tickLead":-288,"speed":0.000,"thrust":0},"timestamp":1782243084782}
{"sessionId":"3f83e2","runId":"post-fix7","hypothesisId":"H1","location":"Starship.NetworkMotor:ReconcileOwnerFromServer","message":"owner_reconcile","data":{"preSnapErr":0.0000,"replayCount":9,"preTick":3957,"postTick":3957,"serverTick":3948,"ackSeq":2491,"simTick":4246},"timestamp":1782243084809}
{"sessionId":"3f83e2","runId":"post-fix7","hypothesisId":"H1","location":"Starship.NetworkMotor:ReconcileOwnerFromServer","message":"owner_reconcile","data":{"preSnapErr":0.0000,"replayCount":10,"preTick":3960,"postTick":3960,"serverTick":3950,"ackSeq":2493,"simTick":4249},"timestamp":1782243084858}
{"sessionId":"3f83e2","runId":"post-fix7","hypothesisId":"H1","location":"Starship.NetworkMotor:ReconcileOwnerFromServer","message":"owner_reconcile","data":{"preSnapErr":0.0000,"replayCount":9,"preTick":3961,"postTick":3961,"serverTick":3952,"ackSeq":2495,"simTick":4250},"timestamp":1782243084881}
{"sessionId":"3f83e2","runId":"post-fix7","hypothesisId":"H1","location":"Starship.NetworkMotor:ReconcileOwnerFromServer","message":"owner_reconcile","data":{"preSnapErr":0.0000,"replayCount":9,"preTick":3963,"postTick":3963,"serverTick":3954,"ackSeq":2497,"simTick":4252},"timestamp":1782243084925}
{"sessionId":"3f83e2","runId":"post-fix7","hypothesisId":"H1","location":"Starship.NetworkMotor:ReconcileOwnerFromServer","message":"owner_reconcile","data":{"preSnapErr":0.0000,"replayCount":9,"preTick":3966,"postTick":3966,"serverTick":3957,"ackSeq":2500,"simTick":4255},"timestamp":1782243084970}
{"sessionId":"3f83e2","runId":"post-fix7","hypothesisId":"H3","location":"Starship.NetworkMotor:ApplyRemoteMotorSnapshotVisuals","message":"remote_display","data":{"renderTickF":3956.324,"latestTick":3957,"simTick":4256,"bufCount":48,"extrapolating":0,"frameDelta":0.0084,"speed":F3},"timestamp":1782243085001}
{"sessionId":"3f83e2","runId":"post-fix7","hypothesisId":"H1","location":"Starship.NetworkMotor:ReconcileOwnerFromServer","message":"owner_reconcile","data":{"preSnapErr":0.0000,"replayCount":10,"preTick":3968,"postTick":3968,"serverTick":3958,"ackSeq":2501,"simTick":4257},"timestamp":1782243085021}
{"sessionId":"3f83e2","runId":"post-fix7","hypothesisId":"H1","location":"Starship.NetworkMotor:ReconcileOwnerFromServer","message":"owner_reconcile","data":{"preSnapErr":0.0000,"replayCount":9,"preTick":3969,"postTick":3969,"serverTick":3960,"ackSeq":2503,"simTick":4258},"timestamp":1782243085044}
{"sessionId":"3f83e2","runId":"post-fix7","hypothesisId":"H5","location":"Starship.NetworkMotor:ApplyOwnerPredictedMotorVisuals","message":"owner_display","data":{"alpha":0.879,"renderSpan":0.0000,"frameDelta":0.0000,"speed":F3},"timestamp":1782243085053}
{"sessionId":"3f83e2","runId":"post-fix7","hypothesisId":"H1","location":"Starship.NetworkMotor:ReconcileOwnerFromServer","message":"owner_reconcile","data":{"preSnapErr":0.0000,"replayCount":10,"preTick":3972,"postTick":3972,"serverTick":3962,"ackSeq":2505,"simTick":4261},"timestamp":1782243085094}
{"sessionId":"3f83e2","runId":"post-fix7","hypothesisId":"H1","location":"Starship.NetworkMotor:ReconcileOwnerFromServer","message":"owner_reconcile","data":{"preSnapErr":0.0000,"replayCount":9,"preTick":3973,"postTick":3973,"serverTick":3964,"ackSeq":2507,"simTick":4262},"timestamp":1782243085118}
{"sessionId":"3f83e2","runId":"post-fix7","hypothesisId":"H1","location":"Starship.NetworkMotor:ReconcileOwnerFromServer","message":"owner_reconcile","data":{"preSnapErr":0.0000,"replayCount":9,"preTick":3975,"postTick":3975,"serverTick":3966,"ackSeq":2509,"simTick":4264},"timestamp":1782243085162}
{"sessionId":"3f83e2","runId":"post-fix7","hypothesisId":"H1","location":"Starship.NetworkMotor:ReconcileOwnerFromServer","message":"owner_reconcile","data":{"preSnapErr":0.0000,"replayCount":9,"preTick":3977,"postTick":3977,"serverTick":3968,"ackSeq":2511,"simTick":4266},"timestamp":1782243085203}
{"sessionId":"3f83e2","runId":"post-fix7","hypothesisId":"H1","location":"Starship.NetworkMotor:ReconcileOwnerFromServer","message":"owner_reconcile","data":{"preSnapErr":0.0000,"replayCount":10,"preTick":3980,"postTick":3980,"serverTick":3970,"ackSeq":2513,"simTick":4269},"timestamp":1782243085248}
{"sessionId":"3f83e2","runId":"post-fix7","hypothesisId":"H2","location":"Starship.NetworkMotor:ClientPredictMotorFixedStep","message":"owner_predict","data":{"tick":3982,"simTick":4270,"serverClock":4273,"tickLead":-288,"speed":0.000,"thrust":0},"timestamp":1782243085270}
{"sessionId":"3f83e2","runId":"post-fix7","hypothesisId":"H3","location":"Starship.NetworkMotor:ApplyRemoteMotorSnapshotVisuals","message":"remote_display","data":{"renderTickF":3969.223,"latestTick":3970,"simTick":4270,"bufCount":48,"extrapolating":0,"frameDelta":0.0072,"speed":F3},"timestamp":1782243085280}
{"sessionId":"3f83e2","runId":"post-fix7","hypothesisId":"H1","location":"Starship.NetworkMotor:ReconcileOwnerFromServer","message":"owner_reconcile","data":{"preSnapErr":0.0000,"replayCount":10,"preTick":3982,"postTick":3982,"serverTick":3972,"ackSeq":2515,"simTick":4271},"timestamp":1782243085293}
{"sessionId":"3f83e2","runId":"post-fix7","hypothesisId":"H1","location":"Starship.NetworkMotor:ReconcileOwnerFromServer","message":"owner_reconcile","data":{"preSnapErr":0.0000,"replayCount":10,"preTick":3983,"postTick":3983,"serverTick":3973,"ackSeq":2516,"simTick":4272},"timestamp":1782243085314}
{"sessionId":"3f83e2","runId":"post-fix7","hypothesisId":"H5","location":"Starship.NetworkMotor:ApplyOwnerPredictedMotorVisuals","message":"owner_display","data":{"alpha":0.399,"renderSpan":0.0000,"frameDelta":0.0000,"speed":F3},"timestamp":1782243085323}
{"sessionId":"3f83e2","runId":"post-fix7","hypothesisId":"H1","location":"Starship.NetworkMotor:ReconcileOwnerFromServer","message":"owner_reconcile","data":{"preSnapErr":0.0000,"replayCount":9,"preTick":3985,"postTick":3985,"serverTick":3976,"ackSeq":2519,"simTick":4274},"timestamp":1782243085357}
{"sessionId":"3f83e2","runId":"post-fix7","hypothesisId":"H1","location":"Starship.NetworkMotor:ReconcileOwnerFromServer","message":"owner_reconcile","data":{"preSnapErr":0.0000,"replayCount":10,"preTick":3987,"postTick":3987,"serverTick":3977,"ackSeq":2520,"simTick":4276},"timestamp":1782243085401}
{"sessionId":"3f83e2","runId":"post-fix7","hypothesisId":"H1","location":"Starship.NetworkMotor:ReconcileOwnerFromServer","message":"owner_reconcile","data":{"preSnapErr":0.0000,"replayCount":10,"preTick":3988,"postTick":3988,"serverTick":3978,"ackSeq":2521,"simTick":4277},"timestamp":1782243085425}
{"sessionId":"3f83e2","runId":"post-fix7","hypothesisId":"H1","location":"Starship.NetworkMotor:ReconcileOwnerFromServer","message":"owner_reconcile","data":{"preSnapErr":0.0000,"replayCount":9,"preTick":3989,"postTick":3989,"serverTick":3980,"ackSeq":2523,"simTick":4278},"timestamp":1782243085450}
{"sessionId":"3f83e2","runId":"post-fix7","hypothesisId":"H1","location":"Starship.NetworkMotor:ReconcileOwnerFromServer","message":"owner_reconcile","data":{"preSnapErr":0.0000,"replayCount":10,"preTick":3992,"postTick":3992,"serverTick":3982,"ackSeq":2525,"simTick":4281},"timestamp":1782243085495}
{"sessionId":"3f83e2","runId":"post-fix7","hypothesisId":"H1","location":"Starship.NetworkMotor:ReconcileOwnerFromServer","message":"owner_reconcile","data":{"preSnapErr":0.0000,"replayCount":9,"preTick":3994,"postTick":3994,"serverTick":3985,"ackSeq":2528,"simTick":4283},"timestamp":1782243085542}
{"sessionId":"3f83e2","runId":"post-fix7","hypothesisId":"H3","location":"Starship.NetworkMotor:ApplyRemoteMotorSnapshotVisuals","message":"remote_display","data":{"renderTickF":3984.800,"latestTick":3985,"simTick":4284,"bufCount":48,"extrapolating":0,"frameDelta":0.3312,"speed":F3},"timestamp":1782243085550}
{"sessionId":"3f83e2","runId":"post-fix7","hypothesisId":"H1","location":"Starship.NetworkMotor:ReconcileOwnerFromServer","message":"owner_reconcile","data":{"preSnapErr":0.0000,"replayCount":9,"preTick":3996,"postTick":3996,"serverTick":3987,"ackSeq":2530,"simTick":4285},"timestamp":1782243085586}
{"sessionId":"3f83e2","runId":"post-fix7","hypothesisId":"H5","location":"Starship.NetworkMotor:ApplyOwnerPredictedMotorVisuals","message":"owner_display","data":{"alpha":0.860,"renderSpan":0.0000,"frameDelta":0.0000,"speed":F3},"timestamp":1782243085593}
{"sessionId":"3f83e2","runId":"post-fix7","hypothesisId":"H1","location":"Starship.NetworkMotor:ReconcileOwnerFromServer","message":"owner_reconcile","data":{"preSnapErr":0.0000,"replayCount":10,"preTick":3999,"postTick":3999,"serverTick":3989,"ackSeq":2532,"simTick":4288},"timestamp":1782243085631}
{"sessionId":"3f83e2","runId":"post-fix7","hypothesisId":"H1","location":"Starship.NetworkMotor:ReconcileOwnerFromServer","message":"owner_reconcile","data":{"preSnapErr":0.0000,"replayCount":10,"preTick":4000,"postTick":4000,"serverTick":3990,"ackSeq":2533,"simTick":4289},"timestamp":1782243085658}
{"sessionId":"3f83e2","runId":"post-fix7","hypothesisId":"H1","location":"Starship.NetworkMotor:ReconcileOwnerFromServer","message":"owner_reconcile","data":{"preSnapErr":0.0000,"replayCount":10,"preTick":4002,"postTick":4002,"serverTick":3992,"ackSeq":2535,"simTick":4291},"timestamp":1782243085702}
{"sessionId":"3f83e2","runId":"post-fix7","hypothesisId":"H1","location":"Starship.NetworkMotor:ReconcileOwnerFromServer","message":"owner_reconcile","data":{"preSnapErr":0.0000,"replayCount":10,"preTick":4003,"postTick":4003,"serverTick":3993,"ackSeq":2536,"simTick":4292},"timestamp":1782243085724}
{"sessionId":"3f83e2","runId":"post-fix7","hypothesisId":"H1","location":"Starship.NetworkMotor:ReconcileOwnerFromServer","message":"owner_reconcile","data":{"preSnapErr":0.0000,"replayCount":9,"preTick":4004,"postTick":4004,"serverTick":3995,"ackSeq":2538,"simTick":4293},"timestamp":1782243085745}
{"sessionId":"3f83e2","runId":"post-fix7","hypothesisId":"H2","location":"Starship.NetworkMotor:ClientPredictMotorFixedStep","message":"owner_predict","data":{"tick":4007,"simTick":4295,"serverClock":4298,"tickLead":-288,"speed":0.000,"thrust":0},"timestamp":1782243085770}
{"sessionId":"3f83e2","runId":"post-fix7","hypothesisId":"H1","location":"Starship.NetworkMotor:ReconcileOwnerFromServer","message":"owner_reconcile","data":{"preSnapErr":0.0000,"replayCount":10,"preTick":4007,"postTick":4007,"serverTick":3997,"ackSeq":2540,"simTick":4296},"timestamp":1782243085790}
{"sessionId":"3f83e2","runId":"post-fix7","hypothesisId":"H3","location":"Starship.NetworkMotor:ApplyRemoteMotorSnapshotVisuals","message":"remote_display","data":{"renderTickF":3996.391,"latestTick":3997,"simTick":4297,"bufCount":48,"extrapolating":0,"frameDelta":1.5792,"speed":F3},"timestamp":1782243085823}
{"sessionId":"3f83e2","runId":"post-fix7","hypothesisId":"H1","location":"Starship.NetworkMotor:ReconcileOwnerFromServer","message":"owner_reconcile","data":{"preSnapErr":0.0000,"replayCount":9,"preTick":4009,"postTick":4009,"serverTick":4000,"ackSeq":2543,"simTick":4298},"timestamp":1782243085838}
{"sessionId":"3f83e2","runId":"post-fix7","hypothesisId":"H5","location":"Starship.NetworkMotor:ApplyOwnerPredictedMotorVisuals","message":"owner_display","data":{"alpha":0.930,"renderSpan":0.0000,"frameDelta":0.0000,"speed":F3},"timestamp":1782243085871}
{"sessionId":"3f83e2","runId":"post-fix7","hypothesisId":"H1","location":"Starship.NetworkMotor:ReconcileOwnerFromServer","message":"owner_reconcile","data":{"preSnapErr":0.0000,"replayCount":9,"preTick":4011,"postTick":4011,"serverTick":4002,"ackSeq":2545,"simTick":4300},"timestamp":1782243085886}
{"sessionId":"3f83e2","runId":"post-fix7","hypothesisId":"H1","location":"Starship.NetworkMotor:ReconcileOwnerFromServer","message":"owner_reconcile","data":{"preSnapErr":0.0000,"replayCount":10,"preTick":4014,"postTick":4014,"serverTick":4004,"ackSeq":2547,"simTick":4303},"timestamp":1782243085929}
{"sessionId":"3f83e2","runId":"post-fix7","hypothesisId":"H1","location":"Starship.NetworkMotor:ReconcileOwnerFromServer","message":"owner_reconcile","data":{"preSnapErr":0.0000,"replayCount":9,"preTick":4015,"postTick":4015,"serverTick":4006,"ackSeq":2549,"simTick":4304},"timestamp":1782243085950}
{"sessionId":"3f83e2","runId":"post-fix7","hypothesisId":"H1","location":"Starship.NetworkMotor:ReconcileOwnerFromServer","message":"owner_reconcile","data":{"preSnapErr":0.0000,"replayCount":10,"preTick":4018,"postTick":4018,"serverTick":4008,"ackSeq":2551,"simTick":4307},"timestamp":1782243086010}
{"sessionId":"3f83e2","runId":"post-fix7","hypothesisId":"H1","location":"Starship.NetworkMotor:ReconcileOwnerFromServer","message":"owner_reconcile","data":{"preSnapErr":0.0000,"replayCount":10,"preTick":4020,"postTick":4020,"serverTick":4010,"ackSeq":2553,"simTick":4309},"timestamp":1782243086051}
{"sessionId":"3f83e2","runId":"post-fix7","hypothesisId":"H3","location":"Starship.NetworkMotor:ApplyRemoteMotorSnapshotVisuals","message":"remote_display","data":{"renderTickF":4009.520,"latestTick":4010,"simTick":4310,"bufCount":48,"extrapolating":0,"frameDelta":3.0272,"speed":F3},"timestamp":1782243086084}
{"sessionId":"3f83e2","runId":"post-fix7","hypothesisId":"H1","location":"Starship.NetworkMotor:ReconcileOwnerFromServer","message":"owner_reconcile","data":{"preSnapErr":0.0000,"replayCount":10,"preTick":4022,"postTick":4022,"serverTick":4012,"ackSeq":2555,"simTick":4311},"timestamp":1782243086098}
{"sessionId":"3f83e2","runId":"post-fix7","hypothesisId":"H1","location":"Starship.NetworkMotor:ReconcileOwnerFromServer","message":"owner_reconcile","data":{"preSnapErr":0.0000,"replayCount":10,"preTick":4023,"postTick":4023,"serverTick":4013,"ackSeq":2556,"simTick":4312},"timestamp":1782243086118}
{"sessionId":"3f83e2","runId":"post-fix7","hypothesisId":"H5","location":"Starship.NetworkMotor:ApplyOwnerPredictedMotorVisuals","message":"owner_display","data":{"alpha":0.624,"renderSpan":0.0000,"frameDelta":0.0000,"speed":F3},"timestamp":1782243086127}
{"sessionId":"3f83e2","runId":"post-fix7","hypothesisId":"H1","location":"Starship.NetworkMotor:ReconcileOwnerFromServer","message":"owner_reconcile","data":{"preSnapErr":0.0000,"replayCount":10,"preTick":4025,"postTick":4025,"serverTick":4015,"ackSeq":2558,"simTick":4314},"timestamp":1782243086160}
{"sessionId":"3f83e2","runId":"post-fix7","hypothesisId":"H1","location":"Starship.NetworkMotor:ReconcileOwnerFromServer","message":"owner_reconcile","data":{"preSnapErr":0.0000,"replayCount":9,"preTick":4026,"postTick":4026,"serverTick":4017,"ackSeq":2560,"simTick":4315},"timestamp":1782243086182}
{"sessionId":"3f83e2","runId":"post-fix7","hypothesisId":"H1","location":"Starship.NetworkMotor:ReconcileOwnerFromServer","message":"owner_reconcile","data":{"preSnapErr":0.0000,"replayCount":9,"preTick":4028,"postTick":4028,"serverTick":4019,"ackSeq":2562,"simTick":4317},"timestamp":1782243086225}
{"sessionId":"3f83e2","runId":"post-fix7","hypothesisId":"H1","location":"Starship.NetworkMotor:ReconcileOwnerFromServer","message":"owner_reconcile","data":{"preSnapErr":0.0000,"replayCount":9,"preTick":4029,"postTick":4029,"serverTick":4020,"ackSeq":2563,"simTick":4318},"timestamp":1782243086247}
{"sessionId":"3f83e2","runId":"post-fix7","hypothesisId":"H2","location":"Starship.NetworkMotor:ClientPredictMotorFixedStep","message":"owner_predict","data":{"tick":4032,"simTick":4320,"serverClock":4323,"tickLead":-288,"speed":0.000,"thrust":0},"timestamp":1782243086272}
{"sessionId":"3f83e2","runId":"post-fix7","hypothesisId":"H1","location":"Starship.NetworkMotor:ReconcileOwnerFromServer","message":"owner_reconcile","data":{"preSnapErr":0.0000,"replayCount":10,"preTick":4032,"postTick":4032,"serverTick":4022,"ackSeq":2565,"simTick":4321},"timestamp":1782243086297}
{"sessionId":"3f83e2","runId":"post-fix7","hypothesisId":"H1","location":"Starship.NetworkMotor:ReconcileOwnerFromServer","message":"owner_reconcile","data":{"preSnapErr":0.0000,"replayCount":9,"preTick":4033,"postTick":4033,"serverTick":4024,"ackSeq":2567,"simTick":4322},"timestamp":1782243086320}
{"sessionId":"3f83e2","runId":"post-fix7","hypothesisId":"H3","location":"Starship.NetworkMotor:ApplyRemoteMotorSnapshotVisuals","message":"remote_display","data":{"renderTickF":4023.748,"latestTick":4024,"simTick":4324,"bufCount":48,"extrapolating":0,"frameDelta":3.3460,"speed":F3},"timestamp":1782243086349}
{"sessionId":"3f83e2","runId":"post-fix7","hypothesisId":"H1","location":"Starship.NetworkMotor:ReconcileOwnerFromServer","message":"owner_reconcile","data":{"preSnapErr":0.0000,"replayCount":9,"preTick":4035,"postTick":4035,"serverTick":4026,"ackSeq":2569,"simTick":4324},"timestamp":1782243086364}
{"sessionId":"3f83e2","runId":"post-fix7","hypothesisId":"H1","location":"Starship.NetworkMotor:ReconcileOwnerFromServer","message":"owner_reconcile","data":{"preSnapErr":0.0000,"replayCount":9,"preTick":4036,"postTick":4036,"serverTick":4027,"ackSeq":2570,"simTick":4325},"timestamp":1782243086387}
{"sessionId":"3f83e2","runId":"post-fix7","hypothesisId":"H5","location":"Starship.NetworkMotor:ApplyOwnerPredictedMotorVisuals","message":"owner_display","data":{"alpha":0.026,"renderSpan":0.0000,"frameDelta":0.0000,"speed":F3},"timestamp":1782243086398}
{"sessionId":"3f83e2","runId":"post-fix7","hypothesisId":"H1","location":"Starship.NetworkMotor:ReconcileOwnerFromServer","message":"owner_reconcile","data":{"preSnapErr":0.0000,"replayCount":10,"preTick":4038,"postTick":4038,"serverTick":4028,"ackSeq":2571,"simTick":4327},"timestamp":1782243086411}
{"sessionId":"3f83e2","runId":"post-fix7","hypothesisId":"H1","location":"Starship.NetworkMotor:ReconcileOwnerFromServer","message":"owner_reconcile","data":{"preSnapErr":0.0000,"replayCount":10,"preTick":4040,"postTick":4040,"serverTick":4030,"ackSeq":2573,"simTick":4329},"timestamp":1782243086455}
{"sessionId":"3f83e2","runId":"post-fix7","hypothesisId":"H1","location":"Starship.NetworkMotor:ReconcileOwnerFromServer","message":"owner_reconcile","data":{"preSnapErr":0.0000,"replayCount":9,"preTick":4041,"postTick":4041,"serverTick":4032,"ackSeq":2575,"simTick":4330},"timestamp":1782243086476}
{"sessionId":"3f83e2","runId":"post-fix7","hypothesisId":"H1","location":"Starship.NetworkMotor:ReconcileOwnerFromServer","message":"owner_reconcile","data":{"preSnapErr":0.0000,"replayCount":9,"preTick":4043,"postTick":4043,"serverTick":4034,"ackSeq":2577,"simTick":4332},"timestamp":1782243086525}
{"sessionId":"3f83e2","runId":"post-fix7","hypothesisId":"H1","location":"Starship.NetworkMotor:ReconcileOwnerFromServer","message":"owner_reconcile","data":{"preSnapErr":0.0000,"replayCount":9,"preTick":4044,"postTick":4044,"serverTick":4035,"ackSeq":2578,"simTick":4333},"timestamp":1782243086547}
{"sessionId":"3f83e2","runId":"post-fix7","hypothesisId":"H1","location":"Starship.NetworkMotor:ReconcileOwnerFromServer","message":"owner_reconcile","data":{"preSnapErr":0.0000,"replayCount":10,"preTick":4047,"postTick":4047,"serverTick":4037,"ackSeq":2580,"simTick":4336},"timestamp":1782243086590}
{"sessionId":"3f83e2","runId":"post-fix7","hypothesisId":"H3","location":"Starship.NetworkMotor:ApplyRemoteMotorSnapshotVisuals","message":"remote_display","data":{"renderTickF":4036.252,"latestTick":4037,"simTick":4337,"bufCount":48,"extrapolating":0,"frameDelta":2.5894,"speed":F3},"timestamp":1782243086618}
{"sessionId":"3f83e2","runId":"post-fix7","hypothesisId":"H1","location":"Starship.NetworkMotor:ReconcileOwnerFromServer","message":"owner_reconcile","data":{"preSnapErr":0.0000,"replayCount":10,"preTick":4049,"postTick":4049,"serverTick":4039,"ackSeq":2582,"simTick":4338},"timestamp":1782243086633}
{"sessionId":"3f83e2","runId":"post-fix7","hypothesisId":"H1","location":"Starship.NetworkMotor:ReconcileOwnerFromServer","message":"owner_reconcile","data":{"preSnapErr":0.0000,"replayCount":10,"preTick":4050,"postTick":4050,"serverTick":4040,"ackSeq":2583,"simTick":4339},"timestamp":1782243086654}
{"sessionId":"3f83e2","runId":"post-fix7","hypothesisId":"H5","location":"Starship.NetworkMotor:ApplyOwnerPredictedMotorVisuals","message":"owner_display","data":{"alpha":0.412,"renderSpan":0.0000,"frameDelta":0.0000,"speed":F3},"timestamp":1782243086663}
{"sessionId":"3f83e2","runId":"post-fix7","hypothesisId":"H1","location":"Starship.NetworkMotor:ReconcileOwnerFromServer","message":"owner_reconcile","data":{"preSnapErr":0.0000,"replayCount":10,"preTick":4052,"postTick":4052,"serverTick":4042,"ackSeq":2585,"simTick":4341},"timestamp":1782243086703}
{"sessionId":"3f83e2","runId":"post-fix7","hypothesisId":"H1","location":"Starship.NetworkMotor:ReconcileOwnerFromServer","message":"owner_reconcile","data":{"preSnapErr":0.0000,"replayCount":9,"preTick":4053,"postTick":4053,"serverTick":4044,"ackSeq":2587,"simTick":4342},"timestamp":1782243086723}
{"sessionId":"3f83e2","runId":"post-fix7","hypothesisId":"H1","location":"Starship.NetworkMotor:ReconcileOwnerFromServer","message":"owner_reconcile","data":{"preSnapErr":0.0000,"replayCount":9,"preTick":4055,"postTick":4055,"serverTick":4046,"ackSeq":2589,"simTick":4344},"timestamp":1782243086764}
{"sessionId":"3f83e2","runId":"post-fix7","hypothesisId":"H1","location":"Starship.NetworkMotor:ReconcileOwnerFromServer","message":"owner_reconcile","data":{"preSnapErr":0.0000,"replayCount":9,"preTick":4056,"postTick":4056,"serverTick":4047,"ackSeq":2590,"simTick":4345},"timestamp":1782243086786}
{"sessionId":"3f83e2","runId":"post-fix7","hypothesisId":"H2","location":"Starship.NetworkMotor:ClientPredictMotorFixedStep","message":"owner_predict","data":{"tick":4057,"simTick":4345,"serverClock":4348,"tickLead":-288,"speed":0.000,"thrust":0},"timestamp":1782243086786}
{"sessionId":"3f83e2","runId":"post-fix7","hypothesisId":"H1","location":"Starship.NetworkMotor:ReconcileOwnerFromServer","message":"owner_reconcile","data":{"preSnapErr":0.0000,"replayCount":9,"preTick":4057,"postTick":4057,"serverTick":4048,"ackSeq":2591,"simTick":4346},"timestamp":1782243086809}
{"sessionId":"3f83e2","runId":"post-fix7","hypothesisId":"H1","location":"Starship.NetworkMotor:ReconcileOwnerFromServer","message":"owner_reconcile","data":{"preSnapErr":0.0000,"replayCount":9,"preTick":4059,"postTick":4059,"serverTick":4050,"ackSeq":2593,"simTick":4348},"timestamp":1782243086833}
{"sessionId":"3f83e2","runId":"post-fix7","hypothesisId":"H1","location":"Starship.NetworkMotor:ReconcileOwnerFromServer","message":"owner_reconcile","data":{"preSnapErr":0.0000,"replayCount":9,"preTick":4061,"postTick":4061,"serverTick":4052,"ackSeq":2595,"simTick":4350},"timestamp":1782243086877}
{"sessionId":"3f83e2","runId":"post-fix7","hypothesisId":"H3","location":"Starship.NetworkMotor:ApplyRemoteMotorSnapshotVisuals","message":"remote_display","data":{"renderTickF":4051.575,"latestTick":4052,"simTick":4350,"bufCount":48,"extrapolating":0,"frameDelta":2.0709,"speed":F3},"timestamp":1782243086886}
{"sessionId":"3f83e2","runId":"post-fix7","hypothesisId":"H1","location":"Starship.NetworkMotor:ReconcileOwnerFromServer","message":"owner_reconcile","data":{"preSnapErr":0.0000,"replayCount":9,"preTick":4062,"postTick":4062,"serverTick":4053,"ackSeq":2596,"simTick":4351},"timestamp":1782243086904}
{"sessionId":"3f83e2","runId":"post-fix7","hypothesisId":"H5","location":"Starship.NetworkMotor:ApplyOwnerPredictedMotorVisuals","message":"owner_display","data":{"alpha":0.983,"renderSpan":0.0000,"frameDelta":0.0000,"speed":F3},"timestamp":1782243086932}
{"sessionId":"3f83e2","runId":"post-fix7","hypothesisId":"H1","location":"Starship.NetworkMotor:ReconcileOwnerFromServer","message":"owner_reconcile","data":{"preSnapErr":0.0000,"replayCount":9,"preTick":4064,"postTick":4064,"serverTick":4055,"ackSeq":2598,"simTick":4353},"timestamp":1782243086949}
{"sessionId":"3f83e2","runId":"post-fix7","hypothesisId":"H1","location":"Starship.NetworkMotor:ReconcileOwnerFromServer","message":"owner_reconcile","data":{"preSnapErr":0.0000,"replayCount":10,"preTick":4067,"postTick":4067,"serverTick":4057,"ackSeq":2600,"simTick":4356},"timestamp":1782243086993}
{"sessionId":"3f83e2","runId":"post-fix7","hypothesisId":"H1","location":"Starship.NetworkMotor:ReconcileOwnerFromServer","message":"owner_reconcile","data":{"preSnapErr":0.0000,"replayCount":10,"preTick":4068,"postTick":4068,"serverTick":4058,"ackSeq":2601,"simTick":4357},"timestamp":1782243087016}
{"sessionId":"3f83e2","runId":"post-fix7","hypothesisId":"H1","location":"Starship.NetworkMotor:ReconcileOwnerFromServer","message":"owner_reconcile","data":{"preSnapErr":0.0000,"replayCount":10,"preTick":4070,"postTick":4070,"serverTick":4060,"ackSeq":2603,"simTick":4359},"timestamp":1782243087057}
{"sessionId":"3f83e2","runId":"post-fix7","hypothesisId":"H1","location":"Starship.NetworkMotor:ReconcileOwnerFromServer","message":"owner_reconcile","data":{"preSnapErr":0.0000,"replayCount":9,"preTick":4071,"postTick":4071,"serverTick":4062,"ackSeq":2605,"simTick":4360},"timestamp":1782243087080}
{"sessionId":"3f83e2","runId":"post-fix7","hypothesisId":"H1","location":"Starship.NetworkMotor:ReconcileOwnerFromServer","message":"owner_reconcile","data":{"preSnapErr":0.0000,"replayCount":10,"preTick":4074,"postTick":4074,"serverTick":4064,"ackSeq":2607,"simTick":4363},"timestamp":1782243087130}
{"sessionId":"3f83e2","runId":"post-fix7","hypothesisId":"H1","location":"Starship.NetworkMotor:ReconcileOwnerFromServer","message":"owner_reconcile","data":{"preSnapErr":0.0000,"replayCount":10,"preTick":4075,"postTick":4075,"serverTick":4065,"ackSeq":2608,"simTick":4364},"timestamp":1782243087152}
{"sessionId":"3f83e2","runId":"post-fix7","hypothesisId":"H3","location":"Starship.NetworkMotor:ApplyRemoteMotorSnapshotVisuals","message":"remote_display","data":{"renderTickF":4064.279,"latestTick":4065,"simTick":4364,"bufCount":48,"extrapolating":0,"frameDelta":0.4544,"speed":F3},"timestamp":1782243087161}
{"sessionId":"3f83e2","runId":"post-fix7","hypothesisId":"H1","location":"Starship.NetworkMotor:ReconcileOwnerFromServer","message":"owner_reconcile","data":{"preSnapErr":0.0000,"replayCount":10,"preTick":4077,"postTick":4077,"serverTick":4067,"ackSeq":2610,"simTick":4366},"timestamp":1782243087194}
{"sessionId":"3f83e2","runId":"post-fix7","hypothesisId":"H5","location":"Starship.NetworkMotor:ApplyOwnerPredictedMotorVisuals","message":"owner_display","data":{"alpha":0.407,"renderSpan":0.0000,"frameDelta":0.0000,"speed":F3},"timestamp":1782243087202}
{"sessionId":"3f83e2","runId":"post-fix7","hypothesisId":"H1","location":"Starship.NetworkMotor:ReconcileOwnerFromServer","message":"owner_reconcile","data":{"preSnapErr":0.0000,"replayCount":10,"preTick":4079,"postTick":4079,"serverTick":4069,"ackSeq":2612,"simTick":4368},"timestamp":1782243087236}
{"sessionId":"3f83e2","runId":"post-fix7","hypothesisId":"H1","location":"Starship.NetworkMotor:ReconcileOwnerFromServer","message":"owner_reconcile","data":{"preSnapErr":0.0000,"replayCount":10,"preTick":4080,"postTick":4080,"serverTick":4070,"ackSeq":2613,"simTick":4369},"timestamp":1782243087258}
{"sessionId":"3f83e2","runId":"post-fix7","hypothesisId":"H1","location":"Starship.NetworkMotor:ReconcileOwnerFromServer","message":"owner_reconcile","data":{"preSnapErr":0.0000,"replayCount":9,"preTick":4081,"postTick":4081,"serverTick":4072,"ackSeq":2615,"simTick":4370},"timestamp":1782243087282}
{"sessionId":"3f83e2","runId":"post-fix7","hypothesisId":"H2","location":"Starship.NetworkMotor:ClientPredictMotorFixedStep","message":"owner_predict","data":{"tick":4082,"simTick":4370,"serverClock":4373,"tickLead":-288,"speed":0.000,"thrust":0},"timestamp":1782243087283}
{"sessionId":"3f83e2","runId":"post-fix7","hypothesisId":"H1","location":"Starship.NetworkMotor:ReconcileOwnerFromServer","message":"owner_reconcile","data":{"preSnapErr":0.0000,"replayCount":9,"preTick":4082,"postTick":4082,"serverTick":4073,"ackSeq":2616,"simTick":4371},"timestamp":1782243087308}
{"sessionId":"3f83e2","runId":"post-fix7","hypothesisId":"H1","location":"Starship.NetworkMotor:ReconcileOwnerFromServer","message":"owner_reconcile","data":{"preSnapErr":0.0000,"replayCount":10,"preTick":4085,"postTick":4085,"serverTick":4075,"ackSeq":2618,"simTick":4374},"timestamp":1782243087354}
{"sessionId":"3f83e2","runId":"post-fix7","hypothesisId":"H1","location":"Starship.NetworkMotor:ReconcileOwnerFromServer","message":"owner_reconcile","data":{"preSnapErr":0.0000,"replayCount":9,"preTick":4086,"postTick":4086,"serverTick":4077,"ackSeq":2620,"simTick":4375},"timestamp":1782243087377}
{"sessionId":"3f83e2","runId":"post-fix7","hypothesisId":"H1","location":"Starship.NetworkMotor:ReconcileOwnerFromServer","message":"owner_reconcile","data":{"preSnapErr":0.0000,"replayCount":9,"preTick":4088,"postTick":4088,"serverTick":4079,"ackSeq":2622,"simTick":4377},"timestamp":1782243087420}
{"sessionId":"3f83e2","runId":"post-fix7","hypothesisId":"H3","location":"Starship.NetworkMotor:ApplyRemoteMotorSnapshotVisuals","message":"remote_display","data":{"renderTickF":4078.722,"latestTick":4079,"simTick":4378,"bufCount":48,"extrapolating":0,"frameDelta":1.7861,"speed":F3},"timestamp":1782243087428}
{"sessionId":"3f83e2","runId":"post-fix7","hypothesisId":"H1","location":"Starship.NetworkMotor:ReconcileOwnerFromServer","message":"owner_reconcile","data":{"preSnapErr":0.0000,"replayCount":10,"preTick":4090,"postTick":4090,"serverTick":4080,"ackSeq":2623,"simTick":4379},"timestamp":1782243087463}
{"sessionId":"3f83e2","runId":"post-fix7","hypothesisId":"H5","location":"Starship.NetworkMotor:ApplyOwnerPredictedMotorVisuals","message":"owner_display","data":{"alpha":0.834,"renderSpan":0.0000,"frameDelta":0.0000,"speed":F3},"timestamp":1782243087472}
{"sessionId":"3f83e2","runId":"post-fix7","hypothesisId":"H1","location":"Starship.NetworkMotor:ReconcileOwnerFromServer","message":"owner_reconcile","data":{"preSnapErr":0.0000,"replayCount":9,"preTick":4091,"postTick":4091,"serverTick":4082,"ackSeq":2625,"simTick":4380},"timestamp":1782243087486}
{"sessionId":"3f83e2","runId":"post-fix7","hypothesisId":"H1","location":"Starship.NetworkMotor:ReconcileOwnerFromServer","message":"owner_reconcile","data":{"preSnapErr":0.0000,"replayCount":10,"preTick":4094,"postTick":4094,"serverTick":4084,"ackSeq":2627,"simTick":4383},"timestamp":1782243087537}
{"sessionId":"3f83e2","runId":"post-fix7","hypothesisId":"H1","location":"Starship.NetworkMotor:ReconcileOwnerFromServer","message":"owner_reconcile","data":{"preSnapErr":0.0000,"replayCount":10,"preTick":4095,"postTick":4095,"serverTick":4085,"ackSeq":2628,"simTick":4384},"timestamp":1782243087558}
{"sessionId":"3f83e2","runId":"post-fix7","hypothesisId":"H1","location":"Starship.NetworkMotor:ReconcileOwnerFromServer","message":"owner_reconcile","data":{"preSnapErr":0.0000,"replayCount":9,"preTick":4096,"postTick":4096,"serverTick":4087,"ackSeq":2630,"simTick":4385},"timestamp":1782243087581}
{"sessionId":"3f83e2","runId":"post-fix7","hypothesisId":"H1","location":"Starship.NetworkMotor:ReconcileOwnerFromServer","message":"owner_reconcile","data":{"preSnapErr":0.0000,"replayCount":9,"preTick":4098,"postTick":4098,"serverTick":4089,"ackSeq":2632,"simTick":4387},"timestamp":1782243087620}
{"sessionId":"3f83e2","runId":"post-fix7","hypothesisId":"H1","location":"Starship.NetworkMotor:ReconcileOwnerFromServer","message":"owner_reconcile","data":{"preSnapErr":0.0000,"replayCount":9,"preTick":4099,"postTick":4099,"serverTick":4090,"ackSeq":2633,"simTick":4388},"timestamp":1782243087642}
{"sessionId":"3f83e2","runId":"post-fix7","hypothesisId":"H1","location":"Starship.NetworkMotor:ReconcileOwnerFromServer","message":"owner_reconcile","data":{"preSnapErr":0.0000,"replayCount":9,"preTick":4101,"postTick":4101,"serverTick":4092,"ackSeq":2635,"simTick":4390},"timestamp":1782243087682}
{"sessionId":"3f83e2","runId":"post-fix7","hypothesisId":"H3","location":"Starship.NetworkMotor:ApplyRemoteMotorSnapshotVisuals","message":"remote_display","data":{"renderTickF":4091.808,"latestTick":4092,"simTick":4391,"bufCount":48,"extrapolating":0,"frameDelta":3.0217,"speed":F3},"timestamp":1782243087690}
{"sessionId":"3f83e2","runId":"post-fix7","hypothesisId":"H1","location":"Starship.NetworkMotor:ReconcileOwnerFromServer","message":"owner_reconcile","data":{"preSnapErr":0.0000,"replayCount":9,"preTick":4103,"postTick":4103,"serverTick":4094,"ackSeq":2637,"simTick":4392},"timestamp":1782243087729}
{"sessionId":"3f83e2","runId":"post-fix7","hypothesisId":"H5","location":"Starship.NetworkMotor:ApplyOwnerPredictedMotorVisuals","message":"owner_display","data":{"alpha":0.111,"renderSpan":0.0000,"frameDelta":0.0000,"speed":F3},"timestamp":1782243087739}
{"sessionId":"3f83e2","runId":"post-fix7","hypothesisId":"H1","location":"Starship.NetworkMotor:ReconcileOwnerFromServer","message":"owner_reconcile","data":{"preSnapErr":0.0000,"replayCount":9,"preTick":4105,"postTick":4105,"serverTick":4096,"ackSeq":2639,"simTick":4394},"timestamp":1782243087752}
{"sessionId":"3f83e2","runId":"post-fix7","hypothesisId":"H2","location":"Starship.NetworkMotor:ClientPredictMotorFixedStep","message":"owner_predict","data":{"tick":4107,"simTick":4395,"serverClock":4398,"tickLead":-288,"speed":0.000,"thrust":0},"timestamp":1782243087773}
{"sessionId":"3f83e2","runId":"post-fix7","hypothesisId":"H1","location":"Starship.NetworkMotor:ReconcileOwnerFromServer","message":"owner_reconcile","data":{"preSnapErr":0.0000,"replayCount":10,"preTick":4107,"postTick":4107,"serverTick":4097,"ackSeq":2640,"simTick":4396},"timestamp":1782243087794}
{"sessionId":"3f83e2","runId":"post-fix7","hypothesisId":"H1","location":"Starship.NetworkMotor:ReconcileOwnerFromServer","message":"owner_reconcile","data":{"preSnapErr":0.0000,"replayCount":10,"preTick":4108,"postTick":4108,"serverTick":4098,"ackSeq":2641,"simTick":4397},"timestamp":1782243087817}
{"sessionId":"3f83e2","runId":"post-fix7","hypothesisId":"H1","location":"Starship.NetworkMotor:ReconcileOwnerFromServer","message":"owner_reconcile","data":{"preSnapErr":0.0000,"replayCount":9,"preTick":4109,"postTick":4109,"serverTick":4100,"ackSeq":2643,"simTick":4398},"timestamp":1782243087840}
{"sessionId":"3f83e2","runId":"post-fix7","hypothesisId":"H1","location":"Starship.NetworkMotor:ReconcileOwnerFromServer","message":"owner_reconcile","data":{"preSnapErr":0.0000,"replayCount":9,"preTick":4111,"postTick":4111,"serverTick":4102,"ackSeq":2645,"simTick":4400},"timestamp":1782243087885}
{"sessionId":"3f83e2","runId":"post-fix7","hypothesisId":"H1","location":"Starship.NetworkMotor:ReconcileOwnerFromServer","message":"owner_reconcile","data":{"preSnapErr":0.0000,"replayCount":9,"preTick":4112,"postTick":4112,"serverTick":4103,"ackSeq":2646,"simTick":4401},"timestamp":1782243087906}
{"sessionId":"3f83e2","runId":"post-fix7","hypothesisId":"H1","location":"Starship.NetworkMotor:ReconcileOwnerFromServer","message":"owner_reconcile","data":{"preSnapErr":0.0000,"replayCount":10,"preTick":4115,"postTick":4115,"serverTick":4105,"ackSeq":2648,"simTick":4404},"timestamp":1782243087954}
{"sessionId":"3f83e2","runId":"post-fix7","hypothesisId":"H3","location":"Starship.NetworkMotor:ApplyRemoteMotorSnapshotVisuals","message":"remote_display","data":{"renderTickF":4104.433,"latestTick":4105,"simTick":4404,"bufCount":48,"extrapolating":0,"frameDelta":3.0170,"speed":F3},"timestamp":1782243087963}
{"sessionId":"3f83e2","runId":"post-fix7","hypothesisId":"H1","location":"Starship.NetworkMotor:ReconcileOwnerFromServer","message":"owner_reconcile","data":{"preSnapErr":0.0000,"replayCount":9,"preTick":4116,"postTick":4116,"serverTick":4107,"ackSeq":2650,"simTick":4405},"timestamp":1782243087978}
{"sessionId":"3f83e2","runId":"post-fix7","hypothesisId":"H1","location":"Starship.NetworkMotor:ReconcileOwnerFromServer","message":"owner_reconcile","data":{"preSnapErr":0.0000,"replayCount":9,"preTick":4117,"postTick":4117,"serverTick":4108,"ackSeq":2651,"simTick":4406},"timestamp":1782243088002}
{"sessionId":"3f83e2","runId":"post-fix7","hypothesisId":"H5","location":"Starship.NetworkMotor:ApplyOwnerPredictedMotorVisuals","message":"owner_display","data":{"alpha":0.771,"renderSpan":0.0000,"frameDelta":0.0000,"speed":F3},"timestamp":1782243088010}
{"sessionId":"3f83e2","runId":"post-fix7","hypothesisId":"H1","location":"Starship.NetworkMotor:ReconcileOwnerFromServer","message":"owner_reconcile","data":{"preSnapErr":0.0000,"replayCount":9,"preTick":4119,"postTick":4119,"serverTick":4110,"ackSeq":2653,"simTick":4408},"timestamp":1782243088048}
{"sessionId":"3f83e2","runId":"post-fix7","hypothesisId":"H1","location":"Starship.NetworkMotor:ReconcileOwnerFromServer","message":"owner_reconcile","data":{"preSnapErr":0.0000,"replayCount":10,"preTick":4122,"postTick":4122,"serverTick":4112,"ackSeq":2655,"simTick":4411},"timestamp":1782243088094}
{"sessionId":"3f83e2","runId":"post-fix7","hypothesisId":"H1","location":"Starship.NetworkMotor:ReconcileOwnerFromServer","message":"owner_reconcile","data":{"preSnapErr":0.0000,"replayCount":9,"preTick":4124,"postTick":4124,"serverTick":4115,"ackSeq":2658,"simTick":4413},"timestamp":1782243088140}
{"sessionId":"3f83e2","runId":"post-fix7","hypothesisId":"H1","location":"Starship.NetworkMotor:ReconcileOwnerFromServer","message":"owner_reconcile","data":{"preSnapErr":0.0000,"replayCount":9,"preTick":4126,"postTick":4126,"serverTick":4117,"ackSeq":2660,"simTick":4415},"timestamp":1782243088185}
{"sessionId":"3f83e2","runId":"post-fix7","hypothesisId":"H1","location":"Starship.NetworkMotor:ReconcileOwnerFromServer","message":"owner_reconcile","data":{"preSnapErr":0.0000,"replayCount":9,"preTick":4127,"postTick":4127,"serverTick":4118,"ackSeq":2661,"simTick":4416},"timestamp":1782243088208}
{"sessionId":"3f83e2","runId":"post-fix7","hypothesisId":"H3","location":"Starship.NetworkMotor:ApplyRemoteMotorSnapshotVisuals","message":"remote_display","data":{"renderTickF":4117.290,"latestTick":4118,"simTick":4418,"bufCount":48,"extrapolating":0,"frameDelta":3.0336,"speed":F3},"timestamp":1782243088239}
{"sessionId":"3f83e2","runId":"post-fix7","hypothesisId":"H1","location":"Starship.NetworkMotor:ReconcileOwnerFromServer","message":"owner_reconcile","data":{"preSnapErr":0.0000,"replayCount":10,"preTick":4130,"postTick":4130,"serverTick":4120,"ackSeq":2663,"simTick":4419},"timestamp":1782243088253}
{"sessionId":"3f83e2","runId":"post-fix7","hypothesisId":"H1","location":"Starship.NetworkMotor:ReconcileOwnerFromServer","message":"owner_reconcile","data":{"preSnapErr":0.0000,"replayCount":9,"preTick":4131,"postTick":4131,"serverTick":4122,"ackSeq":2665,"simTick":4420},"timestamp":1782243088276}
{"sessionId":"3f83e2","runId":"post-fix7","hypothesisId":"H2","location":"Starship.NetworkMotor:ClientPredictMotorFixedStep","message":"owner_predict","data":{"tick":4132,"simTick":4420,"serverClock":4423,"tickLead":-288,"speed":0.000,"thrust":0},"timestamp":1782243088276}
{"sessionId":"3f83e2","runId":"post-fix7","hypothesisId":"H5","location":"Starship.NetworkMotor:ApplyOwnerPredictedMotorVisuals","message":"owner_display","data":{"alpha":0.456,"renderSpan":0.0000,"frameDelta":0.0000,"speed":F3},"timestamp":1782243088284}
{"sessionId":"3f83e2","runId":"post-fix7","hypothesisId":"H1","location":"Starship.NetworkMotor:ReconcileOwnerFromServer","message":"owner_reconcile","data":{"preSnapErr":0.0000,"replayCount":10,"preTick":4133,"postTick":4133,"serverTick":4123,"ackSeq":2666,"simTick":4422},"timestamp":1782243088321}
{"sessionId":"3f83e2","runId":"post-fix7","hypothesisId":"H1","location":"Starship.NetworkMotor:ReconcileOwnerFromServer","message":"owner_reconcile","data":{"preSnapErr":0.0000,"replayCount":9,"preTick":4134,"postTick":4134,"serverTick":4125,"ackSeq":2668,"simTick":4423},"timestamp":1782243088346}
{"sessionId":"3f83e2","runId":"post-fix7","hypothesisId":"H1","location":"Starship.NetworkMotor:ReconcileOwnerFromServer","message":"owner_reconcile","data":{"preSnapErr":0.0000,"replayCount":9,"preTick":4136,"postTick":4136,"serverTick":4127,"ackSeq":2670,"simTick":4425},"timestamp":1782243088372}
{"sessionId":"3f83e2","runId":"post-fix7","hypothesisId":"H1","location":"Starship.NetworkMotor:ReconcileOwnerFromServer","message":"owner_reconcile","data":{"preSnapErr":0.0000,"replayCount":10,"preTick":4138,"postTick":4138,"serverTick":4128,"ackSeq":2671,"simTick":4427},"timestamp":1782243088415}
{"sessionId":"3f83e2","runId":"post-fix7","hypothesisId":"H1","location":"Starship.NetworkMotor:ReconcileOwnerFromServer","message":"owner_reconcile","data":{"preSnapErr":0.0000,"replayCount":10,"preTick":4140,"postTick":4140,"serverTick":4130,"ackSeq":2673,"simTick":4429},"timestamp":1782243088455}
{"sessionId":"3f83e2","runId":"post-fix7","hypothesisId":"H1","location":"Starship.NetworkMotor:ReconcileOwnerFromServer","message":"owner_reconcile","data":{"preSnapErr":0.0000,"replayCount":5,"preTick":4141,"postTick":4141,"serverTick":4136,"ackSeq":2679,"simTick":4428},"timestamp":1782243088586}
{"sessionId":"3f83e2","runId":"post-fix7","hypothesisId":"H1","location":"Starship.NetworkMotor:ReconcileOwnerFromServer","message":"owner_reconcile","data":{"preSnapErr":0.0000,"replayCount":8,"preTick":4146,"postTick":4146,"serverTick":4138,"ackSeq":2681,"simTick":4433},"timestamp":1782243088629}
{"sessionId":"3f83e2","runId":"post-fix7","hypothesisId":"H3","location":"Starship.NetworkMotor:ApplyRemoteMotorSnapshotVisuals","message":"remote_display","data":{"renderTickF":4137.695,"latestTick":4138,"simTick":4435,"bufCount":48,"extrapolating":0,"frameDelta":4.3327,"speed":F3},"timestamp":1782243088638}
{"sessionId":"3f83e2","runId":"post-fix7","hypothesisId":"H1","location":"Starship.NetworkMotor:ReconcileOwnerFromServer","message":"owner_reconcile","data":{"preSnapErr":0.0579,"replayCount":8,"preTick":4148,"postTick":4148,"serverTick":4140,"ackSeq":2683,"simTick":4435},"timestamp":1782243088651}
{"sessionId":"3f83e2","runId":"post-fix7","hypothesisId":"H5","location":"Starship.NetworkMotor:ApplyOwnerPredictedMotorVisuals","message":"owner_display","data":{"alpha":0.732,"renderSpan":0.0480,"frameDelta":0.1315,"speed":F3},"timestamp":1782243088676}
{"sessionId":"3f83e2","runId":"post-fix7","hypothesisId":"H1","location":"Starship.NetworkMotor:ReconcileOwnerFromServer","message":"owner_reconcile","data":{"preSnapErr":0.2681,"replayCount":10,"preTick":4152,"postTick":4154,"serverTick":4144,"ackSeq":2685,"simTick":4439},"timestamp":1782243088727}
{"sessionId":"3f83e2","runId":"post-fix7","hypothesisId":"H1","location":"Starship.NetworkMotor:ReconcileOwnerFromServer","message":"owner_reconcile","data":{"preSnapErr":0.3436,"replayCount":10,"preTick":4155,"postTick":4155,"serverTick":4145,"ackSeq":2686,"simTick":4440},"timestamp":1782243088746}
{"sessionId":"3f83e2","runId":"post-fix7","hypothesisId":"H1","location":"Starship.NetworkMotor:ReconcileOwnerFromServer","message":"owner_reconcile","data":{"preSnapErr":0.5210,"replayCount":10,"preTick":4157,"postTick":4157,"serverTick":4147,"ackSeq":2688,"simTick":4442},"timestamp":1782243088786}
{"sessionId":"3f83e2","runId":"post-fix7","hypothesisId":"H1","location":"Starship.NetworkMotor:ReconcileOwnerFromServer","message":"owner_reconcile","data":{"preSnapErr":0.6131,"replayCount":10,"preTick":4158,"postTick":4158,"serverTick":4148,"ackSeq":2689,"simTick":4443},"timestamp":1782243088808}
{"sessionId":"3f83e2","runId":"post-fix7","hypothesisId":"H2","location":"Starship.NetworkMotor:ClientPredictMotorFixedStep","message":"owner_predict","data":{"tick":4159,"simTick":4443,"serverClock":4449,"tickLead":-284,"speed":5.563,"thrust":1},"timestamp":1782243088809}
{"sessionId":"3f83e2","runId":"post-fix7","hypothesisId":"H1","location":"Starship.NetworkMotor:ReconcileOwnerFromServer","message":"owner_reconcile","data":{"preSnapErr":0.7942,"replayCount":10,"preTick":4160,"postTick":4160,"serverTick":4150,"ackSeq":2691,"simTick":4445},"timestamp":1782243088852}
{"sessionId":"3f83e2","runId":"post-fix7","hypothesisId":"H3","location":"Starship.NetworkMotor:ApplyRemoteMotorSnapshotVisuals","message":"remote_display","data":{"renderTickF":4149.839,"latestTick":4150,"simTick":4447,"bufCount":48,"extrapolating":0,"frameDelta":2.0322,"speed":F3},"timestamp":1782243088877}
{"sessionId":"3f83e2","runId":"post-fix7","hypothesisId":"H1","location":"Starship.NetworkMotor:ReconcileOwnerFromServer","message":"owner_reconcile","data":{"preSnapErr":0.9699,"replayCount":10,"preTick":4162,"postTick":4162,"serverTick":4152,"ackSeq":2693,"simTick":4447},"timestamp":1782243088891}
{"sessionId":"3f83e2","runId":"post-fix7","hypothesisId":"H5","location":"Starship.NetworkMotor:ApplyOwnerPredictedMotorVisuals","message":"owner_display","data":{"alpha":0.768,"renderSpan":0.1529,"frameDelta":1.2397,"speed":F3},"timestamp":1782243088917}
{"sessionId":"3f83e2","runId":"post-fix7","hypothesisId":"H1","location":"Starship.NetworkMotor:ReconcileOwnerFromServer","message":"owner_reconcile","data":{"preSnapErr":1.1424,"replayCount":10,"preTick":4164,"postTick":4164,"serverTick":4154,"ackSeq":2695,"simTick":4449},"timestamp":1782243088929}
{"sessionId":"3f83e2","runId":"post-fix7","hypothesisId":"H1","location":"Starship.NetworkMotor:ReconcileOwnerFromServer","message":"owner_reconcile","data":{"preSnapErr":1.1452,"replayCount":9,"preTick":4165,"postTick":4165,"serverTick":4156,"ackSeq":2697,"simTick":4450},"timestamp":1782243088951}
{"sessionId":"3f83e2","runId":"post-fix7","hypothesisId":"H1","location":"Starship.NetworkMotor:ReconcileOwnerFromServer","message":"owner_reconcile","data":{"preSnapErr":1.2221,"replayCount":9,"preTick":4166,"postTick":4166,"serverTick":4157,"ackSeq":2698,"simTick":4451},"timestamp":1782243088971}
{"sessionId":"3f83e2","runId":"post-fix7","hypothesisId":"H1","location":"Starship.NetworkMotor:ReconcileOwnerFromServer","message":"owner_reconcile","data":{"preSnapErr":1.4864,"replayCount":10,"preTick":4168,"postTick":4168,"serverTick":4158,"ackSeq":2699,"simTick":4453},"timestamp":1782243089011}
{"sessionId":"3f83e2","runId":"post-fix7","hypothesisId":"H1","location":"Starship.NetworkMotor:ReconcileOwnerFromServer","message":"owner_reconcile","data":{"preSnapErr":1.6643,"replayCount":10,"preTick":4170,"postTick":4170,"serverTick":4160,"ackSeq":2701,"simTick":4455},"timestamp":1782243089050}
{"sessionId":"3f83e2","runId":"post-fix7","hypothesisId":"H1","location":"Starship.NetworkMotor:ReconcileOwnerFromServer","message":"owner_reconcile","data":{"preSnapErr":1.8478,"replayCount":10,"preTick":4172,"postTick":4172,"serverTick":4162,"ackSeq":2703,"simTick":4457},"timestamp":1782243089089}
{"sessionId":"3f83e2","runId":"post-fix7","hypothesisId":"H3","location":"Starship.NetworkMotor:ApplyRemoteMotorSnapshotVisuals","message":"remote_display","data":{"renderTickF":4161.756,"latestTick":4162,"simTick":4459,"bufCount":48,"extrapolating":0,"frameDelta":1.5923,"speed":F3},"timestamp":1782243089117}
{"sessionId":"3f83e2","runId":"post-fix7","hypothesisId":"H1","location":"Starship.NetworkMotor:ReconcileOwnerFromServer","message":"owner_reconcile","data":{"preSnapErr":2.0344,"replayCount":10,"preTick":4174,"postTick":4174,"serverTick":4164,"ackSeq":2705,"simTick":4459},"timestamp":1782243089129}
{"sessionId":"3f83e2","runId":"post-fix7","hypothesisId":"H1","location":"Starship.NetworkMotor:ReconcileOwnerFromServer","message":"owner_reconcile","data":{"preSnapErr":2.1186,"replayCount":10,"preTick":4175,"postTick":4175,"serverTick":4165,"ackSeq":2706,"simTick":4460},"timestamp":1782243089152}
{"sessionId":"3f83e2","runId":"post-fix7","hypothesisId":"H5","location":"Starship.NetworkMotor:ApplyOwnerPredictedMotorVisuals","message":"owner_display","data":{"alpha":0.829,"renderSpan":0.2455,"frameDelta":2.5193,"speed":F3},"timestamp":1782243089159}
{"sessionId":"3f83e2","runId":"post-fix7","hypothesisId":"H1","location":"Starship.NetworkMotor:ReconcileOwnerFromServer","message":"owner_reconcile","data":{"preSnapErr":2.2591,"replayCount":10,"preTick":4177,"postTick":4177,"serverTick":4167,"ackSeq":2708,"simTick":4462},"timestamp":1782243089193}
{"sessionId":"3f83e2","runId":"post-fix7","hypothesisId":"H1","location":"Starship.NetworkMotor:ReconcileOwnerFromServer","message":"owner_reconcile","data":{"preSnapErr":2.3150,"replayCount":10,"preTick":4178,"postTick":4178,"serverTick":4168,"ackSeq":2709,"simTick":4463},"timestamp":1782243089217}
{"sessionId":"3f83e2","runId":"post-fix7","hypothesisId":"H1","location":"Starship.NetworkMotor:ReconcileOwnerFromServer","message":"owner_reconcile","data":{"preSnapErr":2.3969,"replayCount":10,"preTick":4180,"postTick":4180,"serverTick":4170,"ackSeq":2711,"simTick":4465},"timestamp":1782243089240}
{"sessionId":"3f83e2","runId":"post-fix7","hypothesisId":"H1","location":"Starship.NetworkMotor:ReconcileOwnerFromServer","message":"owner_reconcile","data":{"preSnapErr":2.4390,"replayCount":10,"preTick":4182,"postTick":4182,"serverTick":4172,"ackSeq":2713,"simTick":4467},"timestamp":1782243089283}
{"sessionId":"3f83e2","runId":"post-fix7","hypothesisId":"H1","location":"Starship.NetworkMotor:ReconcileOwnerFromServer","message":"owner_reconcile","data":{"preSnapErr":2.4454,"replayCount":10,"preTick":4183,"postTick":4183,"serverTick":4173,"ackSeq":2714,"simTick":4468},"timestamp":1782243089304}
{"sessionId":"3f83e2","runId":"post-fix7","hypothesisId":"H2","location":"Starship.NetworkMotor:ClientPredictMotorFixedStep","message":"owner_predict","data":{"tick":4184,"simTick":4468,"serverClock":4474,"tickLead":-284,"speed":12.200,"thrust":1},"timestamp":1782243089305}
{"sessionId":"3f83e2","runId":"post-fix7","hypothesisId":"H1","location":"Starship.NetworkMotor:ReconcileOwnerFromServer","message":"owner_reconcile","data":{"preSnapErr":2.4396,"replayCount":10,"preTick":4185,"postTick":4185,"serverTick":4175,"ackSeq":2716,"simTick":4470},"timestamp":1782243089348}
{"sessionId":"3f83e2","runId":"post-fix7","hypothesisId":"H3","location":"Starship.NetworkMotor:ApplyRemoteMotorSnapshotVisuals","message":"remote_display","data":{"renderTickF":4174.712,"latestTick":4175,"simTick":4472,"bufCount":48,"extrapolating":0,"frameDelta":1.2801,"speed":F3},"timestamp":1782243089377}
{"sessionId":"3f83e2","runId":"post-fix7","hypothesisId":"H1","location":"Starship.NetworkMotor:ReconcileOwnerFromServer","message":"owner_reconcile","data":{"preSnapErr":2.6745,"replayCount":11,"preTick":4188,"postTick":4188,"serverTick":4177,"ackSeq":2718,"simTick":4473},"timestamp":1782243089410}
{"sessionId":"3f83e2","runId":"post-fix7","hypothesisId":"H5","location":"Starship.NetworkMotor:ApplyOwnerPredictedMotorVisuals","message":"owner_display","data":{"alpha":0.769,"renderSpan":0.2434,"frameDelta":3.1419,"speed":F3},"timestamp":1782243089417}
{"sessionId":"3f83e2","runId":"post-fix7","hypothesisId":"H1","location":"Starship.NetworkMotor:ReconcileOwnerFromServer","message":"owner_reconcile","data":{"preSnapErr":2.1874,"replayCount":9,"preTick":4189,"postTick":4189,"serverTick":4180,"ackSeq":2721,"simTick":4474},"timestamp":1782243089437}
{"sessionId":"3f83e2","runId":"post-fix7","hypothesisId":"H1","location":"Starship.NetworkMotor:ReconcileOwnerFromServer","message":"owner_reconcile","data":{"preSnapErr":2.4240,"replayCount":10,"preTick":4192,"postTick":4192,"serverTick":4182,"ackSeq":2723,"simTick":4477},"timestamp":1782243089480}
{"sessionId":"3f83e2","runId":"post-fix7","hypothesisId":"H1","location":"Starship.NetworkMotor:ReconcileOwnerFromServer","message":"owner_reconcile","data":{"preSnapErr":2.6613,"replayCount":11,"preTick":4194,"postTick":4194,"serverTick":4183,"ackSeq":2724,"simTick":4479},"timestamp":1782243089519}
{"sessionId":"3f83e2","runId":"post-fix7","hypothesisId":"H1","location":"Starship.NetworkMotor:ReconcileOwnerFromServer","message":"owner_reconcile","data":{"preSnapErr":2.4200,"replayCount":10,"preTick":4195,"postTick":4195,"serverTick":4185,"ackSeq":2726,"simTick":4480},"timestamp":1782243089539}
{"sessionId":"3f83e2","runId":"post-fix7","hypothesisId":"H1","location":"Starship.NetworkMotor:ReconcileOwnerFromServer","message":"owner_reconcile","data":{"preSnapErr":2.4179,"replayCount":10,"preTick":4197,"postTick":4197,"serverTick":4187,"ackSeq":2728,"simTick":4482},"timestamp":1782243089580}
{"sessionId":"3f83e2","runId":"post-fix7","hypothesisId":"H1","location":"Starship.NetworkMotor:ReconcileOwnerFromServer","message":"owner_reconcile","data":{"preSnapErr":2.6554,"replayCount":11,"preTick":4199,"postTick":4199,"serverTick":4188,"ackSeq":2729,"simTick":4484},"timestamp":1782243089624}
{"sessionId":"3f83e2","runId":"post-fix7","hypothesisId":"H3","location":"Starship.NetworkMotor:ApplyRemoteMotorSnapshotVisuals","message":"remote_display","data":{"renderTickF":4187.417,"latestTick":4188,"simTick":4485,"bufCount":48,"extrapolating":0,"frameDelta":0.7992,"speed":F3},"timestamp":1782243089632}
{"sessionId":"3f83e2","runId":"post-fix7","hypothesisId":"H1","location":"Starship.NetworkMotor:ReconcileOwnerFromServer","message":"owner_reconcile","data":{"preSnapErr":2.4148,"replayCount":10,"preTick":4200,"postTick":4200,"serverTick":4190,"ackSeq":2731,"simTick":4485},"timestamp":1782243089649}
{"sessionId":"3f83e2","runId":"post-fix7","hypothesisId":"H1","location":"Starship.NetworkMotor:ReconcileOwnerFromServer","message":"owner_reconcile","data":{"preSnapErr":2.1736,"replayCount":9,"preTick":4201,"postTick":4201,"serverTick":4192,"ackSeq":2733,"simTick":4486},"timestamp":1782243089670}
{"sessionId":"3f83e2","runId":"post-fix7","hypothesisId":"H5","location":"Starship.NetworkMotor:ApplyOwnerPredictedMotorVisuals","message":"owner_display","data":{"alpha":0.757,"renderSpan":0.2416,"frameDelta":3.1260,"speed":F3},"timestamp":1782243089679}
{"sessionId":"3f83e2","runId":"post-fix7","hypothesisId":"H1","location":"Starship.NetworkMotor:ReconcileOwnerFromServer","message":"owner_reconcile","data":{"preSnapErr":2.4114,"replayCount":10,"preTick":4203,"postTick":4203,"serverTick":4193,"ackSeq":2734,"simTick":4488},"timestamp":1782243089712}
{"sessionId":"3f83e2","runId":"post-fix7","hypothesisId":"H1","location":"Starship.NetworkMotor:ReconcileOwnerFromServer","message":"owner_reconcile","data":{"preSnapErr":2.4090,"replayCount":10,"preTick":4205,"postTick":4205,"serverTick":4195,"ackSeq":2736,"simTick":4490},"timestamp":1782243089754}
{"sessionId":"3f83e2","runId":"post-fix7","hypothesisId":"H1","location":"Starship.NetworkMotor:ReconcileOwnerFromServer","message":"owner_reconcile","data":{"preSnapErr":2.1679,"replayCount":9,"preTick":4206,"postTick":4206,"serverTick":4197,"ackSeq":2738,"simTick":4491},"timestamp":1782243089777}
{"sessionId":"3f83e2","runId":"post-fix7","hypothesisId":"H1","location":"Starship.NetworkMotor:ReconcileOwnerFromServer","message":"owner_reconcile","data":{"preSnapErr":2.4051,"replayCount":10,"preTick":4208,"postTick":4208,"serverTick":4198,"ackSeq":2739,"simTick":4493},"timestamp":1782243089801}
{"sessionId":"3f83e2","runId":"post-fix7","hypothesisId":"H2","location":"Starship.NetworkMotor:ClientPredictMotorFixedStep","message":"owner_predict","data":{"tick":4209,"simTick":4493,"serverClock":4499,"tickLead":-284,"speed":12.021,"thrust":1},"timestamp":1782243089801}
{"sessionId":"3f83e2","runId":"post-fix7","hypothesisId":"H1","location":"Starship.NetworkMotor:ReconcileOwnerFromServer","message":"owner_reconcile","data":{"preSnapErr":2.4023,"replayCount":10,"preTick":4210,"postTick":4210,"serverTick":4200,"ackSeq":2741,"simTick":4495},"timestamp":1782243089843}
{"sessionId":"3f83e2","runId":"post-fix7","hypothesisId":"H1","location":"Starship.NetworkMotor:ReconcileOwnerFromServer","message":"owner_reconcile","data":{"preSnapErr":2.3990,"replayCount":10,"preTick":4212,"postTick":4212,"serverTick":4202,"ackSeq":2743,"simTick":4497},"timestamp":1782243089886}
{"sessionId":"3f83e2","runId":"post-fix7","hypothesisId":"H3","location":"Starship.NetworkMotor:ApplyRemoteMotorSnapshotVisuals","message":"remote_display","data":{"renderTickF":4201.581,"latestTick":4202,"simTick":4498,"bufCount":48,"extrapolating":0,"frameDelta":0.3573,"speed":F3},"timestamp":1782243089895}
{"sessionId":"3f83e2","runId":"post-fix7","hypothesisId":"H1","location":"Starship.NetworkMotor:ReconcileOwnerFromServer","message":"owner_reconcile","data":{"preSnapErr":2.3973,"replayCount":10,"preTick":4213,"postTick":4213,"serverTick":4203,"ackSeq":2744,"simTick":4498},"timestamp":1782243089910}
{"sessionId":"3f83e2","runId":"post-fix7","hypothesisId":"H5","location":"Starship.NetworkMotor:ApplyOwnerPredictedMotorVisuals","message":"owner_display","data":{"alpha":0.778,"renderSpan":0.2394,"frameDelta":3.1133,"speed":F3},"timestamp":1782243089938}
{"sessionId":"3f83e2","runId":"post-fix7","hypothesisId":"H1","location":"Starship.NetworkMotor:ReconcileOwnerFromServer","message":"owner_reconcile","data":{"preSnapErr":2.3938,"replayCount":10,"preTick":4215,"postTick":4215,"serverTick":4205,"ackSeq":2746,"simTick":4500},"timestamp":1782243089950}
{"sessionId":"3f83e2","runId":"post-fix7","hypothesisId":"H1","location":"Starship.NetworkMotor:ReconcileOwnerFromServer","message":"owner_reconcile","data":{"preSnapErr":2.3900,"replayCount":10,"preTick":4217,"postTick":4217,"serverTick":4207,"ackSeq":2748,"simTick":4502},"timestamp":1782243089990}
{"sessionId":"3f83e2","runId":"post-fix7","hypothesisId":"H1","location":"Starship.NetworkMotor:ReconcileOwnerFromServer","message":"owner_reconcile","data":{"preSnapErr":2.3882,"replayCount":10,"preTick":4218,"postTick":4218,"serverTick":4208,"ackSeq":2749,"simTick":4503},"timestamp":1782243090010}
{"sessionId":"3f83e2","runId":"post-fix7","hypothesisId":"H1","location":"Starship.NetworkMotor:ReconcileOwnerFromServer","message":"owner_reconcile","data":{"preSnapErr":2.3844,"replayCount":10,"preTick":4220,"postTick":4220,"serverTick":4210,"ackSeq":2751,"simTick":4505},"timestamp":1782243090051}
{"sessionId":"3f83e2","runId":"post-fix7","hypothesisId":"H1","location":"Starship.NetworkMotor:ReconcileOwnerFromServer","message":"owner_reconcile","data":{"preSnapErr":2.1450,"replayCount":9,"preTick":4221,"postTick":4221,"serverTick":4212,"ackSeq":2753,"simTick":4506},"timestamp":1782243090076}
{"sessionId":"3f83e2","runId":"post-fix7","hypothesisId":"H1","location":"Starship.NetworkMotor:ReconcileOwnerFromServer","message":"owner_reconcile","data":{"preSnapErr":2.3766,"replayCount":10,"preTick":4224,"postTick":4224,"serverTick":4214,"ackSeq":2755,"simTick":4509},"timestamp":1782243090119}
{"sessionId":"3f83e2","runId":"post-fix7","hypothesisId":"H3","location":"Starship.NetworkMotor:ApplyRemoteMotorSnapshotVisuals","message":"remote_display","data":{"renderTickF":4213.217,"latestTick":4214,"simTick":4511,"bufCount":48,"extrapolating":0,"frameDelta":0.0065,"speed":F3},"timestamp":1782243090147}
{"sessionId":"3f83e2","runId":"post-fix7","hypothesisId":"H1","location":"Starship.NetworkMotor:ReconcileOwnerFromServer","message":"owner_reconcile","data":{"preSnapErr":2.6084,"replayCount":11,"preTick":4226,"postTick":4226,"serverTick":4215,"ackSeq":2756,"simTick":4511},"timestamp":1782243090160}
{"sessionId":"3f83e2","runId":"post-fix7","hypothesisId":"H1","location":"Starship.NetworkMotor:ReconcileOwnerFromServer","message":"owner_reconcile","data":{"preSnapErr":2.3712,"replayCount":10,"preTick":4227,"postTick":4227,"serverTick":4217,"ackSeq":2758,"simTick":4512},"timestamp":1782243090182}
{"sessionId":"3f83e2","runId":"post-fix7","hypothesisId":"H5","location":"Starship.NetworkMotor:ApplyOwnerPredictedMotorVisuals","message":"owner_display","data":{"alpha":0.336,"renderSpan":0.2380,"frameDelta":2.9706,"speed":F3},"timestamp":1782243090189}
{"sessionId":"3f83e2","runId":"post-fix7","hypothesisId":"H1","location":"Starship.NetworkMotor:ReconcileOwnerFromServer","message":"owner_reconcile","data":{"preSnapErr":2.3682,"replayCount":10,"preTick":4229,"postTick":4229,"serverTick":4219,"ackSeq":2760,"simTick":4514},"timestamp":1782243090225}
{"sessionId":"3f83e2","runId":"post-fix7","hypothesisId":"H1","location":"Starship.NetworkMotor:ReconcileOwnerFromServer","message":"owner_reconcile","data":{"preSnapErr":2.3669,"replayCount":10,"preTick":4230,"postTick":4230,"serverTick":4220,"ackSeq":2761,"simTick":4515},"timestamp":1782243090249}
{"sessionId":"3f83e2","runId":"post-fix7","hypothesisId":"H1","location":"Starship.NetworkMotor:ReconcileOwnerFromServer","message":"owner_reconcile","data":{"preSnapErr":2.3646,"replayCount":10,"preTick":4232,"postTick":4232,"serverTick":4222,"ackSeq":2763,"simTick":4517},"timestamp":1782243090295}
{"sessionId":"3f83e2","runId":"post-fix7","hypothesisId":"H2","location":"Starship.NetworkMotor:ClientPredictMotorFixedStep","message":"owner_predict","data":{"tick":4234,"simTick":4518,"serverClock":4524,"tickLead":-284,"speed":11.828,"thrust":1},"timestamp":1782243090298}
{"sessionId":"3f83e2","runId":"post-fix7","hypothesisId":"H1","location":"Starship.NetworkMotor:ReconcileOwnerFromServer","message":"owner_reconcile","data":{"preSnapErr":2.3613,"replayCount":10,"preTick":4234,"postTick":4234,"serverTick":4224,"ackSeq":2765,"simTick":4519},"timestamp":1782243090320}
{"sessionId":"3f83e2","runId":"post-fix7","hypothesisId":"H1","location":"Starship.NetworkMotor:ReconcileOwnerFromServer","message":"owner_reconcile","data":{"preSnapErr":2.3585,"replayCount":10,"preTick":4235,"postTick":4235,"serverTick":4225,"ackSeq":2766,"simTick":4520},"timestamp":1782243090341}
{"sessionId":"3f83e2","runId":"post-fix7","hypothesisId":"H1","location":"Starship.NetworkMotor:ReconcileOwnerFromServer","message":"owner_reconcile","data":{"preSnapErr":2.3484,"replayCount":10,"preTick":4237,"postTick":4237,"serverTick":4227,"ackSeq":2768,"simTick":4522},"timestamp":1782243090383}
{"sessionId":"3f83e2","runId":"post-fix7","hypothesisId":"H3","location":"Starship.NetworkMotor:ApplyRemoteMotorSnapshotVisuals","message":"remote_display","data":{"renderTickF":4226.477,"latestTick":4227,"simTick":4524,"bufCount":48,"extrapolating":0,"frameDelta":0.0009,"speed":F3},"timestamp":1782243090411}
{"sessionId":"3f83e2","runId":"post-fix7","hypothesisId":"H1","location":"Starship.NetworkMotor:ReconcileOwnerFromServer","message":"owner_reconcile","data":{"preSnapErr":2.3295,"replayCount":10,"preTick":4239,"postTick":4239,"serverTick":4229,"ackSeq":2770,"simTick":4524},"timestamp":1782243090423}
{"sessionId":"3f83e2","runId":"post-fix7","hypothesisId":"H5","location":"Starship.NetworkMotor:ApplyOwnerPredictedMotorVisuals","message":"owner_display","data":{"alpha":0.483,"renderSpan":0.2204,"frameDelta":3.0350,"speed":F3},"timestamp":1782243090452}
{"sessionId":"3f83e2","runId":"post-fix7","hypothesisId":"H1","location":"Starship.NetworkMotor:ReconcileOwnerFromServer","message":"owner_reconcile","data":{"preSnapErr":2.2984,"replayCount":10,"preTick":4241,"postTick":4241,"serverTick":4231,"ackSeq":2772,"simTick":4526},"timestamp":1782243090465}
{"sessionId":"3f83e2","runId":"post-fix7","hypothesisId":"H1","location":"Starship.NetworkMotor:ReconcileOwnerFromServer","message":"owner_reconcile","data":{"preSnapErr":2.2773,"replayCount":10,"preTick":4242,"postTick":4242,"serverTick":4232,"ackSeq":2773,"simTick":4527},"timestamp":1782243090485}
{"sessionId":"3f83e2","runId":"post-fix7","hypothesisId":"H1","location":"Starship.NetworkMotor:ReconcileOwnerFromServer","message":"owner_reconcile","data":{"preSnapErr":2.2234,"replayCount":10,"preTick":4244,"postTick":4244,"serverTick":4234,"ackSeq":2775,"simTick":4529},"timestamp":1782243090530}
{"sessionId":"3f83e2","runId":"post-fix7","hypothesisId":"H1","location":"Starship.NetworkMotor:ReconcileOwnerFromServer","message":"owner_reconcile","data":{"preSnapErr":1.9605,"replayCount":9,"preTick":4245,"postTick":4245,"serverTick":4236,"ackSeq":2777,"simTick":4530},"timestamp":1782243090548}
{"sessionId":"3f83e2","runId":"post-fix7","hypothesisId":"H1","location":"Starship.NetworkMotor:ReconcileOwnerFromServer","message":"owner_reconcile","data":{"preSnapErr":2.1128,"replayCount":10,"preTick":4247,"postTick":4247,"serverTick":4237,"ackSeq":2778,"simTick":4532},"timestamp":1782243090591}
{"sessionId":"3f83e2","runId":"post-fix7","hypothesisId":"H1","location":"Starship.NetworkMotor:ReconcileOwnerFromServer","message":"owner_reconcile","data":{"preSnapErr":2.0683,"replayCount":10,"preTick":4248,"postTick":4248,"serverTick":4238,"ackSeq":2779,"simTick":4533},"timestamp":1782243090611}
{"sessionId":"3f83e2","runId":"post-fix7","hypothesisId":"H1","location":"Starship.NetworkMotor:ReconcileOwnerFromServer","message":"owner_reconcile","data":{"preSnapErr":1.9683,"replayCount":10,"preTick":4250,"postTick":4250,"serverTick":4240,"ackSeq":2781,"simTick":4535},"timestamp":1782243090652}
{"sessionId":"3f83e2","runId":"post-fix7","hypothesisId":"H3","location":"Starship.NetworkMotor:ApplyRemoteMotorSnapshotVisuals","message":"remote_display","data":{"renderTickF":4239.823,"latestTick":4240,"simTick":4536,"bufCount":48,"extrapolating":0,"frameDelta":0.0009,"speed":F3},"timestamp":1782243090659}
{"sessionId":"3f83e2","runId":"post-fix7","hypothesisId":"H1","location":"Starship.NetworkMotor:ReconcileOwnerFromServer","message":"owner_reconcile","data":{"preSnapErr":1.9129,"replayCount":10,"preTick":4251,"postTick":4251,"serverTick":4241,"ackSeq":2782,"simTick":4536},"timestamp":1782243090672}
{"sessionId":"3f83e2","runId":"post-fix7","hypothesisId":"H5","location":"Starship.NetworkMotor:ApplyOwnerPredictedMotorVisuals","message":"owner_display","data":{"alpha":0.832,"renderSpan":0.1495,"frameDelta":2.2978,"speed":F3},"timestamp":1782243090698}
{"sessionId":"3f83e2","runId":"post-fix7","hypothesisId":"H1","location":"Starship.NetworkMotor:ReconcileOwnerFromServer","message":"owner_reconcile","data":{"preSnapErr":1.7921,"replayCount":10,"preTick":4253,"postTick":4253,"serverTick":4243,"ackSeq":2784,"simTick":4538},"timestamp":1782243090715}
{"sessionId":"3f83e2","runId":"post-fix7","hypothesisId":"H1","location":"Starship.NetworkMotor:ReconcileOwnerFromServer","message":"owner_reconcile","data":{"preSnapErr":1.6584,"replayCount":10,"preTick":4255,"postTick":4255,"serverTick":4245,"ackSeq":2786,"simTick":4540},"timestamp":1782243090739}
{"sessionId":"3f83e2","runId":"post-fix7","hypothesisId":"H1","location":"Starship.NetworkMotor:ReconcileOwnerFromServer","message":"owner_reconcile","data":{"preSnapErr":1.7007,"replayCount":11,"preTick":4257,"postTick":4257,"serverTick":4246,"ackSeq":2787,"simTick":4542},"timestamp":1782243090778}
{"sessionId":"3f83e2","runId":"post-fix7","hypothesisId":"H2","location":"Starship.NetworkMotor:ClientPredictMotorFixedStep","message":"owner_predict","data":{"tick":4259,"simTick":4543,"serverClock":4549,"tickLead":-284,"speed":4.918,"thrust":1},"timestamp":1782243090798}
{"sessionId":"3f83e2","runId":"post-fix7","hypothesisId":"H1","location":"Starship.NetworkMotor:ReconcileOwnerFromServer","message":"owner_reconcile","data":{"preSnapErr":1.5324,"replayCount":11,"preTick":4259,"postTick":4259,"serverTick":4248,"ackSeq":2789,"simTick":4544},"timestamp":1782243090823}
{"sessionId":"3f83e2","runId":"post-fix7","hypothesisId":"H1","location":"Starship.NetworkMotor:ReconcileOwnerFromServer","message":"owner_reconcile","data":{"preSnapErr":1.2751,"replayCount":10,"preTick":4260,"postTick":4260,"serverTick":4250,"ackSeq":2791,"simTick":4545},"timestamp":1782243090851}
{"sessionId":"3f83e2","runId":"post-fix7","hypothesisId":"H1","location":"Starship.NetworkMotor:ReconcileOwnerFromServer","message":"owner_reconcile","data":{"preSnapErr":1.1912,"replayCount":10,"preTick":4261,"postTick":4261,"serverTick":4251,"ackSeq":2792,"simTick":4546},"timestamp":1782243090876}
{"sessionId":"3f83e2","runId":"post-fix7","hypothesisId":"H1","location":"Starship.NetworkMotor:ReconcileOwnerFromServer","message":"owner_reconcile","data":{"preSnapErr":1.0175,"replayCount":10,"preTick":4263,"postTick":4263,"serverTick":4253,"ackSeq":2794,"simTick":4548},"timestamp":1782243090903}
{"sessionId":"3f83e2","runId":"post-fix7","hypothesisId":"H3","location":"Starship.NetworkMotor:ApplyRemoteMotorSnapshotVisuals","message":"remote_display","data":{"renderTickF":4252.714,"latestTick":4253,"simTick":4550,"bufCount":48,"extrapolating":0,"frameDelta":0.0008,"speed":F3},"timestamp":1782243090939}
{"sessionId":"3f83e2","runId":"post-fix7","hypothesisId":"H1","location":"Starship.NetworkMotor:ReconcileOwnerFromServer","message":"owner_reconcile","data":{"preSnapErr":0.8370,"replayCount":10,"preTick":4265,"postTick":4265,"serverTick":4255,"ackSeq":2796,"simTick":4550},"timestamp":1782243090954}
{"sessionId":"3f83e2","runId":"post-fix7","hypothesisId":"H1","location":"Starship.NetworkMotor:ReconcileOwnerFromServer","message":"owner_reconcile","data":{"preSnapErr":0.7448,"replayCount":10,"preTick":4266,"postTick":4266,"serverTick":4256,"ackSeq":2797,"simTick":4551},"timestamp":1782243090979}
{"sessionId":"3f83e2","runId":"post-fix7","hypothesisId":"H5","location":"Starship.NetworkMotor:ApplyOwnerPredictedMotorVisuals","message":"owner_display","data":{"alpha":0.192,"renderSpan":0.0330,"frameDelta":1.2134,"speed":F3},"timestamp":1782243090995}
{"sessionId":"3f83e2","runId":"post-fix7","hypothesisId":"H1","location":"Starship.NetworkMotor:ReconcileOwnerFromServer","message":"owner_reconcile","data":{"preSnapErr":0.5980,"replayCount":10,"preTick":4268,"postTick":4268,"serverTick":4258,"ackSeq":2799,"simTick":4553},"timestamp":1782243091012}
{"sessionId":"3f83e2","runId":"post-fix7","hypothesisId":"H1","location":"Starship.NetworkMotor:ReconcileOwnerFromServer","message":"owner_reconcile","data":{"preSnapErr":0.4412,"replayCount":9,"preTick":4269,"postTick":4269,"serverTick":4260,"ackSeq":2801,"simTick":4554},"timestamp":1782243091038}
{"sessionId":"3f83e2","runId":"post-fix7","hypothesisId":"H1","location":"Starship.NetworkMotor:ReconcileOwnerFromServer","message":"owner_reconcile","data":{"preSnapErr":0.3651,"replayCount":10,"preTick":4272,"postTick":4272,"serverTick":4262,"ackSeq":2803,"simTick":4557},"timestamp":1782243091089}
{"sessionId":"3f83e2","runId":"post-fix7","hypothesisId":"H1","location":"Starship.NetworkMotor:ReconcileOwnerFromServer","message":"owner_reconcile","data":{"preSnapErr":0.3234,"replayCount":10,"preTick":4273,"postTick":4273,"serverTick":4263,"ackSeq":2804,"simTick":4558},"timestamp":1782243091114}
{"sessionId":"3f83e2","runId":"post-fix7","hypothesisId":"H1","location":"Starship.NetworkMotor:ReconcileOwnerFromServer","message":"owner_reconcile","data":{"preSnapErr":0.2470,"replayCount":9,"preTick":4274,"postTick":4274,"serverTick":4265,"ackSeq":2806,"simTick":4559},"timestamp":1782243091142}
{"sessionId":"3f83e2","runId":"post-fix7","hypothesisId":"H1","location":"Starship.NetworkMotor:ReconcileOwnerFromServer","message":"owner_reconcile","data":{"preSnapErr":0.1714,"replayCount":9,"preTick":4277,"postTick":4277,"serverTick":4268,"ackSeq":2809,"simTick":4562},"timestamp":1782243091216}
{"sessionId":"3f83e2","runId":"post-fix7","hypothesisId":"H1","location":"Starship.NetworkMotor:ReconcileOwnerFromServer","message":"owner_reconcile","data":{"preSnapErr":0.1210,"replayCount":11,"preTick":4281,"postTick":4281,"serverTick":4270,"ackSeq":2811,"simTick":4566},"timestamp":1782243091262}
{"sessionId":"3f83e2","runId":"post-fix7","hypothesisId":"H3","location":"Starship.NetworkMotor:ApplyRemoteMotorSnapshotVisuals","message":"remote_display","data":{"renderTickF":4269.365,"latestTick":4270,"simTick":4567,"bufCount":48,"extrapolating":0,"frameDelta":0.0011,"speed":F3},"timestamp":1782243091270}
{"sessionId":"3f83e2","runId":"post-fix7","hypothesisId":"H1","location":"Starship.NetworkMotor:ReconcileOwnerFromServer","message":"owner_reconcile","data":{"preSnapErr":0.0745,"replayCount":10,"preTick":4282,"postTick":4282,"serverTick":4272,"ackSeq":2813,"simTick":4567},"timestamp":1782243091284}
{"sessionId":"3f83e2","runId":"post-fix7","hypothesisId":"H2","location":"Starship.NetworkMotor:ClientPredictMotorFixedStep","message":"owner_predict","data":{"tick":4284,"simTick":4568,"serverClock":4574,"tickLead":-284,"speed":0.000,"thrust":0},"timestamp":1782243091305}
{"sessionId":"3f83e2","runId":"post-fix7","hypothesisId":"H5","location":"Starship.NetworkMotor:ApplyOwnerPredictedMotorVisuals","message":"owner_display","data":{"alpha":0.466,"renderSpan":0.0000,"frameDelta":0.2054,"speed":F3},"timestamp":1782243091312}
{"sessionId":"3f83e2","runId":"post-fix7","hypothesisId":"H1","location":"Starship.NetworkMotor:ReconcileOwnerFromServer","message":"owner_reconcile","data":{"preSnapErr":0.0392,"replayCount":10,"preTick":4284,"postTick":4284,"serverTick":4274,"ackSeq":2815,"simTick":4569},"timestamp":1782243091326}
{"sessionId":"3f83e2","runId":"post-fix7","hypothesisId":"H1","location":"Starship.NetworkMotor:ReconcileOwnerFromServer","message":"owner_reconcile","data":{"preSnapErr":0.0258,"replayCount":10,"preTick":4285,"postTick":4285,"serverTick":4275,"ackSeq":2816,"simTick":4570},"timestamp":1782243091354}
{"sessionId":"3f83e2","runId":"post-fix7","hypothesisId":"H1","location":"Starship.NetworkMotor:ReconcileOwnerFromServer","message":"owner_reconcile","data":{"preSnapErr":0.0073,"replayCount":11,"preTick":4288,"postTick":4288,"serverTick":4277,"ackSeq":2818,"simTick":4573},"timestamp":1782243091398}
{"sessionId":"3f83e2","runId":"post-fix7","hypothesisId":"H1","location":"Starship.NetworkMotor:ReconcileOwnerFromServer","message":"owner_reconcile","data":{"preSnapErr":0.0000,"replayCount":10,"preTick":4289,"postTick":4289,"serverTick":4279,"ackSeq":2820,"simTick":4574},"timestamp":1782243091418}
{"sessionId":"3f83e2","runId":"post-fix7","hypothesisId":"H1","location":"Starship.NetworkMotor:ReconcileOwnerFromServer","message":"owner_reconcile","data":{"preSnapErr":0.0000,"replayCount":10,"preTick":4290,"postTick":4290,"serverTick":4280,"ackSeq":2821,"simTick":4575},"timestamp":1782243091442}
{"sessionId":"3f83e2","runId":"post-fix7","hypothesisId":"H1","location":"Starship.NetworkMotor:ReconcileOwnerFromServer","message":"owner_reconcile","data":{"preSnapErr":0.0097,"replayCount":10,"preTick":4292,"postTick":4292,"serverTick":4282,"ackSeq":2823,"simTick":4577},"timestamp":1782243091483}
{"sessionId":"3f83e2","runId":"post-fix7","hypothesisId":"H1","location":"Starship.NetworkMotor:ReconcileOwnerFromServer","message":"owner_reconcile","data":{"preSnapErr":0.0965,"replayCount":10,"preTick":4294,"postTick":4294,"serverTick":4284,"ackSeq":2825,"simTick":4579},"timestamp":1782243091525}
{"sessionId":"3f83e2","runId":"post-fix7","hypothesisId":"H3","location":"Starship.NetworkMotor:ApplyRemoteMotorSnapshotVisuals","message":"remote_display","data":{"renderTickF":4283.484,"latestTick":4284,"simTick":4580,"bufCount":48,"extrapolating":0,"frameDelta":0.0009,"speed":F3},"timestamp":1782243091532}
{"sessionId":"3f83e2","runId":"post-fix7","hypothesisId":"H1","location":"Starship.NetworkMotor:ReconcileOwnerFromServer","message":"owner_reconcile","data":{"preSnapErr":0.1444,"replayCount":10,"preTick":4295,"postTick":4295,"serverTick":4285,"ackSeq":2826,"simTick":4580},"timestamp":1782243091547}
{"sessionId":"3f83e2","runId":"post-fix7","hypothesisId":"H5","location":"Starship.NetworkMotor:ApplyOwnerPredictedMotorVisuals","message":"owner_display","data":{"alpha":0.828,"renderSpan":0.0669,"frameDelta":0.2568,"speed":F3},"timestamp":1782243091578}
{"sessionId":"3f83e2","runId":"post-fix7","hypothesisId":"H1","location":"Starship.NetworkMotor:ReconcileOwnerFromServer","message":"owner_reconcile","data":{"preSnapErr":0.2683,"replayCount":10,"preTick":4297,"postTick":4297,"serverTick":4287,"ackSeq":2828,"simTick":4583},"timestamp":1782243091592}
{"sessionId":"3f83e2","runId":"post-fix7","hypothesisId":"H1","location":"Starship.NetworkMotor:ReconcileOwnerFromServer","message":"owner_reconcile","data":{"preSnapErr":0.3437,"replayCount":9,"preTick":4298,"postTick":4298,"serverTick":4289,"ackSeq":2830,"simTick":4584},"timestamp":1782243091614}
{"sessionId":"3f83e2","runId":"post-fix7","hypothesisId":"H1","location":"Starship.NetworkMotor:ReconcileOwnerFromServer","message":"owner_reconcile","data":{"preSnapErr":0.5218,"replayCount":10,"preTick":4300,"postTick":4300,"serverTick":4290,"ackSeq":2831,"simTick":4586},"timestamp":1782243091655}
{"sessionId":"3f83e2","runId":"post-fix7","hypothesisId":"H1","location":"Starship.NetworkMotor:ReconcileOwnerFromServer","message":"owner_reconcile","data":{"preSnapErr":0.7040,"replayCount":10,"preTick":4302,"postTick":4302,"serverTick":4292,"ackSeq":2833,"simTick":4588},"timestamp":1782243091682}
{"sessionId":"3f83e2","runId":"post-fix7","hypothesisId":"H1","location":"Starship.NetworkMotor:ReconcileOwnerFromServer","message":"owner_reconcile","data":{"preSnapErr":0.8827,"replayCount":10,"preTick":4304,"postTick":4304,"serverTick":4294,"ackSeq":2835,"simTick":4590},"timestamp":1782243091731}
{"sessionId":"3f83e2","runId":"post-fix7","hypothesisId":"H1","location":"Starship.NetworkMotor:ReconcileOwnerFromServer","message":"owner_reconcile","data":{"preSnapErr":0.9132,"replayCount":9,"preTick":4305,"postTick":4305,"serverTick":4296,"ackSeq":2837,"simTick":4591},"timestamp":1782243091757}
{"sessionId":"3f83e2","runId":"post-fix7","hypothesisId":"H1","location":"Starship.NetworkMotor:ReconcileOwnerFromServer","message":"owner_reconcile","data":{"preSnapErr":1.1374,"replayCount":10,"preTick":4307,"postTick":4307,"serverTick":4297,"ackSeq":2838,"simTick":4593},"timestamp":1782243091788}
{"sessionId":"3f83e2","runId":"post-fix7","hypothesisId":"H2","location":"Starship.NetworkMotor:ClientPredictMotorFixedStep","message":"owner_predict","data":{"tick":4309,"simTick":4594,"serverClock":4599,"tickLead":-285,"speed":8.232,"thrust":1},"timestamp":1782243091809}
{"sessionId":"3f83e2","runId":"post-fix7","hypothesisId":"H3","location":"Starship.NetworkMotor:ApplyRemoteMotorSnapshotVisuals","message":"remote_display","data":{"renderTickF":4296.730,"latestTick":4297,"simTick":4595,"bufCount":48,"extrapolating":0,"frameDelta":0.0009,"speed":F3},"timestamp":1782243091818}
{"sessionId":"3f83e2","runId":"post-fix7","hypothesisId":"H1","location":"Starship.NetworkMotor:ReconcileOwnerFromServer","message":"owner_reconcile","data":{"preSnapErr":1.2976,"replayCount":10,"preTick":4309,"postTick":4309,"serverTick":4299,"ackSeq":2840,"simTick":4595},"timestamp":1782243091834}
{"sessionId":"3f83e2","runId":"post-fix7","hypothesisId":"H1","location":"Starship.NetworkMotor:ReconcileOwnerFromServer","message":"owner_reconcile","data":{"preSnapErr":1.2741,"replayCount":9,"preTick":4310,"postTick":4310,"serverTick":4301,"ackSeq":2842,"simTick":4596},"timestamp":1782243091856}
{"sessionId":"3f83e2","runId":"post-fix7","hypothesisId":"H5","location":"Starship.NetworkMotor:ApplyOwnerPredictedMotorVisuals","message":"owner_display","data":{"alpha":0.035,"renderSpan":0.1834,"frameDelta":1.8090,"speed":F3},"timestamp":1782243091865}
{"sessionId":"3f83e2","runId":"post-fix7","hypothesisId":"H1","location":"Starship.NetworkMotor:ReconcileOwnerFromServer","message":"owner_reconcile","data":{"preSnapErr":1.5889,"replayCount":10,"preTick":4313,"postTick":4313,"serverTick":4303,"ackSeq":2844,"simTick":4599},"timestamp":1782243091901}
{"sessionId":"3f83e2","runId":"post-fix7","hypothesisId":"H1","location":"Starship.NetworkMotor:ReconcileOwnerFromServer","message":"owner_reconcile","data":{"preSnapErr":1.7179,"replayCount":10,"preTick":4315,"postTick":4315,"serverTick":4305,"ackSeq":2846,"simTick":4601},"timestamp":1782243091942}
{"sessionId":"3f83e2","runId":"post-fix7","hypothesisId":"H1","location":"Starship.NetworkMotor:ReconcileOwnerFromServer","message":"owner_reconcile","data":{"preSnapErr":1.8346,"replayCount":10,"preTick":4317,"postTick":4317,"serverTick":4307,"ackSeq":2848,"simTick":4603},"timestamp":1782243091988}
{"sessionId":"3f83e2","runId":"post-fix7","hypothesisId":"H1","location":"Starship.NetworkMotor:ReconcileOwnerFromServer","message":"owner_reconcile","data":{"preSnapErr":1.8880,"replayCount":10,"preTick":4318,"postTick":4318,"serverTick":4308,"ackSeq":2849,"simTick":4604},"timestamp":1782243092009}
{"sessionId":"3f83e2","runId":"post-fix7","hypothesisId":"H1","location":"Starship.NetworkMotor:ReconcileOwnerFromServer","message":"owner_reconcile","data":{"preSnapErr":1.9845,"replayCount":10,"preTick":4320,"postTick":4320,"serverTick":4310,"ackSeq":2851,"simTick":4606},"timestamp":1782243092050}
{"sessionId":"3f83e2","runId":"post-fix7","hypothesisId":"H1","location":"Starship.NetworkMotor:ReconcileOwnerFromServer","message":"owner_reconcile","data":{"preSnapErr":1.8481,"replayCount":9,"preTick":4321,"postTick":4321,"serverTick":4312,"ackSeq":2853,"simTick":4607},"timestamp":1782243092070}
{"sessionId":"3f83e2","runId":"post-fix7","hypothesisId":"H3","location":"Starship.NetworkMotor:ApplyRemoteMotorSnapshotVisuals","message":"remote_display","data":{"renderTickF":4311.755,"latestTick":4312,"simTick":4608,"bufCount":48,"extrapolating":0,"frameDelta":0.0010,"speed":F3},"timestamp":1782243092078}
{"sessionId":"3f83e2","runId":"post-fix7","hypothesisId":"H1","location":"Starship.NetworkMotor:ReconcileOwnerFromServer","message":"owner_reconcile","data":{"preSnapErr":2.1024,"replayCount":10,"preTick":4323,"postTick":4323,"serverTick":4313,"ackSeq":2854,"simTick":4609},"timestamp":1782243092111}
{"sessionId":"3f83e2","runId":"post-fix7","hypothesisId":"H5","location":"Starship.NetworkMotor:ApplyOwnerPredictedMotorVisuals","message":"owner_display","data":{"alpha":0.799,"renderSpan":0.2262,"frameDelta":2.6326,"speed":F3},"timestamp":1782243092119}
{"sessionId":"3f83e2","runId":"post-fix7","hypothesisId":"H1","location":"Starship.NetworkMotor:ReconcileOwnerFromServer","message":"owner_reconcile","data":{"preSnapErr":2.1621,"replayCount":10,"preTick":4325,"postTick":4325,"serverTick":4315,"ackSeq":2856,"simTick":4611},"timestamp":1782243092153}
{"sessionId":"3f83e2","runId":"post-fix7","hypothesisId":"H1","location":"Starship.NetworkMotor:ReconcileOwnerFromServer","message":"owner_reconcile","data":{"preSnapErr":2.2063,"replayCount":10,"preTick":4327,"postTick":4327,"serverTick":4317,"ackSeq":2858,"simTick":4613},"timestamp":1782243092197}
{"sessionId":"3f83e2","runId":"post-fix7","hypothesisId":"H1","location":"Starship.NetworkMotor:ReconcileOwnerFromServer","message":"owner_reconcile","data":{"preSnapErr":2.4442,"replayCount":11,"preTick":4329,"postTick":4329,"serverTick":4318,"ackSeq":2859,"simTick":4615},"timestamp":1782243092221}
{"sessionId":"3f83e2","runId":"post-fix7","hypothesisId":"H1","location":"Starship.NetworkMotor:ReconcileOwnerFromServer","message":"owner_reconcile","data":{"preSnapErr":2.2427,"replayCount":10,"preTick":4330,"postTick":4330,"serverTick":4320,"ackSeq":2861,"simTick":4616},"timestamp":1782243092242}
{"sessionId":"3f83e2","runId":"post-fix7","hypothesisId":"H1","location":"Starship.NetworkMotor:ReconcileOwnerFromServer","message":"owner_reconcile","data":{"preSnapErr":2.2468,"replayCount":10,"preTick":4332,"postTick":4332,"serverTick":4322,"ackSeq":2863,"simTick":4618},"timestamp":1782243092285}
{"sessionId":"3f83e2","runId":"post-fix7","hypothesisId":"H1","location":"Starship.NetworkMotor:ReconcileOwnerFromServer","message":"owner_reconcile","data":{"preSnapErr":2.2428,"replayCount":10,"preTick":4333,"postTick":4333,"serverTick":4323,"ackSeq":2864,"simTick":4619},"timestamp":1782243092308}
{"sessionId":"3f83e2","runId":"post-fix7","hypothesisId":"H2","location":"Starship.NetworkMotor:ClientPredictMotorFixedStep","message":"owner_predict","data":{"tick":4334,"simTick":4619,"serverClock":4624,"tickLead":-285,"speed":10.906,"thrust":1},"timestamp":1782243092308}
{"sessionId":"3f83e2","runId":"post-fix7","hypothesisId":"H3","location":"Starship.NetworkMotor:ApplyRemoteMotorSnapshotVisuals","message":"remote_display","data":{"renderTickF":4322.756,"latestTick":4323,"simTick":4621,"bufCount":48,"extrapolating":0,"frameDelta":0.0007,"speed":F3},"timestamp":1782243092337}
{"sessionId":"3f83e2","runId":"post-fix7","hypothesisId":"H1","location":"Starship.NetworkMotor:ReconcileOwnerFromServer","message":"owner_reconcile","data":{"preSnapErr":2.2227,"replayCount":10,"preTick":4335,"postTick":4335,"serverTick":4325,"ackSeq":2866,"simTick":4621},"timestamp":1782243092349}
{"sessionId":"3f83e2","runId":"post-fix7","hypothesisId":"H5","location":"Starship.NetworkMotor:ApplyOwnerPredictedMotorVisuals","message":"owner_display","data":{"alpha":0.832,"renderSpan":0.2079,"frameDelta":2.8601,"speed":F3},"timestamp":1782243092378}
{"sessionId":"3f83e2","runId":"post-fix7","hypothesisId":"H1","location":"Starship.NetworkMotor:ReconcileOwnerFromServer","message":"owner_reconcile","data":{"preSnapErr":2.1866,"replayCount":10,"preTick":4337,"postTick":4337,"serverTick":4327,"ackSeq":2868,"simTick":4623},"timestamp":1782243092392}
{"sessionId":"3f83e2","runId":"post-fix7","hypothesisId":"H1","location":"Starship.NetworkMotor:ReconcileOwnerFromServer","message":"owner_reconcile","data":{"preSnapErr":2.1626,"replayCount":10,"preTick":4338,"postTick":4338,"serverTick":4328,"ackSeq":2869,"simTick":4624},"timestamp":1782243092416}
{"sessionId":"3f83e2","runId":"post-fix7","hypothesisId":"H1","location":"Starship.NetworkMotor:ReconcileOwnerFromServer","message":"owner_reconcile","data":{"preSnapErr":2.1030,"replayCount":10,"preTick":4340,"postTick":4340,"serverTick":4330,"ackSeq":2871,"simTick":4626},"timestamp":1782243092440}
{"sessionId":"3f83e2","runId":"post-fix7","hypothesisId":"H1","location":"Starship.NetworkMotor:ReconcileOwnerFromServer","message":"owner_reconcile","data":{"preSnapErr":2.0283,"replayCount":10,"preTick":4342,"postTick":4342,"serverTick":4332,"ackSeq":2873,"simTick":4628},"timestamp":1782243092482}
{"sessionId":"3f83e2","runId":"post-fix7","hypothesisId":"H1","location":"Starship.NetworkMotor:ReconcileOwnerFromServer","message":"owner_reconcile","data":{"preSnapErr":1.9389,"replayCount":10,"preTick":4344,"postTick":4344,"serverTick":4334,"ackSeq":2875,"simTick":4630},"timestamp":1782243092523}
{"sessionId":"3f83e2","runId":"post-fix7","hypothesisId":"H1","location":"Starship.NetworkMotor:ReconcileOwnerFromServer","message":"owner_reconcile","data":{"preSnapErr":2.0426,"replayCount":11,"preTick":4346,"postTick":4346,"serverTick":4335,"ackSeq":2876,"simTick":4632},"timestamp":1782243092565}
{"sessionId":"3f83e2","runId":"post-fix7","hypothesisId":"H1","location":"Starship.NetworkMotor:ReconcileOwnerFromServer","message":"owner_reconcile","data":{"preSnapErr":1.7790,"replayCount":10,"preTick":4347,"postTick":4347,"serverTick":4337,"ackSeq":2878,"simTick":4633},"timestamp":1782243092587}
{"sessionId":"3f83e2","runId":"post-fix7","hypothesisId":"H3","location":"Starship.NetworkMotor:ApplyRemoteMotorSnapshotVisuals","message":"remote_display","data":{"renderTickF":4336.597,"latestTick":4337,"simTick":4634,"bufCount":48,"extrapolating":0,"frameDelta":0.0009,"speed":F3},"timestamp":1782243092595}
{"sessionId":"3f83e2","runId":"post-fix7","hypothesisId":"H1","location":"Starship.NetworkMotor:ReconcileOwnerFromServer","message":"owner_reconcile","data":{"preSnapErr":1.7191,"replayCount":10,"preTick":4348,"postTick":4348,"serverTick":4338,"ackSeq":2879,"simTick":4634},"timestamp":1782243092610}
{"sessionId":"3f83e2","runId":"post-fix7","hypothesisId":"H5","location":"Starship.NetworkMotor:ApplyOwnerPredictedMotorVisuals","message":"owner_display","data":{"alpha":0.972,"renderSpan":0.1279,"frameDelta":2.2025,"speed":F3},"timestamp":1782243092641}
{"sessionId":"3f83e2","runId":"post-fix7","hypothesisId":"H1","location":"Starship.NetworkMotor:ReconcileOwnerFromServer","message":"owner_reconcile","data":{"preSnapErr":1.5903,"replayCount":10,"preTick":4350,"postTick":4350,"serverTick":4340,"ackSeq":2881,"simTick":4636},"timestamp":1782243092654}
{"sessionId":"3f83e2","runId":"post-fix7","hypothesisId":"H1","location":"Starship.NetworkMotor:ReconcileOwnerFromServer","message":"owner_reconcile","data":{"preSnapErr":1.3413,"replayCount":9,"preTick":4351,"postTick":4351,"serverTick":4342,"ackSeq":2883,"simTick":4638},"timestamp":1782243092676}
{"sessionId":"3f83e2","runId":"post-fix7","hypothesisId":"H1","location":"Starship.NetworkMotor:ReconcileOwnerFromServer","message":"owner_reconcile","data":{"preSnapErr":1.2996,"replayCount":10,"preTick":4354,"postTick":4354,"serverTick":4344,"ackSeq":2885,"simTick":4641},"timestamp":1782243092718}
{"sessionId":"3f83e2","runId":"post-fix7","hypothesisId":"H1","location":"Starship.NetworkMotor:ReconcileOwnerFromServer","message":"owner_reconcile","data":{"preSnapErr":1.2954,"replayCount":11,"preTick":4356,"postTick":4356,"serverTick":4345,"ackSeq":2886,"simTick":4643},"timestamp":1782243092761}
{"sessionId":"3f83e2","runId":"post-fix7","hypothesisId":"H1","location":"Starship.NetworkMotor:ReconcileOwnerFromServer","message":"owner_reconcile","data":{"preSnapErr":1.0583,"replayCount":10,"preTick":4357,"postTick":4357,"serverTick":4347,"ackSeq":2888,"simTick":4644},"timestamp":1782243092783}
{"sessionId":"3f83e2","runId":"post-fix7","hypothesisId":"H2","location":"Starship.NetworkMotor:ClientPredictMotorFixedStep","message":"owner_predict","data":{"tick":4359,"simTick":4645,"serverClock":4649,"tickLead":-286,"speed":2.657,"thrust":1},"timestamp":1782243092805}
{"sessionId":"3f83e2","runId":"post-fix7","hypothesisId":"H1","location":"Starship.NetworkMotor:ReconcileOwnerFromServer","message":"owner_reconcile","data":{"preSnapErr":0.8913,"replayCount":10,"preTick":4359,"postTick":4359,"serverTick":4349,"ackSeq":2890,"simTick":4646},"timestamp":1782243092827}
{"sessionId":"3f83e2","runId":"post-fix7","hypothesisId":"H1","location":"Starship.NetworkMotor:ReconcileOwnerFromServer","message":"owner_reconcile","data":{"preSnapErr":0.8065,"replayCount":10,"preTick":4360,"postTick":4360,"serverTick":4350,"ackSeq":2891,"simTick":4647},"timestamp":1782243092851}
{"sessionId":"3f83e2","runId":"post-fix7","hypothesisId":"H3","location":"Starship.NetworkMotor:ApplyRemoteMotorSnapshotVisuals","message":"remote_display","data":{"renderTickF":4349.824,"latestTick":4350,"simTick":4648,"bufCount":48,"extrapolating":0,"frameDelta":0.0008,"speed":F3},"timestamp":1782243092859}
{"sessionId":"3f83e2","runId":"post-fix7","hypothesisId":"H1","location":"Starship.NetworkMotor:ReconcileOwnerFromServer","message":"owner_reconcile","data":{"preSnapErr":0.6394,"replayCount":10,"preTick":4362,"postTick":4362,"serverTick":4352,"ackSeq":2893,"simTick":4649},"timestamp":1782243092896}
{"sessionId":"3f83e2","runId":"post-fix7","hypothesisId":"H5","location":"Starship.NetworkMotor:ApplyOwnerPredictedMotorVisuals","message":"owner_display","data":{"alpha":0.042,"renderSpan":0.0302,"frameDelta":0.8818,"speed":F3},"timestamp":1782243092905}
{"sessionId":"3f83e2","runId":"post-fix7","hypothesisId":"H1","location":"Starship.NetworkMotor:ReconcileOwnerFromServer","message":"owner_reconcile","data":{"preSnapErr":0.4817,"replayCount":10,"preTick":4364,"postTick":4364,"serverTick":4354,"ackSeq":2895,"simTick":4651},"timestamp":1782243092921}
{"sessionId":"3f83e2","runId":"post-fix7","hypothesisId":"H1","location":"Starship.NetworkMotor:ReconcileOwnerFromServer","message":"owner_reconcile","data":{"preSnapErr":0.4168,"replayCount":11,"preTick":4366,"postTick":4366,"serverTick":4355,"ackSeq":2896,"simTick":4653},"timestamp":1782243092963}
{"sessionId":"3f83e2","runId":"post-fix7","hypothesisId":"H1","location":"Starship.NetworkMotor:ReconcileOwnerFromServer","message":"owner_reconcile","data":{"preSnapErr":0.3251,"replayCount":11,"preTick":4368,"postTick":4368,"serverTick":4357,"ackSeq":2898,"simTick":4655},"timestamp":1782243093003}
{"sessionId":"3f83e2","runId":"post-fix7","hypothesisId":"H1","location":"Starship.NetworkMotor:ReconcileOwnerFromServer","message":"owner_reconcile","data":{"preSnapErr":0.3207,"replayCount":11,"preTick":4369,"postTick":4369,"serverTick":4358,"ackSeq":2899,"simTick":4656},"timestamp":1782243093023}
{"sessionId":"3f83e2","runId":"post-fix7","hypothesisId":"H1","location":"Starship.NetworkMotor:ReconcileOwnerFromServer","message":"owner_reconcile","data":{"preSnapErr":0.3402,"replayCount":10,"preTick":4370,"postTick":4370,"serverTick":4360,"ackSeq":2901,"simTick":4657},"timestamp":1782243093044}
{"sessionId":"3f83e2","runId":"post-fix7","hypothesisId":"H1","location":"Starship.NetworkMotor:ReconcileOwnerFromServer","message":"owner_reconcile","data":{"preSnapErr":0.4667,"replayCount":10,"preTick":4372,"postTick":4372,"serverTick":4362,"ackSeq":2903,"simTick":4659},"timestamp":1782243093085}
{"sessionId":"3f83e2","runId":"post-fix7","hypothesisId":"H3","location":"Starship.NetworkMotor:ApplyRemoteMotorSnapshotVisuals","message":"remote_display","data":{"renderTickF":4361.571,"latestTick":4362,"simTick":4661,"bufCount":48,"extrapolating":0,"frameDelta":0.0008,"speed":F3},"timestamp":1782243093113}
{"sessionId":"3f83e2","runId":"post-fix7","hypothesisId":"H1","location":"Starship.NetworkMotor:ReconcileOwnerFromServer","message":"owner_reconcile","data":{"preSnapErr":0.6253,"replayCount":10,"preTick":4374,"postTick":4374,"serverTick":4364,"ackSeq":2905,"simTick":4661},"timestamp":1782243093126}
{"sessionId":"3f83e2","runId":"post-fix7","hypothesisId":"H1","location":"Starship.NetworkMotor:ReconcileOwnerFromServer","message":"owner_reconcile","data":{"preSnapErr":0.7101,"replayCount":10,"preTick":4375,"postTick":4375,"serverTick":4365,"ackSeq":2906,"simTick":4662},"timestamp":1782243093148}
{"sessionId":"3f83e2","runId":"post-fix7","hypothesisId":"H5","location":"Starship.NetworkMotor:ApplyOwnerPredictedMotorVisuals","message":"owner_display","data":{"alpha":0.664,"renderSpan":0.1205,"frameDelta":0.8254,"speed":F3},"timestamp":1782243093157}
{"sessionId":"3f83e2","runId":"post-fix7","hypothesisId":"H1","location":"Starship.NetworkMotor:ReconcileOwnerFromServer","message":"owner_reconcile","data":{"preSnapErr":0.8859,"replayCount":10,"preTick":4377,"postTick":4377,"serverTick":4367,"ackSeq":2908,"simTick":4664},"timestamp":1782243093191}
{"sessionId":"3f83e2","runId":"post-fix7","hypothesisId":"H1","location":"Starship.NetworkMotor:ReconcileOwnerFromServer","message":"owner_reconcile","data":{"preSnapErr":0.9759,"replayCount":10,"preTick":4378,"postTick":4378,"serverTick":4368,"ackSeq":2909,"simTick":4665},"timestamp":1782243093214}
{"sessionId":"3f83e2","runId":"post-fix7","hypothesisId":"H1","location":"Starship.NetworkMotor:ReconcileOwnerFromServer","message":"owner_reconcile","data":{"preSnapErr":1.0014,"replayCount":9,"preTick":4379,"postTick":4379,"serverTick":4370,"ackSeq":2911,"simTick":4666},"timestamp":1782243093237}
{"sessionId":"3f83e2","runId":"post-fix7","hypothesisId":"H1","location":"Starship.NetworkMotor:ReconcileOwnerFromServer","message":"owner_reconcile","data":{"preSnapErr":1.3435,"replayCount":10,"preTick":4382,"postTick":4382,"serverTick":4372,"ackSeq":2913,"simTick":4669},"timestamp":1782243093283}
{"sessionId":"3f83e2","runId":"post-fix7","hypothesisId":"H2","location":"Starship.NetworkMotor:ClientPredictMotorFixedStep","message":"owner_predict","data":{"tick":4384,"simTick":4670,"serverClock":4674,"tickLead":-286,"speed":7.937,"thrust":0},"timestamp":1782243093304}
{"sessionId":"3f83e2","runId":"post-fix7","hypothesisId":"H1","location":"Starship.NetworkMotor:ReconcileOwnerFromServer","message":"owner_reconcile","data":{"preSnapErr":1.5591,"replayCount":11,"preTick":4384,"postTick":4384,"serverTick":4373,"ackSeq":2914,"simTick":4671},"timestamp":1782243093325}
{"sessionId":"3f83e2","runId":"post-fix7","hypothesisId":"H1","location":"Starship.NetworkMotor:ReconcileOwnerFromServer","message":"owner_reconcile","data":{"preSnapErr":1.5025,"replayCount":10,"preTick":4385,"postTick":4385,"serverTick":4375,"ackSeq":2916,"simTick":4672},"timestamp":1782243093345}
{"sessionId":"3f83e2","runId":"post-fix7","hypothesisId":"H3","location":"Starship.NetworkMotor:ApplyRemoteMotorSnapshotVisuals","message":"remote_display","data":{"renderTickF":4374.562,"latestTick":4375,"simTick":4674,"bufCount":48,"extrapolating":0,"frameDelta":0.0008,"speed":F3},"timestamp":1782243093373}
{"sessionId":"3f83e2","runId":"post-fix7","hypothesisId":"H1","location":"Starship.NetworkMotor:ReconcileOwnerFromServer","message":"owner_reconcile","data":{"preSnapErr":1.5562,"replayCount":10,"preTick":4387,"postTick":4387,"serverTick":4377,"ackSeq":2918,"simTick":4674},"timestamp":1782243093388}
{"sessionId":"3f83e2","runId":"post-fix7","hypothesisId":"H5","location":"Starship.NetworkMotor:ApplyOwnerPredictedMotorVisuals","message":"owner_display","data":{"alpha":0.742,"renderSpan":0.1447,"frameDelta":1.9810,"speed":F3},"timestamp":1782243093416}
{"sessionId":"3f83e2","runId":"post-fix7","hypothesisId":"H1","location":"Starship.NetworkMotor:ReconcileOwnerFromServer","message":"owner_reconcile","data":{"preSnapErr":1.5612,"replayCount":10,"preTick":4389,"postTick":4389,"serverTick":4379,"ackSeq":2920,"simTick":4676},"timestamp":1782243093430}
{"sessionId":"3f83e2","runId":"post-fix7","hypothesisId":"H1","location":"Starship.NetworkMotor:ReconcileOwnerFromServer","message":"owner_reconcile","data":{"preSnapErr":1.3783,"replayCount":9,"preTick":4390,"postTick":4390,"serverTick":4381,"ackSeq":2922,"simTick":4677},"timestamp":1782243093451}
{"sessionId":"3f83e2","runId":"post-fix7","hypothesisId":"H1","location":"Starship.NetworkMotor:ReconcileOwnerFromServer","message":"owner_reconcile","data":{"preSnapErr":1.3531,"replayCount":9,"preTick":4391,"postTick":4391,"serverTick":4382,"ackSeq":2923,"simTick":4678},"timestamp":1782243093472}
{"sessionId":"3f83e2","runId":"post-fix7","hypothesisId":"H1","location":"Starship.NetworkMotor:ReconcileOwnerFromServer","message":"owner_reconcile","data":{"preSnapErr":1.5922,"replayCount":11,"preTick":4394,"postTick":4394,"serverTick":4383,"ackSeq":2924,"simTick":4681},"timestamp":1782243093517}
{"sessionId":"3f83e2","runId":"post-fix7","hypothesisId":"H1","location":"Starship.NetworkMotor:ReconcileOwnerFromServer","message":"owner_reconcile","data":{"preSnapErr":1.5306,"replayCount":11,"preTick":4396,"postTick":4396,"serverTick":4385,"ackSeq":2926,"simTick":4683},"timestamp":1782243093557}
{"sessionId":"3f83e2","runId":"post-fix7","hypothesisId":"H1","location":"Starship.NetworkMotor:ReconcileOwnerFromServer","message":"owner_reconcile","data":{"preSnapErr":1.3494,"replayCount":10,"preTick":4397,"postTick":4397,"serverTick":4387,"ackSeq":2928,"simTick":4684},"timestamp":1782243093578}
{"sessionId":"3f83e2","runId":"post-fix7","hypothesisId":"H1","location":"Starship.NetworkMotor:ReconcileOwnerFromServer","message":"owner_reconcile","data":{"preSnapErr":1.4382,"replayCount":11,"preTick":4399,"postTick":4399,"serverTick":4388,"ackSeq":2929,"simTick":4686},"timestamp":1782243093619}
{"sessionId":"3f83e2","runId":"post-fix7","hypothesisId":"H3","location":"Starship.NetworkMotor:ApplyRemoteMotorSnapshotVisuals","message":"remote_display","data":{"renderTickF":4387.207,"latestTick":4388,"simTick":4687,"bufCount":48,"extrapolating":0,"frameDelta":0.0008,"speed":F3},"timestamp":1782243093627}
{"sessionId":"3f83e2","runId":"post-fix7","hypothesisId":"H1","location":"Starship.NetworkMotor:ReconcileOwnerFromServer","message":"owner_reconcile","data":{"preSnapErr":1.3766,"replayCount":11,"preTick":4401,"postTick":4401,"serverTick":4390,"ackSeq":2931,"simTick":4688},"timestamp":1782243093660}
{"sessionId":"3f83e2","runId":"post-fix7","hypothesisId":"H5","location":"Starship.NetworkMotor:ApplyOwnerPredictedMotorVisuals","message":"owner_display","data":{"alpha":0.234,"renderSpan":0.1083,"frameDelta":1.5813,"speed":F3},"timestamp":1782243093666}
{"sessionId":"3f83e2","runId":"post-fix7","hypothesisId":"H1","location":"Starship.NetworkMotor:ReconcileOwnerFromServer","message":"owner_reconcile","data":{"preSnapErr":1.2094,"replayCount":10,"preTick":4402,"postTick":4402,"serverTick":4392,"ackSeq":2933,"simTick":4689},"timestamp":1782243093681}
{"sessionId":"3f83e2","runId":"post-fix7","hypothesisId":"H1","location":"Starship.NetworkMotor:ReconcileOwnerFromServer","message":"owner_reconcile","data":{"preSnapErr":1.1534,"replayCount":10,"preTick":4404,"postTick":4404,"serverTick":4394,"ackSeq":2935,"simTick":4691},"timestamp":1782243093726}
{"sessionId":"3f83e2","runId":"post-fix7","hypothesisId":"H1","location":"Starship.NetworkMotor:ReconcileOwnerFromServer","message":"owner_reconcile","data":{"preSnapErr":1.1254,"replayCount":10,"preTick":4405,"postTick":4405,"serverTick":4395,"ackSeq":2936,"simTick":4692},"timestamp":1782243093747}
{"sessionId":"3f83e2","runId":"post-fix7","hypothesisId":"H1","location":"Starship.NetworkMotor:ReconcileOwnerFromServer","message":"owner_reconcile","data":{"preSnapErr":1.0694,"replayCount":10,"preTick":4407,"postTick":4407,"serverTick":4397,"ackSeq":2938,"simTick":4694},"timestamp":1782243093788}
{"sessionId":"3f83e2","runId":"post-fix7","hypothesisId":"H2","location":"Starship.NetworkMotor:ClientPredictMotorFixedStep","message":"owner_predict","data":{"tick":4409,"simTick":4695,"serverClock":4699,"tickLead":-286,"speed":4.437,"thrust":0},"timestamp":1782243093809}
{"sessionId":"3f83e2","runId":"post-fix7","hypothesisId":"H1","location":"Starship.NetworkMotor:ReconcileOwnerFromServer","message":"owner_reconcile","data":{"preSnapErr":1.0134,"replayCount":10,"preTick":4409,"postTick":4409,"serverTick":4399,"ackSeq":2940,"simTick":4696},"timestamp":1782243093830}
{"sessionId":"3f83e2","runId":"post-fix7","hypothesisId":"H1","location":"Starship.NetworkMotor:ReconcileOwnerFromServer","message":"owner_reconcile","data":{"preSnapErr":0.9854,"replayCount":10,"preTick":4410,"postTick":4410,"serverTick":4400,"ackSeq":2941,"simTick":4697},"timestamp":1782243093852}
{"sessionId":"3f83e2","runId":"post-fix7","hypothesisId":"H1","location":"Starship.NetworkMotor:ReconcileOwnerFromServer","message":"owner_reconcile","data":{"preSnapErr":0.8491,"replayCount":9,"preTick":4411,"postTick":4411,"serverTick":4402,"ackSeq":2943,"simTick":4698},"timestamp":1782243093873}
{"sessionId":"3f83e2","runId":"post-fix7","hypothesisId":"H3","location":"Starship.NetworkMotor:ApplyRemoteMotorSnapshotVisuals","message":"remote_display","data":{"renderTickF":4401.941,"latestTick":4402,"simTick":4699,"bufCount":48,"extrapolating":0,"frameDelta":0.0010,"speed":F3},"timestamp":1782243093881}
{"sessionId":"3f83e2","runId":"post-fix7","hypothesisId":"H1","location":"Starship.NetworkMotor:ReconcileOwnerFromServer","message":"owner_reconcile","data":{"preSnapErr":0.9014,"replayCount":10,"preTick":4413,"postTick":4413,"serverTick":4403,"ackSeq":2944,"simTick":4700},"timestamp":1782243093917}
{"sessionId":"3f83e2","runId":"post-fix7","hypothesisId":"H5","location":"Starship.NetworkMotor:ApplyOwnerPredictedMotorVisuals","message":"owner_display","data":{"alpha":0.127,"renderSpan":0.0719,"frameDelta":1.1738,"speed":F3},"timestamp":1782243093928}
{"sessionId":"3f83e2","runId":"post-fix7","hypothesisId":"H1","location":"Starship.NetworkMotor:ReconcileOwnerFromServer","message":"owner_reconcile","data":{"preSnapErr":0.8454,"replayCount":10,"preTick":4415,"postTick":4415,"serverTick":4405,"ackSeq":2946,"simTick":4702},"timestamp":1782243093940}
{"sessionId":"3f83e2","runId":"post-fix7","hypothesisId":"H1","location":"Starship.NetworkMotor:ReconcileOwnerFromServer","message":"owner_reconcile","data":{"preSnapErr":0.7894,"replayCount":10,"preTick":4417,"postTick":4417,"serverTick":4407,"ackSeq":2948,"simTick":4704},"timestamp":1782243093981}
{"sessionId":"3f83e2","runId":"post-fix7","hypothesisId":"H1","location":"Starship.NetworkMotor:ReconcileOwnerFromServer","message":"owner_reconcile","data":{"preSnapErr":0.7334,"replayCount":10,"preTick":4419,"postTick":4419,"serverTick":4409,"ackSeq":2950,"simTick":4706},"timestamp":1782243094022}
{"sessionId":"3f83e2","runId":"post-fix7","hypothesisId":"H1","location":"Starship.NetworkMotor:ReconcileOwnerFromServer","message":"owner_reconcile","data":{"preSnapErr":0.6708,"replayCount":10,"preTick":4421,"postTick":4421,"serverTick":4411,"ackSeq":2952,"simTick":4708},"timestamp":1782243094062}
{"sessionId":"3f83e2","runId":"post-fix7","hypothesisId":"H1","location":"Starship.NetworkMotor:ReconcileOwnerFromServer","message":"owner_reconcile","data":{"preSnapErr":0.5560,"replayCount":10,"preTick":4423,"postTick":4423,"serverTick":4413,"ackSeq":2954,"simTick":4710},"timestamp":1782243094101}
{"sessionId":"3f83e2","runId":"post-fix7","hypothesisId":"H3","location":"Starship.NetworkMotor:ApplyRemoteMotorSnapshotVisuals","message":"remote_display","data":{"renderTickF":4412.577,"latestTick":4413,"simTick":4712,"bufCount":48,"extrapolating":0,"frameDelta":0.0007,"speed":F3},"timestamp":1782243094132}
{"sessionId":"3f83e2","runId":"post-fix7","hypothesisId":"H1","location":"Starship.NetworkMotor:ReconcileOwnerFromServer","message":"owner_reconcile","data":{"preSnapErr":0.4270,"replayCount":10,"preTick":4425,"postTick":4425,"serverTick":4415,"ackSeq":2956,"simTick":4712},"timestamp":1782243094146}
{"sessionId":"3f83e2","runId":"post-fix7","hypothesisId":"H5","location":"Starship.NetworkMotor:ApplyOwnerPredictedMotorVisuals","message":"owner_display","data":{"alpha":0.512,"renderSpan":0.0165,"frameDelta":0.4762,"speed":F3},"timestamp":1782243094172}
{"sessionId":"3f83e2","runId":"post-fix7","hypothesisId":"H1","location":"Starship.NetworkMotor:ReconcileOwnerFromServer","message":"owner_reconcile","data":{"preSnapErr":0.2721,"replayCount":10,"preTick":4427,"postTick":4427,"serverTick":4417,"ackSeq":2958,"simTick":4714},"timestamp":1782243094184}
{"sessionId":"3f83e2","runId":"post-fix7","hypothesisId":"H1","location":"Starship.NetworkMotor:ReconcileOwnerFromServer","message":"owner_reconcile","data":{"preSnapErr":0.1861,"replayCount":10,"preTick":4428,"postTick":4428,"serverTick":4418,"ackSeq":2959,"simTick":4715},"timestamp":1782243094204}
{"sessionId":"3f83e2","runId":"post-fix7","hypothesisId":"H1","location":"Starship.NetworkMotor:ReconcileOwnerFromServer","message":"owner_reconcile","data":{"preSnapErr":0.0551,"replayCount":10,"preTick":4430,"postTick":4430,"serverTick":4420,"ackSeq":2961,"simTick":4717},"timestamp":1782243094241}
{"sessionId":"3f83e2","runId":"post-fix7","hypothesisId":"H1","location":"Starship.NetworkMotor:ReconcileOwnerFromServer","message":"owner_reconcile","data":{"preSnapErr":0.2109,"replayCount":10,"preTick":4432,"postTick":4432,"serverTick":4422,"ackSeq":2963,"simTick":4719},"timestamp":1782243094285}
{"sessionId":"3f83e2","runId":"post-fix7","hypothesisId":"H1","location":"Starship.NetworkMotor:ReconcileOwnerFromServer","message":"owner_reconcile","data":{"preSnapErr":0.3050,"replayCount":10,"preTick":4433,"postTick":4433,"serverTick":4423,"ackSeq":2964,"simTick":4720},"timestamp":1782243094304}
{"sessionId":"3f83e2","runId":"post-fix7","hypothesisId":"H2","location":"Starship.NetworkMotor:ClientPredictMotorFixedStep","message":"owner_predict","data":{"tick":4434,"simTick":4720,"serverClock":4724,"tickLead":-286,"speed":4.167,"thrust":1},"timestamp":1782243094305}
{"sessionId":"3f83e2","runId":"post-fix7","hypothesisId":"H1","location":"Starship.NetworkMotor:ReconcileOwnerFromServer","message":"owner_reconcile","data":{"preSnapErr":0.4962,"replayCount":10,"preTick":4435,"postTick":4435,"serverTick":4425,"ackSeq":2966,"simTick":4722},"timestamp":1782243094348}
{"sessionId":"3f83e2","runId":"post-fix7","hypothesisId":"H3","location":"Starship.NetworkMotor:ApplyRemoteMotorSnapshotVisuals","message":"remote_display","data":{"renderTickF":4424.669,"latestTick":4425,"simTick":4724,"bufCount":48,"extrapolating":0,"frameDelta":0.0008,"speed":F3},"timestamp":1782243094374}
{"sessionId":"3f83e2","runId":"post-fix7","hypothesisId":"H1","location":"Starship.NetworkMotor:ReconcileOwnerFromServer","message":"owner_reconcile","data":{"preSnapErr":0.6887,"replayCount":10,"preTick":4437,"postTick":4437,"serverTick":4427,"ackSeq":2968,"simTick":4724},"timestamp":1782243094387}
{"sessionId":"3f83e2","runId":"post-fix7","hypothesisId":"H1","location":"Starship.NetworkMotor:ReconcileOwnerFromServer","message":"owner_reconcile","data":{"preSnapErr":0.7853,"replayCount":10,"preTick":4438,"postTick":4438,"serverTick":4428,"ackSeq":2969,"simTick":4725},"timestamp":1782243094407}
{"sessionId":"3f83e2","runId":"post-fix7","hypothesisId":"H5","location":"Starship.NetworkMotor:ApplyOwnerPredictedMotorVisuals","message":"owner_display","data":{"alpha":0.647,"renderSpan":0.1317,"frameDelta":0.9037,"speed":F3},"timestamp":1782243094415}
{"sessionId":"3f83e2","runId":"post-fix7","hypothesisId":"H1","location":"Starship.NetworkMotor:ReconcileOwnerFromServer","message":"owner_reconcile","data":{"preSnapErr":0.9785,"replayCount":10,"preTick":4440,"postTick":4440,"serverTick":4430,"ackSeq":2971,"simTick":4727},"timestamp":1782243094449}
{"sessionId":"3f83e2","runId":"post-fix7","hypothesisId":"H1","location":"Starship.NetworkMotor:ReconcileOwnerFromServer","message":"owner_reconcile","data":{"preSnapErr":1.1715,"replayCount":10,"preTick":4442,"postTick":4442,"serverTick":4432,"ackSeq":2973,"simTick":4729},"timestamp":1782243094490}
{"sessionId":"3f83e2","runId":"post-fix7","hypothesisId":"H1","location":"Starship.NetworkMotor:ReconcileOwnerFromServer","message":"owner_reconcile","data":{"preSnapErr":1.2670,"replayCount":10,"preTick":4443,"postTick":4443,"serverTick":4433,"ackSeq":2974,"simTick":4730},"timestamp":1782243094513}
{"sessionId":"3f83e2","runId":"post-fix7","hypothesisId":"H1","location":"Starship.NetworkMotor:ReconcileOwnerFromServer","message":"owner_reconcile","data":{"preSnapErr":1.6516,"replayCount":11,"preTick":4446,"postTick":4446,"serverTick":4435,"ackSeq":2976,"simTick":4733},"timestamp":1782243094554}
{"sessionId":"3f83e2","runId":"post-fix7","hypothesisId":"H1","location":"Starship.NetworkMotor:ReconcileOwnerFromServer","message":"owner_reconcile","data":{"preSnapErr":1.6404,"replayCount":10,"preTick":4447,"postTick":4447,"serverTick":4437,"ackSeq":2978,"simTick":4734},"timestamp":1782243094591}
{"sessionId":"3f83e2","runId":"post-fix7","hypothesisId":"H1","location":"Starship.NetworkMotor:ReconcileOwnerFromServer","message":"owner_reconcile","data":{"preSnapErr":1.5986,"replayCount":9,"preTick":4448,"postTick":4448,"serverTick":4439,"ackSeq":2980,"simTick":4735},"timestamp":1782243094613}
{"sessionId":"3f83e2","runId":"post-fix7","hypothesisId":"H3","location":"Starship.NetworkMotor:ApplyRemoteMotorSnapshotVisuals","message":"remote_display","data":{"renderTickF":4438.901,"latestTick":4439,"simTick":4736,"bufCount":48,"extrapolating":0,"frameDelta":0.0009,"speed":F3},"timestamp":1782243094620}
{"sessionId":"3f83e2","runId":"post-fix7","hypothesisId":"H1","location":"Starship.NetworkMotor:ReconcileOwnerFromServer","message":"owner_reconcile","data":{"preSnapErr":1.8929,"replayCount":10,"preTick":4450,"postTick":4450,"serverTick":4440,"ackSeq":2981,"simTick":4737},"timestamp":1782243094655}
{"sessionId":"3f83e2","runId":"post-fix7","hypothesisId":"H5","location":"Starship.NetworkMotor:ApplyOwnerPredictedMotorVisuals","message":"owner_display","data":{"alpha":0.928,"renderSpan":0.2038,"frameDelta":2.2487,"speed":F3},"timestamp":1782243094661}
{"sessionId":"3f83e2","runId":"post-fix7","hypothesisId":"H1","location":"Starship.NetworkMotor:ReconcileOwnerFromServer","message":"owner_reconcile","data":{"preSnapErr":1.7666,"replayCount":9,"preTick":4451,"postTick":4451,"serverTick":4442,"ackSeq":2983,"simTick":4738},"timestamp":1782243094678}
{"sessionId":"3f83e2","runId":"post-fix7","hypothesisId":"H1","location":"Starship.NetworkMotor:ReconcileOwnerFromServer","message":"owner_reconcile","data":{"preSnapErr":2.0140,"replayCount":10,"preTick":4454,"postTick":4454,"serverTick":4444,"ackSeq":2985,"simTick":4742},"timestamp":1782243094719}
{"sessionId":"3f83e2","runId":"post-fix7","hypothesisId":"H1","location":"Starship.NetworkMotor:ReconcileOwnerFromServer","message":"owner_reconcile","data":{"preSnapErr":2.0196,"replayCount":10,"preTick":4455,"postTick":4455,"serverTick":4445,"ackSeq":2986,"simTick":4743},"timestamp":1782243094744}
{"sessionId":"3f83e2","runId":"post-fix7","hypothesisId":"H1","location":"Starship.NetworkMotor:ReconcileOwnerFromServer","message":"owner_reconcile","data":{"preSnapErr":1.9964,"replayCount":10,"preTick":4457,"postTick":4457,"serverTick":4447,"ackSeq":2988,"simTick":4745},"timestamp":1782243094784}
{"sessionId":"3f83e2","runId":"post-fix7","hypothesisId":"H2","location":"Starship.NetworkMotor:ClientPredictMotorFixedStep","message":"owner_predict","data":{"tick":4459,"simTick":4746,"serverClock":4749,"tickLead":-287,"speed":9.072,"thrust":0},"timestamp":1782243094806}
{"sessionId":"3f83e2","runId":"post-fix7","hypothesisId":"H1","location":"Starship.NetworkMotor:ReconcileOwnerFromServer","message":"owner_reconcile","data":{"preSnapErr":1.9404,"replayCount":10,"preTick":4459,"postTick":4459,"serverTick":4449,"ackSeq":2990,"simTick":4747},"timestamp":1782243094826}
{"sessionId":"3f83e2","runId":"post-fix7","hypothesisId":"H1","location":"Starship.NetworkMotor:ReconcileOwnerFromServer","message":"owner_reconcile","data":{"preSnapErr":1.9124,"replayCount":10,"preTick":4460,"postTick":4460,"serverTick":4450,"ackSeq":2991,"simTick":4748},"timestamp":1782243094849}
{"sessionId":"3f83e2","runId":"post-fix7","hypothesisId":"H3","location":"Starship.NetworkMotor:ApplyRemoteMotorSnapshotVisuals","message":"remote_display","data":{"renderTickF":4449.826,"latestTick":4450,"simTick":4750,"bufCount":48,"extrapolating":0,"frameDelta":0.0007,"speed":F3},"timestamp":1782243094878}
{"sessionId":"3f83e2","runId":"post-fix7","hypothesisId":"H1","location":"Starship.NetworkMotor:ReconcileOwnerFromServer","message":"owner_reconcile","data":{"preSnapErr":1.8564,"replayCount":10,"preTick":4462,"postTick":4462,"serverTick":4452,"ackSeq":2993,"simTick":4750},"timestamp":1782243094891}
{"sessionId":"3f83e2","runId":"post-fix7","hypothesisId":"H1","location":"Starship.NetworkMotor:ReconcileOwnerFromServer","message":"owner_reconcile","data":{"preSnapErr":1.6330,"replayCount":9,"preTick":4463,"postTick":4463,"serverTick":4454,"ackSeq":2995,"simTick":4751},"timestamp":1782243094911}
{"sessionId":"3f83e2","runId":"post-fix7","hypothesisId":"H5","location":"Starship.NetworkMotor:ApplyOwnerPredictedMotorVisuals","message":"owner_display","data":{"alpha":0.801,"renderSpan":0.1674,"frameDelta":2.3764,"speed":F3},"timestamp":1782243094919}
{"sessionId":"3f83e2","runId":"post-fix7","hypothesisId":"H1","location":"Starship.NetworkMotor:ReconcileOwnerFromServer","message":"owner_reconcile","data":{"preSnapErr":1.7709,"replayCount":10,"preTick":4465,"postTick":4465,"serverTick":4455,"ackSeq":2996,"simTick":4753},"timestamp":1782243094953}
{"sessionId":"3f83e2","runId":"post-fix7","hypothesisId":"H1","location":"Starship.NetworkMotor:ReconcileOwnerFromServer","message":"owner_reconcile","data":{"preSnapErr":1.7375,"replayCount":10,"preTick":4466,"postTick":4466,"serverTick":4456,"ackSeq":2997,"simTick":4754},"timestamp":1782243094974}
{"sessionId":"3f83e2","runId":"post-fix7","hypothesisId":"H1","location":"Starship.NetworkMotor:ReconcileOwnerFromServer","message":"owner_reconcile","data":{"preSnapErr":1.8087,"replayCount":11,"preTick":4469,"postTick":4469,"serverTick":4458,"ackSeq":2999,"simTick":4757},"timestamp":1782243095017}
{"sessionId":"3f83e2","runId":"post-fix7","hypothesisId":"H1","location":"Starship.NetworkMotor:ReconcileOwnerFromServer","message":"owner_reconcile","data":{"preSnapErr":1.7177,"replayCount":11,"preTick":4471,"postTick":4471,"serverTick":4460,"ackSeq":3001,"simTick":4759},"timestamp":1782243095056}
{"sessionId":"3f83e2","runId":"post-fix7","hypothesisId":"H1","location":"Starship.NetworkMotor:ReconcileOwnerFromServer","message":"owner_reconcile","data":{"preSnapErr":1.5006,"replayCount":10,"preTick":4472,"postTick":4472,"serverTick":4462,"ackSeq":3003,"simTick":4760},"timestamp":1782243095092}
{"sessionId":"3f83e2","runId":"post-fix7","hypothesisId":"H1","location":"Starship.NetworkMotor:ReconcileOwnerFromServer","message":"owner_reconcile","data":{"preSnapErr":1.4558,"replayCount":10,"preTick":4473,"postTick":4473,"serverTick":4463,"ackSeq":3004,"simTick":4761},"timestamp":1782243095113}
{"sessionId":"3f83e2","runId":"post-fix7","hypothesisId":"H3","location":"Starship.NetworkMotor:ApplyRemoteMotorSnapshotVisuals","message":"remote_display","data":{"renderTickF":4462.898,"latestTick":4463,"simTick":4762,"bufCount":48,"extrapolating":0,"frameDelta":0.0009,"speed":F3},"timestamp":1782243095120}
{"sessionId":"3f83e2","runId":"post-fix7","hypothesisId":"H1","location":"Starship.NetworkMotor:ReconcileOwnerFromServer","message":"owner_reconcile","data":{"preSnapErr":1.3592,"replayCount":10,"preTick":4475,"postTick":4475,"serverTick":4465,"ackSeq":3006,"simTick":4763},"timestamp":1782243095158}
{"sessionId":"3f83e2","runId":"post-fix7","hypothesisId":"H5","location":"Starship.NetworkMotor:ApplyOwnerPredictedMotorVisuals","message":"owner_display","data":{"alpha":0.153,"renderSpan":0.1021,"frameDelta":1.6638,"speed":F3},"timestamp":1782243095168}
{"sessionId":"3f83e2","runId":"post-fix7","hypothesisId":"H1","location":"Starship.NetworkMotor:ReconcileOwnerFromServer","message":"owner_reconcile","data":{"preSnapErr":1.2544,"replayCount":10,"preTick":4477,"postTick":4477,"serverTick":4467,"ackSeq":3008,"simTick":4765},"timestamp":1782243095180}
{"sessionId":"3f83e2","runId":"post-fix7","hypothesisId":"H1","location":"Starship.NetworkMotor:ReconcileOwnerFromServer","message":"owner_reconcile","data":{"preSnapErr":1.2837,"replayCount":11,"preTick":4479,"postTick":4479,"serverTick":4468,"ackSeq":3009,"simTick":4767},"timestamp":1782243095217}
{"sessionId":"3f83e2","runId":"post-fix7","hypothesisId":"H1","location":"Starship.NetworkMotor:ReconcileOwnerFromServer","message":"owner_reconcile","data":{"preSnapErr":1.1641,"replayCount":11,"preTick":4481,"postTick":4481,"serverTick":4470,"ackSeq":3011,"simTick":4769},"timestamp":1782243095259}
{"sessionId":"3f83e2","runId":"post-fix7","hypothesisId":"H1","location":"Starship.NetworkMotor:ReconcileOwnerFromServer","message":"owner_reconcile","data":{"preSnapErr":0.9840,"replayCount":10,"preTick":4482,"postTick":4482,"serverTick":4472,"ackSeq":3013,"simTick":4770},"timestamp":1782243095279}
{"sessionId":"3f83e2","runId":"post-fix7","hypothesisId":"H2","location":"Starship.NetworkMotor:ClientPredictMotorFixedStep","message":"owner_predict","data":{"tick":4484,"simTick":4771,"serverClock":4774,"tickLead":-287,"speed":3.809,"thrust":0},"timestamp":1782243095300}
{"sessionId":"3f83e2","runId":"post-fix7","hypothesisId":"H1","location":"Starship.NetworkMotor:ReconcileOwnerFromServer","message":"owner_reconcile","data":{"preSnapErr":1.0170,"replayCount":11,"preTick":4484,"postTick":4484,"serverTick":4473,"ackSeq":3014,"simTick":4772},"timestamp":1782243095321}
{"sessionId":"3f83e2","runId":"post-fix7","hypothesisId":"H1","location":"Starship.NetworkMotor:ReconcileOwnerFromServer","message":"owner_reconcile","data":{"preSnapErr":0.8682,"replayCount":10,"preTick":4485,"postTick":4485,"serverTick":4475,"ackSeq":3016,"simTick":4773},"timestamp":1782243095342}
{"sessionId":"3f83e2","runId":"post-fix7","hypothesisId":"H3","location":"Starship.NetworkMotor:ApplyRemoteMotorSnapshotVisuals","message":"remote_display","data":{"renderTickF":4474.537,"latestTick":4475,"simTick":4775,"bufCount":48,"extrapolating":0,"frameDelta":0.0008,"speed":F3},"timestamp":1782243095372}
{"sessionId":"3f83e2","runId":"post-fix7","hypothesisId":"H1","location":"Starship.NetworkMotor:ReconcileOwnerFromServer","message":"owner_reconcile","data":{"preSnapErr":0.8047,"replayCount":10,"preTick":4487,"postTick":4487,"serverTick":4477,"ackSeq":3018,"simTick":4775},"timestamp":1782243095384}
{"sessionId":"3f83e2","runId":"post-fix7","hypothesisId":"H1","location":"Starship.NetworkMotor:ReconcileOwnerFromServer","message":"owner_reconcile","data":{"preSnapErr":0.7758,"replayCount":10,"preTick":4488,"postTick":4488,"serverTick":4478,"ackSeq":3019,"simTick":4776},"timestamp":1782243095407}
{"sessionId":"3f83e2","runId":"post-fix7","hypothesisId":"H5","location":"Starship.NetworkMotor:ApplyOwnerPredictedMotorVisuals","message":"owner_display","data":{"alpha":0.543,"renderSpan":0.0622,"frameDelta":0.9859,"speed":F3},"timestamp":1782243095415}
{"sessionId":"3f83e2","runId":"post-fix7","hypothesisId":"H1","location":"Starship.NetworkMotor:ReconcileOwnerFromServer","message":"owner_reconcile","data":{"preSnapErr":0.7198,"replayCount":10,"preTick":4490,"postTick":4490,"serverTick":4480,"ackSeq":3021,"simTick":4778},"timestamp":1782243095447}
{"sessionId":"3f83e2","runId":"post-fix7","hypothesisId":"H1","location":"Starship.NetworkMotor:ReconcileOwnerFromServer","message":"owner_reconcile","data":{"preSnapErr":0.6638,"replayCount":10,"preTick":4492,"postTick":4492,"serverTick":4482,"ackSeq":3023,"simTick":4780},"timestamp":1782243095484}
{"sessionId":"3f83e2","runId":"post-fix7","hypothesisId":"H1","location":"Starship.NetworkMotor:ReconcileOwnerFromServer","message":"owner_reconcile","data":{"preSnapErr":0.6840,"replayCount":11,"preTick":4494,"postTick":4494,"serverTick":4483,"ackSeq":3024,"simTick":4782},"timestamp":1782243095521}
{"sessionId":"3f83e2","runId":"post-fix7","hypothesisId":"H1","location":"Starship.NetworkMotor:ReconcileOwnerFromServer","message":"owner_reconcile","data":{"preSnapErr":0.5798,"replayCount":10,"preTick":4495,"postTick":4495,"serverTick":4485,"ackSeq":3026,"simTick":4783},"timestamp":1782243095542}
{"sessionId":"3f83e2","runId":"post-fix7","hypothesisId":"H1","location":"Starship.NetworkMotor:ReconcileOwnerFromServer","message":"owner_reconcile","data":{"preSnapErr":0.5238,"replayCount":10,"preTick":4497,"postTick":4497,"serverTick":4487,"ackSeq":3028,"simTick":4785},"timestamp":1782243095584}
{"sessionId":"3f83e2","runId":"post-fix7","hypothesisId":"H1","location":"Starship.NetworkMotor:ReconcileOwnerFromServer","message":"owner_reconcile","data":{"preSnapErr":0.4958,"replayCount":10,"preTick":4498,"postTick":4498,"serverTick":4488,"ackSeq":3029,"simTick":4786},"timestamp":1782243095602}
{"sessionId":"3f83e2","runId":"post-fix7","hypothesisId":"H3","location":"Starship.NetworkMotor:ApplyRemoteMotorSnapshotVisuals","message":"remote_display","data":{"renderTickF":4487.362,"latestTick":4488,"simTick":4787,"bufCount":48,"extrapolating":0,"frameDelta":0.0008,"speed":F3},"timestamp":1782243095610}
{"sessionId":"3f83e2","runId":"post-fix7","hypothesisId":"H1","location":"Starship.NetworkMotor:ReconcileOwnerFromServer","message":"owner_reconcile","data":{"preSnapErr":0.4397,"replayCount":10,"preTick":4500,"postTick":4500,"serverTick":4490,"ackSeq":3031,"simTick":4788},"timestamp":1782243095648}
{"sessionId":"3f83e2","runId":"post-fix7","hypothesisId":"H5","location":"Starship.NetworkMotor:ApplyOwnerPredictedMotorVisuals","message":"owner_display","data":{"alpha":0.632,"renderSpan":0.0287,"frameDelta":0.5469,"speed":F3},"timestamp":1782243095655}
{"sessionId":"3f83e2","runId":"post-fix7","hypothesisId":"H1","location":"Starship.NetworkMotor:ReconcileOwnerFromServer","message":"owner_reconcile","data":{"preSnapErr":0.3849,"replayCount":10,"preTick":4502,"postTick":4502,"serverTick":4492,"ackSeq":3033,"simTick":4790},"timestamp":1782243095687}
{"sessionId":"3f83e2","runId":"post-fix7","hypothesisId":"H1","location":"Starship.NetworkMotor:ReconcileOwnerFromServer","message":"owner_reconcile","data":{"preSnapErr":0.3569,"replayCount":10,"preTick":4503,"postTick":4503,"serverTick":4493,"ackSeq":3034,"simTick":4791},"timestamp":1782243095708}
{"sessionId":"3f83e2","runId":"post-fix7","hypothesisId":"H1","location":"Starship.NetworkMotor:ReconcileOwnerFromServer","message":"owner_reconcile","data":{"preSnapErr":0.3009,"replayCount":10,"preTick":4505,"postTick":4505,"serverTick":4495,"ackSeq":3036,"simTick":4793},"timestamp":1782243095748}
{"sessionId":"3f83e2","runId":"post-fix7","hypothesisId":"H1","location":"Starship.NetworkMotor:ReconcileOwnerFromServer","message":"owner_reconcile","data":{"preSnapErr":0.2449,"replayCount":10,"preTick":4507,"postTick":4507,"serverTick":4497,"ackSeq":3038,"simTick":4795},"timestamp":1782243095793}
{"sessionId":"3f83e2","runId":"post-fix7","hypothesisId":"H1","location":"Starship.NetworkMotor:ReconcileOwnerFromServer","message":"owner_reconcile","data":{"preSnapErr":0.2169,"replayCount":10,"preTick":4508,"postTick":4508,"serverTick":4498,"ackSeq":3039,"simTick":4796},"timestamp":1782243095819}
{"sessionId":"3f83e2","runId":"post-fix7","hypothesisId":"H2","location":"Starship.NetworkMotor:ClientPredictMotorFixedStep","message":"owner_predict","data":{"tick":4509,"simTick":4796,"serverClock":4799,"tickLead":-287,"speed":0.320,"thrust":0},"timestamp":1782243095820}
{"sessionId":"3f83e2","runId":"post-fix7","hypothesisId":"H1","location":"Starship.NetworkMotor:ReconcileOwnerFromServer","message":"owner_reconcile","data":{"preSnapErr":0.1620,"replayCount":10,"preTick":4510,"postTick":4510,"serverTick":4500,"ackSeq":3041,"simTick":4798},"timestamp":1782243095841}
{"sessionId":"3f83e2","runId":"post-fix7","hypothesisId":"H3","location":"Starship.NetworkMotor:ApplyRemoteMotorSnapshotVisuals","message":"remote_display","data":{"renderTickF":4499.379,"latestTick":4500,"simTick":4800,"bufCount":48,"extrapolating":0,"frameDelta":0.0008,"speed":F3},"timestamp":1782243095870}
{"sessionId":"3f83e2","runId":"post-fix7","hypothesisId":"H1","location":"Starship.NetworkMotor:ReconcileOwnerFromServer","message":"owner_reconcile","data":{"preSnapErr":0.1080,"replayCount":10,"preTick":4512,"postTick":4512,"serverTick":4502,"ackSeq":3043,"simTick":4800},"timestamp":1782243095884}
{"sessionId":"3f83e2","runId":"post-fix7","hypothesisId":"H5","location":"Starship.NetworkMotor:ApplyOwnerPredictedMotorVisuals","message":"owner_display","data":{"alpha":0.433,"renderSpan":0.0000,"frameDelta":0.1448,"speed":F3},"timestamp":1782243095910}
{"sessionId":"3f83e2","runId":"post-fix7","hypothesisId":"H1","location":"Starship.NetworkMotor:ReconcileOwnerFromServer","message":"owner_reconcile","data":{"preSnapErr":0.0644,"replayCount":11,"preTick":4515,"postTick":4515,"serverTick":4504,"ackSeq":3045,"simTick":4803},"timestamp":1782243095944}
{"sessionId":"3f83e2","runId":"post-fix7","hypothesisId":"H1","location":"Starship.NetworkMotor:ReconcileOwnerFromServer","message":"owner_reconcile","data":{"preSnapErr":0.0468,"replayCount":11,"preTick":4516,"postTick":4516,"serverTick":4505,"ackSeq":3046,"simTick":4804},"timestamp":1782243095963}
{"sessionId":"3f83e2","runId":"post-fix7","hypothesisId":"H1","location":"Starship.NetworkMotor:ReconcileOwnerFromServer","message":"owner_reconcile","data":{"preSnapErr":0.0200,"replayCount":10,"preTick":4517,"postTick":4517,"serverTick":4507,"ackSeq":3048,"simTick":4805},"timestamp":1782243095985}
{"sessionId":"3f83e2","runId":"post-fix7","hypothesisId":"H1","location":"Starship.NetworkMotor:ReconcileOwnerFromServer","message":"owner_reconcile","data":{"preSnapErr":0.0046,"replayCount":10,"preTick":4519,"postTick":4519,"serverTick":4509,"ackSeq":3050,"simTick":4807},"timestamp":1782243096031}
{"sessionId":"3f83e2","runId":"post-fix7","hypothesisId":"H1","location":"Starship.NetworkMotor:ReconcileOwnerFromServer","message":"owner_reconcile","data":{"preSnapErr":0.0009,"replayCount":10,"preTick":4520,"postTick":4520,"serverTick":4510,"ackSeq":3051,"simTick":4808},"timestamp":1782243096054}
{"sessionId":"3f83e2","runId":"post-fix7","hypothesisId":"H1","location":"Starship.NetworkMotor:ReconcileOwnerFromServer","message":"owner_reconcile","data":{"preSnapErr":0.0000,"replayCount":9,"preTick":4521,"postTick":4521,"serverTick":4512,"ackSeq":3053,"simTick":4809},"timestamp":1782243096074}
{"sessionId":"3f83e2","runId":"post-fix7","hypothesisId":"H1","location":"Starship.NetworkMotor:ReconcileOwnerFromServer","message":"owner_reconcile","data":{"preSnapErr":0.0000,"replayCount":11,"preTick":4524,"postTick":4524,"serverTick":4513,"ackSeq":3054,"simTick":4812},"timestamp":1782243096117}
{"sessionId":"3f83e2","runId":"post-fix7","hypothesisId":"H3","location":"Starship.NetworkMotor:ApplyRemoteMotorSnapshotVisuals","message":"remote_display","data":{"renderTickF":4512.125,"latestTick":4513,"simTick":4812,"bufCount":48,"extrapolating":0,"frameDelta":0.0008,"speed":F3},"timestamp":1782243096126}
{"sessionId":"3f83e2","runId":"post-fix7","hypothesisId":"H1","location":"Starship.NetworkMotor:ReconcileOwnerFromServer","message":"owner_reconcile","data":{"preSnapErr":0.0000,"replayCount":10,"preTick":4525,"postTick":4525,"serverTick":4515,"ackSeq":3056,"simTick":4813},"timestamp":1782243096140}
{"sessionId":"3f83e2","runId":"post-fix7","hypothesisId":"H5","location":"Starship.NetworkMotor:ApplyOwnerPredictedMotorVisuals","message":"owner_display","data":{"alpha":0.279,"renderSpan":0.0000,"frameDelta":0.0005,"speed":F3},"timestamp":1782243096169}
{"sessionId":"3f83e2","runId":"post-fix7","hypothesisId":"H1","location":"Starship.NetworkMotor:ReconcileOwnerFromServer","message":"owner_reconcile","data":{"preSnapErr":0.0002,"replayCount":10,"preTick":4527,"postTick":4527,"serverTick":4517,"ackSeq":3058,"simTick":4815},"timestamp":1782243096184}
{"sessionId":"3f83e2","runId":"post-fix7","hypothesisId":"H1","location":"Starship.NetworkMotor:ReconcileOwnerFromServer","message":"owner_reconcile","data":{"preSnapErr":0.0023,"replayCount":10,"preTick":4528,"postTick":4528,"serverTick":4518,"ackSeq":3059,"simTick":4816},"timestamp":1782243096204}
{"sessionId":"3f83e2","runId":"post-fix7","hypothesisId":"H1","location":"Starship.NetworkMotor:ReconcileOwnerFromServer","message":"owner_reconcile","data":{"preSnapErr":0.0023,"replayCount":10,"preTick":4530,"postTick":4530,"serverTick":4520,"ackSeq":3061,"simTick":4818},"timestamp":1782243096249}
{"sessionId":"3f83e2","runId":"post-fix7","hypothesisId":"H1","location":"Starship.NetworkMotor:ReconcileOwnerFromServer","message":"owner_reconcile","data":{"preSnapErr":0.0023,"replayCount":10,"preTick":4532,"postTick":4532,"serverTick":4522,"ackSeq":3063,"simTick":4820},"timestamp":1782243096292}
{"sessionId":"3f83e2","runId":"post-fix7","hypothesisId":"H1","location":"Starship.NetworkMotor:ReconcileOwnerFromServer","message":"owner_reconcile","data":{"preSnapErr":0.0023,"replayCount":10,"preTick":4533,"postTick":4533,"serverTick":4523,"ackSeq":3064,"simTick":4821},"timestamp":1782243096311}
{"sessionId":"3f83e2","runId":"post-fix7","hypothesisId":"H2","location":"Starship.NetworkMotor:ClientPredictMotorFixedStep","message":"owner_predict","data":{"tick":4534,"simTick":4821,"serverClock":4824,"tickLead":-287,"speed":0.012,"thrust":0},"timestamp":1782243096312}
{"sessionId":"3f83e2","runId":"post-fix7","hypothesisId":"H1","location":"Starship.NetworkMotor:ReconcileOwnerFromServer","message":"owner_reconcile","data":{"preSnapErr":0.0023,"replayCount":10,"preTick":4535,"postTick":4535,"serverTick":4525,"ackSeq":3066,"simTick":4823},"timestamp":1782243096354}
{"sessionId":"3f83e2","runId":"post-fix7","hypothesisId":"H1","location":"Starship.NetworkMotor:ReconcileOwnerFromServer","message":"owner_reconcile","data":{"preSnapErr":0.0042,"replayCount":9,"preTick":4536,"postTick":4536,"serverTick":4527,"ackSeq":3068,"simTick":4824},"timestamp":1782243096378}
{"sessionId":"3f83e2","runId":"post-fix7","hypothesisId":"H3","location":"Starship.NetworkMotor:ApplyRemoteMotorSnapshotVisuals","message":"remote_display","data":{"renderTickF":4526.002,"latestTick":4527,"simTick":4825,"bufCount":48,"extrapolating":0,"frameDelta":0.0009,"speed":F3},"timestamp":1782243096390}
{"sessionId":"3f83e2","runId":"post-fix7","hypothesisId":"H1","location":"Starship.NetworkMotor:ReconcileOwnerFromServer","message":"owner_reconcile","data":{"preSnapErr":0.0046,"replayCount":10,"preTick":4539,"postTick":4539,"serverTick":4529,"ackSeq":3070,"simTick":4827},"timestamp":1782243096432}
{"sessionId":"3f83e2","runId":"post-fix7","hypothesisId":"H5","location":"Starship.NetworkMotor:ApplyOwnerPredictedMotorVisuals","message":"owner_display","data":{"alpha":0.820,"renderSpan":0.0005,"frameDelta":0.0090,"speed":F3},"timestamp":1782243096440}
{"sessionId":"3f83e2","runId":"post-fix7","hypothesisId":"H1","location":"Starship.NetworkMotor:ReconcileOwnerFromServer","message":"owner_reconcile","data":{"preSnapErr":0.0046,"replayCount":10,"preTick":4540,"postTick":4540,"serverTick":4530,"ackSeq":3071,"simTick":4828},"timestamp":1782243096454}
{"sessionId":"3f83e2","runId":"post-fix7","hypothesisId":"H1","location":"Starship.NetworkMotor:ReconcileOwnerFromServer","message":"owner_reconcile","data":{"preSnapErr":0.0051,"replayCount":11,"preTick":4543,"postTick":4543,"serverTick":4532,"ackSeq":3073,"simTick":4831},"timestamp":1782243096497}
{"sessionId":"3f83e2","runId":"post-fix7","hypothesisId":"H1","location":"Starship.NetworkMotor:ReconcileOwnerFromServer","message":"owner_reconcile","data":{"preSnapErr":0.0046,"replayCount":10,"preTick":4544,"postTick":4544,"serverTick":4534,"ackSeq":3075,"simTick":4832},"timestamp":1782243096517}
{"sessionId":"3f83e2","runId":"post-fix7","hypothesisId":"H1","location":"Starship.NetworkMotor:ReconcileOwnerFromServer","message":"owner_reconcile","data":{"preSnapErr":0.0000,"replayCount":10,"preTick":4546,"postTick":4546,"serverTick":4536,"ackSeq":3077,"simTick":4834},"timestamp":1782243096559}
{"sessionId":"3f83e2","runId":"post-fix7","hypothesisId":"H1","location":"Starship.NetworkMotor:ReconcileOwnerFromServer","message":"owner_reconcile","data":{"preSnapErr":0.0000,"replayCount":11,"preTick":4548,"postTick":4548,"serverTick":4537,"ackSeq":3078,"simTick":4836},"timestamp":1782243096601}
{"sessionId":"3f83e2","runId":"post-fix7","hypothesisId":"H1","location":"Starship.NetworkMotor:ReconcileOwnerFromServer","message":"owner_reconcile","data":{"preSnapErr":0.0000,"replayCount":11,"preTick":4549,"postTick":4549,"serverTick":4538,"ackSeq":3079,"simTick":4837},"timestamp":1782243096621}
{"sessionId":"3f83e2","runId":"post-fix7","hypothesisId":"H1","location":"Starship.NetworkMotor:ReconcileOwnerFromServer","message":"owner_reconcile","data":{"preSnapErr":0.0000,"replayCount":10,"preTick":4550,"postTick":4550,"serverTick":4540,"ackSeq":3081,"simTick":4838},"timestamp":1782243096647}
{"sessionId":"3f83e2","runId":"post-fix7","hypothesisId":"H3","location":"Starship.NetworkMotor:ApplyRemoteMotorSnapshotVisuals","message":"remote_display","data":{"renderTickF":4539.567,"latestTick":4540,"simTick":4839,"bufCount":48,"extrapolating":0,"frameDelta":0.0009,"speed":F3},"timestamp":1782243096655}
{"sessionId":"3f83e2","runId":"post-fix7","hypothesisId":"H1","location":"Starship.NetworkMotor:ReconcileOwnerFromServer","message":"owner_reconcile","data":{"preSnapErr":0.0000,"replayCount":10,"preTick":4552,"postTick":4552,"serverTick":4542,"ackSeq":3083,"simTick":4840},"timestamp":1782243096686}
{"sessionId":"3f83e2","runId":"post-fix7","hypothesisId":"H5","location":"Starship.NetworkMotor:ApplyOwnerPredictedMotorVisuals","message":"owner_display","data":{"alpha":0.579,"renderSpan":0.0000,"frameDelta":0.0027,"speed":F3},"timestamp":1782243096694}
{"sessionId":"3f83e2","runId":"post-fix7","hypothesisId":"H1","location":"Starship.NetworkMotor:ReconcileOwnerFromServer","message":"owner_reconcile","data":{"preSnapErr":0.0002,"replayCount":10,"preTick":4554,"postTick":4554,"serverTick":4544,"ackSeq":3085,"simTick":4842},"timestamp":1782243096731}
{"sessionId":"3f83e2","runId":"post-fix7","hypothesisId":"H1","location":"Starship.NetworkMotor:ReconcileOwnerFromServer","message":"owner_reconcile","data":{"preSnapErr":0.0023,"replayCount":10,"preTick":4555,"postTick":4555,"serverTick":4545,"ackSeq":3086,"simTick":4843},"timestamp":1782243096754}
{"sessionId":"3f83e2","runId":"post-fix7","hypothesisId":"H1","location":"Starship.NetworkMotor:ReconcileOwnerFromServer","message":"owner_reconcile","data":{"preSnapErr":0.0021,"replayCount":9,"preTick":4556,"postTick":4556,"serverTick":4547,"ackSeq":3088,"simTick":4844},"timestamp":1782243096776}
{"sessionId":"3f83e2","runId":"post-fix7","hypothesisId":"H2","location":"Starship.NetworkMotor:ClientPredictMotorFixedStep","message":"owner_predict","data":{"tick":4559,"simTick":4846,"serverClock":4849,"tickLead":-287,"speed":0.012,"thrust":0},"timestamp":1782243096800}
{"sessionId":"3f83e2","runId":"post-fix7","hypothesisId":"H1","location":"Starship.NetworkMotor:ReconcileOwnerFromServer","message":"owner_reconcile","data":{"preSnapErr":0.0023,"replayCount":10,"preTick":4559,"postTick":4559,"serverTick":4549,"ackSeq":3090,"simTick":4847},"timestamp":1782243096822}
{"sessionId":"3f83e2","runId":"post-fix7","hypothesisId":"H1","location":"Starship.NetworkMotor:ReconcileOwnerFromServer","message":"owner_reconcile","data":{"preSnapErr":0.0023,"replayCount":10,"preTick":4560,"postTick":4560,"serverTick":4550,"ackSeq":3091,"simTick":4848},"timestamp":1782243096846}
{"sessionId":"3f83e2","runId":"post-fix7","hypothesisId":"H1","location":"Starship.NetworkMotor:ReconcileOwnerFromServer","message":"owner_reconcile","data":{"preSnapErr":0.0023,"replayCount":10,"preTick":4562,"postTick":4562,"serverTick":4552,"ackSeq":3093,"simTick":4850},"timestamp":1782243096887}
{"sessionId":"3f83e2","runId":"post-fix7","hypothesisId":"H3","location":"Starship.NetworkMotor:ApplyRemoteMotorSnapshotVisuals","message":"remote_display","data":{"renderTickF":4551.667,"latestTick":4552,"simTick":4852,"bufCount":48,"extrapolating":0,"frameDelta":0.0008,"speed":F3},"timestamp":1782243096916}
{"sessionId":"3f83e2","runId":"post-fix7","hypothesisId":"H1","location":"Starship.NetworkMotor:ReconcileOwnerFromServer","message":"owner_reconcile","data":{"preSnapErr":0.0023,"replayCount":10,"preTick":4564,"postTick":4564,"serverTick":4554,"ackSeq":3095,"simTick":4852},"timestamp":1782243096931}
{"sessionId":"3f83e2","runId":"post-fix7","hypothesisId":"H1","location":"Starship.NetworkMotor:ReconcileOwnerFromServer","message":"owner_reconcile","data":{"preSnapErr":0.0021,"replayCount":9,"preTick":4565,"postTick":4565,"serverTick":4556,"ackSeq":3097,"simTick":4853},"timestamp":1782243096953}
{"sessionId":"3f83e2","runId":"post-fix7","hypothesisId":"H5","location":"Starship.NetworkMotor:ApplyOwnerPredictedMotorVisuals","message":"owner_display","data":{"alpha":0.830,"renderSpan":0.0192,"frameDelta":0.0221,"speed":F3},"timestamp":1782243096960}
{"sessionId":"3f83e2","runId":"post-fix7","hypothesisId":"H1","location":"Starship.NetworkMotor:ReconcileOwnerFromServer","message":"owner_reconcile","data":{"preSnapErr":0.0275,"replayCount":9,"preTick":4566,"postTick":4566,"serverTick":4557,"ackSeq":3098,"simTick":4854},"timestamp":1782243096974}
{"sessionId":"3f83e2","runId":"post-fix7","hypothesisId":"H1","location":"Starship.NetworkMotor:ReconcileOwnerFromServer","message":"owner_reconcile","data":{"preSnapErr":0.1432,"replayCount":11,"preTick":4569,"postTick":4569,"serverTick":4558,"ackSeq":3099,"simTick":4857},"timestamp":1782243097018}
{"sessionId":"3f83e2","runId":"post-fix7","hypothesisId":"H1","location":"Starship.NetworkMotor:ReconcileOwnerFromServer","message":"owner_reconcile","data":{"preSnapErr":0.2687,"replayCount":11,"preTick":4571,"postTick":4571,"serverTick":4560,"ackSeq":3101,"simTick":4859},"timestamp":1782243097064}
{"sessionId":"3f83e2","runId":"post-fix7","hypothesisId":"H1","location":"Starship.NetworkMotor:ReconcileOwnerFromServer","message":"owner_reconcile","data":{"preSnapErr":0.3461,"replayCount":10,"preTick":4572,"postTick":4572,"serverTick":4562,"ackSeq":3103,"simTick":4860},"timestamp":1782243097086}
{"sessionId":"3f83e2","runId":"post-fix7","hypothesisId":"H1","location":"Starship.NetworkMotor:ReconcileOwnerFromServer","message":"owner_reconcile","data":{"preSnapErr":0.5294,"replayCount":10,"preTick":4574,"postTick":4574,"serverTick":4564,"ackSeq":3105,"simTick":4862},"timestamp":1782243097137}
{"sessionId":"3f83e2","runId":"post-fix7","hypothesisId":"H1","location":"Starship.NetworkMotor:ReconcileOwnerFromServer","message":"owner_reconcile","data":{"preSnapErr":0.7406,"replayCount":11,"preTick":4576,"postTick":4576,"serverTick":4565,"ackSeq":3106,"simTick":4864},"timestamp":1782243097161}
{"sessionId":"3f83e2","runId":"post-fix7","hypothesisId":"H1","location":"Starship.NetworkMotor:ReconcileOwnerFromServer","message":"owner_reconcile","data":{"preSnapErr":0.8168,"replayCount":10,"preTick":4577,"postTick":4577,"serverTick":4567,"ackSeq":3108,"simTick":4865},"timestamp":1782243097183}
{"sessionId":"3f83e2","runId":"post-fix7","hypothesisId":"H3","location":"Starship.NetworkMotor:ApplyRemoteMotorSnapshotVisuals","message":"remote_display","data":{"renderTickF":4566.379,"latestTick":4567,"simTick":4866,"bufCount":48,"extrapolating":0,"frameDelta":0.0009,"speed":F3},"timestamp":1782243097190}
{"sessionId":"3f83e2","runId":"post-fix7","hypothesisId":"H1","location":"Starship.NetworkMotor:ReconcileOwnerFromServer","message":"owner_reconcile","data":{"preSnapErr":1.0053,"replayCount":10,"preTick":4579,"postTick":4579,"serverTick":4569,"ackSeq":3110,"simTick":4867},"timestamp":1782243097226}
{"sessionId":"3f83e2","runId":"post-fix7","hypothesisId":"H5","location":"Starship.NetworkMotor:ApplyOwnerPredictedMotorVisuals","message":"owner_display","data":{"alpha":0.531,"renderSpan":0.1510,"frameDelta":1.2030,"speed":F3},"timestamp":1782243097234}
{"sessionId":"3f83e2","runId":"post-fix7","hypothesisId":"H1","location":"Starship.NetworkMotor:ReconcileOwnerFromServer","message":"owner_reconcile","data":{"preSnapErr":1.0979,"replayCount":10,"preTick":4580,"postTick":4580,"serverTick":4570,"ackSeq":3111,"simTick":4868},"timestamp":1782243097248}
{"sessionId":"3f83e2","runId":"post-fix7","hypothesisId":"H1","location":"Starship.NetworkMotor:ReconcileOwnerFromServer","message":"owner_reconcile","data":{"preSnapErr":1.1125,"replayCount":9,"preTick":4581,"postTick":4581,"serverTick":4572,"ackSeq":3113,"simTick":4869},"timestamp":1782243097274}
{"sessionId":"3f83e2","runId":"post-fix7","hypothesisId":"H2","location":"Starship.NetworkMotor:ClientPredictMotorFixedStep","message":"owner_predict","data":{"tick":4584,"simTick":4871,"serverClock":4874,"tickLead":-287,"speed":9.171,"thrust":1},"timestamp":1782243097298}
{"sessionId":"3f83e2","runId":"post-fix7","hypothesisId":"H1","location":"Starship.NetworkMotor:ReconcileOwnerFromServer","message":"owner_reconcile","data":{"preSnapErr":1.5484,"replayCount":11,"preTick":4584,"postTick":4584,"serverTick":4573,"ackSeq":3114,"simTick":4872},"timestamp":1782243097320}
{"sessionId":"3f83e2","runId":"post-fix7","hypothesisId":"H1","location":"Starship.NetworkMotor:ReconcileOwnerFromServer","message":"owner_reconcile","data":{"preSnapErr":1.5368,"replayCount":10,"preTick":4585,"postTick":4585,"serverTick":4575,"ackSeq":3116,"simTick":4873},"timestamp":1782243097343}
{"sessionId":"3f83e2","runId":"post-fix7","hypothesisId":"H1","location":"Starship.NetworkMotor:ReconcileOwnerFromServer","message":"owner_reconcile","data":{"preSnapErr":1.6973,"replayCount":10,"preTick":4587,"postTick":4587,"serverTick":4577,"ackSeq":3118,"simTick":4875},"timestamp":1782243097389}
{"sessionId":"3f83e2","runId":"post-fix7","hypothesisId":"H1","location":"Starship.NetworkMotor:ReconcileOwnerFromServer","message":"owner_reconcile","data":{"preSnapErr":1.8467,"replayCount":10,"preTick":4589,"postTick":4589,"serverTick":4579,"ackSeq":3120,"simTick":4877},"timestamp":1782243097430}
{"sessionId":"3f83e2","runId":"post-fix7","hypothesisId":"H1","location":"Starship.NetworkMotor:ReconcileOwnerFromServer","message":"owner_reconcile","data":{"preSnapErr":1.7599,"replayCount":9,"preTick":4590,"postTick":4590,"serverTick":4581,"ackSeq":3122,"simTick":4878},"timestamp":1782243097451}
{"sessionId":"3f83e2","runId":"post-fix7","hypothesisId":"H3","location":"Starship.NetworkMotor:ApplyRemoteMotorSnapshotVisuals","message":"remote_display","data":{"renderTickF":4580.807,"latestTick":4581,"simTick":4879,"bufCount":48,"extrapolating":0,"frameDelta":0.0009,"speed":F3},"timestamp":1782243097461}
{"sessionId":"3f83e2","runId":"post-fix7","hypothesisId":"H5","location":"Starship.NetworkMotor:ApplyOwnerPredictedMotorVisuals","message":"owner_display","data":{"alpha":0.248,"renderSpan":0.2399,"frameDelta":2.7260,"speed":F3},"timestamp":1782243097507}
{"sessionId":"3f83e2","runId":"post-fix7","hypothesisId":"H1","location":"Starship.NetworkMotor:ReconcileOwnerFromServer","message":"owner_reconcile","data":{"preSnapErr":2.3441,"replayCount":11,"preTick":4594,"postTick":4594,"serverTick":4583,"ackSeq":3124,"simTick":4882},"timestamp":1782243097521}
{"sessionId":"3f83e2","runId":"post-fix7","hypothesisId":"H1","location":"Starship.NetworkMotor:ReconcileOwnerFromServer","message":"owner_reconcile","data":{"preSnapErr":2.2133,"replayCount":10,"preTick":4595,"postTick":4595,"serverTick":4585,"ackSeq":3126,"simTick":4883},"timestamp":1782243097543}
{"sessionId":"3f83e2","runId":"post-fix7","hypothesisId":"H1","location":"Starship.NetworkMotor:ReconcileOwnerFromServer","message":"owner_reconcile","data":{"preSnapErr":2.2902,"replayCount":10,"preTick":4597,"postTick":4597,"serverTick":4587,"ackSeq":3128,"simTick":4885},"timestamp":1782243097586}
{"sessionId":"3f83e2","runId":"post-fix7","hypothesisId":"H1","location":"Starship.NetworkMotor:ReconcileOwnerFromServer","message":"owner_reconcile","data":{"preSnapErr":2.3189,"replayCount":10,"preTick":4598,"postTick":4598,"serverTick":4588,"ackSeq":3129,"simTick":4886},"timestamp":1782243097609}
{"sessionId":"3f83e2","runId":"post-fix7","hypothesisId":"H1","location":"Starship.NetworkMotor:ReconcileOwnerFromServer","message":"owner_reconcile","data":{"preSnapErr":2.3585,"replayCount":10,"preTick":4600,"postTick":4600,"serverTick":4590,"ackSeq":3131,"simTick":4888},"timestamp":1782243097649}
{"sessionId":"3f83e2","runId":"post-fix7","hypothesisId":"H1","location":"Starship.NetworkMotor:ReconcileOwnerFromServer","message":"owner_reconcile","data":{"preSnapErr":2.3773,"replayCount":10,"preTick":4602,"postTick":4602,"serverTick":4592,"ackSeq":3133,"simTick":4890},"timestamp":1782243097695}
{"sessionId":"3f83e2","runId":"post-fix7","hypothesisId":"H1","location":"Starship.NetworkMotor:ReconcileOwnerFromServer","message":"owner_reconcile","data":{"preSnapErr":2.6131,"replayCount":11,"preTick":4604,"postTick":4604,"serverTick":4593,"ackSeq":3134,"simTick":4892},"timestamp":1782243097719}
{"sessionId":"3f83e2","runId":"post-fix7","hypothesisId":"H3","location":"Starship.NetworkMotor:ApplyRemoteMotorSnapshotVisuals","message":"remote_display","data":{"renderTickF":4592.177,"latestTick":4593,"simTick":4892,"bufCount":48,"extrapolating":0,"frameDelta":0.0007,"speed":F3},"timestamp":1782243097727}
{"sessionId":"3f83e2","runId":"post-fix7","hypothesisId":"H1","location":"Starship.NetworkMotor:ReconcileOwnerFromServer","message":"owner_reconcile","data":{"preSnapErr":2.3758,"replayCount":10,"preTick":4605,"postTick":4605,"serverTick":4595,"ackSeq":3136,"simTick":4893},"timestamp":1782243097740}
{"sessionId":"3f83e2","runId":"post-fix7","hypothesisId":"H5","location":"Starship.NetworkMotor:ApplyOwnerPredictedMotorVisuals","message":"owner_display","data":{"alpha":0.321,"renderSpan":0.2364,"frameDelta":3.0897,"speed":F3},"timestamp":1782243097768}
{"sessionId":"3f83e2","runId":"post-fix7","hypothesisId":"H1","location":"Starship.NetworkMotor:ReconcileOwnerFromServer","message":"owner_reconcile","data":{"preSnapErr":2.3702,"replayCount":10,"preTick":4607,"postTick":4607,"serverTick":4597,"ackSeq":3138,"simTick":4895},"timestamp":1782243097781}
{"sessionId":"3f83e2","runId":"post-fix7","hypothesisId":"H1","location":"Starship.NetworkMotor:ReconcileOwnerFromServer","message":"owner_reconcile","data":{"preSnapErr":2.3651,"replayCount":10,"preTick":4608,"postTick":4608,"serverTick":4598,"ackSeq":3139,"simTick":4896},"timestamp":1782243097802}
{"sessionId":"3f83e2","runId":"post-fix7","hypothesisId":"H2","location":"Starship.NetworkMotor:ClientPredictMotorFixedStep","message":"owner_predict","data":{"tick":4609,"simTick":4896,"serverClock":4899,"tickLead":-287,"speed":11.647,"thrust":1},"timestamp":1782243097802}
{"sessionId":"3f83e2","runId":"post-fix7","hypothesisId":"H1","location":"Starship.NetworkMotor:ReconcileOwnerFromServer","message":"owner_reconcile","data":{"preSnapErr":2.3499,"replayCount":10,"preTick":4610,"postTick":4610,"serverTick":4600,"ackSeq":3141,"simTick":4898},"timestamp":1782243097844}
{"sessionId":"3f83e2","runId":"post-fix7","hypothesisId":"H1","location":"Starship.NetworkMotor:ReconcileOwnerFromServer","message":"owner_reconcile","data":{"preSnapErr":2.3245,"replayCount":10,"preTick":4612,"postTick":4612,"serverTick":4602,"ackSeq":3143,"simTick":4900},"timestamp":1782243097887}
{"sessionId":"3f83e2","runId":"post-fix7","hypothesisId":"H1","location":"Starship.NetworkMotor:ReconcileOwnerFromServer","message":"owner_reconcile","data":{"preSnapErr":2.0731,"replayCount":9,"preTick":4613,"postTick":4613,"serverTick":4604,"ackSeq":3145,"simTick":4901},"timestamp":1782243097913}
{"sessionId":"3f83e2","runId":"post-fix7","hypothesisId":"H1","location":"Starship.NetworkMotor:ReconcileOwnerFromServer","message":"owner_reconcile","data":{"preSnapErr":2.2636,"replayCount":10,"preTick":4615,"postTick":4615,"serverTick":4605,"ackSeq":3146,"simTick":4903},"timestamp":1782243097953}
{"sessionId":"3f83e2","runId":"post-fix7","hypothesisId":"H3","location":"Starship.NetworkMotor:ApplyRemoteMotorSnapshotVisuals","message":"remote_display","data":{"renderTickF":4604.908,"latestTick":4605,"simTick":4905,"bufCount":48,"extrapolating":0,"frameDelta":0.0008,"speed":F3},"timestamp":1782243097980}
{"sessionId":"3f83e2","runId":"post-fix7","hypothesisId":"H1","location":"Starship.NetworkMotor:ReconcileOwnerFromServer","message":"owner_reconcile","data":{"preSnapErr":2.2080,"replayCount":10,"preTick":4617,"postTick":4617,"serverTick":4607,"ackSeq":3148,"simTick":4905},"timestamp":1782243097993}
{"sessionId":"3f83e2","runId":"post-fix7","hypothesisId":"H1","location":"Starship.NetworkMotor:ReconcileOwnerFromServer","message":"owner_reconcile","data":{"preSnapErr":1.9468,"replayCount":9,"preTick":4618,"postTick":4618,"serverTick":4609,"ackSeq":3150,"simTick":4906},"timestamp":1782243098012}
{"sessionId":"3f83e2","runId":"post-fix7","hypothesisId":"H5","location":"Starship.NetworkMotor:ApplyOwnerPredictedMotorVisuals","message":"owner_display","data":{"alpha":0.861,"renderSpan":0.1984,"frameDelta":2.7257,"speed":F3},"timestamp":1782243098020}
{"sessionId":"3f83e2","runId":"post-fix7","hypothesisId":"H1","location":"Starship.NetworkMotor:ReconcileOwnerFromServer","message":"owner_reconcile","data":{"preSnapErr":2.1046,"replayCount":10,"preTick":4620,"postTick":4620,"serverTick":4610,"ackSeq":3151,"simTick":4908},"timestamp":1782243098055}
{"sessionId":"3f83e2","runId":"post-fix7","hypothesisId":"H1","location":"Starship.NetworkMotor:ReconcileOwnerFromServer","message":"owner_reconcile","data":{"preSnapErr":2.2066,"replayCount":11,"preTick":4623,"postTick":4623,"serverTick":4612,"ackSeq":3153,"simTick":4911},"timestamp":1782243098097}
{"sessionId":"3f83e2","runId":"post-fix7","hypothesisId":"H1","location":"Starship.NetworkMotor:ReconcileOwnerFromServer","message":"owner_reconcile","data":{"preSnapErr":1.9495,"replayCount":10,"preTick":4624,"postTick":4624,"serverTick":4614,"ackSeq":3155,"simTick":4912},"timestamp":1782243098120}
{"sessionId":"3f83e2","runId":"post-fix7","hypothesisId":"H1","location":"Starship.NetworkMotor:ReconcileOwnerFromServer","message":"owner_reconcile","data":{"preSnapErr":1.8658,"replayCount":10,"preTick":4626,"postTick":4626,"serverTick":4616,"ackSeq":3157,"simTick":4914},"timestamp":1782243098158}
{"sessionId":"3f83e2","runId":"post-fix7","hypothesisId":"H1","location":"Starship.NetworkMotor:ReconcileOwnerFromServer","message":"owner_reconcile","data":{"preSnapErr":1.7781,"replayCount":10,"preTick":4628,"postTick":4628,"serverTick":4618,"ackSeq":3159,"simTick":4916},"timestamp":1782243098201}
{"sessionId":"3f83e2","runId":"post-fix7","hypothesisId":"H3","location":"Starship.NetworkMotor:ApplyRemoteMotorSnapshotVisuals","message":"remote_display","data":{"renderTickF":4617.466,"latestTick":4618,"simTick":4918,"bufCount":48,"extrapolating":0,"frameDelta":0.0008,"speed":F3},"timestamp":1782243098231}
{"sessionId":"3f83e2","runId":"post-fix7","hypothesisId":"H1","location":"Starship.NetworkMotor:ReconcileOwnerFromServer","message":"owner_reconcile","data":{"preSnapErr":1.6866,"replayCount":10,"preTick":4630,"postTick":4630,"serverTick":4620,"ackSeq":3161,"simTick":4918},"timestamp":1782243098245}
{"sessionId":"3f83e2","runId":"post-fix7","hypothesisId":"H5","location":"Starship.NetworkMotor:ApplyOwnerPredictedMotorVisuals","message":"owner_display","data":{"alpha":0.549,"renderSpan":0.1398,"frameDelta":2.1110,"speed":F3},"timestamp":1782243098273}
{"sessionId":"3f83e2","runId":"post-fix7","hypothesisId":"H1","location":"Starship.NetworkMotor:ReconcileOwnerFromServer","message":"owner_reconcile","data":{"preSnapErr":1.5921,"replayCount":10,"preTick":4632,"postTick":4632,"serverTick":4622,"ackSeq":3163,"simTick":4920},"timestamp":1782243098287}
{"sessionId":"3f83e2","runId":"post-fix7","hypothesisId":"H1","location":"Starship.NetworkMotor:ReconcileOwnerFromServer","message":"owner_reconcile","data":{"preSnapErr":1.5435,"replayCount":10,"preTick":4633,"postTick":4633,"serverTick":4623,"ackSeq":3164,"simTick":4921},"timestamp":1782243098308}
{"sessionId":"3f83e2","runId":"post-fix7","hypothesisId":"H2","location":"Starship.NetworkMotor:ClientPredictMotorFixedStep","message":"owner_predict","data":{"tick":4634,"simTick":4921,"serverClock":4924,"tickLead":-287,"speed":6.553,"thrust":1},"timestamp":1782243098309}
{"sessionId":"3f83e2","runId":"post-fix7","hypothesisId":"H1","location":"Starship.NetworkMotor:ReconcileOwnerFromServer","message":"owner_reconcile","data":{"preSnapErr":1.3274,"replayCount":9,"preTick":4634,"postTick":4634,"serverTick":4625,"ackSeq":3166,"simTick":4922},"timestamp":1782243098334}
{"sessionId":"3f83e2","runId":"post-fix7","hypothesisId":"H1","location":"Starship.NetworkMotor:ReconcileOwnerFromServer","message":"owner_reconcile","data":{"preSnapErr":1.3584,"replayCount":10,"preTick":4637,"postTick":4637,"serverTick":4627,"ackSeq":3168,"simTick":4925},"timestamp":1782243098378}
{"sessionId":"3f83e2","runId":"post-fix7","hypothesisId":"H1","location":"Starship.NetworkMotor:ReconcileOwnerFromServer","message":"owner_reconcile","data":{"preSnapErr":1.4192,"replayCount":11,"preTick":4639,"postTick":4639,"serverTick":4628,"ackSeq":3169,"simTick":4927},"timestamp":1782243098420}
{"sessionId":"3f83e2","runId":"post-fix7","hypothesisId":"H1","location":"Starship.NetworkMotor:ReconcileOwnerFromServer","message":"owner_reconcile","data":{"preSnapErr":1.2344,"replayCount":10,"preTick":4640,"postTick":4640,"serverTick":4630,"ackSeq":3171,"simTick":4928},"timestamp":1782243098440}
{"sessionId":"3f83e2","runId":"post-fix7","hypothesisId":"H1","location":"Starship.NetworkMotor:ReconcileOwnerFromServer","message":"owner_reconcile","data":{"preSnapErr":1.1684,"replayCount":10,"preTick":4642,"postTick":4642,"serverTick":4632,"ackSeq":3173,"simTick":4930},"timestamp":1782243098479}
{"sessionId":"3f83e2","runId":"post-fix7","hypothesisId":"H3","location":"Starship.NetworkMotor:ApplyRemoteMotorSnapshotVisuals","message":"remote_display","data":{"renderTickF":4631.187,"latestTick":4632,"simTick":4930,"bufCount":48,"extrapolating":0,"frameDelta":0.0009,"speed":F3},"timestamp":1782243098487}
{"sessionId":"3f83e2","runId":"post-fix7","hypothesisId":"H1","location":"Starship.NetworkMotor:ReconcileOwnerFromServer","message":"owner_reconcile","data":{"preSnapErr":1.2427,"replayCount":11,"preTick":4644,"postTick":4644,"serverTick":4633,"ackSeq":3174,"simTick":4932},"timestamp":1782243098522}
{"sessionId":"3f83e2","runId":"post-fix7","hypothesisId":"H5","location":"Starship.NetworkMotor:ApplyOwnerPredictedMotorVisuals","message":"owner_display","data":{"alpha":0.287,"renderSpan":0.1137,"frameDelta":1.4501,"speed":F3},"timestamp":1782243098528}
{"sessionId":"3f83e2","runId":"post-fix7","hypothesisId":"H1","location":"Starship.NetworkMotor:ReconcileOwnerFromServer","message":"owner_reconcile","data":{"preSnapErr":1.1081,"replayCount":10,"preTick":4645,"postTick":4645,"serverTick":4635,"ackSeq":3176,"simTick":4933},"timestamp":1782243098546}
{"sessionId":"3f83e2","runId":"post-fix7","hypothesisId":"H1","location":"Starship.NetworkMotor:ReconcileOwnerFromServer","message":"owner_reconcile","data":{"preSnapErr":1.1014,"replayCount":10,"preTick":4647,"postTick":4647,"serverTick":4637,"ackSeq":3178,"simTick":4935},"timestamp":1782243098587}
{"sessionId":"3f83e2","runId":"post-fix7","hypothesisId":"H1","location":"Starship.NetworkMotor:ReconcileOwnerFromServer","message":"owner_reconcile","data":{"preSnapErr":1.1105,"replayCount":10,"preTick":4648,"postTick":4648,"serverTick":4638,"ackSeq":3179,"simTick":4936},"timestamp":1782243098607}
{"sessionId":"3f83e2","runId":"post-fix7","hypothesisId":"H1","location":"Starship.NetworkMotor:ReconcileOwnerFromServer","message":"owner_reconcile","data":{"preSnapErr":1.1514,"replayCount":10,"preTick":4650,"postTick":4650,"serverTick":4640,"ackSeq":3181,"simTick":4938},"timestamp":1782243098647}
{"sessionId":"3f83e2","runId":"post-fix7","hypothesisId":"H1","location":"Starship.NetworkMotor:ReconcileOwnerFromServer","message":"owner_reconcile","data":{"preSnapErr":1.2206,"replayCount":10,"preTick":4652,"postTick":4652,"serverTick":4642,"ackSeq":3183,"simTick":4940},"timestamp":1782243098690}
{"sessionId":"3f83e2","runId":"post-fix7","hypothesisId":"H1","location":"Starship.NetworkMotor:ReconcileOwnerFromServer","message":"owner_reconcile","data":{"preSnapErr":1.3159,"replayCount":10,"preTick":4654,"postTick":4654,"serverTick":4644,"ackSeq":3185,"simTick":4942},"timestamp":1782243098732}
{"sessionId":"3f83e2","runId":"post-fix7","hypothesisId":"H3","location":"Starship.NetworkMotor:ApplyRemoteMotorSnapshotVisuals","message":"remote_display","data":{"renderTickF":4643.871,"latestTick":4644,"simTick":4943,"bufCount":48,"extrapolating":0,"frameDelta":0.0008,"speed":F3},"timestamp":1782243098740}
{"sessionId":"3f83e2","runId":"post-fix7","hypothesisId":"H1","location":"Starship.NetworkMotor:ReconcileOwnerFromServer","message":"owner_reconcile","data":{"preSnapErr":1.3718,"replayCount":10,"preTick":4655,"postTick":4655,"serverTick":4645,"ackSeq":3186,"simTick":4943},"timestamp":1782243098758}
{"sessionId":"3f83e2","runId":"post-fix7","hypothesisId":"H5","location":"Starship.NetworkMotor:ApplyOwnerPredictedMotorVisuals","message":"owner_display","data":{"alpha":0.263,"renderSpan":0.1892,"frameDelta":1.8385,"speed":F3},"timestamp":1782243098788}
{"sessionId":"3f83e2","runId":"post-fix7","hypothesisId":"H1","location":"Starship.NetworkMotor:ReconcileOwnerFromServer","message":"owner_reconcile","data":{"preSnapErr":1.6806,"replayCount":11,"preTick":4658,"postTick":4658,"serverTick":4647,"ackSeq":3188,"simTick":4946},"timestamp":1782243098801}
{"sessionId":"3f83e2","runId":"post-fix7","hypothesisId":"H2","location":"Starship.NetworkMotor:ClientPredictMotorFixedStep","message":"owner_predict","data":{"tick":4659,"simTick":4946,"serverClock":4949,"tickLead":-287,"speed":9.867,"thrust":1},"timestamp":1782243098803}
{"sessionId":"3f83e2","runId":"post-fix7","hypothesisId":"H1","location":"Starship.NetworkMotor:ReconcileOwnerFromServer","message":"owner_reconcile","data":{"preSnapErr":1.7563,"replayCount":11,"preTick":4659,"postTick":4659,"serverTick":4648,"ackSeq":3189,"simTick":4947},"timestamp":1782243098825}
{"sessionId":"3f83e2","runId":"post-fix7","hypothesisId":"H1","location":"Starship.NetworkMotor:ReconcileOwnerFromServer","message":"owner_reconcile","data":{"preSnapErr":1.7053,"replayCount":10,"preTick":4660,"postTick":4660,"serverTick":4650,"ackSeq":3191,"simTick":4948},"timestamp":1782243098845}
{"sessionId":"3f83e2","runId":"post-fix7","hypothesisId":"H1","location":"Starship.NetworkMotor:ReconcileOwnerFromServer","message":"owner_reconcile","data":{"preSnapErr":1.8618,"replayCount":10,"preTick":4662,"postTick":4662,"serverTick":4652,"ackSeq":3193,"simTick":4950},"timestamp":1782243098889}
{"sessionId":"3f83e2","runId":"post-fix7","hypothesisId":"H1","location":"Starship.NetworkMotor:ReconcileOwnerFromServer","message":"owner_reconcile","data":{"preSnapErr":2.0309,"replayCount":10,"preTick":4664,"postTick":4664,"serverTick":4654,"ackSeq":3195,"simTick":4952},"timestamp":1782243098929}
{"sessionId":"3f83e2","runId":"post-fix7","hypothesisId":"H1","location":"Starship.NetworkMotor:ReconcileOwnerFromServer","message":"owner_reconcile","data":{"preSnapErr":2.1087,"replayCount":10,"preTick":4665,"postTick":4665,"serverTick":4655,"ackSeq":3196,"simTick":4953},"timestamp":1782243098949}
{"sessionId":"3f83e2","runId":"post-fix7","hypothesisId":"H1","location":"Starship.NetworkMotor:ReconcileOwnerFromServer","message":"owner_reconcile","data":{"preSnapErr":2.2407,"replayCount":10,"preTick":4667,"postTick":4667,"serverTick":4657,"ackSeq":3198,"simTick":4955},"timestamp":1782243098991}
{"sessionId":"3f83e2","runId":"post-fix7","hypothesisId":"H3","location":"Starship.NetworkMotor:ApplyRemoteMotorSnapshotVisuals","message":"remote_display","data":{"renderTickF":4656.820,"latestTick":4657,"simTick":4956,"bufCount":48,"extrapolating":0,"frameDelta":0.0008,"speed":F3},"timestamp":1782243099000}
{"sessionId":"3f83e2","runId":"post-fix7","hypothesisId":"H1","location":"Starship.NetworkMotor:ReconcileOwnerFromServer","message":"owner_reconcile","data":{"preSnapErr":2.2943,"replayCount":10,"preTick":4668,"postTick":4668,"serverTick":4658,"ackSeq":3199,"simTick":4956},"timestamp":1782243099013}
{"sessionId":"3f83e2","runId":"post-fix7","hypothesisId":"H5","location":"Starship.NetworkMotor:ApplyOwnerPredictedMotorVisuals","message":"owner_display","data":{"alpha":0.964,"renderSpan":0.2422,"frameDelta":2.9096,"speed":F3},"timestamp":1782243099042}
{"sessionId":"3f83e2","runId":"post-fix7","hypothesisId":"H1","location":"Starship.NetworkMotor:ReconcileOwnerFromServer","message":"owner_reconcile","data":{"preSnapErr":2.3749,"replayCount":10,"preTick":4670,"postTick":4670,"serverTick":4660,"ackSeq":3201,"simTick":4958},"timestamp":1782243099056}
{"sessionId":"3f83e2","runId":"post-fix7","hypothesisId":"H1","location":"Starship.NetworkMotor:ReconcileOwnerFromServer","message":"owner_reconcile","data":{"preSnapErr":2.6585,"replayCount":11,"preTick":4673,"postTick":4673,"serverTick":4662,"ackSeq":3203,"simTick":4961},"timestamp":1782243099097}
{"sessionId":"3f83e2","runId":"post-fix7","hypothesisId":"H1","location":"Starship.NetworkMotor:ReconcileOwnerFromServer","message":"owner_reconcile","data":{"preSnapErr":2.4212,"replayCount":10,"preTick":4674,"postTick":4674,"serverTick":4664,"ackSeq":3205,"simTick":4962},"timestamp":1782243099119}
{"sessionId":"3f83e2","runId":"post-fix7","hypothesisId":"H1","location":"Starship.NetworkMotor:ReconcileOwnerFromServer","message":"owner_reconcile","data":{"preSnapErr":2.4150,"replayCount":10,"preTick":4676,"postTick":4676,"serverTick":4666,"ackSeq":3207,"simTick":4964},"timestamp":1782243099158}
{"sessionId":"3f83e2","runId":"post-fix7","hypothesisId":"H1","location":"Starship.NetworkMotor:ReconcileOwnerFromServer","message":"owner_reconcile","data":{"preSnapErr":2.4121,"replayCount":10,"preTick":4677,"postTick":4677,"serverTick":4667,"ackSeq":3208,"simTick":4965},"timestamp":1782243099183}
{"sessionId":"3f83e2","runId":"post-fix7","hypothesisId":"H1","location":"Starship.NetworkMotor:ReconcileOwnerFromServer","message":"owner_reconcile","data":{"preSnapErr":2.6472,"replayCount":11,"preTick":4679,"postTick":4679,"serverTick":4668,"ackSeq":3209,"simTick":4967},"timestamp":1782243099226}
{"sessionId":"3f83e2","runId":"post-fix7","hypothesisId":"H1","location":"Starship.NetworkMotor:ReconcileOwnerFromServer","message":"owner_reconcile","data":{"preSnapErr":2.4036,"replayCount":10,"preTick":4680,"postTick":4680,"serverTick":4670,"ackSeq":3211,"simTick":4968},"timestamp":1782243099247}
{"sessionId":"3f83e2","runId":"post-fix7","hypothesisId":"H3","location":"Starship.NetworkMotor:ApplyRemoteMotorSnapshotVisuals","message":"remote_display","data":{"renderTickF":4669.627,"latestTick":4670,"simTick":4969,"bufCount":48,"extrapolating":0,"frameDelta":0.0008,"speed":F3},"timestamp":1782243099256}
{"sessionId":"3f83e2","runId":"post-fix7","hypothesisId":"H1","location":"Starship.NetworkMotor:ReconcileOwnerFromServer","message":"owner_reconcile","data":{"preSnapErr":2.3987,"replayCount":10,"preTick":4682,"postTick":4682,"serverTick":4672,"ackSeq":3213,"simTick":4970},"timestamp":1782243099289}
{"sessionId":"3f83e2","runId":"post-fix7","hypothesisId":"H5","location":"Starship.NetworkMotor:ApplyOwnerPredictedMotorVisuals","message":"owner_display","data":{"alpha":0.732,"renderSpan":0.2345,"frameDelta":3.0541,"speed":F3},"timestamp":1782243099298}
{"sessionId":"3f83e2","runId":"post-fix7","hypothesisId":"H2","location":"Starship.NetworkMotor:ClientPredictMotorFixedStep","message":"owner_predict","data":{"tick":4684,"simTick":4971,"serverClock":4974,"tickLead":-287,"speed":11.582,"thrust":0},"timestamp":1782243099311}
{"sessionId":"3f83e2","runId":"post-fix7","hypothesisId":"H1","location":"Starship.NetworkMotor:ReconcileOwnerFromServer","message":"owner_reconcile","data":{"preSnapErr":2.3826,"replayCount":10,"preTick":4684,"postTick":4684,"serverTick":4674,"ackSeq":3215,"simTick":4972},"timestamp":1782243099332}
{"sessionId":"3f83e2","runId":"post-fix7","hypothesisId":"H1","location":"Starship.NetworkMotor:ReconcileOwnerFromServer","message":"owner_reconcile","data":{"preSnapErr":2.3719,"replayCount":10,"preTick":4685,"postTick":4685,"serverTick":4675,"ackSeq":3216,"simTick":4973},"timestamp":1782243099353}
{"sessionId":"3f83e2","runId":"post-fix7","hypothesisId":"H1","location":"Starship.NetworkMotor:ReconcileOwnerFromServer","message":"owner_reconcile","data":{"preSnapErr":2.1189,"replayCount":9,"preTick":4686,"postTick":4686,"serverTick":4677,"ackSeq":3218,"simTick":4974},"timestamp":1782243099377}
{"sessionId":"3f83e2","runId":"post-fix7","hypothesisId":"H1","location":"Starship.NetworkMotor:ReconcileOwnerFromServer","message":"owner_reconcile","data":{"preSnapErr":2.3002,"replayCount":10,"preTick":4689,"postTick":4689,"serverTick":4679,"ackSeq":3220,"simTick":4977},"timestamp":1782243099427}
{"sessionId":"3f83e2","runId":"post-fix7","hypothesisId":"H1","location":"Starship.NetworkMotor:ReconcileOwnerFromServer","message":"owner_reconcile","data":{"preSnapErr":2.2748,"replayCount":10,"preTick":4690,"postTick":4690,"serverTick":4680,"ackSeq":3221,"simTick":4978},"timestamp":1782243099447}
{"sessionId":"3f83e2","runId":"post-fix7","hypothesisId":"H1","location":"Starship.NetworkMotor:ReconcileOwnerFromServer","message":"owner_reconcile","data":{"preSnapErr":2.2185,"replayCount":10,"preTick":4692,"postTick":4692,"serverTick":4682,"ackSeq":3223,"simTick":4980},"timestamp":1782243099486}
{"sessionId":"3f83e2","runId":"post-fix7","hypothesisId":"H1","location":"Starship.NetworkMotor:ReconcileOwnerFromServer","message":"owner_reconcile","data":{"preSnapErr":2.1905,"replayCount":10,"preTick":4693,"postTick":4693,"serverTick":4683,"ackSeq":3224,"simTick":4981},"timestamp":1782243099507}
{"sessionId":"3f83e2","runId":"post-fix7","hypothesisId":"H3","location":"Starship.NetworkMotor:ApplyRemoteMotorSnapshotVisuals","message":"remote_display","data":{"renderTickF":4682.574,"latestTick":4683,"simTick":4982,"bufCount":48,"extrapolating":0,"frameDelta":0.0008,"speed":F3},"timestamp":1782243099514}
{"sessionId":"3f83e2","runId":"post-fix7","hypothesisId":"H1","location":"Starship.NetworkMotor:ReconcileOwnerFromServer","message":"owner_reconcile","data":{"preSnapErr":2.1345,"replayCount":10,"preTick":4695,"postTick":4695,"serverTick":4685,"ackSeq":3226,"simTick":4983},"timestamp":1782243099548}
{"sessionId":"3f83e2","runId":"post-fix7","hypothesisId":"H5","location":"Starship.NetworkMotor:ApplyOwnerPredictedMotorVisuals","message":"owner_display","data":{"alpha":0.666,"renderSpan":0.1981,"frameDelta":2.7898,"speed":F3},"timestamp":1782243099557}
{"sessionId":"3f83e2","runId":"post-fix7","hypothesisId":"H1","location":"Starship.NetworkMotor:ReconcileOwnerFromServer","message":"owner_reconcile","data":{"preSnapErr":2.0785,"replayCount":10,"preTick":4697,"postTick":4697,"serverTick":4687,"ackSeq":3228,"simTick":4985},"timestamp":1782243099591}
{"sessionId":"3f83e2","runId":"post-fix7","hypothesisId":"H1","location":"Starship.NetworkMotor:ReconcileOwnerFromServer","message":"owner_reconcile","data":{"preSnapErr":2.2093,"replayCount":11,"preTick":4700,"postTick":4700,"serverTick":4689,"ackSeq":3230,"simTick":4988},"timestamp":1782243099635}
{"sessionId":"3f83e2","runId":"post-fix7","hypothesisId":"H1","location":"Starship.NetworkMotor:ReconcileOwnerFromServer","message":"owner_reconcile","data":{"preSnapErr":2.1785,"replayCount":11,"preTick":4701,"postTick":4701,"serverTick":4690,"ackSeq":3231,"simTick":4989},"timestamp":1782243099657}
{"sessionId":"3f83e2","runId":"post-fix7","hypothesisId":"H1","location":"Starship.NetworkMotor:ReconcileOwnerFromServer","message":"owner_reconcile","data":{"preSnapErr":2.1169,"replayCount":11,"preTick":4703,"postTick":4703,"serverTick":4692,"ackSeq":3233,"simTick":4991},"timestamp":1782243099698}
{"sessionId":"3f83e2","runId":"post-fix7","hypothesisId":"H1","location":"Starship.NetworkMotor:ReconcileOwnerFromServer","message":"owner_reconcile","data":{"preSnapErr":2.0861,"replayCount":11,"preTick":4704,"postTick":4704,"serverTick":4693,"ackSeq":3234,"simTick":4992},"timestamp":1782243099719}
{"sessionId":"3f83e2","runId":"post-fix7","hypothesisId":"H1","location":"Starship.NetworkMotor:ReconcileOwnerFromServer","message":"owner_reconcile","data":{"preSnapErr":2.0245,"replayCount":11,"preTick":4706,"postTick":4706,"serverTick":4695,"ackSeq":3236,"simTick":4994},"timestamp":1782243099760}
{"sessionId":"3f83e2","runId":"post-fix7","hypothesisId":"H3","location":"Starship.NetworkMotor:ApplyRemoteMotorSnapshotVisuals","message":"remote_display","data":{"renderTickF":4694.273,"latestTick":4695,"simTick":4995,"bufCount":48,"extrapolating":0,"frameDelta":0.0008,"speed":F3},"timestamp":1782243099769}
{"sessionId":"3f83e2","runId":"post-fix7","hypothesisId":"H1","location":"Starship.NetworkMotor:ReconcileOwnerFromServer","message":"owner_reconcile","data":{"preSnapErr":1.7985,"replayCount":10,"preTick":4707,"postTick":4707,"serverTick":4697,"ackSeq":3238,"simTick":4995},"timestamp":1782243099785}
{"sessionId":"3f83e2","runId":"post-fix7","hypothesisId":"H2","location":"Starship.NetworkMotor:ClientPredictMotorFixedStep","message":"owner_predict","data":{"tick":4709,"simTick":4996,"serverClock":4999,"tickLead":-287,"speed":8.082,"thrust":0},"timestamp":1782243099808}
{"sessionId":"3f83e2","runId":"post-fix7","hypothesisId":"H5","location":"Starship.NetworkMotor:ApplyOwnerPredictedMotorVisuals","message":"owner_display","data":{"alpha":0.645,"renderSpan":0.1617,"frameDelta":2.3286,"speed":F3},"timestamp":1782243099817}
{"sessionId":"3f83e2","runId":"post-fix7","hypothesisId":"H1","location":"Starship.NetworkMotor:ReconcileOwnerFromServer","message":"owner_reconcile","data":{"preSnapErr":1.7425,"replayCount":10,"preTick":4709,"postTick":4709,"serverTick":4699,"ackSeq":3240,"simTick":4997},"timestamp":1782243099834}
{"sessionId":"3f83e2","runId":"post-fix7","hypothesisId":"H1","location":"Starship.NetworkMotor:ReconcileOwnerFromServer","message":"owner_reconcile","data":{"preSnapErr":1.8705,"replayCount":11,"preTick":4711,"postTick":4711,"serverTick":4700,"ackSeq":3241,"simTick":4999},"timestamp":1782243099860}
{"sessionId":"3f83e2","runId":"post-fix7","hypothesisId":"H1","location":"Starship.NetworkMotor:ReconcileOwnerFromServer","message":"owner_reconcile","data":{"preSnapErr":1.6585,"replayCount":10,"preTick":4712,"postTick":4712,"serverTick":4702,"ackSeq":3243,"simTick":5000},"timestamp":1782243099881}
{"sessionId":"3f83e2","runId":"post-fix7","hypothesisId":"H1","location":"Starship.NetworkMotor:ReconcileOwnerFromServer","message":"owner_reconcile","data":{"preSnapErr":1.6025,"replayCount":10,"preTick":4714,"postTick":4714,"serverTick":4704,"ackSeq":3245,"simTick":5002},"timestamp":1782243099921}
{"sessionId":"3f83e2","runId":"post-fix7","hypothesisId":"H1","location":"Starship.NetworkMotor:ReconcileOwnerFromServer","message":"owner_reconcile","data":{"preSnapErr":1.5745,"replayCount":10,"preTick":4715,"postTick":4715,"serverTick":4705,"ackSeq":3246,"simTick":5003},"timestamp":1782243099943}
{"sessionId":"3f83e2","runId":"post-fix7","hypothesisId":"H1","location":"Starship.NetworkMotor:ReconcileOwnerFromServer","message":"owner_reconcile","data":{"preSnapErr":1.5185,"replayCount":10,"preTick":4717,"postTick":4717,"serverTick":4707,"ackSeq":3248,"simTick":5005},"timestamp":1782243099992}
{"sessionId":"3f83e2","runId":"post-fix7","hypothesisId":"H1","location":"Starship.NetworkMotor:ReconcileOwnerFromServer","message":"owner_reconcile","data":{"preSnapErr":1.3288,"replayCount":9,"preTick":4718,"postTick":4718,"serverTick":4709,"ackSeq":3250,"simTick":5006},"timestamp":1782243100017}
{"sessionId":"3f83e2","runId":"post-fix7","hypothesisId":"H3","location":"Starship.NetworkMotor:ApplyRemoteMotorSnapshotVisuals","message":"remote_display","data":{"renderTickF":4708.340,"latestTick":4709,"simTick":5009,"bufCount":48,"extrapolating":0,"frameDelta":0.0009,"speed":F3},"timestamp":1782243100049}
{"sessionId":"3f83e2","runId":"post-fix7","hypothesisId":"H1","location":"Starship.NetworkMotor:ReconcileOwnerFromServer","message":"owner_reconcile","data":{"preSnapErr":1.5625,"replayCount":11,"preTick":4721,"postTick":4721,"serverTick":4710,"ackSeq":3251,"simTick":5009},"timestamp":1782243100061}
{"sessionId":"3f83e2","runId":"post-fix7","hypothesisId":"H5","location":"Starship.NetworkMotor:ApplyOwnerPredictedMotorVisuals","message":"owner_display","data":{"alpha":0.270,"renderSpan":0.1224,"frameDelta":1.9371,"speed":F3},"timestamp":1782243100088}
{"sessionId":"3f83e2","runId":"post-fix7","hypothesisId":"H1","location":"Starship.NetworkMotor:ReconcileOwnerFromServer","message":"owner_reconcile","data":{"preSnapErr":1.5009,"replayCount":11,"preTick":4723,"postTick":4723,"serverTick":4712,"ackSeq":3253,"simTick":5011},"timestamp":1782243100101}
{"sessionId":"3f83e2","runId":"post-fix7","hypothesisId":"H1","location":"Starship.NetworkMotor:ReconcileOwnerFromServer","message":"owner_reconcile","data":{"preSnapErr":1.4701,"replayCount":11,"preTick":4724,"postTick":4724,"serverTick":4713,"ackSeq":3254,"simTick":5012},"timestamp":1782243100121}
{"sessionId":"3f83e2","runId":"post-fix7","hypothesisId":"H1","location":"Starship.NetworkMotor:ReconcileOwnerFromServer","message":"owner_reconcile","data":{"preSnapErr":1.5198,"replayCount":12,"preTick":4727,"postTick":4727,"serverTick":4715,"ackSeq":3256,"simTick":5015},"timestamp":1782243100182}
{"sessionId":"3f83e2","runId":"post-fix7","hypothesisId":"H1","location":"Starship.NetworkMotor:ReconcileOwnerFromServer","message":"owner_reconcile","data":{"preSnapErr":1.3469,"replayCount":11,"preTick":4728,"postTick":4728,"serverTick":4717,"ackSeq":3258,"simTick":5016},"timestamp":1782243100201}
{"sessionId":"3f83e2","runId":"post-fix7","hypothesisId":"H1","location":"Starship.NetworkMotor:ReconcileOwnerFromServer","message":"owner_reconcile","data":{"preSnapErr":1.1825,"replayCount":10,"preTick":4729,"postTick":4729,"serverTick":4719,"ackSeq":3260,"simTick":5017},"timestamp":1782243100222}
{"sessionId":"3f83e2","runId":"post-fix7","hypothesisId":"H1","location":"Starship.NetworkMotor:ReconcileOwnerFromServer","message":"owner_reconcile","data":{"preSnapErr":1.1545,"replayCount":10,"preTick":4730,"postTick":4730,"serverTick":4720,"ackSeq":3261,"simTick":5018},"timestamp":1782243100248}
{"sessionId":"3f83e2","runId":"post-fix7","hypothesisId":"H1","location":"Starship.NetworkMotor:ReconcileOwnerFromServer","message":"owner_reconcile","data":{"preSnapErr":1.0985,"replayCount":10,"preTick":4732,"postTick":4732,"serverTick":4722,"ackSeq":3263,"simTick":5020},"timestamp":1782243100287}
{"sessionId":"3f83e2","runId":"post-fix7","hypothesisId":"H3","location":"Starship.NetworkMotor:ApplyRemoteMotorSnapshotVisuals","message":"remote_display","data":{"renderTickF":4721.608,"latestTick":4722,"simTick":5021,"bufCount":48,"extrapolating":0,"frameDelta":0.0009,"speed":F3},"timestamp":1782243100294}
{"sessionId":"3f83e2","runId":"post-fix7","hypothesisId":"H2","location":"Starship.NetworkMotor:ClientPredictMotorFixedStep","message":"owner_predict","data":{"tick":4734,"simTick":5021,"serverClock":5024,"tickLead":-287,"speed":4.582,"thrust":0},"timestamp":1782243100309}
{"sessionId":"3f83e2","runId":"post-fix7","hypothesisId":"H1","location":"Starship.NetworkMotor:ReconcileOwnerFromServer","message":"owner_reconcile","data":{"preSnapErr":1.0425,"replayCount":10,"preTick":4734,"postTick":4734,"serverTick":4724,"ackSeq":3265,"simTick":5022},"timestamp":1782243100332}
{"sessionId":"3f83e2","runId":"post-fix7","hypothesisId":"H5","location":"Starship.NetworkMotor:ApplyOwnerPredictedMotorVisuals","message":"owner_display","data":{"alpha":0.822,"renderSpan":0.0888,"frameDelta":1.3245,"speed":F3},"timestamp":1782243100339}
{"sessionId":"3f83e2","runId":"post-fix7","hypothesisId":"H1","location":"Starship.NetworkMotor:ReconcileOwnerFromServer","message":"owner_reconcile","data":{"preSnapErr":1.0145,"replayCount":10,"preTick":4735,"postTick":4735,"serverTick":4725,"ackSeq":3266,"simTick":5023},"timestamp":1782243100351}
{"sessionId":"3f83e2","runId":"post-fix7","hypothesisId":"H1","location":"Starship.NetworkMotor:ReconcileOwnerFromServer","message":"owner_reconcile","data":{"preSnapErr":0.9585,"replayCount":10,"preTick":4737,"postTick":4737,"serverTick":4727,"ackSeq":3268,"simTick":5025},"timestamp":1782243100394}
{"sessionId":"3f83e2","runId":"post-fix7","hypothesisId":"H1","location":"Starship.NetworkMotor:ReconcileOwnerFromServer","message":"owner_reconcile","data":{"preSnapErr":0.9305,"replayCount":10,"preTick":4738,"postTick":4738,"serverTick":4728,"ackSeq":3269,"simTick":5026},"timestamp":1782243100414}
{"sessionId":"3f83e2","runId":"post-fix7","hypothesisId":"H1","location":"Starship.NetworkMotor:ReconcileOwnerFromServer","message":"owner_reconcile","data":{"preSnapErr":0.9465,"replayCount":11,"preTick":4741,"postTick":4741,"serverTick":4730,"ackSeq":3271,"simTick":5029},"timestamp":1782243100462}
{"sessionId":"3f83e2","runId":"post-fix7","hypothesisId":"H1","location":"Starship.NetworkMotor:ReconcileOwnerFromServer","message":"owner_reconcile","data":{"preSnapErr":0.8185,"replayCount":10,"preTick":4742,"postTick":4742,"serverTick":4732,"ackSeq":3273,"simTick":5030},"timestamp":1782243100484}
{"sessionId":"3f83e2","runId":"post-fix7","hypothesisId":"H1","location":"Starship.NetworkMotor:ReconcileOwnerFromServer","message":"owner_reconcile","data":{"preSnapErr":0.7625,"replayCount":10,"preTick":4744,"postTick":4744,"serverTick":4734,"ackSeq":3275,"simTick":5032},"timestamp":1782243100524}
{"sessionId":"3f83e2","runId":"post-fix7","hypothesisId":"H3","location":"Starship.NetworkMotor:ApplyRemoteMotorSnapshotVisuals","message":"remote_display","data":{"renderTickF":4733.412,"latestTick":4734,"simTick":5034,"bufCount":48,"extrapolating":0,"frameDelta":0.0008,"speed":F3},"timestamp":1782243100550}
{"sessionId":"3f83e2","runId":"post-fix7","hypothesisId":"H1","location":"Starship.NetworkMotor:ReconcileOwnerFromServer","message":"owner_reconcile","data":{"preSnapErr":0.7065,"replayCount":10,"preTick":4746,"postTick":4746,"serverTick":4736,"ackSeq":3277,"simTick":5034},"timestamp":1782243100562}
{"sessionId":"3f83e2","runId":"post-fix7","hypothesisId":"H1","location":"Starship.NetworkMotor:ReconcileOwnerFromServer","message":"owner_reconcile","data":{"preSnapErr":0.6785,"replayCount":10,"preTick":4747,"postTick":4747,"serverTick":4737,"ackSeq":3278,"simTick":5035},"timestamp":1782243100582}
{"sessionId":"3f83e2","runId":"post-fix7","hypothesisId":"H5","location":"Starship.NetworkMotor:ApplyOwnerPredictedMotorVisuals","message":"owner_display","data":{"alpha":0.358,"renderSpan":0.0524,"frameDelta":0.8824,"speed":F3},"timestamp":1782243100589}
{"sessionId":"3f83e2","runId":"post-fix7","hypothesisId":"H1","location":"Starship.NetworkMotor:ReconcileOwnerFromServer","message":"owner_reconcile","data":{"preSnapErr":0.7001,"replayCount":11,"preTick":4749,"postTick":4749,"serverTick":4738,"ackSeq":3279,"simTick":5037},"timestamp":1782243100623}
{"sessionId":"3f83e2","runId":"post-fix7","hypothesisId":"H1","location":"Starship.NetworkMotor:ReconcileOwnerFromServer","message":"owner_reconcile","data":{"preSnapErr":0.5945,"replayCount":10,"preTick":4750,"postTick":4750,"serverTick":4740,"ackSeq":3281,"simTick":5038},"timestamp":1782243100644}
{"sessionId":"3f83e2","runId":"post-fix7","hypothesisId":"H1","location":"Starship.NetworkMotor:ReconcileOwnerFromServer","message":"owner_reconcile","data":{"preSnapErr":0.5385,"replayCount":10,"preTick":4752,"postTick":4752,"serverTick":4742,"ackSeq":3283,"simTick":5040},"timestamp":1782243100689}
{"sessionId":"3f83e2","runId":"post-fix7","hypothesisId":"H1","location":"Starship.NetworkMotor:ReconcileOwnerFromServer","message":"owner_reconcile","data":{"preSnapErr":0.4469,"replayCount":9,"preTick":4753,"postTick":4753,"serverTick":4744,"ackSeq":3285,"simTick":5041},"timestamp":1782243100710}
{"sessionId":"3f83e2","runId":"post-fix7","hypothesisId":"H1","location":"Starship.NetworkMotor:ReconcileOwnerFromServer","message":"owner_reconcile","data":{"preSnapErr":0.4545,"replayCount":10,"preTick":4755,"postTick":4755,"serverTick":4745,"ackSeq":3286,"simTick":5043},"timestamp":1782243100749}
{"sessionId":"3f83e2","runId":"post-fix7","hypothesisId":"H1","location":"Starship.NetworkMotor:ReconcileOwnerFromServer","message":"owner_reconcile","data":{"preSnapErr":0.3985,"replayCount":10,"preTick":4757,"postTick":4757,"serverTick":4747,"ackSeq":3288,"simTick":5045},"timestamp":1782243100788}
{"sessionId":"3f83e2","runId":"post-fix7","hypothesisId":"H3","location":"Starship.NetworkMotor:ApplyRemoteMotorSnapshotVisuals","message":"remote_display","data":{"renderTickF":4746.691,"latestTick":4747,"simTick":5046,"bufCount":48,"extrapolating":0,"frameDelta":0.0009,"speed":F3},"timestamp":1782243100797}
{"sessionId":"3f83e2","runId":"post-fix7","hypothesisId":"H2","location":"Starship.NetworkMotor:ClientPredictMotorFixedStep","message":"owner_predict","data":{"tick":4759,"simTick":5046,"serverClock":5049,"tickLead":-287,"speed":1.082,"thrust":0},"timestamp":1782243100811}
{"sessionId":"3f83e2","runId":"post-fix7","hypothesisId":"H1","location":"Starship.NetworkMotor:ReconcileOwnerFromServer","message":"owner_reconcile","data":{"preSnapErr":0.3425,"replayCount":10,"preTick":4759,"postTick":4759,"serverTick":4749,"ackSeq":3290,"simTick":5047},"timestamp":1782243100832}
{"sessionId":"3f83e2","runId":"post-fix7","hypothesisId":"H5","location":"Starship.NetworkMotor:ApplyOwnerPredictedMotorVisuals","message":"owner_display","data":{"alpha":0.862,"renderSpan":0.0188,"frameDelta":0.4420,"speed":F3},"timestamp":1782243100841}
{"sessionId":"3f83e2","runId":"post-fix7","hypothesisId":"H1","location":"Starship.NetworkMotor:ReconcileOwnerFromServer","message":"owner_reconcile","data":{"preSnapErr":0.3145,"replayCount":10,"preTick":4760,"postTick":4760,"serverTick":4750,"ackSeq":3291,"simTick":5048},"timestamp":1782243100853}
{"sessionId":"3f83e2","runId":"post-fix7","hypothesisId":"H1","location":"Starship.NetworkMotor:ReconcileOwnerFromServer","message":"owner_reconcile","data":{"preSnapErr":0.2689,"replayCount":11,"preTick":4763,"postTick":4763,"serverTick":4752,"ackSeq":3293,"simTick":5051},"timestamp":1782243100903}
{"sessionId":"3f83e2","runId":"post-fix7","hypothesisId":"H1","location":"Starship.NetworkMotor:ReconcileOwnerFromServer","message":"owner_reconcile","data":{"preSnapErr":0.2025,"replayCount":10,"preTick":4764,"postTick":4764,"serverTick":4754,"ackSeq":3295,"simTick":5052},"timestamp":1782243100922}
{"sessionId":"3f83e2","runId":"post-fix7","hypothesisId":"H1","location":"Starship.NetworkMotor:ReconcileOwnerFromServer","message":"owner_reconcile","data":{"preSnapErr":0.1745,"replayCount":10,"preTick":4765,"postTick":4765,"serverTick":4755,"ackSeq":3296,"simTick":5053},"timestamp":1782243100945}
{"sessionId":"3f83e2","runId":"post-fix7","hypothesisId":"H1","location":"Starship.NetworkMotor:ReconcileOwnerFromServer","message":"owner_reconcile","data":{"preSnapErr":0.1465,"replayCount":10,"preTick":4766,"postTick":4766,"serverTick":4756,"ackSeq":3297,"simTick":5054},"timestamp":1782243100965}
{"sessionId":"3f83e2","runId":"post-fix7","hypothesisId":"H1","location":"Starship.NetworkMotor:ReconcileOwnerFromServer","message":"owner_reconcile","data":{"preSnapErr":0.0948,"replayCount":10,"preTick":4768,"postTick":4768,"serverTick":4758,"ackSeq":3299,"simTick":5056},"timestamp":1782243101007}
{"sessionId":"3f83e2","runId":"post-fix7","hypothesisId":"H1","location":"Starship.NetworkMotor:ReconcileOwnerFromServer","message":"owner_reconcile","data":{"preSnapErr":0.0543,"replayCount":10,"preTick":4770,"postTick":4770,"serverTick":4760,"ackSeq":3301,"simTick":5058},"timestamp":1782243101051}
{"sessionId":"3f83e2","runId":"post-fix7","hypothesisId":"H3","location":"Starship.NetworkMotor:ApplyRemoteMotorSnapshotVisuals","message":"remote_display","data":{"renderTickF":4759.776,"latestTick":4760,"simTick":5059,"bufCount":48,"extrapolating":0,"frameDelta":0.0008,"speed":F3},"timestamp":1782243101062}
{"sessionId":"3f83e2","runId":"post-fix7","hypothesisId":"H1","location":"Starship.NetworkMotor:ReconcileOwnerFromServer","message":"owner_reconcile","data":{"preSnapErr":0.0250,"replayCount":9,"preTick":4771,"postTick":4771,"serverTick":4762,"ackSeq":3303,"simTick":5059},"timestamp":1782243101079}
{"sessionId":"3f83e2","runId":"post-fix7","hypothesisId":"H1","location":"Starship.NetworkMotor:ReconcileOwnerFromServer","message":"owner_reconcile","data":{"preSnapErr":0.0146,"replayCount":10,"preTick":4773,"postTick":4773,"serverTick":4763,"ackSeq":3304,"simTick":5061},"timestamp":1782243101111}
{"sessionId":"3f83e2","runId":"post-fix7","hypothesisId":"H5","location":"Starship.NetworkMotor:ApplyOwnerPredictedMotorVisuals","message":"owner_display","data":{"alpha":0.766,"renderSpan":0.0000,"frameDelta":0.0569,"speed":F3},"timestamp":1782243101121}
{"sessionId":"3f83e2","runId":"post-fix7","hypothesisId":"H1","location":"Starship.NetworkMotor:ReconcileOwnerFromServer","message":"owner_reconcile","data":{"preSnapErr":0.0021,"replayCount":11,"preTick":4776,"postTick":4776,"serverTick":4765,"ackSeq":3306,"simTick":5064},"timestamp":1782243101162}
{"sessionId":"3f83e2","runId":"post-fix7","hypothesisId":"H1","location":"Starship.NetworkMotor:ReconcileOwnerFromServer","message":"owner_reconcile","data":{"preSnapErr":0.0000,"replayCount":10,"preTick":4777,"postTick":4777,"serverTick":4767,"ackSeq":3308,"simTick":5065},"timestamp":1782243101190}
{"sessionId":"3f83e2","runId":"post-fix7","hypothesisId":"H1","location":"Starship.NetworkMotor:ReconcileOwnerFromServer","message":"owner_reconcile","data":{"preSnapErr":0.0000,"replayCount":10,"preTick":4778,"postTick":4778,"serverTick":4768,"ackSeq":3309,"simTick":5066},"timestamp":1782243101213}
{"sessionId":"3f83e2","runId":"post-fix7","hypothesisId":"H1","location":"Starship.NetworkMotor:ReconcileOwnerFromServer","message":"owner_reconcile","data":{"preSnapErr":0.0000,"replayCount":10,"preTick":4780,"postTick":4780,"serverTick":4770,"ackSeq":3311,"simTick":5068},"timestamp":1782243101255}
{"sessionId":"3f83e2","runId":"post-fix7","hypothesisId":"H1","location":"Starship.NetworkMotor:ReconcileOwnerFromServer","message":"owner_reconcile","data":{"preSnapErr":0.0000,"replayCount":10,"preTick":4782,"postTick":4782,"serverTick":4772,"ackSeq":3313,"simTick":5070},"timestamp":1782243101278}
{"sessionId":"3f83e2","runId":"post-fix7","hypothesisId":"H1","location":"Starship.NetworkMotor:ReconcileOwnerFromServer","message":"owner_reconcile","data":{"preSnapErr":0.0000,"replayCount":10,"preTick":4783,"postTick":4783,"serverTick":4773,"ackSeq":3314,"simTick":5071},"timestamp":1782243101301}
{"sessionId":"3f83e2","runId":"post-fix7","hypothesisId":"H2","location":"Starship.NetworkMotor:ClientPredictMotorFixedStep","message":"owner_predict","data":{"tick":4784,"simTick":5071,"serverClock":5074,"tickLead":-287,"speed":0.000,"thrust":0},"timestamp":1782243101301}
{"sessionId":"3f83e2","runId":"post-fix7","hypothesisId":"H1","location":"Starship.NetworkMotor:ReconcileOwnerFromServer","message":"owner_reconcile","data":{"preSnapErr":0.0000,"replayCount":10,"preTick":4785,"postTick":4785,"serverTick":4775,"ackSeq":3316,"simTick":5073},"timestamp":1782243101355}
{"sessionId":"3f83e2","runId":"post-fix7","hypothesisId":"H3","location":"Starship.NetworkMotor:ApplyRemoteMotorSnapshotVisuals","message":"remote_display","data":{"renderTickF":4774.010,"latestTick":4775,"simTick":5074,"bufCount":48,"extrapolating":0,"frameDelta":0.0009,"speed":F3},"timestamp":1782243101366}
{"sessionId":"3f83e2","runId":"post-fix7","hypothesisId":"H1","location":"Starship.NetworkMotor:ReconcileOwnerFromServer","message":"owner_reconcile","data":{"preSnapErr":0.0000,"replayCount":10,"preTick":4787,"postTick":4787,"serverTick":4777,"ackSeq":3318,"simTick":5075},"timestamp":1782243101384}
{"sessionId":"3f83e2","runId":"post-fix7","hypothesisId":"H1","location":"Starship.NetworkMotor:ReconcileOwnerFromServer","message":"owner_reconcile","data":{"preSnapErr":0.0000,"replayCount":10,"preTick":4788,"postTick":4788,"serverTick":4778,"ackSeq":3319,"simTick":5076},"timestamp":1782243101406}
{"sessionId":"3f83e2","runId":"post-fix7","hypothesisId":"H5","location":"Starship.NetworkMotor:ApplyOwnerPredictedMotorVisuals","message":"owner_display","data":{"alpha":0.524,"renderSpan":0.0000,"frameDelta":0.0000,"speed":F3},"timestamp":1782243101413}
{"sessionId":"3f83e2","runId":"post-fix7","hypothesisId":"H1","location":"Starship.NetworkMotor:ReconcileOwnerFromServer","message":"owner_reconcile","data":{"preSnapErr":0.0000,"replayCount":9,"preTick":4791,"postTick":4791,"serverTick":4782,"ackSeq":3323,"simTick":5079},"timestamp":1782243101476}
{"sessionId":"3f83e2","runId":"post-fix7","hypothesisId":"H1","location":"Starship.NetworkMotor:ReconcileOwnerFromServer","message":"owner_reconcile","data":{"preSnapErr":0.0000,"replayCount":10,"preTick":4793,"postTick":4793,"serverTick":4783,"ackSeq":3324,"simTick":5081},"timestamp":1782243101507}
{"sessionId":"3f83e2","runId":"post-fix7","hypothesisId":"H1","location":"Starship.NetworkMotor:ReconcileOwnerFromServer","message":"owner_reconcile","data":{"preSnapErr":0.0000,"replayCount":9,"preTick":4794,"postTick":4794,"serverTick":4785,"ackSeq":3326,"simTick":5082},"timestamp":1782243101559}
{"sessionId":"3f83e2","runId":"post-fix7","hypothesisId":"H1","location":"Starship.NetworkMotor:ReconcileOwnerFromServer","message":"owner_reconcile","data":{"preSnapErr":0.0000,"replayCount":10,"preTick":4797,"postTick":4797,"serverTick":4787,"ackSeq":3328,"simTick":5085},"timestamp":1782243101598}
{"sessionId":"3f83e2","runId":"post-fix7","hypothesisId":"H1","location":"Starship.NetworkMotor:ReconcileOwnerFromServer","message":"owner_reconcile","data":{"preSnapErr":0.0000,"replayCount":10,"preTick":4799,"postTick":4799,"serverTick":4789,"ackSeq":3330,"simTick":5087},"timestamp":1782243101634}
{"sessionId":"3f83e2","runId":"post-fix7","hypothesisId":"H1","location":"Starship.NetworkMotor:ReconcileOwnerFromServer","message":"owner_reconcile","data":{"preSnapErr":0.0000,"replayCount":10,"preTick":4800,"postTick":4800,"serverTick":4790,"ackSeq":3331,"simTick":5088},"timestamp":1782243101669}
{"sessionId":"3f83e2","runId":"post-fix7","hypothesisId":"H1","location":"Starship.NetworkMotor:ReconcileOwnerFromServer","message":"owner_reconcile","data":{"preSnapErr":0.0000,"replayCount":10,"preTick":4802,"postTick":4802,"serverTick":4792,"ackSeq":3333,"simTick":5090},"timestamp":1782243101703}
{"sessionId":"3f83e2","runId":"post-fix7","hypothesisId":"H1","location":"Starship.NetworkMotor:ReconcileOwnerFromServer","message":"owner_reconcile","data":{"preSnapErr":0.0000,"replayCount":10,"preTick":4804,"postTick":4804,"serverTick":4794,"ackSeq":3335,"simTick":5092},"timestamp":1782243101739}
{"sessionId":"3f83e2","runId":"post-fix7","hypothesisId":"H1","location":"Starship.NetworkMotor:ReconcileOwnerFromServer","message":"owner_reconcile","data":{"preSnapErr":0.0000,"replayCount":11,"preTick":4806,"postTick":4806,"serverTick":4795,"ackSeq":3336,"simTick":5094},"timestamp":1782243101775}
{"sessionId":"3f83e2","runId":"post-fix7","hypothesisId":"H3","location":"Starship.NetworkMotor:ApplyRemoteMotorSnapshotVisuals","message":"remote_display","data":{"renderTickF":4794.973,"latestTick":4795,"simTick":5095,"bufCount":48,"extrapolating":0,"frameDelta":0.0014,"speed":F3},"timestamp":1782243101785}
{"sessionId":"3f83e2","runId":"post-fix7","hypothesisId":"H1","location":"Starship.NetworkMotor:ReconcileOwnerFromServer","message":"owner_reconcile","data":{"preSnapErr":0.0000,"replayCount":10,"preTick":4807,"postTick":4807,"serverTick":4797,"ackSeq":3338,"simTick":5095},"timestamp":1782243101800}
{"sessionId":"3f83e2","runId":"post-fix7","hypothesisId":"H2","location":"Starship.NetworkMotor:ClientPredictMotorFixedStep","message":"owner_predict","data":{"tick":4809,"simTick":5096,"serverClock":5099,"tickLead":-287,"speed":0.000,"thrust":0},"timestamp":1782243101807}
{"sessionId":"3f83e2","runId":"post-fix7","hypothesisId":"H1","location":"Starship.NetworkMotor:ReconcileOwnerFromServer","message":"owner_reconcile","data":{"preSnapErr":0.0000,"replayCount":9,"preTick":4809,"postTick":4809,"serverTick":4800,"ackSeq":3341,"simTick":5097},"timestamp":1782243101842}
{"sessionId":"3f83e2","runId":"post-fix7","hypothesisId":"H5","location":"Starship.NetworkMotor:ApplyOwnerPredictedMotorVisuals","message":"owner_display","data":{"alpha":0.165,"renderSpan":0.0000,"frameDelta":0.0000,"speed":F3},"timestamp":1782243101857}
{"sessionId":"3f83e2","runId":"post-fix7","hypothesisId":"H1","location":"Starship.NetworkMotor:ReconcileOwnerFromServer","message":"owner_reconcile","data":{"preSnapErr":0.0000,"replayCount":9,"preTick":4811,"postTick":4811,"serverTick":4802,"ackSeq":3343,"simTick":5099},"timestamp":1782243101876}
{"sessionId":"3f83e2","runId":"post-fix7","hypothesisId":"H1","location":"Starship.NetworkMotor:ReconcileOwnerFromServer","message":"owner_reconcile","data":{"preSnapErr":0.0000,"replayCount":10,"preTick":4813,"postTick":4813,"serverTick":4803,"ackSeq":3344,"simTick":5101},"timestamp":1782243101911}
{"sessionId":"3f83e2","runId":"post-fix7","hypothesisId":"H1","location":"Starship.NetworkMotor:ReconcileOwnerFromServer","message":"owner_reconcile","data":{"preSnapErr":0.0000,"replayCount":11,"preTick":4816,"postTick":4816,"serverTick":4805,"ackSeq":3346,"simTick":5104},"timestamp":1782243101974}
{"sessionId":"3f83e2","runId":"post-fix7","hypothesisId":"H1","location":"Starship.NetworkMotor:ReconcileOwnerFromServer","message":"owner_reconcile","data":{"preSnapErr":0.0000,"replayCount":10,"preTick":4817,"postTick":4817,"serverTick":4807,"ackSeq":3348,"simTick":5105},"timestamp":1782243102002}
{"sessionId":"3f83e2","runId":"post-fix7","hypothesisId":"H1","location":"Starship.NetworkMotor:ReconcileOwnerFromServer","message":"owner_reconcile","data":{"preSnapErr":0.0000,"replayCount":10,"preTick":4819,"postTick":4819,"serverTick":4809,"ackSeq":3350,"simTick":5107},"timestamp":1782243102041}
{"sessionId":"3f83e2","runId":"post-fix7","hypothesisId":"H1","location":"Starship.NetworkMotor:ReconcileOwnerFromServer","message":"owner_reconcile","data":{"preSnapErr":0.0000,"replayCount":11,"preTick":4821,"postTick":4821,"serverTick":4810,"ackSeq":3351,"simTick":5109},"timestamp":1782243102073}
{"sessionId":"3f83e2","runId":"post-fix7","hypothesisId":"H1","location":"Starship.NetworkMotor:ReconcileOwnerFromServer","message":"owner_reconcile","data":{"preSnapErr":0.0000,"replayCount":10,"preTick":4822,"postTick":4822,"serverTick":4812,"ackSeq":3353,"simTick":5110},"timestamp":1782243102101}
{"sessionId":"3f83e2","runId":"post-fix7","hypothesisId":"H1","location":"Starship.NetworkMotor:ReconcileOwnerFromServer","message":"owner_reconcile","data":{"preSnapErr":0.0000,"replayCount":11,"preTick":4824,"postTick":4824,"serverTick":4813,"ackSeq":3354,"simTick":5112},"timestamp":1782243102135}
{"sessionId":"3f83e2","runId":"post-fix7","hypothesisId":"H1","location":"Starship.NetworkMotor:ReconcileOwnerFromServer","message":"owner_reconcile","data":{"preSnapErr":0.0000,"replayCount":10,"preTick":4825,"postTick":4825,"serverTick":4815,"ackSeq":3356,"simTick":5113},"timestamp":1782243102169}
{"sessionId":"3f83e2","runId":"post-fix7","hypothesisId":"H3","location":"Starship.NetworkMotor:ApplyRemoteMotorSnapshotVisuals","message":"remote_display","data":{"renderTickF":4814.580,"latestTick":4815,"simTick":5115,"bufCount":48,"extrapolating":0,"frameDelta":0.0013,"speed":F3},"timestamp":1782243102180}
{"sessionId":"3f83e2","runId":"post-fix7","hypothesisId":"H1","location":"Starship.NetworkMotor:ReconcileOwnerFromServer","message":"owner_reconcile","data":{"preSnapErr":0.0000,"replayCount":10,"preTick":4827,"postTick":4827,"serverTick":4817,"ackSeq":3358,"simTick":5115},"timestamp":1782243102197}
{"sessionId":"3f83e2","runId":"post-fix7","hypothesisId":"H1","location":"Starship.NetworkMotor:ReconcileOwnerFromServer","message":"owner_reconcile","data":{"preSnapErr":0.0000,"replayCount":10,"preTick":4829,"postTick":4829,"serverTick":4819,"ackSeq":3360,"simTick":5117},"timestamp":1782243102226}
{"sessionId":"3f83e2","runId":"post-fix7","hypothesisId":"H5","location":"Starship.NetworkMotor:ApplyOwnerPredictedMotorVisuals","message":"owner_display","data":{"alpha":0.424,"renderSpan":0.0000,"frameDelta":0.0000,"speed":F3},"timestamp":1782243102235}
{"sessionId":"3f83e2","runId":"post-fix7","hypothesisId":"H1","location":"Starship.NetworkMotor:ReconcileOwnerFromServer","message":"owner_reconcile","data":{"preSnapErr":0.0000,"replayCount":10,"preTick":4830,"postTick":4830,"serverTick":4820,"ackSeq":3361,"simTick":5118},"timestamp":1782243102253}
{"sessionId":"3f83e2","runId":"post-fix7","hypothesisId":"H1","location":"Starship.NetworkMotor:ReconcileOwnerFromServer","message":"owner_reconcile","data":{"preSnapErr":0.0000,"replayCount":10,"preTick":4833,"postTick":4833,"serverTick":4823,"ackSeq":3364,"simTick":5121},"timestamp":1782243102306}
{"sessionId":"3f83e2","runId":"post-fix7","hypothesisId":"H2","location":"Starship.NetworkMotor:ClientPredictMotorFixedStep","message":"owner_predict","data":{"tick":4834,"simTick":5121,"serverClock":5124,"tickLead":-287,"speed":0.000,"thrust":0},"timestamp":1782243102307}
{"sessionId":"3f83e2","runId":"post-fix7","hypothesisId":"H1","location":"Starship.NetworkMotor:ReconcileOwnerFromServer","message":"owner_reconcile","data":{"preSnapErr":0.0000,"replayCount":10,"preTick":4835,"postTick":4835,"serverTick":4825,"ackSeq":3366,"simTick":5123},"timestamp":1782243102354}
{"sessionId":"3f83e2","runId":"post-fix7","hypothesisId":"H1","location":"Starship.NetworkMotor:ReconcileOwnerFromServer","message":"owner_reconcile","data":{"preSnapErr":0.0000,"replayCount":9,"preTick":4836,"postTick":4836,"serverTick":4827,"ackSeq":3368,"simTick":5124},"timestamp":1782243102376}
{"sessionId":"3f83e2","runId":"post-fix7","hypothesisId":"H1","location":"Starship.NetworkMotor:ReconcileOwnerFromServer","message":"owner_reconcile","data":{"preSnapErr":0.0000,"replayCount":10,"preTick":4838,"postTick":4838,"serverTick":4828,"ackSeq":3369,"simTick":5126},"timestamp":1782243102415}
{"sessionId":"3f83e2","runId":"post-fix7","hypothesisId":"H1","location":"Starship.NetworkMotor:ReconcileOwnerFromServer","message":"owner_reconcile","data":{"preSnapErr":0.0000,"replayCount":11,"preTick":4841,"postTick":4841,"serverTick":4830,"ackSeq":3371,"simTick":5129},"timestamp":1782243102469}
{"sessionId":"3f83e2","runId":"post-fix7","hypothesisId":"H1","location":"Starship.NetworkMotor:ReconcileOwnerFromServer","message":"owner_reconcile","data":{"preSnapErr":0.0000,"replayCount":10,"preTick":4842,"postTick":4842,"serverTick":4832,"ackSeq":3373,"simTick":5130},"timestamp":1782243102491}
{"sessionId":"3f83e2","runId":"post-fix7","hypothesisId":"H3","location":"Starship.NetworkMotor:ApplyRemoteMotorSnapshotVisuals","message":"remote_display","data":{"renderTickF":4831.803,"latestTick":4832,"simTick":5131,"bufCount":48,"extrapolating":0,"frameDelta":0.0011,"speed":F3},"timestamp":1782243102500}
{"sessionId":"3f83e2","runId":"post-fix7","hypothesisId":"H1","location":"Starship.NetworkMotor:ReconcileOwnerFromServer","message":"owner_reconcile","data":{"preSnapErr":0.0000,"replayCount":10,"preTick":4844,"postTick":4844,"serverTick":4834,"ackSeq":3375,"simTick":5132},"timestamp":1782243102535}
{"sessionId":"3f83e2","runId":"post-fix7","hypothesisId":"H5","location":"Starship.NetworkMotor:ApplyOwnerPredictedMotorVisuals","message":"owner_display","data":{"alpha":0.974,"renderSpan":0.0000,"frameDelta":0.0000,"speed":F3},"timestamp":1782243102544}
{"sessionId":"3f83e2","runId":"post-fix7","hypothesisId":"H1","location":"Starship.NetworkMotor:ReconcileOwnerFromServer","message":"owner_reconcile","data":{"preSnapErr":0.0000,"replayCount":9,"preTick":4845,"postTick":4845,"serverTick":4836,"ackSeq":3377,"simTick":5133},"timestamp":1782243102558}
{"sessionId":"3f83e2","runId":"post-fix7","hypothesisId":"H1","location":"Starship.NetworkMotor:ReconcileOwnerFromServer","message":"owner_reconcile","data":{"preSnapErr":0.0000,"replayCount":10,"preTick":4847,"postTick":4847,"serverTick":4837,"ackSeq":3378,"simTick":5135},"timestamp":1782243102582}
{"sessionId":"3f83e2","runId":"post-fix7","hypothesisId":"H1","location":"Starship.NetworkMotor:ReconcileOwnerFromServer","message":"owner_reconcile","data":{"preSnapErr":0.0000,"replayCount":10,"preTick":4848,"postTick":4848,"serverTick":4838,"ackSeq":3379,"simTick":5136},"timestamp":1782243102608}
{"sessionId":"3f83e2","runId":"post-fix7","hypothesisId":"H1","location":"Starship.NetworkMotor:ReconcileOwnerFromServer","message":"owner_reconcile","data":{"preSnapErr":0.0000,"replayCount":10,"preTick":4850,"postTick":4850,"serverTick":4840,"ackSeq":3381,"simTick":5138},"timestamp":1782243102651}
{"sessionId":"3f83e2","runId":"post-fix7","hypothesisId":"H1","location":"Starship.NetworkMotor:ReconcileOwnerFromServer","message":"owner_reconcile","data":{"preSnapErr":0.0000,"replayCount":10,"preTick":4852,"postTick":4852,"serverTick":4842,"ackSeq":3383,"simTick":5140},"timestamp":1782243102692}
{"sessionId":"3f83e2","runId":"post-fix7","hypothesisId":"H1","location":"Starship.NetworkMotor:ReconcileOwnerFromServer","message":"owner_reconcile","data":{"preSnapErr":0.0000,"replayCount":10,"preTick":4854,"postTick":4854,"serverTick":4844,"ackSeq":3385,"simTick":5142},"timestamp":1782243102733}
{"sessionId":"3f83e2","runId":"post-fix7","hypothesisId":"H1","location":"Starship.NetworkMotor:ReconcileOwnerFromServer","message":"owner_reconcile","data":{"preSnapErr":0.0000,"replayCount":9,"preTick":4855,"postTick":4855,"serverTick":4846,"ackSeq":3387,"simTick":5143},"timestamp":1782243102753}
{"sessionId":"3f83e2","runId":"post-fix7","hypothesisId":"H3","location":"Starship.NetworkMotor:ApplyRemoteMotorSnapshotVisuals","message":"remote_display","data":{"renderTickF":4845.919,"latestTick":4846,"simTick":5144,"bufCount":48,"extrapolating":0,"frameDelta":0.0009,"speed":F3},"timestamp":1782243102762}
{"sessionId":"3f83e2","runId":"post-fix7","hypothesisId":"H2","location":"Starship.NetworkMotor:ClientPredictMotorFixedStep","message":"owner_predict","data":{"tick":4859,"simTick":5146,"serverClock":5149,"tickLead":-287,"speed":0.000,"thrust":0},"timestamp":1782243102797}
{"sessionId":"3f83e2","runId":"post-fix7","hypothesisId":"H5","location":"Starship.NetworkMotor:ApplyOwnerPredictedMotorVisuals","message":"owner_display","data":{"alpha":0.124,"renderSpan":0.0000,"frameDelta":0.0000,"speed":F3},"timestamp":1782243102805}
{"sessionId":"3f83e2","runId":"post-fix7","hypothesisId":"H1","location":"Starship.NetworkMotor:ReconcileOwnerFromServer","message":"owner_reconcile","data":{"preSnapErr":0.0000,"replayCount":11,"preTick":4859,"postTick":4859,"serverTick":4848,"ackSeq":3389,"simTick":5147},"timestamp":1782243102825}
{"sessionId":"3f83e2","runId":"post-fix7","hypothesisId":"H1","location":"Starship.NetworkMotor:ReconcileOwnerFromServer","message":"owner_reconcile","data":{"preSnapErr":0.0000,"replayCount":10,"preTick":4860,"postTick":4860,"serverTick":4850,"ackSeq":3391,"simTick":5148},"timestamp":1782243102849}
{"sessionId":"3f83e2","runId":"post-fix7","hypothesisId":"H1","location":"Starship.NetworkMotor:ReconcileOwnerFromServer","message":"owner_reconcile","data":{"preSnapErr":0.0000,"replayCount":10,"preTick":4862,"postTick":4862,"serverTick":4852,"ackSeq":3393,"simTick":5150},"timestamp":1782243102890}
{"sessionId":"3f83e2","runId":"post-fix7","hypothesisId":"H1","location":"Starship.NetworkMotor:ReconcileOwnerFromServer","message":"owner_reconcile","data":{"preSnapErr":0.0000,"replayCount":10,"preTick":4864,"postTick":4864,"serverTick":4854,"ackSeq":3395,"simTick":5152},"timestamp":1782243102932}
{"sessionId":"3f83e2","runId":"post-fix7","hypothesisId":"H1","location":"Starship.NetworkMotor:ReconcileOwnerFromServer","message":"owner_reconcile","data":{"preSnapErr":0.0000,"replayCount":10,"preTick":4865,"postTick":4865,"serverTick":4855,"ackSeq":3396,"simTick":5153},"timestamp":1782243102955}
{"sessionId":"3f83e2","runId":"post-fix7","hypothesisId":"H1","location":"Starship.NetworkMotor:ReconcileOwnerFromServer","message":"owner_reconcile","data":{"preSnapErr":0.0000,"replayCount":9,"preTick":4866,"postTick":4866,"serverTick":4857,"ackSeq":3398,"simTick":5154},"timestamp":1782243102975}
{"sessionId":"3f83e2","runId":"post-fix7","hypothesisId":"H1","location":"Starship.NetworkMotor:ReconcileOwnerFromServer","message":"owner_reconcile","data":{"preSnapErr":0.0000,"replayCount":10,"preTick":4869,"postTick":4869,"serverTick":4859,"ackSeq":3400,"simTick":5157},"timestamp":1782243103022}
{"sessionId":"3f83e2","runId":"post-fix7","hypothesisId":"H3","location":"Starship.NetworkMotor:ApplyRemoteMotorSnapshotVisuals","message":"remote_display","data":{"renderTickF":4858.326,"latestTick":4859,"simTick":5158,"bufCount":48,"extrapolating":0,"frameDelta":0.0008,"speed":F3},"timestamp":1782243103030}
{"sessionId":"3f83e2","runId":"post-fix7","hypothesisId":"H1","location":"Starship.NetworkMotor:ReconcileOwnerFromServer","message":"owner_reconcile","data":{"preSnapErr":0.0000,"replayCount":10,"preTick":4870,"postTick":4870,"serverTick":4860,"ackSeq":3401,"simTick":5158},"timestamp":1782243103053}
{"sessionId":"3f83e2","runId":"post-fix7","hypothesisId":"H5","location":"Starship.NetworkMotor:ApplyOwnerPredictedMotorVisuals","message":"owner_display","data":{"alpha":0.003,"renderSpan":0.0000,"frameDelta":0.0000,"speed":F3},"timestamp":1782243103087}
{"sessionId":"3f83e2","runId":"post-fix7","hypothesisId":"H1","location":"Starship.NetworkMotor:ReconcileOwnerFromServer","message":"owner_reconcile","data":{"preSnapErr":0.0000,"replayCount":11,"preTick":4873,"postTick":4873,"serverTick":4862,"ackSeq":3403,"simTick":5161},"timestamp":1782243103102}
{"sessionId":"3f83e2","runId":"post-fix7","hypothesisId":"H1","location":"Starship.NetworkMotor:ReconcileOwnerFromServer","message":"owner_reconcile","data":{"preSnapErr":0.0000,"replayCount":10,"preTick":4874,"postTick":4874,"serverTick":4864,"ackSeq":3405,"simTick":5162},"timestamp":1782243103125}
{"sessionId":"3f83e2","runId":"post-fix7","hypothesisId":"H1","location":"Starship.NetworkMotor:ReconcileOwnerFromServer","message":"owner_reconcile","data":{"preSnapErr":0.0000,"replayCount":10,"preTick":4875,"postTick":4875,"serverTick":4865,"ackSeq":3406,"simTick":5163},"timestamp":1782243103149}
{"sessionId":"3f83e2","runId":"post-fix7","hypothesisId":"H1","location":"Starship.NetworkMotor:ReconcileOwnerFromServer","message":"owner_reconcile","data":{"preSnapErr":0.0000,"replayCount":9,"preTick":4876,"postTick":4876,"serverTick":4867,"ackSeq":3408,"simTick":5164},"timestamp":1782243103174}
{"sessionId":"3f83e2","runId":"post-fix7","hypothesisId":"H1","location":"Starship.NetworkMotor:ReconcileOwnerFromServer","message":"owner_reconcile","data":{"preSnapErr":0.0000,"replayCount":9,"preTick":4878,"postTick":4878,"serverTick":4869,"ackSeq":3410,"simTick":5166},"timestamp":1782243103219}
{"sessionId":"3f83e2","runId":"post-fix7","hypothesisId":"H1","location":"Starship.NetworkMotor:ReconcileOwnerFromServer","message":"owner_reconcile","data":{"preSnapErr":0.0000,"replayCount":11,"preTick":4881,"postTick":4881,"serverTick":4870,"ackSeq":3411,"simTick":5169},"timestamp":1782243103268}
{"sessionId":"3f83e2","runId":"post-fix7","hypothesisId":"H1","location":"Starship.NetworkMotor:ReconcileOwnerFromServer","message":"owner_reconcile","data":{"preSnapErr":0.0000,"replayCount":10,"preTick":4882,"postTick":4882,"serverTick":4872,"ackSeq":3413,"simTick":5170},"timestamp":1782243103297}
{"sessionId":"3f83e2","runId":"post-fix7","hypothesisId":"H2","location":"Starship.NetworkMotor:ClientPredictMotorFixedStep","message":"owner_predict","data":{"tick":4884,"simTick":5171,"serverClock":5174,"tickLead":-287,"speed":0.000,"thrust":0},"timestamp":1782243103300}
{"sessionId":"3f83e2","runId":"post-fix7","hypothesisId":"H1","location":"Starship.NetworkMotor:ReconcileOwnerFromServer","message":"owner_reconcile","data":{"preSnapErr":0.0000,"replayCount":11,"preTick":4884,"postTick":4884,"serverTick":4873,"ackSeq":3414,"simTick":5172},"timestamp":1782243103324}
{"sessionId":"3f83e2","runId":"post-fix7","hypothesisId":"H3","location":"Starship.NetworkMotor:ApplyRemoteMotorSnapshotVisuals","message":"remote_display","data":{"renderTickF":4872.408,"latestTick":4873,"simTick":5173,"bufCount":48,"extrapolating":0,"frameDelta":0.0009,"speed":F3},"timestamp":1782243103332}
{"sessionId":"3f83e2","runId":"post-fix7","hypothesisId":"H1","location":"Starship.NetworkMotor:ReconcileOwnerFromServer","message":"owner_reconcile","data":{"preSnapErr":0.0000,"replayCount":10,"preTick":4885,"postTick":4885,"serverTick":4875,"ackSeq":3416,"simTick":5173},"timestamp":1782243103347}
{"sessionId":"3f83e2","runId":"post-fix7","hypothesisId":"H5","location":"Starship.NetworkMotor:ApplyOwnerPredictedMotorVisuals","message":"owner_display","data":{"alpha":0.727,"renderSpan":0.0000,"frameDelta":0.0000,"speed":F3},"timestamp":1782243103377}
{"sessionId":"3f83e2","runId":"post-fix7","hypothesisId":"H1","location":"Starship.NetworkMotor:ReconcileOwnerFromServer","message":"owner_reconcile","data":{"preSnapErr":0.0000,"replayCount":10,"preTick":4887,"postTick":4887,"serverTick":4877,"ackSeq":3418,"simTick":5175},"timestamp":1782243103389}
{"sessionId":"3f83e2","runId":"post-fix7","hypothesisId":"H1","location":"Starship.NetworkMotor:ReconcileOwnerFromServer","message":"owner_reconcile","data":{"preSnapErr":0.0000,"replayCount":10,"preTick":4889,"postTick":4889,"serverTick":4879,"ackSeq":3420,"simTick":5177},"timestamp":1782243103431}
{"sessionId":"3f83e2","runId":"post-fix7","hypothesisId":"H1","location":"Starship.NetworkMotor:ReconcileOwnerFromServer","message":"owner_reconcile","data":{"preSnapErr":0.0000,"replayCount":9,"preTick":4890,"postTick":4890,"serverTick":4881,"ackSeq":3422,"simTick":5178},"timestamp":1782243103453}
{"sessionId":"3f83e2","runId":"post-fix7","hypothesisId":"H1","location":"Starship.NetworkMotor:ReconcileOwnerFromServer","message":"owner_reconcile","data":{"preSnapErr":0.0000,"replayCount":9,"preTick":4891,"postTick":4891,"serverTick":4882,"ackSeq":3423,"simTick":5179},"timestamp":1782243103478}
{"sessionId":"3f83e2","runId":"post-fix7","hypothesisId":"H1","location":"Starship.NetworkMotor:ReconcileOwnerFromServer","message":"owner_reconcile","data":{"preSnapErr":0.0000,"replayCount":11,"preTick":4894,"postTick":4894,"serverTick":4883,"ackSeq":3424,"simTick":5182},"timestamp":1782243103521}
{"sessionId":"3f83e2","runId":"post-fix7","hypothesisId":"H1","location":"Starship.NetworkMotor:ReconcileOwnerFromServer","message":"owner_reconcile","data":{"preSnapErr":0.0000,"replayCount":10,"preTick":4895,"postTick":4895,"serverTick":4885,"ackSeq":3426,"simTick":5183},"timestamp":1782243103542}
{"sessionId":"3f83e2","runId":"post-fix7","hypothesisId":"H1","location":"Starship.NetworkMotor:ReconcileOwnerFromServer","message":"owner_reconcile","data":{"preSnapErr":0.0000,"replayCount":10,"preTick":4897,"postTick":4897,"serverTick":4887,"ackSeq":3428,"simTick":5185},"timestamp":1782243103582}
{"sessionId":"3f83e2","runId":"post-fix7","hypothesisId":"H3","location":"Starship.NetworkMotor:ApplyRemoteMotorSnapshotVisuals","message":"remote_display","data":{"renderTickF":4886.372,"latestTick":4887,"simTick":5186,"bufCount":48,"extrapolating":0,"frameDelta":0.0009,"speed":F3},"timestamp":1782243103590}
{"sessionId":"3f83e2","runId":"post-fix7","hypothesisId":"H1","location":"Starship.NetworkMotor:ReconcileOwnerFromServer","message":"owner_reconcile","data":{"preSnapErr":0.0000,"replayCount":10,"preTick":4899,"postTick":4899,"serverTick":4889,"ackSeq":3430,"simTick":5187},"timestamp":1782243103622}
{"sessionId":"3f83e2","runId":"post-fix7","hypothesisId":"H5","location":"Starship.NetworkMotor:ApplyOwnerPredictedMotorVisuals","message":"owner_display","data":{"alpha":0.375,"renderSpan":0.0000,"frameDelta":0.0000,"speed":F3},"timestamp":1782243103630}
{"sessionId":"3f83e2","runId":"post-fix7","hypothesisId":"H1","location":"Starship.NetworkMotor:ReconcileOwnerFromServer","message":"owner_reconcile","data":{"preSnapErr":0.0000,"replayCount":10,"preTick":4901,"postTick":4901,"serverTick":4891,"ackSeq":3432,"simTick":5189},"timestamp":1782243103663}
{"sessionId":"3f83e2","runId":"post-fix7","hypothesisId":"H1","location":"Starship.NetworkMotor:ReconcileOwnerFromServer","message":"owner_reconcile","data":{"preSnapErr":0.0000,"replayCount":10,"preTick":4903,"postTick":4903,"serverTick":4893,"ackSeq":3434,"simTick":5191},"timestamp":1782243103708}
{"sessionId":"3f83e2","runId":"post-fix7","hypothesisId":"H1","location":"Starship.NetworkMotor:ReconcileOwnerFromServer","message":"owner_reconcile","data":{"preSnapErr":0.0000,"replayCount":10,"preTick":4905,"postTick":4905,"serverTick":4895,"ackSeq":3436,"simTick":5193},"timestamp":1782243103750}
{"sessionId":"3f83e2","runId":"post-fix7","hypothesisId":"H1","location":"Starship.NetworkMotor:ReconcileOwnerFromServer","message":"owner_reconcile","data":{"preSnapErr":0.0000,"replayCount":10,"preTick":4907,"postTick":4907,"serverTick":4897,"ackSeq":3438,"simTick":5195},"timestamp":1782243103791}
{"sessionId":"3f83e2","runId":"post-fix7","hypothesisId":"H1","location":"Starship.NetworkMotor:ReconcileOwnerFromServer","message":"owner_reconcile","data":{"preSnapErr":0.0000,"replayCount":10,"preTick":4908,"postTick":4908,"serverTick":4898,"ackSeq":3439,"simTick":5196},"timestamp":1782243103814}
{"sessionId":"3f83e2","runId":"post-fix7","hypothesisId":"H2","location":"Starship.NetworkMotor:ClientPredictMotorFixedStep","message":"owner_predict","data":{"tick":4909,"simTick":5196,"serverClock":5199,"tickLead":-287,"speed":0.000,"thrust":0},"timestamp":1782243103815}
{"sessionId":"3f83e2","runId":"post-fix7","hypothesisId":"H3","location":"Starship.NetworkMotor:ApplyRemoteMotorSnapshotVisuals","message":"remote_display","data":{"renderTickF":4897.011,"latestTick":4898,"simTick":5198,"bufCount":48,"extrapolating":0,"frameDelta":0.0007,"speed":F3},"timestamp":1782243103850}
{"sessionId":"3f83e2","runId":"post-fix7","hypothesisId":"H1","location":"Starship.NetworkMotor:ReconcileOwnerFromServer","message":"owner_reconcile","data":{"preSnapErr":0.0000,"replayCount":11,"preTick":4911,"postTick":4911,"serverTick":4900,"ackSeq":3441,"simTick":5199},"timestamp":1782243103864}
{"sessionId":"3f83e2","runId":"post-fix7","hypothesisId":"H1","location":"Starship.NetworkMotor:ReconcileOwnerFromServer","message":"owner_reconcile","data":{"preSnapErr":0.0000,"replayCount":10,"preTick":4912,"postTick":4912,"serverTick":4902,"ackSeq":3443,"simTick":5200},"timestamp":1782243103893}
{"sessionId":"3f83e2","runId":"post-fix7","hypothesisId":"H5","location":"Starship.NetworkMotor:ApplyOwnerPredictedMotorVisuals","message":"owner_display","data":{"alpha":0.878,"renderSpan":0.0000,"frameDelta":0.0000,"speed":F3},"timestamp":1782243103903}
{"sessionId":"3f83e2","runId":"post-fix7","hypothesisId":"H1","location":"Starship.NetworkMotor:ReconcileOwnerFromServer","message":"owner_reconcile","data":{"preSnapErr":0.0000,"replayCount":10,"preTick":4913,"postTick":4913,"serverTick":4903,"ackSeq":3444,"simTick":5201},"timestamp":1782243103916}
{"sessionId":"3f83e2","runId":"post-fix7","hypothesisId":"H1","location":"Starship.NetworkMotor:ReconcileOwnerFromServer","message":"owner_reconcile","data":{"preSnapErr":0.0000,"replayCount":10,"preTick":4915,"postTick":4915,"serverTick":4905,"ackSeq":3446,"simTick":5203},"timestamp":1782243103943}
{"sessionId":"3f83e2","runId":"post-fix7","hypothesisId":"H1","location":"Starship.NetworkMotor:ReconcileOwnerFromServer","message":"owner_reconcile","data":{"preSnapErr":0.0000,"replayCount":10,"preTick":4917,"postTick":4917,"serverTick":4907,"ackSeq":3448,"simTick":5205},"timestamp":1782243103988}
{"sessionId":"3f83e2","runId":"post-fix7","hypothesisId":"H1","location":"Starship.NetworkMotor:ReconcileOwnerFromServer","message":"owner_reconcile","data":{"preSnapErr":0.0000,"replayCount":9,"preTick":4918,"postTick":4918,"serverTick":4909,"ackSeq":3450,"simTick":5206},"timestamp":1782243104012}
{"sessionId":"3f83e2","runId":"post-fix7","hypothesisId":"H1","location":"Starship.NetworkMotor:ReconcileOwnerFromServer","message":"owner_reconcile","data":{"preSnapErr":0.0000,"replayCount":11,"preTick":4921,"postTick":4921,"serverTick":4910,"ackSeq":3451,"simTick":5209},"timestamp":1782243104070}
{"sessionId":"3f83e2","runId":"post-fix7","hypothesisId":"H1","location":"Starship.NetworkMotor:ReconcileOwnerFromServer","message":"owner_reconcile","data":{"preSnapErr":0.0000,"replayCount":10,"preTick":4922,"postTick":4922,"serverTick":4912,"ackSeq":3453,"simTick":5210},"timestamp":1782243104097}
{"sessionId":"3f83e2","runId":"post-fix7","hypothesisId":"H1","location":"Starship.NetworkMotor:ReconcileOwnerFromServer","message":"owner_reconcile","data":{"preSnapErr":0.0000,"replayCount":10,"preTick":4924,"postTick":4924,"serverTick":4914,"ackSeq":3455,"simTick":5212},"timestamp":1782243104124}
{"sessionId":"3f83e2","runId":"post-fix7","hypothesisId":"H1","location":"Starship.NetworkMotor:ReconcileOwnerFromServer","message":"owner_reconcile","data":{"preSnapErr":0.0000,"replayCount":10,"preTick":4925,"postTick":4925,"serverTick":4915,"ackSeq":3456,"simTick":5213},"timestamp":1782243104152}
{"sessionId":"3f83e2","runId":"post-fix7","hypothesisId":"H3","location":"Starship.NetworkMotor:ApplyRemoteMotorSnapshotVisuals","message":"remote_display","data":{"renderTickF":4914.828,"latestTick":4915,"simTick":5214,"bufCount":48,"extrapolating":0,"frameDelta":0.0011,"speed":F3},"timestamp":1782243104164}
{"sessionId":"3f83e2","runId":"post-fix7","hypothesisId":"H1","location":"Starship.NetworkMotor:ReconcileOwnerFromServer","message":"owner_reconcile","data":{"preSnapErr":0.0000,"replayCount":11,"preTick":4928,"postTick":4928,"serverTick":4917,"ackSeq":3458,"simTick":5216},"timestamp":1782243104207}
{"sessionId":"3f83e2","runId":"post-fix7","hypothesisId":"H5","location":"Starship.NetworkMotor:ApplyOwnerPredictedMotorVisuals","message":"owner_display","data":{"alpha":0.526,"renderSpan":0.0000,"frameDelta":0.0000,"speed":F3},"timestamp":1782243104242}
{"sessionId":"3f83e2","runId":"post-fix7","hypothesisId":"H1","location":"Starship.NetworkMotor:ReconcileOwnerFromServer","message":"owner_reconcile","data":{"preSnapErr":0.0000,"replayCount":9,"preTick":4929,"postTick":4929,"serverTick":4920,"ackSeq":3461,"simTick":5217},"timestamp":1782243104258}
{"sessionId":"3f83e2","runId":"post-fix7","hypothesisId":"H1","location":"Starship.NetworkMotor:ReconcileOwnerFromServer","message":"owner_reconcile","data":{"preSnapErr":0.0000,"replayCount":10,"preTick":4932,"postTick":4932,"serverTick":4922,"ackSeq":3463,"simTick":5220},"timestamp":1782243104283}
{"sessionId":"3f83e2","runId":"post-fix7","hypothesisId":"H2","location":"Starship.NetworkMotor:ClientPredictMotorFixedStep","message":"owner_predict","data":{"tick":4934,"simTick":5221,"serverClock":5224,"tickLead":-287,"speed":0.000,"thrust":0},"timestamp":1782243104308}
{"sessionId":"3f83e2","runId":"post-fix7","hypothesisId":"H1","location":"Starship.NetworkMotor:ReconcileOwnerFromServer","message":"owner_reconcile","data":{"preSnapErr":0.0000,"replayCount":10,"preTick":4934,"postTick":4934,"serverTick":4924,"ackSeq":3465,"simTick":5222},"timestamp":1782243104331}
{"sessionId":"3f83e2","runId":"post-fix7","hypothesisId":"H1","location":"Starship.NetworkMotor:ReconcileOwnerFromServer","message":"owner_reconcile","data":{"preSnapErr":0.0000,"replayCount":10,"preTick":4935,"postTick":4935,"serverTick":4925,"ackSeq":3466,"simTick":5223},"timestamp":1782243104355}
{"sessionId":"3f83e2","runId":"post-fix7","hypothesisId":"H1","location":"Starship.NetworkMotor:ReconcileOwnerFromServer","message":"owner_reconcile","data":{"preSnapErr":0.0000,"replayCount":9,"preTick":4936,"postTick":4936,"serverTick":4927,"ackSeq":3468,"simTick":5224},"timestamp":1782243104378}
{"sessionId":"3f83e2","runId":"post-fix7","hypothesisId":"H1","location":"Starship.NetworkMotor:ReconcileOwnerFromServer","message":"owner_reconcile","data":{"preSnapErr":0.0000,"replayCount":10,"preTick":4939,"postTick":4939,"serverTick":4929,"ackSeq":3470,"simTick":5227},"timestamp":1782243104424}
{"sessionId":"3f83e2","runId":"post-fix7","hypothesisId":"H1","location":"Starship.NetworkMotor:ReconcileOwnerFromServer","message":"owner_reconcile","data":{"preSnapErr":0.0000,"replayCount":10,"preTick":4940,"postTick":4940,"serverTick":4930,"ackSeq":3471,"simTick":5228},"timestamp":1782243104447}
{"sessionId":"3f83e2","runId":"post-fix7","hypothesisId":"H3","location":"Starship.NetworkMotor:ApplyRemoteMotorSnapshotVisuals","message":"remote_display","data":{"renderTickF":4929.704,"latestTick":4930,"simTick":5230,"bufCount":48,"extrapolating":0,"frameDelta":0.0010,"speed":F3},"timestamp":1782243104477}
{"sessionId":"3f83e2","runId":"post-fix7","hypothesisId":"H1","location":"Starship.NetworkMotor:ReconcileOwnerFromServer","message":"owner_reconcile","data":{"preSnapErr":0.0000,"replayCount":10,"preTick":4942,"postTick":4942,"serverTick":4932,"ackSeq":3473,"simTick":5230},"timestamp":1782243104492}
{"sessionId":"3f83e2","runId":"post-fix7","hypothesisId":"H1","location":"Starship.NetworkMotor:ReconcileOwnerFromServer","message":"owner_reconcile","data":{"preSnapErr":0.0000,"replayCount":9,"preTick":4943,"postTick":4943,"serverTick":4934,"ackSeq":3475,"simTick":5231},"timestamp":1782243104518}
{"sessionId":"3f83e2","runId":"post-fix7","hypothesisId":"H5","location":"Starship.NetworkMotor:ApplyOwnerPredictedMotorVisuals","message":"owner_display","data":{"alpha":0.116,"renderSpan":0.0000,"frameDelta":0.0000,"speed":F3},"timestamp":1782243104530}
{"sessionId":"3f83e2","runId":"post-fix7","hypothesisId":"H1","location":"Starship.NetworkMotor:ReconcileOwnerFromServer","message":"owner_reconcile","data":{"preSnapErr":0.0000,"replayCount":10,"preTick":4945,"postTick":4945,"serverTick":4935,"ackSeq":3476,"simTick":5233},"timestamp":1782243104545}
{"sessionId":"3f83e2","runId":"post-fix7","hypothesisId":"H1","location":"Starship.NetworkMotor:ReconcileOwnerFromServer","message":"owner_reconcile","data":{"preSnapErr":0.0000,"replayCount":10,"preTick":4947,"postTick":4947,"serverTick":4937,"ackSeq":3478,"simTick":5235},"timestamp":1782243104588}
{"sessionId":"3f83e2","runId":"post-fix7","hypothesisId":"H1","location":"Starship.NetworkMotor:ReconcileOwnerFromServer","message":"owner_reconcile","data":{"preSnapErr":0.0000,"replayCount":10,"preTick":4949,"postTick":4949,"serverTick":4939,"ackSeq":3480,"simTick":5237},"timestamp":1782243104631}
{"sessionId":"3f83e2","runId":"post-fix7","hypothesisId":"H1","location":"Starship.NetworkMotor:ReconcileOwnerFromServer","message":"owner_reconcile","data":{"preSnapErr":0.0000,"replayCount":10,"preTick":4950,"postTick":4950,"serverTick":4940,"ackSeq":3481,"simTick":5238},"timestamp":1782243104653}
{"sessionId":"3f83e2","runId":"post-fix7","hypothesisId":"H1","location":"Starship.NetworkMotor:ReconcileOwnerFromServer","message":"owner_reconcile","data":{"preSnapErr":0.0000,"replayCount":10,"preTick":4952,"postTick":4952,"serverTick":4942,"ackSeq":3483,"simTick":5240},"timestamp":1782243104696}
{"sessionId":"3f83e2","runId":"post-fix7","hypothesisId":"H1","location":"Starship.NetworkMotor:ReconcileOwnerFromServer","message":"owner_reconcile","data":{"preSnapErr":0.0000,"replayCount":10,"preTick":4954,"postTick":4954,"serverTick":4944,"ackSeq":3485,"simTick":5242},"timestamp":1782243104722}
{"sessionId":"3f83e2","runId":"post-fix7","hypothesisId":"H1","location":"Starship.NetworkMotor:ReconcileOwnerFromServer","message":"owner_reconcile","data":{"preSnapErr":0.0000,"replayCount":10,"preTick":4955,"postTick":4955,"serverTick":4945,"ackSeq":3486,"simTick":5243},"timestamp":1782243104742}
{"sessionId":"3f83e2","runId":"post-fix7","hypothesisId":"H3","location":"Starship.NetworkMotor:ApplyRemoteMotorSnapshotVisuals","message":"remote_display","data":{"renderTickF":4944.398,"latestTick":4945,"simTick":5244,"bufCount":48,"extrapolating":0,"frameDelta":0.0009,"speed":F3},"timestamp":1782243104751}
{"sessionId":"3f83e2","runId":"post-fix7","hypothesisId":"H1","location":"Starship.NetworkMotor:ReconcileOwnerFromServer","message":"owner_reconcile","data":{"preSnapErr":0.0000,"replayCount":10,"preTick":4957,"postTick":4957,"serverTick":4947,"ackSeq":3488,"simTick":5245},"timestamp":1782243104785}
{"sessionId":"3f83e2","runId":"post-fix7","hypothesisId":"H5","location":"Starship.NetworkMotor:ApplyOwnerPredictedMotorVisuals","message":"owner_display","data":{"alpha":0.506,"renderSpan":0.0000,"frameDelta":0.0000,"speed":F3},"timestamp":1782243104794}
{"sessionId":"3f83e2","runId":"post-fix7","hypothesisId":"H1","location":"Starship.NetworkMotor:ReconcileOwnerFromServer","message":"owner_reconcile","data":{"preSnapErr":0.0000,"replayCount":10,"preTick":4958,"postTick":4958,"serverTick":4948,"ackSeq":3489,"simTick":5246},"timestamp":1782243104807}
{"sessionId":"3f83e2","runId":"post-fix7","hypothesisId":"H2","location":"Starship.NetworkMotor:ClientPredictMotorFixedStep","message":"owner_predict","data":{"tick":4959,"simTick":5246,"serverClock":5249,"tickLead":-287,"speed":0.000,"thrust":0},"timestamp":1782243104808}
{"sessionId":"3f83e2","runId":"post-fix7","hypothesisId":"H1","location":"Starship.NetworkMotor:ReconcileOwnerFromServer","message":"owner_reconcile","data":{"preSnapErr":0.0000,"replayCount":10,"preTick":4960,"postTick":4960,"serverTick":4950,"ackSeq":3491,"simTick":5248},"timestamp":1782243104849}
{"sessionId":"3f83e2","runId":"post-fix7","hypothesisId":"H1","location":"Starship.NetworkMotor:ReconcileOwnerFromServer","message":"owner_reconcile","data":{"preSnapErr":0.0000,"replayCount":10,"preTick":4962,"postTick":4962,"serverTick":4952,"ackSeq":3493,"simTick":5250},"timestamp":1782243104891}
{"sessionId":"3f83e2","runId":"post-fix7","hypothesisId":"H1","location":"Starship.NetworkMotor:ReconcileOwnerFromServer","message":"owner_reconcile","data":{"preSnapErr":0.0000,"replayCount":10,"preTick":4963,"postTick":4963,"serverTick":4953,"ackSeq":3494,"simTick":5251},"timestamp":1782243104914}
{"sessionId":"3f83e2","runId":"post-fix7","hypothesisId":"H1","location":"Starship.NetworkMotor:ReconcileOwnerFromServer","message":"owner_reconcile","data":{"preSnapErr":0.0000,"replayCount":11,"preTick":4966,"postTick":4966,"serverTick":4955,"ackSeq":3496,"simTick":5254},"timestamp":1782243104958}
{"sessionId":"3f83e2","runId":"post-fix7","hypothesisId":"H1","location":"Starship.NetworkMotor:ReconcileOwnerFromServer","message":"owner_reconcile","data":{"preSnapErr":0.0000,"replayCount":10,"preTick":4967,"postTick":4967,"serverTick":4957,"ackSeq":3498,"simTick":5255},"timestamp":1782243104978}
{"sessionId":"3f83e2","runId":"post-fix7","hypothesisId":"H3","location":"Starship.NetworkMotor:ApplyRemoteMotorSnapshotVisuals","message":"remote_display","data":{"renderTickF":4956.189,"latestTick":4957,"simTick":5257,"bufCount":48,"extrapolating":0,"frameDelta":0.0008,"speed":F3},"timestamp":1782243105006}
{"sessionId":"3f83e2","runId":"post-fix7","hypothesisId":"H1","location":"Starship.NetworkMotor:ReconcileOwnerFromServer","message":"owner_reconcile","data":{"preSnapErr":0.0000,"replayCount":10,"preTick":4969,"postTick":4969,"serverTick":4959,"ackSeq":3500,"simTick":5257},"timestamp":1782243105020}
{"sessionId":"3f83e2","runId":"post-fix7","hypothesisId":"H5","location":"Starship.NetworkMotor:ApplyOwnerPredictedMotorVisuals","message":"owner_display","data":{"alpha":0.301,"renderSpan":0.0000,"frameDelta":0.0000,"speed":F3},"timestamp":1782243105047}
{"sessionId":"3f83e2","runId":"post-fix7","hypothesisId":"H1","location":"Starship.NetworkMotor:ReconcileOwnerFromServer","message":"owner_reconcile","data":{"preSnapErr":0.0000,"replayCount":10,"preTick":4971,"postTick":4971,"serverTick":4961,"ackSeq":3502,"simTick":5259},"timestamp":1782243105061}
{"sessionId":"3f83e2","runId":"post-fix7","hypothesisId":"H1","location":"Starship.NetworkMotor:ReconcileOwnerFromServer","message":"owner_reconcile","data":{"preSnapErr":0.0000,"replayCount":10,"preTick":4972,"postTick":4972,"serverTick":4962,"ackSeq":3503,"simTick":5260},"timestamp":1782243105081}
{"sessionId":"3f83e2","runId":"post-fix7","hypothesisId":"H1","location":"Starship.NetworkMotor:ReconcileOwnerFromServer","message":"owner_reconcile","data":{"preSnapErr":0.0000,"replayCount":10,"preTick":4973,"postTick":4973,"serverTick":4963,"ackSeq":3504,"simTick":5261},"timestamp":1782243105103}
{"sessionId":"3f83e2","runId":"post-fix7","hypothesisId":"H1","location":"Starship.NetworkMotor:ReconcileOwnerFromServer","message":"owner_reconcile","data":{"preSnapErr":0.0000,"replayCount":10,"preTick":4975,"postTick":4975,"serverTick":4965,"ackSeq":3506,"simTick":5263},"timestamp":1782243105148}
{"sessionId":"3f83e2","runId":"post-fix7","hypothesisId":"H1","location":"Starship.NetworkMotor:ReconcileOwnerFromServer","message":"owner_reconcile","data":{"preSnapErr":0.0000,"replayCount":10,"preTick":4977,"postTick":4977,"serverTick":4967,"ackSeq":3508,"simTick":5265},"timestamp":1782243105189}
{"sessionId":"3f83e2","runId":"post-fix7","hypothesisId":"H1","location":"Starship.NetworkMotor:ReconcileOwnerFromServer","message":"owner_reconcile","data":{"preSnapErr":0.0000,"replayCount":10,"preTick":4979,"postTick":4979,"serverTick":4969,"ackSeq":3510,"simTick":5267},"timestamp":1782243105230}
{"sessionId":"3f83e2","runId":"post-fix7","hypothesisId":"H3","location":"Starship.NetworkMotor:ApplyRemoteMotorSnapshotVisuals","message":"remote_display","data":{"renderTickF":4968.742,"latestTick":4969,"simTick":5269,"bufCount":48,"extrapolating":0,"frameDelta":0.0008,"speed":F3},"timestamp":1782243105257}
{"sessionId":"3f83e2","runId":"post-fix7","hypothesisId":"H1","location":"Starship.NetworkMotor:ReconcileOwnerFromServer","message":"owner_reconcile","data":{"preSnapErr":0.0000,"replayCount":10,"preTick":4981,"postTick":4981,"serverTick":4971,"ackSeq":3512,"simTick":5269},"timestamp":1782243105269}
{"sessionId":"3f83e2","runId":"post-fix7","hypothesisId":"H1","location":"Starship.NetworkMotor:ReconcileOwnerFromServer","message":"owner_reconcile","data":{"preSnapErr":0.0000,"replayCount":10,"preTick":4982,"postTick":4982,"serverTick":4972,"ackSeq":3513,"simTick":5270},"timestamp":1782243105290}
{"sessionId":"3f83e2","runId":"post-fix7","hypothesisId":"H5","location":"Starship.NetworkMotor:ApplyOwnerPredictedMotorVisuals","message":"owner_display","data":{"alpha":0.710,"renderSpan":0.0000,"frameDelta":0.0000,"speed":F3},"timestamp":1782243105297}
{"sessionId":"3f83e2","runId":"post-fix7","hypothesisId":"H1","location":"Starship.NetworkMotor:ReconcileOwnerFromServer","message":"owner_reconcile","data":{"preSnapErr":0.0000,"replayCount":10,"preTick":4983,"postTick":4983,"serverTick":4973,"ackSeq":3514,"simTick":5271},"timestamp":1782243105309}
{"sessionId":"3f83e2","runId":"post-fix7","hypothesisId":"H2","location":"Starship.NetworkMotor:ClientPredictMotorFixedStep","message":"owner_predict","data":{"tick":4984,"simTick":5271,"serverClock":5274,"tickLead":-287,"speed":0.000,"thrust":0},"timestamp":1782243105311}
{"sessionId":"3f83e2","runId":"post-fix7","hypothesisId":"H1","location":"Starship.NetworkMotor:ReconcileOwnerFromServer","message":"owner_reconcile","data":{"preSnapErr":0.0000,"replayCount":10,"preTick":4985,"postTick":4985,"serverTick":4975,"ackSeq":3516,"simTick":5273},"timestamp":1782243105355}
{"sessionId":"3f83e2","runId":"post-fix7","hypothesisId":"H1","location":"Starship.NetworkMotor:ReconcileOwnerFromServer","message":"owner_reconcile","data":{"preSnapErr":0.0000,"replayCount":11,"preTick":4988,"postTick":4988,"serverTick":4977,"ackSeq":3518,"simTick":5276},"timestamp":1782243105399}
{"sessionId":"3f83e2","runId":"post-fix7","hypothesisId":"H1","location":"Starship.NetworkMotor:ReconcileOwnerFromServer","message":"owner_reconcile","data":{"preSnapErr":0.0000,"replayCount":10,"preTick":4989,"postTick":4989,"serverTick":4979,"ackSeq":3520,"simTick":5277},"timestamp":1782243105422}
{"sessionId":"3f83e2","runId":"post-fix7","hypothesisId":"H1","location":"Starship.NetworkMotor:ReconcileOwnerFromServer","message":"owner_reconcile","data":{"preSnapErr":0.0000,"replayCount":10,"preTick":4990,"postTick":4990,"serverTick":4980,"ackSeq":3521,"simTick":5278},"timestamp":1782243105441}
{"sessionId":"3f83e2","runId":"post-fix7","hypothesisId":"H1","location":"Starship.NetworkMotor:ReconcileOwnerFromServer","message":"owner_reconcile","data":{"preSnapErr":0.0000,"replayCount":10,"preTick":4992,"postTick":4992,"serverTick":4982,"ackSeq":3523,"simTick":5280},"timestamp":1782243105485}
{"sessionId":"3f83e2","runId":"post-fix7","hypothesisId":"H3","location":"Starship.NetworkMotor:ApplyRemoteMotorSnapshotVisuals","message":"remote_display","data":{"renderTickF":4981.457,"latestTick":4982,"simTick":5282,"bufCount":48,"extrapolating":0,"frameDelta":0.0008,"speed":F3},"timestamp":1782243105514}
{"sessionId":"3f83e2","runId":"post-fix7","hypothesisId":"H1","location":"Starship.NetworkMotor:ReconcileOwnerFromServer","message":"owner_reconcile","data":{"preSnapErr":0.0000,"replayCount":10,"preTick":4994,"postTick":4994,"serverTick":4984,"ackSeq":3525,"simTick":5282},"timestamp":1782243105528}
{"sessionId":"3f83e2","runId":"post-fix7","hypothesisId":"H5","location":"Starship.NetworkMotor:ApplyOwnerPredictedMotorVisuals","message":"owner_display","data":{"alpha":0.814,"renderSpan":0.0000,"frameDelta":0.0000,"speed":F3},"timestamp":1782243105558}
{"sessionId":"3f83e2","runId":"post-fix7","hypothesisId":"H1","location":"Starship.NetworkMotor:ReconcileOwnerFromServer","message":"owner_reconcile","data":{"preSnapErr":0.0000,"replayCount":9,"preTick":4996,"postTick":4996,"serverTick":4987,"ackSeq":3528,"simTick":5284},"timestamp":1782243105574}
{"sessionId":"3f83e2","runId":"post-fix7","hypothesisId":"H1","location":"Starship.NetworkMotor:ReconcileOwnerFromServer","message":"owner_reconcile","data":{"preSnapErr":0.0000,"replayCount":10,"preTick":4998,"postTick":4998,"serverTick":4988,"ackSeq":3529,"simTick":5286},"timestamp":1782243105617}
{"sessionId":"3f83e2","runId":"post-fix7","hypothesisId":"H1","location":"Starship.NetworkMotor:ReconcileOwnerFromServer","message":"owner_reconcile","data":{"preSnapErr":0.0000,"replayCount":11,"preTick":5001,"postTick":5001,"serverTick":4990,"ackSeq":3531,"simTick":5289},"timestamp":1782243105655}
{"sessionId":"3f83e2","runId":"post-fix7","hypothesisId":"H1","location":"Starship.NetworkMotor:ReconcileOwnerFromServer","message":"owner_reconcile","data":{"preSnapErr":0.0000,"replayCount":10,"preTick":5002,"postTick":5002,"serverTick":4992,"ackSeq":3533,"simTick":5290},"timestamp":1782243105675}
{"sessionId":"3f83e2","runId":"post-fix7","hypothesisId":"H1","location":"Starship.NetworkMotor:ReconcileOwnerFromServer","message":"owner_reconcile","data":{"preSnapErr":0.0000,"replayCount":10,"preTick":5004,"postTick":5004,"serverTick":4994,"ackSeq":3535,"simTick":5292},"timestamp":1782243105734}
{"sessionId":"3f83e2","runId":"post-fix7","hypothesisId":"H1","location":"Starship.NetworkMotor:ReconcileOwnerFromServer","message":"owner_reconcile","data":{"preSnapErr":0.0000,"replayCount":9,"preTick":5005,"postTick":5005,"serverTick":4996,"ackSeq":3537,"simTick":5293},"timestamp":1782243105754}
{"sessionId":"3f83e2","runId":"post-fix7","hypothesisId":"H3","location":"Starship.NetworkMotor:ApplyRemoteMotorSnapshotVisuals","message":"remote_display","data":{"renderTickF":4995.970,"latestTick":4996,"simTick":5294,"bufCount":48,"extrapolating":0,"frameDelta":0.0009,"speed":F3},"timestamp":1782243105763}
{"sessionId":"3f83e2","runId":"post-fix7","hypothesisId":"H1","location":"Starship.NetworkMotor:ReconcileOwnerFromServer","message":"owner_reconcile","data":{"preSnapErr":0.0000,"replayCount":9,"preTick":5006,"postTick":5006,"serverTick":4997,"ackSeq":3538,"simTick":5294},"timestamp":1782243105778}
{"sessionId":"3f83e2","runId":"post-fix7","hypothesisId":"H2","location":"Starship.NetworkMotor:ClientPredictMotorFixedStep","message":"owner_predict","data":{"tick":5009,"simTick":5296,"serverClock":5299,"tickLead":-287,"speed":0.000,"thrust":0},"timestamp":1782243105800}
{"sessionId":"3f83e2","runId":"post-fix7","hypothesisId":"H5","location":"Starship.NetworkMotor:ApplyOwnerPredictedMotorVisuals","message":"owner_display","data":{"alpha":0.226,"renderSpan":0.0000,"frameDelta":0.0000,"speed":F3},"timestamp":1782243105807}
{"sessionId":"3f83e2","runId":"post-fix7","hypothesisId":"H1","location":"Starship.NetworkMotor:ReconcileOwnerFromServer","message":"owner_reconcile","data":{"preSnapErr":0.0000,"replayCount":10,"preTick":5009,"postTick":5009,"serverTick":4999,"ackSeq":3540,"simTick":5297},"timestamp":1782243105821}
{"sessionId":"3f83e2","runId":"post-fix7","hypothesisId":"H1","location":"Starship.NetworkMotor:ReconcileOwnerFromServer","message":"owner_reconcile","data":{"preSnapErr":0.0000,"replayCount":10,"preTick":5010,"postTick":5010,"serverTick":5000,"ackSeq":3541,"simTick":5298},"timestamp":1782243105841}
{"sessionId":"3f83e2","runId":"post-fix7","hypothesisId":"H1","location":"Starship.NetworkMotor:ReconcileOwnerFromServer","message":"owner_reconcile","data":{"preSnapErr":0.0000,"replayCount":10,"preTick":5012,"postTick":5012,"serverTick":5002,"ackSeq":3543,"simTick":5300},"timestamp":1782243105881}
{"sessionId":"3f83e2","runId":"post-fix7","hypothesisId":"H1","location":"Starship.NetworkMotor:ReconcileOwnerFromServer","message":"owner_reconcile","data":{"preSnapErr":0.0000,"replayCount":10,"preTick":5014,"postTick":5014,"serverTick":5004,"ackSeq":3545,"simTick":5302},"timestamp":1782243105922}
{"sessionId":"3f83e2","runId":"post-fix7","hypothesisId":"H1","location":"Starship.NetworkMotor:ReconcileOwnerFromServer","message":"owner_reconcile","data":{"preSnapErr":0.0000,"replayCount":10,"preTick":5016,"postTick":5016,"serverTick":5006,"ackSeq":3547,"simTick":5304},"timestamp":1782243105963}
{"sessionId":"3f83e2","runId":"post-fix7","hypothesisId":"H1","location":"Starship.NetworkMotor:ReconcileOwnerFromServer","message":"owner_reconcile","data":{"preSnapErr":0.0000,"replayCount":10,"preTick":5017,"postTick":5017,"serverTick":5007,"ackSeq":3548,"simTick":5305},"timestamp":1782243105986}
{"sessionId":"3f83e2","runId":"post-fix7","hypothesisId":"H1","location":"Starship.NetworkMotor:ReconcileOwnerFromServer","message":"owner_reconcile","data":{"preSnapErr":0.0000,"replayCount":10,"preTick":5018,"postTick":5018,"serverTick":5008,"ackSeq":3549,"simTick":5306},"timestamp":1782243106005}
{"sessionId":"3f83e2","runId":"post-fix7","hypothesisId":"H3","location":"Starship.NetworkMotor:ApplyRemoteMotorSnapshotVisuals","message":"remote_display","data":{"renderTickF":5007.505,"latestTick":5008,"simTick":5307,"bufCount":48,"extrapolating":0,"frameDelta":0.0007,"speed":F3},"timestamp":1782243106013}
{"sessionId":"3f83e2","runId":"post-fix7","hypothesisId":"H1","location":"Starship.NetworkMotor:ReconcileOwnerFromServer","message":"owner_reconcile","data":{"preSnapErr":0.0000,"replayCount":10,"preTick":5020,"postTick":5020,"serverTick":5010,"ackSeq":3551,"simTick":5308},"timestamp":1782243106046}
{"sessionId":"3f83e2","runId":"post-fix7","hypothesisId":"H5","location":"Starship.NetworkMotor:ApplyOwnerPredictedMotorVisuals","message":"owner_display","data":{"alpha":0.554,"renderSpan":0.0000,"frameDelta":0.0000,"speed":F3},"timestamp":1782243106054}
{"sessionId":"3f83e2","runId":"post-fix7","hypothesisId":"H1","location":"Starship.NetworkMotor:ReconcileOwnerFromServer","message":"owner_reconcile","data":{"preSnapErr":0.0000,"replayCount":10,"preTick":5022,"postTick":5022,"serverTick":5012,"ackSeq":3553,"simTick":5310},"timestamp":1782243106087}
{"sessionId":"3f83e2","runId":"post-fix7","hypothesisId":"H1","location":"Starship.NetworkMotor:ReconcileOwnerFromServer","message":"owner_reconcile","data":{"preSnapErr":0.0000,"replayCount":10,"preTick":5023,"postTick":5023,"serverTick":5013,"ackSeq":3554,"simTick":5311},"timestamp":1782243106108}
{"sessionId":"3f83e2","runId":"post-fix7","hypothesisId":"H1","location":"Starship.NetworkMotor:ReconcileOwnerFromServer","message":"owner_reconcile","data":{"preSnapErr":0.0000,"replayCount":10,"preTick":5025,"postTick":5025,"serverTick":5015,"ackSeq":3556,"simTick":5313},"timestamp":1782243106147}
{"sessionId":"3f83e2","runId":"post-fix7","hypothesisId":"H1","location":"Starship.NetworkMotor:ReconcileOwnerFromServer","message":"owner_reconcile","data":{"preSnapErr":0.0000,"replayCount":10,"preTick":5027,"postTick":5027,"serverTick":5017,"ackSeq":3558,"simTick":5315},"timestamp":1782243106188}
{"sessionId":"3f83e2","runId":"post-fix7","hypothesisId":"H1","location":"Starship.NetworkMotor:ReconcileOwnerFromServer","message":"owner_reconcile","data":{"preSnapErr":0.0000,"replayCount":10,"preTick":5028,"postTick":5028,"serverTick":5018,"ackSeq":3559,"simTick":5316},"timestamp":1782243106208}
{"sessionId":"3f83e2","runId":"post-fix7","hypothesisId":"H1","location":"Starship.NetworkMotor:ReconcileOwnerFromServer","message":"owner_reconcile","data":{"preSnapErr":0.0000,"replayCount":10,"preTick":5030,"postTick":5030,"serverTick":5020,"ackSeq":3561,"simTick":5318},"timestamp":1782243106248}
{"sessionId":"3f83e2","runId":"post-fix7","hypothesisId":"H3","location":"Starship.NetworkMotor:ApplyRemoteMotorSnapshotVisuals","message":"remote_display","data":{"renderTickF":5019.639,"latestTick":5020,"simTick":5319,"bufCount":48,"extrapolating":0,"frameDelta":0.0008,"speed":F3},"timestamp":1782243106256}
{"sessionId":"3f83e2","runId":"post-fix7","hypothesisId":"H1","location":"Starship.NetworkMotor:ReconcileOwnerFromServer","message":"owner_reconcile","data":{"preSnapErr":0.0000,"replayCount":10,"preTick":5032,"postTick":5032,"serverTick":5022,"ackSeq":3563,"simTick":5320},"timestamp":1782243106289}
{"sessionId":"3f83e2","runId":"post-fix7","hypothesisId":"H5","location":"Starship.NetworkMotor:ApplyOwnerPredictedMotorVisuals","message":"owner_display","data":{"alpha":0.690,"renderSpan":0.0000,"frameDelta":0.0000,"speed":F3},"timestamp":1782243106296}
{"sessionId":"3f83e2","runId":"post-fix7","hypothesisId":"H1","location":"Starship.NetworkMotor:ReconcileOwnerFromServer","message":"owner_reconcile","data":{"preSnapErr":0.0000,"replayCount":10,"preTick":5033,"postTick":5033,"serverTick":5023,"ackSeq":3564,"simTick":5321},"timestamp":1782243106308}
{"sessionId":"3f83e2","runId":"post-fix7","hypothesisId":"H2","location":"Starship.NetworkMotor:ClientPredictMotorFixedStep","message":"owner_predict","data":{"tick":5034,"simTick":5321,"serverClock":5324,"tickLead":-287,"speed":0.000,"thrust":0},"timestamp":1782243106309}
{"sessionId":"3f83e2","runId":"post-fix7","hypothesisId":"H1","location":"Starship.NetworkMotor:ReconcileOwnerFromServer","message":"owner_reconcile","data":{"preSnapErr":0.0000,"replayCount":10,"preTick":5035,"postTick":5035,"serverTick":5025,"ackSeq":3566,"simTick":5323},"timestamp":1782243106347}
{"sessionId":"3f83e2","runId":"post-fix7","hypothesisId":"H1","location":"Starship.NetworkMotor:ReconcileOwnerFromServer","message":"owner_reconcile","data":{"preSnapErr":0.0000,"replayCount":10,"preTick":5037,"postTick":5037,"serverTick":5027,"ackSeq":3568,"simTick":5325},"timestamp":1782243106391}
{"sessionId":"3f83e2","runId":"post-fix7","hypothesisId":"H1","location":"Starship.NetworkMotor:ReconcileOwnerFromServer","message":"owner_reconcile","data":{"preSnapErr":0.0000,"replayCount":10,"preTick":5038,"postTick":5038,"serverTick":5028,"ackSeq":3569,"simTick":5326},"timestamp":1782243106413}
{"sessionId":"3f83e2","runId":"post-fix7","hypothesisId":"H1","location":"Starship.NetworkMotor:ReconcileOwnerFromServer","message":"owner_reconcile","data":{"preSnapErr":0.0000,"replayCount":10,"preTick":5040,"postTick":5040,"serverTick":5030,"ackSeq":3571,"simTick":5328},"timestamp":1782243106452}
{"sessionId":"3f83e2","runId":"post-fix7","hypothesisId":"H1","location":"Starship.NetworkMotor:ReconcileOwnerFromServer","message":"owner_reconcile","data":{"preSnapErr":0.0000,"replayCount":10,"preTick":5042,"postTick":5042,"serverTick":5032,"ackSeq":3573,"simTick":5330},"timestamp":1782243106490}
{"sessionId":"3f83e2","runId":"post-fix7","hypothesisId":"H3","location":"Starship.NetworkMotor:ApplyRemoteMotorSnapshotVisuals","message":"remote_display","data":{"renderTickF":5031.796,"latestTick":5032,"simTick":5331,"bufCount":48,"extrapolating":0,"frameDelta":0.0008,"speed":F3},"timestamp":1782243106499}
{"sessionId":"3f83e2","runId":"post-fix7","hypothesisId":"H1","location":"Starship.NetworkMotor:ReconcileOwnerFromServer","message":"owner_reconcile","data":{"preSnapErr":0.0000,"replayCount":9,"preTick":5043,"postTick":5043,"serverTick":5034,"ackSeq":3575,"simTick":5331},"timestamp":1782243106511}
{"sessionId":"3f83e2","runId":"post-fix7","hypothesisId":"H5","location":"Starship.NetworkMotor:ApplyOwnerPredictedMotorVisuals","message":"owner_display","data":{"alpha":0.769,"renderSpan":0.0000,"frameDelta":0.0000,"speed":F3},"timestamp":1782243106537}
{"sessionId":"3f83e2","runId":"post-fix7","hypothesisId":"H1","location":"Starship.NetworkMotor:ReconcileOwnerFromServer","message":"owner_reconcile","data":{"preSnapErr":0.0000,"replayCount":10,"preTick":5045,"postTick":5045,"serverTick":5035,"ackSeq":3576,"simTick":5333},"timestamp":1782243106551}
{"sessionId":"3f83e2","runId":"post-fix7","hypothesisId":"H1","location":"Starship.NetworkMotor:ReconcileOwnerFromServer","message":"owner_reconcile","data":{"preSnapErr":0.0000,"replayCount":10,"preTick":5047,"postTick":5047,"serverTick":5037,"ackSeq":3578,"simTick":5335},"timestamp":1782243106597}
{"sessionId":"3f83e2","runId":"post-fix7","hypothesisId":"H1","location":"Starship.NetworkMotor:ReconcileOwnerFromServer","message":"owner_reconcile","data":{"preSnapErr":0.0000,"replayCount":10,"preTick":5049,"postTick":5049,"serverTick":5039,"ackSeq":3580,"simTick":5337},"timestamp":1782243106618}
{"sessionId":"3f83e2","runId":"post-fix7","hypothesisId":"H1","location":"Starship.NetworkMotor:ReconcileOwnerFromServer","message":"owner_reconcile","data":{"preSnapErr":0.0000,"replayCount":11,"preTick":5051,"postTick":5051,"serverTick":5040,"ackSeq":3581,"simTick":5339},"timestamp":1782243106657}
{"sessionId":"3f83e2","runId":"post-fix7","hypothesisId":"H1","location":"Starship.NetworkMotor:ReconcileOwnerFromServer","message":"owner_reconcile","data":{"preSnapErr":0.0000,"replayCount":11,"preTick":5053,"postTick":5053,"serverTick":5042,"ackSeq":3583,"simTick":5341},"timestamp":1782243106695}
{"sessionId":"3f83e2","runId":"post-fix7","hypothesisId":"H1","location":"Starship.NetworkMotor:ReconcileOwnerFromServer","message":"owner_reconcile","data":{"preSnapErr":0.0000,"replayCount":10,"preTick":5054,"postTick":5054,"serverTick":5044,"ackSeq":3585,"simTick":5342},"timestamp":1782243106718}
{"sessionId":"3f83e2","runId":"post-fix7","hypothesisId":"H3","location":"Starship.NetworkMotor:ApplyRemoteMotorSnapshotVisuals","message":"remote_display","data":{"renderTickF":5043.075,"latestTick":5044,"simTick":5343,"bufCount":48,"extrapolating":0,"frameDelta":0.0007,"speed":F3},"timestamp":1782243106743}
{"sessionId":"3f83e2","runId":"post-fix7","hypothesisId":"H1","location":"Starship.NetworkMotor:ReconcileOwnerFromServer","message":"owner_reconcile","data":{"preSnapErr":0.0000,"replayCount":11,"preTick":5056,"postTick":5056,"serverTick":5045,"ackSeq":3586,"simTick":5344},"timestamp":1782243106757}
{"sessionId":"3f83e2","runId":"post-fix7","hypothesisId":"H5","location":"Starship.NetworkMotor:ApplyOwnerPredictedMotorVisuals","message":"owner_display","data":{"alpha":0.133,"renderSpan":0.0000,"frameDelta":0.0000,"speed":F3},"timestamp":1782243106784}
{"sessionId":"3f83e2","runId":"post-fix7","hypothesisId":"H1","location":"Starship.NetworkMotor:ReconcileOwnerFromServer","message":"owner_reconcile","data":{"preSnapErr":0.0000,"replayCount":11,"preTick":5058,"postTick":5058,"serverTick":5047,"ackSeq":3588,"simTick":5346},"timestamp":1782243106800}
{"sessionId":"3f83e2","runId":"post-fix7","hypothesisId":"H2","location":"Starship.NetworkMotor:ClientPredictMotorFixedStep","message":"owner_predict","data":{"tick":5059,"simTick":5346,"serverClock":5349,"tickLead":-287,"speed":0.000,"thrust":0},"timestamp":1782243106801}
{"sessionId":"3f83e2","runId":"post-fix7","hypothesisId":"H1","location":"Starship.NetworkMotor:ReconcileOwnerFromServer","message":"owner_reconcile","data":{"preSnapErr":0.0000,"replayCount":10,"preTick":5059,"postTick":5059,"serverTick":5049,"ackSeq":3590,"simTick":5347},"timestamp":1782243106820}
{"sessionId":"3f83e2","runId":"post-fix7","hypothesisId":"H1","location":"Starship.NetworkMotor:ReconcileOwnerFromServer","message":"owner_reconcile","data":{"preSnapErr":0.0000,"replayCount":11,"preTick":5061,"postTick":5061,"serverTick":5050,"ackSeq":3591,"simTick":5349},"timestamp":1782243106860}
{"sessionId":"3f83e2","runId":"post-fix7","hypothesisId":"H1","location":"Starship.NetworkMotor:ReconcileOwnerFromServer","message":"owner_reconcile","data":{"preSnapErr":0.0000,"replayCount":10,"preTick":5062,"postTick":5062,"serverTick":5052,"ackSeq":3593,"simTick":5350},"timestamp":1782243106881}
{"sessionId":"3f83e2","runId":"post-fix7","hypothesisId":"H1","location":"Starship.NetworkMotor:ReconcileOwnerFromServer","message":"owner_reconcile","data":{"preSnapErr":0.0000,"replayCount":10,"preTick":5064,"postTick":5064,"serverTick":5054,"ackSeq":3595,"simTick":5352},"timestamp":1782243106920}
{"sessionId":"3f83e2","runId":"post-fix7","hypothesisId":"H1","location":"Starship.NetworkMotor:ReconcileOwnerFromServer","message":"owner_reconcile","data":{"preSnapErr":0.0000,"replayCount":10,"preTick":5066,"postTick":5066,"serverTick":5056,"ackSeq":3597,"simTick":5354},"timestamp":1782243106961}
{"sessionId":"3f83e2","runId":"post-fix7","hypothesisId":"H1","location":"Starship.NetworkMotor:ReconcileOwnerFromServer","message":"owner_reconcile","data":{"preSnapErr":0.0000,"replayCount":10,"preTick":5067,"postTick":5067,"serverTick":5057,"ackSeq":3598,"simTick":5355},"timestamp":1782243106983}
{"sessionId":"3f83e2","runId":"post-fix7","hypothesisId":"H3","location":"Starship.NetworkMotor:ApplyRemoteMotorSnapshotVisuals","message":"remote_display","data":{"renderTickF":5056.391,"latestTick":5057,"simTick":5356,"bufCount":48,"extrapolating":0,"frameDelta":0.0009,"speed":F3},"timestamp":1782243106990}
{"sessionId":"3f83e2","runId":"post-fix7","hypothesisId":"H1","location":"Starship.NetworkMotor:ReconcileOwnerFromServer","message":"owner_reconcile","data":{"preSnapErr":0.0000,"replayCount":10,"preTick":5068,"postTick":5068,"serverTick":5058,"ackSeq":3599,"simTick":5356},"timestamp":1782243107007}
{"sessionId":"3f83e2","runId":"post-fix7","hypothesisId":"H5","location":"Starship.NetworkMotor:ApplyOwnerPredictedMotorVisuals","message":"owner_display","data":{"alpha":0.610,"renderSpan":0.0000,"frameDelta":0.0000,"speed":F3},"timestamp":1782243107034}
{"sessionId":"3f83e2","runId":"post-fix7","hypothesisId":"H1","location":"Starship.NetworkMotor:ReconcileOwnerFromServer","message":"owner_reconcile","data":{"preSnapErr":0.0000,"replayCount":10,"preTick":5070,"postTick":5070,"serverTick":5060,"ackSeq":3601,"simTick":5358},"timestamp":1782243107048}
{"sessionId":"3f83e2","runId":"post-fix7","hypothesisId":"H1","location":"Starship.NetworkMotor:ReconcileOwnerFromServer","message":"owner_reconcile","data":{"preSnapErr":0.0000,"replayCount":10,"preTick":5072,"postTick":5072,"serverTick":5062,"ackSeq":3603,"simTick":5360},"timestamp":1782243107089}
{"sessionId":"3f83e2","runId":"post-fix7","hypothesisId":"H1","location":"Starship.NetworkMotor:ReconcileOwnerFromServer","message":"owner_reconcile","data":{"preSnapErr":0.0000,"replayCount":9,"preTick":5073,"postTick":5073,"serverTick":5064,"ackSeq":3605,"simTick":5361},"timestamp":1782243107111}
{"sessionId":"3f83e2","runId":"post-fix7","hypothesisId":"H1","location":"Starship.NetworkMotor:ReconcileOwnerFromServer","message":"owner_reconcile","data":{"preSnapErr":0.0000,"replayCount":10,"preTick":5075,"postTick":5075,"serverTick":5065,"ackSeq":3606,"simTick":5363},"timestamp":1782243107151}
{"sessionId":"3f83e2","runId":"post-fix7","hypothesisId":"H1","location":"Starship.NetworkMotor:ReconcileOwnerFromServer","message":"owner_reconcile","data":{"preSnapErr":0.0000,"replayCount":10,"preTick":5077,"postTick":5077,"serverTick":5067,"ackSeq":3608,"simTick":5365},"timestamp":1782243107189}
{"sessionId":"3f83e2","runId":"post-fix7","hypothesisId":"H1","location":"Starship.NetworkMotor:ReconcileOwnerFromServer","message":"owner_reconcile","data":{"preSnapErr":0.0000,"replayCount":9,"preTick":5078,"postTick":5078,"serverTick":5069,"ackSeq":3610,"simTick":5366},"timestamp":1782243107211}
{"sessionId":"3f83e2","runId":"post-fix7","hypothesisId":"H3","location":"Starship.NetworkMotor:ApplyRemoteMotorSnapshotVisuals","message":"remote_display","data":{"renderTickF":5068.862,"latestTick":5069,"simTick":5368,"bufCount":48,"extrapolating":0,"frameDelta":0.0008,"speed":F3},"timestamp":1782243107238}
{"sessionId":"3f83e2","runId":"post-fix7","hypothesisId":"H1","location":"Starship.NetworkMotor:ReconcileOwnerFromServer","message":"owner_reconcile","data":{"preSnapErr":0.0000,"replayCount":10,"preTick":5080,"postTick":5080,"serverTick":5070,"ackSeq":3611,"simTick":5368},"timestamp":1782243107253}
{"sessionId":"3f83e2","runId":"post-fix7","hypothesisId":"H5","location":"Starship.NetworkMotor:ApplyOwnerPredictedMotorVisuals","message":"owner_display","data":{"alpha":0.036,"renderSpan":0.0000,"frameDelta":0.0000,"speed":F3},"timestamp":1782243107285}
{"sessionId":"3f83e2","runId":"post-fix7","hypothesisId":"H1","location":"Starship.NetworkMotor:ReconcileOwnerFromServer","message":"owner_reconcile","data":{"preSnapErr":0.0000,"replayCount":11,"preTick":5083,"postTick":5083,"serverTick":5072,"ackSeq":3613,"simTick":5371},"timestamp":1782243107297}
{"sessionId":"3f83e2","runId":"post-fix7","hypothesisId":"H2","location":"Starship.NetworkMotor:ClientPredictMotorFixedStep","message":"owner_predict","data":{"tick":5084,"simTick":5371,"serverClock":5374,"tickLead":-287,"speed":0.000,"thrust":0},"timestamp":1782243107297}
{"sessionId":"3f83e2","runId":"post-fix7","hypothesisId":"H1","location":"Starship.NetworkMotor:ReconcileOwnerFromServer","message":"owner_reconcile","data":{"preSnapErr":0.0000,"replayCount":10,"preTick":5084,"postTick":5084,"serverTick":5074,"ackSeq":3615,"simTick":5372},"timestamp":1782243107319}
{"sessionId":"3f83e2","runId":"post-fix7","hypothesisId":"H1","location":"Starship.NetworkMotor:ReconcileOwnerFromServer","message":"owner_reconcile","data":{"preSnapErr":0.0000,"replayCount":10,"preTick":5086,"postTick":5086,"serverTick":5076,"ackSeq":3617,"simTick":5374},"timestamp":1782243107359}
{"sessionId":"3f83e2","runId":"post-fix7","hypothesisId":"H1","location":"Starship.NetworkMotor:ReconcileOwnerFromServer","message":"owner_reconcile","data":{"preSnapErr":0.0000,"replayCount":11,"preTick":5088,"postTick":5088,"serverTick":5077,"ackSeq":3618,"simTick":5376},"timestamp":1782243107397}
{"sessionId":"3f83e2","runId":"post-fix7","hypothesisId":"H1","location":"Starship.NetworkMotor:ReconcileOwnerFromServer","message":"owner_reconcile","data":{"preSnapErr":0.0000,"replayCount":11,"preTick":5089,"postTick":5089,"serverTick":5078,"ackSeq":3619,"simTick":5377},"timestamp":1782243107422}
{"sessionId":"3f83e2","runId":"post-fix7","hypothesisId":"H1","location":"Starship.NetworkMotor:ReconcileOwnerFromServer","message":"owner_reconcile","data":{"preSnapErr":0.0000,"replayCount":10,"preTick":5090,"postTick":5090,"serverTick":5080,"ackSeq":3621,"simTick":5378},"timestamp":1782243107443}
{"sessionId":"3f83e2","runId":"post-fix7","hypothesisId":"H1","location":"Starship.NetworkMotor:ReconcileOwnerFromServer","message":"owner_reconcile","data":{"preSnapErr":0.0000,"replayCount":10,"preTick":5092,"postTick":5092,"serverTick":5082,"ackSeq":3623,"simTick":5380},"timestamp":1782243107485}
{"sessionId":"3f83e2","runId":"post-fix7","hypothesisId":"H3","location":"Starship.NetworkMotor:ApplyRemoteMotorSnapshotVisuals","message":"remote_display","data":{"renderTickF":5081.458,"latestTick":5082,"simTick":5381,"bufCount":48,"extrapolating":0,"frameDelta":0.0008,"speed":F3},"timestamp":1782243107492}
{"sessionId":"3f83e2","runId":"post-fix7","hypothesisId":"H1","location":"Starship.NetworkMotor:ReconcileOwnerFromServer","message":"owner_reconcile","data":{"preSnapErr":0.0000,"replayCount":10,"preTick":5093,"postTick":5093,"serverTick":5083,"ackSeq":3624,"simTick":5381},"timestamp":1782243107505}
{"sessionId":"3f83e2","runId":"post-fix7","hypothesisId":"H5","location":"Starship.NetworkMotor:ApplyOwnerPredictedMotorVisuals","message":"owner_display","data":{"alpha":0.579,"renderSpan":0.0000,"frameDelta":0.0000,"speed":F3},"timestamp":1782243107533}
{"sessionId":"3f83e2","runId":"post-fix7","hypothesisId":"H1","location":"Starship.NetworkMotor:ReconcileOwnerFromServer","message":"owner_reconcile","data":{"preSnapErr":0.0000,"replayCount":10,"preTick":5095,"postTick":5095,"serverTick":5085,"ackSeq":3626,"simTick":5383},"timestamp":1782243107546}
{"sessionId":"3f83e2","runId":"post-fix7","hypothesisId":"H1","location":"Starship.NetworkMotor:ReconcileOwnerFromServer","message":"owner_reconcile","data":{"preSnapErr":0.0000,"replayCount":10,"preTick":5097,"postTick":5097,"serverTick":5087,"ackSeq":3628,"simTick":5385},"timestamp":1782243107585}
{"sessionId":"3f83e2","runId":"post-fix7","hypothesisId":"H1","location":"Starship.NetworkMotor:ReconcileOwnerFromServer","message":"owner_reconcile","data":{"preSnapErr":0.0000,"replayCount":10,"preTick":5098,"postTick":5098,"serverTick":5088,"ackSeq":3629,"simTick":5386},"timestamp":1782243107605}
{"sessionId":"3f83e2","runId":"post-fix7","hypothesisId":"H1","location":"Starship.NetworkMotor:ReconcileOwnerFromServer","message":"owner_reconcile","data":{"preSnapErr":0.0000,"replayCount":10,"preTick":5100,"postTick":5100,"serverTick":5090,"ackSeq":3631,"simTick":5388},"timestamp":1782243107646}
{"sessionId":"3f83e2","runId":"post-fix7","hypothesisId":"H1","location":"Starship.NetworkMotor:ReconcileOwnerFromServer","message":"owner_reconcile","data":{"preSnapErr":0.0000,"replayCount":10,"preTick":5102,"postTick":5102,"serverTick":5092,"ackSeq":3633,"simTick":5390},"timestamp":1782243107683}
{"sessionId":"3f83e2","runId":"post-fix7","hypothesisId":"H1","location":"Starship.NetworkMotor:ReconcileOwnerFromServer","message":"owner_reconcile","data":{"preSnapErr":0.0000,"replayCount":10,"preTick":5103,"postTick":5103,"serverTick":5093,"ackSeq":3634,"simTick":5391},"timestamp":1782243107704}
{"sessionId":"3f83e2","runId":"post-fix7","hypothesisId":"H3","location":"Starship.NetworkMotor:ApplyRemoteMotorSnapshotVisuals","message":"remote_display","data":{"renderTickF":5092.427,"latestTick":5093,"simTick":5393,"bufCount":48,"extrapolating":0,"frameDelta":0.0007,"speed":F3},"timestamp":1782243107730}
{"sessionId":"3f83e2","runId":"post-fix7","hypothesisId":"H1","location":"Starship.NetworkMotor:ReconcileOwnerFromServer","message":"owner_reconcile","data":{"preSnapErr":0.0000,"replayCount":10,"preTick":5105,"postTick":5105,"serverTick":5095,"ackSeq":3636,"simTick":5393},"timestamp":1782243107744}
{"sessionId":"3f83e2","runId":"post-fix7","hypothesisId":"H5","location":"Starship.NetworkMotor:ApplyOwnerPredictedMotorVisuals","message":"owner_display","data":{"alpha":0.374,"renderSpan":0.0000,"frameDelta":0.0000,"speed":F3},"timestamp":1782243107770}
{"sessionId":"3f83e2","runId":"post-fix7","hypothesisId":"H1","location":"Starship.NetworkMotor:ReconcileOwnerFromServer","message":"owner_reconcile","data":{"preSnapErr":0.0000,"replayCount":10,"preTick":5107,"postTick":5107,"serverTick":5097,"ackSeq":3638,"simTick":5395},"timestamp":1782243107783}
{"sessionId":"3f83e2","runId":"post-fix7","hypothesisId":"H2","location":"Starship.NetworkMotor:ClientPredictMotorFixedStep","message":"owner_predict","data":{"tick":5109,"simTick":5396,"serverClock":5399,"tickLead":-287,"speed":0.000,"thrust":0},"timestamp":1782243107804}
{"sessionId":"3f83e2","runId":"post-fix7","hypothesisId":"H1","location":"Starship.NetworkMotor:ReconcileOwnerFromServer","message":"owner_reconcile","data":{"preSnapErr":0.0000,"replayCount":10,"preTick":5109,"postTick":5109,"serverTick":5099,"ackSeq":3640,"simTick":5397},"timestamp":1782243107824}
{"sessionId":"3f83e2","runId":"post-fix7","hypothesisId":"H1","location":"Starship.NetworkMotor:ReconcileOwnerFromServer","message":"owner_reconcile","data":{"preSnapErr":0.0000,"replayCount":10,"preTick":5110,"postTick":5110,"serverTick":5100,"ackSeq":3641,"simTick":5398},"timestamp":1782243107849}
{"sessionId":"3f83e2","runId":"post-fix7","hypothesisId":"H1","location":"Starship.NetworkMotor:ReconcileOwnerFromServer","message":"owner_reconcile","data":{"preSnapErr":0.0000,"replayCount":10,"preTick":5112,"postTick":5112,"serverTick":5102,"ackSeq":3643,"simTick":5400},"timestamp":1782243107890}
{"sessionId":"3f83e2","runId":"post-fix7","hypothesisId":"H1","location":"Starship.NetworkMotor:ReconcileOwnerFromServer","message":"owner_reconcile","data":{"preSnapErr":0.0000,"replayCount":10,"preTick":5114,"postTick":5114,"serverTick":5104,"ackSeq":3645,"simTick":5402},"timestamp":1782243107929}
{"sessionId":"3f83e2","runId":"post-fix7","hypothesisId":"H1","location":"Starship.NetworkMotor:ReconcileOwnerFromServer","message":"owner_reconcile","data":{"preSnapErr":0.0000,"replayCount":10,"preTick":5115,"postTick":5115,"serverTick":5105,"ackSeq":3646,"simTick":5403},"timestamp":1782243107951}
{"sessionId":"3f83e2","runId":"post-fix7","hypothesisId":"H1","location":"Starship.NetworkMotor:ReconcileOwnerFromServer","message":"owner_reconcile","data":{"preSnapErr":0.0000,"replayCount":9,"preTick":5116,"postTick":5116,"serverTick":5107,"ackSeq":3648,"simTick":5404},"timestamp":1782243107971}
{"sessionId":"3f83e2","runId":"post-fix7","hypothesisId":"H3","location":"Starship.NetworkMotor:ApplyRemoteMotorSnapshotVisuals","message":"remote_display","data":{"renderTickF":5106.820,"latestTick":5107,"simTick":5405,"bufCount":48,"extrapolating":0,"frameDelta":0.0009,"speed":F3},"timestamp":1782243107980}
{"sessionId":"3f83e2","runId":"post-fix7","hypothesisId":"H1","location":"Starship.NetworkMotor:ReconcileOwnerFromServer","message":"owner_reconcile","data":{"preSnapErr":0.0000,"replayCount":10,"preTick":5118,"postTick":5118,"serverTick":5108,"ackSeq":3649,"simTick":5406},"timestamp":1782243108013}
{"sessionId":"3f83e2","runId":"post-fix7","hypothesisId":"H5","location":"Starship.NetworkMotor:ApplyOwnerPredictedMotorVisuals","message":"owner_display","data":{"alpha":0.892,"renderSpan":0.0000,"frameDelta":0.0000,"speed":F3},"timestamp":1782243108020}
{"sessionId":"3f83e2","runId":"post-fix7","hypothesisId":"H1","location":"Starship.NetworkMotor:ReconcileOwnerFromServer","message":"owner_reconcile","data":{"preSnapErr":0.0000,"replayCount":10,"preTick":5120,"postTick":5120,"serverTick":5110,"ackSeq":3651,"simTick":5408},"timestamp":1782243108055}
{"sessionId":"3f83e2","runId":"post-fix7","hypothesisId":"H1","location":"Starship.NetworkMotor:ReconcileOwnerFromServer","message":"owner_reconcile","data":{"preSnapErr":0.0000,"replayCount":11,"preTick":5123,"postTick":5123,"serverTick":5112,"ackSeq":3653,"simTick":5411},"timestamp":1782243108096}
{"sessionId":"3f83e2","runId":"post-fix7","hypothesisId":"H1","location":"Starship.NetworkMotor:ReconcileOwnerFromServer","message":"owner_reconcile","data":{"preSnapErr":0.0000,"replayCount":11,"preTick":5124,"postTick":5124,"serverTick":5113,"ackSeq":3654,"simTick":5412},"timestamp":1782243108117}
{"sessionId":"3f83e2","runId":"post-fix7","hypothesisId":"H1","location":"Starship.NetworkMotor:ReconcileOwnerFromServer","message":"owner_reconcile","data":{"preSnapErr":0.0000,"replayCount":11,"preTick":5126,"postTick":5126,"serverTick":5115,"ackSeq":3656,"simTick":5413},"timestamp":1782243108170}
{"sessionId":"3f83e2","runId":"post-fix7","hypothesisId":"H1","location":"Starship.NetworkMotor:ReconcileOwnerFromServer","message":"owner_reconcile","data":{"preSnapErr":0.0000,"replayCount":10,"preTick":5127,"postTick":5127,"serverTick":5117,"ackSeq":3658,"simTick":5414},"timestamp":1782243108188}
{"sessionId":"3f83e2","runId":"post-fix7","hypothesisId":"H3","location":"Starship.NetworkMotor:ApplyRemoteMotorSnapshotVisuals","message":"remote_display","data":{"renderTickF":5116.608,"latestTick":5117,"simTick":5416,"bufCount":48,"extrapolating":0,"frameDelta":0.0006,"speed":F3},"timestamp":1782243108214}
{"sessionId":"3f83e2","runId":"post-fix7","hypothesisId":"H1","location":"Starship.NetworkMotor:ReconcileOwnerFromServer","message":"owner_reconcile","data":{"preSnapErr":0.0000,"replayCount":10,"preTick":5129,"postTick":5129,"serverTick":5119,"ackSeq":3660,"simTick":5416},"timestamp":1782243108226}
{"sessionId":"3f83e2","runId":"post-fix7","hypothesisId":"H5","location":"Starship.NetworkMotor:ApplyOwnerPredictedMotorVisuals","message":"owner_display","data":{"alpha":0.621,"renderSpan":0.0000,"frameDelta":0.0000,"speed":F3},"timestamp":1782243108253}
{"sessionId":"3f83e2","runId":"post-fix7","hypothesisId":"H1","location":"Starship.NetworkMotor:ReconcileOwnerFromServer","message":"owner_reconcile","data":{"preSnapErr":0.0000,"replayCount":10,"preTick":5131,"postTick":5131,"serverTick":5121,"ackSeq":3662,"simTick":5418},"timestamp":1782243108270}
{"sessionId":"3f83e2","runId":"post-fix7","hypothesisId":"H1","location":"Starship.NetworkMotor:ReconcileOwnerFromServer","message":"owner_reconcile","data":{"preSnapErr":0.0000,"replayCount":10,"preTick":5132,"postTick":5132,"serverTick":5122,"ackSeq":3663,"simTick":5419},"timestamp":1782243108290}
{"sessionId":"3f83e2","runId":"post-fix7","hypothesisId":"H1","location":"Starship.NetworkMotor:ReconcileOwnerFromServer","message":"owner_reconcile","data":{"preSnapErr":0.0000,"replayCount":10,"preTick":5133,"postTick":5133,"serverTick":5123,"ackSeq":3664,"simTick":5420},"timestamp":1782243108310}
{"sessionId":"3f83e2","runId":"post-fix7","hypothesisId":"H2","location":"Starship.NetworkMotor:ClientPredictMotorFixedStep","message":"owner_predict","data":{"tick":5134,"simTick":5420,"serverClock":5424,"tickLead":-286,"speed":0.000,"thrust":0},"timestamp":1782243108310}
{"sessionId":"3f83e2","runId":"post-fix7","hypothesisId":"H1","location":"Starship.NetworkMotor:ReconcileOwnerFromServer","message":"owner_reconcile","data":{"preSnapErr":0.0000,"replayCount":10,"preTick":5135,"postTick":5135,"serverTick":5125,"ackSeq":3666,"simTick":5422},"timestamp":1782243108350}
{"sessionId":"3f83e2","runId":"post-fix7","hypothesisId":"H1","location":"Starship.NetworkMotor:ReconcileOwnerFromServer","message":"owner_reconcile","data":{"preSnapErr":0.0000,"replayCount":10,"preTick":5137,"postTick":5137,"serverTick":5127,"ackSeq":3668,"simTick":5424},"timestamp":1782243108389}
{"sessionId":"3f83e2","runId":"post-fix7","hypothesisId":"H1","location":"Starship.NetworkMotor:ReconcileOwnerFromServer","message":"owner_reconcile","data":{"preSnapErr":0.0000,"replayCount":10,"preTick":5138,"postTick":5138,"serverTick":5128,"ackSeq":3669,"simTick":5425},"timestamp":1782243108409}
{"sessionId":"3f83e2","runId":"post-fix7","hypothesisId":"H1","location":"Starship.NetworkMotor:ReconcileOwnerFromServer","message":"owner_reconcile","data":{"preSnapErr":0.0000,"replayCount":10,"preTick":5140,"postTick":5140,"serverTick":5130,"ackSeq":3671,"simTick":5427},"timestamp":1782243108449}
{"sessionId":"3f83e2","runId":"post-fix7","hypothesisId":"H3","location":"Starship.NetworkMotor:ApplyRemoteMotorSnapshotVisuals","message":"remote_display","data":{"renderTickF":5129.716,"latestTick":5130,"simTick":5428,"bufCount":48,"extrapolating":0,"frameDelta":0.0008,"speed":F3},"timestamp":1782243108458}
{"sessionId":"3f83e2","runId":"post-fix7","hypothesisId":"H1","location":"Starship.NetworkMotor:ReconcileOwnerFromServer","message":"owner_reconcile","data":{"preSnapErr":0.0000,"replayCount":10,"preTick":5142,"postTick":5142,"serverTick":5132,"ackSeq":3673,"simTick":5429},"timestamp":1782243108491}
{"sessionId":"3f83e2","runId":"post-fix7","hypothesisId":"H5","location":"Starship.NetworkMotor:ApplyOwnerPredictedMotorVisuals","message":"owner_display","data":{"alpha":0.783,"renderSpan":0.0000,"frameDelta":0.0000,"speed":F3},"timestamp":1782243108497}
{"sessionId":"3f83e2","runId":"post-fix7","hypothesisId":"H1","location":"Starship.NetworkMotor:ReconcileOwnerFromServer","message":"owner_reconcile","data":{"preSnapErr":0.0000,"replayCount":10,"preTick":5144,"postTick":5144,"serverTick":5134,"ackSeq":3675,"simTick":5431},"timestamp":1782243108528}
{"sessionId":"3f83e2","runId":"post-fix7","hypothesisId":"H1","location":"Starship.NetworkMotor:ReconcileOwnerFromServer","message":"owner_reconcile","data":{"preSnapErr":0.0000,"replayCount":9,"preTick":5145,"postTick":5145,"serverTick":5136,"ackSeq":3677,"simTick":5432},"timestamp":1782243108550}
{"sessionId":"3f83e2","runId":"post-fix7","hypothesisId":"H1","location":"Starship.NetworkMotor:ReconcileOwnerFromServer","message":"owner_reconcile","data":{"preSnapErr":0.0000,"replayCount":9,"preTick":5146,"postTick":5146,"serverTick":5137,"ackSeq":3678,"simTick":5433},"timestamp":1782243108570}
{"sessionId":"3f83e2","runId":"post-fix7","hypothesisId":"H1","location":"Starship.NetworkMotor:ReconcileOwnerFromServer","message":"owner_reconcile","data":{"preSnapErr":0.0000,"replayCount":10,"preTick":5148,"postTick":5148,"serverTick":5138,"ackSeq":3679,"simTick":5435},"timestamp":1782243108607}
{"sessionId":"3f83e2","runId":"post-fix7","hypothesisId":"H1","location":"Starship.NetworkMotor:ReconcileOwnerFromServer","message":"owner_reconcile","data":{"preSnapErr":0.0000,"replayCount":11,"preTick":5151,"postTick":5151,"serverTick":5140,"ackSeq":3681,"simTick":5438},"timestamp":1782243108663}
{"sessionId":"3f83e2","runId":"post-fix7","hypothesisId":"H1","location":"Starship.NetworkMotor:ReconcileOwnerFromServer","message":"owner_reconcile","data":{"preSnapErr":0.0000,"replayCount":10,"preTick":5152,"postTick":5152,"serverTick":5142,"ackSeq":3683,"simTick":5439},"timestamp":1782243108689}
{"sessionId":"3f83e2","runId":"post-fix7","hypothesisId":"H3","location":"Starship.NetworkMotor:ApplyRemoteMotorSnapshotVisuals","message":"remote_display","data":{"renderTickF":5141.697,"latestTick":5142,"simTick":5440,"bufCount":48,"extrapolating":0,"frameDelta":0.0008,"speed":F3},"timestamp":1782243108697}
{"sessionId":"3f83e2","runId":"post-fix7","hypothesisId":"H1","location":"Starship.NetworkMotor:ReconcileOwnerFromServer","message":"owner_reconcile","data":{"preSnapErr":0.0000,"replayCount":10,"preTick":5154,"postTick":5154,"serverTick":5144,"ackSeq":3685,"simTick":5441},"timestamp":1782243108729}
{"sessionId":"3f83e2","runId":"post-fix7","hypothesisId":"H5","location":"Starship.NetworkMotor:ApplyOwnerPredictedMotorVisuals","message":"owner_display","data":{"alpha":0.716,"renderSpan":0.0000,"frameDelta":0.0000,"speed":F3},"timestamp":1782243108736}
{"sessionId":"3f83e2","runId":"post-fix7","hypothesisId":"H1","location":"Starship.NetworkMotor:ReconcileOwnerFromServer","message":"owner_reconcile","data":{"preSnapErr":0.0000,"replayCount":10,"preTick":5155,"postTick":5155,"serverTick":5145,"ackSeq":3686,"simTick":5442},"timestamp":1782243108751}
{"sessionId":"3f83e2","runId":"post-fix7","hypothesisId":"H1","location":"Starship.NetworkMotor:ReconcileOwnerFromServer","message":"owner_reconcile","data":{"preSnapErr":0.0000,"replayCount":10,"preTick":5157,"postTick":5157,"serverTick":5147,"ackSeq":3688,"simTick":5444},"timestamp":1782243108792}
{"sessionId":"3f83e2","runId":"post-fix7","hypothesisId":"H2","location":"Starship.NetworkMotor:ClientPredictMotorFixedStep","message":"owner_predict","data":{"tick":5159,"simTick":5445,"serverClock":5449,"tickLead":-286,"speed":0.000,"thrust":0},"timestamp":1782243108814}
{"sessionId":"3f83e2","runId":"post-fix7","hypothesisId":"H1","location":"Starship.NetworkMotor:ReconcileOwnerFromServer","message":"owner_reconcile","data":{"preSnapErr":0.0000,"replayCount":10,"preTick":5159,"postTick":5159,"serverTick":5149,"ackSeq":3690,"simTick":5446},"timestamp":1782243108833}
{"sessionId":"3f83e2","runId":"post-fix7","hypothesisId":"H1","location":"Starship.NetworkMotor:ReconcileOwnerFromServer","message":"owner_reconcile","data":{"preSnapErr":0.0000,"replayCount":10,"preTick":5160,"postTick":5160,"serverTick":5150,"ackSeq":3691,"simTick":5448},"timestamp":1782243108854}
{"sessionId":"3f83e2","runId":"post-fix7","hypothesisId":"H1","location":"Starship.NetworkMotor:ReconcileOwnerFromServer","message":"owner_reconcile","data":{"preSnapErr":0.0000,"replayCount":9,"preTick":5161,"postTick":5161,"serverTick":5152,"ackSeq":3693,"simTick":5449},"timestamp":1782243108874}
{"sessionId":"3f83e2","runId":"post-fix7","hypothesisId":"H1","location":"Starship.NetworkMotor:ReconcileOwnerFromServer","message":"owner_reconcile","data":{"preSnapErr":0.0000,"replayCount":11,"preTick":5164,"postTick":5164,"serverTick":5153,"ackSeq":3694,"simTick":5452},"timestamp":1782243108918}
{"sessionId":"3f83e2","runId":"post-fix7","hypothesisId":"H3","location":"Starship.NetworkMotor:ApplyRemoteMotorSnapshotVisuals","message":"remote_display","data":{"renderTickF":5152.176,"latestTick":5153,"simTick":5453,"bufCount":48,"extrapolating":0,"frameDelta":0.0007,"speed":F3},"timestamp":1782243108946}
{"sessionId":"3f83e2","runId":"post-fix7","hypothesisId":"H1","location":"Starship.NetworkMotor:ReconcileOwnerFromServer","message":"owner_reconcile","data":{"preSnapErr":0.0000,"replayCount":11,"preTick":5166,"postTick":5166,"serverTick":5155,"ackSeq":3696,"simTick":5454},"timestamp":1782243108960}
{"sessionId":"3f83e2","runId":"post-fix7","hypothesisId":"H5","location":"Starship.NetworkMotor:ApplyOwnerPredictedMotorVisuals","message":"owner_display","data":{"alpha":0.219,"renderSpan":0.0000,"frameDelta":0.0000,"speed":F3},"timestamp":1782243108986}
{"sessionId":"3f83e2","runId":"post-fix7","hypothesisId":"H1","location":"Starship.NetworkMotor:ReconcileOwnerFromServer","message":"owner_reconcile","data":{"preSnapErr":0.0000,"replayCount":11,"preTick":5168,"postTick":5168,"serverTick":5157,"ackSeq":3698,"simTick":5456},"timestamp":1782243108998}
{"sessionId":"3f83e2","runId":"post-fix7","hypothesisId":"H1","location":"Starship.NetworkMotor:ReconcileOwnerFromServer","message":"owner_reconcile","data":{"preSnapErr":0.0000,"replayCount":10,"preTick":5169,"postTick":5169,"serverTick":5159,"ackSeq":3700,"simTick":5457},"timestamp":1782243109019}
{"sessionId":"3f83e2","runId":"post-fix7","hypothesisId":"H1","location":"Starship.NetworkMotor:ReconcileOwnerFromServer","message":"owner_reconcile","data":{"preSnapErr":0.0000,"replayCount":10,"preTick":5170,"postTick":5170,"serverTick":5160,"ackSeq":3701,"simTick":5458},"timestamp":1782243109038}
{"sessionId":"3f83e2","runId":"post-fix7","hypothesisId":"H1","location":"Starship.NetworkMotor:ReconcileOwnerFromServer","message":"owner_reconcile","data":{"preSnapErr":0.0000,"replayCount":10,"preTick":5172,"postTick":5172,"serverTick":5162,"ackSeq":3703,"simTick":5460},"timestamp":1782243109079}
{"sessionId":"3f83e2","runId":"post-fix7","hypothesisId":"H1","location":"Starship.NetworkMotor:ReconcileOwnerFromServer","message":"owner_reconcile","data":{"preSnapErr":0.0000,"replayCount":10,"preTick":5174,"postTick":5174,"serverTick":5164,"ackSeq":3705,"simTick":5462},"timestamp":1782243109125}
{"sessionId":"3f83e2","runId":"post-fix7","hypothesisId":"H1","location":"Starship.NetworkMotor:ReconcileOwnerFromServer","message":"owner_reconcile","data":{"preSnapErr":0.0000,"replayCount":10,"preTick":5175,"postTick":5175,"serverTick":5165,"ackSeq":3706,"simTick":5463},"timestamp":1782243109146}
{"sessionId":"3f83e2","runId":"post-fix7","hypothesisId":"H1","location":"Starship.NetworkMotor:ReconcileOwnerFromServer","message":"owner_reconcile","data":{"preSnapErr":0.0000,"replayCount":10,"preTick":5177,"postTick":5177,"serverTick":5167,"ackSeq":3708,"simTick":5465},"timestamp":1782243109182}
{"sessionId":"3f83e2","runId":"post-fix7","hypothesisId":"H3","location":"Starship.NetworkMotor:ApplyRemoteMotorSnapshotVisuals","message":"remote_display","data":{"renderTickF":5166.386,"latestTick":5167,"simTick":5466,"bufCount":48,"extrapolating":0,"frameDelta":0.0009,"speed":F3},"timestamp":1782243109191}
{"sessionId":"3f83e2","runId":"post-fix7","hypothesisId":"H1","location":"Starship.NetworkMotor:ReconcileOwnerFromServer","message":"owner_reconcile","data":{"preSnapErr":0.0000,"replayCount":10,"preTick":5179,"postTick":5179,"serverTick":5169,"ackSeq":3710,"simTick":5467},"timestamp":1782243109224}
{"sessionId":"3f83e2","runId":"post-fix7","hypothesisId":"H5","location":"Starship.NetworkMotor:ApplyOwnerPredictedMotorVisuals","message":"owner_display","data":{"alpha":0.485,"renderSpan":0.0000,"frameDelta":0.0000,"speed":F3},"timestamp":1782243109232}
{"sessionId":"3f83e2","runId":"post-fix7","hypothesisId":"H1","location":"Starship.NetworkMotor:ReconcileOwnerFromServer","message":"owner_reconcile","data":{"preSnapErr":0.0000,"replayCount":10,"preTick":5180,"postTick":5180,"serverTick":5170,"ackSeq":3711,"simTick":5468},"timestamp":1782243109247}
{"sessionId":"3f83e2","runId":"post-fix7","hypothesisId":"H1","location":"Starship.NetworkMotor:ReconcileOwnerFromServer","message":"owner_reconcile","data":{"preSnapErr":0.0000,"replayCount":10,"preTick":5182,"postTick":5182,"serverTick":5172,"ackSeq":3713,"simTick":5470},"timestamp":1782243109287}
{"sessionId":"3f83e2","runId":"post-fix7","hypothesisId":"H1","location":"Starship.NetworkMotor:ReconcileOwnerFromServer","message":"owner_reconcile","data":{"preSnapErr":0.0000,"replayCount":10,"preTick":5183,"postTick":5183,"serverTick":5173,"ackSeq":3714,"simTick":5471},"timestamp":1782243109311}
{"sessionId":"3f83e2","runId":"post-fix7","hypothesisId":"H2","location":"Starship.NetworkMotor:ClientPredictMotorFixedStep","message":"owner_predict","data":{"tick":5184,"simTick":5471,"serverClock":5474,"tickLead":-287,"speed":0.000,"thrust":0},"timestamp":1782243109311}
{"sessionId":"3f83e2","runId":"post-fix7","hypothesisId":"H1","location":"Starship.NetworkMotor:ReconcileOwnerFromServer","message":"owner_reconcile","data":{"preSnapErr":0.0000,"replayCount":10,"preTick":5185,"postTick":5185,"serverTick":5175,"ackSeq":3716,"simTick":5473},"timestamp":1782243109349}
{"sessionId":"3f83e2","runId":"post-fix7","hypothesisId":"H1","location":"Starship.NetworkMotor:ReconcileOwnerFromServer","message":"owner_reconcile","data":{"preSnapErr":0.0000,"replayCount":10,"preTick":5187,"postTick":5187,"serverTick":5177,"ackSeq":3718,"simTick":5475},"timestamp":1782243109389}
{"sessionId":"3f83e2","runId":"post-fix7","hypothesisId":"H1","location":"Starship.NetworkMotor:ReconcileOwnerFromServer","message":"owner_reconcile","data":{"preSnapErr":0.0000,"replayCount":9,"preTick":5188,"postTick":5188,"serverTick":5179,"ackSeq":3720,"simTick":5476},"timestamp":1782243109411}
{"sessionId":"3f83e2","runId":"post-fix7","hypothesisId":"H3","location":"Starship.NetworkMotor:ApplyRemoteMotorSnapshotVisuals","message":"remote_display","data":{"renderTickF":5178.798,"latestTick":5179,"simTick":5478,"bufCount":48,"extrapolating":0,"frameDelta":0.0008,"speed":F3},"timestamp":1782243109438}
{"sessionId":"3f83e2","runId":"post-fix7","hypothesisId":"H1","location":"Starship.NetworkMotor:ReconcileOwnerFromServer","message":"owner_reconcile","data":{"preSnapErr":0.0000,"replayCount":10,"preTick":5190,"postTick":5190,"serverTick":5180,"ackSeq":3721,"simTick":5478},"timestamp":1782243109450}
{"sessionId":"3f83e2","runId":"post-fix7","hypothesisId":"H5","location":"Starship.NetworkMotor:ApplyOwnerPredictedMotorVisuals","message":"owner_display","data":{"alpha":0.697,"renderSpan":0.0000,"frameDelta":0.0000,"speed":F3},"timestamp":1782243109476}
{"sessionId":"3f83e2","runId":"post-fix7","hypothesisId":"H1","location":"Starship.NetworkMotor:ReconcileOwnerFromServer","message":"owner_reconcile","data":{"preSnapErr":0.0000,"replayCount":10,"preTick":5192,"postTick":5192,"serverTick":5182,"ackSeq":3723,"simTick":5480},"timestamp":1782243109488}
{"sessionId":"3f83e2","runId":"post-fix7","hypothesisId":"H1","location":"Starship.NetworkMotor:ReconcileOwnerFromServer","message":"owner_reconcile","data":{"preSnapErr":0.0000,"replayCount":10,"preTick":5194,"postTick":5194,"serverTick":5184,"ackSeq":3725,"simTick":5482},"timestamp":1782243109531}
{"sessionId":"3f83e2","runId":"post-fix7","hypothesisId":"H1","location":"Starship.NetworkMotor:ReconcileOwnerFromServer","message":"owner_reconcile","data":{"preSnapErr":0.0000,"replayCount":9,"preTick":5195,"postTick":5195,"serverTick":5186,"ackSeq":3727,"simTick":5483},"timestamp":1782243109551}
{"sessionId":"3f83e2","runId":"post-fix7","hypothesisId":"H1","location":"Starship.NetworkMotor:ReconcileOwnerFromServer","message":"owner_reconcile","data":{"preSnapErr":0.0000,"replayCount":10,"preTick":5198,"postTick":5198,"serverTick":5188,"ackSeq":3729,"simTick":5486},"timestamp":1782243109611}
{"sessionId":"3f83e2","runId":"post-fix7","hypothesisId":"H1","location":"Starship.NetworkMotor:ReconcileOwnerFromServer","message":"owner_reconcile","data":{"preSnapErr":0.0000,"replayCount":10,"preTick":5200,"postTick":5200,"serverTick":5190,"ackSeq":3731,"simTick":5488},"timestamp":1782243109651}
{"sessionId":"3f83e2","runId":"post-fix7","hypothesisId":"H3","location":"Starship.NetworkMotor:ApplyRemoteMotorSnapshotVisuals","message":"remote_display","data":{"renderTickF":5189.792,"latestTick":5190,"simTick":5490,"bufCount":48,"extrapolating":0,"frameDelta":0.0007,"speed":F3},"timestamp":1782243109677}
{"sessionId":"3f83e2","runId":"post-fix7","hypothesisId":"H1","location":"Starship.NetworkMotor:ReconcileOwnerFromServer","message":"owner_reconcile","data":{"preSnapErr":0.0000,"replayCount":10,"preTick":5202,"postTick":5202,"serverTick":5192,"ackSeq":3733,"simTick":5490},"timestamp":1782243109690}
{"sessionId":"3f83e2","runId":"post-fix7","hypothesisId":"H1","location":"Starship.NetworkMotor:ReconcileOwnerFromServer","message":"owner_reconcile","data":{"preSnapErr":0.0000,"replayCount":10,"preTick":5203,"postTick":5203,"serverTick":5193,"ackSeq":3734,"simTick":5491},"timestamp":1782243109714}
{"sessionId":"3f83e2","runId":"post-fix7","hypothesisId":"H5","location":"Starship.NetworkMotor:ApplyOwnerPredictedMotorVisuals","message":"owner_display","data":{"alpha":0.970,"renderSpan":0.0000,"frameDelta":0.0000,"speed":F3},"timestamp":1782243109722}
{"sessionId":"3f83e2","runId":"post-fix7","hypothesisId":"H1","location":"Starship.NetworkMotor:ReconcileOwnerFromServer","message":"owner_reconcile","data":{"preSnapErr":0.0000,"replayCount":10,"preTick":5205,"postTick":5205,"serverTick":5195,"ackSeq":3736,"simTick":5493},"timestamp":1782243109752}
{"sessionId":"3f83e2","runId":"post-fix7","hypothesisId":"H1","location":"Starship.NetworkMotor:ReconcileOwnerFromServer","message":"owner_reconcile","data":{"preSnapErr":0.0000,"replayCount":10,"preTick":5207,"postTick":5207,"serverTick":5197,"ackSeq":3738,"simTick":5495},"timestamp":1782243109791}
{"sessionId":"3f83e2","runId":"post-fix7","hypothesisId":"H2","location":"Starship.NetworkMotor:ClientPredictMotorFixedStep","message":"owner_predict","data":{"tick":5209,"simTick":5496,"serverClock":5499,"tickLead":-287,"speed":0.000,"thrust":0},"timestamp":1782243109812}
{"sessionId":"3f83e2","runId":"post-fix7","hypothesisId":"H1","location":"Starship.NetworkMotor:ReconcileOwnerFromServer","message":"owner_reconcile","data":{"preSnapErr":0.0000,"replayCount":10,"preTick":5209,"postTick":5209,"serverTick":5199,"ackSeq":3740,"simTick":5497},"timestamp":1782243109834}
{"sessionId":"3f83e2","runId":"post-fix7","hypothesisId":"H1","location":"Starship.NetworkMotor:ReconcileOwnerFromServer","message":"owner_reconcile","data":{"preSnapErr":0.0000,"replayCount":10,"preTick":5210,"postTick":5210,"serverTick":5200,"ackSeq":3741,"simTick":5498},"timestamp":1782243109855}
{"sessionId":"3f83e2","runId":"post-fix7","hypothesisId":"H1","location":"Starship.NetworkMotor:ReconcileOwnerFromServer","message":"owner_reconcile","data":{"preSnapErr":0.0000,"replayCount":11,"preTick":5213,"postTick":5213,"serverTick":5202,"ackSeq":3743,"simTick":5501},"timestamp":1782243109897}
{"sessionId":"3f83e2","runId":"post-fix7","hypothesisId":"H1","location":"Starship.NetworkMotor:ReconcileOwnerFromServer","message":"owner_reconcile","data":{"preSnapErr":0.0000,"replayCount":11,"preTick":5214,"postTick":5214,"serverTick":5203,"ackSeq":3744,"simTick":5502},"timestamp":1782243109921}
{"sessionId":"3f83e2","runId":"post-fix7","hypothesisId":"H3","location":"Starship.NetworkMotor:ApplyRemoteMotorSnapshotVisuals","message":"remote_display","data":{"renderTickF":5202.293,"latestTick":5203,"simTick":5503,"bufCount":48,"extrapolating":0,"frameDelta":0.0008,"speed":F3},"timestamp":1782243109927}
{"sessionId":"3f83e2","runId":"post-fix7","hypothesisId":"H1","location":"Starship.NetworkMotor:ReconcileOwnerFromServer","message":"owner_reconcile","data":{"preSnapErr":0.0000,"replayCount":10,"preTick":5215,"postTick":5215,"serverTick":5205,"ackSeq":3746,"simTick":5503},"timestamp":1782243109939}
{"sessionId":"3f83e2","runId":"post-fix7","hypothesisId":"H5","location":"Starship.NetworkMotor:ApplyOwnerPredictedMotorVisuals","message":"owner_display","data":{"alpha":0.230,"renderSpan":0.0000,"frameDelta":0.0000,"speed":F3},"timestamp":1782243109966}
{"sessionId":"3f83e2","runId":"post-fix7","hypothesisId":"H1","location":"Starship.NetworkMotor:ReconcileOwnerFromServer","message":"owner_reconcile","data":{"preSnapErr":0.0000,"replayCount":10,"preTick":5217,"postTick":5217,"serverTick":5207,"ackSeq":3748,"simTick":5505},"timestamp":1782243109979}
{"sessionId":"3f83e2","runId":"post-fix7","hypothesisId":"H1","location":"Starship.NetworkMotor:ReconcileOwnerFromServer","message":"owner_reconcile","data":{"preSnapErr":0.0000,"replayCount":11,"preTick":5219,"postTick":5219,"serverTick":5208,"ackSeq":3749,"simTick":5507},"timestamp":1782243110017}
{"sessionId":"3f83e2","runId":"post-fix7","hypothesisId":"H1","location":"Starship.NetworkMotor:ReconcileOwnerFromServer","message":"owner_reconcile","data":{"preSnapErr":0.0000,"replayCount":10,"preTick":5220,"postTick":5220,"serverTick":5210,"ackSeq":3751,"simTick":5508},"timestamp":1782243110038}
{"sessionId":"3f83e2","runId":"post-fix7","hypothesisId":"H1","location":"Starship.NetworkMotor:ReconcileOwnerFromServer","message":"owner_reconcile","data":{"preSnapErr":0.0000,"replayCount":10,"preTick":5222,"postTick":5222,"serverTick":5212,"ackSeq":3753,"simTick":5510},"timestamp":1782243110093}
{"sessionId":"3f83e2","runId":"post-fix7","hypothesisId":"H1","location":"Starship.NetworkMotor:ReconcileOwnerFromServer","message":"owner_reconcile","data":{"preSnapErr":0.0000,"replayCount":10,"preTick":5223,"postTick":5223,"serverTick":5213,"ackSeq":3754,"simTick":5511},"timestamp":1782243110112}
{"sessionId":"3f83e2","runId":"post-fix7","hypothesisId":"H1","location":"Starship.NetworkMotor:ReconcileOwnerFromServer","message":"owner_reconcile","data":{"preSnapErr":0.0000,"replayCount":11,"preTick":5226,"postTick":5226,"serverTick":5215,"ackSeq":3756,"simTick":5514},"timestamp":1782243110157}
{"sessionId":"3f83e2","runId":"post-fix7","hypothesisId":"H3","location":"Starship.NetworkMotor:ApplyRemoteMotorSnapshotVisuals","message":"remote_display","data":{"renderTickF":5214.114,"latestTick":5215,"simTick":5514,"bufCount":48,"extrapolating":0,"frameDelta":0.0008,"speed":F3},"timestamp":1782243110165}
{"sessionId":"3f83e2","runId":"post-fix7","hypothesisId":"H1","location":"Starship.NetworkMotor:ReconcileOwnerFromServer","message":"owner_reconcile","data":{"preSnapErr":0.0000,"replayCount":10,"preTick":5227,"postTick":5227,"serverTick":5217,"ackSeq":3758,"simTick":5515},"timestamp":1782243110179}
{"sessionId":"3f83e2","runId":"post-fix7","hypothesisId":"H1","location":"Starship.NetworkMotor:ReconcileOwnerFromServer","message":"owner_reconcile","data":{"preSnapErr":0.0000,"replayCount":10,"preTick":5228,"postTick":5228,"serverTick":5218,"ackSeq":3759,"simTick":5516},"timestamp":1782243110200}
{"sessionId":"3f83e2","runId":"post-fix7","hypothesisId":"H5","location":"Starship.NetworkMotor:ApplyOwnerPredictedMotorVisuals","message":"owner_display","data":{"alpha":0.272,"renderSpan":0.0000,"frameDelta":0.0000,"speed":F3},"timestamp":1782243110207}
{"sessionId":"3f83e2","runId":"post-fix7","hypothesisId":"H1","location":"Starship.NetworkMotor:ReconcileOwnerFromServer","message":"owner_reconcile","data":{"preSnapErr":0.0000,"replayCount":11,"preTick":5231,"postTick":5231,"serverTick":5220,"ackSeq":3761,"simTick":5519},"timestamp":1782243110259}
{"sessionId":"3f83e2","runId":"post-fix7","hypothesisId":"H1","location":"Starship.NetworkMotor:ReconcileOwnerFromServer","message":"owner_reconcile","data":{"preSnapErr":0.0000,"replayCount":10,"preTick":5232,"postTick":5232,"serverTick":5222,"ackSeq":3763,"simTick":5520},"timestamp":1782243110279}
{"sessionId":"3f83e2","runId":"post-fix7","hypothesisId":"H2","location":"Starship.NetworkMotor:ClientPredictMotorFixedStep","message":"owner_predict","data":{"tick":5234,"simTick":5521,"serverClock":5524,"tickLead":-287,"speed":0.000,"thrust":0},"timestamp":1782243110300}
{"sessionId":"3f83e2","runId":"post-fix7","hypothesisId":"H1","location":"Starship.NetworkMotor:ReconcileOwnerFromServer","message":"owner_reconcile","data":{"preSnapErr":0.0000,"replayCount":10,"preTick":5234,"postTick":5234,"serverTick":5224,"ackSeq":3765,"simTick":5522},"timestamp":1782243110320}
{"sessionId":"3f83e2","runId":"post-fix7","hypothesisId":"H1","location":"Starship.NetworkMotor:ReconcileOwnerFromServer","message":"owner_reconcile","data":{"preSnapErr":0.0000,"replayCount":10,"preTick":5235,"postTick":5235,"serverTick":5225,"ackSeq":3766,"simTick":5523},"timestamp":1782243110343}
{"sessionId":"3f83e2","runId":"post-fix7","hypothesisId":"H1","location":"Starship.NetworkMotor:ReconcileOwnerFromServer","message":"owner_reconcile","data":{"preSnapErr":0.0000,"replayCount":10,"preTick":5237,"postTick":5237,"serverTick":5227,"ackSeq":3768,"simTick":5525},"timestamp":1782243110382}
{"sessionId":"3f83e2","runId":"post-fix7","hypothesisId":"H3","location":"Starship.NetworkMotor:ApplyRemoteMotorSnapshotVisuals","message":"remote_display","data":{"renderTickF":5226.348,"latestTick":5227,"simTick":5527,"bufCount":48,"extrapolating":0,"frameDelta":0.0008,"speed":F3},"timestamp":1782243110408}
{"sessionId":"3f83e2","runId":"post-fix7","hypothesisId":"H1","location":"Starship.NetworkMotor:ReconcileOwnerFromServer","message":"owner_reconcile","data":{"preSnapErr":0.0000,"replayCount":10,"preTick":5239,"postTick":5239,"serverTick":5229,"ackSeq":3770,"simTick":5527},"timestamp":1782243110422}
{"sessionId":"3f83e2","runId":"post-fix7","hypothesisId":"H5","location":"Starship.NetworkMotor:ApplyOwnerPredictedMotorVisuals","message":"owner_display","data":{"alpha":0.355,"renderSpan":0.0000,"frameDelta":0.0000,"speed":F3},"timestamp":1782243110448}
{"sessionId":"3f83e2","runId":"post-fix7","hypothesisId":"H1","location":"Starship.NetworkMotor:ReconcileOwnerFromServer","message":"owner_reconcile","data":{"preSnapErr":0.0000,"replayCount":11,"preTick":5241,"postTick":5241,"serverTick":5230,"ackSeq":3771,"simTick":5529},"timestamp":1782243110462}
{"sessionId":"3f83e2","runId":"post-fix7","hypothesisId":"H1","location":"Starship.NetworkMotor:ReconcileOwnerFromServer","message":"owner_reconcile","data":{"preSnapErr":0.0000,"replayCount":10,"preTick":5242,"postTick":5242,"serverTick":5232,"ackSeq":3773,"simTick":5530},"timestamp":1782243110483}
{"sessionId":"3f83e2","runId":"post-fix7","hypothesisId":"H1","location":"Starship.NetworkMotor:ReconcileOwnerFromServer","message":"owner_reconcile","data":{"preSnapErr":0.0000,"replayCount":10,"preTick":5244,"postTick":5244,"serverTick":5234,"ackSeq":3775,"simTick":5532},"timestamp":1782243110523}
{"sessionId":"3f83e2","runId":"post-fix7","hypothesisId":"H1","location":"Starship.NetworkMotor:ReconcileOwnerFromServer","message":"owner_reconcile","data":{"preSnapErr":0.0000,"replayCount":10,"preTick":5246,"postTick":5246,"serverTick":5236,"ackSeq":3777,"simTick":5534},"timestamp":1782243110565}
{"sessionId":"3f83e2","runId":"post-fix7","hypothesisId":"H1","location":"Starship.NetworkMotor:ReconcileOwnerFromServer","message":"owner_reconcile","data":{"preSnapErr":0.0000,"replayCount":10,"preTick":5247,"postTick":5247,"serverTick":5237,"ackSeq":3778,"simTick":5535},"timestamp":1782243110584}
{"sessionId":"3f83e2","runId":"post-fix7","hypothesisId":"H1","location":"Starship.NetworkMotor:ReconcileOwnerFromServer","message":"owner_reconcile","data":{"preSnapErr":0.0000,"replayCount":10,"preTick":5249,"postTick":5249,"serverTick":5239,"ackSeq":3780,"simTick":5537},"timestamp":1782243110623}
{"sessionId":"3f83e2","runId":"post-fix7","hypothesisId":"H3","location":"Starship.NetworkMotor:ApplyRemoteMotorSnapshotVisuals","message":"remote_display","data":{"renderTickF":5238.489,"latestTick":5239,"simTick":5539,"bufCount":48,"extrapolating":0,"frameDelta":0.0008,"speed":F3},"timestamp":1782243110651}
{"sessionId":"3f83e2","runId":"post-fix7","hypothesisId":"H1","location":"Starship.NetworkMotor:ReconcileOwnerFromServer","message":"owner_reconcile","data":{"preSnapErr":0.0000,"replayCount":10,"preTick":5251,"postTick":5251,"serverTick":5241,"ackSeq":3782,"simTick":5539},"timestamp":1782243110664}
{"sessionId":"3f83e2","runId":"post-fix7","hypothesisId":"H1","location":"Starship.NetworkMotor:ReconcileOwnerFromServer","message":"owner_reconcile","data":{"preSnapErr":0.0000,"replayCount":10,"preTick":5252,"postTick":5252,"serverTick":5242,"ackSeq":3783,"simTick":5540},"timestamp":1782243110685}
{"sessionId":"3f83e2","runId":"post-fix7","hypothesisId":"H5","location":"Starship.NetworkMotor:ApplyOwnerPredictedMotorVisuals","message":"owner_display","data":{"alpha":0.483,"renderSpan":0.0000,"frameDelta":0.0000,"speed":F3},"timestamp":1782243110693}
{"sessionId":"3f83e2","runId":"post-fix7","hypothesisId":"H1","location":"Starship.NetworkMotor:ReconcileOwnerFromServer","message":"owner_reconcile","data":{"preSnapErr":0.0000,"replayCount":10,"preTick":5254,"postTick":5254,"serverTick":5244,"ackSeq":3785,"simTick":5542},"timestamp":1782243110726}
{"sessionId":"3f83e2","runId":"post-fix7","hypothesisId":"H1","location":"Starship.NetworkMotor:ReconcileOwnerFromServer","message":"owner_reconcile","data":{"preSnapErr":0.0000,"replayCount":10,"preTick":5256,"postTick":5256,"serverTick":5246,"ackSeq":3787,"simTick":5544},"timestamp":1782243110766}
{"sessionId":"3f83e2","runId":"post-fix7","hypothesisId":"H1","location":"Starship.NetworkMotor:ReconcileOwnerFromServer","message":"owner_reconcile","data":{"preSnapErr":0.0000,"replayCount":10,"preTick":5257,"postTick":5257,"serverTick":5247,"ackSeq":3788,"simTick":5545},"timestamp":1782243110788}
{"sessionId":"3f83e2","runId":"post-fix7","hypothesisId":"H2","location":"Starship.NetworkMotor:ClientPredictMotorFixedStep","message":"owner_predict","data":{"tick":5259,"simTick":5546,"serverClock":5549,"tickLead":-287,"speed":0.000,"thrust":0},"timestamp":1782243110808}
{"sessionId":"3f83e2","runId":"post-fix7","hypothesisId":"H1","location":"Starship.NetworkMotor:ReconcileOwnerFromServer","message":"owner_reconcile","data":{"preSnapErr":0.0000,"replayCount":10,"preTick":5259,"postTick":5259,"serverTick":5249,"ackSeq":3790,"simTick":5547},"timestamp":1782243110828}
{"sessionId":"3f83e2","runId":"post-fix7","hypothesisId":"H1","location":"Starship.NetworkMotor:ReconcileOwnerFromServer","message":"owner_reconcile","data":{"preSnapErr":0.0000,"replayCount":9,"preTick":5260,"postTick":5260,"serverTick":5251,"ackSeq":3792,"simTick":5548},"timestamp":1782243110851}
{"sessionId":"3f83e2","runId":"post-fix7","hypothesisId":"H1","location":"Starship.NetworkMotor:ReconcileOwnerFromServer","message":"owner_reconcile","data":{"preSnapErr":0.0000,"replayCount":10,"preTick":5262,"postTick":5262,"serverTick":5252,"ackSeq":3793,"simTick":5550},"timestamp":1782243110892}
{"sessionId":"3f83e2","runId":"post-fix7","hypothesisId":"H3","location":"Starship.NetworkMotor:ApplyRemoteMotorSnapshotVisuals","message":"remote_display","data":{"renderTickF":5251.822,"latestTick":5252,"simTick":5551,"bufCount":48,"extrapolating":0,"frameDelta":0.0009,"speed":F3},"timestamp":1782243110899}
{"sessionId":"3f83e2","runId":"post-fix7","hypothesisId":"H1","location":"Starship.NetworkMotor:ReconcileOwnerFromServer","message":"owner_reconcile","data":{"preSnapErr":0.0000,"replayCount":10,"preTick":5263,"postTick":5263,"serverTick":5253,"ackSeq":3794,"simTick":5551},"timestamp":1782243110910}
{"sessionId":"3f83e2","runId":"post-fix7","hypothesisId":"H5","location":"Starship.NetworkMotor:ApplyOwnerPredictedMotorVisuals","message":"owner_display","data":{"alpha":0.797,"renderSpan":0.0000,"frameDelta":0.0000,"speed":F3},"timestamp":1782243110937}
{"sessionId":"3f83e2","runId":"post-fix7","hypothesisId":"H1","location":"Starship.NetworkMotor:ReconcileOwnerFromServer","message":"owner_reconcile","data":{"preSnapErr":0.0000,"replayCount":10,"preTick":5265,"postTick":5265,"serverTick":5255,"ackSeq":3796,"simTick":5553},"timestamp":1782243110954}
{"sessionId":"3f83e2","runId":"post-fix7","hypothesisId":"H1","location":"Starship.NetworkMotor:ReconcileOwnerFromServer","message":"owner_reconcile","data":{"preSnapErr":0.0000,"replayCount":10,"preTick":5266,"postTick":5266,"serverTick":5256,"ackSeq":3797,"simTick":5554},"timestamp":1782243110974}
{"sessionId":"3f83e2","runId":"post-fix7","hypothesisId":"H1","location":"Starship.NetworkMotor:ReconcileOwnerFromServer","message":"owner_reconcile","data":{"preSnapErr":0.0000,"replayCount":11,"preTick":5269,"postTick":5269,"serverTick":5258,"ackSeq":3799,"simTick":5557},"timestamp":1782243111017}
{"sessionId":"3f83e2","runId":"post-fix7","hypothesisId":"H1","location":"Starship.NetworkMotor:ReconcileOwnerFromServer","message":"owner_reconcile","data":{"preSnapErr":0.0000,"replayCount":10,"preTick":5270,"postTick":5270,"serverTick":5260,"ackSeq":3801,"simTick":5558},"timestamp":1782243111050}
{"sessionId":"3f83e2","runId":"post-fix7","hypothesisId":"H1","location":"Starship.NetworkMotor:ReconcileOwnerFromServer","message":"owner_reconcile","data":{"preSnapErr":0.0000,"replayCount":10,"preTick":5271,"postTick":5271,"serverTick":5261,"ackSeq":3802,"simTick":5559},"timestamp":1782243111071}
{"sessionId":"3f83e2","runId":"post-fix7","hypothesisId":"H1","location":"Starship.NetworkMotor:ReconcileOwnerFromServer","message":"owner_reconcile","data":{"preSnapErr":0.0000,"replayCount":11,"preTick":5274,"postTick":5274,"serverTick":5263,"ackSeq":3804,"simTick":5562},"timestamp":1782243111117}
{"sessionId":"3f83e2","runId":"post-fix7","hypothesisId":"H1","location":"Starship.NetworkMotor:ReconcileOwnerFromServer","message":"owner_reconcile","data":{"preSnapErr":0.0000,"replayCount":10,"preTick":5275,"postTick":5275,"serverTick":5265,"ackSeq":3806,"simTick":5563},"timestamp":1782243111137}
{"sessionId":"3f83e2","runId":"post-fix7","hypothesisId":"H3","location":"Starship.NetworkMotor:ApplyRemoteMotorSnapshotVisuals","message":"remote_display","data":{"renderTickF":5264.090,"latestTick":5265,"simTick":5563,"bufCount":48,"extrapolating":0,"frameDelta":0.0008,"speed":F3},"timestamp":1782243111144}
{"sessionId":"3f83e2","runId":"post-fix7","hypothesisId":"H1","location":"Starship.NetworkMotor:ReconcileOwnerFromServer","message":"owner_reconcile","data":{"preSnapErr":0.0000,"replayCount":10,"preTick":5277,"postTick":5277,"serverTick":5267,"ackSeq":3808,"simTick":5565},"timestamp":1782243111178}
{"sessionId":"3f83e2","runId":"post-fix7","hypothesisId":"H5","location":"Starship.NetworkMotor:ApplyOwnerPredictedMotorVisuals","message":"owner_display","data":{"alpha":0.211,"renderSpan":0.0000,"frameDelta":0.0000,"speed":F3},"timestamp":1782243111188}
{"sessionId":"3f83e2","runId":"post-fix7","hypothesisId":"H1","location":"Starship.NetworkMotor:ReconcileOwnerFromServer","message":"owner_reconcile","data":{"preSnapErr":0.0000,"replayCount":10,"preTick":5278,"postTick":5278,"serverTick":5268,"ackSeq":3809,"simTick":5566},"timestamp":1782243111203}
{"sessionId":"3f83e2","runId":"post-fix7","hypothesisId":"H1","location":"Starship.NetworkMotor:ReconcileOwnerFromServer","message":"owner_reconcile","data":{"preSnapErr":0.0000,"replayCount":10,"preTick":5280,"postTick":5280,"serverTick":5270,"ackSeq":3811,"simTick":5568},"timestamp":1782243111244}
{"sessionId":"3f83e2","runId":"post-fix7","hypothesisId":"H1","location":"Starship.NetworkMotor:ReconcileOwnerFromServer","message":"owner_reconcile","data":{"preSnapErr":0.0000,"replayCount":10,"preTick":5282,"postTick":5282,"serverTick":5272,"ackSeq":3813,"simTick":5570},"timestamp":1782243111287}
{"sessionId":"3f83e2","runId":"post-fix7","hypothesisId":"H1","location":"Starship.NetworkMotor:ReconcileOwnerFromServer","message":"owner_reconcile","data":{"preSnapErr":0.0000,"replayCount":10,"preTick":5283,"postTick":5283,"serverTick":5273,"ackSeq":3814,"simTick":5571},"timestamp":1782243111306}
{"sessionId":"3f83e2","runId":"post-fix7","hypothesisId":"H2","location":"Starship.NetworkMotor:ClientPredictMotorFixedStep","message":"owner_predict","data":{"tick":5284,"simTick":5571,"serverClock":5574,"tickLead":-287,"speed":0.000,"thrust":0},"timestamp":1782243111307}
{"sessionId":"3f83e2","runId":"post-fix7","hypothesisId":"H1","location":"Starship.NetworkMotor:ReconcileOwnerFromServer","message":"owner_reconcile","data":{"preSnapErr":0.0000,"replayCount":10,"preTick":5285,"postTick":5285,"serverTick":5275,"ackSeq":3816,"simTick":5573},"timestamp":1782243111346}
{"sessionId":"3f83e2","runId":"post-fix7","hypothesisId":"H1","location":"Starship.NetworkMotor:ReconcileOwnerFromServer","message":"owner_reconcile","data":{"preSnapErr":0.0000,"replayCount":9,"preTick":5286,"postTick":5286,"serverTick":5277,"ackSeq":3818,"simTick":5574},"timestamp":1782243111373}
{"sessionId":"3f83e2","runId":"post-fix7","hypothesisId":"H3","location":"Starship.NetworkMotor:ApplyRemoteMotorSnapshotVisuals","message":"remote_display","data":{"renderTickF":5276.905,"latestTick":5277,"simTick":5576,"bufCount":48,"extrapolating":0,"frameDelta":0.0008,"speed":F3},"timestamp":1782243111399}
{"sessionId":"3f83e2","runId":"post-fix7","hypothesisId":"H1","location":"Starship.NetworkMotor:ReconcileOwnerFromServer","message":"owner_reconcile","data":{"preSnapErr":0.0000,"replayCount":10,"preTick":5288,"postTick":5288,"serverTick":5278,"ackSeq":3819,"simTick":5576},"timestamp":1782243111413}
{"sessionId":"3f83e2","runId":"post-fix7","hypothesisId":"H5","location":"Starship.NetworkMotor:ApplyOwnerPredictedMotorVisuals","message":"owner_display","data":{"alpha":0.895,"renderSpan":0.0000,"frameDelta":0.0000,"speed":F3},"timestamp":1782243111439}
{"sessionId":"3f83e2","runId":"post-fix7","hypothesisId":"H1","location":"Starship.NetworkMotor:ReconcileOwnerFromServer","message":"owner_reconcile","data":{"preSnapErr":0.0000,"replayCount":10,"preTick":5290,"postTick":5290,"serverTick":5280,"ackSeq":3821,"simTick":5578},"timestamp":1782243111453}
{"sessionId":"3f83e2","runId":"post-fix7","hypothesisId":"H1","location":"Starship.NetworkMotor:ReconcileOwnerFromServer","message":"owner_reconcile","data":{"preSnapErr":0.0000,"replayCount":9,"preTick":5291,"postTick":5291,"serverTick":5282,"ackSeq":3823,"simTick":5579},"timestamp":1782243111473}
{"sessionId":"3f83e2","runId":"post-fix7","hypothesisId":"H1","location":"Starship.NetworkMotor:ReconcileOwnerFromServer","message":"owner_reconcile","data":{"preSnapErr":0.0000,"replayCount":10,"preTick":5293,"postTick":5293,"serverTick":5283,"ackSeq":3824,"simTick":5581},"timestamp":1782243111512}
{"sessionId":"3f83e2","runId":"post-fix7","hypothesisId":"H1","location":"Starship.NetworkMotor:ReconcileOwnerFromServer","message":"owner_reconcile","data":{"preSnapErr":0.0000,"replayCount":10,"preTick":5295,"postTick":5295,"serverTick":5285,"ackSeq":3826,"simTick":5583},"timestamp":1782243111552}
{"sessionId":"3f83e2","runId":"post-fix7","hypothesisId":"H1","location":"Starship.NetworkMotor:ReconcileOwnerFromServer","message":"owner_reconcile","data":{"preSnapErr":0.0000,"replayCount":11,"preTick":5298,"postTick":5298,"serverTick":5287,"ackSeq":3828,"simTick":5586},"timestamp":1782243111596}
{"sessionId":"3f83e2","runId":"post-fix7","hypothesisId":"H1","location":"Starship.NetworkMotor:ReconcileOwnerFromServer","message":"owner_reconcile","data":{"preSnapErr":0.0000,"replayCount":10,"preTick":5299,"postTick":5299,"serverTick":5289,"ackSeq":3830,"simTick":5587},"timestamp":1782243111615}
{"sessionId":"3f83e2","runId":"post-fix7","hypothesisId":"H3","location":"Starship.NetworkMotor:ApplyRemoteMotorSnapshotVisuals","message":"remote_display","data":{"renderTickF":5288.066,"latestTick":5289,"simTick":5588,"bufCount":48,"extrapolating":0,"frameDelta":0.0007,"speed":F3},"timestamp":1782243111643}
{"sessionId":"3f83e2","runId":"post-fix7","hypothesisId":"H1","location":"Starship.NetworkMotor:ReconcileOwnerFromServer","message":"owner_reconcile","data":{"preSnapErr":0.0000,"replayCount":10,"preTick":5301,"postTick":5301,"serverTick":5291,"ackSeq":3832,"simTick":5589},"timestamp":1782243111674}
{"sessionId":"3f83e2","runId":"post-fix7","hypothesisId":"H5","location":"Starship.NetworkMotor:ApplyOwnerPredictedMotorVisuals","message":"owner_display","data":{"alpha":0.921,"renderSpan":0.0000,"frameDelta":0.0000,"speed":F3},"timestamp":1782243111681}
{"sessionId":"3f83e2","runId":"post-fix7","hypothesisId":"H1","location":"Starship.NetworkMotor:ReconcileOwnerFromServer","message":"owner_reconcile","data":{"preSnapErr":0.0000,"replayCount":10,"preTick":5303,"postTick":5303,"serverTick":5293,"ackSeq":3834,"simTick":5591},"timestamp":1782243111712}
{"sessionId":"3f83e2","runId":"post-fix7","hypothesisId":"H1","location":"Starship.NetworkMotor:ReconcileOwnerFromServer","message":"owner_reconcile","data":{"preSnapErr":0.0000,"replayCount":10,"preTick":5305,"postTick":5305,"serverTick":5295,"ackSeq":3836,"simTick":5593},"timestamp":1782243111749}
{"sessionId":"3f83e2","runId":"post-fix7","hypothesisId":"H1","location":"Starship.NetworkMotor:ReconcileOwnerFromServer","message":"owner_reconcile","data":{"preSnapErr":0.0000,"replayCount":10,"preTick":5307,"postTick":5307,"serverTick":5297,"ackSeq":3838,"simTick":5595},"timestamp":1782243111794}
{"sessionId":"3f83e2","runId":"post-fix7","hypothesisId":"H1","location":"Starship.NetworkMotor:ReconcileOwnerFromServer","message":"owner_reconcile","data":{"preSnapErr":0.0000,"replayCount":10,"preTick":5308,"postTick":5308,"serverTick":5298,"ackSeq":3839,"simTick":5596},"timestamp":1782243111812}
{"sessionId":"3f83e2","runId":"post-fix7","hypothesisId":"H2","location":"Starship.NetworkMotor:ClientPredictMotorFixedStep","message":"owner_predict","data":{"tick":5309,"simTick":5596,"serverClock":5599,"tickLead":-287,"speed":0.000,"thrust":0},"timestamp":1782243111812}
{"sessionId":"3f83e2","runId":"post-fix7","hypothesisId":"H1","location":"Starship.NetworkMotor:ReconcileOwnerFromServer","message":"owner_reconcile","data":{"preSnapErr":0.0000,"replayCount":10,"preTick":5310,"postTick":5310,"serverTick":5300,"ackSeq":3841,"simTick":5598},"timestamp":1782243111855}
{"sessionId":"3f83e2","runId":"post-fix7","hypothesisId":"H1","location":"Starship.NetworkMotor:ReconcileOwnerFromServer","message":"owner_reconcile","data":{"preSnapErr":0.0000,"replayCount":10,"preTick":5312,"postTick":5312,"serverTick":5302,"ackSeq":3843,"simTick":5600},"timestamp":1782243111876}
{"sessionId":"3f83e2","runId":"post-fix7","hypothesisId":"H3","location":"Starship.NetworkMotor:ApplyRemoteMotorSnapshotVisuals","message":"remote_display","data":{"renderTickF":5301.075,"latestTick":5302,"simTick":5600,"bufCount":48,"extrapolating":0,"frameDelta":0.0008,"speed":F3},"timestamp":1782243111883}
{"sessionId":"3f83e2","runId":"post-fix7","hypothesisId":"H1","location":"Starship.NetworkMotor:ReconcileOwnerFromServer","message":"owner_reconcile","data":{"preSnapErr":0.0000,"replayCount":11,"preTick":5314,"postTick":5314,"serverTick":5303,"ackSeq":3844,"simTick":5602},"timestamp":1782243111918}
{"sessionId":"3f83e2","runId":"post-fix7","hypothesisId":"H5","location":"Starship.NetworkMotor:ApplyOwnerPredictedMotorVisuals","message":"owner_display","data":{"alpha":0.157,"renderSpan":0.0000,"frameDelta":0.0000,"speed":F3},"timestamp":1782243111925}
{"sessionId":"3f83e2","runId":"post-fix7","hypothesisId":"H1","location":"Starship.NetworkMotor:ReconcileOwnerFromServer","message":"owner_reconcile","data":{"preSnapErr":0.0000,"replayCount":10,"preTick":5315,"postTick":5315,"serverTick":5305,"ackSeq":3846,"simTick":5603},"timestamp":1782243111938}
{"sessionId":"3f83e2","runId":"post-fix7","hypothesisId":"H1","location":"Starship.NetworkMotor:ReconcileOwnerFromServer","message":"owner_reconcile","data":{"preSnapErr":0.0000,"replayCount":10,"preTick":5317,"postTick":5317,"serverTick":5307,"ackSeq":3848,"simTick":5605},"timestamp":1782243111978}
{"sessionId":"3f83e2","runId":"post-fix7","hypothesisId":"H1","location":"Starship.NetworkMotor:ReconcileOwnerFromServer","message":"owner_reconcile","data":{"preSnapErr":0.0000,"replayCount":10,"preTick":5318,"postTick":5318,"serverTick":5308,"ackSeq":3849,"simTick":5606},"timestamp":1782243112002}
{"sessionId":"3f83e2","runId":"post-fix7","hypothesisId":"H1","location":"Starship.NetworkMotor:ReconcileOwnerFromServer","message":"owner_reconcile","data":{"preSnapErr":0.0000,"replayCount":10,"preTick":5320,"postTick":5320,"serverTick":5310,"ackSeq":3851,"simTick":5608},"timestamp":1782243112041}
{"sessionId":"3f83e2","runId":"post-fix7","hypothesisId":"H1","location":"Starship.NetworkMotor:ReconcileOwnerFromServer","message":"owner_reconcile","data":{"preSnapErr":0.0000,"replayCount":10,"preTick":5322,"postTick":5322,"serverTick":5312,"ackSeq":3853,"simTick":5610},"timestamp":1782243112077}
{"sessionId":"3f83e2","runId":"post-fix7","hypothesisId":"H1","location":"Starship.NetworkMotor:ReconcileOwnerFromServer","message":"owner_reconcile","data":{"preSnapErr":0.0000,"replayCount":11,"preTick":5324,"postTick":5324,"serverTick":5313,"ackSeq":3854,"simTick":5612},"timestamp":1782243112118}
{"sessionId":"3f83e2","runId":"post-fix7","hypothesisId":"H3","location":"Starship.NetworkMotor:ApplyRemoteMotorSnapshotVisuals","message":"remote_display","data":{"renderTickF":5312.152,"latestTick":5313,"simTick":5612,"bufCount":48,"extrapolating":0,"frameDelta":0.0007,"speed":F3},"timestamp":1782243112125}
{"sessionId":"3f83e2","runId":"post-fix7","hypothesisId":"H1","location":"Starship.NetworkMotor:ReconcileOwnerFromServer","message":"owner_reconcile","data":{"preSnapErr":0.0000,"replayCount":10,"preTick":5325,"postTick":5325,"serverTick":5315,"ackSeq":3856,"simTick":5613},"timestamp":1782243112139}
{"sessionId":"3f83e2","runId":"post-fix7","hypothesisId":"H5","location":"Starship.NetworkMotor:ApplyOwnerPredictedMotorVisuals","message":"owner_display","data":{"alpha":0.189,"renderSpan":0.0000,"frameDelta":0.0000,"speed":F3},"timestamp":1782243112165}
{"sessionId":"3f83e2","runId":"post-fix7","hypothesisId":"H1","location":"Starship.NetworkMotor:ReconcileOwnerFromServer","message":"owner_reconcile","data":{"preSnapErr":0.0000,"replayCount":10,"preTick":5327,"postTick":5327,"serverTick":5317,"ackSeq":3858,"simTick":5615},"timestamp":1782243112179}
{"sessionId":"3f83e2","runId":"post-fix7","hypothesisId":"H1","location":"Starship.NetworkMotor:ReconcileOwnerFromServer","message":"owner_reconcile","data":{"preSnapErr":0.0000,"replayCount":10,"preTick":5328,"postTick":5328,"serverTick":5318,"ackSeq":3859,"simTick":5616},"timestamp":1782243112203}
{"sessionId":"3f83e2","runId":"post-fix7","hypothesisId":"H1","location":"Starship.NetworkMotor:ReconcileOwnerFromServer","message":"owner_reconcile","data":{"preSnapErr":0.0000,"replayCount":10,"preTick":5330,"postTick":5330,"serverTick":5320,"ackSeq":3861,"simTick":5618},"timestamp":1782243112241}
{"sessionId":"3f83e2","runId":"post-fix7","hypothesisId":"H1","location":"Starship.NetworkMotor:ReconcileOwnerFromServer","message":"owner_reconcile","data":{"preSnapErr":0.0000,"replayCount":10,"preTick":5332,"postTick":5332,"serverTick":5322,"ackSeq":3863,"simTick":5620},"timestamp":1782243112279}
{"sessionId":"3f83e2","runId":"post-fix7","hypothesisId":"H2","location":"Starship.NetworkMotor:ClientPredictMotorFixedStep","message":"owner_predict","data":{"tick":5334,"simTick":5621,"serverClock":5624,"tickLead":-287,"speed":0.000,"thrust":0},"timestamp":1782243112298}
{"sessionId":"3f83e2","runId":"post-fix7","hypothesisId":"H1","location":"Starship.NetworkMotor:ReconcileOwnerFromServer","message":"owner_reconcile","data":{"preSnapErr":0.0000,"replayCount":11,"preTick":5334,"postTick":5334,"serverTick":5323,"ackSeq":3864,"simTick":5622},"timestamp":1782243112317}
{"sessionId":"3f83e2","runId":"post-fix7","hypothesisId":"H3","location":"Starship.NetworkMotor:ApplyRemoteMotorSnapshotVisuals","message":"remote_display","data":{"renderTickF":5324.986,"latestTick":5325,"simTick":5624,"bufCount":48,"extrapolating":0,"frameDelta":0.0008,"speed":F3},"timestamp":1782243112360}
{"sessionId":"3f83e2","runId":"post-fix7","hypothesisId":"H1","location":"Starship.NetworkMotor:ReconcileOwnerFromServer","message":"owner_reconcile","data":{"preSnapErr":0.0000,"replayCount":11,"preTick":5336,"postTick":5336,"serverTick":5325,"ackSeq":3866,"simTick":5624},"timestamp":1782243112373}
{"sessionId":"3f83e2","runId":"post-fix7","hypothesisId":"H1","location":"Starship.NetworkMotor:ReconcileOwnerFromServer","message":"owner_reconcile","data":{"preSnapErr":0.0000,"replayCount":10,"preTick":5337,"postTick":5337,"serverTick":5327,"ackSeq":3868,"simTick":5625},"timestamp":1782243112393}
{"sessionId":"3f83e2","runId":"post-fix7","hypothesisId":"H5","location":"Starship.NetworkMotor:ApplyOwnerPredictedMotorVisuals","message":"owner_display","data":{"alpha":0.887,"renderSpan":0.0000,"frameDelta":0.0000,"speed":F3},"timestamp":1782243112401}
{"sessionId":"3f83e2","runId":"post-fix7","hypothesisId":"H1","location":"Starship.NetworkMotor:ReconcileOwnerFromServer","message":"owner_reconcile","data":{"preSnapErr":0.0000,"replayCount":10,"preTick":5338,"postTick":5338,"serverTick":5328,"ackSeq":3869,"simTick":5626},"timestamp":1782243112416}
{"sessionId":"3f83e2","runId":"post-fix7","hypothesisId":"H1","location":"Starship.NetworkMotor:ReconcileOwnerFromServer","message":"owner_reconcile","data":{"preSnapErr":0.0000,"replayCount":11,"preTick":5341,"postTick":5341,"serverTick":5330,"ackSeq":3871,"simTick":5629},"timestamp":1782243112456}
{"sessionId":"3f83e2","runId":"post-fix7","hypothesisId":"H1","location":"Starship.NetworkMotor:ReconcileOwnerFromServer","message":"owner_reconcile","data":{"preSnapErr":0.0000,"replayCount":10,"preTick":5342,"postTick":5342,"serverTick":5332,"ackSeq":3873,"simTick":5630},"timestamp":1782243112476}
{"sessionId":"3f83e2","runId":"post-fix7","hypothesisId":"H1","location":"Starship.NetworkMotor:ReconcileOwnerFromServer","message":"owner_reconcile","data":{"preSnapErr":0.0000,"replayCount":10,"preTick":5343,"postTick":5343,"serverTick":5333,"ackSeq":3874,"simTick":5631},"timestamp":1782243112514}
{"sessionId":"3f83e2","runId":"post-fix7","hypothesisId":"H1","location":"Starship.NetworkMotor:ReconcileOwnerFromServer","message":"owner_reconcile","data":{"preSnapErr":0.0000,"replayCount":11,"preTick":5346,"postTick":5346,"serverTick":5335,"ackSeq":3876,"simTick":5634},"timestamp":1782243112555}
{"sessionId":"3f83e2","runId":"post-fix7","hypothesisId":"H1","location":"Starship.NetworkMotor:ReconcileOwnerFromServer","message":"owner_reconcile","data":{"preSnapErr":0.0000,"replayCount":10,"preTick":5347,"postTick":5347,"serverTick":5337,"ackSeq":3878,"simTick":5635},"timestamp":1782243112597}
{"sessionId":"3f83e2","runId":"post-fix7","hypothesisId":"H3","location":"Starship.NetworkMotor:ApplyRemoteMotorSnapshotVisuals","message":"remote_display","data":{"renderTickF":5336.132,"latestTick":5337,"simTick":5636,"bufCount":48,"extrapolating":0,"frameDelta":0.0007,"speed":F3},"timestamp":1782243112608}
{"sessionId":"3f83e2","runId":"post-fix7","hypothesisId":"H1","location":"Starship.NetworkMotor:ReconcileOwnerFromServer","message":"owner_reconcile","data":{"preSnapErr":0.0000,"replayCount":11,"preTick":5349,"postTick":5349,"serverTick":5338,"ackSeq":3879,"simTick":5637},"timestamp":1782243112620}
{"sessionId":"3f83e2","runId":"post-fix7","hypothesisId":"H5","location":"Starship.NetworkMotor:ApplyOwnerPredictedMotorVisuals","message":"owner_display","data":{"alpha":0.216,"renderSpan":0.0000,"frameDelta":0.0000,"speed":F3},"timestamp":1782243112646}
{"sessionId":"3f83e2","runId":"post-fix7","hypothesisId":"H1","location":"Starship.NetworkMotor:ReconcileOwnerFromServer","message":"owner_reconcile","data":{"preSnapErr":0.0000,"replayCount":11,"preTick":5351,"postTick":5351,"serverTick":5340,"ackSeq":3881,"simTick":5639},"timestamp":1782243112658}
{"sessionId":"3f83e2","runId":"post-fix7","hypothesisId":"H1","location":"Starship.NetworkMotor:ReconcileOwnerFromServer","message":"owner_reconcile","data":{"preSnapErr":0.0000,"replayCount":10,"preTick":5352,"postTick":5352,"serverTick":5342,"ackSeq":3883,"simTick":5640},"timestamp":1782243112677}
{"sessionId":"3f83e2","runId":"post-fix7","hypothesisId":"H1","location":"Starship.NetworkMotor:ReconcileOwnerFromServer","message":"owner_reconcile","data":{"preSnapErr":0.0000,"replayCount":11,"preTick":5354,"postTick":5354,"serverTick":5343,"ackSeq":3884,"simTick":5642},"timestamp":1782243112719}
{"sessionId":"3f83e2","runId":"post-fix7","hypothesisId":"H1","location":"Starship.NetworkMotor:ReconcileOwnerFromServer","message":"owner_reconcile","data":{"preSnapErr":0.0000,"replayCount":10,"preTick":5355,"postTick":5355,"serverTick":5345,"ackSeq":3886,"simTick":5643},"timestamp":1782243112741}
{"sessionId":"3f83e2","runId":"post-fix7","hypothesisId":"H1","location":"Starship.NetworkMotor:ReconcileOwnerFromServer","message":"owner_reconcile","data":{"preSnapErr":0.0000,"replayCount":10,"preTick":5357,"postTick":5357,"serverTick":5347,"ackSeq":3888,"simTick":5645},"timestamp":1782243112778}
{"sessionId":"3f83e2","runId":"post-fix7","hypothesisId":"H2","location":"Starship.NetworkMotor:ClientPredictMotorFixedStep","message":"owner_predict","data":{"tick":5359,"simTick":5646,"serverClock":5649,"tickLead":-287,"speed":0.000,"thrust":0},"timestamp":1782243112799}
{"sessionId":"3f83e2","runId":"post-fix7","hypothesisId":"H1","location":"Starship.NetworkMotor:ReconcileOwnerFromServer","message":"owner_reconcile","data":{"preSnapErr":0.0000,"replayCount":10,"preTick":5359,"postTick":5359,"serverTick":5349,"ackSeq":3890,"simTick":5647},"timestamp":1782243112823}
{"sessionId":"3f83e2","runId":"post-fix7","hypothesisId":"H1","location":"Starship.NetworkMotor:ReconcileOwnerFromServer","message":"owner_reconcile","data":{"preSnapErr":0.0000,"replayCount":10,"preTick":5360,"postTick":5360,"serverTick":5350,"ackSeq":3891,"simTick":5648},"timestamp":1782243112843}
{"sessionId":"3f83e2","runId":"post-fix7","hypothesisId":"H3","location":"Starship.NetworkMotor:ApplyRemoteMotorSnapshotVisuals","message":"remote_display","data":{"renderTickF":5349.415,"latestTick":5350,"simTick":5649,"bufCount":48,"extrapolating":0,"frameDelta":0.0009,"speed":F3},"timestamp":1782243112851}
{"sessionId":"3f83e2","runId":"post-fix7","hypothesisId":"H5","location":"Starship.NetworkMotor:ApplyOwnerPredictedMotorVisuals","message":"owner_display","data":{"alpha":0.477,"renderSpan":0.0000,"frameDelta":0.0000,"speed":F3},"timestamp":1782243112891}
{"sessionId":"3f83e2","runId":"post-fix7","hypothesisId":"H1","location":"Starship.NetworkMotor:ReconcileOwnerFromServer","message":"owner_reconcile","data":{"preSnapErr":0.0000,"replayCount":11,"preTick":5363,"postTick":5363,"serverTick":5352,"ackSeq":3893,"simTick":5651},"timestamp":1782243112904}
{"sessionId":"3f83e2","runId":"post-fix7","hypothesisId":"H1","location":"Starship.NetworkMotor:ReconcileOwnerFromServer","message":"owner_reconcile","data":{"preSnapErr":0.0000,"replayCount":11,"preTick":5364,"postTick":5364,"serverTick":5353,"ackSeq":3894,"simTick":5652},"timestamp":1782243112924}
{"sessionId":"3f83e2","runId":"post-fix7","hypothesisId":"H1","location":"Starship.NetworkMotor:ReconcileOwnerFromServer","message":"owner_reconcile","data":{"preSnapErr":0.0000,"replayCount":10,"preTick":5365,"postTick":5365,"serverTick":5355,"ackSeq":3896,"simTick":5653},"timestamp":1782243112943}
{"sessionId":"3f83e2","runId":"post-fix7","hypothesisId":"H1","location":"Starship.NetworkMotor:ReconcileOwnerFromServer","message":"owner_reconcile","data":{"preSnapErr":0.0000,"replayCount":10,"preTick":5367,"postTick":5367,"serverTick":5357,"ackSeq":3898,"simTick":5655},"timestamp":1782243112981}
{"sessionId":"3f83e2","runId":"post-fix7","hypothesisId":"H1","location":"Starship.NetworkMotor:ReconcileOwnerFromServer","message":"owner_reconcile","data":{"preSnapErr":0.0000,"replayCount":10,"preTick":5369,"postTick":5369,"serverTick":5359,"ackSeq":3900,"simTick":5657},"timestamp":1782243113021}
{"sessionId":"3f83e2","runId":"post-fix7","hypothesisId":"H1","location":"Starship.NetworkMotor:ReconcileOwnerFromServer","message":"owner_reconcile","data":{"preSnapErr":0.0000,"replayCount":11,"preTick":5371,"postTick":5371,"serverTick":5360,"ackSeq":3901,"simTick":5659},"timestamp":1782243113061}
{"sessionId":"3f83e2","runId":"post-fix7","hypothesisId":"H3","location":"Starship.NetworkMotor:ApplyRemoteMotorSnapshotVisuals","message":"remote_display","data":{"renderTickF":5359.241,"latestTick":5360,"simTick":5661,"bufCount":48,"extrapolating":0,"frameDelta":0.0006,"speed":F3},"timestamp":1782243113085}
{"sessionId":"3f83e2","runId":"post-fix7","hypothesisId":"H1","location":"Starship.NetworkMotor:ReconcileOwnerFromServer","message":"owner_reconcile","data":{"preSnapErr":0.0000,"replayCount":11,"preTick":5373,"postTick":5373,"serverTick":5362,"ackSeq":3903,"simTick":5661},"timestamp":1782243113099}
{"sessionId":"3f83e2","runId":"post-fix7","hypothesisId":"H1","location":"Starship.NetworkMotor:ReconcileOwnerFromServer","message":"owner_reconcile","data":{"preSnapErr":0.0000,"replayCount":11,"preTick":5374,"postTick":5374,"serverTick":5363,"ackSeq":3904,"simTick":5662},"timestamp":1782243113119}
{"sessionId":"3f83e2","runId":"post-fix7","hypothesisId":"H5","location":"Starship.NetworkMotor:ApplyOwnerPredictedMotorVisuals","message":"owner_display","data":{"alpha":0.224,"renderSpan":0.0000,"frameDelta":0.0000,"speed":F3},"timestamp":1782243113127}
{"sessionId":"3f83e2","runId":"post-fix7","hypothesisId":"H1","location":"Starship.NetworkMotor:ReconcileOwnerFromServer","message":"owner_reconcile","data":{"preSnapErr":0.0000,"replayCount":10,"preTick":5375,"postTick":5375,"serverTick":5365,"ackSeq":3906,"simTick":5663},"timestamp":1782243113140}
{"sessionId":"3f83e2","runId":"post-fix7","hypothesisId":"H1","location":"Starship.NetworkMotor:ReconcileOwnerFromServer","message":"owner_reconcile","data":{"preSnapErr":0.0000,"replayCount":10,"preTick":5377,"postTick":5377,"serverTick":5367,"ackSeq":3908,"simTick":5665},"timestamp":1782243113177}
{"sessionId":"3f83e2","runId":"post-fix7","hypothesisId":"H1","location":"Starship.NetworkMotor:ReconcileOwnerFromServer","message":"owner_reconcile","data":{"preSnapErr":0.0000,"replayCount":11,"preTick":5379,"postTick":5379,"serverTick":5368,"ackSeq":3909,"simTick":5667},"timestamp":1782243113217}
{"sessionId":"3f83e2","runId":"post-fix7","hypothesisId":"H1","location":"Starship.NetworkMotor:ReconcileOwnerFromServer","message":"owner_reconcile","data":{"preSnapErr":0.0000,"replayCount":11,"preTick":5381,"postTick":5381,"serverTick":5370,"ackSeq":3911,"simTick":5669},"timestamp":1782243113262}
{"sessionId":"3f83e2","runId":"post-fix7","hypothesisId":"H1","location":"Starship.NetworkMotor:ReconcileOwnerFromServer","message":"owner_reconcile","data":{"preSnapErr":0.0000,"replayCount":10,"preTick":5382,"postTick":5382,"serverTick":5372,"ackSeq":3913,"simTick":5670},"timestamp":1782243113283}
{"sessionId":"3f83e2","runId":"post-fix7","hypothesisId":"H2","location":"Starship.NetworkMotor:ClientPredictMotorFixedStep","message":"owner_predict","data":{"tick":5384,"simTick":5671,"serverClock":5674,"tickLead":-287,"speed":0.000,"thrust":0},"timestamp":1782243113305}
{"sessionId":"3f83e2","runId":"post-fix7","hypothesisId":"H1","location":"Starship.NetworkMotor:ReconcileOwnerFromServer","message":"owner_reconcile","data":{"preSnapErr":0.0000,"replayCount":10,"preTick":5384,"postTick":5384,"serverTick":5374,"ackSeq":3915,"simTick":5672},"timestamp":1782243113324}
{"sessionId":"3f83e2","runId":"post-fix7","hypothesisId":"H3","location":"Starship.NetworkMotor:ApplyRemoteMotorSnapshotVisuals","message":"remote_display","data":{"renderTickF":5373.439,"latestTick":5374,"simTick":5673,"bufCount":48,"extrapolating":0,"frameDelta":0.0009,"speed":F3},"timestamp":1782243113333}
{"sessionId":"3f83e2","runId":"post-fix7","hypothesisId":"H1","location":"Starship.NetworkMotor:ReconcileOwnerFromServer","message":"owner_reconcile","data":{"preSnapErr":0.0000,"replayCount":10,"preTick":5385,"postTick":5385,"serverTick":5375,"ackSeq":3916,"simTick":5673},"timestamp":1782243113346}
{"sessionId":"3f83e2","runId":"post-fix7","hypothesisId":"H5","location":"Starship.NetworkMotor:ApplyOwnerPredictedMotorVisuals","message":"owner_display","data":{"alpha":0.504,"renderSpan":0.0000,"frameDelta":0.0000,"speed":F3},"timestamp":1782243113372}
{"sessionId":"3f83e2","runId":"post-fix7","hypothesisId":"H1","location":"Starship.NetworkMotor:ReconcileOwnerFromServer","message":"owner_reconcile","data":{"preSnapErr":0.0000,"replayCount":10,"preTick":5387,"postTick":5387,"serverTick":5377,"ackSeq":3918,"simTick":5675},"timestamp":1782243113384}
{"sessionId":"3f83e2","runId":"post-fix7","hypothesisId":"H1","location":"Starship.NetworkMotor:ReconcileOwnerFromServer","message":"owner_reconcile","data":{"preSnapErr":0.0000,"replayCount":10,"preTick":5388,"postTick":5388,"serverTick":5378,"ackSeq":3919,"simTick":5676},"timestamp":1782243113405}
{"sessionId":"3f83e2","runId":"post-fix7","hypothesisId":"H1","location":"Starship.NetworkMotor:ReconcileOwnerFromServer","message":"owner_reconcile","data":{"preSnapErr":0.0000,"replayCount":10,"preTick":5390,"postTick":5390,"serverTick":5380,"ackSeq":3921,"simTick":5678},"timestamp":1782243113443}
{"sessionId":"3f83e2","runId":"post-fix7","hypothesisId":"H1","location":"Starship.NetworkMotor:ReconcileOwnerFromServer","message":"owner_reconcile","data":{"preSnapErr":0.0000,"replayCount":10,"preTick":5392,"postTick":5392,"serverTick":5382,"ackSeq":3923,"simTick":5680},"timestamp":1782243113481}
{"sessionId":"3f83e2","runId":"post-fix7","hypothesisId":"H1","location":"Starship.NetworkMotor:ReconcileOwnerFromServer","message":"owner_reconcile","data":{"preSnapErr":0.0000,"replayCount":10,"preTick":5394,"postTick":5394,"serverTick":5384,"ackSeq":3925,"simTick":5682},"timestamp":1782243113520}
{"sessionId":"3f83e2","runId":"post-fix7","hypothesisId":"H1","location":"Starship.NetworkMotor:ReconcileOwnerFromServer","message":"owner_reconcile","data":{"preSnapErr":0.0000,"replayCount":10,"preTick":5396,"postTick":5396,"serverTick":5386,"ackSeq":3927,"simTick":5684},"timestamp":1782243113559}
{"sessionId":"3f83e2","runId":"post-fix7","hypothesisId":"H3","location":"Starship.NetworkMotor:ApplyRemoteMotorSnapshotVisuals","message":"remote_display","data":{"renderTickF":5385.239,"latestTick":5386,"simTick":5685,"bufCount":48,"extrapolating":0,"frameDelta":0.0008,"speed":F3},"timestamp":1782243113567}
{"sessionId":"3f83e2","runId":"post-fix7","hypothesisId":"H5","location":"Starship.NetworkMotor:ApplyOwnerPredictedMotorVisuals","message":"owner_display","data":{"alpha":0.262,"renderSpan":0.0000,"frameDelta":0.0000,"speed":F3},"timestamp":1782243113608}
{"sessionId":"3f83e2","runId":"post-fix7","hypothesisId":"H1","location":"Starship.NetworkMotor:ReconcileOwnerFromServer","message":"owner_reconcile","data":{"preSnapErr":0.0000,"replayCount":11,"preTick":5399,"postTick":5399,"serverTick":5388,"ackSeq":3929,"simTick":5687},"timestamp":1782243113620}
{"sessionId":"3f83e2","runId":"post-fix7","hypothesisId":"H1","location":"Starship.NetworkMotor:ReconcileOwnerFromServer","message":"owner_reconcile","data":{"preSnapErr":0.0000,"replayCount":10,"preTick":5400,"postTick":5400,"serverTick":5390,"ackSeq":3931,"simTick":5688},"timestamp":1782243113643}
{"sessionId":"3f83e2","runId":"post-fix7","hypothesisId":"H1","location":"Starship.NetworkMotor:ReconcileOwnerFromServer","message":"owner_reconcile","data":{"preSnapErr":0.0000,"replayCount":10,"preTick":5402,"postTick":5402,"serverTick":5392,"ackSeq":3933,"simTick":5690},"timestamp":1782243113685}
{"sessionId":"3f83e2","runId":"post-fix7","hypothesisId":"H1","location":"Starship.NetworkMotor:ReconcileOwnerFromServer","message":"owner_reconcile","data":{"preSnapErr":0.0000,"replayCount":10,"preTick":5404,"postTick":5404,"serverTick":5394,"ackSeq":3935,"simTick":5692},"timestamp":1782243113724}
{"sessionId":"3f83e2","runId":"post-fix7","hypothesisId":"H1","location":"Starship.NetworkMotor:ReconcileOwnerFromServer","message":"owner_reconcile","data":{"preSnapErr":0.0000,"replayCount":10,"preTick":5406,"postTick":5406,"serverTick":5396,"ackSeq":3937,"simTick":5694},"timestamp":1782243113764}
{"sessionId":"3f83e2","runId":"post-fix7","hypothesisId":"H1","location":"Starship.NetworkMotor:ReconcileOwnerFromServer","message":"owner_reconcile","data":{"preSnapErr":0.0000,"replayCount":10,"preTick":5407,"postTick":5407,"serverTick":5397,"ackSeq":3938,"simTick":5695},"timestamp":1782243113785}
{"sessionId":"3f83e2","runId":"post-fix7","hypothesisId":"H2","location":"Starship.NetworkMotor:ClientPredictMotorFixedStep","message":"owner_predict","data":{"tick":5409,"simTick":5696,"serverClock":5699,"tickLead":-287,"speed":0.000,"thrust":0},"timestamp":1782243113806}
{"sessionId":"3f83e2","runId":"post-fix7","hypothesisId":"H3","location":"Starship.NetworkMotor:ApplyRemoteMotorSnapshotVisuals","message":"remote_display","data":{"renderTickF":5396.533,"latestTick":5397,"simTick":5697,"bufCount":48,"extrapolating":0,"frameDelta":0.0007,"speed":F3},"timestamp":1782243113814}
{"sessionId":"3f83e2","runId":"post-fix7","hypothesisId":"H1","location":"Starship.NetworkMotor:ReconcileOwnerFromServer","message":"owner_reconcile","data":{"preSnapErr":0.0000,"replayCount":11,"preTick":5409,"postTick":5409,"serverTick":5398,"ackSeq":3939,"simTick":5697},"timestamp":1782243113827}
{"sessionId":"3f83e2","runId":"post-fix7","hypothesisId":"H1","location":"Starship.NetworkMotor:ReconcileOwnerFromServer","message":"owner_reconcile","data":{"preSnapErr":0.0000,"replayCount":10,"preTick":5410,"postTick":5410,"serverTick":5400,"ackSeq":3941,"simTick":5698},"timestamp":1782243113847}
{"sessionId":"3f83e2","runId":"post-fix7","hypothesisId":"H5","location":"Starship.NetworkMotor:ApplyOwnerPredictedMotorVisuals","message":"owner_display","data":{"alpha":0.604,"renderSpan":0.0000,"frameDelta":0.0000,"speed":F3},"timestamp":1782243113855}
{"sessionId":"3f83e2","runId":"post-fix7","hypothesisId":"H1","location":"Starship.NetworkMotor:ReconcileOwnerFromServer","message":"owner_reconcile","data":{"preSnapErr":0.0000,"replayCount":10,"preTick":5412,"postTick":5412,"serverTick":5402,"ackSeq":3943,"simTick":5700},"timestamp":1782243113890}
{"sessionId":"3f83e2","runId":"post-fix7","hypothesisId":"H1","location":"Starship.NetworkMotor:ReconcileOwnerFromServer","message":"owner_reconcile","data":{"preSnapErr":0.0000,"replayCount":10,"preTick":5414,"postTick":5414,"serverTick":5404,"ackSeq":3945,"simTick":5702},"timestamp":1782243113931}
{"sessionId":"3f83e2","runId":"post-fix7","hypothesisId":"H1","location":"Starship.NetworkMotor:ReconcileOwnerFromServer","message":"owner_reconcile","data":{"preSnapErr":0.0000,"replayCount":10,"preTick":5415,"postTick":5415,"serverTick":5405,"ackSeq":3946,"simTick":5703},"timestamp":1782243113950}
{"sessionId":"3f83e2","runId":"post-fix7","hypothesisId":"H1","location":"Starship.NetworkMotor:ReconcileOwnerFromServer","message":"owner_reconcile","data":{"preSnapErr":0.0000,"replayCount":10,"preTick":5417,"postTick":5417,"serverTick":5407,"ackSeq":3948,"simTick":5705},"timestamp":1782243113989}
{"sessionId":"3f83e2","runId":"post-fix7","hypothesisId":"H1","location":"Starship.NetworkMotor:ReconcileOwnerFromServer","message":"owner_reconcile","data":{"preSnapErr":0.0000,"replayCount":9,"preTick":5418,"postTick":5418,"serverTick":5409,"ackSeq":3950,"simTick":5706},"timestamp":1782243114009}
{"sessionId":"3f83e2","runId":"post-fix7","hypothesisId":"H1","location":"Starship.NetworkMotor:ReconcileOwnerFromServer","message":"owner_reconcile","data":{"preSnapErr":0.0000,"replayCount":10,"preTick":5420,"postTick":5420,"serverTick":5410,"ackSeq":3951,"simTick":5708},"timestamp":1782243114048}
{"sessionId":"3f83e2","runId":"post-fix7","hypothesisId":"H3","location":"Starship.NetworkMotor:ApplyRemoteMotorSnapshotVisuals","message":"remote_display","data":{"renderTickF":5409.684,"latestTick":5410,"simTick":5709,"bufCount":48,"extrapolating":0,"frameDelta":0.0008,"speed":F3},"timestamp":1782243114056}
{"sessionId":"3f83e2","runId":"post-fix7","hypothesisId":"H1","location":"Starship.NetworkMotor:ReconcileOwnerFromServer","message":"owner_reconcile","data":{"preSnapErr":0.0000,"replayCount":10,"preTick":5422,"postTick":5422,"serverTick":5412,"ackSeq":3953,"simTick":5710},"timestamp":1782243114091}
{"sessionId":"3f83e2","runId":"post-fix7","hypothesisId":"H5","location":"Starship.NetworkMotor:ApplyOwnerPredictedMotorVisuals","message":"owner_display","data":{"alpha":0.837,"renderSpan":0.0000,"frameDelta":0.0000,"speed":F3},"timestamp":1782243114098}
{"sessionId":"3f83e2","runId":"post-fix7","hypothesisId":"H1","location":"Starship.NetworkMotor:ReconcileOwnerFromServer","message":"owner_reconcile","data":{"preSnapErr":0.0000,"replayCount":9,"preTick":5423,"postTick":5423,"serverTick":5414,"ackSeq":3955,"simTick":5711},"timestamp":1782243114113}
{"sessionId":"3f83e2","runId":"post-fix7","hypothesisId":"H1","location":"Starship.NetworkMotor:ReconcileOwnerFromServer","message":"owner_reconcile","data":{"preSnapErr":0.0000,"replayCount":10,"preTick":5425,"postTick":5425,"serverTick":5415,"ackSeq":3956,"simTick":5713},"timestamp":1782243114152}
{"sessionId":"3f83e2","runId":"post-fix7","hypothesisId":"H1","location":"Starship.NetworkMotor:ReconcileOwnerFromServer","message":"owner_reconcile","data":{"preSnapErr":0.0000,"replayCount":10,"preTick":5427,"postTick":5427,"serverTick":5417,"ackSeq":3958,"simTick":5715},"timestamp":1782243114191}
{"sessionId":"3f83e2","runId":"post-fix7","hypothesisId":"H1","location":"Starship.NetworkMotor:ReconcileOwnerFromServer","message":"owner_reconcile","data":{"preSnapErr":0.0000,"replayCount":10,"preTick":5429,"postTick":5429,"serverTick":5419,"ackSeq":3960,"simTick":5717},"timestamp":1782243114229}
{"sessionId":"3f83e2","runId":"post-fix7","hypothesisId":"H1","location":"Starship.NetworkMotor:ReconcileOwnerFromServer","message":"owner_reconcile","data":{"preSnapErr":0.0000,"replayCount":10,"preTick":5430,"postTick":5430,"serverTick":5420,"ackSeq":3961,"simTick":5718},"timestamp":1782243114252}
{"sessionId":"3f83e2","runId":"post-fix7","hypothesisId":"H1","location":"Starship.NetworkMotor:ReconcileOwnerFromServer","message":"owner_reconcile","data":{"preSnapErr":0.0000,"replayCount":10,"preTick":5432,"postTick":5432,"serverTick":5422,"ackSeq":3963,"simTick":5720},"timestamp":1782243114293}
{"sessionId":"3f83e2","runId":"post-fix7","hypothesisId":"H3","location":"Starship.NetworkMotor:ApplyRemoteMotorSnapshotVisuals","message":"remote_display","data":{"renderTickF":5421.921,"latestTick":5422,"simTick":5721,"bufCount":48,"extrapolating":0,"frameDelta":0.0008,"speed":F3},"timestamp":1782243114302}
{"sessionId":"3f83e2","runId":"post-fix7","hypothesisId":"H2","location":"Starship.NetworkMotor:ClientPredictMotorFixedStep","message":"owner_predict","data":{"tick":5434,"simTick":5721,"serverClock":5724,"tickLead":-287,"speed":0.000,"thrust":0},"timestamp":1782243114317}
{"sessionId":"3f83e2","runId":"post-fix7","hypothesisId":"H1","location":"Starship.NetworkMotor:ReconcileOwnerFromServer","message":"owner_reconcile","data":{"preSnapErr":0.0000,"replayCount":10,"preTick":5435,"postTick":5435,"serverTick":5425,"ackSeq":3966,"simTick":5723},"timestamp":1782243114339}
{"sessionId":"3f83e2","runId":"post-fix7","hypothesisId":"H5","location":"Starship.NetworkMotor:ApplyOwnerPredictedMotorVisuals","message":"owner_display","data":{"alpha":0.165,"renderSpan":0.0000,"frameDelta":0.0000,"speed":F3},"timestamp":1782243114347}
{"sessionId":"3f83e2","runId":"post-fix7","hypothesisId":"H1","location":"Starship.NetworkMotor:ReconcileOwnerFromServer","message":"owner_reconcile","data":{"preSnapErr":0.0000,"replayCount":10,"preTick":5437,"postTick":5437,"serverTick":5427,"ackSeq":3968,"simTick":5725},"timestamp":1782243114379}
{"sessionId":"3f83e2","runId":"post-fix7","hypothesisId":"H1","location":"Starship.NetworkMotor:ReconcileOwnerFromServer","message":"owner_reconcile","data":{"preSnapErr":0.0000,"replayCount":11,"preTick":5439,"postTick":5439,"serverTick":5428,"ackSeq":3969,"simTick":5727},"timestamp":1782243114421}
{"sessionId":"3f83e2","runId":"post-fix7","hypothesisId":"H1","location":"Starship.NetworkMotor:ReconcileOwnerFromServer","message":"owner_reconcile","data":{"preSnapErr":0.0000,"replayCount":10,"preTick":5440,"postTick":5440,"serverTick":5430,"ackSeq":3971,"simTick":5728},"timestamp":1782243114442}
{"sessionId":"3f83e2","runId":"post-fix7","hypothesisId":"H1","location":"Starship.NetworkMotor:ReconcileOwnerFromServer","message":"owner_reconcile","data":{"preSnapErr":0.0000,"replayCount":10,"preTick":5442,"postTick":5442,"serverTick":5432,"ackSeq":3973,"simTick":5730},"timestamp":1782243114486}
{"sessionId":"3f83e2","runId":"post-fix7","hypothesisId":"H1","location":"Starship.NetworkMotor:ReconcileOwnerFromServer","message":"owner_reconcile","data":{"preSnapErr":0.0000,"replayCount":10,"preTick":5443,"postTick":5443,"serverTick":5433,"ackSeq":3974,"simTick":5731},"timestamp":1782243114506}
{"sessionId":"3f83e2","runId":"post-fix7","hypothesisId":"H1","location":"Starship.NetworkMotor:ReconcileOwnerFromServer","message":"owner_reconcile","data":{"preSnapErr":0.0000,"replayCount":10,"preTick":5445,"postTick":5445,"serverTick":5435,"ackSeq":3976,"simTick":5733},"timestamp":1782243114547}
{"sessionId":"3f83e2","runId":"post-fix7","hypothesisId":"H3","location":"Starship.NetworkMotor:ApplyRemoteMotorSnapshotVisuals","message":"remote_display","data":{"renderTickF":5434.616,"latestTick":5435,"simTick":5734,"bufCount":48,"extrapolating":0,"frameDelta":0.0008,"speed":F3},"timestamp":1782243114556}
{"sessionId":"3f83e2","runId":"post-fix7","hypothesisId":"H1","location":"Starship.NetworkMotor:ReconcileOwnerFromServer","message":"owner_reconcile","data":{"preSnapErr":0.0000,"replayCount":10,"preTick":5447,"postTick":5447,"serverTick":5437,"ackSeq":3978,"simTick":5735},"timestamp":1782243114589}
{"sessionId":"3f83e2","runId":"post-fix7","hypothesisId":"H5","location":"Starship.NetworkMotor:ApplyOwnerPredictedMotorVisuals","message":"owner_display","data":{"alpha":0.722,"renderSpan":0.0000,"frameDelta":0.0000,"speed":F3},"timestamp":1782243114597}
{"sessionId":"3f83e2","runId":"post-fix7","hypothesisId":"H1","location":"Starship.NetworkMotor:ReconcileOwnerFromServer","message":"owner_reconcile","data":{"preSnapErr":0.0000,"replayCount":10,"preTick":5449,"postTick":5449,"serverTick":5439,"ackSeq":3980,"simTick":5737},"timestamp":1782243114632}
{"sessionId":"3f83e2","runId":"post-fix7","hypothesisId":"H1","location":"Starship.NetworkMotor:ReconcileOwnerFromServer","message":"owner_reconcile","data":{"preSnapErr":0.0000,"replayCount":10,"preTick":5450,"postTick":5450,"serverTick":5440,"ackSeq":3981,"simTick":5738},"timestamp":1782243114653}
{"sessionId":"3f83e2","runId":"post-fix7","hypothesisId":"H1","location":"Starship.NetworkMotor:ReconcileOwnerFromServer","message":"owner_reconcile","data":{"preSnapErr":0.0000,"replayCount":10,"preTick":5452,"postTick":5452,"serverTick":5442,"ackSeq":3983,"simTick":5740},"timestamp":1782243114699}
{"sessionId":"3f83e2","runId":"post-fix7","hypothesisId":"H1","location":"Starship.NetworkMotor:ReconcileOwnerFromServer","message":"owner_reconcile","data":{"preSnapErr":0.0000,"replayCount":10,"preTick":5454,"postTick":5454,"serverTick":5444,"ackSeq":3985,"simTick":5742},"timestamp":1782243114722}
{"sessionId":"3f83e2","runId":"post-fix7","hypothesisId":"H1","location":"Starship.NetworkMotor:ReconcileOwnerFromServer","message":"owner_reconcile","data":{"preSnapErr":0.0000,"replayCount":10,"preTick":5455,"postTick":5455,"serverTick":5445,"ackSeq":3986,"simTick":5743},"timestamp":1782243114744}
{"sessionId":"3f83e2","runId":"post-fix7","hypothesisId":"H1","location":"Starship.NetworkMotor:ReconcileOwnerFromServer","message":"owner_reconcile","data":{"preSnapErr":0.0000,"replayCount":10,"preTick":5457,"postTick":5457,"serverTick":5447,"ackSeq":3988,"simTick":5745},"timestamp":1782243114784}
{"sessionId":"3f83e2","runId":"post-fix7","hypothesisId":"H2","location":"Starship.NetworkMotor:ClientPredictMotorFixedStep","message":"owner_predict","data":{"tick":5459,"simTick":5746,"serverClock":5749,"tickLead":-287,"speed":0.000,"thrust":0},"timestamp":1782243114806}
{"sessionId":"3f83e2","runId":"post-fix7","hypothesisId":"H3","location":"Starship.NetworkMotor:ApplyRemoteMotorSnapshotVisuals","message":"remote_display","data":{"renderTickF":5446.557,"latestTick":5447,"simTick":5747,"bufCount":48,"extrapolating":0,"frameDelta":0.0008,"speed":F3},"timestamp":1782243114815}
{"sessionId":"3f83e2","runId":"post-fix7","hypothesisId":"H1","location":"Starship.NetworkMotor:ReconcileOwnerFromServer","message":"owner_reconcile","data":{"preSnapErr":0.0000,"replayCount":10,"preTick":5459,"postTick":5459,"serverTick":5449,"ackSeq":3990,"simTick":5747},"timestamp":1782243114829}
{"sessionId":"3f83e2","runId":"post-fix7","hypothesisId":"H5","location":"Starship.NetworkMotor:ApplyOwnerPredictedMotorVisuals","message":"owner_display","data":{"alpha":0.737,"renderSpan":0.0000,"frameDelta":0.0000,"speed":F3},"timestamp":1782243114858}
{"sessionId":"3f83e2","runId":"post-fix7","hypothesisId":"H1","location":"Starship.NetworkMotor:ReconcileOwnerFromServer","message":"owner_reconcile","data":{"preSnapErr":0.0000,"replayCount":10,"preTick":5461,"postTick":5461,"serverTick":5451,"ackSeq":3992,"simTick":5749},"timestamp":1782243114872}
{"sessionId":"3f83e2","runId":"post-fix7","hypothesisId":"H1","location":"Starship.NetworkMotor:ReconcileOwnerFromServer","message":"owner_reconcile","data":{"preSnapErr":0.0000,"replayCount":10,"preTick":5463,"postTick":5463,"serverTick":5453,"ackSeq":3994,"simTick":5751},"timestamp":1782243114917}
{"sessionId":"3f83e2","runId":"post-fix7","hypothesisId":"H1","location":"Starship.NetworkMotor:ReconcileOwnerFromServer","message":"owner_reconcile","data":{"preSnapErr":0.0000,"replayCount":10,"preTick":5465,"postTick":5465,"serverTick":5455,"ackSeq":3996,"simTick":5753},"timestamp":1782243114943}
{"sessionId":"3f83e2","runId":"post-fix7","hypothesisId":"H1","location":"Starship.NetworkMotor:ReconcileOwnerFromServer","message":"owner_reconcile","data":{"preSnapErr":0.0000,"replayCount":10,"preTick":5467,"postTick":5467,"serverTick":5457,"ackSeq":3998,"simTick":5755},"timestamp":1782243114984}
{"sessionId":"3f83e2","runId":"post-fix7","hypothesisId":"H1","location":"Starship.NetworkMotor:ReconcileOwnerFromServer","message":"owner_reconcile","data":{"preSnapErr":0.0000,"replayCount":10,"preTick":5468,"postTick":5468,"serverTick":5458,"ackSeq":3999,"simTick":5756},"timestamp":1782243115007}
{"sessionId":"3f83e2","runId":"post-fix7","hypothesisId":"H1","location":"Starship.NetworkMotor:ReconcileOwnerFromServer","message":"owner_reconcile","data":{"preSnapErr":0.0000,"replayCount":10,"preTick":5470,"postTick":5470,"serverTick":5460,"ackSeq":4001,"simTick":5758},"timestamp":1782243115049}
{"sessionId":"3f83e2","runId":"post-fix7","hypothesisId":"H3","location":"Starship.NetworkMotor:ApplyRemoteMotorSnapshotVisuals","message":"remote_display","data":{"renderTickF":5459.688,"latestTick":5460,"simTick":5760,"bufCount":48,"extrapolating":0,"frameDelta":0.0008,"speed":F3},"timestamp":1782243115076}
{"sessionId":"3f83e2","runId":"post-fix7","hypothesisId":"H1","location":"Starship.NetworkMotor:ReconcileOwnerFromServer","message":"owner_reconcile","data":{"preSnapErr":0.0000,"replayCount":10,"preTick":5472,"postTick":5472,"serverTick":5462,"ackSeq":4003,"simTick":5760},"timestamp":1782243115090}
{"sessionId":"3f83e2","runId":"post-fix7","hypothesisId":"H1","location":"Starship.NetworkMotor:ReconcileOwnerFromServer","message":"owner_reconcile","data":{"preSnapErr":0.0000,"replayCount":9,"preTick":5473,"postTick":5473,"serverTick":5464,"ackSeq":4005,"simTick":5761},"timestamp":1782243115113}
{"sessionId":"3f83e2","runId":"post-fix7","hypothesisId":"H5","location":"Starship.NetworkMotor:ApplyOwnerPredictedMotorVisuals","message":"owner_display","data":{"alpha":0.898,"renderSpan":0.0000,"frameDelta":0.0000,"speed":F3},"timestamp":1782243115122}
{"sessionId":"3f83e2","runId":"post-fix7","hypothesisId":"H1","location":"Starship.NetworkMotor:ReconcileOwnerFromServer","message":"owner_reconcile","data":{"preSnapErr":0.0000,"replayCount":11,"preTick":5476,"postTick":5476,"serverTick":5465,"ackSeq":4006,"simTick":5764},"timestamp":1782243115161}
{"sessionId":"3f83e2","runId":"post-fix7","hypothesisId":"H1","location":"Starship.NetworkMotor:ReconcileOwnerFromServer","message":"owner_reconcile","data":{"preSnapErr":0.0000,"replayCount":10,"preTick":5478,"postTick":5478,"serverTick":5468,"ackSeq":4009,"simTick":5766},"timestamp":1782243115201}
{"sessionId":"3f83e2","runId":"post-fix7","hypothesisId":"H1","location":"Starship.NetworkMotor:ReconcileOwnerFromServer","message":"owner_reconcile","data":{"preSnapErr":0.0000,"replayCount":10,"preTick":5480,"postTick":5480,"serverTick":5470,"ackSeq":4011,"simTick":5768},"timestamp":1782243115241}
{"sessionId":"3f83e2","runId":"post-fix7","hypothesisId":"H1","location":"Starship.NetworkMotor:ReconcileOwnerFromServer","message":"owner_reconcile","data":{"preSnapErr":0.0000,"replayCount":10,"preTick":5482,"postTick":5482,"serverTick":5472,"ackSeq":4013,"simTick":5770},"timestamp":1782243115283}
{"sessionId":"3f83e2","runId":"post-fix7","hypothesisId":"H2","location":"Starship.NetworkMotor:ClientPredictMotorFixedStep","message":"owner_predict","data":{"tick":5484,"simTick":5771,"serverClock":5774,"tickLead":-287,"speed":0.000,"thrust":0},"timestamp":1782243115302}
{"sessionId":"3f83e2","runId":"post-fix7","hypothesisId":"H1","location":"Starship.NetworkMotor:ReconcileOwnerFromServer","message":"owner_reconcile","data":{"preSnapErr":0.0000,"replayCount":10,"preTick":5484,"postTick":5484,"serverTick":5474,"ackSeq":4015,"simTick":5772},"timestamp":1782243115324}
{"sessionId":"3f83e2","runId":"post-fix7","hypothesisId":"H3","location":"Starship.NetworkMotor:ApplyRemoteMotorSnapshotVisuals","message":"remote_display","data":{"renderTickF":5473.438,"latestTick":5474,"simTick":5773,"bufCount":48,"extrapolating":0,"frameDelta":0.0009,"speed":F3},"timestamp":1782243115332}
{"sessionId":"3f83e2","runId":"post-fix7","hypothesisId":"H1","location":"Starship.NetworkMotor:ReconcileOwnerFromServer","message":"owner_reconcile","data":{"preSnapErr":0.0000,"replayCount":10,"preTick":5485,"postTick":5485,"serverTick":5475,"ackSeq":4016,"simTick":5773},"timestamp":1782243115351}
{"sessionId":"3f83e2","runId":"post-fix7","hypothesisId":"H5","location":"Starship.NetworkMotor:ApplyOwnerPredictedMotorVisuals","message":"owner_display","data":{"alpha":0.790,"renderSpan":0.0000,"frameDelta":0.0000,"speed":F3},"timestamp":1782243115379}
{"sessionId":"3f83e2","runId":"post-fix7","hypothesisId":"H1","location":"Starship.NetworkMotor:ReconcileOwnerFromServer","message":"owner_reconcile","data":{"preSnapErr":0.0000,"replayCount":10,"preTick":5487,"postTick":5487,"serverTick":5477,"ackSeq":4018,"simTick":5775},"timestamp":1782243115393}
{"sessionId":"3f83e2","runId":"post-fix7","hypothesisId":"H1","location":"Starship.NetworkMotor:ReconcileOwnerFromServer","message":"owner_reconcile","data":{"preSnapErr":0.0000,"replayCount":10,"preTick":5488,"postTick":5488,"serverTick":5478,"ackSeq":4019,"simTick":5776},"timestamp":1782243115416}
{"sessionId":"3f83e2","runId":"post-fix7","hypothesisId":"H1","location":"Starship.NetworkMotor:ReconcileOwnerFromServer","message":"owner_reconcile","data":{"preSnapErr":0.0000,"replayCount":10,"preTick":5490,"postTick":5490,"serverTick":5480,"ackSeq":4021,"simTick":5778},"timestamp":1782243115440}
{"sessionId":"3f83e2","runId":"post-fix7","hypothesisId":"H1","location":"Starship.NetworkMotor:ReconcileOwnerFromServer","message":"owner_reconcile","data":{"preSnapErr":0.0000,"replayCount":10,"preTick":5492,"postTick":5492,"serverTick":5482,"ackSeq":4023,"simTick":5780},"timestamp":1782243115482}
{"sessionId":"3f83e2","runId":"post-fix7","hypothesisId":"H1","location":"Starship.NetworkMotor:ReconcileOwnerFromServer","message":"owner_reconcile","data":{"preSnapErr":0.0000,"replayCount":10,"preTick":5494,"postTick":5494,"serverTick":5484,"ackSeq":4025,"simTick":5782},"timestamp":1782243115523}
{"sessionId":"3f83e2","runId":"post-fix7","hypothesisId":"H1","location":"Starship.NetworkMotor:ReconcileOwnerFromServer","message":"owner_reconcile","data":{"preSnapErr":0.0000,"replayCount":10,"preTick":5495,"postTick":5495,"serverTick":5485,"ackSeq":4026,"simTick":5783},"timestamp":1782243115545}
{"sessionId":"3f83e2","runId":"post-fix7","hypothesisId":"H1","location":"Starship.NetworkMotor:ReconcileOwnerFromServer","message":"owner_reconcile","data":{"preSnapErr":0.0000,"replayCount":10,"preTick":5497,"postTick":5497,"serverTick":5487,"ackSeq":4028,"simTick":5785},"timestamp":1782243115590}
{"sessionId":"3f83e2","runId":"post-fix7","hypothesisId":"H3","location":"Starship.NetworkMotor:ApplyRemoteMotorSnapshotVisuals","message":"remote_display","data":{"renderTickF":5486.728,"latestTick":5487,"simTick":5786,"bufCount":48,"extrapolating":0,"frameDelta":0.0009,"speed":F3},"timestamp":1782243115598}
{"sessionId":"3f83e2","runId":"post-fix7","hypothesisId":"H1","location":"Starship.NetworkMotor:ReconcileOwnerFromServer","message":"owner_reconcile","data":{"preSnapErr":0.0000,"replayCount":10,"preTick":5499,"postTick":5499,"serverTick":5489,"ackSeq":4030,"simTick":5787},"timestamp":1782243115632}
{"sessionId":"3f83e2","runId":"post-fix7","hypothesisId":"H5","location":"Starship.NetworkMotor:ApplyOwnerPredictedMotorVisuals","message":"owner_display","data":{"alpha":0.829,"renderSpan":0.0000,"frameDelta":0.0000,"speed":F3},"timestamp":1782243115639}
{"sessionId":"3f83e2","runId":"post-fix7","hypothesisId":"H1","location":"Starship.NetworkMotor:ReconcileOwnerFromServer","message":"owner_reconcile","data":{"preSnapErr":0.0000,"replayCount":9,"preTick":5500,"postTick":5500,"serverTick":5491,"ackSeq":4032,"simTick":5788},"timestamp":1782243115653}
{"sessionId":"3f83e2","runId":"post-fix7","hypothesisId":"H1","location":"Starship.NetworkMotor:ReconcileOwnerFromServer","message":"owner_reconcile","data":{"preSnapErr":0.0000,"replayCount":9,"preTick":5501,"postTick":5501,"serverTick":5492,"ackSeq":4033,"simTick":5789},"timestamp":1782243115675}
{"sessionId":"3f83e2","runId":"post-fix7","hypothesisId":"H1","location":"Starship.NetworkMotor:ReconcileOwnerFromServer","message":"owner_reconcile","data":{"preSnapErr":0.0000,"replayCount":11,"preTick":5504,"postTick":5504,"serverTick":5493,"ackSeq":4034,"simTick":5792},"timestamp":1782243115718}
{"sessionId":"3f83e2","runId":"post-fix7","hypothesisId":"H1","location":"Starship.NetworkMotor:ReconcileOwnerFromServer","message":"owner_reconcile","data":{"preSnapErr":0.0000,"replayCount":10,"preTick":5505,"postTick":5505,"serverTick":5495,"ackSeq":4036,"simTick":5793},"timestamp":1782243115739}
{"sessionId":"3f83e2","runId":"post-fix7","hypothesisId":"H1","location":"Starship.NetworkMotor:ReconcileOwnerFromServer","message":"owner_reconcile","data":{"preSnapErr":0.0000,"replayCount":10,"preTick":5507,"postTick":5507,"serverTick":5497,"ackSeq":4038,"simTick":5795},"timestamp":1782243115786}
{"sessionId":"3f83e2","runId":"post-fix7","hypothesisId":"H2","location":"Starship.NetworkMotor:ClientPredictMotorFixedStep","message":"owner_predict","data":{"tick":5509,"simTick":5796,"serverClock":5799,"tickLead":-287,"speed":0.000,"thrust":0},"timestamp":1782243115808}
{"sessionId":"3f83e2","runId":"post-fix7","hypothesisId":"H1","location":"Starship.NetworkMotor:ReconcileOwnerFromServer","message":"owner_reconcile","data":{"preSnapErr":0.0000,"replayCount":10,"preTick":5509,"postTick":5509,"serverTick":5499,"ackSeq":4040,"simTick":5797},"timestamp":1782243115831}
{"sessionId":"3f83e2","runId":"post-fix7","hypothesisId":"H1","location":"Starship.NetworkMotor:ReconcileOwnerFromServer","message":"owner_reconcile","data":{"preSnapErr":0.0000,"replayCount":10,"preTick":5510,"postTick":5510,"serverTick":5500,"ackSeq":4041,"simTick":5798},"timestamp":1782243115852}
{"sessionId":"3f83e2","runId":"post-fix7","hypothesisId":"H3","location":"Starship.NetworkMotor:ApplyRemoteMotorSnapshotVisuals","message":"remote_display","data":{"renderTickF":5499.880,"latestTick":5500,"simTick":5799,"bufCount":48,"extrapolating":0,"frameDelta":0.0009,"speed":F3},"timestamp":1782243115861}
{"sessionId":"3f83e2","runId":"post-fix7","hypothesisId":"H1","location":"Starship.NetworkMotor:ReconcileOwnerFromServer","message":"owner_reconcile","data":{"preSnapErr":0.0000,"replayCount":10,"preTick":5512,"postTick":5512,"serverTick":5502,"ackSeq":4043,"simTick":5800},"timestamp":1782243115894}
{"sessionId":"3f83e2","runId":"post-fix7","hypothesisId":"H5","location":"Starship.NetworkMotor:ApplyOwnerPredictedMotorVisuals","message":"owner_display","data":{"alpha":0.940,"renderSpan":0.0000,"frameDelta":0.0000,"speed":F3},"timestamp":1782243115902}
{"sessionId":"3f83e2","runId":"post-fix7","hypothesisId":"H1","location":"Starship.NetworkMotor:ReconcileOwnerFromServer","message":"owner_reconcile","data":{"preSnapErr":0.0000,"replayCount":9,"preTick":5514,"postTick":5514,"serverTick":5505,"ackSeq":4046,"simTick":5802},"timestamp":1782243115936}
{"sessionId":"3f83e2","runId":"post-fix7","hypothesisId":"H1","location":"Starship.NetworkMotor:ReconcileOwnerFromServer","message":"owner_reconcile","data":{"preSnapErr":0.0000,"replayCount":10,"preTick":5517,"postTick":5517,"serverTick":5507,"ackSeq":4048,"simTick":5805},"timestamp":1782243115977}
{"sessionId":"3f83e2","runId":"post-fix7","hypothesisId":"H1","location":"Starship.NetworkMotor:ReconcileOwnerFromServer","message":"owner_reconcile","data":{"preSnapErr":0.0000,"replayCount":11,"preTick":5519,"postTick":5519,"serverTick":5508,"ackSeq":4049,"simTick":5807},"timestamp":1782243116020}
{"sessionId":"3f83e2","runId":"post-fix7","hypothesisId":"H1","location":"Starship.NetworkMotor:ReconcileOwnerFromServer","message":"owner_reconcile","data":{"preSnapErr":0.0000,"replayCount":11,"preTick":5521,"postTick":5521,"serverTick":5510,"ackSeq":4051,"simTick":5809},"timestamp":1782243116060}
{"sessionId":"3f83e2","runId":"post-fix7","hypothesisId":"H1","location":"Starship.NetworkMotor:ReconcileOwnerFromServer","message":"owner_reconcile","data":{"preSnapErr":0.0000,"replayCount":10,"preTick":5522,"postTick":5522,"serverTick":5512,"ackSeq":4053,"simTick":5810},"timestamp":1782243116078}
{"sessionId":"3f83e2","runId":"post-fix7","hypothesisId":"H3","location":"Starship.NetworkMotor:ApplyRemoteMotorSnapshotVisuals","message":"remote_display","data":{"renderTickF":5511.226,"latestTick":5512,"simTick":5812,"bufCount":48,"extrapolating":0,"frameDelta":0.0007,"speed":F3},"timestamp":1782243116107}
{"sessionId":"3f83e2","runId":"post-fix7","hypothesisId":"H1","location":"Starship.NetworkMotor:ReconcileOwnerFromServer","message":"owner_reconcile","data":{"preSnapErr":0.0000,"replayCount":10,"preTick":5524,"postTick":5524,"serverTick":5514,"ackSeq":4055,"simTick":5812},"timestamp":1782243116119}
{"sessionId":"3f83e2","runId":"post-fix7","hypothesisId":"H1","location":"Starship.NetworkMotor:ReconcileOwnerFromServer","message":"owner_reconcile","data":{"preSnapErr":0.0000,"replayCount":10,"preTick":5525,"postTick":5525,"serverTick":5515,"ackSeq":4056,"simTick":5813},"timestamp":1782243116144}
{"sessionId":"3f83e2","runId":"post-fix7","hypothesisId":"H5","location":"Starship.NetworkMotor:ApplyOwnerPredictedMotorVisuals","message":"owner_display","data":{"alpha":0.398,"renderSpan":0.0000,"frameDelta":0.0000,"speed":F3},"timestamp":1782243116150}
{"sessionId":"3f83e2","runId":"post-fix7","hypothesisId":"H1","location":"Starship.NetworkMotor:ReconcileOwnerFromServer","message":"owner_reconcile","data":{"preSnapErr":0.0000,"replayCount":10,"preTick":5527,"postTick":5527,"serverTick":5517,"ackSeq":4058,"simTick":5815},"timestamp":1782243116183}
{"sessionId":"3f83e2","runId":"post-fix7","hypothesisId":"H1","location":"Starship.NetworkMotor:ReconcileOwnerFromServer","message":"owner_reconcile","data":{"preSnapErr":0.0000,"replayCount":10,"preTick":5530,"postTick":5530,"serverTick":5520,"ackSeq":4061,"simTick":5818},"timestamp":1782243116251}
{"sessionId":"3f83e2","runId":"post-fix7","hypothesisId":"H1","location":"Starship.NetworkMotor:ReconcileOwnerFromServer","message":"owner_reconcile","data":{"preSnapErr":0.0000,"replayCount":11,"preTick":5533,"postTick":5533,"serverTick":5522,"ackSeq":4063,"simTick":5821},"timestamp":1782243116309}
{"sessionId":"3f83e2","runId":"post-fix7","hypothesisId":"H2","location":"Starship.NetworkMotor:ClientPredictMotorFixedStep","message":"owner_predict","data":{"tick":5534,"simTick":5821,"serverClock":5824,"tickLead":-287,"speed":0.000,"thrust":0},"timestamp":1782243116310}
{"sessionId":"3f83e2","runId":"post-fix7","hypothesisId":"H1","location":"Starship.NetworkMotor:ReconcileOwnerFromServer","message":"owner_reconcile","data":{"preSnapErr":0.0000,"replayCount":10,"preTick":5534,"postTick":5534,"serverTick":5524,"ackSeq":4065,"simTick":5822},"timestamp":1782243116332}
{"sessionId":"3f83e2","runId":"post-fix7","hypothesisId":"H1","location":"Starship.NetworkMotor:ReconcileOwnerFromServer","message":"owner_reconcile","data":{"preSnapErr":0.0000,"replayCount":9,"preTick":5535,"postTick":5535,"serverTick":5526,"ackSeq":4067,"simTick":5823},"timestamp":1782243116353}
{"sessionId":"3f83e2","runId":"post-fix7","hypothesisId":"H3","location":"Starship.NetworkMotor:ApplyRemoteMotorSnapshotVisuals","message":"remote_display","data":{"renderTickF":5525.880,"latestTick":5526,"simTick":5824,"bufCount":48,"extrapolating":0,"frameDelta":0.0009,"speed":F3},"timestamp":1782243116360}
{"sessionId":"3f83e2","runId":"post-fix7","hypothesisId":"H5","location":"Starship.NetworkMotor:ApplyOwnerPredictedMotorVisuals","message":"owner_display","data":{"alpha":0.833,"renderSpan":0.0000,"frameDelta":0.0000,"speed":F3},"timestamp":1782243116398}
{"sessionId":"3f83e2","runId":"post-fix7","hypothesisId":"H1","location":"Starship.NetworkMotor:ReconcileOwnerFromServer","message":"owner_reconcile","data":{"preSnapErr":0.0000,"replayCount":10,"preTick":5538,"postTick":5538,"serverTick":5528,"ackSeq":4069,"simTick":5826},"timestamp":1782243116417}
{"sessionId":"3f83e2","runId":"post-fix7","hypothesisId":"H1","location":"Starship.NetworkMotor:ReconcileOwnerFromServer","message":"owner_reconcile","data":{"preSnapErr":0.0000,"replayCount":10,"preTick":5540,"postTick":5540,"serverTick":5530,"ackSeq":4071,"simTick":5828},"timestamp":1782243116438}
{"sessionId":"3f83e2","runId":"post-fix7","hypothesisId":"H1","location":"Starship.NetworkMotor:ReconcileOwnerFromServer","message":"owner_reconcile","data":{"preSnapErr":0.0000,"replayCount":11,"preTick":5542,"postTick":5542,"serverTick":5531,"ackSeq":4072,"simTick":5830},"timestamp":1782243116480}
{"sessionId":"3f83e2","runId":"post-fix7","hypothesisId":"H1","location":"Starship.NetworkMotor:ReconcileOwnerFromServer","message":"owner_reconcile","data":{"preSnapErr":0.0000,"replayCount":10,"preTick":5543,"postTick":5543,"serverTick":5533,"ackSeq":4074,"simTick":5831},"timestamp":1782243116502}
{"sessionId":"3f83e2","runId":"post-fix7","hypothesisId":"H1","location":"Starship.NetworkMotor:ReconcileOwnerFromServer","message":"owner_reconcile","data":{"preSnapErr":0.0000,"replayCount":10,"preTick":5545,"postTick":5545,"serverTick":5535,"ackSeq":4076,"simTick":5833},"timestamp":1782243116542}
{"sessionId":"3f83e2","runId":"post-fix7","hypothesisId":"H1","location":"Starship.NetworkMotor:ReconcileOwnerFromServer","message":"owner_reconcile","data":{"preSnapErr":0.0000,"replayCount":10,"preTick":5547,"postTick":5547,"serverTick":5537,"ackSeq":4078,"simTick":5835},"timestamp":1782243116586}
{"sessionId":"3f83e2","runId":"post-fix7","hypothesisId":"H1","location":"Starship.NetworkMotor:ReconcileOwnerFromServer","message":"owner_reconcile","data":{"preSnapErr":0.0000,"replayCount":10,"preTick":5548,"postTick":5548,"serverTick":5538,"ackSeq":4079,"simTick":5836},"timestamp":1782243116610}
{"sessionId":"3f83e2","runId":"post-fix7","hypothesisId":"H3","location":"Starship.NetworkMotor:ApplyRemoteMotorSnapshotVisuals","message":"remote_display","data":{"renderTickF":5537.747,"latestTick":5538,"simTick":5837,"bufCount":48,"extrapolating":0,"frameDelta":0.0008,"speed":F3},"timestamp":1782243116619}
{"sessionId":"3f83e2","runId":"post-fix7","hypothesisId":"H1","location":"Starship.NetworkMotor:ReconcileOwnerFromServer","message":"owner_reconcile","data":{"preSnapErr":0.0000,"replayCount":9,"preTick":5549,"postTick":5549,"serverTick":5540,"ackSeq":4081,"simTick":5837},"timestamp":1782243116635}
{"sessionId":"3f83e2","runId":"post-fix7","hypothesisId":"H5","location":"Starship.NetworkMotor:ApplyOwnerPredictedMotorVisuals","message":"owner_display","data":{"alpha":0.254,"renderSpan":0.0000,"frameDelta":0.0000,"speed":F3},"timestamp":1782243116668}
{"sessionId":"3f83e2","runId":"post-fix7","hypothesisId":"H1","location":"Starship.NetworkMotor:ReconcileOwnerFromServer","message":"owner_reconcile","data":{"preSnapErr":0.0000,"replayCount":10,"preTick":5552,"postTick":5552,"serverTick":5542,"ackSeq":4083,"simTick":5840},"timestamp":1782243116683}
{"sessionId":"3f83e2","runId":"post-fix7","hypothesisId":"H1","location":"Starship.NetworkMotor:ReconcileOwnerFromServer","message":"owner_reconcile","data":{"preSnapErr":0.0000,"replayCount":10,"preTick":5553,"postTick":5553,"serverTick":5543,"ackSeq":4084,"simTick":5841},"timestamp":1782243116708}
{"sessionId":"3f83e2","runId":"post-fix7","hypothesisId":"H1","location":"Starship.NetworkMotor:ReconcileOwnerFromServer","message":"owner_reconcile","data":{"preSnapErr":0.0000,"replayCount":10,"preTick":5555,"postTick":5555,"serverTick":5545,"ackSeq":4086,"simTick":5843},"timestamp":1782243116757}
{"sessionId":"3f83e2","runId":"post-fix7","hypothesisId":"H1","location":"Starship.NetworkMotor:ReconcileOwnerFromServer","message":"owner_reconcile","data":{"preSnapErr":0.0000,"replayCount":10,"preTick":5557,"postTick":5557,"serverTick":5547,"ackSeq":4088,"simTick":5845},"timestamp":1782243116784}
{"sessionId":"3f83e2","runId":"post-fix7","hypothesisId":"H1","location":"Starship.NetworkMotor:ReconcileOwnerFromServer","message":"owner_reconcile","data":{"preSnapErr":0.0000,"replayCount":10,"preTick":5558,"postTick":5558,"serverTick":5548,"ackSeq":4089,"simTick":5846},"timestamp":1782243116808}
{"sessionId":"3f83e2","runId":"post-fix7","hypothesisId":"H2","location":"Starship.NetworkMotor:ClientPredictMotorFixedStep","message":"owner_predict","data":{"tick":5559,"simTick":5846,"serverClock":5849,"tickLead":-287,"speed":0.000,"thrust":0},"timestamp":1782243116808}
{"sessionId":"3f83e2","runId":"post-fix7","hypothesisId":"H1","location":"Starship.NetworkMotor:ReconcileOwnerFromServer","message":"owner_reconcile","data":{"preSnapErr":0.0000,"replayCount":11,"preTick":5561,"postTick":5561,"serverTick":5550,"ackSeq":4091,"simTick":5849},"timestamp":1782243116868}
{"sessionId":"3f83e2","runId":"post-fix7","hypothesisId":"H1","location":"Starship.NetworkMotor:ReconcileOwnerFromServer","message":"owner_reconcile","data":{"preSnapErr":0.0000,"replayCount":10,"preTick":5562,"postTick":5562,"serverTick":5552,"ackSeq":4093,"simTick":5850},"timestamp":1782243116893}
{"sessionId":"3f83e2","runId":"post-fix7","hypothesisId":"H1","location":"Starship.NetworkMotor:ReconcileOwnerFromServer","message":"owner_reconcile","data":{"preSnapErr":0.0000,"replayCount":8,"preTick":5563,"postTick":5563,"serverTick":5555,"ackSeq":4096,"simTick":5851},"timestamp":1782243116942}
{"sessionId":"3f83e2","runId":"post-fix7","hypothesisId":"H3","location":"Starship.NetworkMotor:ApplyRemoteMotorSnapshotVisuals","message":"remote_display","data":{"renderTickF":5554.362,"latestTick":5555,"simTick":5854,"bufCount":48,"extrapolating":0,"frameDelta":0.0011,"speed":F3},"timestamp":1782243116953}
{"sessionId":"3f83e2","runId":"post-fix7","hypothesisId":"H1","location":"Starship.NetworkMotor:ReconcileOwnerFromServer","message":"owner_reconcile","data":{"preSnapErr":0.0000,"replayCount":10,"preTick":5567,"postTick":5567,"serverTick":5557,"ackSeq":4098,"simTick":5855},"timestamp":1782243116986}
{"sessionId":"3f83e2","runId":"post-fix7","hypothesisId":"H5","location":"Starship.NetworkMotor:ApplyOwnerPredictedMotorVisuals","message":"owner_display","data":{"alpha":0.614,"renderSpan":0.0000,"frameDelta":0.0000,"speed":F3},"timestamp":1782243116995}
{"sessionId":"3f83e2","runId":"post-fix7","hypothesisId":"H1","location":"Starship.NetworkMotor:ReconcileOwnerFromServer","message":"owner_reconcile","data":{"preSnapErr":0.0000,"replayCount":10,"preTick":5569,"postTick":5569,"serverTick":5559,"ackSeq":4100,"simTick":5857},"timestamp":1782243117030}
{"sessionId":"3f83e2","runId":"post-fix7","hypothesisId":"H1","location":"Starship.NetworkMotor:ReconcileOwnerFromServer","message":"owner_reconcile","data":{"preSnapErr":0.0000,"replayCount":10,"preTick":5570,"postTick":5570,"serverTick":5560,"ackSeq":4101,"simTick":5858},"timestamp":1782243117051}
{"sessionId":"3f83e2","runId":"post-fix7","hypothesisId":"H1","location":"Starship.NetworkMotor:ReconcileOwnerFromServer","message":"owner_reconcile","data":{"preSnapErr":0.0000,"replayCount":9,"preTick":5571,"postTick":5571,"serverTick":5562,"ackSeq":4103,"simTick":5859},"timestamp":1782243117077}
{"sessionId":"3f83e2","runId":"post-fix7","hypothesisId":"H1","location":"Starship.NetworkMotor:ReconcileOwnerFromServer","message":"owner_reconcile","data":{"preSnapErr":0.0000,"replayCount":10,"preTick":5574,"postTick":5574,"serverTick":5564,"ackSeq":4105,"simTick":5862},"timestamp":1782243117117}
{"sessionId":"3f83e2","runId":"post-fix7","hypothesisId":"H1","location":"Starship.NetworkMotor:ReconcileOwnerFromServer","message":"owner_reconcile","data":{"preSnapErr":0.0000,"replayCount":11,"preTick":5576,"postTick":5576,"serverTick":5565,"ackSeq":4106,"simTick":5864},"timestamp":1782243117158}
{"sessionId":"3f83e2","runId":"post-fix7","hypothesisId":"H1","location":"Starship.NetworkMotor:ReconcileOwnerFromServer","message":"owner_reconcile","data":{"preSnapErr":0.0000,"replayCount":10,"preTick":5577,"postTick":5577,"serverTick":5567,"ackSeq":4108,"simTick":5865},"timestamp":1782243117179}
{"sessionId":"3f83e2","runId":"post-fix7","hypothesisId":"H3","location":"Starship.NetworkMotor:ApplyRemoteMotorSnapshotVisuals","message":"remote_display","data":{"renderTickF":5566.248,"latestTick":5567,"simTick":5867,"bufCount":48,"extrapolating":0,"frameDelta":0.0008,"speed":F3},"timestamp":1782243117207}
{"sessionId":"3f83e2","runId":"post-fix7","hypothesisId":"H1","location":"Starship.NetworkMotor:ReconcileOwnerFromServer","message":"owner_reconcile","data":{"preSnapErr":0.0000,"replayCount":10,"preTick":5579,"postTick":5579,"serverTick":5569,"ackSeq":4110,"simTick":5867},"timestamp":1782243117220}
{"sessionId":"3f83e2","runId":"post-fix7","hypothesisId":"H1","location":"Starship.NetworkMotor:ReconcileOwnerFromServer","message":"owner_reconcile","data":{"preSnapErr":0.0000,"replayCount":10,"preTick":5580,"postTick":5580,"serverTick":5570,"ackSeq":4111,"simTick":5868},"timestamp":1782243117243}
{"sessionId":"3f83e2","runId":"post-fix7","hypothesisId":"H5","location":"Starship.NetworkMotor:ApplyOwnerPredictedMotorVisuals","message":"owner_display","data":{"alpha":0.381,"renderSpan":0.0000,"frameDelta":0.0000,"speed":F3},"timestamp":1782243117249}
{"sessionId":"3f83e2","runId":"post-fix7","hypothesisId":"H1","location":"Starship.NetworkMotor:ReconcileOwnerFromServer","message":"owner_reconcile","data":{"preSnapErr":0.0000,"replayCount":10,"preTick":5582,"postTick":5582,"serverTick":5572,"ackSeq":4113,"simTick":5870},"timestamp":1782243117286}
{"sessionId":"3f83e2","runId":"post-fix7","hypothesisId":"H2","location":"Starship.NetworkMotor:ClientPredictMotorFixedStep","message":"owner_predict","data":{"tick":5584,"simTick":5871,"serverClock":5874,"tickLead":-287,"speed":0.000,"thrust":0},"timestamp":1782243117306}
{"sessionId":"3f83e2","runId":"post-fix7","hypothesisId":"H1","location":"Starship.NetworkMotor:ReconcileOwnerFromServer","message":"owner_reconcile","data":{"preSnapErr":0.0000,"replayCount":10,"preTick":5584,"postTick":5584,"serverTick":5574,"ackSeq":4115,"simTick":5872},"timestamp":1782243117326}
{"sessionId":"3f83e2","runId":"post-fix7","hypothesisId":"H1","location":"Starship.NetworkMotor:ReconcileOwnerFromServer","message":"owner_reconcile","data":{"preSnapErr":0.0000,"replayCount":10,"preTick":5585,"postTick":5585,"serverTick":5575,"ackSeq":4116,"simTick":5873},"timestamp":1782243117347}
{"sessionId":"3f83e2","runId":"post-fix7","hypothesisId":"H1","location":"Starship.NetworkMotor:ReconcileOwnerFromServer","message":"owner_reconcile","data":{"preSnapErr":0.0000,"replayCount":10,"preTick":5587,"postTick":5587,"serverTick":5577,"ackSeq":4118,"simTick":5875},"timestamp":1782243117387}
{"sessionId":"3f83e2","runId":"post-fix7","hypothesisId":"H1","location":"Starship.NetworkMotor:ReconcileOwnerFromServer","message":"owner_reconcile","data":{"preSnapErr":0.0000,"replayCount":10,"preTick":5589,"postTick":5589,"serverTick":5579,"ackSeq":4120,"simTick":5877},"timestamp":1782243117428}
{"sessionId":"3f83e2","runId":"post-fix7","hypothesisId":"H1","location":"Starship.NetworkMotor:ReconcileOwnerFromServer","message":"owner_reconcile","data":{"preSnapErr":0.0000,"replayCount":10,"preTick":5590,"postTick":5590,"serverTick":5580,"ackSeq":4121,"simTick":5878},"timestamp":1782243117449}
{"sessionId":"3f83e2","runId":"post-fix7","hypothesisId":"H3","location":"Starship.NetworkMotor:ApplyRemoteMotorSnapshotVisuals","message":"remote_display","data":{"renderTickF":5579.708,"latestTick":5580,"simTick":5879,"bufCount":48,"extrapolating":0,"frameDelta":0.0009,"speed":F3},"timestamp":1782243117459}
{"sessionId":"3f83e2","runId":"post-fix7","hypothesisId":"H1","location":"Starship.NetworkMotor:ReconcileOwnerFromServer","message":"owner_reconcile","data":{"preSnapErr":0.0000,"replayCount":10,"preTick":5592,"postTick":5592,"serverTick":5582,"ackSeq":4123,"simTick":5880},"timestamp":1782243117494}
{"sessionId":"3f83e2","runId":"post-fix7","hypothesisId":"H5","location":"Starship.NetworkMotor:ApplyOwnerPredictedMotorVisuals","message":"owner_display","data":{"alpha":0.003,"renderSpan":0.0000,"frameDelta":0.0000,"speed":F3},"timestamp":1782243117504}
{"sessionId":"3f83e2","runId":"post-fix7","hypothesisId":"H1","location":"Starship.NetworkMotor:ReconcileOwnerFromServer","message":"owner_reconcile","data":{"preSnapErr":0.0000,"replayCount":11,"preTick":5594,"postTick":5594,"serverTick":5583,"ackSeq":4124,"simTick":5882},"timestamp":1782243117520}
{"sessionId":"3f83e2","runId":"post-fix7","hypothesisId":"H1","location":"Starship.NetworkMotor:ReconcileOwnerFromServer","message":"owner_reconcile","data":{"preSnapErr":0.0000,"replayCount":10,"preTick":5595,"postTick":5595,"serverTick":5585,"ackSeq":4126,"simTick":5883},"timestamp":1782243117544}
{"sessionId":"3f83e2","runId":"post-fix7","hypothesisId":"H1","location":"Starship.NetworkMotor:ReconcileOwnerFromServer","message":"owner_reconcile","data":{"preSnapErr":0.0000,"replayCount":10,"preTick":5597,"postTick":5597,"serverTick":5587,"ackSeq":4128,"simTick":5885},"timestamp":1782243117587}
{"sessionId":"3f83e2","runId":"post-fix7","hypothesisId":"H1","location":"Starship.NetworkMotor:ReconcileOwnerFromServer","message":"owner_reconcile","data":{"preSnapErr":0.0000,"replayCount":10,"preTick":5598,"postTick":5598,"serverTick":5588,"ackSeq":4129,"simTick":5886},"timestamp":1782243117609}
{"sessionId":"3f83e2","runId":"post-fix7","hypothesisId":"H1","location":"Starship.NetworkMotor:ReconcileOwnerFromServer","message":"owner_reconcile","data":{"preSnapErr":0.0000,"replayCount":10,"preTick":5600,"postTick":5600,"serverTick":5590,"ackSeq":4131,"simTick":5888},"timestamp":1782243117650}
{"sessionId":"3f83e2","runId":"post-fix7","hypothesisId":"H1","location":"Starship.NetworkMotor:ReconcileOwnerFromServer","message":"owner_reconcile","data":{"preSnapErr":0.0000,"replayCount":10,"preTick":5602,"postTick":5602,"serverTick":5592,"ackSeq":4133,"simTick":5890},"timestamp":1782243117691}
{"sessionId":"3f83e2","runId":"post-fix7","hypothesisId":"H1","location":"Starship.NetworkMotor:ReconcileOwnerFromServer","message":"owner_reconcile","data":{"preSnapErr":0.0000,"replayCount":9,"preTick":5603,"postTick":5603,"serverTick":5594,"ackSeq":4135,"simTick":5891},"timestamp":1782243117715}
{"sessionId":"3f83e2","runId":"post-fix7","hypothesisId":"H3","location":"Starship.NetworkMotor:ApplyRemoteMotorSnapshotVisuals","message":"remote_display","data":{"renderTickF":5593.987,"latestTick":5594,"simTick":5892,"bufCount":48,"extrapolating":0,"frameDelta":0.0009,"speed":F3},"timestamp":1782243117723}
{"sessionId":"3f83e2","runId":"post-fix7","hypothesisId":"H1","location":"Starship.NetworkMotor:ReconcileOwnerFromServer","message":"owner_reconcile","data":{"preSnapErr":0.0000,"replayCount":11,"preTick":5606,"postTick":5606,"serverTick":5595,"ackSeq":4136,"simTick":5894},"timestamp":1782243117759}
{"sessionId":"3f83e2","runId":"post-fix7","hypothesisId":"H5","location":"Starship.NetworkMotor:ApplyOwnerPredictedMotorVisuals","message":"owner_display","data":{"alpha":0.155,"renderSpan":0.0000,"frameDelta":0.0000,"speed":F3},"timestamp":1782243117768}
{"sessionId":"3f83e2","runId":"post-fix7","hypothesisId":"H1","location":"Starship.NetworkMotor:ReconcileOwnerFromServer","message":"owner_reconcile","data":{"preSnapErr":0.0000,"replayCount":10,"preTick":5607,"postTick":5607,"serverTick":5597,"ackSeq":4138,"simTick":5895},"timestamp":1782243117782}
{"sessionId":"3f83e2","runId":"post-fix7","hypothesisId":"H2","location":"Starship.NetworkMotor:ClientPredictMotorFixedStep","message":"owner_predict","data":{"tick":5609,"simTick":5896,"serverClock":5899,"tickLead":-287,"speed":0.000,"thrust":0},"timestamp":1782243117803}
{"sessionId":"3f83e2","runId":"post-fix7","hypothesisId":"H1","location":"Starship.NetworkMotor:ReconcileOwnerFromServer","message":"owner_reconcile","data":{"preSnapErr":0.0000,"replayCount":10,"preTick":5609,"postTick":5609,"serverTick":5599,"ackSeq":4140,"simTick":5897},"timestamp":1782243117826}
{"sessionId":"3f83e2","runId":"post-fix7","hypothesisId":"H1","location":"Starship.NetworkMotor:ReconcileOwnerFromServer","message":"owner_reconcile","data":{"preSnapErr":0.0000,"replayCount":10,"preTick":5610,"postTick":5610,"serverTick":5600,"ackSeq":4141,"simTick":5898},"timestamp":1782243117846}
{"sessionId":"3f83e2","runId":"post-fix7","hypothesisId":"H1","location":"Starship.NetworkMotor:ReconcileOwnerFromServer","message":"owner_reconcile","data":{"preSnapErr":0.0000,"replayCount":10,"preTick":5612,"postTick":5612,"serverTick":5602,"ackSeq":4143,"simTick":5900},"timestamp":1782243117888}
{"sessionId":"3f83e2","runId":"post-fix7","hypothesisId":"H1","location":"Starship.NetworkMotor:ReconcileOwnerFromServer","message":"owner_reconcile","data":{"preSnapErr":0.0000,"replayCount":10,"preTick":5614,"postTick":5614,"serverTick":5604,"ackSeq":4145,"simTick":5902},"timestamp":1782243117932}
{"sessionId":"3f83e2","runId":"post-fix7","hypothesisId":"H1","location":"Starship.NetworkMotor:ReconcileOwnerFromServer","message":"owner_reconcile","data":{"preSnapErr":0.0000,"replayCount":10,"preTick":5615,"postTick":5615,"serverTick":5605,"ackSeq":4146,"simTick":5903},"timestamp":1782243117952}
{"sessionId":"3f83e2","runId":"post-fix7","hypothesisId":"H3","location":"Starship.NetworkMotor:ApplyRemoteMotorSnapshotVisuals","message":"remote_display","data":{"renderTickF":5604.906,"latestTick":5605,"simTick":5905,"bufCount":48,"extrapolating":0,"frameDelta":0.0007,"speed":F3},"timestamp":1782243117980}
{"sessionId":"3f83e2","runId":"post-fix7","hypothesisId":"H1","location":"Starship.NetworkMotor:ReconcileOwnerFromServer","message":"owner_reconcile","data":{"preSnapErr":0.0000,"replayCount":10,"preTick":5617,"postTick":5617,"serverTick":5607,"ackSeq":4148,"simTick":5905},"timestamp":1782243117992}
{"sessionId":"3f83e2","runId":"post-fix7","hypothesisId":"H5","location":"Starship.NetworkMotor:ApplyOwnerPredictedMotorVisuals","message":"owner_display","data":{"alpha":0.822,"renderSpan":0.0000,"frameDelta":0.0000,"speed":F3},"timestamp":1782243118018}
{"sessionId":"3f83e2","runId":"post-fix7","hypothesisId":"H1","location":"Starship.NetworkMotor:ReconcileOwnerFromServer","message":"owner_reconcile","data":{"preSnapErr":0.0000,"replayCount":10,"preTick":5619,"postTick":5619,"serverTick":5609,"ackSeq":4150,"simTick":5907},"timestamp":1782243118031}
{"sessionId":"3f83e2","runId":"post-fix7","hypothesisId":"H1","location":"Starship.NetworkMotor:ReconcileOwnerFromServer","message":"owner_reconcile","data":{"preSnapErr":0.0000,"replayCount":10,"preTick":5620,"postTick":5620,"serverTick":5610,"ackSeq":4151,"simTick":5908},"timestamp":1782243118053}
{"sessionId":"3f83e2","runId":"post-fix7","hypothesisId":"H1","location":"Starship.NetworkMotor:ReconcileOwnerFromServer","message":"owner_reconcile","data":{"preSnapErr":0.0000,"replayCount":10,"preTick":5622,"postTick":5622,"serverTick":5612,"ackSeq":4153,"simTick":5910},"timestamp":1782243118094}
{"sessionId":"3f83e2","runId":"post-fix7","hypothesisId":"H1","location":"Starship.NetworkMotor:ReconcileOwnerFromServer","message":"owner_reconcile","data":{"preSnapErr":0.0000,"replayCount":9,"preTick":5624,"postTick":5624,"serverTick":5615,"ackSeq":4156,"simTick":5912},"timestamp":1782243118136}
{"sessionId":"3f83e2","runId":"post-fix7","hypothesisId":"H1","location":"Starship.NetworkMotor:ReconcileOwnerFromServer","message":"owner_reconcile","data":{"preSnapErr":0.0000,"replayCount":10,"preTick":5627,"postTick":5627,"serverTick":5617,"ackSeq":4158,"simTick":5915},"timestamp":1782243118178}
{"sessionId":"3f83e2","runId":"post-fix7","hypothesisId":"H1","location":"Starship.NetworkMotor:ReconcileOwnerFromServer","message":"owner_reconcile","data":{"preSnapErr":0.0000,"replayCount":10,"preTick":5629,"postTick":5629,"serverTick":5619,"ackSeq":4160,"simTick":5917},"timestamp":1782243118219}
{"sessionId":"3f83e2","runId":"post-fix7","hypothesisId":"H3","location":"Starship.NetworkMotor:ApplyRemoteMotorSnapshotVisuals","message":"remote_display","data":{"renderTickF":5618.205,"latestTick":5619,"simTick":5918,"bufCount":48,"extrapolating":0,"frameDelta":0.0009,"speed":F3},"timestamp":1782243118228}
{"sessionId":"3f83e2","runId":"post-fix7","hypothesisId":"H1","location":"Starship.NetworkMotor:ReconcileOwnerFromServer","message":"owner_reconcile","data":{"preSnapErr":0.0000,"replayCount":10,"preTick":5630,"postTick":5630,"serverTick":5620,"ackSeq":4161,"simTick":5918},"timestamp":1782243118241}
{"sessionId":"3f83e2","runId":"post-fix7","hypothesisId":"H5","location":"Starship.NetworkMotor:ApplyOwnerPredictedMotorVisuals","message":"owner_display","data":{"alpha":0.436,"renderSpan":0.0000,"frameDelta":0.0000,"speed":F3},"timestamp":1782243118271}
{"sessionId":"3f83e2","runId":"post-fix7","hypothesisId":"H1","location":"Starship.NetworkMotor:ReconcileOwnerFromServer","message":"owner_reconcile","data":{"preSnapErr":0.0000,"replayCount":10,"preTick":5632,"postTick":5632,"serverTick":5622,"ackSeq":4163,"simTick":5920},"timestamp":1782243118283}
{"sessionId":"3f83e2","runId":"post-fix7","hypothesisId":"H1","location":"Starship.NetworkMotor:ReconcileOwnerFromServer","message":"owner_reconcile","data":{"preSnapErr":0.0000,"replayCount":10,"preTick":5633,"postTick":5633,"serverTick":5623,"ackSeq":4164,"simTick":5921},"timestamp":1782243118305}
{"sessionId":"3f83e2","runId":"post-fix7","hypothesisId":"H2","location":"Starship.NetworkMotor:ClientPredictMotorFixedStep","message":"owner_predict","data":{"tick":5634,"simTick":5921,"serverClock":5924,"tickLead":-287,"speed":0.000,"thrust":0},"timestamp":1782243118305}
{"sessionId":"3f83e2","runId":"post-fix7","hypothesisId":"H1","location":"Starship.NetworkMotor:ReconcileOwnerFromServer","message":"owner_reconcile","data":{"preSnapErr":0.0000,"replayCount":10,"preTick":5635,"postTick":5635,"serverTick":5625,"ackSeq":4166,"simTick":5923},"timestamp":1782243118346}
{"sessionId":"3f83e2","runId":"post-fix7","hypothesisId":"H1","location":"Starship.NetworkMotor:ReconcileOwnerFromServer","message":"owner_reconcile","data":{"preSnapErr":0.0000,"replayCount":10,"preTick":5637,"postTick":5637,"serverTick":5627,"ackSeq":4168,"simTick":5925},"timestamp":1782243118385}
{"sessionId":"3f83e2","runId":"post-fix7","hypothesisId":"H1","location":"Starship.NetworkMotor:ReconcileOwnerFromServer","message":"owner_reconcile","data":{"preSnapErr":0.0000,"replayCount":10,"preTick":5639,"postTick":5639,"serverTick":5629,"ackSeq":4170,"simTick":5927},"timestamp":1782243118426}
{"sessionId":"3f83e2","runId":"post-fix7","hypothesisId":"H1","location":"Starship.NetworkMotor:ReconcileOwnerFromServer","message":"owner_reconcile","data":{"preSnapErr":0.0000,"replayCount":10,"preTick":5641,"postTick":5641,"serverTick":5631,"ackSeq":4172,"simTick":5929},"timestamp":1782243118466}
{"sessionId":"3f83e2","runId":"post-fix7","hypothesisId":"H3","location":"Starship.NetworkMotor:ApplyRemoteMotorSnapshotVisuals","message":"remote_display","data":{"renderTickF":5630.524,"latestTick":5631,"simTick":5930,"bufCount":48,"extrapolating":0,"frameDelta":0.0008,"speed":F3},"timestamp":1782243118473}
{"sessionId":"3f83e2","runId":"post-fix7","hypothesisId":"H1","location":"Starship.NetworkMotor:ReconcileOwnerFromServer","message":"owner_reconcile","data":{"preSnapErr":0.0000,"replayCount":10,"preTick":5643,"postTick":5643,"serverTick":5633,"ackSeq":4174,"simTick":5931},"timestamp":1782243118507}
{"sessionId":"3f83e2","runId":"post-fix7","hypothesisId":"H5","location":"Starship.NetworkMotor:ApplyOwnerPredictedMotorVisuals","message":"owner_display","data":{"alpha":0.595,"renderSpan":0.0000,"frameDelta":0.0000,"speed":F3},"timestamp":1782243118515}
{"sessionId":"3f83e2","runId":"post-fix7","hypothesisId":"H1","location":"Starship.NetworkMotor:ReconcileOwnerFromServer","message":"owner_reconcile","data":{"preSnapErr":0.0000,"replayCount":10,"preTick":5645,"postTick":5645,"serverTick":5635,"ackSeq":4176,"simTick":5933},"timestamp":1782243118550}
{"sessionId":"3f83e2","runId":"post-fix7","hypothesisId":"H1","location":"Starship.NetworkMotor:ReconcileOwnerFromServer","message":"owner_reconcile","data":{"preSnapErr":0.0000,"replayCount":10,"preTick":5647,"postTick":5647,"serverTick":5637,"ackSeq":4178,"simTick":5935},"timestamp":1782243118589}
{"sessionId":"3f83e2","runId":"post-fix7","hypothesisId":"H1","location":"Starship.NetworkMotor:ReconcileOwnerFromServer","message":"owner_reconcile","data":{"preSnapErr":0.0000,"replayCount":10,"preTick":5649,"postTick":5649,"serverTick":5639,"ackSeq":4180,"simTick":5937},"timestamp":1782243118628}
{"sessionId":"3f83e2","runId":"post-fix7","hypothesisId":"H1","location":"Starship.NetworkMotor:ReconcileOwnerFromServer","message":"owner_reconcile","data":{"preSnapErr":0.0000,"replayCount":10,"preTick":5651,"postTick":5651,"serverTick":5641,"ackSeq":4182,"simTick":5939},"timestamp":1782243118668}
{"sessionId":"3f83e2","runId":"post-fix7","hypothesisId":"H1","location":"Starship.NetworkMotor:ReconcileOwnerFromServer","message":"owner_reconcile","data":{"preSnapErr":0.0000,"replayCount":10,"preTick":5653,"postTick":5653,"serverTick":5643,"ackSeq":4184,"simTick":5941},"timestamp":1782243118708}
{"sessionId":"3f83e2","runId":"post-fix7","hypothesisId":"H3","location":"Starship.NetworkMotor:ApplyRemoteMotorSnapshotVisuals","message":"remote_display","data":{"renderTickF":5642.618,"latestTick":5643,"simTick":5942,"bufCount":48,"extrapolating":0,"frameDelta":0.0008,"speed":F3},"timestamp":1782243118716}
{"sessionId":"3f83e2","runId":"post-fix7","hypothesisId":"H1","location":"Starship.NetworkMotor:ReconcileOwnerFromServer","message":"owner_reconcile","data":{"preSnapErr":0.0000,"replayCount":10,"preTick":5655,"postTick":5655,"serverTick":5645,"ackSeq":4186,"simTick":5943},"timestamp":1782243118749}
{"sessionId":"3f83e2","runId":"post-fix7","hypothesisId":"H5","location":"Starship.NetworkMotor:ApplyOwnerPredictedMotorVisuals","message":"owner_display","data":{"alpha":0.689,"renderSpan":0.0000,"frameDelta":0.0000,"speed":F3},"timestamp":1782243118755}
{"sessionId":"3f83e2","runId":"post-fix7","hypothesisId":"H1","location":"Starship.NetworkMotor:ReconcileOwnerFromServer","message":"owner_reconcile","data":{"preSnapErr":0.0000,"replayCount":10,"preTick":5657,"postTick":5657,"serverTick":5647,"ackSeq":4188,"simTick":5945},"timestamp":1782243118789}
{"sessionId":"3f83e2","runId":"post-fix7","hypothesisId":"H2","location":"Starship.NetworkMotor:ClientPredictMotorFixedStep","message":"owner_predict","data":{"tick":5659,"simTick":5946,"serverClock":5949,"tickLead":-287,"speed":0.000,"thrust":0},"timestamp":1782243118809}
{"sessionId":"3f83e2","runId":"post-fix7","hypothesisId":"H1","location":"Starship.NetworkMotor:ReconcileOwnerFromServer","message":"owner_reconcile","data":{"preSnapErr":0.0000,"replayCount":10,"preTick":5659,"postTick":5659,"serverTick":5649,"ackSeq":4190,"simTick":5947},"timestamp":1782243118831}
{"sessionId":"3f83e2","runId":"post-fix7","hypothesisId":"H1","location":"Starship.NetworkMotor:ReconcileOwnerFromServer","message":"owner_reconcile","data":{"preSnapErr":0.0000,"replayCount":9,"preTick":5660,"postTick":5660,"serverTick":5651,"ackSeq":4192,"simTick":5948},"timestamp":1782243118850}
{"sessionId":"3f83e2","runId":"post-fix7","hypothesisId":"H1","location":"Starship.NetworkMotor:ReconcileOwnerFromServer","message":"owner_reconcile","data":{"preSnapErr":0.0000,"replayCount":10,"preTick":5663,"postTick":5663,"serverTick":5653,"ackSeq":4194,"simTick":5951},"timestamp":1782243118909}
{"sessionId":"3f83e2","runId":"post-fix7","hypothesisId":"H1","location":"Starship.NetworkMotor:ReconcileOwnerFromServer","message":"owner_reconcile","data":{"preSnapErr":0.0000,"replayCount":10,"preTick":5665,"postTick":5665,"serverTick":5655,"ackSeq":4196,"simTick":5953},"timestamp":1782243118946}
{"sessionId":"3f83e2","runId":"post-fix7","hypothesisId":"H3","location":"Starship.NetworkMotor:ApplyRemoteMotorSnapshotVisuals","message":"remote_display","data":{"renderTickF":5654.552,"latestTick":5655,"simTick":5954,"bufCount":48,"extrapolating":0,"frameDelta":0.0008,"speed":F3},"timestamp":1782243118954}
{"sessionId":"3f83e2","runId":"post-fix7","hypothesisId":"H1","location":"Starship.NetworkMotor:ReconcileOwnerFromServer","message":"owner_reconcile","data":{"preSnapErr":0.0000,"replayCount":10,"preTick":5667,"postTick":5667,"serverTick":5657,"ackSeq":4198,"simTick":5955},"timestamp":1782243118990}
{"sessionId":"3f83e2","runId":"post-fix7","hypothesisId":"H5","location":"Starship.NetworkMotor:ApplyOwnerPredictedMotorVisuals","message":"owner_display","data":{"alpha":0.765,"renderSpan":0.0000,"frameDelta":0.0000,"speed":F3},"timestamp":1782243118999}
{"sessionId":"3f83e2","runId":"post-fix7","hypothesisId":"H1","location":"Starship.NetworkMotor:ReconcileOwnerFromServer","message":"owner_reconcile","data":{"preSnapErr":0.0000,"replayCount":10,"preTick":5669,"postTick":5669,"serverTick":5659,"ackSeq":4200,"simTick":5957},"timestamp":1782243119033}
{"sessionId":"3f83e2","runId":"post-fix7","hypothesisId":"H1","location":"Starship.NetworkMotor:ReconcileOwnerFromServer","message":"owner_reconcile","data":{"preSnapErr":0.0000,"replayCount":9,"preTick":5670,"postTick":5670,"serverTick":5661,"ackSeq":4202,"simTick":5958},"timestamp":1782243119052}
{"sessionId":"3f83e2","runId":"post-fix7","hypothesisId":"H1","location":"Starship.NetworkMotor:ReconcileOwnerFromServer","message":"owner_reconcile","data":{"preSnapErr":0.0000,"replayCount":9,"preTick":5671,"postTick":5671,"serverTick":5662,"ackSeq":4203,"simTick":5959},"timestamp":1782243119074}
{"sessionId":"3f83e2","runId":"post-fix7","hypothesisId":"H1","location":"Starship.NetworkMotor:ReconcileOwnerFromServer","message":"owner_reconcile","data":{"preSnapErr":0.0000,"replayCount":10,"preTick":5673,"postTick":5673,"serverTick":5663,"ackSeq":4204,"simTick":5961},"timestamp":1782243119113}
{"sessionId":"3f83e2","runId":"post-fix7","hypothesisId":"H1","location":"Starship.NetworkMotor:ReconcileOwnerFromServer","message":"owner_reconcile","data":{"preSnapErr":0.0000,"replayCount":10,"preTick":5675,"postTick":5675,"serverTick":5665,"ackSeq":4206,"simTick":5963},"timestamp":1782243119152}
{"sessionId":"3f83e2","runId":"post-fix7","hypothesisId":"H1","location":"Starship.NetworkMotor:ReconcileOwnerFromServer","message":"owner_reconcile","data":{"preSnapErr":0.0000,"replayCount":11,"preTick":5678,"postTick":5678,"serverTick":5667,"ackSeq":4208,"simTick":5966},"timestamp":1782243119196}
{"sessionId":"3f83e2","runId":"post-fix7","hypothesisId":"H3","location":"Starship.NetworkMotor:ApplyRemoteMotorSnapshotVisuals","message":"remote_display","data":{"renderTickF":5666.115,"latestTick":5667,"simTick":5966,"bufCount":48,"extrapolating":0,"frameDelta":0.0007,"speed":F3},"timestamp":1782243119205}
{"sessionId":"3f83e2","runId":"post-fix7","hypothesisId":"H1","location":"Starship.NetworkMotor:ReconcileOwnerFromServer","message":"owner_reconcile","data":{"preSnapErr":0.0000,"replayCount":10,"preTick":5679,"postTick":5679,"serverTick":5669,"ackSeq":4210,"simTick":5967},"timestamp":1782243119219}
{"sessionId":"3f83e2","runId":"post-fix7","hypothesisId":"H5","location":"Starship.NetworkMotor:ApplyOwnerPredictedMotorVisuals","message":"owner_display","data":{"alpha":0.166,"renderSpan":0.0000,"frameDelta":0.0000,"speed":F3},"timestamp":1782243119246}
{"sessionId":"3f83e2","runId":"post-fix7","hypothesisId":"H1","location":"Starship.NetworkMotor:ReconcileOwnerFromServer","message":"owner_reconcile","data":{"preSnapErr":0.0000,"replayCount":11,"preTick":5681,"postTick":5681,"serverTick":5670,"ackSeq":4211,"simTick":5969},"timestamp":1782243119259}
{"sessionId":"3f83e2","runId":"post-fix7","hypothesisId":"H1","location":"Starship.NetworkMotor:ReconcileOwnerFromServer","message":"owner_reconcile","data":{"preSnapErr":0.0000,"replayCount":10,"preTick":5682,"postTick":5682,"serverTick":5672,"ackSeq":4213,"simTick":5970},"timestamp":1782243119280}
{"sessionId":"3f83e2","runId":"post-fix7","hypothesisId":"H2","location":"Starship.NetworkMotor:ClientPredictMotorFixedStep","message":"owner_predict","data":{"tick":5684,"simTick":5971,"serverClock":5974,"tickLead":-287,"speed":0.000,"thrust":0},"timestamp":1782243119300}
{"sessionId":"3f83e2","runId":"post-fix7","hypothesisId":"H1","location":"Starship.NetworkMotor:ReconcileOwnerFromServer","message":"owner_reconcile","data":{"preSnapErr":0.0000,"replayCount":10,"preTick":5684,"postTick":5684,"serverTick":5674,"ackSeq":4215,"simTick":5972},"timestamp":1782243119321}
{"sessionId":"3f83e2","runId":"post-fix7","hypothesisId":"H1","location":"Starship.NetworkMotor:ReconcileOwnerFromServer","message":"owner_reconcile","data":{"preSnapErr":0.0000,"replayCount":11,"preTick":5686,"postTick":5686,"serverTick":5675,"ackSeq":4216,"simTick":5974},"timestamp":1782243119362}
{"sessionId":"3f83e2","runId":"post-fix7","hypothesisId":"H1","location":"Starship.NetworkMotor:ReconcileOwnerFromServer","message":"owner_reconcile","data":{"preSnapErr":0.0000,"replayCount":10,"preTick":5687,"postTick":5687,"serverTick":5677,"ackSeq":4218,"simTick":5975},"timestamp":1782243119388}
{"sessionId":"3f83e2","runId":"post-fix7","hypothesisId":"H1","location":"Starship.NetworkMotor:ReconcileOwnerFromServer","message":"owner_reconcile","data":{"preSnapErr":0.0000,"replayCount":10,"preTick":5689,"postTick":5689,"serverTick":5679,"ackSeq":4220,"simTick":5977},"timestamp":1782243119429}
{"sessionId":"3f83e2","runId":"post-fix7","hypothesisId":"H3","location":"Starship.NetworkMotor:ApplyRemoteMotorSnapshotVisuals","message":"remote_display","data":{"renderTickF":5678.780,"latestTick":5679,"simTick":5979,"bufCount":48,"extrapolating":0,"frameDelta":0.0008,"speed":F3},"timestamp":1782243119458}
{"sessionId":"3f83e2","runId":"post-fix7","hypothesisId":"H1","location":"Starship.NetworkMotor:ReconcileOwnerFromServer","message":"owner_reconcile","data":{"preSnapErr":0.0000,"replayCount":10,"preTick":5691,"postTick":5691,"serverTick":5681,"ackSeq":4222,"simTick":5979},"timestamp":1782243119471}
{"sessionId":"3f83e2","runId":"post-fix7","hypothesisId":"H1","location":"Starship.NetworkMotor:ReconcileOwnerFromServer","message":"owner_reconcile","data":{"preSnapErr":0.0000,"replayCount":10,"preTick":5692,"postTick":5692,"serverTick":5682,"ackSeq":4223,"simTick":5980},"timestamp":1782243119491}
{"sessionId":"3f83e2","runId":"post-fix7","hypothesisId":"H5","location":"Starship.NetworkMotor:ApplyOwnerPredictedMotorVisuals","message":"owner_display","data":{"alpha":0.796,"renderSpan":0.0000,"frameDelta":0.0000,"speed":F3},"timestamp":1782243119498}
{"sessionId":"3f83e2","runId":"post-fix7","hypothesisId":"H1","location":"Starship.NetworkMotor:ReconcileOwnerFromServer","message":"owner_reconcile","data":{"preSnapErr":0.0000,"replayCount":10,"preTick":5693,"postTick":5693,"serverTick":5683,"ackSeq":4224,"simTick":5981},"timestamp":1782243119513}
{"sessionId":"3f83e2","runId":"post-fix7","hypothesisId":"H1","location":"Starship.NetworkMotor:ReconcileOwnerFromServer","message":"owner_reconcile","data":{"preSnapErr":0.0000,"replayCount":10,"preTick":5695,"postTick":5695,"serverTick":5685,"ackSeq":4226,"simTick":5983},"timestamp":1782243119553}
{"sessionId":"3f83e2","runId":"post-fix7","hypothesisId":"H1","location":"Starship.NetworkMotor:ReconcileOwnerFromServer","message":"owner_reconcile","data":{"preSnapErr":0.0000,"replayCount":9,"preTick":5696,"postTick":5696,"serverTick":5687,"ackSeq":4228,"simTick":5984},"timestamp":1782243119575}
{"sessionId":"3f83e2","runId":"post-fix7","hypothesisId":"H1","location":"Starship.NetworkMotor:ReconcileOwnerFromServer","message":"owner_reconcile","data":{"preSnapErr":0.0000,"replayCount":11,"preTick":5699,"postTick":5699,"serverTick":5688,"ackSeq":4229,"simTick":5987},"timestamp":1782243119624}
{"sessionId":"3f83e2","runId":"post-fix7","hypothesisId":"H1","location":"Starship.NetworkMotor:ReconcileOwnerFromServer","message":"owner_reconcile","data":{"preSnapErr":0.0000,"replayCount":10,"preTick":5700,"postTick":5700,"serverTick":5690,"ackSeq":4231,"simTick":5988},"timestamp":1782243119644}
{"sessionId":"3f83e2","runId":"post-fix7","hypothesisId":"H1","location":"Starship.NetworkMotor:ReconcileOwnerFromServer","message":"owner_reconcile","data":{"preSnapErr":0.0000,"replayCount":10,"preTick":5702,"postTick":5702,"serverTick":5692,"ackSeq":4233,"simTick":5990},"timestamp":1782243119682}
{"sessionId":"3f83e2","runId":"post-fix7","hypothesisId":"H3","location":"Starship.NetworkMotor:ApplyRemoteMotorSnapshotVisuals","message":"remote_display","data":{"renderTickF":5691.343,"latestTick":5692,"simTick":5992,"bufCount":48,"extrapolating":0,"frameDelta":0.0008,"speed":F3},"timestamp":1782243119708}
{"sessionId":"3f83e2","runId":"post-fix7","hypothesisId":"H1","location":"Starship.NetworkMotor:ReconcileOwnerFromServer","message":"owner_reconcile","data":{"preSnapErr":0.0000,"replayCount":11,"preTick":5704,"postTick":5704,"serverTick":5693,"ackSeq":4234,"simTick":5992},"timestamp":1782243119724}
{"sessionId":"3f83e2","runId":"post-fix7","hypothesisId":"H1","location":"Starship.NetworkMotor:ReconcileOwnerFromServer","message":"owner_reconcile","data":{"preSnapErr":0.0000,"replayCount":10,"preTick":5705,"postTick":5705,"serverTick":5695,"ackSeq":4236,"simTick":5993},"timestamp":1782243119744}
{"sessionId":"3f83e2","runId":"post-fix7","hypothesisId":"H5","location":"Starship.NetworkMotor:ApplyOwnerPredictedMotorVisuals","message":"owner_display","data":{"alpha":0.403,"renderSpan":0.0000,"frameDelta":0.0000,"speed":F3},"timestamp":1782243119752}
{"sessionId":"3f83e2","runId":"post-fix7","hypothesisId":"H1","location":"Starship.NetworkMotor:ReconcileOwnerFromServer","message":"owner_reconcile","data":{"preSnapErr":0.0000,"replayCount":10,"preTick":5707,"postTick":5707,"serverTick":5697,"ackSeq":4238,"simTick":5995},"timestamp":1782243119783}
{"sessionId":"3f83e2","runId":"post-fix7","hypothesisId":"H1","location":"Starship.NetworkMotor:ReconcileOwnerFromServer","message":"owner_reconcile","data":{"preSnapErr":0.0000,"replayCount":10,"preTick":5708,"postTick":5708,"serverTick":5698,"ackSeq":4239,"simTick":5996},"timestamp":1782243119808}
{"sessionId":"3f83e2","runId":"post-fix7","hypothesisId":"H2","location":"Starship.NetworkMotor:ClientPredictMotorFixedStep","message":"owner_predict","data":{"tick":5709,"simTick":5996,"serverClock":5999,"tickLead":-287,"speed":0.000,"thrust":0},"timestamp":1782243119809}
{"sessionId":"3f83e2","runId":"post-fix7","hypothesisId":"H1","location":"Starship.NetworkMotor:ReconcileOwnerFromServer","message":"owner_reconcile","data":{"preSnapErr":0.0000,"replayCount":10,"preTick":5710,"postTick":5710,"serverTick":5700,"ackSeq":4241,"simTick":5998},"timestamp":1782243119849}
{"sessionId":"3f83e2","runId":"post-fix7","hypothesisId":"H1","location":"Starship.NetworkMotor:ReconcileOwnerFromServer","message":"owner_reconcile","data":{"preSnapErr":0.0000,"replayCount":10,"preTick":5712,"postTick":5712,"serverTick":5702,"ackSeq":4243,"simTick":6000},"timestamp":1782243119890}
{"sessionId":"3f83e2","runId":"post-fix7","hypothesisId":"H1","location":"Starship.NetworkMotor:ReconcileOwnerFromServer","message":"owner_reconcile","data":{"preSnapErr":0.0000,"replayCount":10,"preTick":5713,"postTick":5713,"serverTick":5703,"ackSeq":4244,"simTick":6001},"timestamp":1782243119910}
{"sessionId":"3f83e2","runId":"post-fix7","hypothesisId":"H1","location":"Starship.NetworkMotor:ReconcileOwnerFromServer","message":"owner_reconcile","data":{"preSnapErr":0.0000,"replayCount":10,"preTick":5715,"postTick":5715,"serverTick":5705,"ackSeq":4246,"simTick":6003},"timestamp":1782243119948}
{"sessionId":"3f83e2","runId":"post-fix7","hypothesisId":"H3","location":"Starship.NetworkMotor:ApplyRemoteMotorSnapshotVisuals","message":"remote_display","data":{"renderTickF":5704.670,"latestTick":5705,"simTick":6004,"bufCount":48,"extrapolating":0,"frameDelta":0.0009,"speed":F3},"timestamp":1782243119956}
{"sessionId":"3f83e2","runId":"post-fix7","hypothesisId":"H1","location":"Starship.NetworkMotor:ReconcileOwnerFromServer","message":"owner_reconcile","data":{"preSnapErr":0.0000,"replayCount":10,"preTick":5717,"postTick":5717,"serverTick":5707,"ackSeq":4248,"simTick":6005},"timestamp":1782243119986}
{"sessionId":"3f83e2","runId":"post-fix7","hypothesisId":"H5","location":"Starship.NetworkMotor:ApplyOwnerPredictedMotorVisuals","message":"owner_display","data":{"alpha":0.576,"renderSpan":0.0000,"frameDelta":0.0000,"speed":F3},"timestamp":1782243119994}
{"sessionId":"3f83e2","runId":"post-fix7","hypothesisId":"H1","location":"Starship.NetworkMotor:ReconcileOwnerFromServer","message":"owner_reconcile","data":{"preSnapErr":0.0000,"replayCount":10,"preTick":5719,"postTick":5719,"serverTick":5709,"ackSeq":4250,"simTick":6007},"timestamp":1782243120030}
{"sessionId":"3f83e2","runId":"post-fix7","hypothesisId":"H1","location":"Starship.NetworkMotor:ReconcileOwnerFromServer","message":"owner_reconcile","data":{"preSnapErr":0.0000,"replayCount":10,"preTick":5720,"postTick":5720,"serverTick":5710,"ackSeq":4251,"simTick":6008},"timestamp":1782243120049}
{"sessionId":"3f83e2","runId":"post-fix7","hypothesisId":"H1","location":"Starship.NetworkMotor:ReconcileOwnerFromServer","message":"owner_reconcile","data":{"preSnapErr":0.0000,"replayCount":10,"preTick":5722,"postTick":5722,"serverTick":5712,"ackSeq":4253,"simTick":6010},"timestamp":1782243120092}
{"sessionId":"3f83e2","runId":"post-fix7","hypothesisId":"H1","location":"Starship.NetworkMotor:ReconcileOwnerFromServer","message":"owner_reconcile","data":{"preSnapErr":0.0000,"replayCount":10,"preTick":5724,"postTick":5724,"serverTick":5714,"ackSeq":4255,"simTick":6012},"timestamp":1782243120134}
{"sessionId":"3f83e2","runId":"post-fix7","hypothesisId":"H1","location":"Starship.NetworkMotor:ReconcileOwnerFromServer","message":"owner_reconcile","data":{"preSnapErr":0.0000,"replayCount":10,"preTick":5725,"postTick":5725,"serverTick":5715,"ackSeq":4256,"simTick":6013},"timestamp":1782243120153}
{"sessionId":"3f83e2","runId":"post-fix7","hypothesisId":"H1","location":"Starship.NetworkMotor:ReconcileOwnerFromServer","message":"owner_reconcile","data":{"preSnapErr":0.0000,"replayCount":10,"preTick":5727,"postTick":5727,"serverTick":5717,"ackSeq":4258,"simTick":6015},"timestamp":1782243120190}
{"sessionId":"3f83e2","runId":"post-fix7","hypothesisId":"H3","location":"Starship.NetworkMotor:ApplyRemoteMotorSnapshotVisuals","message":"remote_display","data":{"renderTickF":5716.754,"latestTick":5717,"simTick":6016,"bufCount":48,"extrapolating":0,"frameDelta":0.0008,"speed":F3},"timestamp":1782243120199}
{"sessionId":"3f83e2","runId":"post-fix7","hypothesisId":"H1","location":"Starship.NetworkMotor:ReconcileOwnerFromServer","message":"owner_reconcile","data":{"preSnapErr":0.0000,"replayCount":9,"preTick":5728,"postTick":5728,"serverTick":5719,"ackSeq":4260,"simTick":6016},"timestamp":1782243120215}
{"sessionId":"3f83e2","runId":"post-fix7","hypothesisId":"H5","location":"Starship.NetworkMotor:ApplyOwnerPredictedMotorVisuals","message":"owner_display","data":{"alpha":0.007,"renderSpan":0.0000,"frameDelta":0.0000,"speed":F3},"timestamp":1782243120244}
{"sessionId":"3f83e2","runId":"post-fix7","hypothesisId":"H1","location":"Starship.NetworkMotor:ReconcileOwnerFromServer","message":"owner_reconcile","data":{"preSnapErr":0.0000,"replayCount":10,"preTick":5731,"postTick":5731,"serverTick":5721,"ackSeq":4262,"simTick":6019},"timestamp":1782243120257}
{"sessionId":"3f83e2","runId":"post-fix7","hypothesisId":"H1","location":"Starship.NetworkMotor:ReconcileOwnerFromServer","message":"owner_reconcile","data":{"preSnapErr":0.0000,"replayCount":11,"preTick":5733,"postTick":5733,"serverTick":5722,"ackSeq":4263,"simTick":6021},"timestamp":1782243120313}
{"sessionId":"3f83e2","runId":"post-fix7","hypothesisId":"H2","location":"Starship.NetworkMotor:ClientPredictMotorFixedStep","message":"owner_predict","data":{"tick":5734,"simTick":6021,"serverClock":6024,"tickLead":-287,"speed":0.000,"thrust":0},"timestamp":1782243120313}
{"sessionId":"3f83e2","runId":"post-fix7","hypothesisId":"H1","location":"Starship.NetworkMotor:ReconcileOwnerFromServer","message":"owner_reconcile","data":{"preSnapErr":0.0000,"replayCount":10,"preTick":5734,"postTick":5734,"serverTick":5724,"ackSeq":4265,"simTick":6022},"timestamp":1782243120335}
{"sessionId":"3f83e2","runId":"post-fix7","hypothesisId":"H1","location":"Starship.NetworkMotor:ReconcileOwnerFromServer","message":"owner_reconcile","data":{"preSnapErr":0.0000,"replayCount":9,"preTick":5735,"postTick":5735,"serverTick":5726,"ackSeq":4267,"simTick":6023},"timestamp":1782243120353}
{"sessionId":"3f83e2","runId":"post-fix7","hypothesisId":"H1","location":"Starship.NetworkMotor:ReconcileOwnerFromServer","message":"owner_reconcile","data":{"preSnapErr":0.0000,"replayCount":10,"preTick":5737,"postTick":5737,"serverTick":5727,"ackSeq":4268,"simTick":6025},"timestamp":1782243120394}
{"sessionId":"3f83e2","runId":"post-fix7","hypothesisId":"H1","location":"Starship.NetworkMotor:ReconcileOwnerFromServer","message":"owner_reconcile","data":{"preSnapErr":0.0000,"replayCount":9,"preTick":5738,"postTick":5738,"serverTick":5729,"ackSeq":4270,"simTick":6026},"timestamp":1782243120416}
{"sessionId":"3f83e2","runId":"post-fix7","hypothesisId":"H1","location":"Starship.NetworkMotor:ReconcileOwnerFromServer","message":"owner_reconcile","data":{"preSnapErr":0.0000,"replayCount":10,"preTick":5740,"postTick":5740,"serverTick":5730,"ackSeq":4271,"simTick":6028},"timestamp":1782243120438}
{"sessionId":"3f83e2","runId":"post-fix7","hypothesisId":"H3","location":"Starship.NetworkMotor:ApplyRemoteMotorSnapshotVisuals","message":"remote_display","data":{"renderTickF":5729.167,"latestTick":5730,"simTick":6028,"bufCount":48,"extrapolating":0,"frameDelta":0.0008,"speed":F3},"timestamp":1782243120447}
{"sessionId":"3f83e2","runId":"post-fix7","hypothesisId":"H1","location":"Starship.NetworkMotor:ReconcileOwnerFromServer","message":"owner_reconcile","data":{"preSnapErr":0.0000,"replayCount":10,"preTick":5742,"postTick":5742,"serverTick":5732,"ackSeq":4273,"simTick":6030},"timestamp":1782243120479}
{"sessionId":"3f83e2","runId":"post-fix7","hypothesisId":"H5","location":"Starship.NetworkMotor:ApplyOwnerPredictedMotorVisuals","message":"owner_display","data":{"alpha":0.189,"renderSpan":0.0000,"frameDelta":0.0000,"speed":F3},"timestamp":1782243120485}
{"sessionId":"3f83e2","runId":"post-fix7","hypothesisId":"H1","location":"Starship.NetworkMotor:ReconcileOwnerFromServer","message":"owner_reconcile","data":{"preSnapErr":0.0000,"replayCount":11,"preTick":5744,"postTick":5744,"serverTick":5733,"ackSeq":4274,"simTick":6032},"timestamp":1782243120519}
{"sessionId":"3f83e2","runId":"post-fix7","hypothesisId":"H1","location":"Starship.NetworkMotor:ReconcileOwnerFromServer","message":"owner_reconcile","data":{"preSnapErr":0.0000,"replayCount":10,"preTick":5745,"postTick":5745,"serverTick":5735,"ackSeq":4276,"simTick":6033},"timestamp":1782243120541}
{"sessionId":"3f83e2","runId":"post-fix7","hypothesisId":"H1","location":"Starship.NetworkMotor:ReconcileOwnerFromServer","message":"owner_reconcile","data":{"preSnapErr":0.0000,"replayCount":10,"preTick":5747,"postTick":5747,"serverTick":5737,"ackSeq":4278,"simTick":6035},"timestamp":1782243120577}
{"sessionId":"3f83e2","runId":"post-fix7","hypothesisId":"H1","location":"Starship.NetworkMotor:ReconcileOwnerFromServer","message":"owner_reconcile","data":{"preSnapErr":0.0000,"replayCount":11,"preTick":5749,"postTick":5749,"serverTick":5738,"ackSeq":4279,"simTick":6037},"timestamp":1782243120619}
{"sessionId":"3f83e2","runId":"post-fix7","hypothesisId":"H1","location":"Starship.NetworkMotor:ReconcileOwnerFromServer","message":"owner_reconcile","data":{"preSnapErr":0.0000,"replayCount":10,"preTick":5750,"postTick":5750,"serverTick":5740,"ackSeq":4281,"simTick":6038},"timestamp":1782243120640}
{"sessionId":"3f83e2","runId":"post-fix7","hypothesisId":"H1","location":"Starship.NetworkMotor:ReconcileOwnerFromServer","message":"owner_reconcile","data":{"preSnapErr":0.0000,"replayCount":10,"preTick":5752,"postTick":5752,"serverTick":5742,"ackSeq":4283,"simTick":6040},"timestamp":1782243120679}
{"sessionId":"3f83e2","runId":"post-fix7","hypothesisId":"H3","location":"Starship.NetworkMotor:ApplyRemoteMotorSnapshotVisuals","message":"remote_display","data":{"renderTickF":5741.184,"latestTick":5742,"simTick":6040,"bufCount":48,"extrapolating":0,"frameDelta":0.0008,"speed":F3},"timestamp":1782243120687}
{"sessionId":"3f83e2","runId":"post-fix7","hypothesisId":"H1","location":"Starship.NetworkMotor:ReconcileOwnerFromServer","message":"owner_reconcile","data":{"preSnapErr":0.0000,"replayCount":11,"preTick":5754,"postTick":5754,"serverTick":5743,"ackSeq":4284,"simTick":6042},"timestamp":1782243120719}
{"sessionId":"3f83e2","runId":"post-fix7","hypothesisId":"H5","location":"Starship.NetworkMotor:ApplyOwnerPredictedMotorVisuals","message":"owner_display","data":{"alpha":0.202,"renderSpan":0.0000,"frameDelta":0.0000,"speed":F3},"timestamp":1782243120726}
{"sessionId":"3f83e2","runId":"post-fix7","hypothesisId":"H1","location":"Starship.NetworkMotor:ReconcileOwnerFromServer","message":"owner_reconcile","data":{"preSnapErr":0.0000,"replayCount":10,"preTick":5755,"postTick":5755,"serverTick":5745,"ackSeq":4286,"simTick":6043},"timestamp":1782243120741}
{"sessionId":"3f83e2","runId":"post-fix7","hypothesisId":"H1","location":"Starship.NetworkMotor:ReconcileOwnerFromServer","message":"owner_reconcile","data":{"preSnapErr":0.0000,"replayCount":10,"preTick":5757,"postTick":5757,"serverTick":5747,"ackSeq":4288,"simTick":6045},"timestamp":1782243120779}
{"sessionId":"3f83e2","runId":"post-fix7","hypothesisId":"H2","location":"Starship.NetworkMotor:ClientPredictMotorFixedStep","message":"owner_predict","data":{"tick":5759,"simTick":6046,"serverClock":6049,"tickLead":-287,"speed":0.000,"thrust":0},"timestamp":1782243120798}
{"sessionId":"3f83e2","runId":"post-fix7","hypothesisId":"H1","location":"Starship.NetworkMotor:ReconcileOwnerFromServer","message":"owner_reconcile","data":{"preSnapErr":0.0000,"replayCount":10,"preTick":5759,"postTick":5759,"serverTick":5749,"ackSeq":4290,"simTick":6047},"timestamp":1782243120822}
{"sessionId":"3f83e2","runId":"post-fix7","hypothesisId":"H1","location":"Starship.NetworkMotor:ReconcileOwnerFromServer","message":"owner_reconcile","data":{"preSnapErr":0.0000,"replayCount":10,"preTick":5760,"postTick":5760,"serverTick":5750,"ackSeq":4291,"simTick":6048},"timestamp":1782243120845}
{"sessionId":"3f83e2","runId":"post-fix7","hypothesisId":"H1","location":"Starship.NetworkMotor:ReconcileOwnerFromServer","message":"owner_reconcile","data":{"preSnapErr":0.0000,"replayCount":10,"preTick":5762,"postTick":5762,"serverTick":5752,"ackSeq":4293,"simTick":6050},"timestamp":1782243120884}
{"sessionId":"3f83e2","runId":"post-fix7","hypothesisId":"H1","location":"Starship.NetworkMotor:ReconcileOwnerFromServer","message":"owner_reconcile","data":{"preSnapErr":0.0000,"replayCount":10,"preTick":5764,"postTick":5764,"serverTick":5754,"ackSeq":4295,"simTick":6052},"timestamp":1782243120923}
{"sessionId":"3f83e2","runId":"post-fix7","hypothesisId":"H3","location":"Starship.NetworkMotor:ApplyRemoteMotorSnapshotVisuals","message":"remote_display","data":{"renderTickF":5753.386,"latestTick":5754,"simTick":6053,"bufCount":48,"extrapolating":0,"frameDelta":0.0008,"speed":F3},"timestamp":1782243120930}
{"sessionId":"3f83e2","runId":"post-fix7","hypothesisId":"H1","location":"Starship.NetworkMotor:ReconcileOwnerFromServer","message":"owner_reconcile","data":{"preSnapErr":0.0000,"replayCount":11,"preTick":5766,"postTick":5766,"serverTick":5755,"ackSeq":4296,"simTick":6054},"timestamp":1782243120965}
{"sessionId":"3f83e2","runId":"post-fix7","hypothesisId":"H5","location":"Starship.NetworkMotor:ApplyOwnerPredictedMotorVisuals","message":"owner_display","data":{"alpha":0.454,"renderSpan":0.0000,"frameDelta":0.0000,"speed":F3},"timestamp":1782243120973}
{"sessionId":"3f83e2","runId":"post-fix7","hypothesisId":"H1","location":"Starship.NetworkMotor:ReconcileOwnerFromServer","message":"owner_reconcile","data":{"preSnapErr":0.0000,"replayCount":10,"preTick":5767,"postTick":5767,"serverTick":5757,"ackSeq":4298,"simTick":6055},"timestamp":1782243120984}
{"sessionId":"3f83e2","runId":"post-fix7","hypothesisId":"H1","location":"Starship.NetworkMotor:ReconcileOwnerFromServer","message":"owner_reconcile","data":{"preSnapErr":0.0000,"replayCount":10,"preTick":5769,"postTick":5769,"serverTick":5759,"ackSeq":4300,"simTick":6057},"timestamp":1782243121029}
{"sessionId":"3f83e2","runId":"post-fix7","hypothesisId":"H1","location":"Starship.NetworkMotor:ReconcileOwnerFromServer","message":"owner_reconcile","data":{"preSnapErr":0.0000,"replayCount":10,"preTick":5770,"postTick":5770,"serverTick":5760,"ackSeq":4301,"simTick":6058},"timestamp":1782243121048}
{"sessionId":"3f83e2","runId":"post-fix7","hypothesisId":"H1","location":"Starship.NetworkMotor:ReconcileOwnerFromServer","message":"owner_reconcile","data":{"preSnapErr":0.0000,"replayCount":10,"preTick":5772,"postTick":5772,"serverTick":5762,"ackSeq":4303,"simTick":6060},"timestamp":1782243121087}
{"sessionId":"3f83e2","runId":"post-fix7","hypothesisId":"H1","location":"Starship.NetworkMotor:ReconcileOwnerFromServer","message":"owner_reconcile","data":{"preSnapErr":0.0000,"replayCount":10,"preTick":5774,"postTick":5774,"serverTick":5764,"ackSeq":4305,"simTick":6062},"timestamp":1782243121128}
{"sessionId":"3f83e2","runId":"post-fix7","hypothesisId":"H1","location":"Starship.NetworkMotor:ReconcileOwnerFromServer","message":"owner_reconcile","data":{"preSnapErr":0.0000,"replayCount":10,"preTick":5775,"postTick":5775,"serverTick":5765,"ackSeq":4306,"simTick":6063},"timestamp":1782243121149}
{"sessionId":"3f83e2","runId":"post-fix7","hypothesisId":"H3","location":"Starship.NetworkMotor:ApplyRemoteMotorSnapshotVisuals","message":"remote_display","data":{"renderTickF":5764.669,"latestTick":5765,"simTick":6065,"bufCount":48,"extrapolating":0,"frameDelta":0.0007,"speed":F3},"timestamp":1782243121176}
{"sessionId":"3f83e2","runId":"post-fix7","hypothesisId":"H1","location":"Starship.NetworkMotor:ReconcileOwnerFromServer","message":"owner_reconcile","data":{"preSnapErr":0.0000,"replayCount":10,"preTick":5777,"postTick":5777,"serverTick":5767,"ackSeq":4308,"simTick":6065},"timestamp":1782243121187}
{"sessionId":"3f83e2","runId":"post-fix7","hypothesisId":"H5","location":"Starship.NetworkMotor:ApplyOwnerPredictedMotorVisuals","message":"owner_display","data":{"alpha":0.626,"renderSpan":0.0000,"frameDelta":0.0000,"speed":F3},"timestamp":1782243121214}
{"sessionId":"3f83e2","runId":"post-fix7","hypothesisId":"H1","location":"Starship.NetworkMotor:ReconcileOwnerFromServer","message":"owner_reconcile","data":{"preSnapErr":0.0000,"replayCount":10,"preTick":5779,"postTick":5779,"serverTick":5769,"ackSeq":4310,"simTick":6067},"timestamp":1782243121230}
{"sessionId":"3f83e2","runId":"post-fix7","hypothesisId":"H1","location":"Starship.NetworkMotor:ReconcileOwnerFromServer","message":"owner_reconcile","data":{"preSnapErr":0.0000,"replayCount":10,"preTick":5780,"postTick":5780,"serverTick":5770,"ackSeq":4311,"simTick":6068},"timestamp":1782243121249}
{"sessionId":"3f83e2","runId":"post-fix7","hypothesisId":"H1","location":"Starship.NetworkMotor:ReconcileOwnerFromServer","message":"owner_reconcile","data":{"preSnapErr":0.0000,"replayCount":10,"preTick":5782,"postTick":5782,"serverTick":5772,"ackSeq":4313,"simTick":6070},"timestamp":1782243121291}
{"sessionId":"3f83e2","runId":"post-fix7","hypothesisId":"H2","location":"Starship.NetworkMotor:ClientPredictMotorFixedStep","message":"owner_predict","data":{"tick":5784,"simTick":6071,"serverClock":6074,"tickLead":-287,"speed":0.000,"thrust":0},"timestamp":1782243121311}
{"sessionId":"3f83e2","runId":"post-fix7","hypothesisId":"H1","location":"Starship.NetworkMotor:ReconcileOwnerFromServer","message":"owner_reconcile","data":{"preSnapErr":0.0000,"replayCount":10,"preTick":5784,"postTick":5784,"serverTick":5774,"ackSeq":4315,"simTick":6072},"timestamp":1782243121331}
{"sessionId":"3f83e2","runId":"post-fix7","hypothesisId":"H1","location":"Starship.NetworkMotor:ReconcileOwnerFromServer","message":"owner_reconcile","data":{"preSnapErr":0.0000,"replayCount":10,"preTick":5785,"postTick":5785,"serverTick":5775,"ackSeq":4316,"simTick":6073},"timestamp":1782243121351}
{"sessionId":"3f83e2","runId":"post-fix7","hypothesisId":"H1","location":"Starship.NetworkMotor:ReconcileOwnerFromServer","message":"owner_reconcile","data":{"preSnapErr":0.0000,"replayCount":10,"preTick":5787,"postTick":5787,"serverTick":5777,"ackSeq":4318,"simTick":6075},"timestamp":1782243121390}
{"sessionId":"3f83e2","runId":"post-fix7","hypothesisId":"H1","location":"Starship.NetworkMotor:ReconcileOwnerFromServer","message":"owner_reconcile","data":{"preSnapErr":0.0000,"replayCount":9,"preTick":5788,"postTick":5788,"serverTick":5779,"ackSeq":4320,"simTick":6076},"timestamp":1782243121411}
{"sessionId":"3f83e2","runId":"post-fix7","hypothesisId":"H3","location":"Starship.NetworkMotor:ApplyRemoteMotorSnapshotVisuals","message":"remote_display","data":{"renderTickF":5778.825,"latestTick":5779,"simTick":6077,"bufCount":48,"extrapolating":0,"frameDelta":0.0009,"speed":F3},"timestamp":1782243121420}
{"sessionId":"3f83e2","runId":"post-fix7","hypothesisId":"H5","location":"Starship.NetworkMotor:ApplyOwnerPredictedMotorVisuals","message":"owner_display","data":{"alpha":0.993,"renderSpan":0.0000,"frameDelta":0.0000,"speed":F3},"timestamp":1782243121459}
{"sessionId":"3f83e2","runId":"post-fix7","hypothesisId":"H1","location":"Starship.NetworkMotor:ReconcileOwnerFromServer","message":"owner_reconcile","data":{"preSnapErr":0.0000,"replayCount":11,"preTick":5791,"postTick":5791,"serverTick":5780,"ackSeq":4321,"simTick":6079},"timestamp":1782243121472}
{"sessionId":"3f83e2","runId":"post-fix7","hypothesisId":"H1","location":"Starship.NetworkMotor:ReconcileOwnerFromServer","message":"owner_reconcile","data":{"preSnapErr":0.0000,"replayCount":10,"preTick":5792,"postTick":5792,"serverTick":5782,"ackSeq":4323,"simTick":6080},"timestamp":1782243121490}
{"sessionId":"3f83e2","runId":"post-fix7","hypothesisId":"H1","location":"Starship.NetworkMotor:ReconcileOwnerFromServer","message":"owner_reconcile","data":{"preSnapErr":0.0000,"replayCount":10,"preTick":5794,"postTick":5794,"serverTick":5784,"ackSeq":4325,"simTick":6082},"timestamp":1782243121530}
{"sessionId":"3f83e2","runId":"post-fix7","hypothesisId":"H1","location":"Starship.NetworkMotor:ReconcileOwnerFromServer","message":"owner_reconcile","data":{"preSnapErr":0.0000,"replayCount":10,"preTick":5795,"postTick":5795,"serverTick":5785,"ackSeq":4326,"simTick":6083},"timestamp":1782243121550}
{"sessionId":"3f83e2","runId":"post-fix7","hypothesisId":"H1","location":"Starship.NetworkMotor:ReconcileOwnerFromServer","message":"owner_reconcile","data":{"preSnapErr":0.0000,"replayCount":10,"preTick":5797,"postTick":5797,"serverTick":5787,"ackSeq":4328,"simTick":6085},"timestamp":1782243121588}
{"sessionId":"3f83e2","runId":"post-fix7","hypothesisId":"H1","location":"Starship.NetworkMotor:ReconcileOwnerFromServer","message":"owner_reconcile","data":{"preSnapErr":0.0000,"replayCount":10,"preTick":5799,"postTick":5799,"serverTick":5789,"ackSeq":4330,"simTick":6087},"timestamp":1782243121627}
{"sessionId":"3f83e2","runId":"post-fix7","hypothesisId":"H1","location":"Starship.NetworkMotor:ReconcileOwnerFromServer","message":"owner_reconcile","data":{"preSnapErr":0.0000,"replayCount":10,"preTick":5800,"postTick":5800,"serverTick":5790,"ackSeq":4331,"simTick":6088},"timestamp":1782243121652}
{"sessionId":"3f83e2","runId":"post-fix7","hypothesisId":"H3","location":"Starship.NetworkMotor:ApplyRemoteMotorSnapshotVisuals","message":"remote_display","data":{"renderTickF":5789.886,"latestTick":5790,"simTick":6089,"bufCount":48,"extrapolating":0,"frameDelta":0.0007,"speed":F3},"timestamp":1782243121660}
{"sessionId":"3f83e2","runId":"post-fix7","hypothesisId":"H1","location":"Starship.NetworkMotor:ReconcileOwnerFromServer","message":"owner_reconcile","data":{"preSnapErr":0.0000,"replayCount":10,"preTick":5802,"postTick":5802,"serverTick":5792,"ackSeq":4333,"simTick":6090},"timestamp":1782243121692}
{"sessionId":"3f83e2","runId":"post-fix7","hypothesisId":"H5","location":"Starship.NetworkMotor:ApplyOwnerPredictedMotorVisuals","message":"owner_display","data":{"alpha":0.862,"renderSpan":0.0000,"frameDelta":0.0000,"speed":F3},"timestamp":1782243121700}
{"sessionId":"3f83e2","runId":"post-fix7","hypothesisId":"H1","location":"Starship.NetworkMotor:ReconcileOwnerFromServer","message":"owner_reconcile","data":{"preSnapErr":0.0000,"replayCount":9,"preTick":5803,"postTick":5803,"serverTick":5794,"ackSeq":4335,"simTick":6091},"timestamp":1782243121716}
{"sessionId":"3f83e2","runId":"post-fix7","hypothesisId":"H1","location":"Starship.NetworkMotor:ReconcileOwnerFromServer","message":"owner_reconcile","data":{"preSnapErr":0.0000,"replayCount":11,"preTick":5806,"postTick":5806,"serverTick":5795,"ackSeq":4336,"simTick":6094},"timestamp":1782243121755}
{"sessionId":"3f83e2","runId":"post-fix7","hypothesisId":"H1","location":"Starship.NetworkMotor:ReconcileOwnerFromServer","message":"owner_reconcile","data":{"preSnapErr":0.0000,"replayCount":11,"preTick":5808,"postTick":5808,"serverTick":5797,"ackSeq":4338,"simTick":6096},"timestamp":1782243121811}
{"sessionId":"3f83e2","runId":"post-fix7","hypothesisId":"H2","location":"Starship.NetworkMotor:ClientPredictMotorFixedStep","message":"owner_predict","data":{"tick":5809,"simTick":6096,"serverClock":6099,"tickLead":-287,"speed":0.000,"thrust":0},"timestamp":1782243121811}
{"sessionId":"3f83e2","runId":"post-fix7","hypothesisId":"H1","location":"Starship.NetworkMotor:ReconcileOwnerFromServer","message":"owner_reconcile","data":{"preSnapErr":0.0000,"replayCount":10,"preTick":5809,"postTick":5809,"serverTick":5799,"ackSeq":4340,"simTick":6097},"timestamp":1782243121831}
{"sessionId":"3f83e2","runId":"post-fix7","hypothesisId":"H1","location":"Starship.NetworkMotor:ReconcileOwnerFromServer","message":"owner_reconcile","data":{"preSnapErr":0.0000,"replayCount":10,"preTick":5810,"postTick":5810,"serverTick":5800,"ackSeq":4341,"simTick":6098},"timestamp":1782243121855}
{"sessionId":"3f83e2","runId":"post-fix7","hypothesisId":"H1","location":"Starship.NetworkMotor:ReconcileOwnerFromServer","message":"owner_reconcile","data":{"preSnapErr":0.0000,"replayCount":11,"preTick":5813,"postTick":5813,"serverTick":5802,"ackSeq":4343,"simTick":6101},"timestamp":1782243121898}
{"sessionId":"3f83e2","runId":"post-fix7","hypothesisId":"H3","location":"Starship.NetworkMotor:ApplyRemoteMotorSnapshotVisuals","message":"remote_display","data":{"renderTickF":5801.139,"latestTick":5802,"simTick":6101,"bufCount":48,"extrapolating":0,"frameDelta":0.0007,"speed":F3},"timestamp":1782243121906}
{"sessionId":"3f83e2","runId":"post-fix7","hypothesisId":"H1","location":"Starship.NetworkMotor:ReconcileOwnerFromServer","message":"owner_reconcile","data":{"preSnapErr":0.0000,"replayCount":10,"preTick":5814,"postTick":5814,"serverTick":5804,"ackSeq":4345,"simTick":6102},"timestamp":1782243121920}
{"sessionId":"3f83e2","runId":"post-fix7","hypothesisId":"H5","location":"Starship.NetworkMotor:ApplyOwnerPredictedMotorVisuals","message":"owner_display","data":{"alpha":0.177,"renderSpan":0.0000,"frameDelta":0.0000,"speed":F3},"timestamp":1782243121945}
{"sessionId":"3f83e2","runId":"post-fix7","hypothesisId":"H1","location":"Starship.NetworkMotor:ReconcileOwnerFromServer","message":"owner_reconcile","data":{"preSnapErr":0.0000,"replayCount":10,"preTick":5816,"postTick":5816,"serverTick":5806,"ackSeq":4347,"simTick":6104},"timestamp":1782243121959}
{"sessionId":"3f83e2","runId":"post-fix7","hypothesisId":"H1","location":"Starship.NetworkMotor:ReconcileOwnerFromServer","message":"owner_reconcile","data":{"preSnapErr":0.0000,"replayCount":11,"preTick":5818,"postTick":5818,"serverTick":5807,"ackSeq":4348,"simTick":6106},"timestamp":1782243121996}
{"sessionId":"3f83e2","runId":"post-fix7","hypothesisId":"H1","location":"Starship.NetworkMotor:ReconcileOwnerFromServer","message":"owner_reconcile","data":{"preSnapErr":0.0000,"replayCount":11,"preTick":5819,"postTick":5819,"serverTick":5808,"ackSeq":4349,"simTick":6107},"timestamp":1782243122016}
{"sessionId":"3f83e2","runId":"post-fix7","hypothesisId":"H1","location":"Starship.NetworkMotor:ReconcileOwnerFromServer","message":"owner_reconcile","data":{"preSnapErr":0.0000,"replayCount":10,"preTick":5820,"postTick":5820,"serverTick":5810,"ackSeq":4351,"simTick":6108},"timestamp":1782243122037}
{"sessionId":"3f83e2","runId":"post-fix7","hypothesisId":"H1","location":"Starship.NetworkMotor:ReconcileOwnerFromServer","message":"owner_reconcile","data":{"preSnapErr":0.0000,"replayCount":10,"preTick":5821,"postTick":5821,"serverTick":5811,"ackSeq":4352,"simTick":6109},"timestamp":1782243122062}
{"sessionId":"3f83e2","runId":"post-fix7","hypothesisId":"H1","location":"Starship.NetworkMotor:ReconcileOwnerFromServer","message":"owner_reconcile","data":{"preSnapErr":0.0000,"replayCount":10,"preTick":5823,"postTick":5823,"serverTick":5813,"ackSeq":4354,"simTick":6111},"timestamp":1782243122101}
{"sessionId":"3f83e2","runId":"post-fix7","hypothesisId":"H1","location":"Starship.NetworkMotor:ReconcileOwnerFromServer","message":"owner_reconcile","data":{"preSnapErr":0.0000,"replayCount":10,"preTick":5825,"postTick":5825,"serverTick":5815,"ackSeq":4356,"simTick":6113},"timestamp":1782243122141}
{"sessionId":"3f83e2","runId":"post-fix7","hypothesisId":"H3","location":"Starship.NetworkMotor:ApplyRemoteMotorSnapshotVisuals","message":"remote_display","data":{"renderTickF":5814.303,"latestTick":5815,"simTick":6114,"bufCount":48,"extrapolating":0,"frameDelta":0.0009,"speed":F3},"timestamp":1782243122148}
{"sessionId":"3f83e2","runId":"post-fix7","hypothesisId":"H1","location":"Starship.NetworkMotor:ReconcileOwnerFromServer","message":"owner_reconcile","data":{"preSnapErr":0.0000,"replayCount":11,"preTick":5827,"postTick":5827,"serverTick":5816,"ackSeq":4357,"simTick":6115},"timestamp":1782243122181}
{"sessionId":"3f83e2","runId":"post-fix7","hypothesisId":"H5","location":"Starship.NetworkMotor:ApplyOwnerPredictedMotorVisuals","message":"owner_display","data":{"alpha":0.280,"renderSpan":0.0000,"frameDelta":0.0000,"speed":F3},"timestamp":1782243122188}
{"sessionId":"3f83e2","runId":"post-fix7","hypothesisId":"H1","location":"Starship.NetworkMotor:ReconcileOwnerFromServer","message":"owner_reconcile","data":{"preSnapErr":0.0000,"replayCount":11,"preTick":5829,"postTick":5829,"serverTick":5818,"ackSeq":4359,"simTick":6117},"timestamp":1782243122219}
{"sessionId":"3f83e2","runId":"post-fix7","hypothesisId":"H1","location":"Starship.NetworkMotor:ReconcileOwnerFromServer","message":"owner_reconcile","data":{"preSnapErr":0.0000,"replayCount":10,"preTick":5830,"postTick":5830,"serverTick":5820,"ackSeq":4361,"simTick":6118},"timestamp":1782243122239}
{"sessionId":"3f83e2","runId":"post-fix7","hypothesisId":"H1","location":"Starship.NetworkMotor:ReconcileOwnerFromServer","message":"owner_reconcile","data":{"preSnapErr":0.0000,"replayCount":10,"preTick":5832,"postTick":5832,"serverTick":5822,"ackSeq":4363,"simTick":6120},"timestamp":1782243122281}
{"sessionId":"3f83e2","runId":"post-fix7","hypothesisId":"H2","location":"Starship.NetworkMotor:ClientPredictMotorFixedStep","message":"owner_predict","data":{"tick":5834,"simTick":6121,"serverClock":6124,"tickLead":-287,"speed":0.000,"thrust":0},"timestamp":1782243122301}
{"sessionId":"3f83e2","runId":"post-fix7","hypothesisId":"H1","location":"Starship.NetworkMotor:ReconcileOwnerFromServer","message":"owner_reconcile","data":{"preSnapErr":0.0000,"replayCount":10,"preTick":5834,"postTick":5834,"serverTick":5824,"ackSeq":4365,"simTick":6122},"timestamp":1782243122321}
{"sessionId":"3f83e2","runId":"post-fix7","hypothesisId":"H1","location":"Starship.NetworkMotor:ReconcileOwnerFromServer","message":"owner_reconcile","data":{"preSnapErr":0.0000,"replayCount":11,"preTick":5836,"postTick":5836,"serverTick":5825,"ackSeq":4366,"simTick":6124},"timestamp":1782243122361}
{"sessionId":"3f83e2","runId":"post-fix7","hypothesisId":"H3","location":"Starship.NetworkMotor:ApplyRemoteMotorSnapshotVisuals","message":"remote_display","data":{"renderTickF":5824.268,"latestTick":5825,"simTick":6126,"bufCount":48,"extrapolating":0,"frameDelta":0.0006,"speed":F3},"timestamp":1782243122386}
{"sessionId":"3f83e2","runId":"post-fix7","hypothesisId":"H1","location":"Starship.NetworkMotor:ReconcileOwnerFromServer","message":"owner_reconcile","data":{"preSnapErr":0.0000,"replayCount":11,"preTick":5838,"postTick":5838,"serverTick":5827,"ackSeq":4368,"simTick":6126},"timestamp":1782243122398}
{"sessionId":"3f83e2","runId":"post-fix7","hypothesisId":"H1","location":"Starship.NetworkMotor:ReconcileOwnerFromServer","message":"owner_reconcile","data":{"preSnapErr":0.0000,"replayCount":10,"preTick":5839,"postTick":5839,"serverTick":5829,"ackSeq":4370,"simTick":6127},"timestamp":1782243122420}
{"sessionId":"3f83e2","runId":"post-fix7","hypothesisId":"H5","location":"Starship.NetworkMotor:ApplyOwnerPredictedMotorVisuals","message":"owner_display","data":{"alpha":0.222,"renderSpan":0.0000,"frameDelta":0.0000,"speed":F3},"timestamp":1782243122426}
{"sessionId":"3f83e2","runId":"post-fix7","hypothesisId":"H1","location":"Starship.NetworkMotor:ReconcileOwnerFromServer","message":"owner_reconcile","data":{"preSnapErr":0.0000,"replayCount":10,"preTick":5840,"postTick":5840,"serverTick":5830,"ackSeq":4371,"simTick":6128},"timestamp":1782243122440}
{"sessionId":"3f83e2","runId":"post-fix7","hypothesisId":"H1","location":"Starship.NetworkMotor:ReconcileOwnerFromServer","message":"owner_reconcile","data":{"preSnapErr":0.0000,"replayCount":10,"preTick":5842,"postTick":5842,"serverTick":5832,"ackSeq":4373,"simTick":6130},"timestamp":1782243122483}
{"sessionId":"3f83e2","runId":"post-fix7","hypothesisId":"H1","location":"Starship.NetworkMotor:ReconcileOwnerFromServer","message":"owner_reconcile","data":{"preSnapErr":0.0000,"replayCount":11,"preTick":5844,"postTick":5844,"serverTick":5833,"ackSeq":4374,"simTick":6132},"timestamp":1782243122526}
{"sessionId":"3f83e2","runId":"post-fix7","hypothesisId":"H1","location":"Starship.NetworkMotor:ReconcileOwnerFromServer","message":"owner_reconcile","data":{"preSnapErr":0.0000,"replayCount":10,"preTick":5845,"postTick":5845,"serverTick":5835,"ackSeq":4376,"simTick":6133},"timestamp":1782243122545}
{"sessionId":"3f83e2","runId":"post-fix7","hypothesisId":"H1","location":"Starship.NetworkMotor:ReconcileOwnerFromServer","message":"owner_reconcile","data":{"preSnapErr":0.0000,"replayCount":10,"preTick":5847,"postTick":5847,"serverTick":5837,"ackSeq":4378,"simTick":6135},"timestamp":1782243122584}
{"sessionId":"3f83e2","runId":"post-fix7","hypothesisId":"H1","location":"Starship.NetworkMotor:ReconcileOwnerFromServer","message":"owner_reconcile","data":{"preSnapErr":0.0000,"replayCount":10,"preTick":5849,"postTick":5849,"serverTick":5839,"ackSeq":4380,"simTick":6137},"timestamp":1782243122622}
{"sessionId":"3f83e2","runId":"post-fix7","hypothesisId":"H3","location":"Starship.NetworkMotor:ApplyRemoteMotorSnapshotVisuals","message":"remote_display","data":{"renderTickF":5838.367,"latestTick":5839,"simTick":6138,"bufCount":48,"extrapolating":0,"frameDelta":0.0009,"speed":F3},"timestamp":1782243122630}
{"sessionId":"3f83e2","runId":"post-fix7","hypothesisId":"H1","location":"Starship.NetworkMotor:ReconcileOwnerFromServer","message":"owner_reconcile","data":{"preSnapErr":0.0000,"replayCount":11,"preTick":5851,"postTick":5851,"serverTick":5840,"ackSeq":4381,"simTick":6139},"timestamp":1782243122665}
{"sessionId":"3f83e2","runId":"post-fix7","hypothesisId":"H5","location":"Starship.NetworkMotor:ApplyOwnerPredictedMotorVisuals","message":"owner_display","data":{"alpha":0.505,"renderSpan":0.0000,"frameDelta":0.0000,"speed":F3},"timestamp":1782243122673}
{"sessionId":"3f83e2","runId":"post-fix7","hypothesisId":"H1","location":"Starship.NetworkMotor:ReconcileOwnerFromServer","message":"owner_reconcile","data":{"preSnapErr":0.0000,"replayCount":10,"preTick":5852,"postTick":5852,"serverTick":5842,"ackSeq":4383,"simTick":6140},"timestamp":1782243122686}
{"sessionId":"3f83e2","runId":"post-fix7","hypothesisId":"H1","location":"Starship.NetworkMotor:ReconcileOwnerFromServer","message":"owner_reconcile","data":{"preSnapErr":0.0000,"replayCount":10,"preTick":5853,"postTick":5853,"serverTick":5843,"ackSeq":4384,"simTick":6141},"timestamp":1782243122708}
{"sessionId":"3f83e2","runId":"post-fix7","hypothesisId":"H1","location":"Starship.NetworkMotor:ReconcileOwnerFromServer","message":"owner_reconcile","data":{"preSnapErr":0.0000,"replayCount":10,"preTick":5855,"postTick":5855,"serverTick":5845,"ackSeq":4386,"simTick":6143},"timestamp":1782243122750}
{"sessionId":"3f83e2","runId":"post-fix7","hypothesisId":"H1","location":"Starship.NetworkMotor:ReconcileOwnerFromServer","message":"owner_reconcile","data":{"preSnapErr":0.0000,"replayCount":10,"preTick":5857,"postTick":5857,"serverTick":5847,"ackSeq":4388,"simTick":6145},"timestamp":1782243122789}
{"sessionId":"3f83e2","runId":"post-fix7","hypothesisId":"H1","location":"Starship.NetworkMotor:ReconcileOwnerFromServer","message":"owner_reconcile","data":{"preSnapErr":0.0000,"replayCount":10,"preTick":5858,"postTick":5858,"serverTick":5848,"ackSeq":4389,"simTick":6146},"timestamp":1782243122809}
{"sessionId":"3f83e2","runId":"post-fix7","hypothesisId":"H2","location":"Starship.NetworkMotor:ClientPredictMotorFixedStep","message":"owner_predict","data":{"tick":5859,"simTick":6146,"serverClock":6149,"tickLead":-287,"speed":0.000,"thrust":0},"timestamp":1782243122809}
{"sessionId":"3f83e2","runId":"post-fix7","hypothesisId":"H1","location":"Starship.NetworkMotor:ReconcileOwnerFromServer","message":"owner_reconcile","data":{"preSnapErr":0.0000,"replayCount":10,"preTick":5860,"postTick":5860,"serverTick":5850,"ackSeq":4391,"simTick":6148},"timestamp":1782243122852}
{"sessionId":"3f83e2","runId":"post-fix7","hypothesisId":"H3","location":"Starship.NetworkMotor:ApplyRemoteMotorSnapshotVisuals","message":"remote_display","data":{"renderTickF":5849.021,"latestTick":5850,"simTick":6150,"bufCount":48,"extrapolating":0,"frameDelta":0.0007,"speed":F3},"timestamp":1782243122885}
{"sessionId":"3f83e2","runId":"post-fix7","hypothesisId":"H1","location":"Starship.NetworkMotor:ReconcileOwnerFromServer","message":"owner_reconcile","data":{"preSnapErr":0.0000,"replayCount":11,"preTick":5863,"postTick":5863,"serverTick":5852,"ackSeq":4393,"simTick":6151},"timestamp":1782243122899}
{"sessionId":"3f83e2","runId":"post-fix7","hypothesisId":"H1","location":"Starship.NetworkMotor:ReconcileOwnerFromServer","message":"owner_reconcile","data":{"preSnapErr":0.0000,"replayCount":10,"preTick":5864,"postTick":5864,"serverTick":5854,"ackSeq":4395,"simTick":6152},"timestamp":1782243122919}
{"sessionId":"3f83e2","runId":"post-fix7","hypothesisId":"H5","location":"Starship.NetworkMotor:ApplyOwnerPredictedMotorVisuals","message":"owner_display","data":{"alpha":0.189,"renderSpan":0.0000,"frameDelta":0.0000,"speed":F3},"timestamp":1782243122928}
{"sessionId":"3f83e2","runId":"post-fix7","hypothesisId":"H1","location":"Starship.NetworkMotor:ReconcileOwnerFromServer","message":"owner_reconcile","data":{"preSnapErr":0.0000,"replayCount":10,"preTick":5865,"postTick":5865,"serverTick":5855,"ackSeq":4396,"simTick":6153},"timestamp":1782243122940}
{"sessionId":"3f83e2","runId":"post-fix7","hypothesisId":"H1","location":"Starship.NetworkMotor:ReconcileOwnerFromServer","message":"owner_reconcile","data":{"preSnapErr":0.0000,"replayCount":10,"preTick":5867,"postTick":5867,"serverTick":5857,"ackSeq":4398,"simTick":6155},"timestamp":1782243122980}
{"sessionId":"3f83e2","runId":"post-fix7","hypothesisId":"H1","location":"Starship.NetworkMotor:ReconcileOwnerFromServer","message":"owner_reconcile","data":{"preSnapErr":0.0000,"replayCount":11,"preTick":5869,"postTick":5869,"serverTick":5858,"ackSeq":4399,"simTick":6157},"timestamp":1782243123020}
{"sessionId":"3f83e2","runId":"post-fix7","hypothesisId":"H1","location":"Starship.NetworkMotor:ReconcileOwnerFromServer","message":"owner_reconcile","data":{"preSnapErr":0.0000,"replayCount":11,"preTick":5871,"postTick":5871,"serverTick":5860,"ackSeq":4401,"simTick":6159},"timestamp":1782243123058}
{"sessionId":"3f83e2","runId":"post-fix7","hypothesisId":"H1","location":"Starship.NetworkMotor:ReconcileOwnerFromServer","message":"owner_reconcile","data":{"preSnapErr":0.0000,"replayCount":10,"preTick":5872,"postTick":5872,"serverTick":5862,"ackSeq":4403,"simTick":6160},"timestamp":1782243123080}
{"sessionId":"3f83e2","runId":"post-fix7","hypothesisId":"H1","location":"Starship.NetworkMotor:ReconcileOwnerFromServer","message":"owner_reconcile","data":{"preSnapErr":0.0000,"replayCount":10,"preTick":5874,"postTick":5874,"serverTick":5864,"ackSeq":4405,"simTick":6162},"timestamp":1782243123120}
{"sessionId":"3f83e2","runId":"post-fix7","hypothesisId":"H3","location":"Starship.NetworkMotor:ApplyRemoteMotorSnapshotVisuals","message":"remote_display","data":{"renderTickF":5863.236,"latestTick":5864,"simTick":6163,"bufCount":48,"extrapolating":0,"frameDelta":0.0009,"speed":F3},"timestamp":1782243123127}
{"sessionId":"3f83e2","runId":"post-fix7","hypothesisId":"H1","location":"Starship.NetworkMotor:ReconcileOwnerFromServer","message":"owner_reconcile","data":{"preSnapErr":0.0000,"replayCount":10,"preTick":5875,"postTick":5875,"serverTick":5865,"ackSeq":4406,"simTick":6163},"timestamp":1782243123139}
{"sessionId":"3f83e2","runId":"post-fix7","hypothesisId":"H5","location":"Starship.NetworkMotor:ApplyOwnerPredictedMotorVisuals","message":"owner_display","data":{"alpha":0.307,"renderSpan":0.0000,"frameDelta":0.0000,"speed":F3},"timestamp":1782243123168}
{"sessionId":"3f83e2","runId":"post-fix7","hypothesisId":"H1","location":"Starship.NetworkMotor:ReconcileOwnerFromServer","message":"owner_reconcile","data":{"preSnapErr":0.0000,"replayCount":10,"preTick":5877,"postTick":5877,"serverTick":5867,"ackSeq":4408,"simTick":6165},"timestamp":1782243123183}
{"sessionId":"3f83e2","runId":"post-fix7","hypothesisId":"H1","location":"Starship.NetworkMotor:ReconcileOwnerFromServer","message":"owner_reconcile","data":{"preSnapErr":0.0000,"replayCount":11,"preTick":5879,"postTick":5879,"serverTick":5868,"ackSeq":4409,"simTick":6167},"timestamp":1782243123223}
{"sessionId":"3f83e2","runId":"post-fix7","hypothesisId":"H1","location":"Starship.NetworkMotor:ReconcileOwnerFromServer","message":"owner_reconcile","data":{"preSnapErr":0.0000,"replayCount":10,"preTick":5880,"postTick":5880,"serverTick":5870,"ackSeq":4411,"simTick":6168},"timestamp":1782243123243}
{"sessionId":"3f83e2","runId":"post-fix7","hypothesisId":"H1","location":"Starship.NetworkMotor:ReconcileOwnerFromServer","message":"owner_reconcile","data":{"preSnapErr":0.0000,"replayCount":10,"preTick":5882,"postTick":5882,"serverTick":5872,"ackSeq":4413,"simTick":6170},"timestamp":1782243123289}
{"sessionId":"3f83e2","runId":"post-fix7","hypothesisId":"H1","location":"Starship.NetworkMotor:ReconcileOwnerFromServer","message":"owner_reconcile","data":{"preSnapErr":0.0000,"replayCount":10,"preTick":5883,"postTick":5883,"serverTick":5873,"ackSeq":4414,"simTick":6171},"timestamp":1782243123308}
{"sessionId":"3f83e2","runId":"post-fix7","hypothesisId":"H2","location":"Starship.NetworkMotor:ClientPredictMotorFixedStep","message":"owner_predict","data":{"tick":5884,"simTick":6171,"serverClock":6174,"tickLead":-287,"speed":0.000,"thrust":0},"timestamp":1782243123309}
{"sessionId":"3f83e2","runId":"post-fix7","hypothesisId":"H1","location":"Starship.NetworkMotor:ReconcileOwnerFromServer","message":"owner_reconcile","data":{"preSnapErr":0.0000,"replayCount":10,"preTick":5885,"postTick":5885,"serverTick":5875,"ackSeq":4416,"simTick":6173},"timestamp":1782243123349}
{"sessionId":"3f83e2","runId":"post-fix7","hypothesisId":"H3","location":"Starship.NetworkMotor:ApplyRemoteMotorSnapshotVisuals","message":"remote_display","data":{"renderTickF":5874.770,"latestTick":5875,"simTick":6175,"bufCount":48,"extrapolating":0,"frameDelta":0.0007,"speed":F3},"timestamp":1782243123378}
{"sessionId":"3f83e2","runId":"post-fix7","hypothesisId":"H1","location":"Starship.NetworkMotor:ReconcileOwnerFromServer","message":"owner_reconcile","data":{"preSnapErr":0.0000,"replayCount":10,"preTick":5887,"postTick":5887,"serverTick":5877,"ackSeq":4418,"simTick":6175},"timestamp":1782243123392}
{"sessionId":"3f83e2","runId":"post-fix7","hypothesisId":"H5","location":"Starship.NetworkMotor:ApplyOwnerPredictedMotorVisuals","message":"owner_display","data":{"alpha":0.828,"renderSpan":0.0000,"frameDelta":0.0000,"speed":F3},"timestamp":1782243123418}
{"sessionId":"3f83e2","runId":"post-fix7","hypothesisId":"H1","location":"Starship.NetworkMotor:ReconcileOwnerFromServer","message":"owner_reconcile","data":{"preSnapErr":0.0000,"replayCount":10,"preTick":5889,"postTick":5889,"serverTick":5879,"ackSeq":4420,"simTick":6177},"timestamp":1782243123433}
{"sessionId":"3f83e2","runId":"post-fix7","hypothesisId":"H1","location":"Starship.NetworkMotor:ReconcileOwnerFromServer","message":"owner_reconcile","data":{"preSnapErr":0.0000,"replayCount":9,"preTick":5890,"postTick":5890,"serverTick":5881,"ackSeq":4422,"simTick":6178},"timestamp":1782243123452}
{"sessionId":"3f83e2","runId":"post-fix7","hypothesisId":"H1","location":"Starship.NetworkMotor:ReconcileOwnerFromServer","message":"owner_reconcile","data":{"preSnapErr":0.0000,"replayCount":10,"preTick":5892,"postTick":5892,"serverTick":5882,"ackSeq":4423,"simTick":6180},"timestamp":1782243123497}
{"sessionId":"3f83e2","runId":"post-fix7","hypothesisId":"H1","location":"Starship.NetworkMotor:ReconcileOwnerFromServer","message":"owner_reconcile","data":{"preSnapErr":0.0000,"replayCount":10,"preTick":5894,"postTick":5894,"serverTick":5884,"ackSeq":4425,"simTick":6182},"timestamp":1782243123517}
{"sessionId":"3f83e2","runId":"post-fix7","hypothesisId":"H1","location":"Starship.NetworkMotor:ReconcileOwnerFromServer","message":"owner_reconcile","data":{"preSnapErr":0.0000,"replayCount":10,"preTick":5896,"postTick":5896,"serverTick":5886,"ackSeq":4427,"simTick":6184},"timestamp":1782243123555}
{"sessionId":"3f83e2","runId":"post-fix7","hypothesisId":"H1","location":"Starship.NetworkMotor:ReconcileOwnerFromServer","message":"owner_reconcile","data":{"preSnapErr":0.0000,"replayCount":10,"preTick":5897,"postTick":5897,"serverTick":5887,"ackSeq":4428,"simTick":6185},"timestamp":1782243123590}
{"sessionId":"3f83e2","runId":"post-fix7","hypothesisId":"H3","location":"Starship.NetworkMotor:ApplyRemoteMotorSnapshotVisuals","message":"remote_display","data":{"renderTickF":5886.758,"latestTick":5887,"simTick":6187,"bufCount":48,"extrapolating":0,"frameDelta":0.0008,"speed":F3},"timestamp":1782243123618}
{"sessionId":"3f83e2","runId":"post-fix7","hypothesisId":"H1","location":"Starship.NetworkMotor:ReconcileOwnerFromServer","message":"owner_reconcile","data":{"preSnapErr":0.0000,"replayCount":10,"preTick":5899,"postTick":5899,"serverTick":5889,"ackSeq":4430,"simTick":6187},"timestamp":1782243123632}
{"sessionId":"3f83e2","runId":"post-fix7","hypothesisId":"H1","location":"Starship.NetworkMotor:ReconcileOwnerFromServer","message":"owner_reconcile","data":{"preSnapErr":0.0000,"replayCount":9,"preTick":5900,"postTick":5900,"serverTick":5891,"ackSeq":4432,"simTick":6188},"timestamp":1782243123651}
{"sessionId":"3f83e2","runId":"post-fix7","hypothesisId":"H5","location":"Starship.NetworkMotor:ApplyOwnerPredictedMotorVisuals","message":"owner_display","data":{"alpha":0.851,"renderSpan":0.0000,"frameDelta":0.0000,"speed":F3},"timestamp":1782243123660}
{"sessionId":"3f83e2","runId":"post-fix7","hypothesisId":"H1","location":"Starship.NetworkMotor:ReconcileOwnerFromServer","message":"owner_reconcile","data":{"preSnapErr":0.0000,"replayCount":10,"preTick":5902,"postTick":5902,"serverTick":5892,"ackSeq":4433,"simTick":6190},"timestamp":1782243123691}
{"sessionId":"3f83e2","runId":"post-fix7","hypothesisId":"H1","location":"Starship.NetworkMotor:ReconcileOwnerFromServer","message":"owner_reconcile","data":{"preSnapErr":0.0000,"replayCount":9,"preTick":5903,"postTick":5903,"serverTick":5894,"ackSeq":4435,"simTick":6191},"timestamp":1782243123714}
{"sessionId":"3f83e2","runId":"post-fix7","hypothesisId":"H1","location":"Starship.NetworkMotor:ReconcileOwnerFromServer","message":"owner_reconcile","data":{"preSnapErr":0.0000,"replayCount":9,"preTick":5905,"postTick":5905,"serverTick":5896,"ackSeq":4437,"simTick":6193},"timestamp":1782243123753}
{"sessionId":"3f83e2","runId":"post-fix7","hypothesisId":"H1","location":"Starship.NetworkMotor:ReconcileOwnerFromServer","message":"owner_reconcile","data":{"preSnapErr":0.0000,"replayCount":10,"preTick":5907,"postTick":5907,"serverTick":5897,"ackSeq":4438,"simTick":6195},"timestamp":1782243123794}
{"sessionId":"3f83e2","runId":"post-fix7","hypothesisId":"H1","location":"Starship.NetworkMotor:ReconcileOwnerFromServer","message":"owner_reconcile","data":{"preSnapErr":0.0000,"replayCount":10,"preTick":5908,"postTick":5908,"serverTick":5898,"ackSeq":4439,"simTick":6196},"timestamp":1782243123812}
{"sessionId":"3f83e2","runId":"post-fix7","hypothesisId":"H2","location":"Starship.NetworkMotor:ClientPredictMotorFixedStep","message":"owner_predict","data":{"tick":5909,"simTick":6196,"serverClock":6199,"tickLead":-287,"speed":0.000,"thrust":0},"timestamp":1782243123813}
{"sessionId":"3f83e2","runId":"post-fix7","hypothesisId":"H1","location":"Starship.NetworkMotor:ReconcileOwnerFromServer","message":"owner_reconcile","data":{"preSnapErr":0.0000,"replayCount":9,"preTick":5909,"postTick":5909,"serverTick":5900,"ackSeq":4441,"simTick":6197},"timestamp":1782243123834}
{"sessionId":"3f83e2","runId":"post-fix7","hypothesisId":"H3","location":"Starship.NetworkMotor:ApplyRemoteMotorSnapshotVisuals","message":"remote_display","data":{"renderTickF":5899.959,"latestTick":5900,"simTick":6199,"bufCount":48,"extrapolating":0,"frameDelta":0.0009,"speed":F3},"timestamp":1782243123862}
{"sessionId":"3f83e2","runId":"post-fix7","hypothesisId":"H1","location":"Starship.NetworkMotor:ReconcileOwnerFromServer","message":"owner_reconcile","data":{"preSnapErr":0.0000,"replayCount":9,"preTick":5911,"postTick":5911,"serverTick":5902,"ackSeq":4443,"simTick":6199},"timestamp":1782243123875}
{"sessionId":"3f83e2","runId":"post-fix7","hypothesisId":"H5","location":"Starship.NetworkMotor:ApplyOwnerPredictedMotorVisuals","message":"owner_display","data":{"alpha":0.147,"renderSpan":0.0000,"frameDelta":0.0000,"speed":F3},"timestamp":1782243123905}
{"sessionId":"3f83e2","runId":"post-fix7","hypothesisId":"H1","location":"Starship.NetworkMotor:ReconcileOwnerFromServer","message":"owner_reconcile","data":{"preSnapErr":0.0000,"replayCount":11,"preTick":5914,"postTick":5914,"serverTick":5903,"ackSeq":4444,"simTick":6202},"timestamp":1782243123920}
{"sessionId":"3f83e2","runId":"post-fix7","hypothesisId":"H1","location":"Starship.NetworkMotor:ReconcileOwnerFromServer","message":"owner_reconcile","data":{"preSnapErr":0.0000,"replayCount":10,"preTick":5915,"postTick":5915,"serverTick":5905,"ackSeq":4446,"simTick":6203},"timestamp":1782243123941}
{"sessionId":"3f83e2","runId":"post-fix7","hypothesisId":"H1","location":"Starship.NetworkMotor:ReconcileOwnerFromServer","message":"owner_reconcile","data":{"preSnapErr":0.0000,"replayCount":10,"preTick":5917,"postTick":5917,"serverTick":5907,"ackSeq":4448,"simTick":6205},"timestamp":1782243123981}
{"sessionId":"3f83e2","runId":"post-fix7","hypothesisId":"H1","location":"Starship.NetworkMotor:ReconcileOwnerFromServer","message":"owner_reconcile","data":{"preSnapErr":0.0000,"replayCount":11,"preTick":5919,"postTick":5919,"serverTick":5908,"ackSeq":4449,"simTick":6207},"timestamp":1782243124025}
{"sessionId":"3f83e2","runId":"post-fix7","hypothesisId":"H1","location":"Starship.NetworkMotor:ReconcileOwnerFromServer","message":"owner_reconcile","data":{"preSnapErr":0.0000,"replayCount":10,"preTick":5920,"postTick":5920,"serverTick":5910,"ackSeq":4451,"simTick":6208},"timestamp":1782243124047}
{"sessionId":"3f83e2","runId":"post-fix7","hypothesisId":"H1","location":"Starship.NetworkMotor:ReconcileOwnerFromServer","message":"owner_reconcile","data":{"preSnapErr":0.0000,"replayCount":10,"preTick":5922,"postTick":5922,"serverTick":5912,"ackSeq":4453,"simTick":6210},"timestamp":1782243124086}
{"sessionId":"3f83e2","runId":"post-fix7","hypothesisId":"H1","location":"Starship.NetworkMotor:ReconcileOwnerFromServer","message":"owner_reconcile","data":{"preSnapErr":0.0000,"replayCount":10,"preTick":5923,"postTick":5923,"serverTick":5913,"ackSeq":4454,"simTick":6211},"timestamp":1782243124108}
{"sessionId":"3f83e2","runId":"post-fix7","hypothesisId":"H3","location":"Starship.NetworkMotor:ApplyRemoteMotorSnapshotVisuals","message":"remote_display","data":{"renderTickF":5912.636,"latestTick":5913,"simTick":6212,"bufCount":48,"extrapolating":0,"frameDelta":0.0008,"speed":F3},"timestamp":1782243124116}
{"sessionId":"3f83e2","runId":"post-fix7","hypothesisId":"H1","location":"Starship.NetworkMotor:ReconcileOwnerFromServer","message":"owner_reconcile","data":{"preSnapErr":0.0000,"replayCount":10,"preTick":5925,"postTick":5925,"serverTick":5915,"ackSeq":4456,"simTick":6213},"timestamp":1782243124149}
{"sessionId":"3f83e2","runId":"post-fix7","hypothesisId":"H5","location":"Starship.NetworkMotor:ApplyOwnerPredictedMotorVisuals","message":"owner_display","data":{"alpha":0.708,"renderSpan":0.0000,"frameDelta":0.0000,"speed":F3},"timestamp":1782243124157}
{"sessionId":"3f83e2","runId":"post-fix7","hypothesisId":"H1","location":"Starship.NetworkMotor:ReconcileOwnerFromServer","message":"owner_reconcile","data":{"preSnapErr":0.0000,"replayCount":10,"preTick":5928,"postTick":5928,"serverTick":5918,"ackSeq":4459,"simTick":6216},"timestamp":1782243124208}
{"sessionId":"3f83e2","runId":"post-fix7","hypothesisId":"H1","location":"Starship.NetworkMotor:ReconcileOwnerFromServer","message":"owner_reconcile","data":{"preSnapErr":0.0000,"replayCount":10,"preTick":5930,"postTick":5930,"serverTick":5920,"ackSeq":4461,"simTick":6218},"timestamp":1782243124250}
{"sessionId":"3f83e2","runId":"post-fix7","hypothesisId":"H1","location":"Starship.NetworkMotor:ReconcileOwnerFromServer","message":"owner_reconcile","data":{"preSnapErr":0.0000,"replayCount":10,"preTick":5932,"postTick":5932,"serverTick":5922,"ackSeq":4463,"simTick":6220},"timestamp":1782243124289}
{"sessionId":"3f83e2","runId":"post-fix7","hypothesisId":"H1","location":"Starship.NetworkMotor:ReconcileOwnerFromServer","message":"owner_reconcile","data":{"preSnapErr":0.0000,"replayCount":10,"preTick":5933,"postTick":5933,"serverTick":5923,"ackSeq":4464,"simTick":6221},"timestamp":1782243124311}
{"sessionId":"3f83e2","runId":"post-fix7","hypothesisId":"H2","location":"Starship.NetworkMotor:ClientPredictMotorFixedStep","message":"owner_predict","data":{"tick":5934,"simTick":6221,"serverClock":6224,"tickLead":-287,"speed":0.000,"thrust":0},"timestamp":1782243124311}
{"sessionId":"3f83e2","runId":"post-fix7","hypothesisId":"H1","location":"Starship.NetworkMotor:ReconcileOwnerFromServer","message":"owner_reconcile","data":{"preSnapErr":0.0000,"replayCount":10,"preTick":5935,"postTick":5935,"serverTick":5925,"ackSeq":4466,"simTick":6223},"timestamp":1782243124352}
{"sessionId":"3f83e2","runId":"post-fix7","hypothesisId":"H3","location":"Starship.NetworkMotor:ApplyRemoteMotorSnapshotVisuals","message":"remote_display","data":{"renderTickF":5924.854,"latestTick":5925,"simTick":6224,"bufCount":48,"extrapolating":0,"frameDelta":0.0008,"speed":F3},"timestamp":1782243124360}
{"sessionId":"3f83e2","runId":"post-fix7","hypothesisId":"H1","location":"Starship.NetworkMotor:ReconcileOwnerFromServer","message":"owner_reconcile","data":{"preSnapErr":0.0000,"replayCount":10,"preTick":5937,"postTick":5937,"serverTick":5927,"ackSeq":4468,"simTick":6225},"timestamp":1782243124392}
{"sessionId":"3f83e2","runId":"post-fix7","hypothesisId":"H5","location":"Starship.NetworkMotor:ApplyOwnerPredictedMotorVisuals","message":"owner_display","data":{"alpha":0.864,"renderSpan":0.0000,"frameDelta":0.0000,"speed":F3},"timestamp":1782243124399}
{"sessionId":"3f83e2","runId":"post-fix7","hypothesisId":"H1","location":"Starship.NetworkMotor:ReconcileOwnerFromServer","message":"owner_reconcile","data":{"preSnapErr":0.0000,"replayCount":10,"preTick":5938,"postTick":5938,"serverTick":5928,"ackSeq":4469,"simTick":6226},"timestamp":1782243124412}
{"sessionId":"3f83e2","runId":"post-fix7","hypothesisId":"H1","location":"Starship.NetworkMotor:ReconcileOwnerFromServer","message":"owner_reconcile","data":{"preSnapErr":0.0000,"replayCount":10,"preTick":5940,"postTick":5940,"serverTick":5930,"ackSeq":4471,"simTick":6228},"timestamp":1782243124452}
{"sessionId":"3f83e2","runId":"post-fix7","hypothesisId":"H1","location":"Starship.NetworkMotor:ReconcileOwnerFromServer","message":"owner_reconcile","data":{"preSnapErr":0.0000,"replayCount":10,"preTick":5942,"postTick":5942,"serverTick":5932,"ackSeq":4473,"simTick":6230},"timestamp":1782243124489}
{"sessionId":"3f83e2","runId":"post-fix7","hypothesisId":"H1","location":"Starship.NetworkMotor:ReconcileOwnerFromServer","message":"owner_reconcile","data":{"preSnapErr":0.0000,"replayCount":10,"preTick":5943,"postTick":5943,"serverTick":5933,"ackSeq":4474,"simTick":6231},"timestamp":1782243124508}
{"sessionId":"3f83e2","runId":"post-fix7","hypothesisId":"H1","location":"Starship.NetworkMotor:ReconcileOwnerFromServer","message":"owner_reconcile","data":{"preSnapErr":0.0000,"replayCount":10,"preTick":5945,"postTick":5945,"serverTick":5935,"ackSeq":4476,"simTick":6233},"timestamp":1782243124553}
{"sessionId":"3f83e2","runId":"post-fix7","hypothesisId":"H1","location":"Starship.NetworkMotor:ReconcileOwnerFromServer","message":"owner_reconcile","data":{"preSnapErr":0.0000,"replayCount":9,"preTick":5946,"postTick":5946,"serverTick":5937,"ackSeq":4478,"simTick":6234},"timestamp":1782243124574}
{"sessionId":"3f83e2","runId":"post-fix7","hypothesisId":"H3","location":"Starship.NetworkMotor:ApplyRemoteMotorSnapshotVisuals","message":"remote_display","data":{"renderTickF":5936.993,"latestTick":5937,"simTick":6236,"bufCount":48,"extrapolating":0,"frameDelta":0.0008,"speed":F3},"timestamp":1782243124601}
{"sessionId":"3f83e2","runId":"post-fix7","hypothesisId":"H1","location":"Starship.NetworkMotor:ReconcileOwnerFromServer","message":"owner_reconcile","data":{"preSnapErr":0.0000,"replayCount":10,"preTick":5948,"postTick":5948,"serverTick":5938,"ackSeq":4479,"simTick":6236},"timestamp":1782243124615}
{"sessionId":"3f83e2","runId":"post-fix7","hypothesisId":"H5","location":"Starship.NetworkMotor:ApplyOwnerPredictedMotorVisuals","message":"owner_display","data":{"alpha":0.978,"renderSpan":0.0000,"frameDelta":0.0000,"speed":F3},"timestamp":1782243124641}
{"sessionId":"3f83e2","runId":"post-fix7","hypothesisId":"H1","location":"Starship.NetworkMotor:ReconcileOwnerFromServer","message":"owner_reconcile","data":{"preSnapErr":0.0000,"replayCount":10,"preTick":5950,"postTick":5950,"serverTick":5940,"ackSeq":4481,"simTick":6238},"timestamp":1782243124655}
{"sessionId":"3f83e2","runId":"post-fix7","hypothesisId":"H1","location":"Starship.NetworkMotor:ReconcileOwnerFromServer","message":"owner_reconcile","data":{"preSnapErr":0.0000,"replayCount":10,"preTick":5952,"postTick":5952,"serverTick":5942,"ackSeq":4483,"simTick":6240},"timestamp":1782243124677}
{"sessionId":"3f83e2","runId":"post-fix7","hypothesisId":"H1","location":"Starship.NetworkMotor:ReconcileOwnerFromServer","message":"owner_reconcile","data":{"preSnapErr":0.0000,"replayCount":11,"preTick":5954,"postTick":5954,"serverTick":5943,"ackSeq":4484,"simTick":6242},"timestamp":1782243124716}
{"sessionId":"3f83e2","runId":"post-fix7","hypothesisId":"H1","location":"Starship.NetworkMotor:ReconcileOwnerFromServer","message":"owner_reconcile","data":{"preSnapErr":0.0000,"replayCount":11,"preTick":5956,"postTick":5956,"serverTick":5945,"ackSeq":4486,"simTick":6244},"timestamp":1782243124760}
{"sessionId":"3f83e2","runId":"post-fix7","hypothesisId":"H1","location":"Starship.NetworkMotor:ReconcileOwnerFromServer","message":"owner_reconcile","data":{"preSnapErr":0.0000,"replayCount":10,"preTick":5957,"postTick":5957,"serverTick":5947,"ackSeq":4488,"simTick":6245},"timestamp":1782243124784}
{"sessionId":"3f83e2","runId":"post-fix7","hypothesisId":"H1","location":"Starship.NetworkMotor:ReconcileOwnerFromServer","message":"owner_reconcile","data":{"preSnapErr":0.0000,"replayCount":10,"preTick":5958,"postTick":5958,"serverTick":5948,"ackSeq":4489,"simTick":6246},"timestamp":1782243124806}
{"sessionId":"3f83e2","runId":"post-fix7","hypothesisId":"H2","location":"Starship.NetworkMotor:ClientPredictMotorFixedStep","message":"owner_predict","data":{"tick":5959,"simTick":6246,"serverClock":6249,"tickLead":-287,"speed":0.000,"thrust":0},"timestamp":1782243124806}
{"sessionId":"3f83e2","runId":"post-fix7","hypothesisId":"H1","location":"Starship.NetworkMotor:ReconcileOwnerFromServer","message":"owner_reconcile","data":{"preSnapErr":0.0000,"replayCount":10,"preTick":5960,"postTick":5960,"serverTick":5950,"ackSeq":4491,"simTick":6248},"timestamp":1782243124846}
{"sessionId":"3f83e2","runId":"post-fix7","hypothesisId":"H3","location":"Starship.NetworkMotor:ApplyRemoteMotorSnapshotVisuals","message":"remote_display","data":{"renderTickF":5949.583,"latestTick":5950,"simTick":6249,"bufCount":48,"extrapolating":0,"frameDelta":0.0008,"speed":F3},"timestamp":1782243124854}
{"sessionId":"3f83e2","runId":"post-fix7","hypothesisId":"H1","location":"Starship.NetworkMotor:ReconcileOwnerFromServer","message":"owner_reconcile","data":{"preSnapErr":0.0000,"replayCount":10,"preTick":5962,"postTick":5962,"serverTick":5952,"ackSeq":4493,"simTick":6250},"timestamp":1782243124887}
{"sessionId":"3f83e2","runId":"post-fix7","hypothesisId":"H5","location":"Starship.NetworkMotor:ApplyOwnerPredictedMotorVisuals","message":"owner_display","data":{"alpha":0.634,"renderSpan":0.0000,"frameDelta":0.0000,"speed":F3},"timestamp":1782243124895}
{"sessionId":"3f83e2","runId":"post-fix7","hypothesisId":"H1","location":"Starship.NetworkMotor:ReconcileOwnerFromServer","message":"owner_reconcile","data":{"preSnapErr":0.0000,"replayCount":10,"preTick":5964,"postTick":5964,"serverTick":5954,"ackSeq":4495,"simTick":6252},"timestamp":1782243124927}
{"sessionId":"3f83e2","runId":"post-fix7","hypothesisId":"H1","location":"Starship.NetworkMotor:ReconcileOwnerFromServer","message":"owner_reconcile","data":{"preSnapErr":0.0000,"replayCount":10,"preTick":5965,"postTick":5965,"serverTick":5955,"ackSeq":4496,"simTick":6253},"timestamp":1782243124946}
{"sessionId":"3f83e2","runId":"post-fix7","hypothesisId":"H1","location":"Starship.NetworkMotor:ReconcileOwnerFromServer","message":"owner_reconcile","data":{"preSnapErr":0.0000,"replayCount":10,"preTick":5967,"postTick":5967,"serverTick":5957,"ackSeq":4498,"simTick":6255},"timestamp":1782243124987}
{"sessionId":"3f83e2","runId":"post-fix7","hypothesisId":"H1","location":"Starship.NetworkMotor:ReconcileOwnerFromServer","message":"owner_reconcile","data":{"preSnapErr":0.0000,"replayCount":10,"preTick":5969,"postTick":5969,"serverTick":5959,"ackSeq":4500,"simTick":6257},"timestamp":1782243125025}
{"sessionId":"3f83e2","runId":"post-fix7","hypothesisId":"H1","location":"Starship.NetworkMotor:ReconcileOwnerFromServer","message":"owner_reconcile","data":{"preSnapErr":0.0000,"replayCount":10,"preTick":5971,"postTick":5971,"serverTick":5961,"ackSeq":4502,"simTick":6259},"timestamp":1782243125065}
{"sessionId":"3f83e2","runId":"post-fix7","hypothesisId":"H1","location":"Starship.NetworkMotor:ReconcileOwnerFromServer","message":"owner_reconcile","data":{"preSnapErr":0.0000,"replayCount":10,"preTick":5972,"postTick":5972,"serverTick":5962,"ackSeq":4503,"simTick":6260},"timestamp":1782243125086}
{"sessionId":"3f83e2","runId":"post-fix7","hypothesisId":"H3","location":"Starship.NetworkMotor:ApplyRemoteMotorSnapshotVisuals","message":"remote_display","data":{"renderTickF":5961.604,"latestTick":5962,"simTick":6261,"bufCount":48,"extrapolating":0,"frameDelta":0.0008,"speed":F3},"timestamp":1782243125094}
{"sessionId":"3f83e2","runId":"post-fix7","hypothesisId":"H1","location":"Starship.NetworkMotor:ReconcileOwnerFromServer","message":"owner_reconcile","data":{"preSnapErr":0.0000,"replayCount":10,"preTick":5974,"postTick":5974,"serverTick":5964,"ackSeq":4505,"simTick":6262},"timestamp":1782243125128}
{"sessionId":"3f83e2","runId":"post-fix7","hypothesisId":"H5","location":"Starship.NetworkMotor:ApplyOwnerPredictedMotorVisuals","message":"owner_display","data":{"alpha":0.619,"renderSpan":0.0000,"frameDelta":0.0000,"speed":F3},"timestamp":1782243125135}
{"sessionId":"3f83e2","runId":"post-fix7","hypothesisId":"H1","location":"Starship.NetworkMotor:ReconcileOwnerFromServer","message":"owner_reconcile","data":{"preSnapErr":0.0000,"replayCount":9,"preTick":5975,"postTick":5975,"serverTick":5966,"ackSeq":4507,"simTick":6263},"timestamp":1782243125149}
{"sessionId":"3f83e2","runId":"post-fix7","hypothesisId":"H1","location":"Starship.NetworkMotor:ReconcileOwnerFromServer","message":"owner_reconcile","data":{"preSnapErr":0.0000,"replayCount":10,"preTick":5977,"postTick":5977,"serverTick":5967,"ackSeq":4508,"simTick":6265},"timestamp":1782243125192}
{"sessionId":"3f83e2","runId":"post-fix7","hypothesisId":"H1","location":"Starship.NetworkMotor:ReconcileOwnerFromServer","message":"owner_reconcile","data":{"preSnapErr":0.0000,"replayCount":10,"preTick":5979,"postTick":5979,"serverTick":5969,"ackSeq":4510,"simTick":6267},"timestamp":1782243125232}
{"sessionId":"3f83e2","runId":"post-fix7","hypothesisId":"H1","location":"Starship.NetworkMotor:ReconcileOwnerFromServer","message":"owner_reconcile","data":{"preSnapErr":0.0000,"replayCount":9,"preTick":5980,"postTick":5980,"serverTick":5971,"ackSeq":4512,"simTick":6268},"timestamp":1782243125255}
{"sessionId":"3f83e2","runId":"post-fix7","hypothesisId":"H1","location":"Starship.NetworkMotor:ReconcileOwnerFromServer","message":"owner_reconcile","data":{"preSnapErr":0.0000,"replayCount":9,"preTick":5981,"postTick":5981,"serverTick":5972,"ackSeq":4513,"simTick":6269},"timestamp":1782243125275}
{"sessionId":"3f83e2","runId":"post-fix7","hypothesisId":"H2","location":"Starship.NetworkMotor:ClientPredictMotorFixedStep","message":"owner_predict","data":{"tick":5984,"simTick":6271,"serverClock":6274,"tickLead":-287,"speed":0.000,"thrust":0},"timestamp":1782243125298}
{"sessionId":"3f83e2","runId":"post-fix7","hypothesisId":"H1","location":"Starship.NetworkMotor:ReconcileOwnerFromServer","message":"owner_reconcile","data":{"preSnapErr":0.0000,"replayCount":11,"preTick":5984,"postTick":5984,"serverTick":5973,"ackSeq":4514,"simTick":6272},"timestamp":1782243125318}
{"sessionId":"3f83e2","runId":"post-fix7","hypothesisId":"H3","location":"Starship.NetworkMotor:ApplyRemoteMotorSnapshotVisuals","message":"remote_display","data":{"renderTickF":5972.194,"latestTick":5973,"simTick":6274,"bufCount":48,"extrapolating":0,"frameDelta":0.0007,"speed":F3},"timestamp":1782243125346}
{"sessionId":"3f83e2","runId":"post-fix7","hypothesisId":"H1","location":"Starship.NetworkMotor:ReconcileOwnerFromServer","message":"owner_reconcile","data":{"preSnapErr":0.0000,"replayCount":11,"preTick":5986,"postTick":5986,"serverTick":5975,"ackSeq":4516,"simTick":6274},"timestamp":1782243125359}
{"sessionId":"3f83e2","runId":"post-fix7","hypothesisId":"H1","location":"Starship.NetworkMotor:ReconcileOwnerFromServer","message":"owner_reconcile","data":{"preSnapErr":0.0000,"replayCount":10,"preTick":5987,"postTick":5987,"serverTick":5977,"ackSeq":4518,"simTick":6275},"timestamp":1782243125384}
{"sessionId":"3f83e2","runId":"post-fix7","hypothesisId":"H5","location":"Starship.NetworkMotor:ApplyOwnerPredictedMotorVisuals","message":"owner_display","data":{"alpha":0.481,"renderSpan":0.0000,"frameDelta":0.0000,"speed":F3},"timestamp":1782243125394}
{"sessionId":"3f83e2","runId":"post-fix7","hypothesisId":"H1","location":"Starship.NetworkMotor:ReconcileOwnerFromServer","message":"owner_reconcile","data":{"preSnapErr":0.0000,"replayCount":10,"preTick":5989,"postTick":5989,"serverTick":5979,"ackSeq":4520,"simTick":6277},"timestamp":1782243125429}
{"sessionId":"3f83e2","runId":"post-fix7","hypothesisId":"H1","location":"Starship.NetworkMotor:ReconcileOwnerFromServer","message":"owner_reconcile","data":{"preSnapErr":0.0000,"replayCount":9,"preTick":5990,"postTick":5990,"serverTick":5981,"ackSeq":4522,"simTick":6278},"timestamp":1782243125450}
{"sessionId":"3f83e2","runId":"post-fix7","hypothesisId":"H1","location":"Starship.NetworkMotor:ReconcileOwnerFromServer","message":"owner_reconcile","data":{"preSnapErr":0.0000,"replayCount":10,"preTick":5993,"postTick":5993,"serverTick":5983,"ackSeq":4524,"simTick":6281},"timestamp":1782243125514}
{"sessionId":"3f83e2","runId":"post-fix7","hypothesisId":"H1","location":"Starship.NetworkMotor:ReconcileOwnerFromServer","message":"owner_reconcile","data":{"preSnapErr":0.0000,"replayCount":11,"preTick":5996,"postTick":5996,"serverTick":5985,"ackSeq":4526,"simTick":6284},"timestamp":1782243125559}
{"sessionId":"3f83e2","runId":"post-fix7","hypothesisId":"H1","location":"Starship.NetworkMotor:ReconcileOwnerFromServer","message":"owner_reconcile","data":{"preSnapErr":0.0000,"replayCount":10,"preTick":5997,"postTick":5997,"serverTick":5987,"ackSeq":4528,"simTick":6285},"timestamp":1782243125580}
{"sessionId":"3f83e2","runId":"post-fix7","hypothesisId":"H3","location":"Starship.NetworkMotor:ApplyRemoteMotorSnapshotVisuals","message":"remote_display","data":{"renderTickF":5986.444,"latestTick":5987,"simTick":6287,"bufCount":48,"extrapolating":0,"frameDelta":0.0009,"speed":F3},"timestamp":1782243125611}
{"sessionId":"3f83e2","runId":"post-fix7","hypothesisId":"H1","location":"Starship.NetworkMotor:ReconcileOwnerFromServer","message":"owner_reconcile","data":{"preSnapErr":0.0000,"replayCount":10,"preTick":5999,"postTick":5999,"serverTick":5989,"ackSeq":4530,"simTick":6287},"timestamp":1782243125626}
{"sessionId":"3f83e2","runId":"post-fix7","hypothesisId":"H1","location":"Starship.NetworkMotor:ReconcileOwnerFromServer","message":"owner_reconcile","data":{"preSnapErr":0.0000,"replayCount":10,"preTick":6000,"postTick":6000,"serverTick":5990,"ackSeq":4531,"simTick":6288},"timestamp":1782243125647}
{"sessionId":"3f83e2","runId":"post-fix7","hypothesisId":"H5","location":"Starship.NetworkMotor:ApplyOwnerPredictedMotorVisuals","message":"owner_display","data":{"alpha":0.581,"renderSpan":0.0000,"frameDelta":0.0000,"speed":F3},"timestamp":1782243125654}
{"sessionId":"3f83e2","runId":"post-fix7","hypothesisId":"H1","location":"Starship.NetworkMotor:ReconcileOwnerFromServer","message":"owner_reconcile","data":{"preSnapErr":0.0000,"replayCount":10,"preTick":6002,"postTick":6002,"serverTick":5992,"ackSeq":4533,"simTick":6290},"timestamp":1782243125689}
{"sessionId":"3f83e2","runId":"post-fix7","hypothesisId":"H1","location":"Starship.NetworkMotor:ReconcileOwnerFromServer","message":"owner_reconcile","data":{"preSnapErr":0.0000,"replayCount":10,"preTick":6004,"postTick":6004,"serverTick":5994,"ackSeq":4535,"simTick":6292},"timestamp":1782243125729}
{"sessionId":"3f83e2","runId":"post-fix7","hypothesisId":"H1","location":"Starship.NetworkMotor:ReconcileOwnerFromServer","message":"owner_reconcile","data":{"preSnapErr":0.0000,"replayCount":9,"preTick":6005,"postTick":6005,"serverTick":5996,"ackSeq":4537,"simTick":6293},"timestamp":1782243125751}
{"sessionId":"3f83e2","runId":"post-fix7","hypothesisId":"H1","location":"Starship.NetworkMotor:ReconcileOwnerFromServer","message":"owner_reconcile","data":{"preSnapErr":0.0000,"replayCount":9,"preTick":6006,"postTick":6006,"serverTick":5997,"ackSeq":4538,"simTick":6294},"timestamp":1782243125774}
{"sessionId":"3f83e2","runId":"post-fix7","hypothesisId":"H2","location":"Starship.NetworkMotor:ClientPredictMotorFixedStep","message":"owner_predict","data":{"tick":6009,"simTick":6296,"serverClock":6299,"tickLead":-287,"speed":0.000,"thrust":0},"timestamp":1782243125798}
{"sessionId":"3f83e2","runId":"post-fix7","hypothesisId":"H1","location":"Starship.NetworkMotor:ReconcileOwnerFromServer","message":"owner_reconcile","data":{"preSnapErr":0.0000,"replayCount":11,"preTick":6009,"postTick":6009,"serverTick":5998,"ackSeq":4539,"simTick":6297},"timestamp":1782243125823}
{"sessionId":"3f83e2","runId":"post-fix7","hypothesisId":"H1","location":"Starship.NetworkMotor:ReconcileOwnerFromServer","message":"owner_reconcile","data":{"preSnapErr":0.0000,"replayCount":10,"preTick":6010,"postTick":6010,"serverTick":6000,"ackSeq":4541,"simTick":6298},"timestamp":1782243125845}
{"sessionId":"3f83e2","runId":"post-fix7","hypothesisId":"H3","location":"Starship.NetworkMotor:ApplyRemoteMotorSnapshotVisuals","message":"remote_display","data":{"renderTickF":5999.594,"latestTick":6000,"simTick":6300,"bufCount":48,"extrapolating":0,"frameDelta":0.0009,"speed":F3},"timestamp":1782243125873}
{"sessionId":"3f83e2","runId":"post-fix7","hypothesisId":"H1","location":"Starship.NetworkMotor:ReconcileOwnerFromServer","message":"owner_reconcile","data":{"preSnapErr":0.0000,"replayCount":10,"preTick":6012,"postTick":6012,"serverTick":6002,"ackSeq":4543,"simTick":6300},"timestamp":1782243125887}
{"sessionId":"3f83e2","runId":"post-fix7","hypothesisId":"H5","location":"Starship.NetworkMotor:ApplyOwnerPredictedMotorVisuals","message":"owner_display","data":{"alpha":0.602,"renderSpan":0.0000,"frameDelta":0.0000,"speed":F3},"timestamp":1782243125915}
{"sessionId":"3f83e2","runId":"post-fix7","hypothesisId":"H1","location":"Starship.NetworkMotor:ReconcileOwnerFromServer","message":"owner_reconcile","data":{"preSnapErr":0.0000,"replayCount":10,"preTick":6014,"postTick":6014,"serverTick":6004,"ackSeq":4545,"simTick":6302},"timestamp":1782243125928}
{"sessionId":"3f83e2","runId":"post-fix7","hypothesisId":"H1","location":"Starship.NetworkMotor:ReconcileOwnerFromServer","message":"owner_reconcile","data":{"preSnapErr":0.0000,"replayCount":10,"preTick":6015,"postTick":6015,"serverTick":6005,"ackSeq":4546,"simTick":6303},"timestamp":1782243125950}
{"sessionId":"3f83e2","runId":"post-fix7","hypothesisId":"H1","location":"Starship.NetworkMotor:ReconcileOwnerFromServer","message":"owner_reconcile","data":{"preSnapErr":0.0000,"replayCount":10,"preTick":6017,"postTick":6017,"serverTick":6007,"ackSeq":4548,"simTick":6305},"timestamp":1782243125992}
{"sessionId":"3f83e2","runId":"post-fix7","hypothesisId":"H1","location":"Starship.NetworkMotor:ReconcileOwnerFromServer","message":"owner_reconcile","data":{"preSnapErr":0.0000,"replayCount":10,"preTick":6019,"postTick":6019,"serverTick":6009,"ackSeq":4550,"simTick":6307},"timestamp":1782243126038}
{"sessionId":"3f83e2","runId":"post-fix7","hypothesisId":"H1","location":"Starship.NetworkMotor:ReconcileOwnerFromServer","message":"owner_reconcile","data":{"preSnapErr":0.0000,"replayCount":11,"preTick":6021,"postTick":6021,"serverTick":6010,"ackSeq":4551,"simTick":6309},"timestamp":1782243126064}
{"sessionId":"3f83e2","runId":"post-fix7","hypothesisId":"H1","location":"Starship.NetworkMotor:ReconcileOwnerFromServer","message":"owner_reconcile","data":{"preSnapErr":0.0000,"replayCount":10,"preTick":6022,"postTick":6022,"serverTick":6012,"ackSeq":4553,"simTick":6310},"timestamp":1782243126090}
{"sessionId":"3f83e2","runId":"post-fix7","hypothesisId":"H1","location":"Starship.NetworkMotor:ReconcileOwnerFromServer","message":"owner_reconcile","data":{"preSnapErr":0.0000,"replayCount":9,"preTick":6023,"postTick":6023,"serverTick":6014,"ackSeq":4555,"simTick":6311},"timestamp":1782243126115}
{"sessionId":"3f83e2","runId":"post-fix7","hypothesisId":"H3","location":"Starship.NetworkMotor:ApplyRemoteMotorSnapshotVisuals","message":"remote_display","data":{"renderTickF":6013.092,"latestTick":6014,"simTick":6313,"bufCount":48,"extrapolating":0,"frameDelta":0.0009,"speed":F3},"timestamp":1782243126148}
