{"sessionId":"bac766","timestamp":1773331891694,"location":"GameManager.Update","message":"object counts","data":{"bullets":0,"gems":0,"asteroids":0,"starships":0},"hypothesisId":"E"}
{"sessionId":"bac766","timestamp":1773331894504,"location":"GameManager.Update","message":"object counts","data":{"bullets":0,"gems":0,"asteroids":0,"starships":0},"hypothesisId":"E"}
{"sessionId":"bac766","timestamp":1773331896014,"location":"GameManager.Update","message":"frame timing","data":{"frame":60,"realtime":16.23142,"deltaTime":0.0151294,"fps":66.09647},"hypothesisId":"C"}
{"sessionId":"bac766","timestamp":1773331896511,"location":"GameManager.Update","message":"object counts","data":{"bullets":0,"gems":0,"asteroids":0,"starships":0},"hypothesisId":"E"}
{"sessionId":"bac766","timestamp":1773331906584,"location":"GameManager.Update","message":"object counts","data":{"bullets":0,"gems":0,"asteroids":299,"starships":1},"hypothesisId":"E"}
{"sessionId":"bac766","timestamp":1773331907092,"location":"GameManager.Update","message":"frame timing","data":{"frame":120,"realtime":27.30965,"deltaTime":0.0172447,"fps":57.98883},"hypothesisId":"C"}
{"sessionId":"bac766","timestamp":1773331908182,"location":"GameManager.Update","message":"frame timing","data":{"frame":180,"realtime":28.40033,"deltaTime":0.0224778,"fps":44.48834},"hypothesisId":"C"}
{"sessionId":"bac766","timestamp":1773331908597,"location":"GameManager.Update","message":"object counts","data":{"bullets":0,"gems":0,"asteroids":299,"starships":1},"hypothesisId":"E"}
{"sessionId":"bac766","timestamp":1773331909405,"location":"MinimapController.UpdateBlips","message":"blip and cache counts","data":{"blips":131,"edgeMarkers":20,"markerEdgeMarkers":0,"cachedShips":1,"cachedPlanets":20,"cachedAsteroids":299,"cachedMarkers":0,"durationMs":0.01144409},"hypothesisId":"B"}
{"sessionId":"bac766","timestamp":1773331909406,"location":"GameManager.Update","message":"frame timing","data":{"frame":240,"realtime":29.6233,"deltaTime":0.0158139,"fps":63.23552},"hypothesisId":"C"}
{"sessionId":"bac766","timestamp":1773331910418,"location":"GameManager.Update","message":"frame timing","data":{"frame":300,"realtime":30.63525,"deltaTime":0.0171575,"fps":58.28354},"hypothesisId":"C"}
{"sessionId":"bac766","timestamp":1773331910453,"location":"PlanetConnectionSystem.RecomputeGraph","message":"edges and triangles","data":{"edges":0,"triangles":0,"durationMs":1.560211},"hypothesisId":"D"}
{"sessionId":"bac766","timestamp":1773331910603,"location":"GameManager.Update","message":"object counts","data":{"bullets":0,"gems":0,"asteroids":299,"starships":1},"hypothesisId":"E"}
{"sessionId":"bac766","timestamp":1773331911419,"location":"MinimapController.UpdateBlips","message":"blip and cache counts","data":{"blips":137,"edgeMarkers":20,"markerEdgeMarkers":0,"cachedShips":1,"cachedPlanets":20,"cachedAsteroids":299,"cachedMarkers":0,"durationMs":0},"hypothesisId":"B"}
{"sessionId":"bac766","timestamp":1773331911420,"location":"GameManager.Update","message":"frame timing","data":{"frame":360,"realtime":31.63764,"deltaTime":0.0239886,"fps":41.68647},"hypothesisId":"C"}
{"sessionId":"bac766","timestamp":1773331912433,"location":"GameManager.Update","message":"frame timing","data":{"frame":420,"realtime":32.65102,"deltaTime":0.0136085,"fps":73.48347},"hypothesisId":"C"}
{"sessionId":"bac766","timestamp":1773331912609,"location":"GameManager.Update","message":"object counts","data":{"bullets":0,"gems":0,"asteroids":299,"starships":1},"hypothesisId":"E"}
{"sessionId":"bac766","timestamp":1773331913456,"location":"MinimapController.UpdateBlips","message":"blip and cache counts","data":{"blips":144,"edgeMarkers":20,"markerEdgeMarkers":0,"cachedShips":1,"cachedPlanets":20,"cachedAsteroids":299,"cachedMarkers":0,"durationMs":0},"hypothesisId":"B"}
{"sessionId":"bac766","timestamp":1773331913457,"location":"GameManager.Update","message":"frame timing","data":{"frame":480,"realtime":33.6751,"deltaTime":0.0153498,"fps":65.14742},"hypothesisId":"C"}
{"sessionId":"bac766","timestamp":1773331913460,"location":"PlanetConnectionSystem.RecomputeGraph","message":"edges and triangles","data":{"edges":0,"triangles":0,"durationMs":1.373291},"hypothesisId":"D"}
{"sessionId":"bac766","timestamp":1773331914483,"location":"GameManager.Update","message":"frame timing","data":{"frame":540,"realtime":34.70076,"deltaTime":0.0157459,"fps":63.50861},"hypothesisId":"C"}
{"sessionId":"bac766","timestamp":1773331914614,"location":"GameManager.Update","message":"object counts","data":{"bullets":1,"gems":0,"asteroids":299,"starships":1},"hypothesisId":"E"}
{"sessionId":"bac766","timestamp":1773331915170,"location":"Gem.cs:FixedUpdate","message":"Gem attraction tick","data":{"value":22.00,"effectivePickupRadius":5.60,"priorityShipId":1,"isInPool":false},"hypothesisId":"G1"}
{"sessionId":"bac766","timestamp":1773331915172,"location":"Gem.cs:FixedUpdate","message":"Gem found candidate ship","data":{"shipId":1,"dist":9.80,"range":11.21,"isPriority":true},"hypothesisId":"G2"}
{"sessionId":"bac766","timestamp":1773331915173,"location":"Gem.cs:FixedUpdate","message":"Gem attraction tick","data":{"value":22.00,"effectivePickupRadius":5.60,"priorityShipId":1,"isInPool":false},"hypothesisId":"G1"}
{"sessionId":"bac766","timestamp":1773331915173,"location":"Gem.cs:FixedUpdate","message":"Gem found candidate ship","data":{"shipId":1,"dist":8.23,"range":11.21,"isPriority":true},"hypothesisId":"G2"}
{"sessionId":"bac766","timestamp":1773331915173,"location":"Gem.cs:FixedUpdate","message":"Gem attraction tick","data":{"value":22.00,"effectivePickupRadius":5.60,"priorityShipId":1,"isInPool":false},"hypothesisId":"G1"}
{"sessionId":"bac766","timestamp":1773331915174,"location":"Gem.cs:FixedUpdate","message":"Gem found candidate ship","data":{"shipId":1,"dist":9.87,"range":11.21,"isPriority":true},"hypothesisId":"G2"}
{"sessionId":"bac766","timestamp":1773331915177,"location":"Gem.cs:FixedUpdate","message":"Gem attraction tick","data":{"value":22.00,"effectivePickupRadius":5.60,"priorityShipId":1,"isInPool":false},"hypothesisId":"G1"}
{"sessionId":"bac766","timestamp":1773331915177,"location":"Gem.cs:FixedUpdate","message":"Gem found candidate ship","data":{"shipId":1,"dist":9.82,"range":11.21,"isPriority":true},"hypothesisId":"G2"}
{"sessionId":"bac766","timestamp":1773331915177,"location":"Gem.cs:FixedUpdate","message":"Gem attraction tick","data":{"value":22.00,"effectivePickupRadius":5.60,"priorityShipId":1,"isInPool":false},"hypothesisId":"G1"}
{"sessionId":"bac766","timestamp":1773331915178,"location":"Gem.cs:FixedUpdate","message":"Gem found candidate ship","data":{"shipId":1,"dist":8.17,"range":11.21,"isPriority":true},"hypothesisId":"G2"}
{"sessionId":"bac766","timestamp":1773331915178,"location":"Gem.cs:FixedUpdate","message":"Gem attraction tick","data":{"value":22.00,"effectivePickupRadius":5.60,"priorityShipId":1,"isInPool":false},"hypothesisId":"G1"}
{"sessionId":"bac766","timestamp":1773331915178,"location":"Gem.cs:FixedUpdate","message":"Gem found candidate ship","data":{"shipId":1,"dist":9.88,"range":11.21,"isPriority":true},"hypothesisId":"G2"}
{"sessionId":"bac766","timestamp":1773331915221,"location":"Gem.cs:FixedUpdate","message":"Gem attraction tick","data":{"value":22.00,"effectivePickupRadius":5.60,"priorityShipId":1,"isInPool":false},"hypothesisId":"G1"}
{"sessionId":"bac766","timestamp":1773331915221,"location":"Gem.cs:FixedUpdate","message":"Gem found candidate ship","data":{"shipId":1,"dist":9.81,"range":11.21,"isPriority":true},"hypothesisId":"G2"}
{"sessionId":"bac766","timestamp":1773331915222,"location":"Gem.cs:FixedUpdate","message":"Gem attraction tick","data":{"value":22.00,"effectivePickupRadius":5.60,"priorityShipId":1,"isInPool":false},"hypothesisId":"G1"}
{"sessionId":"bac766","timestamp":1773331915222,"location":"Gem.cs:FixedUpdate","message":"Gem found candidate ship","data":{"shipId":1,"dist":8.00,"range":11.21,"isPriority":true},"hypothesisId":"G2"}
{"sessionId":"bac766","timestamp":1773331915222,"location":"Gem.cs:FixedUpdate","message":"Gem attraction tick","data":{"value":22.00,"effectivePickupRadius":5.60,"priorityShipId":1,"isInPool":false},"hypothesisId":"G1"}
{"sessionId":"bac766","timestamp":1773331915223,"location":"Gem.cs:FixedUpdate","message":"Gem found candidate ship","data":{"shipId":1,"dist":9.87,"range":11.21,"isPriority":true},"hypothesisId":"G2"}
{"sessionId":"bac766","timestamp":1773331915253,"location":"Gem.cs:FixedUpdate","message":"Gem attraction tick","data":{"value":22.00,"effectivePickupRadius":5.60,"priorityShipId":1,"isInPool":false},"hypothesisId":"G1"}
{"sessionId":"bac766","timestamp":1773331915254,"location":"Gem.cs:FixedUpdate","message":"Gem found candidate ship","data":{"shipId":1,"dist":9.74,"range":11.21,"isPriority":true},"hypothesisId":"G2"}
{"sessionId":"bac766","timestamp":1773331915254,"location":"Gem.cs:FixedUpdate","message":"Gem attraction tick","data":{"value":22.00,"effectivePickupRadius":5.60,"priorityShipId":1,"isInPool":false},"hypothesisId":"G1"}
{"sessionId":"bac766","timestamp":1773331915254,"location":"Gem.cs:FixedUpdate","message":"Gem found candidate ship","data":{"shipId":1,"dist":7.79,"range":11.21,"isPriority":true},"hypothesisId":"G2"}
{"sessionId":"bac766","timestamp":1773331915255,"location":"Gem.cs:FixedUpdate","message":"Gem attraction tick","data":{"value":22.00,"effectivePickupRadius":5.60,"priorityShipId":1,"isInPool":false},"hypothesisId":"G1"}
{"sessionId":"bac766","timestamp":1773331915256,"location":"Gem.cs:FixedUpdate","message":"Gem found candidate ship","data":{"shipId":1,"dist":9.80,"range":11.21,"isPriority":true},"hypothesisId":"G2"}
{"sessionId":"bac766","timestamp":1773331915291,"location":"Gem.cs:FixedUpdate","message":"Gem attraction tick","data":{"value":22.00,"effectivePickupRadius":5.60,"priorityShipId":1,"isInPool":false},"hypothesisId":"G1"}
{"sessionId":"bac766","timestamp":1773331915291,"location":"Gem.cs:FixedUpdate","message":"Gem found candidate ship","data":{"shipId":1,"dist":9.62,"range":11.21,"isPriority":true},"hypothesisId":"G2"}
{"sessionId":"bac766","timestamp":1773331915291,"location":"Gem.cs:FixedUpdate","message":"Gem attraction tick","data":{"value":22.00,"effectivePickupRadius":5.60,"priorityShipId":1,"isInPool":false},"hypothesisId":"G1"}
{"sessionId":"bac766","timestamp":1773331915292,"location":"Gem.cs:FixedUpdate","message":"Gem found candidate ship","data":{"shipId":1,"dist":7.52,"range":11.21,"isPriority":true},"hypothesisId":"G2"}
{"sessionId":"bac766","timestamp":1773331915292,"location":"Gem.cs:FixedUpdate","message":"Gem attraction tick","data":{"value":22.00,"effectivePickupRadius":5.60,"priorityShipId":1,"isInPool":false},"hypothesisId":"G1"}
{"sessionId":"bac766","timestamp":1773331915292,"location":"Gem.cs:FixedUpdate","message":"Gem found candidate ship","data":{"shipId":1,"dist":9.68,"range":11.21,"isPriority":true},"hypothesisId":"G2"}
{"sessionId":"bac766","timestamp":1773331915329,"location":"Gem.cs:FixedUpdate","message":"Gem attraction tick","data":{"value":22.00,"effectivePickupRadius":5.60,"priorityShipId":1,"isInPool":false},"hypothesisId":"G1"}
{"sessionId":"bac766","timestamp":1773331915329,"location":"Gem.cs:FixedUpdate","message":"Gem found candidate ship","data":{"shipId":1,"dist":9.54,"range":11.21,"isPriority":true},"hypothesisId":"G2"}
{"sessionId":"bac766","timestamp":1773331915330,"location":"Gem.cs:FixedUpdate","message":"Gem attraction tick","data":{"value":22.00,"effectivePickupRadius":5.60,"priorityShipId":1,"isInPool":false},"hypothesisId":"G1"}
{"sessionId":"bac766","timestamp":1773331915330,"location":"Gem.cs:FixedUpdate","message":"Gem found candidate ship","data":{"shipId":1,"dist":7.36,"range":11.21,"isPriority":true},"hypothesisId":"G2"}
{"sessionId":"bac766","timestamp":1773331915330,"location":"Gem.cs:FixedUpdate","message":"Gem attraction tick","data":{"value":22.00,"effectivePickupRadius":5.60,"priorityShipId":1,"isInPool":false},"hypothesisId":"G1"}
{"sessionId":"bac766","timestamp":1773331915331,"location":"Gem.cs:FixedUpdate","message":"Gem found candidate ship","data":{"shipId":1,"dist":9.60,"range":11.21,"isPriority":true},"hypothesisId":"G2"}
{"sessionId":"bac766","timestamp":1773331915363,"location":"Gem.cs:FixedUpdate","message":"Gem attraction tick","data":{"value":22.00,"effectivePickupRadius":5.60,"priorityShipId":1,"isInPool":false},"hypothesisId":"G1"}
{"sessionId":"bac766","timestamp":1773331915363,"location":"Gem.cs:FixedUpdate","message":"Gem found candidate ship","data":{"shipId":1,"dist":9.32,"range":11.21,"isPriority":true},"hypothesisId":"G2"}
{"sessionId":"bac766","timestamp":1773331915363,"location":"Gem.cs:FixedUpdate","message":"Gem attraction tick","data":{"value":22.00,"effectivePickupRadius":5.60,"priorityShipId":1,"isInPool":false},"hypothesisId":"G1"}
{"sessionId":"bac766","timestamp":1773331915364,"location":"Gem.cs:FixedUpdate","message":"Gem found candidate ship","data":{"shipId":1,"dist":7.00,"range":11.21,"isPriority":true},"hypothesisId":"G2"}
{"sessionId":"bac766","timestamp":1773331915364,"location":"Gem.cs:FixedUpdate","message":"Gem attraction tick","data":{"value":22.00,"effectivePickupRadius":5.60,"priorityShipId":1,"isInPool":false},"hypothesisId":"G1"}
{"sessionId":"bac766","timestamp":1773331915364,"location":"Gem.cs:FixedUpdate","message":"Gem found candidate ship","data":{"shipId":1,"dist":9.38,"range":11.21,"isPriority":true},"hypothesisId":"G2"}
{"sessionId":"bac766","timestamp":1773331915398,"location":"Gem.cs:FixedUpdate","message":"Gem attraction tick","data":{"value":22.00,"effectivePickupRadius":5.60,"priorityShipId":1,"isInPool":false},"hypothesisId":"G1"}
{"sessionId":"bac766","timestamp":1773331915398,"location":"Gem.cs:FixedUpdate","message":"Gem found candidate ship","data":{"shipId":1,"dist":9.06,"range":11.21,"isPriority":true},"hypothesisId":"G2"}
{"sessionId":"bac766","timestamp":1773331915399,"location":"Gem.cs:FixedUpdate","message":"Gem attraction tick","data":{"value":22.00,"effectivePickupRadius":5.60,"priorityShipId":1,"isInPool":false},"hypothesisId":"G1"}
{"sessionId":"bac766","timestamp":1773331915399,"location":"Gem.cs:FixedUpdate","message":"Gem found candidate ship","data":{"shipId":1,"dist":6.59,"range":11.21,"isPriority":true},"hypothesisId":"G2"}
{"sessionId":"bac766","timestamp":1773331915399,"location":"Gem.cs:FixedUpdate","message":"Gem attraction tick","data":{"value":22.00,"effectivePickupRadius":5.60,"priorityShipId":1,"isInPool":false},"hypothesisId":"G1"}
{"sessionId":"bac766","timestamp":1773331915400,"location":"Gem.cs:FixedUpdate","message":"Gem found candidate ship","data":{"shipId":1,"dist":9.11,"range":11.21,"isPriority":true},"hypothesisId":"G2"}
{"sessionId":"bac766","timestamp":1773331915466,"location":"Gem.cs:FixedUpdate","message":"Gem attraction tick","data":{"value":22.00,"effectivePickupRadius":5.60,"priorityShipId":1,"isInPool":false},"hypothesisId":"G1"}
{"sessionId":"bac766","timestamp":1773331915466,"location":"Gem.cs:FixedUpdate","message":"Gem found candidate ship","data":{"shipId":1,"dist":8.59,"range":11.21,"isPriority":true},"hypothesisId":"G2"}
{"sessionId":"bac766","timestamp":1773331915466,"location":"Gem.cs:FixedUpdate","message":"Gem attraction tick","data":{"value":22.00,"effectivePickupRadius":5.60,"priorityShipId":1,"isInPool":false},"hypothesisId":"G1"}
{"sessionId":"bac766","timestamp":1773331915467,"location":"Gem.cs:FixedUpdate","message":"Gem found candidate ship","data":{"shipId":1,"dist":5.91,"range":11.21,"isPriority":true},"hypothesisId":"G2"}
{"sessionId":"bac766","timestamp":1773331915467,"location":"Gem.cs:FixedUpdate","message":"Gem attraction tick","data":{"value":22.00,"effectivePickupRadius":5.60,"priorityShipId":1,"isInPool":false},"hypothesisId":"G1"}
{"sessionId":"bac766","timestamp":1773331915467,"location":"Gem.cs:FixedUpdate","message":"Gem found candidate ship","data":{"shipId":1,"dist":8.65,"range":11.21,"isPriority":true},"hypothesisId":"G2"}
{"sessionId":"bac766","timestamp":1773331915499,"location":"Gem.cs:FixedUpdate","message":"Gem attraction tick","data":{"value":22.00,"effectivePickupRadius":5.60,"priorityShipId":1,"isInPool":false},"hypothesisId":"G1"}
{"sessionId":"bac766","timestamp":1773331915500,"location":"Gem.cs:FixedUpdate","message":"Gem found candidate ship","data":{"shipId":1,"dist":8.23,"range":11.21,"isPriority":true},"hypothesisId":"G2"}
{"sessionId":"bac766","timestamp":1773331915500,"location":"Gem.cs:FixedUpdate","message":"Gem attraction tick","data":{"value":22.00,"effectivePickupRadius":5.60,"priorityShipId":1,"isInPool":false},"hypothesisId":"G1"}
{"sessionId":"bac766","timestamp":1773331915501,"location":"Gem.cs:FixedUpdate","message":"Gem found candidate ship","data":{"shipId":1,"dist":5.41,"range":11.21,"isPriority":true},"hypothesisId":"G2"}
{"sessionId":"bac766","timestamp":1773331915501,"location":"Gem.cs:FixedUpdate","message":"Gem attraction tick","data":{"value":22.00,"effectivePickupRadius":5.60,"priorityShipId":1,"isInPool":false},"hypothesisId":"G1"}
{"sessionId":"bac766","timestamp":1773331915501,"location":"Gem.cs:FixedUpdate","message":"Gem found candidate ship","data":{"shipId":1,"dist":8.29,"range":11.21,"isPriority":true},"hypothesisId":"G2"}
{"sessionId":"bac766","timestamp":1773331915540,"location":"Gem.cs:FixedUpdate","message":"Gem attraction tick","data":{"value":22.00,"effectivePickupRadius":5.60,"priorityShipId":1,"isInPool":false},"hypothesisId":"G1"}
{"sessionId":"bac766","timestamp":1773331915541,"location":"Gem.cs:FixedUpdate","message":"Gem found candidate ship","data":{"shipId":1,"dist":7.83,"range":11.21,"isPriority":true},"hypothesisId":"G2"}
{"sessionId":"bac766","timestamp":1773331915541,"location":"Gem.cs:FixedUpdate","message":"Gem attraction tick","data":{"value":22.00,"effectivePickupRadius":5.60,"priorityShipId":1,"isInPool":false},"hypothesisId":"G1"}
{"sessionId":"bac766","timestamp":1773331915541,"location":"Gem.cs:FixedUpdate","message":"Gem found candidate ship","data":{"shipId":1,"dist":4.87,"range":11.21,"isPriority":true},"hypothesisId":"G2"}
{"sessionId":"bac766","timestamp":1773331915542,"location":"Gem.cs:FixedUpdate","message":"Gem attraction tick","data":{"value":22.00,"effectivePickupRadius":5.60,"priorityShipId":1,"isInPool":false},"hypothesisId":"G1"}
{"sessionId":"bac766","timestamp":1773331915542,"location":"Gem.cs:FixedUpdate","message":"Gem found candidate ship","data":{"shipId":1,"dist":7.88,"range":11.21,"isPriority":true},"hypothesisId":"G2"}
{"sessionId":"bac766","timestamp":1773331915606,"location":"Gem.cs:FixedUpdate","message":"Gem attraction tick","data":{"value":22.00,"effectivePickupRadius":5.60,"priorityShipId":1,"isInPool":false},"hypothesisId":"G1"}
{"sessionId":"bac766","timestamp":1773331915606,"location":"Gem.cs:FixedUpdate","message":"Gem found candidate ship","data":{"shipId":1,"dist":7.15,"range":11.21,"isPriority":true},"hypothesisId":"G2"}
{"sessionId":"bac766","timestamp":1773331915606,"location":"Gem.cs:FixedUpdate","message":"Gem attraction tick","data":{"value":22.00,"effectivePickupRadius":5.60,"priorityShipId":1,"isInPool":false},"hypothesisId":"G1"}
{"sessionId":"bac766","timestamp":1773331915607,"location":"Gem.cs:FixedUpdate","message":"Gem found candidate ship","data":{"shipId":1,"dist":3.99,"range":11.21,"isPriority":true},"hypothesisId":"G2"}
{"sessionId":"bac766","timestamp":1773331915607,"location":"Gem.cs:FixedUpdate","message":"Gem attraction tick","data":{"value":22.00,"effectivePickupRadius":5.60,"priorityShipId":1,"isInPool":false},"hypothesisId":"G1"}
{"sessionId":"bac766","timestamp":1773331915607,"location":"Gem.cs:FixedUpdate","message":"Gem found candidate ship","data":{"shipId":1,"dist":7.20,"range":11.21,"isPriority":true},"hypothesisId":"G2"}
{"sessionId":"bac766","timestamp":1773331915641,"location":"Gem.cs:FixedUpdate","message":"Gem attraction tick","data":{"value":22.00,"effectivePickupRadius":5.60,"priorityShipId":1,"isInPool":false},"hypothesisId":"G1"}
{"sessionId":"bac766","timestamp":1773331915641,"location":"Gem.cs:FixedUpdate","message":"Gem found candidate ship","data":{"shipId":1,"dist":6.65,"range":11.21,"isPriority":true},"hypothesisId":"G2"}
{"sessionId":"bac766","timestamp":1773331915641,"location":"Gem.cs:FixedUpdate","message":"Gem attraction tick","data":{"value":22.00,"effectivePickupRadius":5.60,"priorityShipId":1,"isInPool":false},"hypothesisId":"G1"}
{"sessionId":"bac766","timestamp":1773331915642,"location":"Gem.cs:FixedUpdate","message":"Gem found candidate ship","data":{"shipId":1,"dist":3.36,"range":11.21,"isPriority":true},"hypothesisId":"G2"}
{"sessionId":"bac766","timestamp":1773331915642,"location":"Gem.cs:FixedUpdate","message":"Gem attraction tick","data":{"value":22.00,"effectivePickupRadius":5.60,"priorityShipId":1,"isInPool":false},"hypothesisId":"G1"}
{"sessionId":"bac766","timestamp":1773331915642,"location":"Gem.cs:FixedUpdate","message":"Gem found candidate ship","data":{"shipId":1,"dist":6.71,"range":11.21,"isPriority":true},"hypothesisId":"G2"}
{"sessionId":"bac766","timestamp":1773331915645,"location":"MinimapController.UpdateBlips","message":"blip and cache counts","data":{"blips":148,"edgeMarkers":20,"markerEdgeMarkers":0,"cachedShips":1,"cachedPlanets":20,"cachedAsteroids":298,"cachedMarkers":0,"durationMs":0},"hypothesisId":"B"}
{"sessionId":"bac766","timestamp":1773331915646,"location":"GameManager.Update","message":"frame timing","data":{"frame":600,"realtime":35.86327,"deltaTime":0.014834,"fps":67.4127},"hypothesisId":"C"}
{"sessionId":"bac766","timestamp":1773331915683,"location":"Gem.cs:FixedUpdate","message":"Gem attraction tick","data":{"value":22.00,"effectivePickupRadius":5.60,"priorityShipId":1,"isInPool":false},"hypothesisId":"G1"}
{"sessionId":"bac766","timestamp":1773331915684,"location":"Gem.cs:FixedUpdate","message":"Gem found candidate ship","data":{"shipId":1,"dist":6.11,"range":11.21,"isPriority":true},"hypothesisId":"G2"}
{"sessionId":"bac766","timestamp":1773331915685,"location":"Gem.cs:FixedUpdate","message":"Gem attraction tick","data":{"value":22.00,"effectivePickupRadius":5.60,"priorityShipId":1,"isInPool":false},"hypothesisId":"G1"}
{"sessionId":"bac766","timestamp":1773331915685,"location":"Gem.cs:FixedUpdate","message":"Gem found candidate ship","data":{"shipId":1,"dist":2.72,"range":11.21,"isPriority":true},"hypothesisId":"G2"}
{"sessionId":"bac766","timestamp":1773331915686,"location":"Gem.cs:FixedUpdate","message":"Gem attraction tick","data":{"value":22.00,"effectivePickupRadius":5.60,"priorityShipId":1,"isInPool":false},"hypothesisId":"G1"}
{"sessionId":"bac766","timestamp":1773331915686,"location":"Gem.cs:FixedUpdate","message":"Gem found candidate ship","data":{"shipId":1,"dist":6.17,"range":11.21,"isPriority":true},"hypothesisId":"G2"}
{"sessionId":"bac766","timestamp":1773331915718,"location":"Gem.cs:FixedUpdate","message":"Gem attraction tick","data":{"value":22.00,"effectivePickupRadius":5.60,"priorityShipId":1,"isInPool":false},"hypothesisId":"G1"}
{"sessionId":"bac766","timestamp":1773331915718,"location":"Gem.cs:FixedUpdate","message":"Gem found candidate ship","data":{"shipId":1,"dist":5.53,"range":11.21,"isPriority":true},"hypothesisId":"G2"}
{"sessionId":"bac766","timestamp":1773331915719,"location":"Gem.cs:FixedUpdate","message":"Gem attraction tick","data":{"value":22.00,"effectivePickupRadius":5.60,"priorityShipId":1,"isInPool":false},"hypothesisId":"G1"}
{"sessionId":"bac766","timestamp":1773331915719,"location":"Gem.cs:FixedUpdate","message":"Gem found candidate ship","data":{"shipId":1,"dist":2.09,"range":11.21,"isPriority":true},"hypothesisId":"G2"}
{"sessionId":"bac766","timestamp":1773331915719,"location":"Gem.cs:FixedUpdate","message":"Gem attraction tick","data":{"value":22.00,"effectivePickupRadius":5.60,"priorityShipId":1,"isInPool":false},"hypothesisId":"G1"}
{"sessionId":"bac766","timestamp":1773331915720,"location":"Gem.cs:FixedUpdate","message":"Gem found candidate ship","data":{"shipId":1,"dist":5.58,"range":11.21,"isPriority":true},"hypothesisId":"G2"}
{"sessionId":"bac766","timestamp":1773331915757,"location":"Gem.cs:FixedUpdate","message":"Gem attraction tick","data":{"value":22.00,"effectivePickupRadius":5.60,"priorityShipId":1,"isInPool":false},"hypothesisId":"G1"}
{"sessionId":"bac766","timestamp":1773331915758,"location":"Gem.cs:FixedUpdate","message":"Gem found candidate ship","data":{"shipId":1,"dist":4.89,"range":11.21,"isPriority":true},"hypothesisId":"G2"}
{"sessionId":"bac766","timestamp":1773331915758,"location":"Gem.cs:FixedUpdate","message":"Gem attraction tick","data":{"value":22.00,"effectivePickupRadius":5.60,"priorityShipId":1,"isInPool":false},"hypothesisId":"G1"}
{"sessionId":"bac766","timestamp":1773331915758,"location":"Gem.cs:FixedUpdate","message":"Gem found candidate ship","data":{"shipId":1,"dist":1.45,"range":11.21,"isPriority":true},"hypothesisId":"G2"}
{"sessionId":"bac766","timestamp":1773331915759,"location":"Gem.cs:FixedUpdate","message":"Gem attraction tick","data":{"value":22.00,"effectivePickupRadius":5.60,"priorityShipId":1,"isInPool":false},"hypothesisId":"G1"}
{"sessionId":"bac766","timestamp":1773331915759,"location":"Gem.cs:FixedUpdate","message":"Gem found candidate ship","data":{"shipId":1,"dist":4.95,"range":11.21,"isPriority":true},"hypothesisId":"G2"}
{"sessionId":"bac766","timestamp":1773331915856,"location":"Gem.cs:FixedUpdate","message":"Gem attraction tick","data":{"value":22.00,"effectivePickupRadius":5.60,"priorityShipId":1,"isInPool":false},"hypothesisId":"G1"}
{"sessionId":"bac766","timestamp":1773331915856,"location":"Gem.cs:FixedUpdate","message":"Gem found candidate ship","data":{"shipId":1,"dist":3.33,"range":11.21,"isPriority":true},"hypothesisId":"G2"}
{"sessionId":"bac766","timestamp":1773331915857,"location":"Gem.cs:FixedUpdate","message":"Gem attraction tick","data":{"value":22.00,"effectivePickupRadius":5.60,"priorityShipId":1,"isInPool":false},"hypothesisId":"G1"}
{"sessionId":"bac766","timestamp":1773331915857,"location":"Gem.cs:FixedUpdate","message":"Gem found candidate ship","data":{"shipId":1,"dist":0.12,"range":11.21,"isPriority":true},"hypothesisId":"G2"}
{"sessionId":"bac766","timestamp":1773331915857,"location":"Gem.cs:FixedUpdate","message":"Gem collecting to ship","data":{"shipId":1,"dist":0.12,"collectRadius":0.60,"value":22.00},"hypothesisId":"G3"}
{"sessionId":"bac766","timestamp":1773331915862,"location":"Gem.cs:FixedUpdate","message":"Gem attraction tick","data":{"value":22.00,"effectivePickupRadius":5.60,"priorityShipId":1,"isInPool":false},"hypothesisId":"G1"}
{"sessionId":"bac766","timestamp":1773331915901,"location":"Gem.cs:FixedUpdate","message":"Gem attraction tick","data":{"value":22.00,"effectivePickupRadius":5.60,"priorityShipId":1,"isInPool":false},"hypothesisId":"G1"}
{"sessionId":"bac766","timestamp":1773331915901,"location":"Gem.cs:FixedUpdate","message":"Gem attraction tick","data":{"value":22.00,"effectivePickupRadius":5.60,"priorityShipId":1,"isInPool":false},"hypothesisId":"G1"}
{"sessionId":"bac766","timestamp":1773331915939,"location":"Gem.cs:FixedUpdate","message":"Gem attraction tick","data":{"value":22.00,"effectivePickupRadius":5.60,"priorityShipId":1,"isInPool":false},"hypothesisId":"G1"}
{"sessionId":"bac766","timestamp":1773331915939,"location":"Gem.cs:FixedUpdate","message":"Gem attraction tick","data":{"value":22.00,"effectivePickupRadius":5.60,"priorityShipId":1,"isInPool":false},"hypothesisId":"G1"}
{"sessionId":"bac766","timestamp":1773331915982,"location":"Gem.cs:FixedUpdate","message":"Gem attraction tick","data":{"value":22.00,"effectivePickupRadius":5.60,"priorityShipId":1,"isInPool":false},"hypothesisId":"G1"}
{"sessionId":"bac766","timestamp":1773331915982,"location":"Gem.cs:FixedUpdate","message":"Gem attraction tick","data":{"value":22.00,"effectivePickupRadius":5.60,"priorityShipId":1,"isInPool":false},"hypothesisId":"G1"}
{"sessionId":"bac766","timestamp":1773331916014,"location":"Gem.cs:FixedUpdate","message":"Gem attraction tick","data":{"value":22.00,"effectivePickupRadius":5.60,"priorityShipId":1,"isInPool":false},"hypothesisId":"G1"}
{"sessionId":"bac766","timestamp":1773331916014,"location":"Gem.cs:FixedUpdate","message":"Gem attraction tick","data":{"value":22.00,"effectivePickupRadius":5.60,"priorityShipId":1,"isInPool":false},"hypothesisId":"G1"}
{"sessionId":"bac766","timestamp":1773331916080,"location":"Gem.cs:FixedUpdate","message":"Gem attraction tick","data":{"value":22.00,"effectivePickupRadius":5.60,"priorityShipId":1,"isInPool":false},"hypothesisId":"G1"}
{"sessionId":"bac766","timestamp":1773331916081,"location":"Gem.cs:FixedUpdate","message":"Gem attraction tick","data":{"value":22.00,"effectivePickupRadius":5.60,"priorityShipId":1,"isInPool":false},"hypothesisId":"G1"}
{"sessionId":"bac766","timestamp":1773331916113,"location":"Gem.cs:FixedUpdate","message":"Gem attraction tick","data":{"value":22.00,"effectivePickupRadius":5.60,"priorityShipId":1,"isInPool":false},"hypothesisId":"G1"}
{"sessionId":"bac766","timestamp":1773331916113,"location":"Gem.cs:FixedUpdate","message":"Gem attraction tick","data":{"value":22.00,"effectivePickupRadius":5.60,"priorityShipId":1,"isInPool":false},"hypothesisId":"G1"}
{"sessionId":"bac766","timestamp":1773331916181,"location":"Gem.cs:FixedUpdate","message":"Gem attraction tick","data":{"value":22.00,"effectivePickupRadius":5.60,"priorityShipId":1,"isInPool":false},"hypothesisId":"G1"}
{"sessionId":"bac766","timestamp":1773331916182,"location":"Gem.cs:FixedUpdate","message":"Gem attraction tick","data":{"value":22.00,"effectivePickupRadius":5.60,"priorityShipId":1,"isInPool":false},"hypothesisId":"G1"}
{"sessionId":"bac766","timestamp":1773331916215,"location":"Gem.cs:FixedUpdate","message":"Gem attraction tick","data":{"value":22.00,"effectivePickupRadius":5.60,"priorityShipId":1,"isInPool":false},"hypothesisId":"G1"}
{"sessionId":"bac766","timestamp":1773331916215,"location":"Gem.cs:FixedUpdate","message":"Gem attraction tick","data":{"value":22.00,"effectivePickupRadius":5.60,"priorityShipId":1,"isInPool":false},"hypothesisId":"G1"}
{"sessionId":"bac766","timestamp":1773331916253,"location":"Gem.cs:FixedUpdate","message":"Gem attraction tick","data":{"value":22.00,"effectivePickupRadius":5.60,"priorityShipId":1,"isInPool":false},"hypothesisId":"G1"}
{"sessionId":"bac766","timestamp":1773331916254,"location":"Gem.cs:FixedUpdate","message":"Gem attraction tick","data":{"value":22.00,"effectivePickupRadius":5.60,"priorityShipId":1,"isInPool":false},"hypothesisId":"G1"}
{"sessionId":"bac766","timestamp":1773331916290,"location":"Gem.cs:FixedUpdate","message":"Gem attraction tick","data":{"value":22.00,"effectivePickupRadius":5.60,"priorityShipId":1,"isInPool":false},"hypothesisId":"G1"}
{"sessionId":"bac766","timestamp":1773331916290,"location":"Gem.cs:FixedUpdate","message":"Gem attraction tick","data":{"value":22.00,"effectivePickupRadius":5.60,"priorityShipId":1,"isInPool":false},"hypothesisId":"G1"}
{"sessionId":"bac766","timestamp":1773331916398,"location":"Gem.cs:FixedUpdate","message":"Gem attraction tick","data":{"value":22.00,"effectivePickupRadius":5.60,"priorityShipId":1,"isInPool":false},"hypothesisId":"G1"}
{"sessionId":"bac766","timestamp":1773331916399,"location":"Gem.cs:FixedUpdate","message":"Gem attraction tick","data":{"value":22.00,"effectivePickupRadius":5.60,"priorityShipId":1,"isInPool":false},"hypothesisId":"G1"}
{"sessionId":"bac766","timestamp":1773331916437,"location":"Gem.cs:FixedUpdate","message":"Gem attraction tick","data":{"value":22.00,"effectivePickupRadius":5.60,"priorityShipId":1,"isInPool":false},"hypothesisId":"G1"}
{"sessionId":"bac766","timestamp":1773331916437,"location":"Gem.cs:FixedUpdate","message":"Gem attraction tick","data":{"value":22.00,"effectivePickupRadius":5.60,"priorityShipId":1,"isInPool":false},"hypothesisId":"G1"}
{"sessionId":"bac766","timestamp":1773331916462,"location":"PlanetConnectionSystem.RecomputeGraph","message":"edges and triangles","data":{"edges":0,"triangles":0,"durationMs":1.495361},"hypothesisId":"D"}
{"sessionId":"bac766","timestamp":1773331916475,"location":"Gem.cs:FixedUpdate","message":"Gem attraction tick","data":{"value":22.00,"effectivePickupRadius":5.60,"priorityShipId":1,"isInPool":false},"hypothesisId":"G1"}
{"sessionId":"bac766","timestamp":1773331916476,"location":"Gem.cs:FixedUpdate","message":"Gem attraction tick","data":{"value":22.00,"effectivePickupRadius":5.60,"priorityShipId":1,"isInPool":false},"hypothesisId":"G1"}
{"sessionId":"bac766","timestamp":1773331916543,"location":"Gem.cs:FixedUpdate","message":"Gem attraction tick","data":{"value":22.00,"effectivePickupRadius":5.60,"priorityShipId":1,"isInPool":false},"hypothesisId":"G1"}
{"sessionId":"bac766","timestamp":1773331916544,"location":"Gem.cs:FixedUpdate","message":"Gem attraction tick","data":{"value":22.00,"effectivePickupRadius":5.60,"priorityShipId":1,"isInPool":false},"hypothesisId":"G1"}
{"sessionId":"bac766","timestamp":1773331916580,"location":"Gem.cs:FixedUpdate","message":"Gem attraction tick","data":{"value":22.00,"effectivePickupRadius":5.60,"priorityShipId":1,"isInPool":false},"hypothesisId":"G1"}
{"sessionId":"bac766","timestamp":1773331916581,"location":"Gem.cs:FixedUpdate","message":"Gem attraction tick","data":{"value":22.00,"effectivePickupRadius":5.60,"priorityShipId":1,"isInPool":false},"hypothesisId":"G1"}
{"sessionId":"bac766","timestamp":1773331916613,"location":"Gem.cs:FixedUpdate","message":"Gem attraction tick","data":{"value":22.00,"effectivePickupRadius":5.60,"priorityShipId":1,"isInPool":false},"hypothesisId":"G1"}
{"sessionId":"bac766","timestamp":1773331916614,"location":"Gem.cs:FixedUpdate","message":"Gem attraction tick","data":{"value":22.00,"effectivePickupRadius":5.60,"priorityShipId":1,"isInPool":false},"hypothesisId":"G1"}
{"sessionId":"bac766","timestamp":1773331916620,"location":"GameManager.Update","message":"object counts","data":{"bullets":0,"gems":2,"asteroids":299,"starships":1},"hypothesisId":"E"}
{"sessionId":"bac766","timestamp":1773331916655,"location":"Gem.cs:FixedUpdate","message":"Gem attraction tick","data":{"value":22.00,"effectivePickupRadius":5.60,"priorityShipId":1,"isInPool":false},"hypothesisId":"G1"}
{"sessionId":"bac766","timestamp":1773331916655,"location":"Gem.cs:FixedUpdate","message":"Gem attraction tick","data":{"value":22.00,"effectivePickupRadius":5.60,"priorityShipId":1,"isInPool":false},"hypothesisId":"G1"}
{"sessionId":"bac766","timestamp":1773331916690,"location":"Gem.cs:FixedUpdate","message":"Gem attraction tick","data":{"value":22.00,"effectivePickupRadius":5.60,"priorityShipId":1,"isInPool":false},"hypothesisId":"G1"}
{"sessionId":"bac766","timestamp":1773331916692,"location":"Gem.cs:FixedUpdate","message":"Gem attraction tick","data":{"value":22.00,"effectivePickupRadius":5.60,"priorityShipId":1,"isInPool":false},"hypothesisId":"G1"}
{"sessionId":"bac766","timestamp":1773331916734,"location":"GameManager.Update","message":"frame timing","data":{"frame":660,"realtime":36.95098,"deltaTime":0.0169773,"fps":58.9022},"hypothesisId":"C"}
{"sessionId":"bac766","timestamp":1773331916771,"location":"Gem.cs:FixedUpdate","message":"Gem attraction tick","data":{"value":22.00,"effectivePickupRadius":5.60,"priorityShipId":1,"isInPool":false},"hypothesisId":"G1"}
{"sessionId":"bac766","timestamp":1773331916772,"location":"Gem.cs:FixedUpdate","message":"Gem attraction tick","data":{"value":22.00,"effectivePickupRadius":5.60,"priorityShipId":1,"isInPool":false},"hypothesisId":"G1"}
{"sessionId":"bac766","timestamp":1773331916804,"location":"Gem.cs:FixedUpdate","message":"Gem attraction tick","data":{"value":22.00,"effectivePickupRadius":5.60,"priorityShipId":1,"isInPool":false},"hypothesisId":"G1"}
{"sessionId":"bac766","timestamp":1773331916804,"location":"Gem.cs:FixedUpdate","message":"Gem attraction tick","data":{"value":22.00,"effectivePickupRadius":5.60,"priorityShipId":1,"isInPool":false},"hypothesisId":"G1"}
{"sessionId":"bac766","timestamp":1773331916836,"location":"Gem.cs:FixedUpdate","message":"Gem attraction tick","data":{"value":22.00,"effectivePickupRadius":5.60,"priorityShipId":1,"isInPool":false},"hypothesisId":"G1"}
{"sessionId":"bac766","timestamp":1773331916836,"location":"Gem.cs:FixedUpdate","message":"Gem attraction tick","data":{"value":22.00,"effectivePickupRadius":5.60,"priorityShipId":1,"isInPool":false},"hypothesisId":"G1"}
{"sessionId":"bac766","timestamp":1773331916870,"location":"Gem.cs:FixedUpdate","message":"Gem attraction tick","data":{"value":22.00,"effectivePickupRadius":5.60,"priorityShipId":1,"isInPool":false},"hypothesisId":"G1"}
{"sessionId":"bac766","timestamp":1773331916871,"location":"Gem.cs:FixedUpdate","message":"Gem attraction tick","data":{"value":22.00,"effectivePickupRadius":5.60,"priorityShipId":1,"isInPool":false},"hypothesisId":"G1"}
{"sessionId":"bac766","timestamp":1773331916939,"location":"Gem.cs:FixedUpdate","message":"Gem attraction tick","data":{"value":22.00,"effectivePickupRadius":5.60,"priorityShipId":1,"isInPool":false},"hypothesisId":"G1"}
{"sessionId":"bac766","timestamp":1773331916939,"location":"Gem.cs:FixedUpdate","message":"Gem attraction tick","data":{"value":22.00,"effectivePickupRadius":5.60,"priorityShipId":1,"isInPool":false},"hypothesisId":"G1"}
{"sessionId":"bac766","timestamp":1773331916985,"location":"Gem.cs:FixedUpdate","message":"Gem attraction tick","data":{"value":22.00,"effectivePickupRadius":5.60,"priorityShipId":1,"isInPool":false},"hypothesisId":"G1"}
{"sessionId":"bac766","timestamp":1773331916985,"location":"Gem.cs:FixedUpdate","message":"Gem attraction tick","data":{"value":22.00,"effectivePickupRadius":5.60,"priorityShipId":1,"isInPool":false},"hypothesisId":"G1"}
{"sessionId":"bac766","timestamp":1773331917013,"location":"Gem.cs:FixedUpdate","message":"Gem attraction tick","data":{"value":22.00,"effectivePickupRadius":5.60,"priorityShipId":1,"isInPool":false},"hypothesisId":"G1"}
{"sessionId":"bac766","timestamp":1773331917014,"location":"Gem.cs:FixedUpdate","message":"Gem attraction tick","data":{"value":22.00,"effectivePickupRadius":5.60,"priorityShipId":1,"isInPool":false},"hypothesisId":"G1"}
{"sessionId":"bac766","timestamp":1773331917082,"location":"Gem.cs:FixedUpdate","message":"Gem attraction tick","data":{"value":22.00,"effectivePickupRadius":5.60,"priorityShipId":1,"isInPool":false},"hypothesisId":"G1"}
{"sessionId":"bac766","timestamp":1773331917082,"location":"Gem.cs:FixedUpdate","message":"Gem attraction tick","data":{"value":22.00,"effectivePickupRadius":5.60,"priorityShipId":1,"isInPool":false},"hypothesisId":"G1"}
{"sessionId":"bac766","timestamp":1773331917118,"location":"Gem.cs:FixedUpdate","message":"Gem attraction tick","data":{"value":22.00,"effectivePickupRadius":5.60,"priorityShipId":1,"isInPool":false},"hypothesisId":"G1"}
{"sessionId":"bac766","timestamp":1773331917119,"location":"Gem.cs:FixedUpdate","message":"Gem attraction tick","data":{"value":22.00,"effectivePickupRadius":5.60,"priorityShipId":1,"isInPool":false},"hypothesisId":"G1"}
{"sessionId":"bac766","timestamp":1773331917184,"location":"Gem.cs:FixedUpdate","message":"Gem attraction tick","data":{"value":22.00,"effectivePickupRadius":5.60,"priorityShipId":1,"isInPool":false},"hypothesisId":"G1"}
{"sessionId":"bac766","timestamp":1773331917185,"location":"Gem.cs:FixedUpdate","message":"Gem attraction tick","data":{"value":22.00,"effectivePickupRadius":5.60,"priorityShipId":1,"isInPool":false},"hypothesisId":"G1"}
{"sessionId":"bac766","timestamp":1773331917218,"location":"Gem.cs:FixedUpdate","message":"Gem attraction tick","data":{"value":22.00,"effectivePickupRadius":5.60,"priorityShipId":1,"isInPool":false},"hypothesisId":"G1"}
{"sessionId":"bac766","timestamp":1773331917220,"location":"Gem.cs:FixedUpdate","message":"Gem attraction tick","data":{"value":22.00,"effectivePickupRadius":5.60,"priorityShipId":1,"isInPool":false},"hypothesisId":"G1"}
{"sessionId":"bac766","timestamp":1773331917250,"location":"Gem.cs:FixedUpdate","message":"Gem attraction tick","data":{"value":22.00,"effectivePickupRadius":5.60,"priorityShipId":1,"isInPool":false},"hypothesisId":"G1"}
{"sessionId":"bac766","timestamp":1773331917250,"location":"Gem.cs:FixedUpdate","message":"Gem attraction tick","data":{"value":22.00,"effectivePickupRadius":5.60,"priorityShipId":1,"isInPool":false},"hypothesisId":"G1"}
{"sessionId":"bac766","timestamp":1773331917319,"location":"Gem.cs:FixedUpdate","message":"Gem attraction tick","data":{"value":22.00,"effectivePickupRadius":5.60,"priorityShipId":1,"isInPool":false},"hypothesisId":"G1"}
{"sessionId":"bac766","timestamp":1773331917319,"location":"Gem.cs:FixedUpdate","message":"Gem attraction tick","data":{"value":22.00,"effectivePickupRadius":5.60,"priorityShipId":1,"isInPool":false},"hypothesisId":"G1"}
{"sessionId":"bac766","timestamp":1773331917355,"location":"Gem.cs:FixedUpdate","message":"Gem attraction tick","data":{"value":22.00,"effectivePickupRadius":5.60,"priorityShipId":1,"isInPool":false},"hypothesisId":"G1"}
{"sessionId":"bac766","timestamp":1773331917355,"location":"Gem.cs:FixedUpdate","message":"Gem attraction tick","data":{"value":22.00,"effectivePickupRadius":5.60,"priorityShipId":1,"isInPool":false},"hypothesisId":"G1"}
{"sessionId":"bac766","timestamp":1773331917419,"location":"Gem.cs:FixedUpdate","message":"Gem attraction tick","data":{"value":22.00,"effectivePickupRadius":5.60,"priorityShipId":1,"isInPool":false},"hypothesisId":"G1"}
{"sessionId":"bac766","timestamp":1773331917420,"location":"Gem.cs:FixedUpdate","message":"Gem attraction tick","data":{"value":22.00,"effectivePickupRadius":5.60,"priorityShipId":1,"isInPool":false},"hypothesisId":"G1"}
{"sessionId":"bac766","timestamp":1773331917456,"location":"Gem.cs:FixedUpdate","message":"Gem attraction tick","data":{"value":22.00,"effectivePickupRadius":5.60,"priorityShipId":1,"isInPool":false},"hypothesisId":"G1"}
{"sessionId":"bac766","timestamp":1773331917456,"location":"Gem.cs:FixedUpdate","message":"Gem attraction tick","data":{"value":22.00,"effectivePickupRadius":5.60,"priorityShipId":1,"isInPool":false},"hypothesisId":"G1"}
{"sessionId":"bac766","timestamp":1773331917489,"location":"Gem.cs:FixedUpdate","message":"Gem attraction tick","data":{"value":22.00,"effectivePickupRadius":5.60,"priorityShipId":1,"isInPool":false},"hypothesisId":"G1"}
{"sessionId":"bac766","timestamp":1773331917490,"location":"Gem.cs:FixedUpdate","message":"Gem attraction tick","data":{"value":22.00,"effectivePickupRadius":5.60,"priorityShipId":1,"isInPool":false},"hypothesisId":"G1"}
{"sessionId":"bac766","timestamp":1773331917563,"location":"Gem.cs:FixedUpdate","message":"Gem attraction tick","data":{"value":22.00,"effectivePickupRadius":5.60,"priorityShipId":1,"isInPool":false},"hypothesisId":"G1"}
{"sessionId":"bac766","timestamp":1773331917564,"location":"Gem.cs:FixedUpdate","message":"Gem attraction tick","data":{"value":22.00,"effectivePickupRadius":5.60,"priorityShipId":1,"isInPool":false},"hypothesisId":"G1"}
{"sessionId":"bac766","timestamp":1773331917599,"location":"Gem.cs:FixedUpdate","message":"Gem attraction tick","data":{"value":22.00,"effectivePickupRadius":5.60,"priorityShipId":1,"isInPool":false},"hypothesisId":"G1"}
{"sessionId":"bac766","timestamp":1773331917600,"location":"Gem.cs:FixedUpdate","message":"Gem attraction tick","data":{"value":22.00,"effectivePickupRadius":5.60,"priorityShipId":1,"isInPool":false},"hypothesisId":"G1"}
{"sessionId":"bac766","timestamp":1773331917630,"location":"Gem.cs:FixedUpdate","message":"Gem attraction tick","data":{"value":22.00,"effectivePickupRadius":5.60,"priorityShipId":1,"isInPool":false},"hypothesisId":"G1"}
{"sessionId":"bac766","timestamp":1773331917631,"location":"Gem.cs:FixedUpdate","message":"Gem attraction tick","data":{"value":22.00,"effectivePickupRadius":5.60,"priorityShipId":1,"isInPool":false},"hypothesisId":"G1"}
{"sessionId":"bac766","timestamp":1773331917667,"location":"Gem.cs:FixedUpdate","message":"Gem attraction tick","data":{"value":22.00,"effectivePickupRadius":5.60,"priorityShipId":1,"isInPool":false},"hypothesisId":"G1"}
{"sessionId":"bac766","timestamp":1773331917667,"location":"Gem.cs:FixedUpdate","message":"Gem attraction tick","data":{"value":22.00,"effectivePickupRadius":5.60,"priorityShipId":1,"isInPool":false},"hypothesisId":"G1"}
{"sessionId":"bac766","timestamp":1773331917698,"location":"Gem.cs:FixedUpdate","message":"Gem attraction tick","data":{"value":22.00,"effectivePickupRadius":5.60,"priorityShipId":1,"isInPool":false},"hypothesisId":"G1"}
{"sessionId":"bac766","timestamp":1773331917699,"location":"Gem.cs:FixedUpdate","message":"Gem attraction tick","data":{"value":22.00,"effectivePickupRadius":5.60,"priorityShipId":1,"isInPool":false},"hypothesisId":"G1"}
{"sessionId":"bac766","timestamp":1773331917737,"location":"Gem.cs:FixedUpdate","message":"Gem attraction tick","data":{"value":22.00,"effectivePickupRadius":5.60,"priorityShipId":1,"isInPool":false},"hypothesisId":"G1"}
{"sessionId":"bac766","timestamp":1773331917738,"location":"Gem.cs:FixedUpdate","message":"Gem attraction tick","data":{"value":22.00,"effectivePickupRadius":5.60,"priorityShipId":1,"isInPool":false},"hypothesisId":"G1"}
{"sessionId":"bac766","timestamp":1773331917767,"location":"MinimapController.UpdateBlips","message":"blip and cache counts","data":{"blips":149,"edgeMarkers":20,"markerEdgeMarkers":0,"cachedShips":1,"cachedPlanets":20,"cachedAsteroids":299,"cachedMarkers":0,"durationMs":0},"hypothesisId":"B"}
{"sessionId":"bac766","timestamp":1773331917768,"location":"GameManager.Update","message":"frame timing","data":{"frame":720,"realtime":37.98529,"deltaTime":0.0134416,"fps":74.39589},"hypothesisId":"C"}
{"sessionId":"bac766","timestamp":1773331917803,"location":"Gem.cs:FixedUpdate","message":"Gem attraction tick","data":{"value":22.00,"effectivePickupRadius":5.60,"priorityShipId":1,"isInPool":false},"hypothesisId":"G1"}
{"sessionId":"bac766","timestamp":1773331917803,"location":"Gem.cs:FixedUpdate","message":"Gem attraction tick","data":{"value":22.00,"effectivePickupRadius":5.60,"priorityShipId":1,"isInPool":false},"hypothesisId":"G1"}
{"sessionId":"bac766","timestamp":1773331917839,"location":"Gem.cs:FixedUpdate","message":"Gem attraction tick","data":{"value":22.00,"effectivePickupRadius":5.60,"priorityShipId":1,"isInPool":false},"hypothesisId":"G1"}
{"sessionId":"bac766","timestamp":1773331917839,"location":"Gem.cs:FixedUpdate","message":"Gem attraction tick","data":{"value":22.00,"effectivePickupRadius":5.60,"priorityShipId":1,"isInPool":false},"hypothesisId":"G1"}
{"sessionId":"bac766","timestamp":1773331917871,"location":"Gem.cs:FixedUpdate","message":"Gem attraction tick","data":{"value":22.00,"effectivePickupRadius":5.60,"priorityShipId":1,"isInPool":false},"hypothesisId":"G1"}
{"sessionId":"bac766","timestamp":1773331917872,"location":"Gem.cs:FixedUpdate","message":"Gem attraction tick","data":{"value":22.00,"effectivePickupRadius":5.60,"priorityShipId":1,"isInPool":false},"hypothesisId":"G1"}
{"sessionId":"bac766","timestamp":1773331917912,"location":"Gem.cs:FixedUpdate","message":"Gem attraction tick","data":{"value":22.00,"effectivePickupRadius":5.60,"priorityShipId":1,"isInPool":false},"hypothesisId":"G1"}
{"sessionId":"bac766","timestamp":1773331917912,"location":"Gem.cs:FixedUpdate","message":"Gem attraction tick","data":{"value":22.00,"effectivePickupRadius":5.60,"priorityShipId":1,"isInPool":false},"hypothesisId":"G1"}
{"sessionId":"bac766","timestamp":1773331917915,"location":"Gem.cs:FixedUpdate","message":"Gem attraction tick","data":{"value":22.00,"effectivePickupRadius":5.60,"priorityShipId":1,"isInPool":false},"hypothesisId":"G1"}
{"sessionId":"bac766","timestamp":1773331917916,"location":"Gem.cs:FixedUpdate","message":"Gem attraction tick","data":{"value":22.00,"effectivePickupRadius":5.60,"priorityShipId":1,"isInPool":false},"hypothesisId":"G1"}
{"sessionId":"bac766","timestamp":1773331917981,"location":"Gem.cs:FixedUpdate","message":"Gem attraction tick","data":{"value":22.00,"effectivePickupRadius":5.60,"priorityShipId":1,"isInPool":false},"hypothesisId":"G1"}
{"sessionId":"bac766","timestamp":1773331917981,"location":"Gem.cs:FixedUpdate","message":"Gem attraction tick","data":{"value":22.00,"effectivePickupRadius":5.60,"priorityShipId":1,"isInPool":false},"hypothesisId":"G1"}
{"sessionId":"bac766","timestamp":1773331918011,"location":"Gem.cs:FixedUpdate","message":"Gem attraction tick","data":{"value":22.00,"effectivePickupRadius":5.60,"priorityShipId":1,"isInPool":false},"hypothesisId":"G1"}
{"sessionId":"bac766","timestamp":1773331918011,"location":"Gem.cs:FixedUpdate","message":"Gem attraction tick","data":{"value":22.00,"effectivePickupRadius":5.60,"priorityShipId":1,"isInPool":false},"hypothesisId":"G1"}
{"sessionId":"bac766","timestamp":1773331918049,"location":"Gem.cs:FixedUpdate","message":"Gem attraction tick","data":{"value":22.00,"effectivePickupRadius":5.60,"priorityShipId":1,"isInPool":false},"hypothesisId":"G1"}
{"sessionId":"bac766","timestamp":1773331918050,"location":"Gem.cs:FixedUpdate","message":"Gem attraction tick","data":{"value":22.00,"effectivePickupRadius":5.60,"priorityShipId":1,"isInPool":false},"hypothesisId":"G1"}
{"sessionId":"bac766","timestamp":1773331918081,"location":"Gem.cs:FixedUpdate","message":"Gem attraction tick","data":{"value":22.00,"effectivePickupRadius":5.60,"priorityShipId":1,"isInPool":false},"hypothesisId":"G1"}
{"sessionId":"bac766","timestamp":1773331918081,"location":"Gem.cs:FixedUpdate","message":"Gem attraction tick","data":{"value":22.00,"effectivePickupRadius":5.60,"priorityShipId":1,"isInPool":false},"hypothesisId":"G1"}
{"sessionId":"bac766","timestamp":1773331918118,"location":"Gem.cs:FixedUpdate","message":"Gem attraction tick","data":{"value":22.00,"effectivePickupRadius":5.60,"priorityShipId":1,"isInPool":false},"hypothesisId":"G1"}
{"sessionId":"bac766","timestamp":1773331918119,"location":"Gem.cs:FixedUpdate","message":"Gem attraction tick","data":{"value":22.00,"effectivePickupRadius":5.60,"priorityShipId":1,"isInPool":false},"hypothesisId":"G1"}
{"sessionId":"bac766","timestamp":1773331918151,"location":"Gem.cs:FixedUpdate","message":"Gem attraction tick","data":{"value":22.00,"effectivePickupRadius":5.60,"priorityShipId":1,"isInPool":false},"hypothesisId":"G1"}
{"sessionId":"bac766","timestamp":1773331918152,"location":"Gem.cs:FixedUpdate","message":"Gem attraction tick","data":{"value":22.00,"effectivePickupRadius":5.60,"priorityShipId":1,"isInPool":false},"hypothesisId":"G1"}
{"sessionId":"bac766","timestamp":1773331918187,"location":"Gem.cs:FixedUpdate","message":"Gem attraction tick","data":{"value":22.00,"effectivePickupRadius":5.60,"priorityShipId":1,"isInPool":false},"hypothesisId":"G1"}
{"sessionId":"bac766","timestamp":1773331918188,"location":"Gem.cs:FixedUpdate","message":"Gem attraction tick","data":{"value":22.00,"effectivePickupRadius":5.60,"priorityShipId":1,"isInPool":false},"hypothesisId":"G1"}
{"sessionId":"bac766","timestamp":1773331918219,"location":"Gem.cs:FixedUpdate","message":"Gem attraction tick","data":{"value":22.00,"effectivePickupRadius":5.60,"priorityShipId":1,"isInPool":false},"hypothesisId":"G1"}
{"sessionId":"bac766","timestamp":1773331918220,"location":"Gem.cs:FixedUpdate","message":"Gem attraction tick","data":{"value":22.00,"effectivePickupRadius":5.60,"priorityShipId":1,"isInPool":false},"hypothesisId":"G1"}
{"sessionId":"bac766","timestamp":1773331918255,"location":"Gem.cs:FixedUpdate","message":"Gem attraction tick","data":{"value":22.00,"effectivePickupRadius":5.60,"priorityShipId":1,"isInPool":false},"hypothesisId":"G1"}
{"sessionId":"bac766","timestamp":1773331918257,"location":"Gem.cs:FixedUpdate","message":"Gem attraction tick","data":{"value":22.00,"effectivePickupRadius":5.60,"priorityShipId":1,"isInPool":false},"hypothesisId":"G1"}
{"sessionId":"bac766","timestamp":1773331918295,"location":"Gem.cs:FixedUpdate","message":"Gem attraction tick","data":{"value":22.00,"effectivePickupRadius":5.60,"priorityShipId":1,"isInPool":false},"hypothesisId":"G1"}
{"sessionId":"bac766","timestamp":1773331918295,"location":"Gem.cs:FixedUpdate","message":"Gem attraction tick","data":{"value":22.00,"effectivePickupRadius":5.60,"priorityShipId":1,"isInPool":false},"hypothesisId":"G1"}
{"sessionId":"bac766","timestamp":1773331918330,"location":"Gem.cs:FixedUpdate","message":"Gem attraction tick","data":{"value":22.00,"effectivePickupRadius":5.60,"priorityShipId":1,"isInPool":false},"hypothesisId":"G1"}
{"sessionId":"bac766","timestamp":1773331918331,"location":"Gem.cs:FixedUpdate","message":"Gem attraction tick","data":{"value":22.00,"effectivePickupRadius":5.60,"priorityShipId":1,"isInPool":false},"hypothesisId":"G1"}
{"sessionId":"bac766","timestamp":1773331918368,"location":"Gem.cs:FixedUpdate","message":"Gem attraction tick","data":{"value":22.00,"effectivePickupRadius":5.60,"priorityShipId":1,"isInPool":false},"hypothesisId":"G1"}
{"sessionId":"bac766","timestamp":1773331918368,"location":"Gem.cs:FixedUpdate","message":"Gem attraction tick","data":{"value":22.00,"effectivePickupRadius":5.60,"priorityShipId":1,"isInPool":false},"hypothesisId":"G1"}
{"sessionId":"bac766","timestamp":1773331918397,"location":"Gem.cs:FixedUpdate","message":"Gem attraction tick","data":{"value":22.00,"effectivePickupRadius":5.60,"priorityShipId":1,"isInPool":false},"hypothesisId":"G1"}
{"sessionId":"bac766","timestamp":1773331918398,"location":"Gem.cs:FixedUpdate","message":"Gem attraction tick","data":{"value":22.00,"effectivePickupRadius":5.60,"priorityShipId":1,"isInPool":false},"hypothesisId":"G1"}
{"sessionId":"bac766","timestamp":1773331918434,"location":"Gem.cs:FixedUpdate","message":"Gem attraction tick","data":{"value":22.00,"effectivePickupRadius":5.60,"priorityShipId":1,"isInPool":false},"hypothesisId":"G1"}
{"sessionId":"bac766","timestamp":1773331918434,"location":"Gem.cs:FixedUpdate","message":"Gem attraction tick","data":{"value":22.00,"effectivePickupRadius":5.60,"priorityShipId":1,"isInPool":false},"hypothesisId":"G1"}
{"sessionId":"bac766","timestamp":1773331918498,"location":"Gem.cs:FixedUpdate","message":"Gem attraction tick","data":{"value":22.00,"effectivePickupRadius":5.60,"priorityShipId":1,"isInPool":false},"hypothesisId":"G1"}
{"sessionId":"bac766","timestamp":1773331918498,"location":"Gem.cs:FixedUpdate","message":"Gem attraction tick","data":{"value":22.00,"effectivePickupRadius":5.60,"priorityShipId":1,"isInPool":false},"hypothesisId":"G1"}
{"sessionId":"bac766","timestamp":1773331918537,"location":"Gem.cs:FixedUpdate","message":"Gem attraction tick","data":{"value":22.00,"effectivePickupRadius":5.60,"priorityShipId":1,"isInPool":false},"hypothesisId":"G1"}
{"sessionId":"bac766","timestamp":1773331918537,"location":"Gem.cs:FixedUpdate","message":"Gem attraction tick","data":{"value":22.00,"effectivePickupRadius":5.60,"priorityShipId":1,"isInPool":false},"hypothesisId":"G1"}
{"sessionId":"bac766","timestamp":1773331918602,"location":"Gem.cs:FixedUpdate","message":"Gem attraction tick","data":{"value":22.00,"effectivePickupRadius":5.60,"priorityShipId":1,"isInPool":false},"hypothesisId":"G1"}
{"sessionId":"bac766","timestamp":1773331918602,"location":"Gem.cs:FixedUpdate","message":"Gem attraction tick","data":{"value":22.00,"effectivePickupRadius":5.60,"priorityShipId":1,"isInPool":false},"hypothesisId":"G1"}
{"sessionId":"bac766","timestamp":1773331918626,"location":"GameManager.Update","message":"object counts","data":{"bullets":0,"gems":2,"asteroids":299,"starships":1},"hypothesisId":"E"}
{"sessionId":"bac766","timestamp":1773331918638,"location":"Gem.cs:FixedUpdate","message":"Gem attraction tick","data":{"value":22.00,"effectivePickupRadius":5.60,"priorityShipId":1,"isInPool":false},"hypothesisId":"G1"}
{"sessionId":"bac766","timestamp":1773331918639,"location":"Gem.cs:FixedUpdate","message":"Gem attraction tick","data":{"value":22.00,"effectivePickupRadius":5.60,"priorityShipId":1,"isInPool":false},"hypothesisId":"G1"}
{"sessionId":"bac766","timestamp":1773331918702,"location":"Gem.cs:FixedUpdate","message":"Gem attraction tick","data":{"value":22.00,"effectivePickupRadius":5.60,"priorityShipId":1,"isInPool":false},"hypothesisId":"G1"}
{"sessionId":"bac766","timestamp":1773331918703,"location":"Gem.cs:FixedUpdate","message":"Gem attraction tick","data":{"value":22.00,"effectivePickupRadius":5.60,"priorityShipId":1,"isInPool":false},"hypothesisId":"G1"}
{"sessionId":"bac766","timestamp":1773331918735,"location":"Gem.cs:FixedUpdate","message":"Gem attraction tick","data":{"value":22.00,"effectivePickupRadius":5.60,"priorityShipId":1,"isInPool":false},"hypothesisId":"G1"}
{"sessionId":"bac766","timestamp":1773331918735,"location":"Gem.cs:FixedUpdate","message":"Gem attraction tick","data":{"value":22.00,"effectivePickupRadius":5.60,"priorityShipId":1,"isInPool":false},"hypothesisId":"G1"}
{"sessionId":"bac766","timestamp":1773331918772,"location":"Gem.cs:FixedUpdate","message":"Gem attraction tick","data":{"value":22.00,"effectivePickupRadius":5.60,"priorityShipId":1,"isInPool":false},"hypothesisId":"G1"}
{"sessionId":"bac766","timestamp":1773331918775,"location":"Gem.cs:FixedUpdate","message":"Gem attraction tick","data":{"value":22.00,"effectivePickupRadius":5.60,"priorityShipId":1,"isInPool":false},"hypothesisId":"G1"}
{"sessionId":"bac766","timestamp":1773331918815,"location":"Gem.cs:FixedUpdate","message":"Gem attraction tick","data":{"value":22.00,"effectivePickupRadius":5.60,"priorityShipId":1,"isInPool":false},"hypothesisId":"G1"}
{"sessionId":"bac766","timestamp":1773331918816,"location":"Gem.cs:FixedUpdate","message":"Gem attraction tick","data":{"value":22.00,"effectivePickupRadius":5.60,"priorityShipId":1,"isInPool":false},"hypothesisId":"G1"}
{"sessionId":"bac766","timestamp":1773331918819,"location":"GameManager.Update","message":"frame timing","data":{"frame":780,"realtime":39.03677,"deltaTime":0.0229916,"fps":43.49415},"hypothesisId":"C"}
{"sessionId":"bac766","timestamp":1773331918879,"location":"Gem.cs:FixedUpdate","message":"Gem attraction tick","data":{"value":22.00,"effectivePickupRadius":5.60,"priorityShipId":1,"isInPool":false},"hypothesisId":"G1"}
{"sessionId":"bac766","timestamp":1773331918879,"location":"Gem.cs:FixedUpdate","message":"Gem attraction tick","data":{"value":22.00,"effectivePickupRadius":5.60,"priorityShipId":1,"isInPool":false},"hypothesisId":"G1"}
{"sessionId":"bac766","timestamp":1773331918912,"location":"Gem.cs:FixedUpdate","message":"Gem attraction tick","data":{"value":22.00,"effectivePickupRadius":5.60,"priorityShipId":1,"isInPool":false},"hypothesisId":"G1"}
{"sessionId":"bac766","timestamp":1773331918912,"location":"Gem.cs:FixedUpdate","message":"Gem attraction tick","data":{"value":22.00,"effectivePickupRadius":5.60,"priorityShipId":1,"isInPool":false},"hypothesisId":"G1"}
{"sessionId":"bac766","timestamp":1773331918953,"location":"Gem.cs:FixedUpdate","message":"Gem attraction tick","data":{"value":22.00,"effectivePickupRadius":5.60,"priorityShipId":1,"isInPool":false},"hypothesisId":"G1"}
{"sessionId":"bac766","timestamp":1773331918953,"location":"Gem.cs:FixedUpdate","message":"Gem attraction tick","data":{"value":22.00,"effectivePickupRadius":5.60,"priorityShipId":1,"isInPool":false},"hypothesisId":"G1"}
{"sessionId":"bac766","timestamp":1773331918957,"location":"Gem.cs:FixedUpdate","message":"Gem attraction tick","data":{"value":22.00,"effectivePickupRadius":5.60,"priorityShipId":1,"isInPool":false},"hypothesisId":"G1"}
{"sessionId":"bac766","timestamp":1773331918957,"location":"Gem.cs:FixedUpdate","message":"Gem attraction tick","data":{"value":22.00,"effectivePickupRadius":5.60,"priorityShipId":1,"isInPool":false},"hypothesisId":"G1"}
{"sessionId":"bac766","timestamp":1773331918993,"location":"Gem.cs:FixedUpdate","message":"Gem attraction tick","data":{"value":22.00,"effectivePickupRadius":5.60,"priorityShipId":1,"isInPool":false},"hypothesisId":"G1"}
{"sessionId":"bac766","timestamp":1773331918993,"location":"Gem.cs:FixedUpdate","message":"Gem attraction tick","data":{"value":22.00,"effectivePickupRadius":5.60,"priorityShipId":1,"isInPool":false},"hypothesisId":"G1"}
{"sessionId":"bac766","timestamp":1773331919030,"location":"Gem.cs:FixedUpdate","message":"Gem attraction tick","data":{"value":22.00,"effectivePickupRadius":5.60,"priorityShipId":1,"isInPool":false},"hypothesisId":"G1"}
{"sessionId":"bac766","timestamp":1773331919031,"location":"Gem.cs:FixedUpdate","message":"Gem attraction tick","data":{"value":22.00,"effectivePickupRadius":5.60,"priorityShipId":1,"isInPool":false},"hypothesisId":"G1"}
{"sessionId":"bac766","timestamp":1773331919061,"location":"Gem.cs:FixedUpdate","message":"Gem attraction tick","data":{"value":22.00,"effectivePickupRadius":5.60,"priorityShipId":1,"isInPool":false},"hypothesisId":"G1"}
{"sessionId":"bac766","timestamp":1773331919061,"location":"Gem.cs:FixedUpdate","message":"Gem attraction tick","data":{"value":22.00,"effectivePickupRadius":5.60,"priorityShipId":1,"isInPool":false},"hypothesisId":"G1"}
{"sessionId":"bac766","timestamp":1773331919104,"location":"Gem.cs:FixedUpdate","message":"Gem attraction tick","data":{"value":22.00,"effectivePickupRadius":5.60,"priorityShipId":1,"isInPool":false},"hypothesisId":"G1"}
{"sessionId":"bac766","timestamp":1773331919105,"location":"Gem.cs:FixedUpdate","message":"Gem attraction tick","data":{"value":22.00,"effectivePickupRadius":5.60,"priorityShipId":1,"isInPool":false},"hypothesisId":"G1"}
{"sessionId":"bac766","timestamp":1773331919136,"location":"Gem.cs:FixedUpdate","message":"Gem attraction tick","data":{"value":22.00,"effectivePickupRadius":5.60,"priorityShipId":1,"isInPool":false},"hypothesisId":"G1"}
{"sessionId":"bac766","timestamp":1773331919137,"location":"Gem.cs:FixedUpdate","message":"Gem attraction tick","data":{"value":22.00,"effectivePickupRadius":5.60,"priorityShipId":1,"isInPool":false},"hypothesisId":"G1"}
{"sessionId":"bac766","timestamp":1773331919171,"location":"Gem.cs:FixedUpdate","message":"Gem attraction tick","data":{"value":22.00,"effectivePickupRadius":5.60,"priorityShipId":1,"isInPool":false},"hypothesisId":"G1"}
{"sessionId":"bac766","timestamp":1773331919172,"location":"Gem.cs:FixedUpdate","message":"Gem attraction tick","data":{"value":22.00,"effectivePickupRadius":5.60,"priorityShipId":1,"isInPool":false},"hypothesisId":"G1"}
{"sessionId":"bac766","timestamp":1773331919212,"location":"Gem.cs:FixedUpdate","message":"Gem attraction tick","data":{"value":22.00,"effectivePickupRadius":5.60,"priorityShipId":1,"isInPool":false},"hypothesisId":"G1"}
{"sessionId":"bac766","timestamp":1773331919213,"location":"Gem.cs:FixedUpdate","message":"Gem attraction tick","data":{"value":22.00,"effectivePickupRadius":5.60,"priorityShipId":1,"isInPool":false},"hypothesisId":"G1"}
{"sessionId":"bac766","timestamp":1773331919216,"location":"Gem.cs:FixedUpdate","message":"Gem attraction tick","data":{"value":22.00,"effectivePickupRadius":5.60,"priorityShipId":1,"isInPool":false},"hypothesisId":"G1"}
{"sessionId":"bac766","timestamp":1773331919216,"location":"Gem.cs:FixedUpdate","message":"Gem attraction tick","data":{"value":22.00,"effectivePickupRadius":5.60,"priorityShipId":1,"isInPool":false},"hypothesisId":"G1"}
{"sessionId":"bac766","timestamp":1773331919250,"location":"Gem.cs:FixedUpdate","message":"Gem attraction tick","data":{"value":22.00,"effectivePickupRadius":5.60,"priorityShipId":1,"isInPool":false},"hypothesisId":"G1"}
{"sessionId":"bac766","timestamp":1773331919251,"location":"Gem.cs:FixedUpdate","message":"Gem attraction tick","data":{"value":22.00,"effectivePickupRadius":5.60,"priorityShipId":1,"isInPool":false},"hypothesisId":"G1"}
{"sessionId":"bac766","timestamp":1773331919290,"location":"Gem.cs:FixedUpdate","message":"Gem attraction tick","data":{"value":22.00,"effectivePickupRadius":5.60,"priorityShipId":1,"isInPool":false},"hypothesisId":"G1"}
{"sessionId":"bac766","timestamp":1773331919292,"location":"Gem.cs:FixedUpdate","message":"Gem attraction tick","data":{"value":22.00,"effectivePickupRadius":5.60,"priorityShipId":1,"isInPool":false},"hypothesisId":"G1"}
{"sessionId":"bac766","timestamp":1773331919322,"location":"Gem.cs:FixedUpdate","message":"Gem attraction tick","data":{"value":22.00,"effectivePickupRadius":5.60,"priorityShipId":1,"isInPool":false},"hypothesisId":"G1"}
{"sessionId":"bac766","timestamp":1773331919322,"location":"Gem.cs:FixedUpdate","message":"Gem attraction tick","data":{"value":22.00,"effectivePickupRadius":5.60,"priorityShipId":1,"isInPool":false},"hypothesisId":"G1"}
{"sessionId":"bac766","timestamp":1773331919355,"location":"Gem.cs:FixedUpdate","message":"Gem attraction tick","data":{"value":22.00,"effectivePickupRadius":5.60,"priorityShipId":1,"isInPool":false},"hypothesisId":"G1"}
{"sessionId":"bac766","timestamp":1773331919356,"location":"Gem.cs:FixedUpdate","message":"Gem attraction tick","data":{"value":22.00,"effectivePickupRadius":5.60,"priorityShipId":1,"isInPool":false},"hypothesisId":"G1"}
{"sessionId":"bac766","timestamp":1773331919390,"location":"Gem.cs:FixedUpdate","message":"Gem attraction tick","data":{"value":22.00,"effectivePickupRadius":5.60,"priorityShipId":1,"isInPool":false},"hypothesisId":"G1"}
{"sessionId":"bac766","timestamp":1773331919391,"location":"Gem.cs:FixedUpdate","message":"Gem attraction tick","data":{"value":22.00,"effectivePickupRadius":5.60,"priorityShipId":1,"isInPool":false},"hypothesisId":"G1"}
{"sessionId":"bac766","timestamp":1773331919435,"location":"Gem.cs:FixedUpdate","message":"Gem attraction tick","data":{"value":22.00,"effectivePickupRadius":5.60,"priorityShipId":1,"isInPool":false},"hypothesisId":"G1"}
{"sessionId":"bac766","timestamp":1773331919435,"location":"Gem.cs:FixedUpdate","message":"Gem attraction tick","data":{"value":22.00,"effectivePickupRadius":5.60,"priorityShipId":1,"isInPool":false},"hypothesisId":"G1"}
{"sessionId":"bac766","timestamp":1773331919469,"location":"PlanetConnectionSystem.RecomputeGraph","message":"edges and triangles","data":{"edges":0,"triangles":0,"durationMs":1.739502},"hypothesisId":"D"}
{"sessionId":"bac766","timestamp":1773331919504,"location":"Gem.cs:FixedUpdate","message":"Gem attraction tick","data":{"value":22.00,"effectivePickupRadius":5.60,"priorityShipId":1,"isInPool":false},"hypothesisId":"G1"}
{"sessionId":"bac766","timestamp":1773331919504,"location":"Gem.cs:FixedUpdate","message":"Gem attraction tick","data":{"value":22.00,"effectivePickupRadius":5.60,"priorityShipId":1,"isInPool":false},"hypothesisId":"G1"}
{"sessionId":"bac766","timestamp":1773331919545,"location":"Gem.cs:FixedUpdate","message":"Gem attraction tick","data":{"value":22.00,"effectivePickupRadius":5.60,"priorityShipId":1,"isInPool":false},"hypothesisId":"G1"}
{"sessionId":"bac766","timestamp":1773331919546,"location":"Gem.cs:FixedUpdate","message":"Gem attraction tick","data":{"value":22.00,"effectivePickupRadius":5.60,"priorityShipId":1,"isInPool":false},"hypothesisId":"G1"}
{"sessionId":"bac766","timestamp":1773331919582,"location":"Gem.cs:FixedUpdate","message":"Gem attraction tick","data":{"value":22.00,"effectivePickupRadius":5.60,"priorityShipId":1,"isInPool":false},"hypothesisId":"G1"}
{"sessionId":"bac766","timestamp":1773331919582,"location":"Gem.cs:FixedUpdate","message":"Gem attraction tick","data":{"value":22.00,"effectivePickupRadius":5.60,"priorityShipId":1,"isInPool":false},"hypothesisId":"G1"}
{"sessionId":"bac766","timestamp":1773331919627,"location":"Gem.cs:FixedUpdate","message":"Gem attraction tick","data":{"value":22.00,"effectivePickupRadius":5.60,"priorityShipId":1,"isInPool":false},"hypothesisId":"G1"}
{"sessionId":"bac766","timestamp":1773331919628,"location":"Gem.cs:FixedUpdate","message":"Gem attraction tick","data":{"value":22.00,"effectivePickupRadius":5.60,"priorityShipId":1,"isInPool":false},"hypothesisId":"G1"}
{"sessionId":"bac766","timestamp":1773331919669,"location":"Gem.cs:FixedUpdate","message":"Gem attraction tick","data":{"value":22.00,"effectivePickupRadius":5.60,"priorityShipId":1,"isInPool":false},"hypothesisId":"G1"}
{"sessionId":"bac766","timestamp":1773331919669,"location":"Gem.cs:FixedUpdate","message":"Gem attraction tick","data":{"value":22.00,"effectivePickupRadius":5.60,"priorityShipId":1,"isInPool":false},"hypothesisId":"G1"}
{"sessionId":"bac766","timestamp":1773331919702,"location":"Gem.cs:FixedUpdate","message":"Gem attraction tick","data":{"value":22.00,"effectivePickupRadius":5.60,"priorityShipId":1,"isInPool":false},"hypothesisId":"G1"}
{"sessionId":"bac766","timestamp":1773331919702,"location":"Gem.cs:FixedUpdate","message":"Gem attraction tick","data":{"value":22.00,"effectivePickupRadius":5.60,"priorityShipId":1,"isInPool":false},"hypothesisId":"G1"}
{"sessionId":"bac766","timestamp":1773331919738,"location":"Gem.cs:FixedUpdate","message":"Gem attraction tick","data":{"value":22.00,"effectivePickupRadius":5.60,"priorityShipId":1,"isInPool":false},"hypothesisId":"G1"}
{"sessionId":"bac766","timestamp":1773331919738,"location":"Gem.cs:FixedUpdate","message":"Gem attraction tick","data":{"value":22.00,"effectivePickupRadius":5.60,"priorityShipId":1,"isInPool":false},"hypothesisId":"G1"}
{"sessionId":"bac766","timestamp":1773331919776,"location":"Gem.cs:FixedUpdate","message":"Gem attraction tick","data":{"value":22.00,"effectivePickupRadius":5.60,"priorityShipId":1,"isInPool":false},"hypothesisId":"G1"}
{"sessionId":"bac766","timestamp":1773331919776,"location":"Gem.cs:FixedUpdate","message":"Gem attraction tick","data":{"value":22.00,"effectivePickupRadius":5.60,"priorityShipId":1,"isInPool":false},"hypothesisId":"G1"}
{"sessionId":"bac766","timestamp":1773331919817,"location":"Gem.cs:FixedUpdate","message":"Gem attraction tick","data":{"value":22.00,"effectivePickupRadius":5.60,"priorityShipId":1,"isInPool":false},"hypothesisId":"G1"}
{"sessionId":"bac766","timestamp":1773331919820,"location":"Gem.cs:FixedUpdate","message":"Gem attraction tick","data":{"value":22.00,"effectivePickupRadius":5.60,"priorityShipId":1,"isInPool":false},"hypothesisId":"G1"}
{"sessionId":"bac766","timestamp":1773331919861,"location":"Gem.cs:FixedUpdate","message":"Gem attraction tick","data":{"value":22.00,"effectivePickupRadius":5.60,"priorityShipId":1,"isInPool":false},"hypothesisId":"G1"}
{"sessionId":"bac766","timestamp":1773331919861,"location":"Gem.cs:FixedUpdate","message":"Gem attraction tick","data":{"value":22.00,"effectivePickupRadius":5.60,"priorityShipId":1,"isInPool":false},"hypothesisId":"G1"}
{"sessionId":"bac766","timestamp":1773331919901,"location":"Gem.cs:FixedUpdate","message":"Gem attraction tick","data":{"value":22.00,"effectivePickupRadius":5.60,"priorityShipId":1,"isInPool":false},"hypothesisId":"G1"}
{"sessionId":"bac766","timestamp":1773331919901,"location":"Gem.cs:FixedUpdate","message":"Gem attraction tick","data":{"value":22.00,"effectivePickupRadius":5.60,"priorityShipId":1,"isInPool":false},"hypothesisId":"G1"}
{"sessionId":"bac766","timestamp":1773331919943,"location":"Gem.cs:FixedUpdate","message":"Gem attraction tick","data":{"value":22.00,"effectivePickupRadius":5.60,"priorityShipId":1,"isInPool":false},"hypothesisId":"G1"}
{"sessionId":"bac766","timestamp":1773331919944,"location":"Gem.cs:FixedUpdate","message":"Gem attraction tick","data":{"value":22.00,"effectivePickupRadius":5.60,"priorityShipId":1,"isInPool":false},"hypothesisId":"G1"}
{"sessionId":"bac766","timestamp":1773331919947,"location":"MinimapController.UpdateBlips","message":"blip and cache counts","data":{"blips":149,"edgeMarkers":20,"markerEdgeMarkers":0,"cachedShips":1,"cachedPlanets":20,"cachedAsteroids":299,"cachedMarkers":0,"durationMs":0},"hypothesisId":"B"}
{"sessionId":"bac766","timestamp":1773331919948,"location":"GameManager.Update","message":"frame timing","data":{"frame":840,"realtime":40.16577,"deltaTime":0.023005,"fps":43.4688},"hypothesisId":"C"}
{"sessionId":"bac766","timestamp":1773331919978,"location":"Gem.cs:FixedUpdate","message":"Gem attraction tick","data":{"value":22.00,"effectivePickupRadius":5.60,"priorityShipId":1,"isInPool":false},"hypothesisId":"G1"}
{"sessionId":"bac766","timestamp":1773331919979,"location":"Gem.cs:FixedUpdate","message":"Gem attraction tick","data":{"value":22.00,"effectivePickupRadius":5.60,"priorityShipId":1,"isInPool":false},"hypothesisId":"G1"}
{"sessionId":"bac766","timestamp":1773331920015,"location":"Gem.cs:FixedUpdate","message":"Gem attraction tick","data":{"value":22.00,"effectivePickupRadius":5.60,"priorityShipId":1,"isInPool":false},"hypothesisId":"G1"}
{"sessionId":"bac766","timestamp":1773331920016,"location":"Gem.cs:FixedUpdate","message":"Gem attraction tick","data":{"value":22.00,"effectivePickupRadius":5.60,"priorityShipId":1,"isInPool":false},"hypothesisId":"G1"}
{"sessionId":"bac766","timestamp":1773331920061,"location":"Gem.cs:FixedUpdate","message":"Gem attraction tick","data":{"value":22.00,"effectivePickupRadius":5.60,"priorityShipId":1,"isInPool":false},"hypothesisId":"G1"}
{"sessionId":"bac766","timestamp":1773331920062,"location":"Gem.cs:FixedUpdate","message":"Gem attraction tick","data":{"value":22.00,"effectivePickupRadius":5.60,"priorityShipId":1,"isInPool":false},"hypothesisId":"G1"}
{"sessionId":"bac766","timestamp":1773331920093,"location":"Gem.cs:FixedUpdate","message":"Gem attraction tick","data":{"value":22.00,"effectivePickupRadius":5.60,"priorityShipId":1,"isInPool":false},"hypothesisId":"G1"}
{"sessionId":"bac766","timestamp":1773331920094,"location":"Gem.cs:FixedUpdate","message":"Gem attraction tick","data":{"value":22.00,"effectivePickupRadius":5.60,"priorityShipId":1,"isInPool":false},"hypothesisId":"G1"}
{"sessionId":"bac766","timestamp":1773331920174,"location":"Gem.cs:FixedUpdate","message":"Gem attraction tick","data":{"value":22.00,"effectivePickupRadius":5.60,"priorityShipId":1,"isInPool":false},"hypothesisId":"G1"}
{"sessionId":"bac766","timestamp":1773331920174,"location":"Gem.cs:FixedUpdate","message":"Gem attraction tick","data":{"value":22.00,"effectivePickupRadius":5.60,"priorityShipId":1,"isInPool":false},"hypothesisId":"G1"}
{"sessionId":"bac766","timestamp":1773331920214,"location":"Gem.cs:FixedUpdate","message":"Gem attraction tick","data":{"value":22.00,"effectivePickupRadius":5.60,"priorityShipId":1,"isInPool":false},"hypothesisId":"G1"}
{"sessionId":"bac766","timestamp":1773331920214,"location":"Gem.cs:FixedUpdate","message":"Gem attraction tick","data":{"value":22.00,"effectivePickupRadius":5.60,"priorityShipId":1,"isInPool":false},"hypothesisId":"G1"}
{"sessionId":"bac766","timestamp":1773331920280,"location":"Gem.cs:FixedUpdate","message":"Gem attraction tick","data":{"value":22.00,"effectivePickupRadius":5.60,"priorityShipId":1,"isInPool":false},"hypothesisId":"G1"}
{"sessionId":"bac766","timestamp":1773331920281,"location":"Gem.cs:FixedUpdate","message":"Gem attraction tick","data":{"value":22.00,"effectivePickupRadius":5.60,"priorityShipId":1,"isInPool":false},"hypothesisId":"G1"}
{"sessionId":"bac766","timestamp":1773331920320,"location":"Gem.cs:FixedUpdate","message":"Gem attraction tick","data":{"value":22.00,"effectivePickupRadius":5.60,"priorityShipId":1,"isInPool":false},"hypothesisId":"G1"}
{"sessionId":"bac766","timestamp":1773331920322,"location":"Gem.cs:FixedUpdate","message":"Gem attraction tick","data":{"value":22.00,"effectivePickupRadius":5.60,"priorityShipId":1,"isInPool":false},"hypothesisId":"G1"}
{"sessionId":"bac766","timestamp":1773331920360,"location":"Gem.cs:FixedUpdate","message":"Gem attraction tick","data":{"value":22.00,"effectivePickupRadius":5.60,"priorityShipId":1,"isInPool":false},"hypothesisId":"G1"}
{"sessionId":"bac766","timestamp":1773331920360,"location":"Gem.cs:FixedUpdate","message":"Gem attraction tick","data":{"value":22.00,"effectivePickupRadius":5.60,"priorityShipId":1,"isInPool":false},"hypothesisId":"G1"}
{"sessionId":"bac766","timestamp":1773331920395,"location":"Gem.cs:FixedUpdate","message":"Gem attraction tick","data":{"value":22.00,"effectivePickupRadius":5.60,"priorityShipId":1,"isInPool":false},"hypothesisId":"G1"}
{"sessionId":"bac766","timestamp":1773331920396,"location":"Gem.cs:FixedUpdate","message":"Gem attraction tick","data":{"value":22.00,"effectivePickupRadius":5.60,"priorityShipId":1,"isInPool":false},"hypothesisId":"G1"}
{"sessionId":"bac766","timestamp":1773331920439,"location":"Gem.cs:FixedUpdate","message":"Gem attraction tick","data":{"value":22.00,"effectivePickupRadius":5.60,"priorityShipId":1,"isInPool":false},"hypothesisId":"G1"}
{"sessionId":"bac766","timestamp":1773331920439,"location":"Gem.cs:FixedUpdate","message":"Gem attraction tick","data":{"value":22.00,"effectivePickupRadius":5.60,"priorityShipId":1,"isInPool":false},"hypothesisId":"G1"}
{"sessionId":"bac766","timestamp":1773331920471,"location":"Gem.cs:FixedUpdate","message":"Gem attraction tick","data":{"value":22.00,"effectivePickupRadius":5.60,"priorityShipId":1,"isInPool":false},"hypothesisId":"G1"}
{"sessionId":"bac766","timestamp":1773331920472,"location":"Gem.cs:FixedUpdate","message":"Gem attraction tick","data":{"value":22.00,"effectivePickupRadius":5.60,"priorityShipId":1,"isInPool":false},"hypothesisId":"G1"}
{"sessionId":"bac766","timestamp":1773331920542,"location":"Gem.cs:FixedUpdate","message":"Gem attraction tick","data":{"value":22.00,"effectivePickupRadius":5.60,"priorityShipId":1,"isInPool":false},"hypothesisId":"G1"}
{"sessionId":"bac766","timestamp":1773331920543,"location":"Gem.cs:FixedUpdate","message":"Gem attraction tick","data":{"value":22.00,"effectivePickupRadius":5.60,"priorityShipId":1,"isInPool":false},"hypothesisId":"G1"}
{"sessionId":"bac766","timestamp":1773331920580,"location":"Gem.cs:FixedUpdate","message":"Gem attraction tick","data":{"value":22.00,"effectivePickupRadius":5.60,"priorityShipId":1,"isInPool":false},"hypothesisId":"G1"}
{"sessionId":"bac766","timestamp":1773331920580,"location":"Gem.cs:FixedUpdate","message":"Gem attraction tick","data":{"value":22.00,"effectivePickupRadius":5.60,"priorityShipId":1,"isInPool":false},"hypothesisId":"G1"}
{"sessionId":"bac766","timestamp":1773331920614,"location":"Gem.cs:FixedUpdate","message":"Gem attraction tick","data":{"value":22.00,"effectivePickupRadius":5.60,"priorityShipId":1,"isInPool":false},"hypothesisId":"G1"}
{"sessionId":"bac766","timestamp":1773331920615,"location":"Gem.cs:FixedUpdate","message":"Gem attraction tick","data":{"value":22.00,"effectivePickupRadius":5.60,"priorityShipId":1,"isInPool":false},"hypothesisId":"G1"}
{"sessionId":"bac766","timestamp":1773331920646,"location":"GameManager.Update","message":"object counts","data":{"bullets":0,"gems":2,"asteroids":299,"starships":1},"hypothesisId":"E"}
{"sessionId":"bac766","timestamp":1773331920663,"location":"Gem.cs:FixedUpdate","message":"Gem attraction tick","data":{"value":22.00,"effectivePickupRadius":5.60,"priorityShipId":1,"isInPool":false},"hypothesisId":"G1"}
{"sessionId":"bac766","timestamp":1773331920663,"location":"Gem.cs:FixedUpdate","message":"Gem attraction tick","data":{"value":22.00,"effectivePickupRadius":5.60,"priorityShipId":1,"isInPool":false},"hypothesisId":"G1"}
{"sessionId":"bac766","timestamp":1773331920695,"location":"Gem.cs:FixedUpdate","message":"Gem attraction tick","data":{"value":22.00,"effectivePickupRadius":5.60,"priorityShipId":1,"isInPool":false},"hypothesisId":"G1"}
{"sessionId":"bac766","timestamp":1773331920695,"location":"Gem.cs:FixedUpdate","message":"Gem attraction tick","data":{"value":22.00,"effectivePickupRadius":5.60,"priorityShipId":1,"isInPool":false},"hypothesisId":"G1"}
{"sessionId":"bac766","timestamp":1773331920763,"location":"Gem.cs:FixedUpdate","message":"Gem attraction tick","data":{"value":22.00,"effectivePickupRadius":5.60,"priorityShipId":1,"isInPool":false},"hypothesisId":"G1"}
{"sessionId":"bac766","timestamp":1773331920764,"location":"Gem.cs:FixedUpdate","message":"Gem attraction tick","data":{"value":22.00,"effectivePickupRadius":5.60,"priorityShipId":1,"isInPool":false},"hypothesisId":"G1"}
{"sessionId":"bac766","timestamp":1773331920807,"location":"Gem.cs:FixedUpdate","message":"Gem attraction tick","data":{"value":22.00,"effectivePickupRadius":5.60,"priorityShipId":1,"isInPool":false},"hypothesisId":"G1"}
{"sessionId":"bac766","timestamp":1773331920807,"location":"Gem.cs:FixedUpdate","message":"Gem attraction tick","data":{"value":22.00,"effectivePickupRadius":5.60,"priorityShipId":1,"isInPool":false},"hypothesisId":"G1"}
{"sessionId":"bac766","timestamp":1773331920855,"location":"Gem.cs:FixedUpdate","message":"Gem attraction tick","data":{"value":22.00,"effectivePickupRadius":5.60,"priorityShipId":1,"isInPool":false},"hypothesisId":"G1"}
{"sessionId":"bac766","timestamp":1773331920856,"location":"Gem.cs:FixedUpdate","message":"Gem attraction tick","data":{"value":22.00,"effectivePickupRadius":5.60,"priorityShipId":1,"isInPool":false},"hypothesisId":"G1"}
{"sessionId":"bac766","timestamp":1773331920897,"location":"Gem.cs:FixedUpdate","message":"Gem attraction tick","data":{"value":22.00,"effectivePickupRadius":5.60,"priorityShipId":1,"isInPool":false},"hypothesisId":"G1"}
{"sessionId":"bac766","timestamp":1773331920898,"location":"Gem.cs:FixedUpdate","message":"Gem attraction tick","data":{"value":22.00,"effectivePickupRadius":5.60,"priorityShipId":1,"isInPool":false},"hypothesisId":"G1"}
{"sessionId":"bac766","timestamp":1773331920935,"location":"Gem.cs:FixedUpdate","message":"Gem attraction tick","data":{"value":22.00,"effectivePickupRadius":5.60,"priorityShipId":1,"isInPool":false},"hypothesisId":"G1"}
{"sessionId":"bac766","timestamp":1773331920936,"location":"Gem.cs:FixedUpdate","message":"Gem attraction tick","data":{"value":22.00,"effectivePickupRadius":5.60,"priorityShipId":1,"isInPool":false},"hypothesisId":"G1"}
{"sessionId":"bac766","timestamp":1773331920978,"location":"Gem.cs:FixedUpdate","message":"Gem attraction tick","data":{"value":22.00,"effectivePickupRadius":5.60,"priorityShipId":1,"isInPool":false},"hypothesisId":"G1"}
{"sessionId":"bac766","timestamp":1773331920979,"location":"Gem.cs:FixedUpdate","message":"Gem attraction tick","data":{"value":22.00,"effectivePickupRadius":5.60,"priorityShipId":1,"isInPool":false},"hypothesisId":"G1"}
{"sessionId":"bac766","timestamp":1773331921017,"location":"Gem.cs:FixedUpdate","message":"Gem attraction tick","data":{"value":22.00,"effectivePickupRadius":5.60,"priorityShipId":1,"isInPool":false},"hypothesisId":"G1"}
{"sessionId":"bac766","timestamp":1773331921018,"location":"Gem.cs:FixedUpdate","message":"Gem attraction tick","data":{"value":22.00,"effectivePickupRadius":5.60,"priorityShipId":1,"isInPool":false},"hypothesisId":"G1"}
{"sessionId":"bac766","timestamp":1773331921061,"location":"Gem.cs:FixedUpdate","message":"Gem attraction tick","data":{"value":22.00,"effectivePickupRadius":5.60,"priorityShipId":1,"isInPool":false},"hypothesisId":"G1"}
{"sessionId":"bac766","timestamp":1773331921061,"location":"Gem.cs:FixedUpdate","message":"Gem attraction tick","data":{"value":22.00,"effectivePickupRadius":5.60,"priorityShipId":1,"isInPool":false},"hypothesisId":"G1"}
{"sessionId":"bac766","timestamp":1773331921105,"location":"Gem.cs:FixedUpdate","message":"Gem attraction tick","data":{"value":22.00,"effectivePickupRadius":5.60,"priorityShipId":1,"isInPool":false},"hypothesisId":"G1"}
{"sessionId":"bac766","timestamp":1773331921106,"location":"Gem.cs:FixedUpdate","message":"Gem attraction tick","data":{"value":22.00,"effectivePickupRadius":5.60,"priorityShipId":1,"isInPool":false},"hypothesisId":"G1"}
{"sessionId":"bac766","timestamp":1773331921110,"location":"GameManager.Update","message":"frame timing","data":{"frame":900,"realtime":41.32688,"deltaTime":0.0231573,"fps":43.18293},"hypothesisId":"C"}
{"sessionId":"bac766","timestamp":1773331921140,"location":"Gem.cs:FixedUpdate","message":"Gem attraction tick","data":{"value":22.00,"effectivePickupRadius":5.60,"priorityShipId":1,"isInPool":false},"hypothesisId":"G1"}
{"sessionId":"bac766","timestamp":1773331921141,"location":"Gem.cs:FixedUpdate","message":"Gem attraction tick","data":{"value":22.00,"effectivePickupRadius":5.60,"priorityShipId":1,"isInPool":false},"hypothesisId":"G1"}
{"sessionId":"bac766","timestamp":1773331921172,"location":"Gem.cs:FixedUpdate","message":"Gem attraction tick","data":{"value":22.00,"effectivePickupRadius":5.60,"priorityShipId":1,"isInPool":false},"hypothesisId":"G1"}
{"sessionId":"bac766","timestamp":1773331921173,"location":"Gem.cs:FixedUpdate","message":"Gem attraction tick","data":{"value":22.00,"effectivePickupRadius":5.60,"priorityShipId":1,"isInPool":false},"hypothesisId":"G1"}
{"sessionId":"bac766","timestamp":1773331921213,"location":"Gem.cs:FixedUpdate","message":"Gem attraction tick","data":{"value":22.00,"effectivePickupRadius":5.60,"priorityShipId":1,"isInPool":false},"hypothesisId":"G1"}
{"sessionId":"bac766","timestamp":1773331921213,"location":"Gem.cs:FixedUpdate","message":"Gem attraction tick","data":{"value":22.00,"effectivePickupRadius":5.60,"priorityShipId":1,"isInPool":false},"hypothesisId":"G1"}
{"sessionId":"bac766","timestamp":1773331921274,"location":"Gem.cs:FixedUpdate","message":"Gem attraction tick","data":{"value":22.00,"effectivePickupRadius":5.60,"priorityShipId":1,"isInPool":false},"hypothesisId":"G1"}
{"sessionId":"bac766","timestamp":1773331921274,"location":"Gem.cs:FixedUpdate","message":"Gem attraction tick","data":{"value":22.00,"effectivePickupRadius":5.60,"priorityShipId":1,"isInPool":false},"hypothesisId":"G1"}
{"sessionId":"bac766","timestamp":1773331921312,"location":"Gem.cs:FixedUpdate","message":"Gem attraction tick","data":{"value":22.00,"effectivePickupRadius":5.60,"priorityShipId":1,"isInPool":false},"hypothesisId":"G1"}
{"sessionId":"bac766","timestamp":1773331921313,"location":"Gem.cs:FixedUpdate","message":"Gem attraction tick","data":{"value":22.00,"effectivePickupRadius":5.60,"priorityShipId":1,"isInPool":false},"hypothesisId":"G1"}
{"sessionId":"bac766","timestamp":1773331921361,"location":"Gem.cs:FixedUpdate","message":"Gem attraction tick","data":{"value":22.00,"effectivePickupRadius":5.60,"priorityShipId":1,"isInPool":false},"hypothesisId":"G1"}
{"sessionId":"bac766","timestamp":1773331921364,"location":"Gem.cs:FixedUpdate","message":"Gem attraction tick","data":{"value":22.00,"effectivePickupRadius":5.60,"priorityShipId":1,"isInPool":false},"hypothesisId":"G1"}
{"sessionId":"bac766","timestamp":1773331921405,"location":"Gem.cs:FixedUpdate","message":"Gem attraction tick","data":{"value":22.00,"effectivePickupRadius":5.60,"priorityShipId":1,"isInPool":false},"hypothesisId":"G1"}
{"sessionId":"bac766","timestamp":1773331921405,"location":"Gem.cs:FixedUpdate","message":"Gem attraction tick","data":{"value":22.00,"effectivePickupRadius":5.60,"priorityShipId":1,"isInPool":false},"hypothesisId":"G1"}
{"sessionId":"bac766","timestamp":1773331921451,"location":"Gem.cs:FixedUpdate","message":"Gem attraction tick","data":{"value":22.00,"effectivePickupRadius":5.60,"priorityShipId":1,"isInPool":false},"hypothesisId":"G1"}
{"sessionId":"bac766","timestamp":1773331921451,"location":"Gem.cs:FixedUpdate","message":"Gem attraction tick","data":{"value":22.00,"effectivePickupRadius":5.60,"priorityShipId":1,"isInPool":false},"hypothesisId":"G1"}
{"sessionId":"bac766","timestamp":1773331921490,"location":"Gem.cs:FixedUpdate","message":"Gem attraction tick","data":{"value":22.00,"effectivePickupRadius":5.60,"priorityShipId":1,"isInPool":false},"hypothesisId":"G1"}
{"sessionId":"bac766","timestamp":1773331921491,"location":"Gem.cs:FixedUpdate","message":"Gem attraction tick","data":{"value":22.00,"effectivePickupRadius":5.60,"priorityShipId":1,"isInPool":false},"hypothesisId":"G1"}
{"sessionId":"bac766","timestamp":1773331921531,"location":"Gem.cs:FixedUpdate","message":"Gem attraction tick","data":{"value":22.00,"effectivePickupRadius":5.60,"priorityShipId":1,"isInPool":false},"hypothesisId":"G1"}
{"sessionId":"bac766","timestamp":1773331921531,"location":"Gem.cs:FixedUpdate","message":"Gem attraction tick","data":{"value":22.00,"effectivePickupRadius":5.60,"priorityShipId":1,"isInPool":false},"hypothesisId":"G1"}
{"sessionId":"bac766","timestamp":1773331921534,"location":"Gem.cs:FixedUpdate","message":"Gem attraction tick","data":{"value":22.00,"effectivePickupRadius":5.60,"priorityShipId":1,"isInPool":false},"hypothesisId":"G1"}
{"sessionId":"bac766","timestamp":1773331921535,"location":"Gem.cs:FixedUpdate","message":"Gem attraction tick","data":{"value":22.00,"effectivePickupRadius":5.60,"priorityShipId":1,"isInPool":false},"hypothesisId":"G1"}
{"sessionId":"bac766","timestamp":1773331921572,"location":"Gem.cs:FixedUpdate","message":"Gem attraction tick","data":{"value":22.00,"effectivePickupRadius":5.60,"priorityShipId":1,"isInPool":false},"hypothesisId":"G1"}
{"sessionId":"bac766","timestamp":1773331921572,"location":"Gem.cs:FixedUpdate","message":"Gem attraction tick","data":{"value":22.00,"effectivePickupRadius":5.60,"priorityShipId":1,"isInPool":false},"hypothesisId":"G1"}
{"sessionId":"bac766","timestamp":1773331921615,"location":"Gem.cs:FixedUpdate","message":"Gem attraction tick","data":{"value":22.00,"effectivePickupRadius":5.60,"priorityShipId":1,"isInPool":false},"hypothesisId":"G1"}
{"sessionId":"bac766","timestamp":1773331921615,"location":"Gem.cs:FixedUpdate","message":"Gem attraction tick","data":{"value":22.00,"effectivePickupRadius":5.60,"priorityShipId":1,"isInPool":false},"hypothesisId":"G1"}
{"sessionId":"bac766","timestamp":1773331921654,"location":"Gem.cs:FixedUpdate","message":"Gem attraction tick","data":{"value":22.00,"effectivePickupRadius":5.60,"priorityShipId":1,"isInPool":false},"hypothesisId":"G1"}
{"sessionId":"bac766","timestamp":1773331921655,"location":"Gem.cs:FixedUpdate","message":"Gem attraction tick","data":{"value":22.00,"effectivePickupRadius":5.60,"priorityShipId":1,"isInPool":false},"hypothesisId":"G1"}
{"sessionId":"bac766","timestamp":1773331921691,"location":"Gem.cs:FixedUpdate","message":"Gem attraction tick","data":{"value":22.00,"effectivePickupRadius":5.60,"priorityShipId":1,"isInPool":false},"hypothesisId":"G1"}
{"sessionId":"bac766","timestamp":1773331921692,"location":"Gem.cs:FixedUpdate","message":"Gem attraction tick","data":{"value":22.00,"effectivePickupRadius":5.60,"priorityShipId":1,"isInPool":false},"hypothesisId":"G1"}
{"sessionId":"bac766","timestamp":1773331921763,"location":"Gem.cs:FixedUpdate","message":"Gem attraction tick","data":{"value":22.00,"effectivePickupRadius":5.60,"priorityShipId":1,"isInPool":false},"hypothesisId":"G1"}
{"sessionId":"bac766","timestamp":1773331921763,"location":"Gem.cs:FixedUpdate","message":"Gem attraction tick","data":{"value":22.00,"effectivePickupRadius":5.60,"priorityShipId":1,"isInPool":false},"hypothesisId":"G1"}
{"sessionId":"bac766","timestamp":1773331921798,"location":"Gem.cs:FixedUpdate","message":"Gem attraction tick","data":{"value":22.00,"effectivePickupRadius":5.60,"priorityShipId":1,"isInPool":false},"hypothesisId":"G1"}
{"sessionId":"bac766","timestamp":1773331921798,"location":"Gem.cs:FixedUpdate","message":"Gem attraction tick","data":{"value":22.00,"effectivePickupRadius":5.60,"priorityShipId":1,"isInPool":false},"hypothesisId":"G1"}
{"sessionId":"bac766","timestamp":1773331921836,"location":"Gem.cs:FixedUpdate","message":"Gem attraction tick","data":{"value":22.00,"effectivePickupRadius":5.60,"priorityShipId":1,"isInPool":false},"hypothesisId":"G1"}
{"sessionId":"bac766","timestamp":1773331921836,"location":"Gem.cs:FixedUpdate","message":"Gem attraction tick","data":{"value":22.00,"effectivePickupRadius":5.60,"priorityShipId":1,"isInPool":false},"hypothesisId":"G1"}
{"sessionId":"bac766","timestamp":1773331921873,"location":"Gem.cs:FixedUpdate","message":"Gem attraction tick","data":{"value":22.00,"effectivePickupRadius":5.60,"priorityShipId":1,"isInPool":false},"hypothesisId":"G1"}
{"sessionId":"bac766","timestamp":1773331921875,"location":"Gem.cs:FixedUpdate","message":"Gem attraction tick","data":{"value":22.00,"effectivePickupRadius":5.60,"priorityShipId":1,"isInPool":false},"hypothesisId":"G1"}
{"sessionId":"bac766","timestamp":1773331921913,"location":"Gem.cs:FixedUpdate","message":"Gem attraction tick","data":{"value":22.00,"effectivePickupRadius":5.60,"priorityShipId":1,"isInPool":false},"hypothesisId":"G1"}
{"sessionId":"bac766","timestamp":1773331921913,"location":"Gem.cs:FixedUpdate","message":"Gem attraction tick","data":{"value":22.00,"effectivePickupRadius":5.60,"priorityShipId":1,"isInPool":false},"hypothesisId":"G1"}
{"sessionId":"bac766","timestamp":1773331921954,"location":"Gem.cs:FixedUpdate","message":"Gem attraction tick","data":{"value":22.00,"effectivePickupRadius":5.60,"priorityShipId":1,"isInPool":false},"hypothesisId":"G1"}
{"sessionId":"bac766","timestamp":1773331921954,"location":"Gem.cs:FixedUpdate","message":"Gem attraction tick","data":{"value":22.00,"effectivePickupRadius":5.60,"priorityShipId":1,"isInPool":false},"hypothesisId":"G1"}
{"sessionId":"bac766","timestamp":1773331921991,"location":"Gem.cs:FixedUpdate","message":"Gem attraction tick","data":{"value":22.00,"effectivePickupRadius":5.60,"priorityShipId":1,"isInPool":false},"hypothesisId":"G1"}
{"sessionId":"bac766","timestamp":1773331921991,"location":"Gem.cs:FixedUpdate","message":"Gem attraction tick","data":{"value":22.00,"effectivePickupRadius":5.60,"priorityShipId":1,"isInPool":false},"hypothesisId":"G1"}
{"sessionId":"bac766","timestamp":1773331922057,"location":"Gem.cs:FixedUpdate","message":"Gem attraction tick","data":{"value":22.00,"effectivePickupRadius":5.60,"priorityShipId":1,"isInPool":false},"hypothesisId":"G1"}
{"sessionId":"bac766","timestamp":1773331922058,"location":"Gem.cs:FixedUpdate","message":"Gem attraction tick","data":{"value":22.00,"effectivePickupRadius":5.60,"priorityShipId":1,"isInPool":false},"hypothesisId":"G1"}
{"sessionId":"bac766","timestamp":1773331922100,"location":"Gem.cs:FixedUpdate","message":"Gem attraction tick","data":{"value":22.00,"effectivePickupRadius":5.60,"priorityShipId":1,"isInPool":false},"hypothesisId":"G1"}
{"sessionId":"bac766","timestamp":1773331922100,"location":"Gem.cs:FixedUpdate","message":"Gem attraction tick","data":{"value":22.00,"effectivePickupRadius":5.60,"priorityShipId":1,"isInPool":false},"hypothesisId":"G1"}
{"sessionId":"bac766","timestamp":1773331922136,"location":"Gem.cs:FixedUpdate","message":"Gem attraction tick","data":{"value":22.00,"effectivePickupRadius":5.60,"priorityShipId":1,"isInPool":false},"hypothesisId":"G1"}
{"sessionId":"bac766","timestamp":1773331922136,"location":"Gem.cs:FixedUpdate","message":"Gem attraction tick","data":{"value":22.00,"effectivePickupRadius":5.60,"priorityShipId":1,"isInPool":false},"hypothesisId":"G1"}
{"sessionId":"bac766","timestamp":1773331922212,"location":"Gem.cs:FixedUpdate","message":"Gem attraction tick","data":{"value":22.00,"effectivePickupRadius":5.60,"priorityShipId":1,"isInPool":false},"hypothesisId":"G1"}
{"sessionId":"bac766","timestamp":1773331922212,"location":"Gem.cs:FixedUpdate","message":"Gem attraction tick","data":{"value":22.00,"effectivePickupRadius":5.60,"priorityShipId":1,"isInPool":false},"hypothesisId":"G1"}
{"sessionId":"bac766","timestamp":1773331922246,"location":"MinimapController.UpdateBlips","message":"blip and cache counts","data":{"blips":149,"edgeMarkers":20,"markerEdgeMarkers":0,"cachedShips":1,"cachedPlanets":20,"cachedAsteroids":299,"cachedMarkers":0,"durationMs":0},"hypothesisId":"B"}
{"sessionId":"bac766","timestamp":1773331922247,"location":"GameManager.Update","message":"frame timing","data":{"frame":960,"realtime":42.46479,"deltaTime":0.0159171,"fps":62.82552},"hypothesisId":"C"}
{"sessionId":"bac766","timestamp":1773331922278,"location":"Gem.cs:FixedUpdate","message":"Gem attraction tick","data":{"value":22.00,"effectivePickupRadius":5.60,"priorityShipId":1,"isInPool":false},"hypothesisId":"G1"}
{"sessionId":"bac766","timestamp":1773331922279,"location":"Gem.cs:FixedUpdate","message":"Gem attraction tick","data":{"value":22.00,"effectivePickupRadius":5.60,"priorityShipId":1,"isInPool":false},"hypothesisId":"G1"}
{"sessionId":"bac766","timestamp":1773331922312,"location":"Gem.cs:FixedUpdate","message":"Gem attraction tick","data":{"value":22.00,"effectivePickupRadius":5.60,"priorityShipId":1,"isInPool":false},"hypothesisId":"G1"}
{"sessionId":"bac766","timestamp":1773331922312,"location":"Gem.cs:FixedUpdate","message":"Gem attraction tick","data":{"value":22.00,"effectivePickupRadius":5.60,"priorityShipId":1,"isInPool":false},"hypothesisId":"G1"}
{"sessionId":"bac766","timestamp":1773331922350,"location":"Gem.cs:FixedUpdate","message":"Gem attraction tick","data":{"value":22.00,"effectivePickupRadius":5.60,"priorityShipId":1,"isInPool":false},"hypothesisId":"G1"}
{"sessionId":"bac766","timestamp":1773331922351,"location":"Gem.cs:FixedUpdate","message":"Gem attraction tick","data":{"value":22.00,"effectivePickupRadius":5.60,"priorityShipId":1,"isInPool":false},"hypothesisId":"G1"}
{"sessionId":"bac766","timestamp":1773331922427,"location":"Gem.cs:FixedUpdate","message":"Gem attraction tick","data":{"value":22.00,"effectivePickupRadius":5.60,"priorityShipId":1,"isInPool":false},"hypothesisId":"G1"}
{"sessionId":"bac766","timestamp":1773331922430,"location":"Gem.cs:FixedUpdate","message":"Gem attraction tick","data":{"value":22.00,"effectivePickupRadius":5.60,"priorityShipId":1,"isInPool":false},"hypothesisId":"G1"}
{"sessionId":"bac766","timestamp":1773331922465,"location":"Gem.cs:FixedUpdate","message":"Gem attraction tick","data":{"value":22.00,"effectivePickupRadius":5.60,"priorityShipId":1,"isInPool":false},"hypothesisId":"G1"}
{"sessionId":"bac766","timestamp":1773331922466,"location":"Gem.cs:FixedUpdate","message":"Gem attraction tick","data":{"value":22.00,"effectivePickupRadius":5.60,"priorityShipId":1,"isInPool":false},"hypothesisId":"G1"}
{"sessionId":"bac766","timestamp":1773331922489,"location":"PlanetConnectionSystem.RecomputeGraph","message":"edges and triangles","data":{"edges":0,"triangles":0,"durationMs":1.972198},"hypothesisId":"D"}
{"sessionId":"bac766","timestamp":1773331922504,"location":"Gem.cs:FixedUpdate","message":"Gem attraction tick","data":{"value":22.00,"effectivePickupRadius":5.60,"priorityShipId":1,"isInPool":false},"hypothesisId":"G1"}
{"sessionId":"bac766","timestamp":1773331922505,"location":"Gem.cs:FixedUpdate","message":"Gem attraction tick","data":{"value":22.00,"effectivePickupRadius":5.60,"priorityShipId":1,"isInPool":false},"hypothesisId":"G1"}
{"sessionId":"bac766","timestamp":1773331922542,"location":"Gem.cs:FixedUpdate","message":"Gem attraction tick","data":{"value":22.00,"effectivePickupRadius":5.60,"priorityShipId":1,"isInPool":false},"hypothesisId":"G1"}
{"sessionId":"bac766","timestamp":1773331922542,"location":"Gem.cs:FixedUpdate","message":"Gem attraction tick","data":{"value":22.00,"effectivePickupRadius":5.60,"priorityShipId":1,"isInPool":false},"hypothesisId":"G1"}
{"sessionId":"bac766","timestamp":1773331922612,"location":"Gem.cs:FixedUpdate","message":"Gem attraction tick","data":{"value":22.00,"effectivePickupRadius":5.60,"priorityShipId":1,"isInPool":false},"hypothesisId":"G1"}
{"sessionId":"bac766","timestamp":1773331922612,"location":"Gem.cs:FixedUpdate","message":"Gem attraction tick","data":{"value":22.00,"effectivePickupRadius":5.60,"priorityShipId":1,"isInPool":false},"hypothesisId":"G1"}
{"sessionId":"bac766","timestamp":1773331922618,"location":"Gem.cs:FixedUpdate","message":"Gem attraction tick","data":{"value":22.00,"effectivePickupRadius":5.60,"priorityShipId":1,"isInPool":false},"hypothesisId":"G1"}
{"sessionId":"bac766","timestamp":1773331922618,"location":"Gem.cs:FixedUpdate","message":"Gem attraction tick","data":{"value":22.00,"effectivePickupRadius":5.60,"priorityShipId":1,"isInPool":false},"hypothesisId":"G1"}
{"sessionId":"bac766","timestamp":1773331922671,"location":"GameManager.Update","message":"object counts","data":{"bullets":0,"gems":2,"asteroids":299,"starships":1},"hypothesisId":"E"}
{"sessionId":"bac766","timestamp":1773331922701,"location":"Gem.cs:FixedUpdate","message":"Gem attraction tick","data":{"value":22.00,"effectivePickupRadius":5.60,"priorityShipId":1,"isInPool":false},"hypothesisId":"G1"}
{"sessionId":"bac766","timestamp":1773331922701,"location":"Gem.cs:FixedUpdate","message":"Gem attraction tick","data":{"value":22.00,"effectivePickupRadius":5.60,"priorityShipId":1,"isInPool":false},"hypothesisId":"G1"}
{"sessionId":"bac766","timestamp":1773331922705,"location":"Gem.cs:FixedUpdate","message":"Gem attraction tick","data":{"value":22.00,"effectivePickupRadius":5.60,"priorityShipId":1,"isInPool":false},"hypothesisId":"G1"}
{"sessionId":"bac766","timestamp":1773331922705,"location":"Gem.cs:FixedUpdate","message":"Gem attraction tick","data":{"value":22.00,"effectivePickupRadius":5.60,"priorityShipId":1,"isInPool":false},"hypothesisId":"G1"}
{"sessionId":"bac766","timestamp":1773331922747,"location":"Gem.cs:FixedUpdate","message":"Gem attraction tick","data":{"value":22.00,"effectivePickupRadius":5.60,"priorityShipId":1,"isInPool":false},"hypothesisId":"G1"}
{"sessionId":"bac766","timestamp":1773331922748,"location":"Gem.cs:FixedUpdate","message":"Gem attraction tick","data":{"value":22.00,"effectivePickupRadius":5.60,"priorityShipId":1,"isInPool":false},"hypothesisId":"G1"}
{"sessionId":"bac766","timestamp":1773331922786,"location":"Gem.cs:FixedUpdate","message":"Gem attraction tick","data":{"value":22.00,"effectivePickupRadius":5.60,"priorityShipId":1,"isInPool":false},"hypothesisId":"G1"}
{"sessionId":"bac766","timestamp":1773331922786,"location":"Gem.cs:FixedUpdate","message":"Gem attraction tick","data":{"value":22.00,"effectivePickupRadius":5.60,"priorityShipId":1,"isInPool":false},"hypothesisId":"G1"}
{"sessionId":"bac766","timestamp":1773331922821,"location":"Gem.cs:FixedUpdate","message":"Gem attraction tick","data":{"value":22.00,"effectivePickupRadius":5.60,"priorityShipId":1,"isInPool":false},"hypothesisId":"G1"}
{"sessionId":"bac766","timestamp":1773331922821,"location":"Gem.cs:FixedUpdate","message":"Gem attraction tick","data":{"value":22.00,"effectivePickupRadius":5.60,"priorityShipId":1,"isInPool":false},"hypothesisId":"G1"}
{"sessionId":"bac766","timestamp":1773331922856,"location":"Gem.cs:FixedUpdate","message":"Gem attraction tick","data":{"value":22.00,"effectivePickupRadius":5.60,"priorityShipId":1,"isInPool":false},"hypothesisId":"G1"}
{"sessionId":"bac766","timestamp":1773331922856,"location":"Gem.cs:FixedUpdate","message":"Gem attraction tick","data":{"value":22.00,"effectivePickupRadius":5.60,"priorityShipId":1,"isInPool":false},"hypothesisId":"G1"}
{"sessionId":"bac766","timestamp":1773331922902,"location":"Gem.cs:FixedUpdate","message":"Gem attraction tick","data":{"value":22.00,"effectivePickupRadius":5.60,"priorityShipId":1,"isInPool":false},"hypothesisId":"G1"}
{"sessionId":"bac766","timestamp":1773331922902,"location":"Gem.cs:FixedUpdate","message":"Gem attraction tick","data":{"value":22.00,"effectivePickupRadius":5.60,"priorityShipId":1,"isInPool":false},"hypothesisId":"G1"}
{"sessionId":"bac766","timestamp":1773331922940,"location":"Gem.cs:FixedUpdate","message":"Gem attraction tick","data":{"value":22.00,"effectivePickupRadius":5.60,"priorityShipId":1,"isInPool":false},"hypothesisId":"G1"}
{"sessionId":"bac766","timestamp":1773331922942,"location":"Gem.cs:FixedUpdate","message":"Gem attraction tick","data":{"value":22.00,"effectivePickupRadius":5.60,"priorityShipId":1,"isInPool":false},"hypothesisId":"G1"}
{"sessionId":"bac766","timestamp":1773331922984,"location":"Gem.cs:FixedUpdate","message":"Gem attraction tick","data":{"value":22.00,"effectivePickupRadius":5.60,"priorityShipId":1,"isInPool":false},"hypothesisId":"G1"}
{"sessionId":"bac766","timestamp":1773331922985,"location":"Gem.cs:FixedUpdate","message":"Gem attraction tick","data":{"value":22.00,"effectivePickupRadius":5.60,"priorityShipId":1,"isInPool":false},"hypothesisId":"G1"}
{"sessionId":"bac766","timestamp":1773331923021,"location":"Gem.cs:FixedUpdate","message":"Gem attraction tick","data":{"value":22.00,"effectivePickupRadius":5.60,"priorityShipId":1,"isInPool":false},"hypothesisId":"G1"}
{"sessionId":"bac766","timestamp":1773331923021,"location":"Gem.cs:FixedUpdate","message":"Gem attraction tick","data":{"value":22.00,"effectivePickupRadius":5.60,"priorityShipId":1,"isInPool":false},"hypothesisId":"G1"}
{"sessionId":"bac766","timestamp":1773331923059,"location":"Gem.cs:FixedUpdate","message":"Gem attraction tick","data":{"value":22.00,"effectivePickupRadius":5.60,"priorityShipId":1,"isInPool":false},"hypothesisId":"G1"}
{"sessionId":"bac766","timestamp":1773331923059,"location":"Gem.cs:FixedUpdate","message":"Gem attraction tick","data":{"value":22.00,"effectivePickupRadius":5.60,"priorityShipId":1,"isInPool":false},"hypothesisId":"G1"}
{"sessionId":"bac766","timestamp":1773331923093,"location":"Gem.cs:FixedUpdate","message":"Gem attraction tick","data":{"value":22.00,"effectivePickupRadius":5.60,"priorityShipId":1,"isInPool":false},"hypothesisId":"G1"}
{"sessionId":"bac766","timestamp":1773331923093,"location":"Gem.cs:FixedUpdate","message":"Gem attraction tick","data":{"value":22.00,"effectivePickupRadius":5.60,"priorityShipId":1,"isInPool":false},"hypothesisId":"G1"}
{"sessionId":"bac766","timestamp":1773331923131,"location":"Gem.cs:FixedUpdate","message":"Gem attraction tick","data":{"value":22.00,"effectivePickupRadius":5.60,"priorityShipId":1,"isInPool":false},"hypothesisId":"G1"}
{"sessionId":"bac766","timestamp":1773331923132,"location":"Gem.cs:FixedUpdate","message":"Gem attraction tick","data":{"value":22.00,"effectivePickupRadius":5.60,"priorityShipId":1,"isInPool":false},"hypothesisId":"G1"}
{"sessionId":"bac766","timestamp":1773331923207,"location":"Gem.cs:FixedUpdate","message":"Gem attraction tick","data":{"value":22.00,"effectivePickupRadius":5.60,"priorityShipId":1,"isInPool":false},"hypothesisId":"G1"}
{"sessionId":"bac766","timestamp":1773331923207,"location":"Gem.cs:FixedUpdate","message":"Gem attraction tick","data":{"value":22.00,"effectivePickupRadius":5.60,"priorityShipId":1,"isInPool":false},"hypothesisId":"G1"}
{"sessionId":"bac766","timestamp":1773331923240,"location":"Gem.cs:FixedUpdate","message":"Gem attraction tick","data":{"value":22.00,"effectivePickupRadius":5.60,"priorityShipId":1,"isInPool":false},"hypothesisId":"G1"}
{"sessionId":"bac766","timestamp":1773331923241,"location":"Gem.cs:FixedUpdate","message":"Gem attraction tick","data":{"value":22.00,"effectivePickupRadius":5.60,"priorityShipId":1,"isInPool":false},"hypothesisId":"G1"}
{"sessionId":"bac766","timestamp":1773331923274,"location":"Gem.cs:FixedUpdate","message":"Gem attraction tick","data":{"value":22.00,"effectivePickupRadius":5.60,"priorityShipId":1,"isInPool":false},"hypothesisId":"G1"}
{"sessionId":"bac766","timestamp":1773331923274,"location":"Gem.cs:FixedUpdate","message":"Gem attraction tick","data":{"value":22.00,"effectivePickupRadius":5.60,"priorityShipId":1,"isInPool":false},"hypothesisId":"G1"}
{"sessionId":"bac766","timestamp":1773331923385,"location":"Gem.cs:FixedUpdate","message":"Gem attraction tick","data":{"value":22.00,"effectivePickupRadius":5.60,"priorityShipId":1,"isInPool":false},"hypothesisId":"G1"}
{"sessionId":"bac766","timestamp":1773331923386,"location":"Gem.cs:FixedUpdate","message":"Gem attraction tick","data":{"value":22.00,"effectivePickupRadius":5.60,"priorityShipId":1,"isInPool":false},"hypothesisId":"G1"}
{"sessionId":"bac766","timestamp":1773331923424,"location":"Gem.cs:FixedUpdate","message":"Gem attraction tick","data":{"value":22.00,"effectivePickupRadius":5.60,"priorityShipId":1,"isInPool":false},"hypothesisId":"G1"}
{"sessionId":"bac766","timestamp":1773331923425,"location":"Gem.cs:FixedUpdate","message":"Gem attraction tick","data":{"value":22.00,"effectivePickupRadius":5.60,"priorityShipId":1,"isInPool":false},"hypothesisId":"G1"}
{"sessionId":"bac766","timestamp":1773331923460,"location":"Gem.cs:FixedUpdate","message":"Gem attraction tick","data":{"value":22.00,"effectivePickupRadius":5.60,"priorityShipId":1,"isInPool":false},"hypothesisId":"G1"}
{"sessionId":"bac766","timestamp":1773331923463,"location":"Gem.cs:FixedUpdate","message":"Gem attraction tick","data":{"value":22.00,"effectivePickupRadius":5.60,"priorityShipId":1,"isInPool":false},"hypothesisId":"G1"}
{"sessionId":"bac766","timestamp":1773331923467,"location":"GameManager.Update","message":"frame timing","data":{"frame":1020,"realtime":43.68406,"deltaTime":0.0160055,"fps":62.47853},"hypothesisId":"C"}
{"sessionId":"bac766","timestamp":1773331923504,"location":"Gem.cs:FixedUpdate","message":"Gem attraction tick","data":{"value":22.00,"effectivePickupRadius":5.60,"priorityShipId":1,"isInPool":false},"hypothesisId":"G1"}
{"sessionId":"bac766","timestamp":1773331923505,"location":"Gem.cs:FixedUpdate","message":"Gem attraction tick","data":{"value":22.00,"effectivePickupRadius":5.60,"priorityShipId":1,"isInPool":false},"hypothesisId":"G1"}
{"sessionId":"bac766","timestamp":1773331923545,"location":"Gem.cs:FixedUpdate","message":"Gem attraction tick","data":{"value":22.00,"effectivePickupRadius":5.60,"priorityShipId":1,"isInPool":false},"hypothesisId":"G1"}
{"sessionId":"bac766","timestamp":1773331923545,"location":"Gem.cs:FixedUpdate","message":"Gem attraction tick","data":{"value":22.00,"effectivePickupRadius":5.60,"priorityShipId":1,"isInPool":false},"hypothesisId":"G1"}
{"sessionId":"bac766","timestamp":1773331923581,"location":"Gem.cs:FixedUpdate","message":"Gem attraction tick","data":{"value":22.00,"effectivePickupRadius":5.60,"priorityShipId":1,"isInPool":false},"hypothesisId":"G1"}
{"sessionId":"bac766","timestamp":1773331923581,"location":"Gem.cs:FixedUpdate","message":"Gem attraction tick","data":{"value":22.00,"effectivePickupRadius":5.60,"priorityShipId":1,"isInPool":false},"hypothesisId":"G1"}
{"sessionId":"bac766","timestamp":1773331923615,"location":"Gem.cs:FixedUpdate","message":"Gem attraction tick","data":{"value":22.00,"effectivePickupRadius":5.60,"priorityShipId":1,"isInPool":false},"hypothesisId":"G1"}
{"sessionId":"bac766","timestamp":1773331923615,"location":"Gem.cs:FixedUpdate","message":"Gem attraction tick","data":{"value":22.00,"effectivePickupRadius":5.60,"priorityShipId":1,"isInPool":false},"hypothesisId":"G1"}
{"sessionId":"bac766","timestamp":1773331923656,"location":"Gem.cs:FixedUpdate","message":"Gem attraction tick","data":{"value":22.00,"effectivePickupRadius":5.60,"priorityShipId":1,"isInPool":false},"hypothesisId":"G1"}
{"sessionId":"bac766","timestamp":1773331923656,"location":"Gem.cs:FixedUpdate","message":"Gem attraction tick","data":{"value":22.00,"effectivePickupRadius":5.60,"priorityShipId":1,"isInPool":false},"hypothesisId":"G1"}
{"sessionId":"bac766","timestamp":1773331923698,"location":"Gem.cs:FixedUpdate","message":"Gem attraction tick","data":{"value":22.00,"effectivePickupRadius":5.60,"priorityShipId":1,"isInPool":false},"hypothesisId":"G1"}
{"sessionId":"bac766","timestamp":1773331923698,"location":"Gem.cs:FixedUpdate","message":"Gem attraction tick","data":{"value":22.00,"effectivePickupRadius":5.60,"priorityShipId":1,"isInPool":false},"hypothesisId":"G1"}
{"sessionId":"bac766","timestamp":1773331923731,"location":"Gem.cs:FixedUpdate","message":"Gem attraction tick","data":{"value":22.00,"effectivePickupRadius":5.60,"priorityShipId":1,"isInPool":false},"hypothesisId":"G1"}
{"sessionId":"bac766","timestamp":1773331923732,"location":"Gem.cs:FixedUpdate","message":"Gem attraction tick","data":{"value":22.00,"effectivePickupRadius":5.60,"priorityShipId":1,"isInPool":false},"hypothesisId":"G1"}
{"sessionId":"bac766","timestamp":1773331923771,"location":"Gem.cs:FixedUpdate","message":"Gem attraction tick","data":{"value":22.00,"effectivePickupRadius":5.60,"priorityShipId":1,"isInPool":false},"hypothesisId":"G1"}
{"sessionId":"bac766","timestamp":1773331923771,"location":"Gem.cs:FixedUpdate","message":"Gem attraction tick","data":{"value":22.00,"effectivePickupRadius":5.60,"priorityShipId":1,"isInPool":false},"hypothesisId":"G1"}
{"sessionId":"bac766","timestamp":1773331923775,"location":"Gem.cs:FixedUpdate","message":"Gem attraction tick","data":{"value":22.00,"effectivePickupRadius":5.60,"priorityShipId":1,"isInPool":false},"hypothesisId":"G1"}
{"sessionId":"bac766","timestamp":1773331923775,"location":"Gem.cs:FixedUpdate","message":"Gem attraction tick","data":{"value":22.00,"effectivePickupRadius":5.60,"priorityShipId":1,"isInPool":false},"hypothesisId":"G1"}
{"sessionId":"bac766","timestamp":1773331923811,"location":"Gem.cs:FixedUpdate","message":"Gem attraction tick","data":{"value":22.00,"effectivePickupRadius":5.60,"priorityShipId":1,"isInPool":false},"hypothesisId":"G1"}
{"sessionId":"bac766","timestamp":1773331923811,"location":"Gem.cs:FixedUpdate","message":"Gem attraction tick","data":{"value":22.00,"effectivePickupRadius":5.60,"priorityShipId":1,"isInPool":false},"hypothesisId":"G1"}
{"sessionId":"bac766","timestamp":1773331923842,"location":"Gem.cs:FixedUpdate","message":"Gem attraction tick","data":{"value":22.00,"effectivePickupRadius":5.60,"priorityShipId":1,"isInPool":false},"hypothesisId":"G1"}
{"sessionId":"bac766","timestamp":1773331923843,"location":"Gem.cs:FixedUpdate","message":"Gem attraction tick","data":{"value":22.00,"effectivePickupRadius":5.60,"priorityShipId":1,"isInPool":false},"hypothesisId":"G1"}
{"sessionId":"bac766","timestamp":1773331923881,"location":"Gem.cs:FixedUpdate","message":"Gem attraction tick","data":{"value":22.00,"effectivePickupRadius":5.60,"priorityShipId":1,"isInPool":false},"hypothesisId":"G1"}
{"sessionId":"bac766","timestamp":1773331923881,"location":"Gem.cs:FixedUpdate","message":"Gem attraction tick","data":{"value":22.00,"effectivePickupRadius":5.60,"priorityShipId":1,"isInPool":false},"hypothesisId":"G1"}
{"sessionId":"bac766","timestamp":1773331923918,"location":"Gem.cs:FixedUpdate","message":"Gem attraction tick","data":{"value":22.00,"effectivePickupRadius":5.60,"priorityShipId":1,"isInPool":false},"hypothesisId":"G1"}
{"sessionId":"bac766","timestamp":1773331923918,"location":"Gem.cs:FixedUpdate","message":"Gem attraction tick","data":{"value":22.00,"effectivePickupRadius":5.60,"priorityShipId":1,"isInPool":false},"hypothesisId":"G1"}
{"sessionId":"bac766","timestamp":1773331923965,"location":"Gem.cs:FixedUpdate","message":"Gem attraction tick","data":{"value":22.00,"effectivePickupRadius":5.60,"priorityShipId":1,"isInPool":false},"hypothesisId":"G1"}
{"sessionId":"bac766","timestamp":1773331923966,"location":"Gem.cs:FixedUpdate","message":"Gem attraction tick","data":{"value":22.00,"effectivePickupRadius":5.60,"priorityShipId":1,"isInPool":false},"hypothesisId":"G1"}
{"sessionId":"bac766","timestamp":1773331924006,"location":"Gem.cs:FixedUpdate","message":"Gem attraction tick","data":{"value":22.00,"effectivePickupRadius":5.60,"priorityShipId":1,"isInPool":false},"hypothesisId":"G1"}
{"sessionId":"bac766","timestamp":1773331924008,"location":"Gem.cs:FixedUpdate","message":"Gem attraction tick","data":{"value":22.00,"effectivePickupRadius":5.60,"priorityShipId":1,"isInPool":false},"hypothesisId":"G1"}
{"sessionId":"bac766","timestamp":1773331924041,"location":"Gem.cs:FixedUpdate","message":"Gem attraction tick","data":{"value":22.00,"effectivePickupRadius":5.60,"priorityShipId":1,"isInPool":false},"hypothesisId":"G1"}
{"sessionId":"bac766","timestamp":1773331924041,"location":"Gem.cs:FixedUpdate","message":"Gem attraction tick","data":{"value":22.00,"effectivePickupRadius":5.60,"priorityShipId":1,"isInPool":false},"hypothesisId":"G1"}
{"sessionId":"bac766","timestamp":1773331924073,"location":"Gem.cs:FixedUpdate","message":"Gem attraction tick","data":{"value":22.00,"effectivePickupRadius":5.60,"priorityShipId":1,"isInPool":false},"hypothesisId":"G1"}
{"sessionId":"bac766","timestamp":1773331924074,"location":"Gem.cs:FixedUpdate","message":"Gem attraction tick","data":{"value":22.00,"effectivePickupRadius":5.60,"priorityShipId":1,"isInPool":false},"hypothesisId":"G1"}
{"sessionId":"bac766","timestamp":1773331924112,"location":"Gem.cs:FixedUpdate","message":"Gem attraction tick","data":{"value":22.00,"effectivePickupRadius":5.60,"priorityShipId":1,"isInPool":false},"hypothesisId":"G1"}
{"sessionId":"bac766","timestamp":1773331924112,"location":"Gem.cs:FixedUpdate","message":"Gem attraction tick","data":{"value":22.00,"effectivePickupRadius":5.60,"priorityShipId":1,"isInPool":false},"hypothesisId":"G1"}
{"sessionId":"bac766","timestamp":1773331924154,"location":"Gem.cs:FixedUpdate","message":"Gem attraction tick","data":{"value":22.00,"effectivePickupRadius":5.60,"priorityShipId":1,"isInPool":false},"hypothesisId":"G1"}
{"sessionId":"bac766","timestamp":1773331924154,"location":"Gem.cs:FixedUpdate","message":"Gem attraction tick","data":{"value":22.00,"effectivePickupRadius":5.60,"priorityShipId":1,"isInPool":false},"hypothesisId":"G1"}
{"sessionId":"bac766","timestamp":1773331924157,"location":"Gem.cs:FixedUpdate","message":"Gem attraction tick","data":{"value":22.00,"effectivePickupRadius":5.60,"priorityShipId":1,"isInPool":false},"hypothesisId":"G1"}
{"sessionId":"bac766","timestamp":1773331924158,"location":"Gem.cs:FixedUpdate","message":"Gem attraction tick","data":{"value":22.00,"effectivePickupRadius":5.60,"priorityShipId":1,"isInPool":false},"hypothesisId":"G1"}
{"sessionId":"bac766","timestamp":1773331924203,"location":"Gem.cs:FixedUpdate","message":"Gem attraction tick","data":{"value":22.00,"effectivePickupRadius":5.60,"priorityShipId":1,"isInPool":false},"hypothesisId":"G1"}
{"sessionId":"bac766","timestamp":1773331924203,"location":"Gem.cs:FixedUpdate","message":"Gem attraction tick","data":{"value":22.00,"effectivePickupRadius":5.60,"priorityShipId":1,"isInPool":false},"hypothesisId":"G1"}
{"sessionId":"bac766","timestamp":1773331924244,"location":"Gem.cs:FixedUpdate","message":"Gem attraction tick","data":{"value":22.00,"effectivePickupRadius":5.60,"priorityShipId":1,"isInPool":false},"hypothesisId":"G1"}
{"sessionId":"bac766","timestamp":1773331924244,"location":"Gem.cs:FixedUpdate","message":"Gem attraction tick","data":{"value":22.00,"effectivePickupRadius":5.60,"priorityShipId":1,"isInPool":false},"hypothesisId":"G1"}
{"sessionId":"bac766","timestamp":1773331924288,"location":"Gem.cs:FixedUpdate","message":"Gem attraction tick","data":{"value":22.00,"effectivePickupRadius":5.60,"priorityShipId":1,"isInPool":false},"hypothesisId":"G1"}
{"sessionId":"bac766","timestamp":1773331924289,"location":"Gem.cs:FixedUpdate","message":"Gem attraction tick","data":{"value":22.00,"effectivePickupRadius":5.60,"priorityShipId":1,"isInPool":false},"hypothesisId":"G1"}
{"sessionId":"bac766","timestamp":1773331924325,"location":"Gem.cs:FixedUpdate","message":"Gem attraction tick","data":{"value":22.00,"effectivePickupRadius":5.60,"priorityShipId":1,"isInPool":false},"hypothesisId":"G1"}
{"sessionId":"bac766","timestamp":1773331924326,"location":"Gem.cs:FixedUpdate","message":"Gem attraction tick","data":{"value":22.00,"effectivePickupRadius":5.60,"priorityShipId":1,"isInPool":false},"hypothesisId":"G1"}
{"sessionId":"bac766","timestamp":1773331924358,"location":"Gem.cs:FixedUpdate","message":"Gem attraction tick","data":{"value":22.00,"effectivePickupRadius":5.60,"priorityShipId":1,"isInPool":false},"hypothesisId":"G1"}
{"sessionId":"bac766","timestamp":1773331924359,"location":"Gem.cs:FixedUpdate","message":"Gem attraction tick","data":{"value":22.00,"effectivePickupRadius":5.60,"priorityShipId":1,"isInPool":false},"hypothesisId":"G1"}
{"sessionId":"bac766","timestamp":1773331924393,"location":"Gem.cs:FixedUpdate","message":"Gem attraction tick","data":{"value":22.00,"effectivePickupRadius":5.60,"priorityShipId":1,"isInPool":false},"hypothesisId":"G1"}
{"sessionId":"bac766","timestamp":1773331924394,"location":"Gem.cs:FixedUpdate","message":"Gem attraction tick","data":{"value":22.00,"effectivePickupRadius":5.60,"priorityShipId":1,"isInPool":false},"hypothesisId":"G1"}
{"sessionId":"bac766","timestamp":1773331924437,"location":"Gem.cs:FixedUpdate","message":"Gem attraction tick","data":{"value":22.00,"effectivePickupRadius":5.60,"priorityShipId":1,"isInPool":false},"hypothesisId":"G1"}
{"sessionId":"bac766","timestamp":1773331924438,"location":"Gem.cs:FixedUpdate","message":"Gem attraction tick","data":{"value":22.00,"effectivePickupRadius":5.60,"priorityShipId":1,"isInPool":false},"hypothesisId":"G1"}
{"sessionId":"bac766","timestamp":1773331924482,"location":"Gem.cs:FixedUpdate","message":"Gem attraction tick","data":{"value":22.00,"effectivePickupRadius":5.60,"priorityShipId":1,"isInPool":false},"hypothesisId":"G1"}
{"sessionId":"bac766","timestamp":1773331924482,"location":"Gem.cs:FixedUpdate","message":"Gem attraction tick","data":{"value":22.00,"effectivePickupRadius":5.60,"priorityShipId":1,"isInPool":false},"hypothesisId":"G1"}
{"sessionId":"bac766","timestamp":1773331924515,"location":"Gem.cs:FixedUpdate","message":"Gem attraction tick","data":{"value":22.00,"effectivePickupRadius":5.60,"priorityShipId":1,"isInPool":false},"hypothesisId":"G1"}
{"sessionId":"bac766","timestamp":1773331924517,"location":"Gem.cs:FixedUpdate","message":"Gem attraction tick","data":{"value":22.00,"effectivePickupRadius":5.60,"priorityShipId":1,"isInPool":false},"hypothesisId":"G1"}
{"sessionId":"bac766","timestamp":1773331924555,"location":"Gem.cs:FixedUpdate","message":"Gem attraction tick","data":{"value":22.00,"effectivePickupRadius":5.60,"priorityShipId":1,"isInPool":false},"hypothesisId":"G1"}
{"sessionId":"bac766","timestamp":1773331924555,"location":"Gem.cs:FixedUpdate","message":"Gem attraction tick","data":{"value":22.00,"effectivePickupRadius":5.60,"priorityShipId":1,"isInPool":false},"hypothesisId":"G1"}
{"sessionId":"bac766","timestamp":1773331924598,"location":"Gem.cs:FixedUpdate","message":"Gem attraction tick","data":{"value":22.00,"effectivePickupRadius":5.60,"priorityShipId":1,"isInPool":false},"hypothesisId":"G1"}
{"sessionId":"bac766","timestamp":1773331924599,"location":"Gem.cs:FixedUpdate","message":"Gem attraction tick","data":{"value":22.00,"effectivePickupRadius":5.60,"priorityShipId":1,"isInPool":false},"hypothesisId":"G1"}
{"sessionId":"bac766","timestamp":1773331924637,"location":"Gem.cs:FixedUpdate","message":"Gem attraction tick","data":{"value":22.00,"effectivePickupRadius":5.60,"priorityShipId":1,"isInPool":false},"hypothesisId":"G1"}
{"sessionId":"bac766","timestamp":1773331924638,"location":"Gem.cs:FixedUpdate","message":"Gem attraction tick","data":{"value":22.00,"effectivePickupRadius":5.60,"priorityShipId":1,"isInPool":false},"hypothesisId":"G1"}
{"sessionId":"bac766","timestamp":1773331924641,"location":"MinimapController.UpdateBlips","message":"blip and cache counts","data":{"blips":149,"edgeMarkers":20,"markerEdgeMarkers":0,"cachedShips":1,"cachedPlanets":20,"cachedAsteroids":299,"cachedMarkers":0,"durationMs":0},"hypothesisId":"B"}
{"sessionId":"bac766","timestamp":1773331924642,"location":"GameManager.Update","message":"frame timing","data":{"frame":1080,"realtime":44.85977,"deltaTime":0.0158701,"fps":63.01156},"hypothesisId":"C"}
{"sessionId":"bac766","timestamp":1773331924676,"location":"Gem.cs:FixedUpdate","message":"Gem attraction tick","data":{"value":22.00,"effectivePickupRadius":5.60,"priorityShipId":1,"isInPool":false},"hypothesisId":"G1"}
{"sessionId":"bac766","timestamp":1773331924677,"location":"Gem.cs:FixedUpdate","message":"Gem attraction tick","data":{"value":22.00,"effectivePickupRadius":5.60,"priorityShipId":1,"isInPool":false},"hypothesisId":"G1"}
{"sessionId":"bac766","timestamp":1773331924688,"location":"GameManager.Update","message":"object counts","data":{"bullets":0,"gems":2,"asteroids":299,"starships":1},"hypothesisId":"E"}
{"sessionId":"bac766","timestamp":1773331924723,"location":"Gem.cs:FixedUpdate","message":"Gem attraction tick","data":{"value":22.00,"effectivePickupRadius":5.60,"priorityShipId":1,"isInPool":false},"hypothesisId":"G1"}
{"sessionId":"bac766","timestamp":1773331924724,"location":"Gem.cs:FixedUpdate","message":"Gem attraction tick","data":{"value":22.00,"effectivePickupRadius":5.60,"priorityShipId":1,"isInPool":false},"hypothesisId":"G1"}
{"sessionId":"bac766","timestamp":1773331924771,"location":"Gem.cs:FixedUpdate","message":"Gem attraction tick","data":{"value":22.00,"effectivePickupRadius":5.60,"priorityShipId":1,"isInPool":false},"hypothesisId":"G1"}
{"sessionId":"bac766","timestamp":1773331924771,"location":"Gem.cs:FixedUpdate","message":"Gem attraction tick","data":{"value":22.00,"effectivePickupRadius":5.60,"priorityShipId":1,"isInPool":false},"hypothesisId":"G1"}
{"sessionId":"bac766","timestamp":1773331924810,"location":"Gem.cs:FixedUpdate","message":"Gem attraction tick","data":{"value":22.00,"effectivePickupRadius":5.60,"priorityShipId":1,"isInPool":false},"hypothesisId":"G1"}
{"sessionId":"bac766","timestamp":1773331924811,"location":"Gem.cs:FixedUpdate","message":"Gem attraction tick","data":{"value":22.00,"effectivePickupRadius":5.60,"priorityShipId":1,"isInPool":false},"hypothesisId":"G1"}
{"sessionId":"bac766","timestamp":1773331924886,"location":"Gem.cs:FixedUpdate","message":"Gem attraction tick","data":{"value":22.00,"effectivePickupRadius":5.60,"priorityShipId":1,"isInPool":false},"hypothesisId":"G1"}
{"sessionId":"bac766","timestamp":1773331924886,"location":"Gem.cs:FixedUpdate","message":"Gem attraction tick","data":{"value":22.00,"effectivePickupRadius":5.60,"priorityShipId":1,"isInPool":false},"hypothesisId":"G1"}
{"sessionId":"bac766","timestamp":1773331924921,"location":"Gem.cs:FixedUpdate","message":"Gem attraction tick","data":{"value":22.00,"effectivePickupRadius":5.60,"priorityShipId":1,"isInPool":false},"hypothesisId":"G1"}
{"sessionId":"bac766","timestamp":1773331924921,"location":"Gem.cs:FixedUpdate","message":"Gem attraction tick","data":{"value":22.00,"effectivePickupRadius":5.60,"priorityShipId":1,"isInPool":false},"hypothesisId":"G1"}
{"sessionId":"bac766","timestamp":1773331924963,"location":"Gem.cs:FixedUpdate","message":"Gem attraction tick","data":{"value":22.00,"effectivePickupRadius":5.60,"priorityShipId":1,"isInPool":false},"hypothesisId":"G1"}
{"sessionId":"bac766","timestamp":1773331924963,"location":"Gem.cs:FixedUpdate","message":"Gem attraction tick","data":{"value":22.00,"effectivePickupRadius":5.60,"priorityShipId":1,"isInPool":false},"hypothesisId":"G1"}
{"sessionId":"bac766","timestamp":1773331925007,"location":"Gem.cs:FixedUpdate","message":"Gem attraction tick","data":{"value":22.00,"effectivePickupRadius":5.60,"priorityShipId":1,"isInPool":false},"hypothesisId":"G1"}
{"sessionId":"bac766","timestamp":1773331925007,"location":"Gem.cs:FixedUpdate","message":"Gem attraction tick","data":{"value":22.00,"effectivePickupRadius":5.60,"priorityShipId":1,"isInPool":false},"hypothesisId":"G1"}
{"sessionId":"bac766","timestamp":1773331925044,"location":"Gem.cs:FixedUpdate","message":"Gem attraction tick","data":{"value":22.00,"effectivePickupRadius":5.60,"priorityShipId":1,"isInPool":false},"hypothesisId":"G1"}
{"sessionId":"bac766","timestamp":1773331925046,"location":"Gem.cs:FixedUpdate","message":"Gem attraction tick","data":{"value":22.00,"effectivePickupRadius":5.60,"priorityShipId":1,"isInPool":false},"hypothesisId":"G1"}
{"sessionId":"bac766","timestamp":1773331925087,"location":"Gem.cs:FixedUpdate","message":"Gem attraction tick","data":{"value":22.00,"effectivePickupRadius":5.60,"priorityShipId":1,"isInPool":false},"hypothesisId":"G1"}
{"sessionId":"bac766","timestamp":1773331925087,"location":"Gem.cs:FixedUpdate","message":"Gem attraction tick","data":{"value":22.00,"effectivePickupRadius":5.60,"priorityShipId":1,"isInPool":false},"hypothesisId":"G1"}
{"sessionId":"bac766","timestamp":1773331925132,"location":"Gem.cs:FixedUpdate","message":"Gem attraction tick","data":{"value":22.00,"effectivePickupRadius":5.60,"priorityShipId":1,"isInPool":false},"hypothesisId":"G1"}
{"sessionId":"bac766","timestamp":1773331925132,"location":"Gem.cs:FixedUpdate","message":"Gem attraction tick","data":{"value":22.00,"effectivePickupRadius":5.60,"priorityShipId":1,"isInPool":false},"hypothesisId":"G1"}
{"sessionId":"bac766","timestamp":1773331925170,"location":"Gem.cs:FixedUpdate","message":"Gem attraction tick","data":{"value":22.00,"effectivePickupRadius":5.60,"priorityShipId":1,"isInPool":false},"hypothesisId":"G1"}
{"sessionId":"bac766","timestamp":1773331925170,"location":"Gem.cs:FixedUpdate","message":"Gem attraction tick","data":{"value":22.00,"effectivePickupRadius":5.60,"priorityShipId":1,"isInPool":false},"hypothesisId":"G1"}
{"sessionId":"bac766","timestamp":1773331925259,"location":"Gem.cs:FixedUpdate","message":"Gem attraction tick","data":{"value":22.00,"effectivePickupRadius":5.60,"priorityShipId":1,"isInPool":false},"hypothesisId":"G1"}
{"sessionId":"bac766","timestamp":1773331925260,"location":"Gem.cs:FixedUpdate","message":"Gem attraction tick","data":{"value":22.00,"effectivePickupRadius":5.60,"priorityShipId":1,"isInPool":false},"hypothesisId":"G1"}
{"sessionId":"bac766","timestamp":1773331925300,"location":"Gem.cs:FixedUpdate","message":"Gem attraction tick","data":{"value":22.00,"effectivePickupRadius":5.60,"priorityShipId":1,"isInPool":false},"hypothesisId":"G1"}
{"sessionId":"bac766","timestamp":1773331925300,"location":"Gem.cs:FixedUpdate","message":"Gem attraction tick","data":{"value":22.00,"effectivePickupRadius":5.60,"priorityShipId":1,"isInPool":false},"hypothesisId":"G1"}
{"sessionId":"bac766","timestamp":1773331925346,"location":"Gem.cs:FixedUpdate","message":"Gem attraction tick","data":{"value":22.00,"effectivePickupRadius":5.60,"priorityShipId":1,"isInPool":false},"hypothesisId":"G1"}
{"sessionId":"bac766","timestamp":1773331925347,"location":"Gem.cs:FixedUpdate","message":"Gem attraction tick","data":{"value":22.00,"effectivePickupRadius":5.60,"priorityShipId":1,"isInPool":false},"hypothesisId":"G1"}
{"sessionId":"bac766","timestamp":1773331925391,"location":"Gem.cs:FixedUpdate","message":"Gem attraction tick","data":{"value":22.00,"effectivePickupRadius":5.60,"priorityShipId":1,"isInPool":false},"hypothesisId":"G1"}
{"sessionId":"bac766","timestamp":1773331925392,"location":"Gem.cs:FixedUpdate","message":"Gem attraction tick","data":{"value":22.00,"effectivePickupRadius":5.60,"priorityShipId":1,"isInPool":false},"hypothesisId":"G1"}
{"sessionId":"bac766","timestamp":1773331925432,"location":"Gem.cs:FixedUpdate","message":"Gem attraction tick","data":{"value":22.00,"effectivePickupRadius":5.60,"priorityShipId":1,"isInPool":false},"hypothesisId":"G1"}
{"sessionId":"bac766","timestamp":1773331925433,"location":"Gem.cs:FixedUpdate","message":"Gem attraction tick","data":{"value":22.00,"effectivePickupRadius":5.60,"priorityShipId":1,"isInPool":false},"hypothesisId":"G1"}
{"sessionId":"bac766","timestamp":1773331925473,"location":"Gem.cs:FixedUpdate","message":"Gem attraction tick","data":{"value":22.00,"effectivePickupRadius":5.60,"priorityShipId":1,"isInPool":false},"hypothesisId":"G1"}
{"sessionId":"bac766","timestamp":1773331925474,"location":"Gem.cs:FixedUpdate","message":"Gem attraction tick","data":{"value":22.00,"effectivePickupRadius":5.60,"priorityShipId":1,"isInPool":false},"hypothesisId":"G1"}
{"sessionId":"bac766","timestamp":1773331925503,"location":"PlanetConnectionSystem.RecomputeGraph","message":"edges and triangles","data":{"edges":0,"triangles":0,"durationMs":1.983643},"hypothesisId":"D"}
{"sessionId":"bac766","timestamp":1773331925525,"location":"Gem.cs:FixedUpdate","message":"Gem attraction tick","data":{"value":22.00,"effectivePickupRadius":5.60,"priorityShipId":1,"isInPool":false},"hypothesisId":"G1"}
{"sessionId":"bac766","timestamp":1773331925526,"location":"Gem.cs:FixedUpdate","message":"Gem attraction tick","data":{"value":22.00,"effectivePickupRadius":5.60,"priorityShipId":1,"isInPool":false},"hypothesisId":"G1"}
{"sessionId":"bac766","timestamp":1773331925579,"location":"Gem.cs:FixedUpdate","message":"Gem attraction tick","data":{"value":22.00,"effectivePickupRadius":5.60,"priorityShipId":1,"isInPool":false},"hypothesisId":"G1"}
{"sessionId":"bac766","timestamp":1773331925583,"location":"Gem.cs:FixedUpdate","message":"Gem attraction tick","data":{"value":22.00,"effectivePickupRadius":5.60,"priorityShipId":1,"isInPool":false},"hypothesisId":"G1"}
{"sessionId":"bac766","timestamp":1773331925635,"location":"Gem.cs:FixedUpdate","message":"Gem attraction tick","data":{"value":22.00,"effectivePickupRadius":5.60,"priorityShipId":1,"isInPool":false},"hypothesisId":"G1"}
{"sessionId":"bac766","timestamp":1773331925636,"location":"Gem.cs:FixedUpdate","message":"Gem attraction tick","data":{"value":22.00,"effectivePickupRadius":5.60,"priorityShipId":1,"isInPool":false},"hypothesisId":"G1"}
{"sessionId":"bac766","timestamp":1773331925682,"location":"Gem.cs:FixedUpdate","message":"Gem attraction tick","data":{"value":22.00,"effectivePickupRadius":5.60,"priorityShipId":1,"isInPool":false},"hypothesisId":"G1"}
{"sessionId":"bac766","timestamp":1773331925683,"location":"Gem.cs:FixedUpdate","message":"Gem attraction tick","data":{"value":22.00,"effectivePickupRadius":5.60,"priorityShipId":1,"isInPool":false},"hypothesisId":"G1"}
{"sessionId":"bac766","timestamp":1773331925721,"location":"Gem.cs:FixedUpdate","message":"Gem attraction tick","data":{"value":22.00,"effectivePickupRadius":5.60,"priorityShipId":1,"isInPool":false},"hypothesisId":"G1"}
{"sessionId":"bac766","timestamp":1773331925722,"location":"Gem.cs:FixedUpdate","message":"Gem attraction tick","data":{"value":22.00,"effectivePickupRadius":5.60,"priorityShipId":1,"isInPool":false},"hypothesisId":"G1"}
{"sessionId":"bac766","timestamp":1773331925761,"location":"Gem.cs:FixedUpdate","message":"Gem attraction tick","data":{"value":22.00,"effectivePickupRadius":5.60,"priorityShipId":1,"isInPool":false},"hypothesisId":"G1"}
{"sessionId":"bac766","timestamp":1773331925761,"location":"Gem.cs:FixedUpdate","message":"Gem attraction tick","data":{"value":22.00,"effectivePickupRadius":5.60,"priorityShipId":1,"isInPool":false},"hypothesisId":"G1"}
{"sessionId":"bac766","timestamp":1773331925804,"location":"Gem.cs:FixedUpdate","message":"Gem attraction tick","data":{"value":22.00,"effectivePickupRadius":5.60,"priorityShipId":1,"isInPool":false},"hypothesisId":"G1"}
{"sessionId":"bac766","timestamp":1773331925805,"location":"Gem.cs:FixedUpdate","message":"Gem attraction tick","data":{"value":22.00,"effectivePickupRadius":5.60,"priorityShipId":1,"isInPool":false},"hypothesisId":"G1"}
{"sessionId":"bac766","timestamp":1773331925842,"location":"Gem.cs:FixedUpdate","message":"Gem attraction tick","data":{"value":22.00,"effectivePickupRadius":5.60,"priorityShipId":1,"isInPool":false},"hypothesisId":"G1"}
{"sessionId":"bac766","timestamp":1773331925843,"location":"Gem.cs:FixedUpdate","message":"Gem attraction tick","data":{"value":22.00,"effectivePickupRadius":5.60,"priorityShipId":1,"isInPool":false},"hypothesisId":"G1"}
{"sessionId":"bac766","timestamp":1773331925910,"location":"Gem.cs:FixedUpdate","message":"Gem attraction tick","data":{"value":22.00,"effectivePickupRadius":5.60,"priorityShipId":1,"isInPool":false},"hypothesisId":"G1"}
{"sessionId":"bac766","timestamp":1773331925911,"location":"Gem.cs:FixedUpdate","message":"Gem attraction tick","data":{"value":22.00,"effectivePickupRadius":5.60,"priorityShipId":1,"isInPool":false},"hypothesisId":"G1"}
{"sessionId":"bac766","timestamp":1773331925916,"location":"Gem.cs:FixedUpdate","message":"Gem attraction tick","data":{"value":22.00,"effectivePickupRadius":5.60,"priorityShipId":1,"isInPool":false},"hypothesisId":"G1"}
{"sessionId":"bac766","timestamp":1773331925916,"location":"Gem.cs:FixedUpdate","message":"Gem attraction tick","data":{"value":22.00,"effectivePickupRadius":5.60,"priorityShipId":1,"isInPool":false},"hypothesisId":"G1"}
{"sessionId":"bac766","timestamp":1773331925921,"location":"Gem.cs:FixedUpdate","message":"Gem attraction tick","data":{"value":22.00,"effectivePickupRadius":5.60,"priorityShipId":1,"isInPool":false},"hypothesisId":"G1"}
{"sessionId":"bac766","timestamp":1773331925922,"location":"Gem.cs:FixedUpdate","message":"Gem attraction tick","data":{"value":22.00,"effectivePickupRadius":5.60,"priorityShipId":1,"isInPool":false},"hypothesisId":"G1"}
{"sessionId":"bac766","timestamp":1773331925980,"location":"Gem.cs:FixedUpdate","message":"Gem attraction tick","data":{"value":22.00,"effectivePickupRadius":5.60,"priorityShipId":1,"isInPool":false},"hypothesisId":"G1"}
{"sessionId":"bac766","timestamp":1773331925980,"location":"Gem.cs:FixedUpdate","message":"Gem attraction tick","data":{"value":22.00,"effectivePickupRadius":5.60,"priorityShipId":1,"isInPool":false},"hypothesisId":"G1"}
{"sessionId":"bac766","timestamp":1773331925999,"location":"GameManager.Update","message":"frame timing","data":{"frame":1140,"realtime":46.21697,"deltaTime":0.0268092,"fps":37.30063},"hypothesisId":"C"}
{"sessionId":"bac766","timestamp":1773331926034,"location":"Gem.cs:FixedUpdate","message":"Gem attraction tick","data":{"value":22.00,"effectivePickupRadius":5.60,"priorityShipId":1,"isInPool":false},"hypothesisId":"G1"}
{"sessionId":"bac766","timestamp":1773331926034,"location":"Gem.cs:FixedUpdate","message":"Gem attraction tick","data":{"value":22.00,"effectivePickupRadius":5.60,"priorityShipId":1,"isInPool":false},"hypothesisId":"G1"}
{"sessionId":"bac766","timestamp":1773331926075,"location":"Gem.cs:FixedUpdate","message":"Gem attraction tick","data":{"value":22.00,"effectivePickupRadius":5.60,"priorityShipId":1,"isInPool":false},"hypothesisId":"G1"}
{"sessionId":"bac766","timestamp":1773331926077,"location":"Gem.cs:FixedUpdate","message":"Gem attraction tick","data":{"value":22.00,"effectivePickupRadius":5.60,"priorityShipId":1,"isInPool":false},"hypothesisId":"G1"}
{"sessionId":"bac766","timestamp":1773331926144,"location":"Gem.cs:FixedUpdate","message":"Gem attraction tick","data":{"value":22.00,"effectivePickupRadius":5.60,"priorityShipId":1,"isInPool":false},"hypothesisId":"G1"}
{"sessionId":"bac766","timestamp":1773331926145,"location":"Gem.cs:FixedUpdate","message":"Gem attraction tick","data":{"value":22.00,"effectivePickupRadius":5.60,"priorityShipId":1,"isInPool":false},"hypothesisId":"G1"}
{"sessionId":"bac766","timestamp":1773331926182,"location":"Gem.cs:FixedUpdate","message":"Gem attraction tick","data":{"value":22.00,"effectivePickupRadius":5.60,"priorityShipId":1,"isInPool":false},"hypothesisId":"G1"}
{"sessionId":"bac766","timestamp":1773331926183,"location":"Gem.cs:FixedUpdate","message":"Gem attraction tick","data":{"value":22.00,"effectivePickupRadius":5.60,"priorityShipId":1,"isInPool":false},"hypothesisId":"G1"}
{"sessionId":"bac766","timestamp":1773331926221,"location":"Gem.cs:FixedUpdate","message":"Gem attraction tick","data":{"value":22.00,"effectivePickupRadius":5.60,"priorityShipId":1,"isInPool":false},"hypothesisId":"G1"}
{"sessionId":"bac766","timestamp":1773331926221,"location":"Gem.cs:FixedUpdate","message":"Gem attraction tick","data":{"value":22.00,"effectivePickupRadius":5.60,"priorityShipId":1,"isInPool":false},"hypothesisId":"G1"}
{"sessionId":"bac766","timestamp":1773331926254,"location":"Gem.cs:FixedUpdate","message":"Gem attraction tick","data":{"value":22.00,"effectivePickupRadius":5.60,"priorityShipId":1,"isInPool":false},"hypothesisId":"G1"}
{"sessionId":"bac766","timestamp":1773331926254,"location":"Gem.cs:FixedUpdate","message":"Gem attraction tick","data":{"value":22.00,"effectivePickupRadius":5.60,"priorityShipId":1,"isInPool":false},"hypothesisId":"G1"}
{"sessionId":"bac766","timestamp":1773331926290,"location":"Gem.cs:FixedUpdate","message":"Gem attraction tick","data":{"value":22.00,"effectivePickupRadius":5.60,"priorityShipId":1,"isInPool":false},"hypothesisId":"G1"}
{"sessionId":"bac766","timestamp":1773331926290,"location":"Gem.cs:FixedUpdate","message":"Gem attraction tick","data":{"value":22.00,"effectivePickupRadius":5.60,"priorityShipId":1,"isInPool":false},"hypothesisId":"G1"}
{"sessionId":"bac766","timestamp":1773331926335,"location":"Gem.cs:FixedUpdate","message":"Gem attraction tick","data":{"value":22.00,"effectivePickupRadius":5.60,"priorityShipId":1,"isInPool":false},"hypothesisId":"G1"}
{"sessionId":"bac766","timestamp":1773331926335,"location":"Gem.cs:FixedUpdate","message":"Gem attraction tick","data":{"value":22.00,"effectivePickupRadius":5.60,"priorityShipId":1,"isInPool":false},"hypothesisId":"G1"}
{"sessionId":"bac766","timestamp":1773331926375,"location":"Gem.cs:FixedUpdate","message":"Gem attraction tick","data":{"value":22.00,"effectivePickupRadius":5.60,"priorityShipId":1,"isInPool":false},"hypothesisId":"G1"}
{"sessionId":"bac766","timestamp":1773331926375,"location":"Gem.cs:FixedUpdate","message":"Gem attraction tick","data":{"value":22.00,"effectivePickupRadius":5.60,"priorityShipId":1,"isInPool":false},"hypothesisId":"G1"}
{"sessionId":"bac766","timestamp":1773331926445,"location":"Gem.cs:FixedUpdate","message":"Gem attraction tick","data":{"value":22.00,"effectivePickupRadius":5.60,"priorityShipId":1,"isInPool":false},"hypothesisId":"G1"}
{"sessionId":"bac766","timestamp":1773331926445,"location":"Gem.cs:FixedUpdate","message":"Gem attraction tick","data":{"value":22.00,"effectivePickupRadius":5.60,"priorityShipId":1,"isInPool":false},"hypothesisId":"G1"}
{"sessionId":"bac766","timestamp":1773331926482,"location":"Gem.cs:FixedUpdate","message":"Gem attraction tick","data":{"value":22.00,"effectivePickupRadius":5.60,"priorityShipId":1,"isInPool":false},"hypothesisId":"G1"}
{"sessionId":"bac766","timestamp":1773331926482,"location":"Gem.cs:FixedUpdate","message":"Gem attraction tick","data":{"value":22.00,"effectivePickupRadius":5.60,"priorityShipId":1,"isInPool":false},"hypothesisId":"G1"}
{"sessionId":"bac766","timestamp":1773331926519,"location":"Gem.cs:FixedUpdate","message":"Gem attraction tick","data":{"value":22.00,"effectivePickupRadius":5.60,"priorityShipId":1,"isInPool":false},"hypothesisId":"G1"}
{"sessionId":"bac766","timestamp":1773331926520,"location":"Gem.cs:FixedUpdate","message":"Gem attraction tick","data":{"value":22.00,"effectivePickupRadius":5.60,"priorityShipId":1,"isInPool":false},"hypothesisId":"G1"}
{"sessionId":"bac766","timestamp":1773331926557,"location":"Gem.cs:FixedUpdate","message":"Gem attraction tick","data":{"value":22.00,"effectivePickupRadius":5.60,"priorityShipId":1,"isInPool":false},"hypothesisId":"G1"}
{"sessionId":"bac766","timestamp":1773331926558,"location":"Gem.cs:FixedUpdate","message":"Gem attraction tick","data":{"value":22.00,"effectivePickupRadius":5.60,"priorityShipId":1,"isInPool":false},"hypothesisId":"G1"}
{"sessionId":"bac766","timestamp":1773331926600,"location":"Gem.cs:FixedUpdate","message":"Gem attraction tick","data":{"value":22.00,"effectivePickupRadius":5.60,"priorityShipId":1,"isInPool":false},"hypothesisId":"G1"}
{"sessionId":"bac766","timestamp":1773331926602,"location":"Gem.cs:FixedUpdate","message":"Gem attraction tick","data":{"value":22.00,"effectivePickupRadius":5.60,"priorityShipId":1,"isInPool":false},"hypothesisId":"G1"}
{"sessionId":"bac766","timestamp":1773331926638,"location":"Gem.cs:FixedUpdate","message":"Gem attraction tick","data":{"value":22.00,"effectivePickupRadius":5.60,"priorityShipId":1,"isInPool":false},"hypothesisId":"G1"}
{"sessionId":"bac766","timestamp":1773331926639,"location":"Gem.cs:FixedUpdate","message":"Gem attraction tick","data":{"value":22.00,"effectivePickupRadius":5.60,"priorityShipId":1,"isInPool":false},"hypothesisId":"G1"}
{"sessionId":"bac766","timestamp":1773331926690,"location":"Gem.cs:FixedUpdate","message":"Gem attraction tick","data":{"value":22.00,"effectivePickupRadius":5.60,"priorityShipId":1,"isInPool":false},"hypothesisId":"G1"}
{"sessionId":"bac766","timestamp":1773331926690,"location":"Gem.cs:FixedUpdate","message":"Gem attraction tick","data":{"value":22.00,"effectivePickupRadius":5.60,"priorityShipId":1,"isInPool":false},"hypothesisId":"G1"}
{"sessionId":"bac766","timestamp":1773331926694,"location":"Gem.cs:FixedUpdate","message":"Gem attraction tick","data":{"value":22.00,"effectivePickupRadius":5.60,"priorityShipId":1,"isInPool":false},"hypothesisId":"G1"}
{"sessionId":"bac766","timestamp":1773331926694,"location":"Gem.cs:FixedUpdate","message":"Gem attraction tick","data":{"value":22.00,"effectivePickupRadius":5.60,"priorityShipId":1,"isInPool":false},"hypothesisId":"G1"}
{"sessionId":"bac766","timestamp":1773331926704,"location":"GameManager.Update","message":"object counts","data":{"bullets":0,"gems":2,"asteroids":299,"starships":1},"hypothesisId":"E"}
{"sessionId":"bac766","timestamp":1773331926738,"location":"Gem.cs:FixedUpdate","message":"Gem attraction tick","data":{"value":22.00,"effectivePickupRadius":5.60,"priorityShipId":1,"isInPool":false},"hypothesisId":"G1"}
{"sessionId":"bac766","timestamp":1773331926739,"location":"Gem.cs:FixedUpdate","message":"Gem attraction tick","data":{"value":22.00,"effectivePickupRadius":5.60,"priorityShipId":1,"isInPool":false},"hypothesisId":"G1"}
{"sessionId":"bac766","timestamp":1773331926773,"location":"Gem.cs:FixedUpdate","message":"Gem attraction tick","data":{"value":22.00,"effectivePickupRadius":5.60,"priorityShipId":1,"isInPool":false},"hypothesisId":"G1"}
{"sessionId":"bac766","timestamp":1773331926773,"location":"Gem.cs:FixedUpdate","message":"Gem attraction tick","data":{"value":22.00,"effectivePickupRadius":5.60,"priorityShipId":1,"isInPool":false},"hypothesisId":"G1"}
{"sessionId":"bac766","timestamp":1773331926845,"location":"Gem.cs:FixedUpdate","message":"Gem attraction tick","data":{"value":22.00,"effectivePickupRadius":5.60,"priorityShipId":1,"isInPool":false},"hypothesisId":"G1"}
{"sessionId":"bac766","timestamp":1773331926846,"location":"Gem.cs:FixedUpdate","message":"Gem attraction tick","data":{"value":22.00,"effectivePickupRadius":5.60,"priorityShipId":1,"isInPool":false},"hypothesisId":"G1"}
{"sessionId":"bac766","timestamp":1773331926892,"location":"Gem.cs:FixedUpdate","message":"Gem attraction tick","data":{"value":22.00,"effectivePickupRadius":5.60,"priorityShipId":1,"isInPool":false},"hypothesisId":"G1"}
{"sessionId":"bac766","timestamp":1773331926893,"location":"Gem.cs:FixedUpdate","message":"Gem attraction tick","data":{"value":22.00,"effectivePickupRadius":5.60,"priorityShipId":1,"isInPool":false},"hypothesisId":"G1"}
{"sessionId":"bac766","timestamp":1773331926931,"location":"Gem.cs:FixedUpdate","message":"Gem attraction tick","data":{"value":22.00,"effectivePickupRadius":5.60,"priorityShipId":1,"isInPool":false},"hypothesisId":"G1"}
{"sessionId":"bac766","timestamp":1773331926931,"location":"Gem.cs:FixedUpdate","message":"Gem attraction tick","data":{"value":22.00,"effectivePickupRadius":5.60,"priorityShipId":1,"isInPool":false},"hypothesisId":"G1"}
{"sessionId":"bac766","timestamp":1773331927000,"location":"Gem.cs:FixedUpdate","message":"Gem attraction tick","data":{"value":22.00,"effectivePickupRadius":5.60,"priorityShipId":1,"isInPool":false},"hypothesisId":"G1"}
{"sessionId":"bac766","timestamp":1773331927001,"location":"Gem.cs:FixedUpdate","message":"Gem attraction tick","data":{"value":22.00,"effectivePickupRadius":5.60,"priorityShipId":1,"isInPool":false},"hypothesisId":"G1"}
{"sessionId":"bac766","timestamp":1773331927040,"location":"Gem.cs:FixedUpdate","message":"Gem attraction tick","data":{"value":22.00,"effectivePickupRadius":5.60,"priorityShipId":1,"isInPool":false},"hypothesisId":"G1"}
{"sessionId":"bac766","timestamp":1773331927040,"location":"Gem.cs:FixedUpdate","message":"Gem attraction tick","data":{"value":22.00,"effectivePickupRadius":5.60,"priorityShipId":1,"isInPool":false},"hypothesisId":"G1"}
{"sessionId":"bac766","timestamp":1773331927075,"location":"Gem.cs:FixedUpdate","message":"Gem attraction tick","data":{"value":22.00,"effectivePickupRadius":5.60,"priorityShipId":1,"isInPool":false},"hypothesisId":"G1"}
{"sessionId":"bac766","timestamp":1773331927075,"location":"Gem.cs:FixedUpdate","message":"Gem attraction tick","data":{"value":22.00,"effectivePickupRadius":5.60,"priorityShipId":1,"isInPool":false},"hypothesisId":"G1"}
{"sessionId":"bac766","timestamp":1773331927118,"location":"Gem.cs:FixedUpdate","message":"Gem attraction tick","data":{"value":22.00,"effectivePickupRadius":5.60,"priorityShipId":1,"isInPool":false},"hypothesisId":"G1"}
{"sessionId":"bac766","timestamp":1773331927120,"location":"Gem.cs:FixedUpdate","message":"Gem attraction tick","data":{"value":22.00,"effectivePickupRadius":5.60,"priorityShipId":1,"isInPool":false},"hypothesisId":"G1"}
{"sessionId":"bac766","timestamp":1773331927161,"location":"Gem.cs:FixedUpdate","message":"Gem attraction tick","data":{"value":22.00,"effectivePickupRadius":5.60,"priorityShipId":1,"isInPool":false},"hypothesisId":"G1"}
{"sessionId":"bac766","timestamp":1773331927162,"location":"Gem.cs:FixedUpdate","message":"Gem attraction tick","data":{"value":22.00,"effectivePickupRadius":5.60,"priorityShipId":1,"isInPool":false},"hypothesisId":"G1"}
{"sessionId":"bac766","timestamp":1773331927165,"location":"MinimapController.UpdateBlips","message":"blip and cache counts","data":{"blips":149,"edgeMarkers":20,"markerEdgeMarkers":0,"cachedShips":1,"cachedPlanets":20,"cachedAsteroids":299,"cachedMarkers":0,"durationMs":0},"hypothesisId":"B"}
{"sessionId":"bac766","timestamp":1773331927166,"location":"GameManager.Update","message":"frame timing","data":{"frame":1200,"realtime":47.38381,"deltaTime":0.02058009,"fps":48.59064},"hypothesisId":"C"}
{"sessionId":"bac766","timestamp":1773331927201,"location":"Gem.cs:FixedUpdate","message":"Gem attraction tick","data":{"value":22.00,"effectivePickupRadius":5.60,"priorityShipId":1,"isInPool":false},"hypothesisId":"G1"}
{"sessionId":"bac766","timestamp":1773331927201,"location":"Gem.cs:FixedUpdate","message":"Gem attraction tick","data":{"value":22.00,"effectivePickupRadius":5.60,"priorityShipId":1,"isInPool":false},"hypothesisId":"G1"}
{"sessionId":"bac766","timestamp":1773331927241,"location":"Gem.cs:FixedUpdate","message":"Gem attraction tick","data":{"value":22.00,"effectivePickupRadius":5.60,"priorityShipId":1,"isInPool":false},"hypothesisId":"G1"}
{"sessionId":"bac766","timestamp":1773331927241,"location":"Gem.cs:FixedUpdate","message":"Gem attraction tick","data":{"value":22.00,"effectivePickupRadius":5.60,"priorityShipId":1,"isInPool":false},"hypothesisId":"G1"}
{"sessionId":"bac766","timestamp":1773331927278,"location":"Gem.cs:FixedUpdate","message":"Gem attraction tick","data":{"value":22.00,"effectivePickupRadius":5.60,"priorityShipId":1,"isInPool":false},"hypothesisId":"G1"}
{"sessionId":"bac766","timestamp":1773331927278,"location":"Gem.cs:FixedUpdate","message":"Gem attraction tick","data":{"value":22.00,"effectivePickupRadius":5.60,"priorityShipId":1,"isInPool":false},"hypothesisId":"G1"}
{"sessionId":"bac766","timestamp":1773331927316,"location":"Gem.cs:FixedUpdate","message":"Gem attraction tick","data":{"value":22.00,"effectivePickupRadius":5.60,"priorityShipId":1,"isInPool":false},"hypothesisId":"G1"}
{"sessionId":"bac766","timestamp":1773331927316,"location":"Gem.cs:FixedUpdate","message":"Gem attraction tick","data":{"value":22.00,"effectivePickupRadius":5.60,"priorityShipId":1,"isInPool":false},"hypothesisId":"G1"}
{"sessionId":"bac766","timestamp":1773331927361,"location":"Gem.cs:FixedUpdate","message":"Gem attraction tick","data":{"value":22.00,"effectivePickupRadius":5.60,"priorityShipId":1,"isInPool":false},"hypothesisId":"G1"}
{"sessionId":"bac766","timestamp":1773331927361,"location":"Gem.cs:FixedUpdate","message":"Gem attraction tick","data":{"value":22.00,"effectivePickupRadius":5.60,"priorityShipId":1,"isInPool":false},"hypothesisId":"G1"}
{"sessionId":"bac766","timestamp":1773331927398,"location":"Gem.cs:FixedUpdate","message":"Gem attraction tick","data":{"value":22.00,"effectivePickupRadius":5.60,"priorityShipId":1,"isInPool":false},"hypothesisId":"G1"}
{"sessionId":"bac766","timestamp":1773331927398,"location":"Gem.cs:FixedUpdate","message":"Gem attraction tick","data":{"value":22.00,"effectivePickupRadius":5.60,"priorityShipId":1,"isInPool":false},"hypothesisId":"G1"}
{"sessionId":"bac766","timestamp":1773331927436,"location":"Gem.cs:FixedUpdate","message":"Gem attraction tick","data":{"value":22.00,"effectivePickupRadius":5.60,"priorityShipId":1,"isInPool":false},"hypothesisId":"G1"}
{"sessionId":"bac766","timestamp":1773331927437,"location":"Gem.cs:FixedUpdate","message":"Gem attraction tick","data":{"value":22.00,"effectivePickupRadius":5.60,"priorityShipId":1,"isInPool":false},"hypothesisId":"G1"}
{"sessionId":"bac766","timestamp":1773331927479,"location":"Gem.cs:FixedUpdate","message":"Gem attraction tick","data":{"value":22.00,"effectivePickupRadius":5.60,"priorityShipId":1,"isInPool":false},"hypothesisId":"G1"}
{"sessionId":"bac766","timestamp":1773331927479,"location":"Gem.cs:FixedUpdate","message":"Gem attraction tick","data":{"value":22.00,"effectivePickupRadius":5.60,"priorityShipId":1,"isInPool":false},"hypothesisId":"G1"}
{"sessionId":"bac766","timestamp":1773331927522,"location":"Gem.cs:FixedUpdate","message":"Gem attraction tick","data":{"value":22.00,"effectivePickupRadius":5.60,"priorityShipId":1,"isInPool":false},"hypothesisId":"G1"}
{"sessionId":"bac766","timestamp":1773331927522,"location":"Gem.cs:FixedUpdate","message":"Gem attraction tick","data":{"value":22.00,"effectivePickupRadius":5.60,"priorityShipId":1,"isInPool":false},"hypothesisId":"G1"}
{"sessionId":"bac766","timestamp":1773331927560,"location":"Gem.cs:FixedUpdate","message":"Gem attraction tick","data":{"value":22.00,"effectivePickupRadius":5.60,"priorityShipId":1,"isInPool":false},"hypothesisId":"G1"}
{"sessionId":"bac766","timestamp":1773331927561,"location":"Gem.cs:FixedUpdate","message":"Gem attraction tick","data":{"value":22.00,"effectivePickupRadius":5.60,"priorityShipId":1,"isInPool":false},"hypothesisId":"G1"}
{"sessionId":"bac766","timestamp":1773331927609,"location":"Gem.cs:FixedUpdate","message":"Gem attraction tick","data":{"value":22.00,"effectivePickupRadius":5.60,"priorityShipId":1,"isInPool":false},"hypothesisId":"G1"}
{"sessionId":"bac766","timestamp":1773331927609,"location":"Gem.cs:FixedUpdate","message":"Gem attraction tick","data":{"value":22.00,"effectivePickupRadius":5.60,"priorityShipId":1,"isInPool":false},"hypothesisId":"G1"}
{"sessionId":"bac766","timestamp":1773331927661,"location":"Gem.cs:FixedUpdate","message":"Gem attraction tick","data":{"value":22.00,"effectivePickupRadius":5.60,"priorityShipId":1,"isInPool":false},"hypothesisId":"G1"}
{"sessionId":"bac766","timestamp":1773331927663,"location":"Gem.cs:FixedUpdate","message":"Gem attraction tick","data":{"value":22.00,"effectivePickupRadius":5.60,"priorityShipId":1,"isInPool":false},"hypothesisId":"G1"}
{"sessionId":"bac766","timestamp":1773331927704,"location":"Gem.cs:FixedUpdate","message":"Gem attraction tick","data":{"value":22.00,"effectivePickupRadius":5.60,"priorityShipId":1,"isInPool":false},"hypothesisId":"G1"}
{"sessionId":"bac766","timestamp":1773331927704,"location":"Gem.cs:FixedUpdate","message":"Gem attraction tick","data":{"value":22.00,"effectivePickupRadius":5.60,"priorityShipId":1,"isInPool":false},"hypothesisId":"G1"}
{"sessionId":"bac766","timestamp":1773331927739,"location":"Gem.cs:FixedUpdate","message":"Gem attraction tick","data":{"value":22.00,"effectivePickupRadius":5.60,"priorityShipId":1,"isInPool":false},"hypothesisId":"G1"}
{"sessionId":"bac766","timestamp":1773331927739,"location":"Gem.cs:FixedUpdate","message":"Gem attraction tick","data":{"value":22.00,"effectivePickupRadius":5.60,"priorityShipId":1,"isInPool":false},"hypothesisId":"G1"}
{"sessionId":"bac766","timestamp":1773331927780,"location":"Gem.cs:FixedUpdate","message":"Gem attraction tick","data":{"value":22.00,"effectivePickupRadius":5.60,"priorityShipId":1,"isInPool":false},"hypothesisId":"G1"}
{"sessionId":"bac766","timestamp":1773331927780,"location":"Gem.cs:FixedUpdate","message":"Gem attraction tick","data":{"value":22.00,"effectivePickupRadius":5.60,"priorityShipId":1,"isInPool":false},"hypothesisId":"G1"}
{"sessionId":"bac766","timestamp":1773331927813,"location":"Gem.cs:FixedUpdate","message":"Gem attraction tick","data":{"value":22.00,"effectivePickupRadius":5.60,"priorityShipId":1,"isInPool":false},"hypothesisId":"G1"}
{"sessionId":"bac766","timestamp":1773331927814,"location":"Gem.cs:FixedUpdate","message":"Gem attraction tick","data":{"value":22.00,"effectivePickupRadius":5.60,"priorityShipId":1,"isInPool":false},"hypothesisId":"G1"}
{"sessionId":"bac766","timestamp":1773331927856,"location":"Gem.cs:FixedUpdate","message":"Gem attraction tick","data":{"value":22.00,"effectivePickupRadius":5.60,"priorityShipId":1,"isInPool":false},"hypothesisId":"G1"}
{"sessionId":"bac766","timestamp":1773331927856,"location":"Gem.cs:FixedUpdate","message":"Gem attraction tick","data":{"value":22.00,"effectivePickupRadius":5.60,"priorityShipId":1,"isInPool":false},"hypothesisId":"G1"}
{"sessionId":"bac766","timestamp":1773331927905,"location":"Gem.cs:FixedUpdate","message":"Gem attraction tick","data":{"value":22.00,"effectivePickupRadius":5.60,"priorityShipId":1,"isInPool":false},"hypothesisId":"G1"}
{"sessionId":"bac766","timestamp":1773331927905,"location":"Gem.cs:FixedUpdate","message":"Gem attraction tick","data":{"value":22.00,"effectivePickupRadius":5.60,"priorityShipId":1,"isInPool":false},"hypothesisId":"G1"}
{"sessionId":"bac766","timestamp":1773331927952,"location":"Gem.cs:FixedUpdate","message":"Gem attraction tick","data":{"value":22.00,"effectivePickupRadius":5.60,"priorityShipId":1,"isInPool":false},"hypothesisId":"G1"}
{"sessionId":"bac766","timestamp":1773331927952,"location":"Gem.cs:FixedUpdate","message":"Gem attraction tick","data":{"value":22.00,"effectivePickupRadius":5.60,"priorityShipId":1,"isInPool":false},"hypothesisId":"G1"}
{"sessionId":"bac766","timestamp":1773331927992,"location":"Gem.cs:FixedUpdate","message":"Gem attraction tick","data":{"value":22.00,"effectivePickupRadius":5.60,"priorityShipId":1,"isInPool":false},"hypothesisId":"G1"}
{"sessionId":"bac766","timestamp":1773331927993,"location":"Gem.cs:FixedUpdate","message":"Gem attraction tick","data":{"value":22.00,"effectivePickupRadius":5.60,"priorityShipId":1,"isInPool":false},"hypothesisId":"G1"}
{"sessionId":"bac766","timestamp":1773331928067,"location":"Gem.cs:FixedUpdate","message":"Gem attraction tick","data":{"value":22.00,"effectivePickupRadius":5.60,"priorityShipId":1,"isInPool":false},"hypothesisId":"G1"}
{"sessionId":"bac766","timestamp":1773331928068,"location":"Gem.cs:FixedUpdate","message":"Gem attraction tick","data":{"value":22.00,"effectivePickupRadius":5.60,"priorityShipId":1,"isInPool":false},"hypothesisId":"G1"}
{"sessionId":"bac766","timestamp":1773331928117,"location":"Gem.cs:FixedUpdate","message":"Gem attraction tick","data":{"value":22.00,"effectivePickupRadius":5.60,"priorityShipId":1,"isInPool":false},"hypothesisId":"G1"}
{"sessionId":"bac766","timestamp":1773331928118,"location":"Gem.cs:FixedUpdate","message":"Gem attraction tick","data":{"value":22.00,"effectivePickupRadius":5.60,"priorityShipId":1,"isInPool":false},"hypothesisId":"G1"}
{"sessionId":"bac766","timestamp":1773331928159,"location":"Gem.cs:FixedUpdate","message":"Gem attraction tick","data":{"value":22.00,"effectivePickupRadius":5.60,"priorityShipId":1,"isInPool":false},"hypothesisId":"G1"}
{"sessionId":"bac766","timestamp":1773331928162,"location":"Gem.cs:FixedUpdate","message":"Gem attraction tick","data":{"value":22.00,"effectivePickupRadius":5.60,"priorityShipId":1,"isInPool":false},"hypothesisId":"G1"}
{"sessionId":"bac766","timestamp":1773331928200,"location":"Gem.cs:FixedUpdate","message":"Gem attraction tick","data":{"value":22.00,"effectivePickupRadius":5.60,"priorityShipId":1,"isInPool":false},"hypothesisId":"G1"}
{"sessionId":"bac766","timestamp":1773331928201,"location":"Gem.cs:FixedUpdate","message":"Gem attraction tick","data":{"value":22.00,"effectivePickupRadius":5.60,"priorityShipId":1,"isInPool":false},"hypothesisId":"G1"}
{"sessionId":"bac766","timestamp":1773331928237,"location":"Gem.cs:FixedUpdate","message":"Gem attraction tick","data":{"value":22.00,"effectivePickupRadius":5.60,"priorityShipId":1,"isInPool":false},"hypothesisId":"G1"}
{"sessionId":"bac766","timestamp":1773331928238,"location":"Gem.cs:FixedUpdate","message":"Gem attraction tick","data":{"value":22.00,"effectivePickupRadius":5.60,"priorityShipId":1,"isInPool":false},"hypothesisId":"G1"}
{"sessionId":"bac766","timestamp":1773331928276,"location":"Gem.cs:FixedUpdate","message":"Gem attraction tick","data":{"value":22.00,"effectivePickupRadius":5.60,"priorityShipId":1,"isInPool":false},"hypothesisId":"G1"}
{"sessionId":"bac766","timestamp":1773331928276,"location":"Gem.cs:FixedUpdate","message":"Gem attraction tick","data":{"value":22.00,"effectivePickupRadius":5.60,"priorityShipId":1,"isInPool":false},"hypothesisId":"G1"}
{"sessionId":"bac766","timestamp":1773331928311,"location":"Gem.cs:FixedUpdate","message":"Gem attraction tick","data":{"value":22.00,"effectivePickupRadius":5.60,"priorityShipId":1,"isInPool":false},"hypothesisId":"G1"}
{"sessionId":"bac766","timestamp":1773331928312,"location":"Gem.cs:FixedUpdate","message":"Gem attraction tick","data":{"value":22.00,"effectivePickupRadius":5.60,"priorityShipId":1,"isInPool":false},"hypothesisId":"G1"}
{"sessionId":"bac766","timestamp":1773331928386,"location":"Gem.cs:FixedUpdate","message":"Gem attraction tick","data":{"value":22.00,"effectivePickupRadius":5.60,"priorityShipId":1,"isInPool":false},"hypothesisId":"G1"}
{"sessionId":"bac766","timestamp":1773331928387,"location":"Gem.cs:FixedUpdate","message":"Gem attraction tick","data":{"value":22.00,"effectivePickupRadius":5.60,"priorityShipId":1,"isInPool":false},"hypothesisId":"G1"}
{"sessionId":"bac766","timestamp":1773331928391,"location":"GameManager.Update","message":"frame timing","data":{"frame":1260,"realtime":48.60911,"deltaTime":0.0180896,"fps":55.28039},"hypothesisId":"C"}
{"sessionId":"bac766","timestamp":1773331928433,"location":"Gem.cs:FixedUpdate","message":"Gem attraction tick","data":{"value":22.00,"effectivePickupRadius":5.60,"priorityShipId":1,"isInPool":false},"hypothesisId":"G1"}
{"sessionId":"bac766","timestamp":1773331928433,"location":"Gem.cs:FixedUpdate","message":"Gem attraction tick","data":{"value":22.00,"effectivePickupRadius":5.60,"priorityShipId":1,"isInPool":false},"hypothesisId":"G1"}
{"sessionId":"bac766","timestamp":1773331928471,"location":"Gem.cs:FixedUpdate","message":"Gem attraction tick","data":{"value":22.00,"effectivePickupRadius":5.60,"priorityShipId":1,"isInPool":false},"hypothesisId":"G1"}
{"sessionId":"bac766","timestamp":1773331928472,"location":"Gem.cs:FixedUpdate","message":"Gem attraction tick","data":{"value":22.00,"effectivePickupRadius":5.60,"priorityShipId":1,"isInPool":false},"hypothesisId":"G1"}
{"sessionId":"bac766","timestamp":1773331928509,"location":"PlanetConnectionSystem.RecomputeGraph","message":"edges and triangles","data":{"edges":0,"triangles":0,"durationMs":2.185822},"hypothesisId":"D"}
{"sessionId":"bac766","timestamp":1773331928539,"location":"Gem.cs:FixedUpdate","message":"Gem attraction tick","data":{"value":22.00,"effectivePickupRadius":5.60,"priorityShipId":1,"isInPool":false},"hypothesisId":"G1"}
{"sessionId":"bac766","timestamp":1773331928539,"location":"Gem.cs:FixedUpdate","message":"Gem attraction tick","data":{"value":22.00,"effectivePickupRadius":5.60,"priorityShipId":1,"isInPool":false},"hypothesisId":"G1"}
{"sessionId":"bac766","timestamp":1773331928574,"location":"Gem.cs:FixedUpdate","message":"Gem attraction tick","data":{"value":22.00,"effectivePickupRadius":5.60,"priorityShipId":1,"isInPool":false},"hypothesisId":"G1"}
{"sessionId":"bac766","timestamp":1773331928575,"location":"Gem.cs:FixedUpdate","message":"Gem attraction tick","data":{"value":22.00,"effectivePickupRadius":5.60,"priorityShipId":1,"isInPool":false},"hypothesisId":"G1"}
{"sessionId":"bac766","timestamp":1773331928638,"location":"Gem.cs:FixedUpdate","message":"Gem attraction tick","data":{"value":22.00,"effectivePickupRadius":5.60,"priorityShipId":1,"isInPool":false},"hypothesisId":"G1"}
{"sessionId":"bac766","timestamp":1773331928638,"location":"Gem.cs:FixedUpdate","message":"Gem attraction tick","data":{"value":22.00,"effectivePickupRadius":5.60,"priorityShipId":1,"isInPool":false},"hypothesisId":"G1"}
{"sessionId":"bac766","timestamp":1773331928680,"location":"Gem.cs:FixedUpdate","message":"Gem attraction tick","data":{"value":22.00,"effectivePickupRadius":5.60,"priorityShipId":1,"isInPool":false},"hypothesisId":"G1"}
{"sessionId":"bac766","timestamp":1773331928683,"location":"Gem.cs:FixedUpdate","message":"Gem attraction tick","data":{"value":22.00,"effectivePickupRadius":5.60,"priorityShipId":1,"isInPool":false},"hypothesisId":"G1"}
{"sessionId":"bac766","timestamp":1773331928711,"location":"GameManager.Update","message":"object counts","data":{"bullets":0,"gems":2,"asteroids":299,"starships":1},"hypothesisId":"E"}
{"sessionId":"bac766","timestamp":1773331928731,"location":"Gem.cs:FixedUpdate","message":"Gem attraction tick","data":{"value":22.00,"effectivePickupRadius":5.60,"priorityShipId":1,"isInPool":false},"hypothesisId":"G1"}
{"sessionId":"bac766","timestamp":1773331928732,"location":"Gem.cs:FixedUpdate","message":"Gem attraction tick","data":{"value":22.00,"effectivePickupRadius":5.60,"priorityShipId":1,"isInPool":false},"hypothesisId":"G1"}
{"sessionId":"bac766","timestamp":1773331928735,"location":"Gem.cs:FixedUpdate","message":"Gem attraction tick","data":{"value":22.00,"effectivePickupRadius":5.60,"priorityShipId":1,"isInPool":false},"hypothesisId":"G1"}
{"sessionId":"bac766","timestamp":1773331928736,"location":"Gem.cs:FixedUpdate","message":"Gem attraction tick","data":{"value":22.00,"effectivePickupRadius":5.60,"priorityShipId":1,"isInPool":false},"hypothesisId":"G1"}
{"sessionId":"bac766","timestamp":1773331928776,"location":"Gem.cs:FixedUpdate","message":"Gem attraction tick","data":{"value":22.00,"effectivePickupRadius":5.60,"priorityShipId":1,"isInPool":false},"hypothesisId":"G1"}
{"sessionId":"bac766","timestamp":1773331928777,"location":"Gem.cs:FixedUpdate","message":"Gem attraction tick","data":{"value":22.00,"effectivePickupRadius":5.60,"priorityShipId":1,"isInPool":false},"hypothesisId":"G1"}
{"sessionId":"bac766","timestamp":1773331928812,"location":"Gem.cs:FixedUpdate","message":"Gem attraction tick","data":{"value":22.00,"effectivePickupRadius":5.60,"priorityShipId":1,"isInPool":false},"hypothesisId":"G1"}
{"sessionId":"bac766","timestamp":1773331928813,"location":"Gem.cs:FixedUpdate","message":"Gem attraction tick","data":{"value":22.00,"effectivePickupRadius":5.60,"priorityShipId":1,"isInPool":false},"hypothesisId":"G1"}
{"sessionId":"bac766","timestamp":1773331928922,"location":"Gem.cs:FixedUpdate","message":"Gem attraction tick","data":{"value":22.00,"effectivePickupRadius":5.60,"priorityShipId":1,"isInPool":false},"hypothesisId":"G1"}
{"sessionId":"bac766","timestamp":1773331928922,"location":"Gem.cs:FixedUpdate","message":"Gem attraction tick","data":{"value":22.00,"effectivePickupRadius":5.60,"priorityShipId":1,"isInPool":false},"hypothesisId":"G1"}
{"sessionId":"bac766","timestamp":1773331928959,"location":"Gem.cs:FixedUpdate","message":"Gem attraction tick","data":{"value":22.00,"effectivePickupRadius":5.60,"priorityShipId":1,"isInPool":false},"hypothesisId":"G1"}
{"sessionId":"bac766","timestamp":1773331928960,"location":"Gem.cs:FixedUpdate","message":"Gem attraction tick","data":{"value":22.00,"effectivePickupRadius":5.60,"priorityShipId":1,"isInPool":false},"hypothesisId":"G1"}
{"sessionId":"bac766","timestamp":1773331928997,"location":"Gem.cs:FixedUpdate","message":"Gem attraction tick","data":{"value":22.00,"effectivePickupRadius":5.60,"priorityShipId":1,"isInPool":false},"hypothesisId":"G1"}
{"sessionId":"bac766","timestamp":1773331928997,"location":"Gem.cs:FixedUpdate","message":"Gem attraction tick","data":{"value":22.00,"effectivePickupRadius":5.60,"priorityShipId":1,"isInPool":false},"hypothesisId":"G1"}
{"sessionId":"bac766","timestamp":1773331929031,"location":"Gem.cs:FixedUpdate","message":"Gem attraction tick","data":{"value":22.00,"effectivePickupRadius":5.60,"priorityShipId":1,"isInPool":false},"hypothesisId":"G1"}
{"sessionId":"bac766","timestamp":1773331929032,"location":"Gem.cs:FixedUpdate","message":"Gem attraction tick","data":{"value":22.00,"effectivePickupRadius":5.60,"priorityShipId":1,"isInPool":false},"hypothesisId":"G1"}
{"sessionId":"bac766","timestamp":1773331929071,"location":"Gem.cs:FixedUpdate","message":"Gem attraction tick","data":{"value":22.00,"effectivePickupRadius":5.60,"priorityShipId":1,"isInPool":false},"hypothesisId":"G1"}
{"sessionId":"bac766","timestamp":1773331929071,"location":"Gem.cs:FixedUpdate","message":"Gem attraction tick","data":{"value":22.00,"effectivePickupRadius":5.60,"priorityShipId":1,"isInPool":false},"hypothesisId":"G1"}
{"sessionId":"bac766","timestamp":1773331929118,"location":"Gem.cs:FixedUpdate","message":"Gem attraction tick","data":{"value":22.00,"effectivePickupRadius":5.60,"priorityShipId":1,"isInPool":false},"hypothesisId":"G1"}
{"sessionId":"bac766","timestamp":1773331929119,"location":"Gem.cs:FixedUpdate","message":"Gem attraction tick","data":{"value":22.00,"effectivePickupRadius":5.60,"priorityShipId":1,"isInPool":false},"hypothesisId":"G1"}
{"sessionId":"bac766","timestamp":1773331929153,"location":"Gem.cs:FixedUpdate","message":"Gem attraction tick","data":{"value":22.00,"effectivePickupRadius":5.60,"priorityShipId":1,"isInPool":false},"hypothesisId":"G1"}
{"sessionId":"bac766","timestamp":1773331929153,"location":"Gem.cs:FixedUpdate","message":"Gem attraction tick","data":{"value":22.00,"effectivePickupRadius":5.60,"priorityShipId":1,"isInPool":false},"hypothesisId":"G1"}
{"sessionId":"bac766","timestamp":1773331929192,"location":"Gem.cs:FixedUpdate","message":"Gem attraction tick","data":{"value":22.00,"effectivePickupRadius":5.60,"priorityShipId":1,"isInPool":false},"hypothesisId":"G1"}
{"sessionId":"bac766","timestamp":1773331929194,"location":"Gem.cs:FixedUpdate","message":"Gem attraction tick","data":{"value":22.00,"effectivePickupRadius":5.60,"priorityShipId":1,"isInPool":false},"hypothesisId":"G1"}
{"sessionId":"bac766","timestamp":1773331929236,"location":"Gem.cs:FixedUpdate","message":"Gem attraction tick","data":{"value":22.00,"effectivePickupRadius":5.60,"priorityShipId":1,"isInPool":false},"hypothesisId":"G1"}
{"sessionId":"bac766","timestamp":1773331929236,"location":"Gem.cs:FixedUpdate","message":"Gem attraction tick","data":{"value":22.00,"effectivePickupRadius":5.60,"priorityShipId":1,"isInPool":false},"hypothesisId":"G1"}
{"sessionId":"bac766","timestamp":1773331929274,"location":"Gem.cs:FixedUpdate","message":"Gem attraction tick","data":{"value":22.00,"effectivePickupRadius":5.60,"priorityShipId":1,"isInPool":false},"hypothesisId":"G1"}
{"sessionId":"bac766","timestamp":1773331929274,"location":"Gem.cs:FixedUpdate","message":"Gem attraction tick","data":{"value":22.00,"effectivePickupRadius":5.60,"priorityShipId":1,"isInPool":false},"hypothesisId":"G1"}
{"sessionId":"bac766","timestamp":1773331929337,"location":"Gem.cs:FixedUpdate","message":"Gem attraction tick","data":{"value":22.00,"effectivePickupRadius":5.60,"priorityShipId":1,"isInPool":false},"hypothesisId":"G1"}
{"sessionId":"bac766","timestamp":1773331929337,"location":"Gem.cs:FixedUpdate","message":"Gem attraction tick","data":{"value":22.00,"effectivePickupRadius":5.60,"priorityShipId":1,"isInPool":false},"hypothesisId":"G1"}
{"sessionId":"bac766","timestamp":1773331929378,"location":"Gem.cs:FixedUpdate","message":"Gem attraction tick","data":{"value":22.00,"effectivePickupRadius":5.60,"priorityShipId":1,"isInPool":false},"hypothesisId":"G1"}
{"sessionId":"bac766","timestamp":1773331929378,"location":"Gem.cs:FixedUpdate","message":"Gem attraction tick","data":{"value":22.00,"effectivePickupRadius":5.60,"priorityShipId":1,"isInPool":false},"hypothesisId":"G1"}
{"sessionId":"bac766","timestamp":1773331929415,"location":"Gem.cs:FixedUpdate","message":"Gem attraction tick","data":{"value":22.00,"effectivePickupRadius":5.60,"priorityShipId":1,"isInPool":false},"hypothesisId":"G1"}
{"sessionId":"bac766","timestamp":1773331929415,"location":"Gem.cs:FixedUpdate","message":"Gem attraction tick","data":{"value":22.00,"effectivePickupRadius":5.60,"priorityShipId":1,"isInPool":false},"hypothesisId":"G1"}
{"sessionId":"bac766","timestamp":1773331929454,"location":"Gem.cs:FixedUpdate","message":"Gem attraction tick","data":{"value":22.00,"effectivePickupRadius":5.60,"priorityShipId":1,"isInPool":false},"hypothesisId":"G1"}
{"sessionId":"bac766","timestamp":1773331929454,"location":"Gem.cs:FixedUpdate","message":"Gem attraction tick","data":{"value":22.00,"effectivePickupRadius":5.60,"priorityShipId":1,"isInPool":false},"hypothesisId":"G1"}
{"sessionId":"bac766","timestamp":1773331929494,"location":"Gem.cs:FixedUpdate","message":"Gem attraction tick","data":{"value":22.00,"effectivePickupRadius":5.60,"priorityShipId":1,"isInPool":false},"hypothesisId":"G1"}
{"sessionId":"bac766","timestamp":1773331929494,"location":"Gem.cs:FixedUpdate","message":"Gem attraction tick","data":{"value":22.00,"effectivePickupRadius":5.60,"priorityShipId":1,"isInPool":false},"hypothesisId":"G1"}
{"sessionId":"bac766","timestamp":1773331929530,"location":"Gem.cs:FixedUpdate","message":"Gem attraction tick","data":{"value":22.00,"effectivePickupRadius":5.60,"priorityShipId":1,"isInPool":false},"hypothesisId":"G1"}
{"sessionId":"bac766","timestamp":1773331929530,"location":"Gem.cs:FixedUpdate","message":"Gem attraction tick","data":{"value":22.00,"effectivePickupRadius":5.60,"priorityShipId":1,"isInPool":false},"hypothesisId":"G1"}
{"sessionId":"bac766","timestamp":1773331929534,"location":"MinimapController.UpdateBlips","message":"blip and cache counts","data":{"blips":149,"edgeMarkers":20,"markerEdgeMarkers":0,"cachedShips":1,"cachedPlanets":20,"cachedAsteroids":299,"cachedMarkers":0,"durationMs":0},"hypothesisId":"B"}
{"sessionId":"bac766","timestamp":1773331929535,"location":"GameManager.Update","message":"frame timing","data":{"frame":1320,"realtime":49.75217,"deltaTime":0.0185479,"fps":53.91446},"hypothesisId":"C"}
{"sessionId":"bac766","timestamp":1773331929572,"location":"Gem.cs:FixedUpdate","message":"Gem attraction tick","data":{"value":22.00,"effectivePickupRadius":5.60,"priorityShipId":1,"isInPool":false},"hypothesisId":"G1"}
{"sessionId":"bac766","timestamp":1773331929573,"location":"Gem.cs:FixedUpdate","message":"Gem attraction tick","data":{"value":22.00,"effectivePickupRadius":5.60,"priorityShipId":1,"isInPool":false},"hypothesisId":"G1"}
{"sessionId":"bac766","timestamp":1773331929636,"location":"Gem.cs:FixedUpdate","message":"Gem attraction tick","data":{"value":22.00,"effectivePickupRadius":5.60,"priorityShipId":1,"isInPool":false},"hypothesisId":"G1"}
{"sessionId":"bac766","timestamp":1773331929637,"location":"Gem.cs:FixedUpdate","message":"Gem attraction tick","data":{"value":22.00,"effectivePickupRadius":5.60,"priorityShipId":1,"isInPool":false},"hypothesisId":"G1"}
{"sessionId":"bac766","timestamp":1773331929671,"location":"Gem.cs:FixedUpdate","message":"Gem attraction tick","data":{"value":22.00,"effectivePickupRadius":5.60,"priorityShipId":1,"isInPool":false},"hypothesisId":"G1"}
{"sessionId":"bac766","timestamp":1773331929672,"location":"Gem.cs:FixedUpdate","message":"Gem attraction tick","data":{"value":22.00,"effectivePickupRadius":5.60,"priorityShipId":1,"isInPool":false},"hypothesisId":"G1"}
{"sessionId":"bac766","timestamp":1773331929714,"location":"Gem.cs:FixedUpdate","message":"Gem attraction tick","data":{"value":22.00,"effectivePickupRadius":5.60,"priorityShipId":1,"isInPool":false},"hypothesisId":"G1"}
{"sessionId":"bac766","timestamp":1773331929717,"location":"Gem.cs:FixedUpdate","message":"Gem attraction tick","data":{"value":22.00,"effectivePickupRadius":5.60,"priorityShipId":1,"isInPool":false},"hypothesisId":"G1"}
{"sessionId":"bac766","timestamp":1773331929755,"location":"Gem.cs:FixedUpdate","message":"Gem attraction tick","data":{"value":22.00,"effectivePickupRadius":5.60,"priorityShipId":1,"isInPool":false},"hypothesisId":"G1"}
{"sessionId":"bac766","timestamp":1773331929756,"location":"Gem.cs:FixedUpdate","message":"Gem attraction tick","data":{"value":22.00,"effectivePickupRadius":5.60,"priorityShipId":1,"isInPool":false},"hypothesisId":"G1"}
{"sessionId":"bac766","timestamp":1773331929790,"location":"Gem.cs:FixedUpdate","message":"Gem attraction tick","data":{"value":22.00,"effectivePickupRadius":5.60,"priorityShipId":1,"isInPool":false},"hypothesisId":"G1"}
{"sessionId":"bac766","timestamp":1773331929790,"location":"Gem.cs:FixedUpdate","message":"Gem attraction tick","data":{"value":22.00,"effectivePickupRadius":5.60,"priorityShipId":1,"isInPool":false},"hypothesisId":"G1"}
{"sessionId":"bac766","timestamp":1773331929831,"location":"Gem.cs:FixedUpdate","message":"Gem attraction tick","data":{"value":22.00,"effectivePickupRadius":5.60,"priorityShipId":1,"isInPool":false},"hypothesisId":"G1"}
{"sessionId":"bac766","timestamp":1773331929831,"location":"Gem.cs:FixedUpdate","message":"Gem attraction tick","data":{"value":22.00,"effectivePickupRadius":5.60,"priorityShipId":1,"isInPool":false},"hypothesisId":"G1"}
{"sessionId":"bac766","timestamp":1773331929834,"location":"Gem.cs:FixedUpdate","message":"Gem attraction tick","data":{"value":22.00,"effectivePickupRadius":5.60,"priorityShipId":1,"isInPool":false},"hypothesisId":"G1"}
{"sessionId":"bac766","timestamp":1773331929835,"location":"Gem.cs:FixedUpdate","message":"Gem attraction tick","data":{"value":22.00,"effectivePickupRadius":5.60,"priorityShipId":1,"isInPool":false},"hypothesisId":"G1"}
{"sessionId":"bac766","timestamp":1773331929869,"location":"Gem.cs:FixedUpdate","message":"Gem attraction tick","data":{"value":22.00,"effectivePickupRadius":5.60,"priorityShipId":1,"isInPool":false},"hypothesisId":"G1"}
{"sessionId":"bac766","timestamp":1773331929870,"location":"Gem.cs:FixedUpdate","message":"Gem attraction tick","data":{"value":22.00,"effectivePickupRadius":5.60,"priorityShipId":1,"isInPool":false},"hypothesisId":"G1"}
{"sessionId":"bac766","timestamp":1773331929905,"location":"Gem.cs:FixedUpdate","message":"Gem attraction tick","data":{"value":22.00,"effectivePickupRadius":5.60,"priorityShipId":1,"isInPool":false},"hypothesisId":"G1"}
{"sessionId":"bac766","timestamp":1773331929905,"location":"Gem.cs:FixedUpdate","message":"Gem attraction tick","data":{"value":22.00,"effectivePickupRadius":5.60,"priorityShipId":1,"isInPool":false},"hypothesisId":"G1"}
{"sessionId":"bac766","timestamp":1773331929943,"location":"Gem.cs:FixedUpdate","message":"Gem attraction tick","data":{"value":22.00,"effectivePickupRadius":5.60,"priorityShipId":1,"isInPool":false},"hypothesisId":"G1"}
{"sessionId":"bac766","timestamp":1773331929944,"location":"Gem.cs:FixedUpdate","message":"Gem attraction tick","data":{"value":22.00,"effectivePickupRadius":5.60,"priorityShipId":1,"isInPool":false},"hypothesisId":"G1"}
{"sessionId":"bac766","timestamp":1773331929986,"location":"Gem.cs:FixedUpdate","message":"Gem attraction tick","data":{"value":22.00,"effectivePickupRadius":5.60,"priorityShipId":1,"isInPool":false},"hypothesisId":"G1"}
{"sessionId":"bac766","timestamp":1773331929986,"location":"Gem.cs:FixedUpdate","message":"Gem attraction tick","data":{"value":22.00,"effectivePickupRadius":5.60,"priorityShipId":1,"isInPool":false},"hypothesisId":"G1"}
{"sessionId":"bac766","timestamp":1773331930032,"location":"Gem.cs:FixedUpdate","message":"Gem attraction tick","data":{"value":22.00,"effectivePickupRadius":5.60,"priorityShipId":1,"isInPool":false},"hypothesisId":"G1"}
{"sessionId":"bac766","timestamp":1773331930033,"location":"Gem.cs:FixedUpdate","message":"Gem attraction tick","data":{"value":22.00,"effectivePickupRadius":5.60,"priorityShipId":1,"isInPool":false},"hypothesisId":"G1"}
{"sessionId":"bac766","timestamp":1773331930069,"location":"Gem.cs:FixedUpdate","message":"Gem attraction tick","data":{"value":22.00,"effectivePickupRadius":5.60,"priorityShipId":1,"isInPool":false},"hypothesisId":"G1"}
{"sessionId":"bac766","timestamp":1773331930070,"location":"Gem.cs:FixedUpdate","message":"Gem attraction tick","data":{"value":22.00,"effectivePickupRadius":5.60,"priorityShipId":1,"isInPool":false},"hypothesisId":"G1"}
{"sessionId":"bac766","timestamp":1773331930102,"location":"Gem.cs:FixedUpdate","message":"Gem attraction tick","data":{"value":22.00,"effectivePickupRadius":5.60,"priorityShipId":1,"isInPool":false},"hypothesisId":"G1"}
{"sessionId":"bac766","timestamp":1773331930102,"location":"Gem.cs:FixedUpdate","message":"Gem attraction tick","data":{"value":22.00,"effectivePickupRadius":5.60,"priorityShipId":1,"isInPool":false},"hypothesisId":"G1"}
{"sessionId":"bac766","timestamp":1773331930137,"location":"Gem.cs:FixedUpdate","message":"Gem attraction tick","data":{"value":22.00,"effectivePickupRadius":5.60,"priorityShipId":1,"isInPool":false},"hypothesisId":"G1"}
{"sessionId":"bac766","timestamp":1773331930138,"location":"Gem.cs:FixedUpdate","message":"Gem attraction tick","data":{"value":22.00,"effectivePickupRadius":5.60,"priorityShipId":1,"isInPool":false},"hypothesisId":"G1"}
{"sessionId":"bac766","timestamp":1773331930175,"location":"Gem.cs:FixedUpdate","message":"Gem attraction tick","data":{"value":22.00,"effectivePickupRadius":5.60,"priorityShipId":1,"isInPool":false},"hypothesisId":"G1"}
{"sessionId":"bac766","timestamp":1773331930175,"location":"Gem.cs:FixedUpdate","message":"Gem attraction tick","data":{"value":22.00,"effectivePickupRadius":5.60,"priorityShipId":1,"isInPool":false},"hypothesisId":"G1"}
{"sessionId":"bac766","timestamp":1773331930214,"location":"Gem.cs:FixedUpdate","message":"Gem attraction tick","data":{"value":22.00,"effectivePickupRadius":5.60,"priorityShipId":1,"isInPool":false},"hypothesisId":"G1"}
{"sessionId":"bac766","timestamp":1773331930217,"location":"Gem.cs:FixedUpdate","message":"Gem attraction tick","data":{"value":22.00,"effectivePickupRadius":5.60,"priorityShipId":1,"isInPool":false},"hypothesisId":"G1"}
{"sessionId":"bac766","timestamp":1773331930257,"location":"Gem.cs:FixedUpdate","message":"Gem attraction tick","data":{"value":22.00,"effectivePickupRadius":5.60,"priorityShipId":1,"isInPool":false},"hypothesisId":"G1"}
{"sessionId":"bac766","timestamp":1773331930257,"location":"Gem.cs:FixedUpdate","message":"Gem attraction tick","data":{"value":22.00,"effectivePickupRadius":5.60,"priorityShipId":1,"isInPool":false},"hypothesisId":"G1"}
{"sessionId":"bac766","timestamp":1773331930293,"location":"Gem.cs:FixedUpdate","message":"Gem attraction tick","data":{"value":22.00,"effectivePickupRadius":5.60,"priorityShipId":1,"isInPool":false},"hypothesisId":"G1"}
{"sessionId":"bac766","timestamp":1773331930293,"location":"Gem.cs:FixedUpdate","message":"Gem attraction tick","data":{"value":22.00,"effectivePickupRadius":5.60,"priorityShipId":1,"isInPool":false},"hypothesisId":"G1"}
{"sessionId":"bac766","timestamp":1773331930336,"location":"Gem.cs:FixedUpdate","message":"Gem attraction tick","data":{"value":22.00,"effectivePickupRadius":5.60,"priorityShipId":1,"isInPool":false},"hypothesisId":"G1"}
{"sessionId":"bac766","timestamp":1773331930336,"location":"Gem.cs:FixedUpdate","message":"Gem attraction tick","data":{"value":22.00,"effectivePickupRadius":5.60,"priorityShipId":1,"isInPool":false},"hypothesisId":"G1"}
{"sessionId":"bac766","timestamp":1773331930375,"location":"Gem.cs:FixedUpdate","message":"Gem attraction tick","data":{"value":22.00,"effectivePickupRadius":5.60,"priorityShipId":1,"isInPool":false},"hypothesisId":"G1"}
{"sessionId":"bac766","timestamp":1773331930375,"location":"Gem.cs:FixedUpdate","message":"Gem attraction tick","data":{"value":22.00,"effectivePickupRadius":5.60,"priorityShipId":1,"isInPool":false},"hypothesisId":"G1"}
{"sessionId":"bac766","timestamp":1773331930412,"location":"Gem.cs:FixedUpdate","message":"Gem attraction tick","data":{"value":22.00,"effectivePickupRadius":5.60,"priorityShipId":1,"isInPool":false},"hypothesisId":"G1"}
{"sessionId":"bac766","timestamp":1773331930413,"location":"Gem.cs:FixedUpdate","message":"Gem attraction tick","data":{"value":22.00,"effectivePickupRadius":5.60,"priorityShipId":1,"isInPool":false},"hypothesisId":"G1"}
{"sessionId":"bac766","timestamp":1773331930488,"location":"Gem.cs:FixedUpdate","message":"Gem attraction tick","data":{"value":22.00,"effectivePickupRadius":5.60,"priorityShipId":1,"isInPool":false},"hypothesisId":"G1"}
{"sessionId":"bac766","timestamp":1773331930488,"location":"Gem.cs:FixedUpdate","message":"Gem attraction tick","data":{"value":22.00,"effectivePickupRadius":5.60,"priorityShipId":1,"isInPool":false},"hypothesisId":"G1"}
{"sessionId":"bac766","timestamp":1773331930562,"location":"Gem.cs:FixedUpdate","message":"Gem attraction tick","data":{"value":22.00,"effectivePickupRadius":5.60,"priorityShipId":1,"isInPool":false},"hypothesisId":"G1"}
{"sessionId":"bac766","timestamp":1773331930562,"location":"Gem.cs:FixedUpdate","message":"Gem attraction tick","data":{"value":22.00,"effectivePickupRadius":5.60,"priorityShipId":1,"isInPool":false},"hypothesisId":"G1"}
{"sessionId":"bac766","timestamp":1773331930595,"location":"Gem.cs:FixedUpdate","message":"Gem attraction tick","data":{"value":22.00,"effectivePickupRadius":5.60,"priorityShipId":1,"isInPool":false},"hypothesisId":"G1"}
{"sessionId":"bac766","timestamp":1773331930595,"location":"Gem.cs:FixedUpdate","message":"Gem attraction tick","data":{"value":22.00,"effectivePickupRadius":5.60,"priorityShipId":1,"isInPool":false},"hypothesisId":"G1"}
{"sessionId":"bac766","timestamp":1773331930637,"location":"Gem.cs:FixedUpdate","message":"Gem attraction tick","data":{"value":22.00,"effectivePickupRadius":5.60,"priorityShipId":1,"isInPool":false},"hypothesisId":"G1"}
{"sessionId":"bac766","timestamp":1773331930638,"location":"Gem.cs:FixedUpdate","message":"Gem attraction tick","data":{"value":22.00,"effectivePickupRadius":5.60,"priorityShipId":1,"isInPool":false},"hypothesisId":"G1"}
{"sessionId":"bac766","timestamp":1773331930672,"location":"Gem.cs:FixedUpdate","message":"Gem attraction tick","data":{"value":22.00,"effectivePickupRadius":5.60,"priorityShipId":1,"isInPool":false},"hypothesisId":"G1"}
{"sessionId":"bac766","timestamp":1773331930672,"location":"Gem.cs:FixedUpdate","message":"Gem attraction tick","data":{"value":22.00,"effectivePickupRadius":5.60,"priorityShipId":1,"isInPool":false},"hypothesisId":"G1"}
{"sessionId":"bac766","timestamp":1773331930677,"location":"GameManager.Update","message":"frame timing","data":{"frame":1380,"realtime":50.89397,"deltaTime":0.0165786,"fps":60.31873},"hypothesisId":"C"}
{"sessionId":"bac766","timestamp":1773331930711,"location":"Gem.cs:FixedUpdate","message":"Gem attraction tick","data":{"value":22.00,"effectivePickupRadius":5.60,"priorityShipId":1,"isInPool":false},"hypothesisId":"G1"}
{"sessionId":"bac766","timestamp":1773331930713,"location":"Gem.cs:FixedUpdate","message":"Gem attraction tick","data":{"value":22.00,"effectivePickupRadius":5.60,"priorityShipId":1,"isInPool":false},"hypothesisId":"G1"}
{"sessionId":"bac766","timestamp":1773331930722,"location":"GameManager.Update","message":"object counts","data":{"bullets":0,"gems":2,"asteroids":299,"starships":1},"hypothesisId":"E"}
{"sessionId":"bac766","timestamp":1773331930761,"location":"Gem.cs:FixedUpdate","message":"Gem attraction tick","data":{"value":22.00,"effectivePickupRadius":5.60,"priorityShipId":1,"isInPool":false},"hypothesisId":"G1"}
{"sessionId":"bac766","timestamp":1773331930761,"location":"Gem.cs:FixedUpdate","message":"Gem attraction tick","data":{"value":22.00,"effectivePickupRadius":5.60,"priorityShipId":1,"isInPool":false},"hypothesisId":"G1"}
{"sessionId":"bac766","timestamp":1773331930803,"location":"Gem.cs:FixedUpdate","message":"Gem attraction tick","data":{"value":22.00,"effectivePickupRadius":5.60,"priorityShipId":1,"isInPool":false},"hypothesisId":"G1"}
{"sessionId":"bac766","timestamp":1773331930803,"location":"Gem.cs:FixedUpdate","message":"Gem attraction tick","data":{"value":22.00,"effectivePickupRadius":5.60,"priorityShipId":1,"isInPool":false},"hypothesisId":"G1"}
{"sessionId":"bac766","timestamp":1773331930842,"location":"Gem.cs:FixedUpdate","message":"Gem attraction tick","data":{"value":22.00,"effectivePickupRadius":5.60,"priorityShipId":1,"isInPool":false},"hypothesisId":"G1"}
{"sessionId":"bac766","timestamp":1773331930842,"location":"Gem.cs:FixedUpdate","message":"Gem attraction tick","data":{"value":22.00,"effectivePickupRadius":5.60,"priorityShipId":1,"isInPool":false},"hypothesisId":"G1"}
{"sessionId":"bac766","timestamp":1773331930886,"location":"Gem.cs:FixedUpdate","message":"Gem attraction tick","data":{"value":22.00,"effectivePickupRadius":5.60,"priorityShipId":1,"isInPool":false},"hypothesisId":"G1"}
{"sessionId":"bac766","timestamp":1773331930887,"location":"Gem.cs:FixedUpdate","message":"Gem attraction tick","data":{"value":22.00,"effectivePickupRadius":5.60,"priorityShipId":1,"isInPool":false},"hypothesisId":"G1"}
{"sessionId":"bac766","timestamp":1773331930921,"location":"Gem.cs:FixedUpdate","message":"Gem attraction tick","data":{"value":22.00,"effectivePickupRadius":5.60,"priorityShipId":1,"isInPool":false},"hypothesisId":"G1"}
{"sessionId":"bac766","timestamp":1773331930921,"location":"Gem.cs:FixedUpdate","message":"Gem attraction tick","data":{"value":22.00,"effectivePickupRadius":5.60,"priorityShipId":1,"isInPool":false},"hypothesisId":"G1"}
{"sessionId":"bac766","timestamp":1773331930959,"location":"Gem.cs:FixedUpdate","message":"Gem attraction tick","data":{"value":22.00,"effectivePickupRadius":5.60,"priorityShipId":1,"isInPool":false},"hypothesisId":"G1"}
{"sessionId":"bac766","timestamp":1773331930960,"location":"Gem.cs:FixedUpdate","message":"Gem attraction tick","data":{"value":22.00,"effectivePickupRadius":5.60,"priorityShipId":1,"isInPool":false},"hypothesisId":"G1"}
{"sessionId":"bac766","timestamp":1773331931001,"location":"Gem.cs:FixedUpdate","message":"Gem attraction tick","data":{"value":22.00,"effectivePickupRadius":5.60,"priorityShipId":1,"isInPool":false},"hypothesisId":"G1"}
{"sessionId":"bac766","timestamp":1773331931002,"location":"Gem.cs:FixedUpdate","message":"Gem attraction tick","data":{"value":22.00,"effectivePickupRadius":5.60,"priorityShipId":1,"isInPool":false},"hypothesisId":"G1"}
{"sessionId":"bac766","timestamp":1773331931044,"location":"Gem.cs:FixedUpdate","message":"Gem attraction tick","data":{"value":22.00,"effectivePickupRadius":5.60,"priorityShipId":1,"isInPool":false},"hypothesisId":"G1"}
{"sessionId":"bac766","timestamp":1773331931044,"location":"Gem.cs:FixedUpdate","message":"Gem attraction tick","data":{"value":22.00,"effectivePickupRadius":5.60,"priorityShipId":1,"isInPool":false},"hypothesisId":"G1"}
{"sessionId":"bac766","timestamp":1773331931080,"location":"Gem.cs:FixedUpdate","message":"Gem attraction tick","data":{"value":22.00,"effectivePickupRadius":5.60,"priorityShipId":1,"isInPool":false},"hypothesisId":"G1"}
{"sessionId":"bac766","timestamp":1773331931080,"location":"Gem.cs:FixedUpdate","message":"Gem attraction tick","data":{"value":22.00,"effectivePickupRadius":5.60,"priorityShipId":1,"isInPool":false},"hypothesisId":"G1"}
{"sessionId":"bac766","timestamp":1773331931122,"location":"Gem.cs:FixedUpdate","message":"Gem attraction tick","data":{"value":22.00,"effectivePickupRadius":5.60,"priorityShipId":1,"isInPool":false},"hypothesisId":"G1"}
{"sessionId":"bac766","timestamp":1773331931122,"location":"Gem.cs:FixedUpdate","message":"Gem attraction tick","data":{"value":22.00,"effectivePickupRadius":5.60,"priorityShipId":1,"isInPool":false},"hypothesisId":"G1"}
{"sessionId":"bac766","timestamp":1773331931158,"location":"Gem.cs:FixedUpdate","message":"Gem attraction tick","data":{"value":22.00,"effectivePickupRadius":5.60,"priorityShipId":1,"isInPool":false},"hypothesisId":"G1"}
{"sessionId":"bac766","timestamp":1773331931159,"location":"Gem.cs:FixedUpdate","message":"Gem attraction tick","data":{"value":22.00,"effectivePickupRadius":5.60,"priorityShipId":1,"isInPool":false},"hypothesisId":"G1"}
{"sessionId":"bac766","timestamp":1773331931194,"location":"Gem.cs:FixedUpdate","message":"Gem attraction tick","data":{"value":22.00,"effectivePickupRadius":5.60,"priorityShipId":1,"isInPool":false},"hypothesisId":"G1"}
{"sessionId":"bac766","timestamp":1773331931194,"location":"Gem.cs:FixedUpdate","message":"Gem attraction tick","data":{"value":22.00,"effectivePickupRadius":5.60,"priorityShipId":1,"isInPool":false},"hypothesisId":"G1"}
{"sessionId":"bac766","timestamp":1773331931231,"location":"Gem.cs:FixedUpdate","message":"Gem attraction tick","data":{"value":22.00,"effectivePickupRadius":5.60,"priorityShipId":1,"isInPool":false},"hypothesisId":"G1"}
{"sessionId":"bac766","timestamp":1773331931233,"location":"Gem.cs:FixedUpdate","message":"Gem attraction tick","data":{"value":22.00,"effectivePickupRadius":5.60,"priorityShipId":1,"isInPool":false},"hypothesisId":"G1"}
{"sessionId":"bac766","timestamp":1773331931276,"location":"Gem.cs:FixedUpdate","message":"Gem attraction tick","data":{"value":22.00,"effectivePickupRadius":5.60,"priorityShipId":1,"isInPool":false},"hypothesisId":"G1"}
{"sessionId":"bac766","timestamp":1773331931277,"location":"Gem.cs:FixedUpdate","message":"Gem attraction tick","data":{"value":22.00,"effectivePickupRadius":5.60,"priorityShipId":1,"isInPool":false},"hypothesisId":"G1"}
{"sessionId":"bac766","timestamp":1773331931316,"location":"Gem.cs:FixedUpdate","message":"Gem attraction tick","data":{"value":22.00,"effectivePickupRadius":5.60,"priorityShipId":1,"isInPool":false},"hypothesisId":"G1"}
{"sessionId":"bac766","timestamp":1773331931317,"location":"Gem.cs:FixedUpdate","message":"Gem attraction tick","data":{"value":22.00,"effectivePickupRadius":5.60,"priorityShipId":1,"isInPool":false},"hypothesisId":"G1"}
{"sessionId":"bac766","timestamp":1773331931354,"location":"Gem.cs:FixedUpdate","message":"Gem attraction tick","data":{"value":22.00,"effectivePickupRadius":5.60,"priorityShipId":1,"isInPool":false},"hypothesisId":"G1"}
{"sessionId":"bac766","timestamp":1773331931355,"location":"Gem.cs:FixedUpdate","message":"Gem attraction tick","data":{"value":22.00,"effectivePickupRadius":5.60,"priorityShipId":1,"isInPool":false},"hypothesisId":"G1"}
{"sessionId":"bac766","timestamp":1773331931391,"location":"Gem.cs:FixedUpdate","message":"Gem attraction tick","data":{"value":22.00,"effectivePickupRadius":5.60,"priorityShipId":1,"isInPool":false},"hypothesisId":"G1"}
{"sessionId":"bac766","timestamp":1773331931391,"location":"Gem.cs:FixedUpdate","message":"Gem attraction tick","data":{"value":22.00,"effectivePickupRadius":5.60,"priorityShipId":1,"isInPool":false},"hypothesisId":"G1"}
{"sessionId":"bac766","timestamp":1773331931456,"location":"Gem.cs:FixedUpdate","message":"Gem attraction tick","data":{"value":22.00,"effectivePickupRadius":5.60,"priorityShipId":1,"isInPool":false},"hypothesisId":"G1"}
{"sessionId":"bac766","timestamp":1773331931457,"location":"Gem.cs:FixedUpdate","message":"Gem attraction tick","data":{"value":22.00,"effectivePickupRadius":5.60,"priorityShipId":1,"isInPool":false},"hypothesisId":"G1"}
{"sessionId":"bac766","timestamp":1773331931495,"location":"Gem.cs:FixedUpdate","message":"Gem attraction tick","data":{"value":22.00,"effectivePickupRadius":5.60,"priorityShipId":1,"isInPool":false},"hypothesisId":"G1"}
{"sessionId":"bac766","timestamp":1773331931496,"location":"Gem.cs:FixedUpdate","message":"Gem attraction tick","data":{"value":22.00,"effectivePickupRadius":5.60,"priorityShipId":1,"isInPool":false},"hypothesisId":"G1"}
{"sessionId":"bac766","timestamp":1773331931523,"location":"PlanetConnectionSystem.RecomputeGraph","message":"edges and triangles","data":{"edges":0,"triangles":0,"durationMs":2.262115},"hypothesisId":"D"}
{"sessionId":"bac766","timestamp":1773331931542,"location":"Gem.cs:FixedUpdate","message":"Gem attraction tick","data":{"value":22.00,"effectivePickupRadius":5.60,"priorityShipId":1,"isInPool":false},"hypothesisId":"G1"}
{"sessionId":"bac766","timestamp":1773331931543,"location":"Gem.cs:FixedUpdate","message":"Gem attraction tick","data":{"value":22.00,"effectivePickupRadius":5.60,"priorityShipId":1,"isInPool":false},"hypothesisId":"G1"}
{"sessionId":"bac766","timestamp":1773331931584,"location":"Gem.cs:FixedUpdate","message":"Gem attraction tick","data":{"value":22.00,"effectivePickupRadius":5.60,"priorityShipId":1,"isInPool":false},"hypothesisId":"G1"}
{"sessionId":"bac766","timestamp":1773331931585,"location":"Gem.cs:FixedUpdate","message":"Gem attraction tick","data":{"value":22.00,"effectivePickupRadius":5.60,"priorityShipId":1,"isInPool":false},"hypothesisId":"G1"}
{"sessionId":"bac766","timestamp":1773331931622,"location":"Gem.cs:FixedUpdate","message":"Gem attraction tick","data":{"value":22.00,"effectivePickupRadius":5.60,"priorityShipId":1,"isInPool":false},"hypothesisId":"G1"}
{"sessionId":"bac766","timestamp":1773331931623,"location":"Gem.cs:FixedUpdate","message":"Gem attraction tick","data":{"value":22.00,"effectivePickupRadius":5.60,"priorityShipId":1,"isInPool":false},"hypothesisId":"G1"}
{"sessionId":"bac766","timestamp":1773331931662,"location":"Gem.cs:FixedUpdate","message":"Gem attraction tick","data":{"value":22.00,"effectivePickupRadius":5.60,"priorityShipId":1,"isInPool":false},"hypothesisId":"G1"}
{"sessionId":"bac766","timestamp":1773331931662,"location":"Gem.cs:FixedUpdate","message":"Gem attraction tick","data":{"value":22.00,"effectivePickupRadius":5.60,"priorityShipId":1,"isInPool":false},"hypothesisId":"G1"}
{"sessionId":"bac766","timestamp":1773331931699,"location":"Gem.cs:FixedUpdate","message":"Gem attraction tick","data":{"value":22.00,"effectivePickupRadius":5.60,"priorityShipId":1,"isInPool":false},"hypothesisId":"G1"}
{"sessionId":"bac766","timestamp":1773331931700,"location":"Gem.cs:FixedUpdate","message":"Gem attraction tick","data":{"value":22.00,"effectivePickupRadius":5.60,"priorityShipId":1,"isInPool":false},"hypothesisId":"G1"}
{"sessionId":"bac766","timestamp":1773331931735,"location":"Gem.cs:FixedUpdate","message":"Gem attraction tick","data":{"value":22.00,"effectivePickupRadius":5.60,"priorityShipId":1,"isInPool":false},"hypothesisId":"G1"}
{"sessionId":"bac766","timestamp":1773331931737,"location":"Gem.cs:FixedUpdate","message":"Gem attraction tick","data":{"value":22.00,"effectivePickupRadius":5.60,"priorityShipId":1,"isInPool":false},"hypothesisId":"G1"}
{"sessionId":"bac766","timestamp":1773331931778,"location":"Gem.cs:FixedUpdate","message":"Gem attraction tick","data":{"value":22.00,"effectivePickupRadius":5.60,"priorityShipId":1,"isInPool":false},"hypothesisId":"G1"}
{"sessionId":"bac766","timestamp":1773331931779,"location":"Gem.cs:FixedUpdate","message":"Gem attraction tick","data":{"value":22.00,"effectivePickupRadius":5.60,"priorityShipId":1,"isInPool":false},"hypothesisId":"G1"}
{"sessionId":"bac766","timestamp":1773331931817,"location":"Gem.cs:FixedUpdate","message":"Gem attraction tick","data":{"value":22.00,"effectivePickupRadius":5.60,"priorityShipId":1,"isInPool":false},"hypothesisId":"G1"}
{"sessionId":"bac766","timestamp":1773331931818,"location":"Gem.cs:FixedUpdate","message":"Gem attraction tick","data":{"value":22.00,"effectivePickupRadius":5.60,"priorityShipId":1,"isInPool":false},"hypothesisId":"G1"}
{"sessionId":"bac766","timestamp":1773331931853,"location":"Gem.cs:FixedUpdate","message":"Gem attraction tick","data":{"value":22.00,"effectivePickupRadius":5.60,"priorityShipId":1,"isInPool":false},"hypothesisId":"G1"}
{"sessionId":"bac766","timestamp":1773331931853,"location":"Gem.cs:FixedUpdate","message":"Gem attraction tick","data":{"value":22.00,"effectivePickupRadius":5.60,"priorityShipId":1,"isInPool":false},"hypothesisId":"G1"}
{"sessionId":"bac766","timestamp":1773331931857,"location":"MinimapController.UpdateBlips","message":"blip and cache counts","data":{"blips":149,"edgeMarkers":20,"markerEdgeMarkers":0,"cachedShips":1,"cachedPlanets":20,"cachedAsteroids":299,"cachedMarkers":0,"durationMs":0},"hypothesisId":"B"}
{"sessionId":"bac766","timestamp":1773331931858,"location":"GameManager.Update","message":"frame timing","data":{"frame":1440,"realtime":52.07578,"deltaTime":0.0162807,"fps":61.42243},"hypothesisId":"C"}
{"sessionId":"bac766","timestamp":1773331931898,"location":"Gem.cs:FixedUpdate","message":"Gem attraction tick","data":{"value":22.00,"effectivePickupRadius":5.60,"priorityShipId":1,"isInPool":false},"hypothesisId":"G1"}
{"sessionId":"bac766","timestamp":1773331931898,"location":"Gem.cs:FixedUpdate","message":"Gem attraction tick","data":{"value":22.00,"effectivePickupRadius":5.60,"priorityShipId":1,"isInPool":false},"hypothesisId":"G1"}
{"sessionId":"bac766","timestamp":1773331931942,"location":"Gem.cs:FixedUpdate","message":"Gem attraction tick","data":{"value":22.00,"effectivePickupRadius":5.60,"priorityShipId":1,"isInPool":false},"hypothesisId":"G1"}
{"sessionId":"bac766","timestamp":1773331931942,"location":"Gem.cs:FixedUpdate","message":"Gem attraction tick","data":{"value":22.00,"effectivePickupRadius":5.60,"priorityShipId":1,"isInPool":false},"hypothesisId":"G1"}
{"sessionId":"bac766","timestamp":1773331931977,"location":"Gem.cs:FixedUpdate","message":"Gem attraction tick","data":{"value":22.00,"effectivePickupRadius":5.60,"priorityShipId":1,"isInPool":false},"hypothesisId":"G1"}
{"sessionId":"bac766","timestamp":1773331931978,"location":"Gem.cs:FixedUpdate","message":"Gem attraction tick","data":{"value":22.00,"effectivePickupRadius":5.60,"priorityShipId":1,"isInPool":false},"hypothesisId":"G1"}
{"sessionId":"bac766","timestamp":1773331932017,"location":"Gem.cs:FixedUpdate","message":"Gem attraction tick","data":{"value":22.00,"effectivePickupRadius":5.60,"priorityShipId":1,"isInPool":false},"hypothesisId":"G1"}
{"sessionId":"bac766","timestamp":1773331932017,"location":"Gem.cs:FixedUpdate","message":"Gem attraction tick","data":{"value":22.00,"effectivePickupRadius":5.60,"priorityShipId":1,"isInPool":false},"hypothesisId":"G1"}
{"sessionId":"bac766","timestamp":1773331932068,"location":"Gem.cs:FixedUpdate","message":"Gem attraction tick","data":{"value":22.00,"effectivePickupRadius":5.60,"priorityShipId":1,"isInPool":false},"hypothesisId":"G1"}
{"sessionId":"bac766","timestamp":1773331932068,"location":"Gem.cs:FixedUpdate","message":"Gem attraction tick","data":{"value":22.00,"effectivePickupRadius":5.60,"priorityShipId":1,"isInPool":false},"hypothesisId":"G1"}
{"sessionId":"bac766","timestamp":1773331932106,"location":"Gem.cs:FixedUpdate","message":"Gem attraction tick","data":{"value":22.00,"effectivePickupRadius":5.60,"priorityShipId":1,"isInPool":false},"hypothesisId":"G1"}
{"sessionId":"bac766","timestamp":1773331932106,"location":"Gem.cs:FixedUpdate","message":"Gem attraction tick","data":{"value":22.00,"effectivePickupRadius":5.60,"priorityShipId":1,"isInPool":false},"hypothesisId":"G1"}
{"sessionId":"bac766","timestamp":1773331932151,"location":"Gem.cs:FixedUpdate","message":"Gem attraction tick","data":{"value":22.00,"effectivePickupRadius":5.60,"priorityShipId":1,"isInPool":false},"hypothesisId":"G1"}
{"sessionId":"bac766","timestamp":1773331932151,"location":"Gem.cs:FixedUpdate","message":"Gem attraction tick","data":{"value":22.00,"effectivePickupRadius":5.54,"priorityShipId":1,"isInPool":false},"hypothesisId":"G1"}
{"sessionId":"bac766","timestamp":1773331932233,"location":"Gem.cs:FixedUpdate","message":"Gem attraction tick","data":{"value":22.00,"effectivePickupRadius":5.44,"priorityShipId":1,"isInPool":false},"hypothesisId":"G1"}
{"sessionId":"bac766","timestamp":1773331932235,"location":"Gem.cs:FixedUpdate","message":"Gem attraction tick","data":{"value":22.00,"effectivePickupRadius":5.54,"priorityShipId":1,"isInPool":false},"hypothesisId":"G1"}
{"sessionId":"bac766","timestamp":1773331932273,"location":"Gem.cs:FixedUpdate","message":"Gem attraction tick","data":{"value":22.00,"effectivePickupRadius":5.44,"priorityShipId":1,"isInPool":false},"hypothesisId":"G1"}
{"sessionId":"bac766","timestamp":1773331932274,"location":"Gem.cs:FixedUpdate","message":"Gem attraction tick","data":{"value":22.00,"effectivePickupRadius":5.35,"priorityShipId":1,"isInPool":false},"hypothesisId":"G1"}
{"sessionId":"bac766","timestamp":1773331932316,"location":"Gem.cs:FixedUpdate","message":"Gem attraction tick","data":{"value":22.00,"effectivePickupRadius":5.23,"priorityShipId":1,"isInPool":false},"hypothesisId":"G1"}
{"sessionId":"bac766","timestamp":1773331932316,"location":"Gem.cs:FixedUpdate","message":"Gem attraction tick","data":{"value":22.00,"effectivePickupRadius":5.35,"priorityShipId":1,"isInPool":false},"hypothesisId":"G1"}
{"sessionId":"bac766","timestamp":1773331932351,"location":"Gem.cs:FixedUpdate","message":"Gem attraction tick","data":{"value":22.00,"effectivePickupRadius":5.23,"priorityShipId":1,"isInPool":false},"hypothesisId":"G1"}
{"sessionId":"bac766","timestamp":1773331932352,"location":"Gem.cs:FixedUpdate","message":"Gem attraction tick","data":{"value":22.00,"effectivePickupRadius":5.16,"priorityShipId":1,"isInPool":false},"hypothesisId":"G1"}
{"sessionId":"bac766","timestamp":1773331932393,"location":"Gem.cs:FixedUpdate","message":"Gem attraction tick","data":{"value":22.00,"effectivePickupRadius":5.23,"priorityShipId":1,"isInPool":false},"hypothesisId":"G1"}
{"sessionId":"bac766","timestamp":1773331932393,"location":"Gem.cs:FixedUpdate","message":"Gem attraction tick","data":{"value":22.00,"effectivePickupRadius":5.16,"priorityShipId":1,"isInPool":false},"hypothesisId":"G1"}
{"sessionId":"bac766","timestamp":1773331932432,"location":"Gem.cs:FixedUpdate","message":"Gem attraction tick","data":{"value":22.00,"effectivePickupRadius":5.05,"priorityShipId":1,"isInPool":false},"hypothesisId":"G1"}
{"sessionId":"bac766","timestamp":1773331932433,"location":"Gem.cs:FixedUpdate","message":"Gem attraction tick","data":{"value":22.00,"effectivePickupRadius":5.16,"priorityShipId":1,"isInPool":false},"hypothesisId":"G1"}
{"sessionId":"bac766","timestamp":1773331932499,"location":"Gem.cs:FixedUpdate","message":"Gem attraction tick","data":{"value":22.00,"effectivePickupRadius":4.89,"priorityShipId":1,"isInPool":false},"hypothesisId":"G1"}
{"sessionId":"bac766","timestamp":1773331932499,"location":"Gem.cs:FixedUpdate","message":"Gem attraction tick","data":{"value":22.00,"effectivePickupRadius":4.98,"priorityShipId":1,"isInPool":false},"hypothesisId":"G1"}
{"sessionId":"bac766","timestamp":1773331932540,"location":"Gem.cs:FixedUpdate","message":"Gem attraction tick","data":{"value":22.00,"effectivePickupRadius":4.89,"priorityShipId":1,"isInPool":false},"hypothesisId":"G1"}
{"sessionId":"bac766","timestamp":1773331932540,"location":"Gem.cs:FixedUpdate","message":"Gem attraction tick","data":{"value":22.00,"effectivePickupRadius":4.82,"priorityShipId":1,"isInPool":false},"hypothesisId":"G1"}
{"sessionId":"bac766","timestamp":1773331932583,"location":"Gem.cs:FixedUpdate","message":"Gem attraction tick","data":{"value":22.00,"effectivePickupRadius":4.89,"priorityShipId":1,"isInPool":false},"hypothesisId":"G1"}
{"sessionId":"bac766","timestamp":1773331932583,"location":"Gem.cs:FixedUpdate","message":"Gem attraction tick","data":{"value":22.00,"effectivePickupRadius":4.82,"priorityShipId":1,"isInPool":false},"hypothesisId":"G1"}
{"sessionId":"bac766","timestamp":1773331932620,"location":"Gem.cs:FixedUpdate","message":"Gem attraction tick","data":{"value":22.00,"effectivePickupRadius":4.70,"priorityShipId":1,"isInPool":false},"hypothesisId":"G1"}
{"sessionId":"bac766","timestamp":1773331932620,"location":"Gem.cs:FixedUpdate","message":"Gem attraction tick","data":{"value":22.00,"effectivePickupRadius":4.82,"priorityShipId":1,"isInPool":false},"hypothesisId":"G1"}
{"sessionId":"bac766","timestamp":1773331932654,"location":"Gem.cs:FixedUpdate","message":"Gem attraction tick","data":{"value":22.00,"effectivePickupRadius":4.70,"priorityShipId":1,"isInPool":false},"hypothesisId":"G1"}
{"sessionId":"bac766","timestamp":1773331932655,"location":"Gem.cs:FixedUpdate","message":"Gem attraction tick","data":{"value":22.00,"effectivePickupRadius":4.63,"priorityShipId":1,"isInPool":false},"hypothesisId":"G1"}
{"sessionId":"bac766","timestamp":1773331932691,"location":"Gem.cs:FixedUpdate","message":"Gem attraction tick","data":{"value":22.00,"effectivePickupRadius":4.53,"priorityShipId":1,"isInPool":false},"hypothesisId":"G1"}
{"sessionId":"bac766","timestamp":1773331932692,"location":"Gem.cs:FixedUpdate","message":"Gem attraction tick","data":{"value":22.00,"effectivePickupRadius":4.63,"priorityShipId":1,"isInPool":false},"hypothesisId":"G1"}
{"sessionId":"bac766","timestamp":1773331932732,"location":"GameManager.Update","message":"object counts","data":{"bullets":0,"gems":2,"asteroids":299,"starships":1},"hypothesisId":"E"}
{"sessionId":"bac766","timestamp":1773331932762,"location":"Gem.cs:FixedUpdate","message":"Gem attraction tick","data":{"value":22.00,"effectivePickupRadius":4.53,"priorityShipId":1,"isInPool":false},"hypothesisId":"G1"}
{"sessionId":"bac766","timestamp":1773331932765,"location":"Gem.cs:FixedUpdate","message":"Gem attraction tick","data":{"value":22.00,"effectivePickupRadius":4.63,"priorityShipId":1,"isInPool":false},"hypothesisId":"G1"}
{"sessionId":"bac766","timestamp":1773331932807,"location":"Gem.cs:FixedUpdate","message":"Gem attraction tick","data":{"value":22.00,"effectivePickupRadius":4.36,"priorityShipId":1,"isInPool":false},"hypothesisId":"G1"}
{"sessionId":"bac766","timestamp":1773331932808,"location":"Gem.cs:FixedUpdate","message":"Gem attraction tick","data":{"value":22.00,"effectivePickupRadius":4.63,"priorityShipId":1,"isInPool":false},"hypothesisId":"G1"}
{"sessionId":"bac766","timestamp":1773331932856,"location":"Gem.cs:FixedUpdate","message":"Gem attraction tick","data":{"value":22.00,"effectivePickupRadius":4.36,"priorityShipId":1,"isInPool":false},"hypothesisId":"G1"}
{"sessionId":"bac766","timestamp":1773331932857,"location":"Gem.cs:FixedUpdate","message":"Gem attraction tick","data":{"value":22.00,"effectivePickupRadius":4.28,"priorityShipId":1,"isInPool":false},"hypothesisId":"G1"}
{"sessionId":"bac766","timestamp":1773331932899,"location":"Gem.cs:FixedUpdate","message":"Gem attraction tick","data":{"value":22.00,"effectivePickupRadius":4.14,"priorityShipId":1,"isInPool":false},"hypothesisId":"G1"}
{"sessionId":"bac766","timestamp":1773331932900,"location":"Gem.cs:FixedUpdate","message":"Gem attraction tick","data":{"value":22.00,"effectivePickupRadius":4.28,"priorityShipId":1,"isInPool":false},"hypothesisId":"G1"}
{"sessionId":"bac766","timestamp":1773331932935,"location":"Gem.cs:FixedUpdate","message":"Gem attraction tick","data":{"value":22.00,"effectivePickupRadius":4.14,"priorityShipId":1,"isInPool":false},"hypothesisId":"G1"}
{"sessionId":"bac766","timestamp":1773331932936,"location":"Gem.cs:FixedUpdate","message":"Gem attraction tick","data":{"value":22.00,"effectivePickupRadius":4.07,"priorityShipId":1,"isInPool":false},"hypothesisId":"G1"}
{"sessionId":"bac766","timestamp":1773331932970,"location":"Gem.cs:FixedUpdate","message":"Gem attraction tick","data":{"value":22.00,"effectivePickupRadius":4.14,"priorityShipId":1,"isInPool":false},"hypothesisId":"G1"}
{"sessionId":"bac766","timestamp":1773331932971,"location":"Gem.cs:FixedUpdate","message":"Gem attraction tick","data":{"value":22.00,"effectivePickupRadius":4.07,"priorityShipId":1,"isInPool":false},"hypothesisId":"G1"}
{"sessionId":"bac766","timestamp":1773331933048,"location":"Gem.cs:FixedUpdate","message":"Gem attraction tick","data":{"value":22.00,"effectivePickupRadius":3.97,"priorityShipId":1,"isInPool":false},"hypothesisId":"G1"}
{"sessionId":"bac766","timestamp":1773331933049,"location":"Gem.cs:FixedUpdate","message":"Gem attraction tick","data":{"value":22.00,"effectivePickupRadius":3.90,"priorityShipId":1,"isInPool":false},"hypothesisId":"G1"}
{"sessionId":"bac766","timestamp":1773331933055,"location":"GameManager.Update","message":"frame timing","data":{"frame":1500,"realtime":53.27313,"deltaTime":0.0201703,"fps":49.57784},"hypothesisId":"C"}
{"sessionId":"bac766","timestamp":1773331933096,"location":"Gem.cs:FixedUpdate","message":"Gem attraction tick","data":{"value":22.00,"effectivePickupRadius":3.79,"priorityShipId":1,"isInPool":false},"hypothesisId":"G1"}
{"sessionId":"bac766","timestamp":1773331933097,"location":"Gem.cs:FixedUpdate","message":"Gem attraction tick","data":{"value":22.00,"effectivePickupRadius":3.90,"priorityShipId":1,"isInPool":false},"hypothesisId":"G1"}
{"sessionId":"bac766","timestamp":1773331933139,"location":"Gem.cs:FixedUpdate","message":"Gem attraction tick","data":{"value":22.00,"effectivePickupRadius":3.79,"priorityShipId":1,"isInPool":false},"hypothesisId":"G1"}
{"sessionId":"bac766","timestamp":1773331933140,"location":"Gem.cs:FixedUpdate","message":"Gem attraction tick","data":{"value":22.00,"effectivePickupRadius":3.69,"priorityShipId":1,"isInPool":false},"hypothesisId":"G1"}
{"sessionId":"bac766","timestamp":1773331933184,"location":"Gem.cs:FixedUpdate","message":"Gem attraction tick","data":{"value":22.00,"effectivePickupRadius":3.79,"priorityShipId":1,"isInPool":false},"hypothesisId":"G1"}
{"sessionId":"bac766","timestamp":1773331933184,"location":"Gem.cs:FixedUpdate","message":"Gem attraction tick","data":{"value":22.00,"effectivePickupRadius":3.69,"priorityShipId":1,"isInPool":false},"hypothesisId":"G1"}
{"sessionId":"bac766","timestamp":1773331933224,"location":"Gem.cs:FixedUpdate","message":"Gem attraction tick","data":{"value":22.00,"effectivePickupRadius":3.58,"priorityShipId":1,"isInPool":false},"hypothesisId":"G1"}
{"sessionId":"bac766","timestamp":1773331933224,"location":"Gem.cs:FixedUpdate","message":"Gem attraction tick","data":{"value":22.00,"effectivePickupRadius":3.69,"priorityShipId":1,"isInPool":false},"hypothesisId":"G1"}
{"sessionId":"bac766","timestamp":1773331933260,"location":"Gem.cs:FixedUpdate","message":"Gem attraction tick","data":{"value":22.00,"effectivePickupRadius":3.58,"priorityShipId":1,"isInPool":false},"hypothesisId":"G1"}
{"sessionId":"bac766","timestamp":1773331933263,"location":"Gem.cs:FixedUpdate","message":"Gem attraction tick","data":{"value":22.00,"effectivePickupRadius":3.50,"priorityShipId":1,"isInPool":false},"hypothesisId":"G1"}
{"sessionId":"bac766","timestamp":1773331933300,"location":"Gem.cs:FixedUpdate","message":"Gem attraction tick","data":{"value":22.00,"effectivePickupRadius":3.39,"priorityShipId":1,"isInPool":false},"hypothesisId":"G1"}
{"sessionId":"bac766","timestamp":1773331933300,"location":"Gem.cs:FixedUpdate","message":"Gem attraction tick","data":{"value":22.00,"effectivePickupRadius":3.50,"priorityShipId":1,"isInPool":false},"hypothesisId":"G1"}
{"sessionId":"bac766","timestamp":1773331933344,"location":"Gem.cs:FixedUpdate","message":"Gem attraction tick","data":{"value":22.00,"effectivePickupRadius":3.39,"priorityShipId":1,"isInPool":false},"hypothesisId":"G1"}
{"sessionId":"bac766","timestamp":1773331933344,"location":"Gem.cs:FixedUpdate","message":"Gem attraction tick","data":{"value":22.00,"effectivePickupRadius":3.31,"priorityShipId":1,"isInPool":false},"hypothesisId":"G1"}
{"sessionId":"bac766","timestamp":1773331933382,"location":"Gem.cs:FixedUpdate","message":"Gem attraction tick","data":{"value":22.00,"effectivePickupRadius":3.39,"priorityShipId":1,"isInPool":false},"hypothesisId":"G1"}
{"sessionId":"bac766","timestamp":1773331933383,"location":"Gem.cs:FixedUpdate","message":"Gem attraction tick","data":{"value":22.00,"effectivePickupRadius":3.31,"priorityShipId":1,"isInPool":false},"hypothesisId":"G1"}
{"sessionId":"bac766","timestamp":1773331933420,"location":"Gem.cs:FixedUpdate","message":"Gem attraction tick","data":{"value":22.00,"effectivePickupRadius":3.20,"priorityShipId":1,"isInPool":false},"hypothesisId":"G1"}
{"sessionId":"bac766","timestamp":1773331933420,"location":"Gem.cs:FixedUpdate","message":"Gem attraction tick","data":{"value":22.00,"effectivePickupRadius":3.31,"priorityShipId":1,"isInPool":false},"hypothesisId":"G1"}
{"sessionId":"bac766","timestamp":1773331933458,"location":"Gem.cs:FixedUpdate","message":"Gem attraction tick","data":{"value":22.00,"effectivePickupRadius":3.20,"priorityShipId":1,"isInPool":false},"hypothesisId":"G1"}
{"sessionId":"bac766","timestamp":1773331933458,"location":"Gem.cs:FixedUpdate","message":"Gem attraction tick","data":{"value":22.00,"effectivePickupRadius":3.13,"priorityShipId":1,"isInPool":false},"hypothesisId":"G1"}
{"sessionId":"bac766","timestamp":1773331933495,"location":"Gem.cs:FixedUpdate","message":"Gem attraction tick","data":{"value":22.00,"effectivePickupRadius":3.03,"priorityShipId":1,"isInPool":false},"hypothesisId":"G1"}
{"sessionId":"bac766","timestamp":1773331933496,"location":"Gem.cs:FixedUpdate","message":"Gem attraction tick","data":{"value":22.00,"effectivePickupRadius":3.13,"priorityShipId":1,"isInPool":false},"hypothesisId":"G1"}
{"sessionId":"bac766","timestamp":1773331933532,"location":"Gem.cs:FixedUpdate","message":"Gem attraction tick","data":{"value":22.00,"effectivePickupRadius":3.03,"priorityShipId":1,"isInPool":false},"hypothesisId":"G1"}
{"sessionId":"bac766","timestamp":1773331933533,"location":"Gem.cs:FixedUpdate","message":"Gem attraction tick","data":{"value":22.00,"effectivePickupRadius":2.96,"priorityShipId":1,"isInPool":false},"hypothesisId":"G1"}
{"sessionId":"bac766","timestamp":1773331933571,"location":"Gem.cs:FixedUpdate","message":"Gem attraction tick","data":{"value":22.00,"effectivePickupRadius":3.03,"priorityShipId":1,"isInPool":false},"hypothesisId":"G1"}
{"sessionId":"bac766","timestamp":1773331933571,"location":"Gem.cs:FixedUpdate","message":"Gem attraction tick","data":{"value":22.00,"effectivePickupRadius":2.96,"priorityShipId":1,"isInPool":false},"hypothesisId":"G1"}
{"sessionId":"bac766","timestamp":1773331933614,"location":"Gem.cs:FixedUpdate","message":"Gem attraction tick","data":{"value":22.00,"effectivePickupRadius":2.85,"priorityShipId":1,"isInPool":false},"hypothesisId":"G1"}
{"sessionId":"bac766","timestamp":1773331933615,"location":"Gem.cs:FixedUpdate","message":"Gem attraction tick","data":{"value":22.00,"effectivePickupRadius":2.96,"priorityShipId":1,"isInPool":false},"hypothesisId":"G1"}
{"sessionId":"bac766","timestamp":1773331933663,"location":"Gem.cs:FixedUpdate","message":"Gem attraction tick","data":{"value":22.00,"effectivePickupRadius":2.85,"priorityShipId":1,"isInPool":false},"hypothesisId":"G1"}
{"sessionId":"bac766","timestamp":1773331933663,"location":"Gem.cs:FixedUpdate","message":"Gem attraction tick","data":{"value":22.00,"effectivePickupRadius":2.77,"priorityShipId":1,"isInPool":false},"hypothesisId":"G1"}
{"sessionId":"bac766","timestamp":1773331933702,"location":"Gem.cs:FixedUpdate","message":"Gem attraction tick","data":{"value":22.00,"effectivePickupRadius":2.64,"priorityShipId":1,"isInPool":false},"hypothesisId":"G1"}
{"sessionId":"bac766","timestamp":1773331933703,"location":"Gem.cs:FixedUpdate","message":"Gem attraction tick","data":{"value":22.00,"effectivePickupRadius":2.77,"priorityShipId":1,"isInPool":false},"hypothesisId":"G1"}
{"sessionId":"bac766","timestamp":1773331933740,"location":"Gem.cs:FixedUpdate","message":"Gem attraction tick","data":{"value":22.00,"effectivePickupRadius":2.64,"priorityShipId":1,"isInPool":false},"hypothesisId":"G1"}
{"sessionId":"bac766","timestamp":1773331933740,"location":"Gem.cs:FixedUpdate","message":"Gem attraction tick","data":{"value":22.00,"effectivePickupRadius":2.57,"priorityShipId":1,"isInPool":false},"hypothesisId":"G1"}
{"sessionId":"bac766","timestamp":1773331933776,"location":"Gem.cs:FixedUpdate","message":"Gem attraction tick","data":{"value":22.00,"effectivePickupRadius":2.64,"priorityShipId":1,"isInPool":false},"hypothesisId":"G1"}
{"sessionId":"bac766","timestamp":1773331933778,"location":"Gem.cs:FixedUpdate","message":"Gem attraction tick","data":{"value":22.00,"effectivePickupRadius":2.57,"priorityShipId":1,"isInPool":false},"hypothesisId":"G1"}
{"sessionId":"bac766","timestamp":1773331933816,"location":"Gem.cs:FixedUpdate","message":"Gem attraction tick","data":{"value":22.00,"effectivePickupRadius":2.47,"priorityShipId":1,"isInPool":false},"hypothesisId":"G1"}
{"sessionId":"bac766","timestamp":1773331933817,"location":"Gem.cs:FixedUpdate","message":"Gem attraction tick","data":{"value":22.00,"effectivePickupRadius":2.57,"priorityShipId":1,"isInPool":false},"hypothesisId":"G1"}
{"sessionId":"bac766","timestamp":1773331933858,"location":"Gem.cs:FixedUpdate","message":"Gem attraction tick","data":{"value":22.00,"effectivePickupRadius":2.47,"priorityShipId":1,"isInPool":false},"hypothesisId":"G1"}
{"sessionId":"bac766","timestamp":1773331933859,"location":"Gem.cs:FixedUpdate","message":"Gem attraction tick","data":{"value":22.00,"effectivePickupRadius":2.39,"priorityShipId":1,"isInPool":false},"hypothesisId":"G1"}
{"sessionId":"bac766","timestamp":1773331933899,"location":"Gem.cs:FixedUpdate","message":"Gem attraction tick","data":{"value":22.00,"effectivePickupRadius":2.27,"priorityShipId":1,"isInPool":false},"hypothesisId":"G1"}
{"sessionId":"bac766","timestamp":1773331933899,"location":"Gem.cs:FixedUpdate","message":"Gem attraction tick","data":{"value":22.00,"effectivePickupRadius":2.39,"priorityShipId":1,"isInPool":false},"hypothesisId":"G1"}
{"sessionId":"bac766","timestamp":1773331933938,"location":"Gem.cs:FixedUpdate","message":"Gem attraction tick","data":{"value":22.00,"effectivePickupRadius":2.27,"priorityShipId":1,"isInPool":false},"hypothesisId":"G1"}
{"sessionId":"bac766","timestamp":1773331933938,"location":"Gem.cs:FixedUpdate","message":"Gem attraction tick","data":{"value":22.00,"effectivePickupRadius":2.20,"priorityShipId":1,"isInPool":false},"hypothesisId":"G1"}
{"sessionId":"bac766","timestamp":1773331933980,"location":"Gem.cs:FixedUpdate","message":"Gem attraction tick","data":{"value":22.00,"effectivePickupRadius":2.27,"priorityShipId":1,"isInPool":false},"hypothesisId":"G1"}
{"sessionId":"bac766","timestamp":1773331933980,"location":"Gem.cs:FixedUpdate","message":"Gem attraction tick","data":{"value":22.00,"effectivePickupRadius":2.20,"priorityShipId":1,"isInPool":false},"hypothesisId":"G1"}
{"sessionId":"bac766","timestamp":1773331934020,"location":"Gem.cs:FixedUpdate","message":"Gem attraction tick","data":{"value":22.00,"effectivePickupRadius":2.09,"priorityShipId":1,"isInPool":false},"hypothesisId":"G1"}
{"sessionId":"bac766","timestamp":1773331934020,"location":"Gem.cs:FixedUpdate","message":"Gem attraction tick","data":{"value":22.00,"effectivePickupRadius":2.20,"priorityShipId":1,"isInPool":false},"hypothesisId":"G1"}
{"sessionId":"bac766","timestamp":1773331934062,"location":"Gem.cs:FixedUpdate","message":"Gem attraction tick","data":{"value":22.00,"effectivePickupRadius":2.09,"priorityShipId":1,"isInPool":false},"hypothesisId":"G1"}
{"sessionId":"bac766","timestamp":1773331934062,"location":"Gem.cs:FixedUpdate","message":"Gem attraction tick","data":{"value":22.00,"effectivePickupRadius":2.01,"priorityShipId":1,"isInPool":false},"hypothesisId":"G1"}
{"sessionId":"bac766","timestamp":1773331934100,"location":"Gem.cs:FixedUpdate","message":"Gem attraction tick","data":{"value":22.00,"effectivePickupRadius":1.90,"priorityShipId":1,"isInPool":false},"hypothesisId":"G1"}
{"sessionId":"bac766","timestamp":1773331934101,"location":"Gem.cs:FixedUpdate","message":"Gem attraction tick","data":{"value":22.00,"effectivePickupRadius":2.01,"priorityShipId":1,"isInPool":false},"hypothesisId":"G1"}
{"sessionId":"bac766","timestamp":1773331934148,"location":"Gem.cs:FixedUpdate","message":"Gem attraction tick","data":{"value":22.00,"effectivePickupRadius":1.90,"priorityShipId":1,"isInPool":false},"hypothesisId":"G1"}
{"sessionId":"bac766","timestamp":1773331934149,"location":"Gem.cs:FixedUpdate","message":"Gem attraction tick","data":{"value":22.00,"effectivePickupRadius":1.82,"priorityShipId":1,"isInPool":false},"hypothesisId":"G1"}
{"sessionId":"bac766","timestamp":1773331934191,"location":"Gem.cs:FixedUpdate","message":"Gem attraction tick","data":{"value":22.00,"effectivePickupRadius":1.90,"priorityShipId":1,"isInPool":false},"hypothesisId":"G1"}
{"sessionId":"bac766","timestamp":1773331934192,"location":"Gem.cs:FixedUpdate","message":"Gem attraction tick","data":{"value":22.00,"effectivePickupRadius":1.82,"priorityShipId":1,"isInPool":false},"hypothesisId":"G1"}
{"sessionId":"bac766","timestamp":1773331934260,"location":"Gem.cs:FixedUpdate","message":"Gem attraction tick","data":{"value":22.00,"effectivePickupRadius":1.69,"priorityShipId":1,"isInPool":false},"hypothesisId":"G1"}
{"sessionId":"bac766","timestamp":1773331934261,"location":"Gem.cs:FixedUpdate","message":"Gem attraction tick","data":{"value":22.00,"effectivePickupRadius":1.62,"priorityShipId":1,"isInPool":false},"hypothesisId":"G1"}
{"sessionId":"bac766","timestamp":1773331934264,"location":"MinimapController.UpdateBlips","message":"blip and cache counts","data":{"blips":149,"edgeMarkers":20,"markerEdgeMarkers":0,"cachedShips":1,"cachedPlanets":20,"cachedAsteroids":299,"cachedMarkers":0,"durationMs":0},"hypothesisId":"B"}
{"sessionId":"bac766","timestamp":1773331934266,"location":"GameManager.Update","message":"frame timing","data":{"frame":1560,"realtime":54.48316,"deltaTime":0.0167878,"fps":59.56708},"hypothesisId":"C"}
{"sessionId":"bac766","timestamp":1773331934297,"location":"Gem.cs:FixedUpdate","message":"Gem attraction tick","data":{"value":22.00,"effectivePickupRadius":1.53,"priorityShipId":1,"isInPool":false},"hypothesisId":"G1"}
{"sessionId":"bac766","timestamp":1773331934300,"location":"Gem.cs:FixedUpdate","message":"Gem attraction tick","data":{"value":22.00,"effectivePickupRadius":1.62,"priorityShipId":1,"isInPool":false},"hypothesisId":"G1"}
{"sessionId":"bac766","timestamp":1773331934335,"location":"Gem.cs:FixedUpdate","message":"Gem attraction tick","data":{"value":22.00,"effectivePickupRadius":1.53,"priorityShipId":1,"isInPool":false},"hypothesisId":"G1"}
{"sessionId":"bac766","timestamp":1773331934335,"location":"Gem.cs:FixedUpdate","message":"Gem attraction tick","data":{"value":22.00,"effectivePickupRadius":1.46,"priorityShipId":1,"isInPool":false},"hypothesisId":"G1"}
{"sessionId":"bac766","timestamp":1773331934378,"location":"Gem.cs:FixedUpdate","message":"Gem attraction tick","data":{"value":22.00,"effectivePickupRadius":1.53,"priorityShipId":1,"isInPool":false},"hypothesisId":"G1"}
{"sessionId":"bac766","timestamp":1773331934378,"location":"Gem.cs:FixedUpdate","message":"Gem attraction tick","data":{"value":22.00,"effectivePickupRadius":1.46,"priorityShipId":1,"isInPool":false},"hypothesisId":"G1"}
{"sessionId":"bac766","timestamp":1773331934417,"location":"Gem.cs:FixedUpdate","message":"Gem attraction tick","data":{"value":22.00,"effectivePickupRadius":1.34,"priorityShipId":1,"isInPool":false},"hypothesisId":"G1"}
{"sessionId":"bac766","timestamp":1773331934418,"location":"Gem.cs:FixedUpdate","message":"Gem attraction tick","data":{"value":22.00,"effectivePickupRadius":1.46,"priorityShipId":1,"isInPool":false},"hypothesisId":"G1"}
{"sessionId":"bac766","timestamp":1773331934458,"location":"Gem.cs:FixedUpdate","message":"Gem attraction tick","data":{"value":22.00,"effectivePickupRadius":1.34,"priorityShipId":1,"isInPool":false},"hypothesisId":"G1"}
{"sessionId":"bac766","timestamp":1773331934459,"location":"Gem.cs:FixedUpdate","message":"Gem attraction tick","data":{"value":22.00,"effectivePickupRadius":1.27,"priorityShipId":1,"isInPool":false},"hypothesisId":"G1"}
{"sessionId":"bac766","timestamp":1773331934498,"location":"Gem.cs:FixedUpdate","message":"Gem attraction tick","data":{"value":22.00,"effectivePickupRadius":1.15,"priorityShipId":1,"isInPool":false},"hypothesisId":"G1"}
{"sessionId":"bac766","timestamp":1773331934499,"location":"Gem.cs:FixedUpdate","message":"Gem attraction tick","data":{"value":22.00,"effectivePickupRadius":1.27,"priorityShipId":1,"isInPool":false},"hypothesisId":"G1"}
{"sessionId":"bac766","timestamp":1773331934526,"location":"PlanetConnectionSystem.RecomputeGraph","message":"edges and triangles","data":{"edges":0,"triangles":0,"durationMs":2.243042},"hypothesisId":"D"}
{"sessionId":"bac766","timestamp":1773331934541,"location":"Gem.cs:FixedUpdate","message":"Gem attraction tick","data":{"value":22.00,"effectivePickupRadius":1.15,"priorityShipId":1,"isInPool":false},"hypothesisId":"G1"}
{"sessionId":"bac766","timestamp":1773331934541,"location":"Gem.cs:FixedUpdate","message":"Gem attraction tick","data":{"value":22.00,"effectivePickupRadius":1.08,"priorityShipId":1,"isInPool":false},"hypothesisId":"G1"}
{"sessionId":"bac766","timestamp":1773331934578,"location":"Gem.cs:FixedUpdate","message":"Gem attraction tick","data":{"value":22.00,"effectivePickupRadius":1.15,"priorityShipId":1,"isInPool":false},"hypothesisId":"G1"}
{"sessionId":"bac766","timestamp":1773331934578,"location":"Gem.cs:FixedUpdate","message":"Gem attraction tick","data":{"value":22.00,"effectivePickupRadius":1.08,"priorityShipId":1,"isInPool":false},"hypothesisId":"G1"}
{"sessionId":"bac766","timestamp":1773331934616,"location":"Gem.cs:FixedUpdate","message":"Gem attraction tick","data":{"value":22.00,"effectivePickupRadius":0.97,"priorityShipId":1,"isInPool":false},"hypothesisId":"G1"}
{"sessionId":"bac766","timestamp":1773331934617,"location":"Gem.cs:FixedUpdate","message":"Gem attraction tick","data":{"value":22.00,"effectivePickupRadius":1.08,"priorityShipId":1,"isInPool":false},"hypothesisId":"G1"}
{"sessionId":"bac766","timestamp":1773331934659,"location":"Gem.cs:FixedUpdate","message":"Gem attraction tick","data":{"value":22.00,"effectivePickupRadius":0.97,"priorityShipId":1,"isInPool":false},"hypothesisId":"G1"}
{"sessionId":"bac766","timestamp":1773331934660,"location":"Gem.cs:FixedUpdate","message":"Gem attraction tick","data":{"value":22.00,"effectivePickupRadius":0.90,"priorityShipId":1,"isInPool":false},"hypothesisId":"G1"}
{"sessionId":"bac766","timestamp":1773331934698,"location":"Gem.cs:FixedUpdate","message":"Gem attraction tick","data":{"value":22.00,"effectivePickupRadius":0.78,"priorityShipId":1,"isInPool":false},"hypothesisId":"G1"}
{"sessionId":"bac766","timestamp":1773331934699,"location":"Gem.cs:FixedUpdate","message":"Gem attraction tick","data":{"value":22.00,"effectivePickupRadius":0.90,"priorityShipId":1,"isInPool":false},"hypothesisId":"G1"}
{"sessionId":"bac766","timestamp":1773331934734,"location":"Gem.cs:FixedUpdate","message":"Gem attraction tick","data":{"value":22.00,"effectivePickupRadius":0.78,"priorityShipId":1,"isInPool":false},"hypothesisId":"G1"}
{"sessionId":"bac766","timestamp":1773331934735,"location":"Gem.cs:FixedUpdate","message":"Gem attraction tick","data":{"value":22.00,"effectivePickupRadius":0.71,"priorityShipId":1,"isInPool":false},"hypothesisId":"G1"}
{"sessionId":"bac766","timestamp":1773331934745,"location":"GameManager.Update","message":"object counts","data":{"bullets":0,"gems":2,"asteroids":299,"starships":1},"hypothesisId":"E"}
{"sessionId":"bac766","timestamp":1773331934782,"location":"Gem.cs:FixedUpdate","message":"Gem attraction tick","data":{"value":22.00,"effectivePickupRadius":0.78,"priorityShipId":1,"isInPool":false},"hypothesisId":"G1"}
{"sessionId":"bac766","timestamp":1773331934783,"location":"Gem.cs:FixedUpdate","message":"Gem attraction tick","data":{"value":22.00,"effectivePickupRadius":0.71,"priorityShipId":1,"isInPool":false},"hypothesisId":"G1"}
{"sessionId":"bac766","timestamp":1773331934823,"location":"Gem.cs:FixedUpdate","message":"Gem attraction tick","data":{"value":22.00,"effectivePickupRadius":0.59,"priorityShipId":1,"isInPool":false},"hypothesisId":"G1"}
{"sessionId":"bac766","timestamp":1773331934826,"location":"Gem.cs:FixedUpdate","message":"Gem attraction tick","data":{"value":22.00,"effectivePickupRadius":0.71,"priorityShipId":1,"isInPool":false},"hypothesisId":"G1"}
{"sessionId":"bac766","timestamp":1773331934862,"location":"Gem.cs:FixedUpdate","message":"Gem attraction tick","data":{"value":22.00,"effectivePickupRadius":0.59,"priorityShipId":1,"isInPool":false},"hypothesisId":"G1"}
{"sessionId":"bac766","timestamp":1773331934863,"location":"Gem.cs:FixedUpdate","message":"Gem attraction tick","data":{"value":22.00,"effectivePickupRadius":0.51,"priorityShipId":1,"isInPool":false},"hypothesisId":"G1"}
{"sessionId":"bac766","timestamp":1773331934903,"location":"Gem.cs:FixedUpdate","message":"Gem attraction tick","data":{"value":22.00,"effectivePickupRadius":0.40,"priorityShipId":1,"isInPool":false},"hypothesisId":"G1"}
{"sessionId":"bac766","timestamp":1773331934903,"location":"Gem.cs:FixedUpdate","message":"Gem attraction tick","data":{"value":22.00,"effectivePickupRadius":0.51,"priorityShipId":1,"isInPool":false},"hypothesisId":"G1"}
{"sessionId":"bac766","timestamp":1773331934948,"location":"Gem.cs:FixedUpdate","message":"Gem attraction tick","data":{"value":22.00,"effectivePickupRadius":0.40,"priorityShipId":1,"isInPool":false},"hypothesisId":"G1"}
{"sessionId":"bac766","timestamp":1773331934949,"location":"Gem.cs:FixedUpdate","message":"Gem attraction tick","data":{"value":22.00,"effectivePickupRadius":0.32,"priorityShipId":1,"isInPool":false},"hypothesisId":"G1"}
{"sessionId":"bac766","timestamp":1773331934992,"location":"Gem.cs:FixedUpdate","message":"Gem attraction tick","data":{"value":22.00,"effectivePickupRadius":0.40,"priorityShipId":1,"isInPool":false},"hypothesisId":"G1"}
{"sessionId":"bac766","timestamp":1773331934992,"location":"Gem.cs:FixedUpdate","message":"Gem attraction tick","data":{"value":22.00,"effectivePickupRadius":0.32,"priorityShipId":1,"isInPool":false},"hypothesisId":"G1"}
{"sessionId":"bac766","timestamp":1773331935029,"location":"Gem.cs:FixedUpdate","message":"Gem attraction tick","data":{"value":22.00,"effectivePickupRadius":0.20,"priorityShipId":1,"isInPool":false},"hypothesisId":"G1"}
{"sessionId":"bac766","timestamp":1773331935030,"location":"Gem.cs:FixedUpdate","message":"Gem attraction tick","data":{"value":22.00,"effectivePickupRadius":0.32,"priorityShipId":1,"isInPool":false},"hypothesisId":"G1"}
{"sessionId":"bac766","timestamp":1773331935064,"location":"Gem.cs:FixedUpdate","message":"Gem attraction tick","data":{"value":22.00,"effectivePickupRadius":0.20,"priorityShipId":1,"isInPool":false},"hypothesisId":"G1"}
{"sessionId":"bac766","timestamp":1773331935065,"location":"Gem.cs:FixedUpdate","message":"Gem attraction tick","data":{"value":22.00,"effectivePickupRadius":0.32,"priorityShipId":1,"isInPool":false},"hypothesisId":"G1"}
{"sessionId":"bac766","timestamp":1773331935101,"location":"Gem.cs:FixedUpdate","message":"Gem attraction tick","data":{"value":22.00,"effectivePickupRadius":0.02,"priorityShipId":1,"isInPool":false},"hypothesisId":"G1"}
{"sessionId":"bac766","timestamp":1773331935102,"location":"Gem.cs:FixedUpdate","message":"Gem attraction tick","data":{"value":22.00,"effectivePickupRadius":0.32,"priorityShipId":1,"isInPool":false},"hypothesisId":"G1"}
{"sessionId":"bac766","timestamp":1773331935455,"location":"GameManager.Update","message":"frame timing","data":{"frame":1620,"realtime":55.6722,"deltaTime":0.0166482,"fps":60.06656},"hypothesisId":"C"}
{"sessionId":"bac766","timestamp":1773331936578,"location":"MinimapController.UpdateBlips","message":"blip and cache counts","data":{"blips":149,"edgeMarkers":20,"markerEdgeMarkers":0,"cachedShips":1,"cachedPlanets":20,"cachedAsteroids":299,"cachedMarkers":0,"durationMs":0.003814697},"hypothesisId":"B"}
{"sessionId":"bac766","timestamp":1773331936579,"location":"GameManager.Update","message":"frame timing","data":{"frame":1680,"realtime":56.7964,"deltaTime":0.0171599,"fps":58.2754},"hypothesisId":"C"}
{"sessionId":"bac766","timestamp":1773331936753,"location":"GameManager.Update","message":"object counts","data":{"bullets":0,"gems":0,"asteroids":299,"starships":1},"hypothesisId":"E"}
{"sessionId":"bac766","timestamp":1773331937531,"location":"PlanetConnectionSystem.RecomputeGraph","message":"edges and triangles","data":{"edges":0,"triangles":0,"durationMs":2.456665},"hypothesisId":"D"}
{"sessionId":"bac766","timestamp":1773331937724,"location":"GameManager.Update","message":"frame timing","data":{"frame":1740,"realtime":57.94177,"deltaTime":0.0200762,"fps":49.81023},"hypothesisId":"C"}
{"sessionId":"bac766","timestamp":1773331938762,"location":"GameManager.Update","message":"object counts","data":{"bullets":0,"gems":0,"asteroids":299,"starships":1},"hypothesisId":"E"}
{"sessionId":"bac766","timestamp":1773331938885,"location":"MinimapController.UpdateBlips","message":"blip and cache counts","data":{"blips":149,"edgeMarkers":20,"markerEdgeMarkers":0,"cachedShips":1,"cachedPlanets":20,"cachedAsteroids":299,"cachedMarkers":0,"durationMs":0},"hypothesisId":"B"}
{"sessionId":"bac766","timestamp":1773331938886,"location":"GameManager.Update","message":"frame timing","data":{"frame":1800,"realtime":59.10359,"deltaTime":0.0202005,"fps":49.50373},"hypothesisId":"C"}
{"sessionId":"bac766","timestamp":1773331940039,"location":"GameManager.Update","message":"frame timing","data":{"frame":1860,"realtime":60.25616,"deltaTime":0.0183513,"fps":54.49204},"hypothesisId":"C"}
{"sessionId":"bac766","timestamp":1773331940544,"location":"PlanetConnectionSystem.RecomputeGraph","message":"edges and triangles","data":{"edges":0,"triangles":0,"durationMs":2.39563},"hypothesisId":"D"}
{"sessionId":"bac766","timestamp":1773331940779,"location":"GameManager.Update","message":"object counts","data":{"bullets":0,"gems":0,"asteroids":299,"starships":1},"hypothesisId":"E"}
{"sessionId":"bac766","timestamp":1773331941217,"location":"MinimapController.UpdateBlips","message":"blip and cache counts","data":{"blips":149,"edgeMarkers":20,"markerEdgeMarkers":0,"cachedShips":1,"cachedPlanets":20,"cachedAsteroids":299,"cachedMarkers":0,"durationMs":0},"hypothesisId":"B"}
{"sessionId":"bac766","timestamp":1773331941218,"location":"GameManager.Update","message":"frame timing","data":{"frame":1920,"realtime":61.43618,"deltaTime":0.017233,"fps":58.0282},"hypothesisId":"C"}
{"sessionId":"bac766","timestamp":1773331942406,"location":"GameManager.Update","message":"frame timing","data":{"frame":1980,"realtime":62.62395,"deltaTime":0.0207348,"fps":48.2281},"hypothesisId":"C"}
{"sessionId":"bac766","timestamp":1773331942783,"location":"GameManager.Update","message":"object counts","data":{"bullets":0,"gems":0,"asteroids":299,"starships":1},"hypothesisId":"E"}
{"sessionId":"bac766","timestamp":1773331943553,"location":"PlanetConnectionSystem.RecomputeGraph","message":"edges and triangles","data":{"edges":0,"triangles":0,"durationMs":2.857208},"hypothesisId":"D"}
{"sessionId":"bac766","timestamp":1773331943625,"location":"MinimapController.UpdateBlips","message":"blip and cache counts","data":{"blips":149,"edgeMarkers":20,"markerEdgeMarkers":0,"cachedShips":1,"cachedPlanets":20,"cachedAsteroids":299,"cachedMarkers":0,"durationMs":0},"hypothesisId":"B"}
{"sessionId":"bac766","timestamp":1773331943626,"location":"GameManager.Update","message":"frame timing","data":{"frame":2040,"realtime":63.84357,"deltaTime":0.0177379,"fps":56.37647},"hypothesisId":"C"}
{"sessionId":"bac766","timestamp":1773331944797,"location":"GameManager.Update","message":"object counts","data":{"bullets":0,"gems":0,"asteroids":299,"starships":1},"hypothesisId":"E"}
{"sessionId":"bac766","timestamp":1773331944894,"location":"GameManager.Update","message":"frame timing","data":{"frame":2100,"realtime":65.11202,"deltaTime":0.019175,"fps":52.15124},"hypothesisId":"C"}
{"sessionId":"bac766","timestamp":1773331946129,"location":"MinimapController.UpdateBlips","message":"blip and cache counts","data":{"blips":149,"edgeMarkers":20,"markerEdgeMarkers":0,"cachedShips":1,"cachedPlanets":20,"cachedAsteroids":299,"cachedMarkers":0,"durationMs":0},"hypothesisId":"B"}
{"sessionId":"bac766","timestamp":1773331946130,"location":"GameManager.Update","message":"frame timing","data":{"frame":2160,"realtime":66.34732,"deltaTime":0.0184611,"fps":54.16796},"hypothesisId":"C"}
{"sessionId":"bac766","timestamp":1773331946569,"location":"PlanetConnectionSystem.RecomputeGraph","message":"edges and triangles","data":{"edges":0,"triangles":0,"durationMs":2.601624},"hypothesisId":"D"}
{"sessionId":"bac766","timestamp":1773331946813,"location":"GameManager.Update","message":"object counts","data":{"bullets":0,"gems":0,"asteroids":299,"starships":1},"hypothesisId":"E"}
{"sessionId":"bac766","timestamp":1773331947384,"location":"GameManager.Update","message":"frame timing","data":{"frame":2220,"realtime":67.60237,"deltaTime":0.02167139,"fps":46.14378},"hypothesisId":"C"}
{"sessionId":"bac766","timestamp":1773331948651,"location":"MinimapController.UpdateBlips","message":"blip and cache counts","data":{"blips":149,"edgeMarkers":20,"markerEdgeMarkers":0,"cachedShips":1,"cachedPlanets":20,"cachedAsteroids":299,"cachedMarkers":0,"durationMs":0},"hypothesisId":"B"}
{"sessionId":"bac766","timestamp":1773331948652,"location":"GameManager.Update","message":"frame timing","data":{"frame":2280,"realtime":68.86888,"deltaTime":0.023991,"fps":41.6823},"hypothesisId":"C"}
{"sessionId":"bac766","timestamp":1773331948825,"location":"GameManager.Update","message":"object counts","data":{"bullets":0,"gems":0,"asteroids":299,"starships":1},"hypothesisId":"E"}
{"sessionId":"bac766","timestamp":1773331949572,"location":"PlanetConnectionSystem.RecomputeGraph","message":"edges and triangles","data":{"edges":0,"triangles":0,"durationMs":3.128052},"hypothesisId":"D"}
{"sessionId":"bac766","timestamp":1773331949942,"location":"GameManager.Update","message":"frame timing","data":{"frame":2340,"realtime":70.15957,"deltaTime":0.0250873,"fps":39.86081},"hypothesisId":"C"}
{"sessionId":"bac766","timestamp":1773331950830,"location":"GameManager.Update","message":"object counts","data":{"bullets":0,"gems":0,"asteroids":299,"starships":1},"hypothesisId":"E"}
{"sessionId":"bac766","timestamp":1773331951212,"location":"MinimapController.UpdateBlips","message":"blip and cache counts","data":{"blips":149,"edgeMarkers":20,"markerEdgeMarkers":0,"cachedShips":1,"cachedPlanets":20,"cachedAsteroids":299,"cachedMarkers":0,"durationMs":0},"hypothesisId":"B"}
{"sessionId":"bac766","timestamp":1773331951213,"location":"GameManager.Update","message":"frame timing","data":{"frame":2400,"realtime":71.43025,"deltaTime":0.0251555,"fps":39.75274},"hypothesisId":"C"}
{"sessionId":"bac766","timestamp":1773331952486,"location":"GameManager.Update","message":"frame timing","data":{"frame":2460,"realtime":72.70453,"deltaTime":0.0204842,"fps":48.81812},"hypothesisId":"C"}
{"sessionId":"bac766","timestamp":1773331952586,"location":"PlanetConnectionSystem.RecomputeGraph","message":"edges and triangles","data":{"edges":0,"triangles":0,"durationMs":2.883911},"hypothesisId":"D"}
{"sessionId":"bac766","timestamp":1773331952849,"location":"GameManager.Update","message":"object counts","data":{"bullets":0,"gems":0,"asteroids":299,"starships":1},"hypothesisId":"E"}
{"sessionId":"bac766","timestamp":1773331953792,"location":"MinimapController.UpdateBlips","message":"blip and cache counts","data":{"blips":149,"edgeMarkers":20,"markerEdgeMarkers":0,"cachedShips":1,"cachedPlanets":20,"cachedAsteroids":299,"cachedMarkers":0,"durationMs":0},"hypothesisId":"B"}
{"sessionId":"bac766","timestamp":1773331953793,"location":"GameManager.Update","message":"frame timing","data":{"frame":2520,"realtime":74.01091,"deltaTime":0.0219771,"fps":45.50191},"hypothesisId":"C"}
{"sessionId":"bac766","timestamp":1773331954872,"location":"GameManager.Update","message":"object counts","data":{"bullets":0,"gems":0,"asteroids":299,"starships":1},"hypothesisId":"E"}
{"sessionId":"bac766","timestamp":1773331955191,"location":"GameManager.Update","message":"frame timing","data":{"frame":2580,"realtime":75.40903,"deltaTime":0.0226786,"fps":44.09443},"hypothesisId":"C"}
{"sessionId":"bac766","timestamp":1773331955592,"location":"PlanetConnectionSystem.RecomputeGraph","message":"edges and triangles","data":{"edges":0,"triangles":0,"durationMs":3.097534},"hypothesisId":"D"}
{"sessionId":"bac766","timestamp":1773331956583,"location":"MinimapController.UpdateBlips","message":"blip and cache counts","data":{"blips":149,"edgeMarkers":20,"markerEdgeMarkers":0,"cachedShips":1,"cachedPlanets":20,"cachedAsteroids":299,"cachedMarkers":0,"durationMs":0},"hypothesisId":"B"}
{"sessionId":"bac766","timestamp":1773331956585,"location":"GameManager.Update","message":"frame timing","data":{"frame":2640,"realtime":76.80173,"deltaTime":0.0200294,"fps":49.92661},"hypothesisId":"C"}
{"sessionId":"bac766","timestamp":1773331956891,"location":"GameManager.Update","message":"object counts","data":{"bullets":0,"gems":0,"asteroids":299,"starships":1},"hypothesisId":"E"}
{"sessionId":"bac766","timestamp":1773331957953,"location":"GameManager.Update","message":"frame timing","data":{"frame":2700,"realtime":78.17053,"deltaTime":0.0253771,"fps":39.4056},"hypothesisId":"C"}
{"sessionId":"bac766","timestamp":1773331958594,"location":"PlanetConnectionSystem.RecomputeGraph","message":"edges and triangles","data":{"edges":0,"triangles":0,"durationMs":3.135681},"hypothesisId":"D"}
{"sessionId":"bac766","timestamp":1773331958897,"location":"GameManager.Update","message":"object counts","data":{"bullets":0,"gems":0,"asteroids":299,"starships":1},"hypothesisId":"E"}
{"sessionId":"bac766","timestamp":1773331959407,"location":"MinimapController.UpdateBlips","message":"blip and cache counts","data":{"blips":149,"edgeMarkers":20,"markerEdgeMarkers":0,"cachedShips":1,"cachedPlanets":20,"cachedAsteroids":299,"cachedMarkers":0,"durationMs":0},"hypothesisId":"B"}
{"sessionId":"bac766","timestamp":1773331959409,"location":"GameManager.Update","message":"frame timing","data":{"frame":2760,"realtime":79.62636,"deltaTime":0.0206527,"fps":48.41982},"hypothesisId":"C"}
{"sessionId":"bac766","timestamp":1773331960831,"location":"GameManager.Update","message":"frame timing","data":{"frame":2820,"realtime":81.04842,"deltaTime":0.02152829,"fps":46.4505},"hypothesisId":"C"}
{"sessionId":"bac766","timestamp":1773331960916,"location":"GameManager.Update","message":"object counts","data":{"bullets":0,"gems":0,"asteroids":299,"starships":1},"hypothesisId":"E"}
{"sessionId":"bac766","timestamp":1773331961621,"location":"PlanetConnectionSystem.RecomputeGraph","message":"edges and triangles","data":{"edges":0,"triangles":0,"durationMs":2.937317},"hypothesisId":"D"}
{"sessionId":"bac766","timestamp":1773331962273,"location":"MinimapController.UpdateBlips","message":"blip and cache counts","data":{"blips":149,"edgeMarkers":20,"markerEdgeMarkers":0,"cachedShips":1,"cachedPlanets":20,"cachedAsteroids":299,"cachedMarkers":0,"durationMs":0},"hypothesisId":"B"}
{"sessionId":"bac766","timestamp":1773331962274,"location":"GameManager.Update","message":"frame timing","data":{"frame":2880,"realtime":82.49189,"deltaTime":0.0246694,"fps":40.53605},"hypothesisId":"C"}
{"sessionId":"bac766","timestamp":1773331962916,"location":"GameManager.Update","message":"object counts","data":{"bullets":0,"gems":0,"asteroids":299,"starships":1},"hypothesisId":"E"}
{"sessionId":"bac766","timestamp":1773331963705,"location":"GameManager.Update","message":"frame timing","data":{"frame":2940,"realtime":83.92271,"deltaTime":0.0262523,"fps":38.09191},"hypothesisId":"C"}
{"sessionId":"bac766","timestamp":1773331964643,"location":"PlanetConnectionSystem.RecomputeGraph","message":"edges and triangles","data":{"edges":0,"triangles":0,"durationMs":3.242493},"hypothesisId":"D"}
{"sessionId":"bac766","timestamp":1773331964928,"location":"GameManager.Update","message":"object counts","data":{"bullets":0,"gems":0,"asteroids":299,"starships":1},"hypothesisId":"E"}
{"sessionId":"bac766","timestamp":1773331965181,"location":"MinimapController.UpdateBlips","message":"blip and cache counts","data":{"blips":149,"edgeMarkers":20,"markerEdgeMarkers":0,"cachedShips":1,"cachedPlanets":20,"cachedAsteroids":299,"cachedMarkers":0,"durationMs":0.007629395},"hypothesisId":"B"}
{"sessionId":"bac766","timestamp":1773331965182,"location":"GameManager.Update","message":"frame timing","data":{"frame":3000,"realtime":85.39974,"deltaTime":0.0253135,"fps":39.50462},"hypothesisId":"C"}
{"sessionId":"bac766","timestamp":1773331966678,"location":"GameManager.Update","message":"frame timing","data":{"frame":3060,"realtime":86.8958,"deltaTime":0.02055291,"fps":48.65492},"hypothesisId":"C"}
{"sessionId":"bac766","timestamp":1773331966953,"location":"GameManager.Update","message":"object counts","data":{"bullets":0,"gems":0,"asteroids":299,"starships":1},"hypothesisId":"E"}
{"sessionId":"bac766","timestamp":1773331967649,"location":"PlanetConnectionSystem.RecomputeGraph","message":"edges and triangles","data":{"edges":0,"triangles":0,"durationMs":3.631592},"hypothesisId":"D"}
{"sessionId":"bac766","timestamp":1773331968264,"location":"MinimapController.UpdateBlips","message":"blip and cache counts","data":{"blips":153,"edgeMarkers":20,"markerEdgeMarkers":0,"cachedShips":1,"cachedPlanets":20,"cachedAsteroids":299,"cachedMarkers":0,"durationMs":0},"hypothesisId":"B"}
{"sessionId":"bac766","timestamp":1773331968265,"location":"GameManager.Update","message":"frame timing","data":{"frame":3120,"realtime":88.48318,"deltaTime":0.027412,"fps":36.48037},"hypothesisId":"C"}
{"sessionId":"bac766","timestamp":1773331968981,"location":"GameManager.Update","message":"object counts","data":{"bullets":0,"gems":0,"asteroids":299,"starships":1},"hypothesisId":"E"}
{"sessionId":"bac766","timestamp":1773331969973,"location":"GameManager.Update","message":"frame timing","data":{"frame":3180,"realtime":90.19019,"deltaTime":0.035681,"fps":28.02612},"hypothesisId":"C"}
{"sessionId":"bac766","timestamp":1773331970677,"location":"PlanetConnectionSystem.RecomputeGraph","message":"edges and triangles","data":{"edges":0,"triangles":0,"durationMs":3.791809},"hypothesisId":"D"}
{"sessionId":"bac766","timestamp":1773331971000,"location":"GameManager.Update","message":"object counts","data":{"bullets":0,"gems":0,"asteroids":299,"starships":1},"hypothesisId":"E"}
{"sessionId":"bac766","timestamp":1773331971813,"location":"MinimapController.UpdateBlips","message":"blip and cache counts","data":{"blips":153,"edgeMarkers":20,"markerEdgeMarkers":0,"cachedShips":1,"cachedPlanets":20,"cachedAsteroids":299,"cachedMarkers":0,"durationMs":0},"hypothesisId":"B"}
{"sessionId":"bac766","timestamp":1773331971814,"location":"GameManager.Update","message":"frame timing","data":{"frame":3240,"realtime":92.03123,"deltaTime":0.0207095,"fps":48.28701},"hypothesisId":"C"}
{"sessionId":"bac766","timestamp":1773331973024,"location":"GameManager.Update","message":"object counts","data":{"bullets":0,"gems":0,"asteroids":299,"starships":1},"hypothesisId":"E"}
{"sessionId":"bac766","timestamp":1773331973580,"location":"GameManager.Update","message":"frame timing","data":{"frame":3300,"realtime":93.79738,"deltaTime":0.0260807,"fps":38.34253},"hypothesisId":"C"}
{"sessionId":"bac766","timestamp":1773331973721,"location":"PlanetConnectionSystem.RecomputeGraph","message":"edges and triangles","data":{"edges":0,"triangles":0,"durationMs":3.410339},"hypothesisId":"D"}
{"sessionId":"bac766","timestamp":1773331975048,"location":"GameManager.Update","message":"object counts","data":{"bullets":0,"gems":0,"asteroids":299,"starships":1},"hypothesisId":"E"}
{"sessionId":"bac766","timestamp":1773331975229,"location":"MinimapController.UpdateBlips","message":"blip and cache counts","data":{"blips":153,"edgeMarkers":20,"markerEdgeMarkers":0,"cachedShips":1,"cachedPlanets":20,"cachedAsteroids":299,"cachedMarkers":0,"durationMs":8.026123},"hypothesisId":"B"}
{"sessionId":"bac766","timestamp":1773331975230,"location":"GameManager.Update","message":"frame timing","data":{"frame":3360,"realtime":95.4482,"deltaTime":0.0266796,"fps":37.48182},"hypothesisId":"C"}
{"sessionId":"bac766","timestamp":1773331976709,"location":"PlanetConnectionSystem.RecomputeGraph","message":"edges and triangles","data":{"edges":0,"triangles":0,"durationMs":3.486633},"hypothesisId":"D"}
{"sessionId":"bac766","timestamp":1773331976850,"location":"GameManager.Update","message":"frame timing","data":{"frame":3420,"realtime":97.06718,"deltaTime":0.0254762,"fps":39.25233},"hypothesisId":"C"}
{"sessionId":"bac766","timestamp":1773331977094,"location":"GameManager.Update","message":"object counts","data":{"bullets":0,"gems":0,"asteroids":299,"starships":1},"hypothesisId":"E"}
{"sessionId":"bac766","timestamp":1773331978554,"location":"MinimapController.UpdateBlips","message":"blip and cache counts","data":{"blips":153,"edgeMarkers":20,"markerEdgeMarkers":0,"cachedShips":1,"cachedPlanets":20,"cachedAsteroids":299,"cachedMarkers":0,"durationMs":0},"hypothesisId":"B"}
{"sessionId":"bac766","timestamp":1773331978556,"location":"GameManager.Update","message":"frame timing","data":{"frame":3480,"realtime":98.7731,"deltaTime":0.0301683,"fps":33.14738},"hypothesisId":"C"}
{"sessionId":"bac766","timestamp":1773331979111,"location":"GameManager.Update","message":"object counts","data":{"bullets":0,"gems":0,"asteroids":299,"starships":1},"hypothesisId":"E"}
{"sessionId":"bac766","timestamp":1773331979742,"location":"PlanetConnectionSystem.RecomputeGraph","message":"edges and triangles","data":{"edges":0,"triangles":0,"durationMs":3.616333},"hypothesisId":"D"}
{"sessionId":"bac766","timestamp":1773331980094,"location":"GameManager.Update","message":"frame timing","data":{"frame":3540,"realtime":100.3114,"deltaTime":0.0213261,"fps":46.8909},"hypothesisId":"C"}
{"sessionId":"bac766","timestamp":1773331981123,"location":"GameManager.Update","message":"object counts","data":{"bullets":0,"gems":0,"asteroids":299,"starships":1},"hypothesisId":"E"}
{"sessionId":"bac766","timestamp":1773331981649,"location":"MinimapController.UpdateBlips","message":"blip and cache counts","data":{"blips":153,"edgeMarkers":20,"markerEdgeMarkers":0,"cachedShips":1,"cachedPlanets":20,"cachedAsteroids":299,"cachedMarkers":0,"durationMs":0},"hypothesisId":"B"}
{"sessionId":"bac766","timestamp":1773331981654,"location":"GameManager.Update","message":"frame timing","data":{"frame":3600,"realtime":101.8717,"deltaTime":0.0295487,"fps":33.84243},"hypothesisId":"C"}
{"sessionId":"bac766","timestamp":1773331982756,"location":"PlanetConnectionSystem.RecomputeGraph","message":"edges and triangles","data":{"edges":0,"triangles":0,"durationMs":3.639221},"hypothesisId":"D"}
{"sessionId":"bac766","timestamp":1773331983127,"location":"GameManager.Update","message":"object counts","data":{"bullets":0,"gems":0,"asteroids":299,"starships":1},"hypothesisId":"E"}
{"sessionId":"bac766","timestamp":1773331983291,"location":"GameManager.Update","message":"frame timing","data":{"frame":3660,"realtime":103.5086,"deltaTime":0.0299169,"fps":33.42592},"hypothesisId":"C"}
{"sessionId":"bac766","timestamp":1773331984843,"location":"MinimapController.UpdateBlips","message":"blip and cache counts","data":{"blips":153,"edgeMarkers":20,"markerEdgeMarkers":0,"cachedShips":1,"cachedPlanets":20,"cachedAsteroids":299,"cachedMarkers":0,"durationMs":0},"hypothesisId":"B"}
{"sessionId":"bac766","timestamp":1773331984844,"location":"GameManager.Update","message":"frame timing","data":{"frame":3720,"realtime":105.0614,"deltaTime":0.0229131,"fps":43.64315},"hypothesisId":"C"}
{"sessionId":"bac766","timestamp":1773331985134,"location":"GameManager.Update","message":"object counts","data":{"bullets":0,"gems":0,"asteroids":299,"starships":1},"hypothesisId":"E"}
{"sessionId":"bac766","timestamp":1773331985776,"location":"PlanetConnectionSystem.RecomputeGraph","message":"edges and triangles","data":{"edges":0,"triangles":0,"durationMs":3.700256},"hypothesisId":"D"}
{"sessionId":"bac766","timestamp":1773331986415,"location":"GameManager.Update","message":"frame timing","data":{"frame":3780,"realtime":106.6326,"deltaTime":0.0219157,"fps":45.62938},"hypothesisId":"C"}
{"sessionId":"bac766","timestamp":1773331987153,"location":"GameManager.Update","message":"object counts","data":{"bullets":0,"gems":0,"asteroids":299,"starships":1},"hypothesisId":"E"}
{"sessionId":"bac766","timestamp":1773331987996,"location":"MinimapController.UpdateBlips","message":"blip and cache counts","data":{"blips":153,"edgeMarkers":20,"markerEdgeMarkers":0,"cachedShips":1,"cachedPlanets":20,"cachedAsteroids":299,"cachedMarkers":0,"durationMs":0},"hypothesisId":"B"}
{"sessionId":"bac766","timestamp":1773331987997,"location":"GameManager.Update","message":"frame timing","data":{"frame":3840,"realtime":108.2144,"deltaTime":0.0219896,"fps":45.47605},"hypothesisId":"C"}
{"sessionId":"bac766","timestamp":1773331988781,"location":"PlanetConnectionSystem.RecomputeGraph","message":"edges and triangles","data":{"edges":0,"triangles":0,"durationMs":3.715515},"hypothesisId":"D"}
{"sessionId":"bac766","timestamp":1773331989165,"location":"GameManager.Update","message":"object counts","data":{"bullets":0,"gems":0,"asteroids":299,"starships":1},"hypothesisId":"E"}
{"sessionId":"bac766","timestamp":1773331989578,"location":"GameManager.Update","message":"frame timing","data":{"frame":3900,"realtime":109.7957,"deltaTime":0.025167,"fps":39.73457},"hypothesisId":"C"}
{"sessionId":"bac766","timestamp":1773331991167,"location":"MinimapController.UpdateBlips","message":"blip and cache counts","data":{"blips":153,"edgeMarkers":20,"markerEdgeMarkers":0,"cachedShips":1,"cachedPlanets":20,"cachedAsteroids":299,"cachedMarkers":0,"durationMs":0},"hypothesisId":"B"}
{"sessionId":"bac766","timestamp":1773331991168,"location":"GameManager.Update","message":"frame timing","data":{"frame":3960,"realtime":111.3851,"deltaTime":0.0262802,"fps":38.05146},"hypothesisId":"C"}
{"sessionId":"bac766","timestamp":1773331991179,"location":"GameManager.Update","message":"object counts","data":{"bullets":0,"gems":0,"asteroids":299,"starships":1},"hypothesisId":"E"}
{"sessionId":"bac766","timestamp":1773331991792,"location":"PlanetConnectionSystem.RecomputeGraph","message":"edges and triangles","data":{"edges":0,"triangles":0,"durationMs":3.822327},"hypothesisId":"D"}
{"sessionId":"bac766","timestamp":1773331992776,"location":"GameManager.Update","message":"frame timing","data":{"frame":4020,"realtime":112.9943,"deltaTime":0.0226761,"fps":44.09929},"hypothesisId":"C"}
{"sessionId":"bac766","timestamp":1773331993191,"location":"GameManager.Update","message":"object counts","data":{"bullets":0,"gems":0,"asteroids":299,"starships":1},"hypothesisId":"E"}
{"sessionId":"bac766","timestamp":1773331994408,"location":"MinimapController.UpdateBlips","message":"blip and cache counts","data":{"blips":153,"edgeMarkers":20,"markerEdgeMarkers":0,"cachedShips":1,"cachedPlanets":20,"cachedAsteroids":299,"cachedMarkers":0,"durationMs":0},"hypothesisId":"B"}
{"sessionId":"bac766","timestamp":1773331994409,"location":"GameManager.Update","message":"frame timing","data":{"frame":4080,"realtime":114.6268,"deltaTime":0.0285553,"fps":35.01977},"hypothesisId":"C"}
{"sessionId":"bac766","timestamp":1773331994796,"location":"PlanetConnectionSystem.RecomputeGraph","message":"edges and triangles","data":{"edges":0,"triangles":0,"durationMs":3.90625},"hypothesisId":"D"}
{"sessionId":"bac766","timestamp":1773331995203,"location":"GameManager.Update","message":"object counts","data":{"bullets":0,"gems":0,"asteroids":299,"starships":1},"hypothesisId":"E"}
{"sessionId":"bac766","timestamp":1773331996070,"location":"GameManager.Update","message":"frame timing","data":{"frame":4140,"realtime":116.2869,"deltaTime":0.0298943,"fps":33.45119},"hypothesisId":"C"}
{"sessionId":"bac766","timestamp":1773331997217,"location":"GameManager.Update","message":"object counts","data":{"bullets":0,"gems":0,"asteroids":299,"starships":1},"hypothesisId":"E"}
{"sessionId":"bac766","timestamp":1773331997738,"location":"MinimapController.UpdateBlips","message":"blip and cache counts","data":{"blips":153,"edgeMarkers":20,"markerEdgeMarkers":0,"cachedShips":1,"cachedPlanets":20,"cachedAsteroids":299,"cachedMarkers":0,"durationMs":0},"hypothesisId":"B"}
{"sessionId":"bac766","timestamp":1773331997739,"location":"GameManager.Update","message":"frame timing","data":{"frame":4200,"realtime":117.9561,"deltaTime":0.0228937,"fps":43.68014},"hypothesisId":"C"}
{"sessionId":"bac766","timestamp":1773331997798,"location":"PlanetConnectionSystem.RecomputeGraph","message":"edges and triangles","data":{"edges":0,"triangles":0,"durationMs":3.837585},"hypothesisId":"D"}
{"sessionId":"bac766","timestamp":1773331999235,"location":"GameManager.Update","message":"object counts","data":{"bullets":0,"gems":0,"asteroids":299,"starships":1},"hypothesisId":"E"}
{"sessionId":"bac766","timestamp":1773331999449,"location":"GameManager.Update","message":"frame timing","data":{"frame":4260,"realtime":119.6672,"deltaTime":0.0274549,"fps":36.42337},"hypothesisId":"C"}
{"sessionId":"bac766","timestamp":1773332000810,"location":"PlanetConnectionSystem.RecomputeGraph","message":"edges and triangles","data":{"edges":0,"triangles":0,"durationMs":3.959656},"hypothesisId":"D"}
{"sessionId":"bac766","timestamp":1773332001131,"location":"MinimapController.UpdateBlips","message":"blip and cache counts","data":{"blips":153,"edgeMarkers":20,"markerEdgeMarkers":0,"cachedShips":1,"cachedPlanets":20,"cachedAsteroids":299,"cachedMarkers":0,"durationMs":0},"hypothesisId":"B"}
{"sessionId":"bac766","timestamp":1773332001132,"location":"GameManager.Update","message":"frame timing","data":{"frame":4320,"realtime":121.3497,"deltaTime":0.0228169,"fps":43.82716},"hypothesisId":"C"}
{"sessionId":"bac766","timestamp":1773332001255,"location":"GameManager.Update","message":"object counts","data":{"bullets":0,"gems":0,"asteroids":299,"starships":1},"hypothesisId":"E"}
{"sessionId":"bac766","timestamp":1773332002828,"location":"GameManager.Update","message":"frame timing","data":{"frame":4380,"realtime":123.0451,"deltaTime":0.0262188,"fps":38.14057},"hypothesisId":"C"}
{"sessionId":"bac766","timestamp":1773332003276,"location":"GameManager.Update","message":"object counts","data":{"bullets":0,"gems":0,"asteroids":299,"starships":1},"hypothesisId":"E"}
{"sessionId":"bac766","timestamp":1773332003829,"location":"PlanetConnectionSystem.RecomputeGraph","message":"edges and triangles","data":{"edges":0,"triangles":0,"durationMs":3.90625},"hypothesisId":"D"}
{"sessionId":"bac766","timestamp":1773332004569,"location":"MinimapController.UpdateBlips","message":"blip and cache counts","data":{"blips":153,"edgeMarkers":20,"markerEdgeMarkers":0,"cachedShips":1,"cachedPlanets":20,"cachedAsteroids":299,"cachedMarkers":0,"durationMs":0},"hypothesisId":"B"}
{"sessionId":"bac766","timestamp":1773332004574,"location":"GameManager.Update","message":"frame timing","data":{"frame":4440,"realtime":124.7911,"deltaTime":0.0283151,"fps":35.31684},"hypothesisId":"C"}
{"sessionId":"bac766","timestamp":1773332005296,"location":"GameManager.Update","message":"object counts","data":{"bullets":0,"gems":0,"asteroids":299,"starships":1},"hypothesisId":"E"}
{"sessionId":"bac766","timestamp":1773332006277,"location":"GameManager.Update","message":"frame timing","data":{"frame":4500,"realtime":126.4947,"deltaTime":0.0322476,"fps":31.01006},"hypothesisId":"C"}
{"sessionId":"bac766","timestamp":1773332006849,"location":"PlanetConnectionSystem.RecomputeGraph","message":"edges and triangles","data":{"edges":0,"triangles":0,"durationMs":4.463196},"hypothesisId":"D"}
{"sessionId":"bac766","timestamp":1773332007317,"location":"GameManager.Update","message":"object counts","data":{"bullets":0,"gems":0,"asteroids":299,"starships":1},"hypothesisId":"E"}
{"sessionId":"bac766","timestamp":1773332008013,"location":"MinimapController.UpdateBlips","message":"blip and cache counts","data":{"blips":153,"edgeMarkers":20,"markerEdgeMarkers":0,"cachedShips":1,"cachedPlanets":20,"cachedAsteroids":299,"cachedMarkers":0,"durationMs":0},"hypothesisId":"B"}
{"sessionId":"bac766","timestamp":1773332008015,"location":"GameManager.Update","message":"frame timing","data":{"frame":4560,"realtime":128.2322,"deltaTime":0.0324514,"fps":30.81531},"hypothesisId":"C"}
{"sessionId":"bac766","timestamp":1773332009335,"location":"GameManager.Update","message":"object counts","data":{"bullets":0,"gems":0,"asteroids":299,"starships":1},"hypothesisId":"E"}
{"sessionId":"bac766","timestamp":1773332009787,"location":"GameManager.Update","message":"frame timing","data":{"frame":4620,"realtime":130.0044,"deltaTime":0.035753,"fps":27.96968},"hypothesisId":"C"}
{"sessionId":"bac766","timestamp":1773332009862,"location":"PlanetConnectionSystem.RecomputeGraph","message":"edges and triangles","data":{"edges":0,"triangles":0,"durationMs":4.364014},"hypothesisId":"D"}
{"sessionId":"bac766","timestamp":1773332011364,"location":"GameManager.Update","message":"object counts","data":{"bullets":0,"gems":0,"asteroids":299,"starships":1},"hypothesisId":"E"}
{"sessionId":"bac766","timestamp":1773332011611,"location":"MinimapController.UpdateBlips","message":"blip and cache counts","data":{"blips":154,"edgeMarkers":20,"markerEdgeMarkers":0,"cachedShips":1,"cachedPlanets":20,"cachedAsteroids":299,"cachedMarkers":0,"durationMs":0},"hypothesisId":"B"}
{"sessionId":"bac766","timestamp":1773332011612,"location":"GameManager.Update","message":"frame timing","data":{"frame":4680,"realtime":131.8301,"deltaTime":0.0288351,"fps":34.67995},"hypothesisId":"C"}
{"sessionId":"bac766","timestamp":1773332012878,"location":"PlanetConnectionSystem.RecomputeGraph","message":"edges and triangles","data":{"edges":0,"triangles":0,"durationMs":4.104614},"hypothesisId":"D"}
{"sessionId":"bac766","timestamp":1773332013365,"location":"GameManager.Update","message":"object counts","data":{"bullets":0,"gems":0,"asteroids":299,"starships":1},"hypothesisId":"E"}
{"sessionId":"bac766","timestamp":1773332013395,"location":"GameManager.Update","message":"frame timing","data":{"frame":4740,"realtime":133.6129,"deltaTime":0.0344871,"fps":28.99635},"hypothesisId":"C"}
{"sessionId":"bac766","timestamp":1773332015174,"location":"MinimapController.UpdateBlips","message":"blip and cache counts","data":{"blips":154,"edgeMarkers":20,"markerEdgeMarkers":0,"cachedShips":1,"cachedPlanets":20,"cachedAsteroids":299,"cachedMarkers":0,"durationMs":0},"hypothesisId":"B"}
{"sessionId":"bac766","timestamp":1773332015175,"location":"GameManager.Update","message":"frame timing","data":{"frame":4800,"realtime":135.3931,"deltaTime":0.0339228,"fps":29.4787},"hypothesisId":"C"}
{"sessionId":"bac766","timestamp":1773332015380,"location":"GameManager.Update","message":"object counts","data":{"bullets":0,"gems":0,"asteroids":299,"starships":1},"hypothesisId":"E"}
{"sessionId":"bac766","timestamp":1773332015903,"location":"PlanetConnectionSystem.RecomputeGraph","message":"edges and triangles","data":{"edges":0,"triangles":0,"durationMs":4.501343},"hypothesisId":"D"}
{"sessionId":"bac766","timestamp":1773332016989,"location":"GameManager.Update","message":"frame timing","data":{"frame":4860,"realtime":137.2068,"deltaTime":0.02484,"fps":40.25765},"hypothesisId":"C"}
{"sessionId":"bac766","timestamp":1773332017399,"location":"GameManager.Update","message":"object counts","data":{"bullets":0,"gems":0,"asteroids":299,"starships":1},"hypothesisId":"E"}
{"sessionId":"bac766","timestamp":1773332018796,"location":"MinimapController.UpdateBlips","message":"blip and cache counts","data":{"blips":155,"edgeMarkers":20,"markerEdgeMarkers":0,"cachedShips":1,"cachedPlanets":20,"cachedAsteroids":299,"cachedMarkers":0,"durationMs":0},"hypothesisId":"B"}
{"sessionId":"bac766","timestamp":1773332018797,"location":"GameManager.Update","message":"frame timing","data":{"frame":4920,"realtime":139.015,"deltaTime":0.0244056,"fps":40.97421},"hypothesisId":"C"}
{"sessionId":"bac766","timestamp":1773332018893,"location":"PlanetConnectionSystem.RecomputeGraph","message":"edges and triangles","data":{"edges":0,"triangles":0,"durationMs":4.318237},"hypothesisId":"D"}
{"sessionId":"bac766","timestamp":1773332019416,"location":"GameManager.Update","message":"object counts","data":{"bullets":0,"gems":0,"asteroids":299,"starships":1},"hypothesisId":"E"}
{"sessionId":"bac766","timestamp":1773332020666,"location":"GameManager.Update","message":"frame timing","data":{"frame":4980,"realtime":140.8839,"deltaTime":0.0326979,"fps":30.583},"hypothesisId":"C"}
{"sessionId":"bac766","timestamp":1773332021432,"location":"GameManager.Update","message":"object counts","data":{"bullets":0,"gems":0,"asteroids":299,"starships":1},"hypothesisId":"E"}
{"sessionId":"bac766","timestamp":1773332021916,"location":"PlanetConnectionSystem.RecomputeGraph","message":"edges and triangles","data":{"edges":0,"triangles":0,"durationMs":4.226685},"hypothesisId":"D"}
{"sessionId":"bac766","timestamp":1773332022516,"location":"MinimapController.UpdateBlips","message":"blip and cache counts","data":{"blips":155,"edgeMarkers":20,"markerEdgeMarkers":0,"cachedShips":1,"cachedPlanets":20,"cachedAsteroids":299,"cachedMarkers":0,"durationMs":0},"hypothesisId":"B"}
{"sessionId":"bac766","timestamp":1773332022517,"location":"GameManager.Update","message":"frame timing","data":{"frame":5040,"realtime":142.7341,"deltaTime":0.024597,"fps":40.65536},"hypothesisId":"C"}
{"sessionId":"bac766","timestamp":1773332023440,"location":"GameManager.Update","message":"object counts","data":{"bullets":0,"gems":0,"asteroids":299,"starships":1},"hypothesisId":"E"}
{"sessionId":"bac766","timestamp":1773332024410,"location":"GameManager.Update","message":"frame timing","data":{"frame":5100,"realtime":144.6275,"deltaTime":0.0291898,"fps":34.25854},"hypothesisId":"C"}
{"sessionId":"bac766","timestamp":1773332024935,"location":"PlanetConnectionSystem.RecomputeGraph","message":"edges and triangles","data":{"edges":0,"triangles":0,"durationMs":4.333496},"hypothesisId":"D"}
{"sessionId":"bac766","timestamp":1773332025473,"location":"GameManager.Update","message":"object counts","data":{"bullets":0,"gems":0,"asteroids":299,"starships":1},"hypothesisId":"E"}
{"sessionId":"bac766","timestamp":1773332026296,"location":"MinimapController.UpdateBlips","message":"blip and cache counts","data":{"blips":156,"edgeMarkers":20,"markerEdgeMarkers":0,"cachedShips":1,"cachedPlanets":20,"cachedAsteroids":299,"cachedMarkers":0,"durationMs":0},"hypothesisId":"B"}
{"sessionId":"bac766","timestamp":1773332026297,"location":"GameManager.Update","message":"frame timing","data":{"frame":5160,"realtime":146.5142,"deltaTime":0.0324795,"fps":30.78865},"hypothesisId":"C"}
{"sessionId":"bac766","timestamp":1773332027477,"location":"GameManager.Update","message":"object counts","data":{"bullets":0,"gems":0,"asteroids":299,"starships":1},"hypothesisId":"E"}
{"sessionId":"bac766","timestamp":1773332027959,"location":"PlanetConnectionSystem.RecomputeGraph","message":"edges and triangles","data":{"edges":0,"triangles":0,"durationMs":4.455566},"hypothesisId":"D"}
{"sessionId":"bac766","timestamp":1773332028216,"location":"GameManager.Update","message":"frame timing","data":{"frame":5220,"realtime":148.4335,"deltaTime":0.03360159,"fps":29.76049},"hypothesisId":"C"}
{"sessionId":"bac766","timestamp":1773332029504,"location":"GameManager.Update","message":"object counts","data":{"bullets":0,"gems":0,"asteroids":299,"starships":1},"hypothesisId":"E"}
{"sessionId":"bac766","timestamp":1773332030141,"location":"MinimapController.UpdateBlips","message":"blip and cache counts","data":{"blips":156,"edgeMarkers":20,"markerEdgeMarkers":0,"cachedShips":1,"cachedPlanets":20,"cachedAsteroids":299,"cachedMarkers":0,"durationMs":11.87134},"hypothesisId":"B"}
{"sessionId":"bac766","timestamp":1773332030142,"location":"GameManager.Update","message":"frame timing","data":{"frame":5280,"realtime":150.3595,"deltaTime":0.02977479,"fps":33.58545},"hypothesisId":"C"}
{"sessionId":"bac766","timestamp":1773332030972,"location":"PlanetConnectionSystem.RecomputeGraph","message":"edges and triangles","data":{"edges":0,"triangles":0,"durationMs":4.379272},"hypothesisId":"D"}
{"sessionId":"bac766","timestamp":1773332031528,"location":"GameManager.Update","message":"object counts","data":{"bullets":0,"gems":0,"asteroids":299,"starships":1},"hypothesisId":"E"}
{"sessionId":"bac766","timestamp":1773332032159,"location":"GameManager.Update","message":"frame timing","data":{"frame":5340,"realtime":152.3767,"deltaTime":0.036889,"fps":27.10835},"hypothesisId":"C"}
{"sessionId":"bac766","timestamp":1773332033554,"location":"GameManager.Update","message":"object counts","data":{"bullets":0,"gems":0,"asteroids":299,"starships":1},"hypothesisId":"E"}
{"sessionId":"bac766","timestamp":1773332034000,"location":"PlanetConnectionSystem.RecomputeGraph","message":"edges and triangles","data":{"edges":0,"triangles":0,"durationMs":4.867554},"hypothesisId":"D"}
{"sessionId":"bac766","timestamp":1773332034415,"location":"MinimapController.UpdateBlips","message":"blip and cache counts","data":{"blips":156,"edgeMarkers":20,"markerEdgeMarkers":0,"cachedShips":1,"cachedPlanets":20,"cachedAsteroids":299,"cachedMarkers":0,"durationMs":0},"hypothesisId":"B"}
{"sessionId":"bac766","timestamp":1773332034416,"location":"GameManager.Update","message":"frame timing","data":{"frame":5400,"realtime":154.6337,"deltaTime":0.0414912,"fps":24.1015},"hypothesisId":"C"}
{"sessionId":"bac766","timestamp":1773332035566,"location":"GameManager.Update","message":"object counts","data":{"bullets":0,"gems":0,"asteroids":299,"starships":1},"hypothesisId":"E"}
{"sessionId":"bac766","timestamp":1773332036761,"location":"GameManager.Update","message":"frame timing","data":{"frame":5460,"realtime":156.9788,"deltaTime":0.0534571,"fps":18.70659},"hypothesisId":"C"}
{"sessionId":"bac766","timestamp":1773332037026,"location":"PlanetConnectionSystem.RecomputeGraph","message":"edges and triangles","data":{"edges":0,"triangles":0,"durationMs":4.882813},"hypothesisId":"D"}
{"sessionId":"bac766","timestamp":1773332037579,"location":"GameManager.Update","message":"object counts","data":{"bullets":0,"gems":0,"asteroids":299,"starships":1},"hypothesisId":"E"}
{"sessionId":"bac766","timestamp":1773332038927,"location":"MinimapController.UpdateBlips","message":"blip and cache counts","data":{"blips":156,"edgeMarkers":20,"markerEdgeMarkers":0,"cachedShips":1,"cachedPlanets":20,"cachedAsteroids":299,"cachedMarkers":0,"durationMs":0},"hypothesisId":"B"}
{"sessionId":"bac766","timestamp":1773332038928,"location":"GameManager.Update","message":"frame timing","data":{"frame":5520,"realtime":159.1452,"deltaTime":0.0259482,"fps":38.53832},"hypothesisId":"C"}
{"sessionId":"bac766","timestamp":1773332039608,"location":"GameManager.Update","message":"object counts","data":{"bullets":0,"gems":0,"asteroids":299,"starships":1},"hypothesisId":"E"}
{"sessionId":"bac766","timestamp":1773332040038,"location":"PlanetConnectionSystem.RecomputeGraph","message":"edges and triangles","data":{"edges":0,"triangles":0,"durationMs":4.928589},"hypothesisId":"D"}
{"sessionId":"bac766","timestamp":1773332040948,"location":"GameManager.Update","message":"frame timing","data":{"frame":5580,"realtime":161.1656,"deltaTime":0.0339687,"fps":29.43886},"hypothesisId":"C"}
{"sessionId":"bac766","timestamp":1773332041625,"location":"GameManager.Update","message":"object counts","data":{"bullets":0,"gems":0,"asteroids":299,"starships":1},"hypothesisId":"E"}
{"sessionId":"bac766","timestamp":1773332042997,"location":"MinimapController.UpdateBlips","message":"blip and cache counts","data":{"blips":156,"edgeMarkers":20,"markerEdgeMarkers":0,"cachedShips":1,"cachedPlanets":20,"cachedAsteroids":299,"cachedMarkers":0,"durationMs":0},"hypothesisId":"B"}
{"sessionId":"bac766","timestamp":1773332042998,"location":"GameManager.Update","message":"frame timing","data":{"frame":5640,"realtime":163.2157,"deltaTime":0.0319951,"fps":31.25479},"hypothesisId":"C"}
{"sessionId":"bac766","timestamp":1773332043072,"location":"PlanetConnectionSystem.RecomputeGraph","message":"edges and triangles","data":{"edges":0,"triangles":0,"durationMs":4.653931},"hypothesisId":"D"}
{"sessionId":"bac766","timestamp":1773332043646,"location":"GameManager.Update","message":"object counts","data":{"bullets":0,"gems":0,"asteroids":299,"starships":1},"hypothesisId":"E"}
{"sessionId":"bac766","timestamp":1773332045109,"location":"GameManager.Update","message":"frame timing","data":{"frame":5700,"realtime":165.3259,"deltaTime":0.026003,"fps":38.45709},"hypothesisId":"C"}
{"sessionId":"bac766","timestamp":1773332045658,"location":"GameManager.Update","message":"object counts","data":{"bullets":0,"gems":0,"asteroids":299,"starships":1},"hypothesisId":"E"}
{"sessionId":"bac766","timestamp":1773332046082,"location":"PlanetConnectionSystem.RecomputeGraph","message":"edges and triangles","data":{"edges":0,"triangles":0,"durationMs":4.608154},"hypothesisId":"D"}
{"sessionId":"bac766","timestamp":1773332047213,"location":"MinimapController.UpdateBlips","message":"blip and cache counts","data":{"blips":156,"edgeMarkers":20,"markerEdgeMarkers":0,"cachedShips":1,"cachedPlanets":20,"cachedAsteroids":299,"cachedMarkers":0,"durationMs":0},"hypothesisId":"B"}
{"sessionId":"bac766","timestamp":1773332047215,"location":"GameManager.Update","message":"frame timing","data":{"frame":5760,"realtime":167.4317,"deltaTime":0.0319798,"fps":31.26974},"hypothesisId":"C"}
{"sessionId":"bac766","timestamp":1773332047664,"location":"GameManager.Update","message":"object counts","data":{"bullets":0,"gems":0,"asteroids":299,"starships":1},"hypothesisId":"E"}
{"sessionId":"bac766","timestamp":1773332049100,"location":"PlanetConnectionSystem.RecomputeGraph","message":"edges and triangles","data":{"edges":0,"triangles":0,"durationMs":4.638672},"hypothesisId":"D"}
{"sessionId":"bac766","timestamp":1773332049338,"location":"GameManager.Update","message":"frame timing","data":{"frame":5820,"realtime":169.5556,"deltaTime":0.0354271,"fps":28.22697},"hypothesisId":"C"}
{"sessionId":"bac766","timestamp":1773332049680,"location":"GameManager.Update","message":"object counts","data":{"bullets":0,"gems":0,"asteroids":299,"starships":1},"hypothesisId":"E"}
{"sessionId":"bac766","timestamp":1773332051412,"location":"MinimapController.UpdateBlips","message":"blip and cache counts","data":{"blips":156,"edgeMarkers":20,"markerEdgeMarkers":0,"cachedShips":1,"cachedPlanets":20,"cachedAsteroids":299,"cachedMarkers":0,"durationMs":0},"hypothesisId":"B"}
{"sessionId":"bac766","timestamp":1773332051413,"location":"GameManager.Update","message":"frame timing","data":{"frame":5880,"realtime":171.631,"deltaTime":0.0316182,"fps":31.62736},"hypothesisId":"C"}
{"sessionId":"bac766","timestamp":1773332051709,"location":"GameManager.Update","message":"object counts","data":{"bullets":0,"gems":0,"asteroids":299,"starships":1},"hypothesisId":"E"}
{"sessionId":"bac766","timestamp":1773332052123,"location":"PlanetConnectionSystem.RecomputeGraph","message":"edges and triangles","data":{"edges":0,"triangles":0,"durationMs":5.096436},"hypothesisId":"D"}
{"sessionId":"bac766","timestamp":1773332053586,"location":"GameManager.Update","message":"frame timing","data":{"frame":5940,"realtime":173.8035,"deltaTime":0.0358454,"fps":27.89758},"hypothesisId":"C"}
{"sessionId":"bac766","timestamp":1773332053742,"location":"GameManager.Update","message":"object counts","data":{"bullets":0,"gems":0,"asteroids":299,"starships":1},"hypothesisId":"E"}
{"sessionId":"bac766","timestamp":1773332055133,"location":"PlanetConnectionSystem.RecomputeGraph","message":"edges and triangles","data":{"edges":0,"triangles":0,"durationMs":4.821777},"hypothesisId":"D"}
{"sessionId":"bac766","timestamp":1773332055742,"location":"GameManager.Update","message":"object counts","data":{"bullets":0,"gems":0,"asteroids":299,"starships":1},"hypothesisId":"E"}
{"sessionId":"bac766","timestamp":1773332055781,"location":"MinimapController.UpdateBlips","message":"blip and cache counts","data":{"blips":156,"edgeMarkers":20,"markerEdgeMarkers":0,"cachedShips":1,"cachedPlanets":20,"cachedAsteroids":299,"cachedMarkers":0,"durationMs":0},"hypothesisId":"B"}
{"sessionId":"bac766","timestamp":1773332055782,"location":"GameManager.Update","message":"frame timing","data":{"frame":6000,"realtime":176,"deltaTime":0.04963389,"fps":20.14752},"hypothesisId":"C"}
{"sessionId":"bac766","timestamp":1773332057784,"location":"GameManager.Update","message":"object counts","data":{"bullets":0,"gems":0,"asteroids":299,"starships":1},"hypothesisId":"E"}
{"sessionId":"bac766","timestamp":1773332058013,"location":"GameManager.Update","message":"frame timing","data":{"frame":6060,"realtime":178.2298,"deltaTime":0.0419348,"fps":23.84654},"hypothesisId":"C"}
{"sessionId":"bac766","timestamp":1773332058138,"location":"PlanetConnectionSystem.RecomputeGraph","message":"edges and triangles","data":{"edges":0,"triangles":0,"durationMs":5.172729},"hypothesisId":"D"}
{"sessionId":"bac766","timestamp":1773332059782,"location":"GameManager.Update","message":"object counts","data":{"bullets":0,"gems":0,"asteroids":299,"starships":1},"hypothesisId":"E"}
{"sessionId":"bac766","timestamp":1773332060252,"location":"MinimapController.UpdateBlips","message":"blip and cache counts","data":{"blips":156,"edgeMarkers":20,"markerEdgeMarkers":0,"cachedShips":1,"cachedPlanets":20,"cachedAsteroids":299,"cachedMarkers":0,"durationMs":0},"hypothesisId":"B"}
{"sessionId":"bac766","timestamp":1773332060253,"location":"GameManager.Update","message":"frame timing","data":{"frame":6120,"realtime":180.4703,"deltaTime":0.02713099,"fps":36.85821},"hypothesisId":"C"}
{"sessionId":"bac766","timestamp":1773332061178,"location":"PlanetConnectionSystem.RecomputeGraph","message":"edges and triangles","data":{"edges":0,"triangles":0,"durationMs":5.523682},"hypothesisId":"D"}
{"sessionId":"bac766","timestamp":1773332061791,"location":"GameManager.Update","message":"object counts","data":{"bullets":0,"gems":0,"asteroids":299,"starships":1},"hypothesisId":"E"}
{"sessionId":"bac766","timestamp":1773332062479,"location":"GameManager.Update","message":"frame timing","data":{"frame":6180,"realtime":182.6966,"deltaTime":0.0332341,"fps":30.08958},"hypothesisId":"C"}
{"sessionId":"bac766","timestamp":1773332063793,"location":"GameManager.Update","message":"object counts","data":{"bullets":0,"gems":0,"asteroids":299,"starships":1},"hypothesisId":"E"}
{"sessionId":"bac766","timestamp":1773332064213,"location":"PlanetConnectionSystem.RecomputeGraph","message":"edges and triangles","data":{"edges":0,"triangles":0,"durationMs":5.172729},"hypothesisId":"D"}
{"sessionId":"bac766","timestamp":1773332064743,"location":"MinimapController.UpdateBlips","message":"blip and cache counts","data":{"blips":156,"edgeMarkers":20,"markerEdgeMarkers":0,"cachedShips":1,"cachedPlanets":20,"cachedAsteroids":299,"cachedMarkers":0,"durationMs":13.47351},"hypothesisId":"B"}
{"sessionId":"bac766","timestamp":1773332064745,"location":"GameManager.Update","message":"frame timing","data":{"frame":6240,"realtime":184.9619,"deltaTime":0.0354013,"fps":28.24755},"hypothesisId":"C"}
{"sessionId":"bac766","timestamp":1773332065813,"location":"GameManager.Update","message":"object counts","data":{"bullets":0,"gems":0,"asteroids":299,"starships":1},"hypothesisId":"E"}
{"sessionId":"bac766","timestamp":1773332067140,"location":"GameManager.Update","message":"frame timing","data":{"frame":6300,"realtime":187.3573,"deltaTime":0.04667331,"fps":21.42552},"hypothesisId":"C"}
{"sessionId":"bac766","timestamp":1773332067232,"location":"PlanetConnectionSystem.RecomputeGraph","message":"edges and triangles","data":{"edges":0,"triangles":0,"durationMs":5.386353},"hypothesisId":"D"}
{"sessionId":"bac766","timestamp":1773332067820,"location":"GameManager.Update","message":"object counts","data":{"bullets":0,"gems":0,"asteroids":299,"starships":1},"hypothesisId":"E"}
{"sessionId":"bac766","timestamp":1773332069654,"location":"MinimapController.UpdateBlips","message":"blip and cache counts","data":{"blips":156,"edgeMarkers":20,"markerEdgeMarkers":0,"cachedShips":1,"cachedPlanets":20,"cachedAsteroids":299,"cachedMarkers":0,"durationMs":0},"hypothesisId":"B"}
{"sessionId":"bac766","timestamp":1773332069659,"location":"GameManager.Update","message":"frame timing","data":{"frame":6360,"realtime":189.877,"deltaTime":0.03351291,"fps":29.83925},"hypothesisId":"C"}
{"sessionId":"bac766","timestamp":1773332069853,"location":"GameManager.Update","message":"object counts","data":{"bullets":0,"gems":0,"asteroids":299,"starships":1},"hypothesisId":"E"}
{"sessionId":"bac766","timestamp":1773332070245,"location":"PlanetConnectionSystem.RecomputeGraph","message":"edges and triangles","data":{"edges":0,"triangles":0,"durationMs":5.386353},"hypothesisId":"D"}
{"sessionId":"bac766","timestamp":1773332071853,"location":"GameManager.Update","message":"object counts","data":{"bullets":0,"gems":0,"asteroids":299,"starships":1},"hypothesisId":"E"}
{"sessionId":"bac766","timestamp":1773332072018,"location":"GameManager.Update","message":"frame timing","data":{"frame":6420,"realtime":192.2363,"deltaTime":0.0341172,"fps":29.31073},"hypothesisId":"C"}
{"sessionId":"bac766","timestamp":1773332073272,"location":"PlanetConnectionSystem.RecomputeGraph","message":"edges and triangles","data":{"edges":0,"triangles":0,"durationMs":5.020142},"hypothesisId":"D"}
{"sessionId":"bac766","timestamp":1773332073884,"location":"GameManager.Update","message":"object counts","data":{"bullets":0,"gems":0,"asteroids":299,"starships":1},"hypothesisId":"E"}
{"sessionId":"bac766","timestamp":1773332074353,"location":"MinimapController.UpdateBlips","message":"blip and cache counts","data":{"blips":156,"edgeMarkers":20,"markerEdgeMarkers":0,"cachedShips":1,"cachedPlanets":20,"cachedAsteroids":299,"cachedMarkers":0,"durationMs":0},"hypothesisId":"B"}
{"sessionId":"bac766","timestamp":1773332074354,"location":"GameManager.Update","message":"frame timing","data":{"frame":6480,"realtime":194.5722,"deltaTime":0.0411121,"fps":24.32374},"hypothesisId":"C"}
{"sessionId":"bac766","timestamp":1773332075891,"location":"GameManager.Update","message":"object counts","data":{"bullets":0,"gems":0,"asteroids":299,"starships":1},"hypothesisId":"E"}
{"sessionId":"bac766","timestamp":1773332076286,"location":"PlanetConnectionSystem.RecomputeGraph","message":"edges and triangles","data":{"edges":0,"triangles":0,"durationMs":5.325317},"hypothesisId":"D"}
{"sessionId":"bac766","timestamp":1773332076733,"location":"GameManager.Update","message":"frame timing","data":{"frame":6540,"realtime":196.9508,"deltaTime":0.0372596,"fps":26.83872},"hypothesisId":"C"}
{"sessionId":"bac766","timestamp":1773332077928,"location":"GameManager.Update","message":"object counts","data":{"bullets":0,"gems":0,"asteroids":299,"starships":1},"hypothesisId":"E"}
{"sessionId":"bac766","timestamp":1773332079310,"location":"MinimapController.UpdateBlips","message":"blip and cache counts","data":{"blips":156,"edgeMarkers":20,"markerEdgeMarkers":0,"cachedShips":1,"cachedPlanets":20,"cachedAsteroids":299,"cachedMarkers":0,"durationMs":0},"hypothesisId":"B"}
{"sessionId":"bac766","timestamp":1773332079316,"location":"GameManager.Update","message":"frame timing","data":{"frame":6600,"realtime":199.534,"deltaTime":0.0400227,"fps":24.98582},"hypothesisId":"C"}
{"sessionId":"bac766","timestamp":1773332079324,"location":"PlanetConnectionSystem.RecomputeGraph","message":"edges and triangles","data":{"edges":0,"triangles":0,"durationMs":6.774902},"hypothesisId":"D"}
{"sessionId":"bac766","timestamp":1773332079951,"location":"GameManager.Update","message":"object counts","data":{"bullets":0,"gems":0,"asteroids":299,"starships":1},"hypothesisId":"E"}
{"sessionId":"bac766","timestamp":1773332081688,"location":"GameManager.Update","message":"frame timing","data":{"frame":6660,"realtime":201.905,"deltaTime":0.0351471,"fps":28.45185},"hypothesisId":"C"}
{"sessionId":"bac766","timestamp":1773332081951,"location":"GameManager.Update","message":"object counts","data":{"bullets":0,"gems":0,"asteroids":299,"starships":1},"hypothesisId":"E"}
{"sessionId":"bac766","timestamp":1773332082330,"location":"PlanetConnectionSystem.RecomputeGraph","message":"edges and triangles","data":{"edges":0,"triangles":0,"durationMs":6.500244},"hypothesisId":"D"}
{"sessionId":"bac766","timestamp":1773332083993,"location":"GameManager.Update","message":"object counts","data":{"bullets":0,"gems":0,"asteroids":299,"starships":1},"hypothesisId":"E"}
{"sessionId":"bac766","timestamp":1773332084178,"location":"MinimapController.UpdateBlips","message":"blip and cache counts","data":{"blips":156,"edgeMarkers":20,"markerEdgeMarkers":0,"cachedShips":1,"cachedPlanets":20,"cachedAsteroids":299,"cachedMarkers":0,"durationMs":0},"hypothesisId":"B"}
{"sessionId":"bac766","timestamp":1773332084179,"location":"GameManager.Update","message":"frame timing","data":{"frame":6720,"realtime":204.3968,"deltaTime":0.0501931,"fps":19.92306},"hypothesisId":"C"}
{"sessionId":"bac766","timestamp":1773332085368,"location":"PlanetConnectionSystem.RecomputeGraph","message":"edges and triangles","data":{"edges":0,"triangles":0,"durationMs":6.057739},"hypothesisId":"D"}
{"sessionId":"bac766","timestamp":1773332086022,"location":"GameManager.Update","message":"object counts","data":{"bullets":0,"gems":0,"asteroids":299,"starships":1},"hypothesisId":"E"}
{"sessionId":"bac766","timestamp":1773332086688,"location":"GameManager.Update","message":"frame timing","data":{"frame":6780,"realtime":206.905,"deltaTime":0.04156381,"fps":24.05939},"hypothesisId":"C"}
{"sessionId":"bac766","timestamp":1773332088035,"location":"GameManager.Update","message":"object counts","data":{"bullets":0,"gems":0,"asteroids":299,"starships":1},"hypothesisId":"E"}
{"sessionId":"bac766","timestamp":1773332088393,"location":"PlanetConnectionSystem.RecomputeGraph","message":"edges and triangles","data":{"edges":0,"triangles":0,"durationMs":5.340576},"hypothesisId":"D"}
{"sessionId":"bac766","timestamp":1773332089333,"location":"MinimapController.UpdateBlips","message":"blip and cache counts","data":{"blips":156,"edgeMarkers":20,"markerEdgeMarkers":0,"cachedShips":1,"cachedPlanets":20,"cachedAsteroids":299,"cachedMarkers":0,"durationMs":0},"hypothesisId":"B"}
{"sessionId":"bac766","timestamp":1773332089335,"location":"GameManager.Update","message":"frame timing","data":{"frame":6840,"realtime":209.5527,"deltaTime":0.0439544,"fps":22.75085},"hypothesisId":"C"}
{"sessionId":"bac766","timestamp":1773332090051,"location":"GameManager.Update","message":"object counts","data":{"bullets":0,"gems":0,"asteroids":299,"starships":1},"hypothesisId":"E"}
{"sessionId":"bac766","timestamp":1773332091402,"location":"PlanetConnectionSystem.RecomputeGraph","message":"edges and triangles","data":{"edges":0,"triangles":0,"durationMs":6.256104},"hypothesisId":"D"}
{"sessionId":"bac766","timestamp":1773332092039,"location":"GameManager.Update","message":"frame timing","data":{"frame":6900,"realtime":212.2568,"deltaTime":0.0451511,"fps":22.14786},"hypothesisId":"C"}
{"sessionId":"bac766","timestamp":1773332092055,"location":"GameManager.Update","message":"object counts","data":{"bullets":0,"gems":0,"asteroids":299,"starships":1},"hypothesisId":"E"}
{"sessionId":"bac766","timestamp":1773332094063,"location":"GameManager.Update","message":"object counts","data":{"bullets":0,"gems":0,"asteroids":299,"starships":1},"hypothesisId":"E"}
{"sessionId":"bac766","timestamp":1773332094449,"location":"PlanetConnectionSystem.RecomputeGraph","message":"edges and triangles","data":{"edges":0,"triangles":0,"durationMs":5.325317},"hypothesisId":"D"}
{"sessionId":"bac766","timestamp":1773332095054,"location":"MinimapController.UpdateBlips","message":"blip and cache counts","data":{"blips":156,"edgeMarkers":20,"markerEdgeMarkers":0,"cachedShips":1,"cachedPlanets":20,"cachedAsteroids":299,"cachedMarkers":0,"durationMs":0},"hypothesisId":"B"}
{"sessionId":"bac766","timestamp":1773332095061,"location":"GameManager.Update","message":"frame timing","data":{"frame":6960,"realtime":215.278,"deltaTime":0.0359008,"fps":27.85453},"hypothesisId":"C"}
{"sessionId":"bac766","timestamp":1773332096074,"location":"GameManager.Update","message":"object counts","data":{"bullets":0,"gems":0,"asteroids":299,"starships":1},"hypothesisId":"E"}
{"sessionId":"bac766","timestamp":1773332097450,"location":"PlanetConnectionSystem.RecomputeGraph","message":"edges and triangles","data":{"edges":0,"triangles":0,"durationMs":5.53894},"hypothesisId":"D"}
{"sessionId":"bac766","timestamp":1773332097705,"location":"GameManager.Update","message":"frame timing","data":{"frame":7020,"realtime":217.9232,"deltaTime":0.04114581,"fps":24.30381},"hypothesisId":"C"}
{"sessionId":"bac766","timestamp":1773332098111,"location":"GameManager.Update","message":"object counts","data":{"bullets":0,"gems":0,"asteroids":299,"starships":1},"hypothesisId":"E"}
{"sessionId":"bac766","timestamp":1773332100113,"location":"GameManager.Update","message":"object counts","data":{"bullets":0,"gems":0,"asteroids":299,"starships":1},"hypothesisId":"E"}
{"sessionId":"bac766","timestamp":1773332100383,"location":"MinimapController.UpdateBlips","message":"blip and cache counts","data":{"blips":156,"edgeMarkers":20,"markerEdgeMarkers":0,"cachedShips":1,"cachedPlanets":20,"cachedAsteroids":299,"cachedMarkers":0,"durationMs":0},"hypothesisId":"B"}
{"sessionId":"bac766","timestamp":1773332100384,"location":"GameManager.Update","message":"frame timing","data":{"frame":7080,"realtime":220.6013,"deltaTime":0.048305,"fps":20.70179},"hypothesisId":"C"}
{"sessionId":"bac766","timestamp":1773332100474,"location":"PlanetConnectionSystem.RecomputeGraph","message":"edges and triangles","data":{"edges":0,"triangles":0,"durationMs":6.027222},"hypothesisId":"D"}
{"sessionId":"bac766","timestamp":1773332102114,"location":"GameManager.Update","message":"object counts","data":{"bullets":0,"gems":0,"asteroids":299,"starships":1},"hypothesisId":"E"}
{"sessionId":"bac766","timestamp":1773332103160,"location":"GameManager.Update","message":"frame timing","data":{"frame":7140,"realtime":223.3775,"deltaTime":0.0446822,"fps":22.38028},"hypothesisId":"C"}
{"sessionId":"bac766","timestamp":1773332103484,"location":"PlanetConnectionSystem.RecomputeGraph","message":"edges and triangles","data":{"edges":0,"triangles":0,"durationMs":5.508423},"hypothesisId":"D"}
{"sessionId":"bac766","timestamp":1773332104128,"location":"GameManager.Update","message":"object counts","data":{"bullets":0,"gems":0,"asteroids":299,"starships":1},"hypothesisId":"E"}
{"sessionId":"bac766","timestamp":1773332105868,"location":"MinimapController.UpdateBlips","message":"blip and cache counts","data":{"blips":156,"edgeMarkers":20,"markerEdgeMarkers":0,"cachedShips":1,"cachedPlanets":20,"cachedAsteroids":299,"cachedMarkers":0,"durationMs":0},"hypothesisId":"B"}
{"sessionId":"bac766","timestamp":1773332105869,"location":"GameManager.Update","message":"frame timing","data":{"frame":7200,"realtime":226.0869,"deltaTime":0.0574793,"fps":17.39757},"hypothesisId":"C"}
{"sessionId":"bac766","timestamp":1773332106131,"location":"GameManager.Update","message":"object counts","data":{"bullets":0,"gems":0,"asteroids":299,"starships":1},"hypothesisId":"E"}
{"sessionId":"bac766","timestamp":1773332106512,"location":"PlanetConnectionSystem.RecomputeGraph","message":"edges and triangles","data":{"edges":0,"triangles":0,"durationMs":6.011963},"hypothesisId":"D"}
{"sessionId":"bac766","timestamp":1773332108140,"location":"GameManager.Update","message":"object counts","data":{"bullets":0,"gems":0,"asteroids":299,"starships":1},"hypothesisId":"E"}
{"sessionId":"bac766","timestamp":1773332108625,"location":"GameManager.Update","message":"frame timing","data":{"frame":7260,"realtime":228.8427,"deltaTime":0.0418559,"fps":23.89149},"hypothesisId":"C"}
{"sessionId":"bac766","timestamp":1773332109544,"location":"PlanetConnectionSystem.RecomputeGraph","message":"edges and triangles","data":{"edges":0,"triangles":0,"durationMs":6.622314},"hypothesisId":"D"}
{"sessionId":"bac766","timestamp":1773332110180,"location":"GameManager.Update","message":"object counts","data":{"bullets":0,"gems":0,"asteroids":299,"starships":1},"hypothesisId":"E"}
{"sessionId":"bac766","timestamp":1773332111708,"location":"MinimapController.UpdateBlips","message":"blip and cache counts","data":{"blips":156,"edgeMarkers":20,"markerEdgeMarkers":0,"cachedShips":1,"cachedPlanets":20,"cachedAsteroids":299,"cachedMarkers":0,"durationMs":0},"hypothesisId":"B"}
{"sessionId":"bac766","timestamp":1773332111709,"location":"GameManager.Update","message":"frame timing","data":{"frame":7320,"realtime":231.9266,"deltaTime":0.0489402,"fps":20.4331},"hypothesisId":"C"}
{"sessionId":"bac766","timestamp":1773332112205,"location":"GameManager.Update","message":"object counts","data":{"bullets":0,"gems":0,"asteroids":299,"starships":1},"hypothesisId":"E"}
{"sessionId":"bac766","timestamp":1773332112575,"location":"PlanetConnectionSystem.RecomputeGraph","message":"edges and triangles","data":{"edges":0,"triangles":0,"durationMs":6.225586},"hypothesisId":"D"}
{"sessionId":"bac766","timestamp":1773332114250,"location":"GameManager.Update","message":"object counts","data":{"bullets":0,"gems":0,"asteroids":299,"starships":1},"hypothesisId":"E"}
{"sessionId":"bac766","timestamp":1773332114562,"location":"GameManager.Update","message":"frame timing","data":{"frame":7380,"realtime":234.7798,"deltaTime":0.0374065,"fps":26.73332},"hypothesisId":"C"}
{"sessionId":"bac766","timestamp":1773332115594,"location":"PlanetConnectionSystem.RecomputeGraph","message":"edges and triangles","data":{"edges":0,"triangles":0,"durationMs":5.767822},"hypothesisId":"D"}
{"sessionId":"bac766","timestamp":1773332116281,"location":"GameManager.Update","message":"object counts","data":{"bullets":0,"gems":0,"asteroids":299,"starships":1},"hypothesisId":"E"}
{"sessionId":"bac766","timestamp":1773332117381,"location":"MinimapController.UpdateBlips","message":"blip and cache counts","data":{"blips":157,"edgeMarkers":20,"markerEdgeMarkers":0,"cachedShips":1,"cachedPlanets":20,"cachedAsteroids":299,"cachedMarkers":0,"durationMs":18.55469},"hypothesisId":"B"}
{"sessionId":"bac766","timestamp":1773332117383,"location":"GameManager.Update","message":"frame timing","data":{"frame":7440,"realtime":237.5999,"deltaTime":0.05067119,"fps":19.73508},"hypothesisId":"C"}
{"sessionId":"bac766","timestamp":1773332118300,"location":"GameManager.Update","message":"object counts","data":{"bullets":0,"gems":0,"asteroids":299,"starships":1},"hypothesisId":"E"}
{"sessionId":"bac766","timestamp":1773332118632,"location":"PlanetConnectionSystem.RecomputeGraph","message":"edges and triangles","data":{"edges":0,"triangles":0,"durationMs":6.240845},"hypothesisId":"D"}
{"sessionId":"bac766","timestamp":1773332120164,"location":"GameManager.Update","message":"frame timing","data":{"frame":7500,"realtime":240.3813,"deltaTime":0.0459809,"fps":21.74816},"hypothesisId":"C"}
{"sessionId":"bac766","timestamp":1773332120342,"location":"GameManager.Update","message":"object counts","data":{"bullets":0,"gems":0,"asteroids":299,"starships":1},"hypothesisId":"E"}
{"sessionId":"bac766","timestamp":1773332121675,"location":"PlanetConnectionSystem.RecomputeGraph","message":"edges and triangles","data":{"edges":0,"triangles":0,"durationMs":6.576538},"hypothesisId":"D"}
{"sessionId":"bac766","timestamp":1773332122368,"location":"GameManager.Update","message":"object counts","data":{"bullets":0,"gems":0,"asteroids":299,"starships":1},"hypothesisId":"E"}
{"sessionId":"bac766","timestamp":1773332123055,"location":"MinimapController.UpdateBlips","message":"blip and cache counts","data":{"blips":157,"edgeMarkers":20,"markerEdgeMarkers":0,"cachedShips":1,"cachedPlanets":20,"cachedAsteroids":299,"cachedMarkers":0,"durationMs":0},"hypothesisId":"B"}
{"sessionId":"bac766","timestamp":1773332123057,"location":"GameManager.Update","message":"frame timing","data":{"frame":7560,"realtime":243.2751,"deltaTime":0.04404069,"fps":22.70627},"hypothesisId":"C"}
{"sessionId":"bac766","timestamp":1773332124394,"location":"GameManager.Update","message":"object counts","data":{"bullets":0,"gems":0,"asteroids":299,"starships":1},"hypothesisId":"E"}
{"sessionId":"bac766","timestamp":1773332124715,"location":"PlanetConnectionSystem.RecomputeGraph","message":"edges and triangles","data":{"edges":0,"triangles":0,"durationMs":6.729126},"hypothesisId":"D"}
{"sessionId":"bac766","timestamp":1773332125950,"location":"GameManager.Update","message":"frame timing","data":{"frame":7620,"realtime":246.1668,"deltaTime":0.0431692,"fps":23.16466},"hypothesisId":"C"}
{"sessionId":"bac766","timestamp":1773332126440,"location":"GameManager.Update","message":"object counts","data":{"bullets":0,"gems":0,"asteroids":299,"starships":1},"hypothesisId":"E"}
{"sessionId":"bac766","timestamp":1773332127734,"location":"PlanetConnectionSystem.RecomputeGraph","message":"edges and triangles","data":{"edges":0,"triangles":0,"durationMs":6.515503},"hypothesisId":"D"}
{"sessionId":"bac766","timestamp":1773332128444,"location":"GameManager.Update","message":"object counts","data":{"bullets":0,"gems":0,"asteroids":299,"starships":1},"hypothesisId":"E"}
{"sessionId":"bac766","timestamp":1773332129018,"location":"MinimapController.UpdateBlips","message":"blip and cache counts","data":{"blips":157,"edgeMarkers":20,"markerEdgeMarkers":0,"cachedShips":1,"cachedPlanets":20,"cachedAsteroids":299,"cachedMarkers":0,"durationMs":0},"hypothesisId":"B"}
{"sessionId":"bac766","timestamp":1773332129020,"location":"GameManager.Update","message":"frame timing","data":{"frame":7680,"realtime":249.2376,"deltaTime":0.0413208,"fps":24.20089},"hypothesisId":"C"}
{"sessionId":"bac766","timestamp":1773332130497,"location":"GameManager.Update","message":"object counts","data":{"bullets":0,"gems":0,"asteroids":299,"starships":1},"hypothesisId":"E"}
{"sessionId":"bac766","timestamp":1773332130736,"location":"PlanetConnectionSystem.RecomputeGraph","message":"edges and triangles","data":{"edges":0,"triangles":0,"durationMs":5.844116},"hypothesisId":"D"}
{"sessionId":"bac766","timestamp":1773332132084,"location":"GameManager.Update","message":"frame timing","data":{"frame":7740,"realtime":252.3021,"deltaTime":0.0382559,"fps":26.13976},"hypothesisId":"C"}
{"sessionId":"bac766","timestamp":1773332132158,"location":"Gem.cs:FixedUpdate","message":"Gem attraction tick","data":{"value":70.00,"effectivePickupRadius":8.24,"priorityShipId":1,"isInPool":false},"hypothesisId":"G1"}
{"sessionId":"bac766","timestamp":1773332132171,"location":"Gem.cs:FixedUpdate","message":"Gem attraction tick","data":{"value":70.00,"effectivePickupRadius":8.24,"priorityShipId":1,"isInPool":false},"hypothesisId":"G1"}
{"sessionId":"bac766","timestamp":1773332132179,"location":"Gem.cs:FixedUpdate","message":"Gem attraction tick","data":{"value":70.00,"effectivePickupRadius":8.24,"priorityShipId":1,"isInPool":false},"hypothesisId":"G1"}
{"sessionId":"bac766","timestamp":1773332132278,"location":"Gem.cs:FixedUpdate","message":"Gem attraction tick","data":{"value":70.00,"effectivePickupRadius":8.24,"priorityShipId":1,"isInPool":false},"hypothesisId":"G1"}
{"sessionId":"bac766","timestamp":1773332132286,"location":"Gem.cs:FixedUpdate","message":"Gem attraction tick","data":{"value":70.00,"effectivePickupRadius":8.24,"priorityShipId":1,"isInPool":false},"hypothesisId":"G1"}
{"sessionId":"bac766","timestamp":1773332132297,"location":"Gem.cs:FixedUpdate","message":"Gem attraction tick","data":{"value":70.00,"effectivePickupRadius":8.24,"priorityShipId":1,"isInPool":false},"hypothesisId":"G1"}
{"sessionId":"bac766","timestamp":1773332132396,"location":"Gem.cs:FixedUpdate","message":"Gem attraction tick","data":{"value":70.00,"effectivePickupRadius":8.24,"priorityShipId":1,"isInPool":false},"hypothesisId":"G1"}
{"sessionId":"bac766","timestamp":1773332132403,"location":"Gem.cs:FixedUpdate","message":"Gem attraction tick","data":{"value":70.00,"effectivePickupRadius":8.24,"priorityShipId":1,"isInPool":false},"hypothesisId":"G1"}
{"sessionId":"bac766","timestamp":1773332132510,"location":"GameManager.Update","message":"object counts","data":{"bullets":0,"gems":1,"asteroids":299,"starships":1},"hypothesisId":"E"}
{"sessionId":"bac766","timestamp":1773332132546,"location":"Gem.cs:FixedUpdate","message":"Gem attraction tick","data":{"value":70.00,"effectivePickupRadius":8.24,"priorityShipId":1,"isInPool":false},"hypothesisId":"G1"}
{"sessionId":"bac766","timestamp":1773332132554,"location":"Gem.cs:FixedUpdate","message":"Gem attraction tick","data":{"value":70.00,"effectivePickupRadius":8.24,"priorityShipId":1,"isInPool":false},"hypothesisId":"G1"}
{"sessionId":"bac766","timestamp":1773332132562,"location":"Gem.cs:FixedUpdate","message":"Gem attraction tick","data":{"value":70.00,"effectivePickupRadius":8.24,"priorityShipId":1,"isInPool":false},"hypothesisId":"G1"}
{"sessionId":"bac766","timestamp":1773332132570,"location":"Gem.cs:FixedUpdate","message":"Gem attraction tick","data":{"value":70.00,"effectivePickupRadius":8.24,"priorityShipId":1,"isInPool":false},"hypothesisId":"G1"}
{"sessionId":"bac766","timestamp":1773332132665,"location":"Gem.cs:FixedUpdate","message":"Gem attraction tick","data":{"value":70.00,"effectivePickupRadius":8.24,"priorityShipId":1,"isInPool":false},"hypothesisId":"G1"}
{"sessionId":"bac766","timestamp":1773332132676,"location":"Gem.cs:FixedUpdate","message":"Gem attraction tick","data":{"value":70.00,"effectivePickupRadius":8.24,"priorityShipId":1,"isInPool":false},"hypothesisId":"G1"}
{"sessionId":"bac766","timestamp":1773332132684,"location":"Gem.cs:FixedUpdate","message":"Gem attraction tick","data":{"value":70.00,"effectivePickupRadius":8.24,"priorityShipId":1,"isInPool":false},"hypothesisId":"G1"}
{"sessionId":"bac766","timestamp":1773332132784,"location":"Gem.cs:FixedUpdate","message":"Gem attraction tick","data":{"value":70.00,"effectivePickupRadius":8.24,"priorityShipId":1,"isInPool":false},"hypothesisId":"G1"}
{"sessionId":"bac766","timestamp":1773332132793,"location":"Gem.cs:FixedUpdate","message":"Gem attraction tick","data":{"value":70.00,"effectivePickupRadius":8.24,"priorityShipId":1,"isInPool":false},"hypothesisId":"G1"}
{"sessionId":"bac766","timestamp":1773332132801,"location":"Gem.cs:FixedUpdate","message":"Gem attraction tick","data":{"value":70.00,"effectivePickupRadius":8.24,"priorityShipId":1,"isInPool":false},"hypothesisId":"G1"}
{"sessionId":"bac766","timestamp":1773332132899,"location":"Gem.cs:FixedUpdate","message":"Gem attraction tick","data":{"value":70.00,"effectivePickupRadius":8.24,"priorityShipId":1,"isInPool":false},"hypothesisId":"G1"}
{"sessionId":"bac766","timestamp":1773332132907,"location":"Gem.cs:FixedUpdate","message":"Gem attraction tick","data":{"value":70.00,"effectivePickupRadius":8.24,"priorityShipId":1,"isInPool":false},"hypothesisId":"G1"}
{"sessionId":"bac766","timestamp":1773332132915,"location":"Gem.cs:FixedUpdate","message":"Gem attraction tick","data":{"value":70.00,"effectivePickupRadius":8.24,"priorityShipId":1,"isInPool":false},"hypothesisId":"G1"}
{"sessionId":"bac766","timestamp":1773332133003,"location":"Gem.cs:FixedUpdate","message":"Gem attraction tick","data":{"value":70.00,"effectivePickupRadius":8.24,"priorityShipId":1,"isInPool":false},"hypothesisId":"G1"}
{"sessionId":"bac766","timestamp":1773332133010,"location":"Gem.cs:FixedUpdate","message":"Gem attraction tick","data":{"value":70.00,"effectivePickupRadius":8.24,"priorityShipId":1,"isInPool":false},"hypothesisId":"G1"}
{"sessionId":"bac766","timestamp":1773332133018,"location":"Gem.cs:FixedUpdate","message":"Gem attraction tick","data":{"value":70.00,"effectivePickupRadius":8.24,"priorityShipId":1,"isInPool":false},"hypothesisId":"G1"}
{"sessionId":"bac766","timestamp":1773332133137,"location":"Gem.cs:FixedUpdate","message":"Gem attraction tick","data":{"value":70.00,"effectivePickupRadius":8.24,"priorityShipId":1,"isInPool":false},"hypothesisId":"G1"}
{"sessionId":"bac766","timestamp":1773332133145,"location":"Gem.cs:FixedUpdate","message":"Gem attraction tick","data":{"value":70.00,"effectivePickupRadius":8.24,"priorityShipId":1,"isInPool":false},"hypothesisId":"G1"}
{"sessionId":"bac766","timestamp":1773332133240,"location":"Gem.cs:FixedUpdate","message":"Gem attraction tick","data":{"value":70.00,"effectivePickupRadius":8.24,"priorityShipId":1,"isInPool":false},"hypothesisId":"G1"}
{"sessionId":"bac766","timestamp":1773332133249,"location":"Gem.cs:FixedUpdate","message":"Gem attraction tick","data":{"value":70.00,"effectivePickupRadius":8.24,"priorityShipId":1,"isInPool":false},"hypothesisId":"G1"}
{"sessionId":"bac766","timestamp":1773332133257,"location":"Gem.cs:FixedUpdate","message":"Gem attraction tick","data":{"value":70.00,"effectivePickupRadius":8.24,"priorityShipId":1,"isInPool":false},"hypothesisId":"G1"}
{"sessionId":"bac766","timestamp":1773332133368,"location":"Gem.cs:FixedUpdate","message":"Gem attraction tick","data":{"value":70.00,"effectivePickupRadius":8.24,"priorityShipId":1,"isInPool":false},"hypothesisId":"G1"}
{"sessionId":"bac766","timestamp":1773332133376,"location":"Gem.cs:FixedUpdate","message":"Gem attraction tick","data":{"value":70.00,"effectivePickupRadius":8.24,"priorityShipId":1,"isInPool":false},"hypothesisId":"G1"}
{"sessionId":"bac766","timestamp":1773332133385,"location":"Gem.cs:FixedUpdate","message":"Gem attraction tick","data":{"value":70.00,"effectivePickupRadius":8.24,"priorityShipId":1,"isInPool":false},"hypothesisId":"G1"}
{"sessionId":"bac766","timestamp":1773332133478,"location":"Gem.cs:FixedUpdate","message":"Gem attraction tick","data":{"value":70.00,"effectivePickupRadius":8.24,"priorityShipId":1,"isInPool":false},"hypothesisId":"G1"}
{"sessionId":"bac766","timestamp":1773332133487,"location":"Gem.cs:FixedUpdate","message":"Gem attraction tick","data":{"value":70.00,"effectivePickupRadius":8.24,"priorityShipId":1,"isInPool":false},"hypothesisId":"G1"}
{"sessionId":"bac766","timestamp":1773332133496,"location":"Gem.cs:FixedUpdate","message":"Gem attraction tick","data":{"value":70.00,"effectivePickupRadius":8.24,"priorityShipId":1,"isInPool":false},"hypothesisId":"G1"}
{"sessionId":"bac766","timestamp":1773332133592,"location":"Gem.cs:FixedUpdate","message":"Gem attraction tick","data":{"value":70.00,"effectivePickupRadius":8.24,"priorityShipId":1,"isInPool":false},"hypothesisId":"G1"}
{"sessionId":"bac766","timestamp":1773332133600,"location":"Gem.cs:FixedUpdate","message":"Gem attraction tick","data":{"value":70.00,"effectivePickupRadius":8.24,"priorityShipId":1,"isInPool":false},"hypothesisId":"G1"}
{"sessionId":"bac766","timestamp":1773332133725,"location":"Gem.cs:FixedUpdate","message":"Gem attraction tick","data":{"value":70.00,"effectivePickupRadius":8.24,"priorityShipId":1,"isInPool":false},"hypothesisId":"G1"}
{"sessionId":"bac766","timestamp":1773332133737,"location":"Gem.cs:FixedUpdate","message":"Gem attraction tick","data":{"value":70.00,"effectivePickupRadius":8.24,"priorityShipId":1,"isInPool":false},"hypothesisId":"G1"}
{"sessionId":"bac766","timestamp":1773332133745,"location":"Gem.cs:FixedUpdate","message":"Gem attraction tick","data":{"value":70.00,"effectivePickupRadius":8.24,"priorityShipId":1,"isInPool":false},"hypothesisId":"G1"}
{"sessionId":"bac766","timestamp":1773332133760,"location":"PlanetConnectionSystem.RecomputeGraph","message":"edges and triangles","data":{"edges":0,"triangles":0,"durationMs":6.561279},"hypothesisId":"D"}
{"sessionId":"bac766","timestamp":1773332133845,"location":"Gem.cs:FixedUpdate","message":"Gem attraction tick","data":{"value":70.00,"effectivePickupRadius":8.24,"priorityShipId":1,"isInPool":false},"hypothesisId":"G1"}
{"sessionId":"bac766","timestamp":1773332133853,"location":"Gem.cs:FixedUpdate","message":"Gem attraction tick","data":{"value":70.00,"effectivePickupRadius":8.24,"priorityShipId":1,"isInPool":false},"hypothesisId":"G1"}
{"sessionId":"bac766","timestamp":1773332133863,"location":"Gem.cs:FixedUpdate","message":"Gem attraction tick","data":{"value":70.00,"effectivePickupRadius":8.24,"priorityShipId":1,"isInPool":false},"hypothesisId":"G1"}
{"sessionId":"bac766","timestamp":1773332133954,"location":"Gem.cs:FixedUpdate","message":"Gem attraction tick","data":{"value":70.00,"effectivePickupRadius":8.24,"priorityShipId":1,"isInPool":false},"hypothesisId":"G1"}
{"sessionId":"bac766","timestamp":1773332133962,"location":"Gem.cs:FixedUpdate","message":"Gem attraction tick","data":{"value":70.00,"effectivePickupRadius":8.24,"priorityShipId":1,"isInPool":false},"hypothesisId":"G1"}
{"sessionId":"bac766","timestamp":1773332134049,"location":"Gem.cs:FixedUpdate","message":"Gem attraction tick","data":{"value":70.00,"effectivePickupRadius":8.24,"priorityShipId":1,"isInPool":false},"hypothesisId":"G1"}
{"sessionId":"bac766","timestamp":1773332134057,"location":"Gem.cs:FixedUpdate","message":"Gem attraction tick","data":{"value":70.00,"effectivePickupRadius":8.24,"priorityShipId":1,"isInPool":false},"hypothesisId":"G1"}
{"sessionId":"bac766","timestamp":1773332134140,"location":"Gem.cs:FixedUpdate","message":"Gem attraction tick","data":{"value":70.00,"effectivePickupRadius":8.24,"priorityShipId":1,"isInPool":false},"hypothesisId":"G1"}
{"sessionId":"bac766","timestamp":1773332134148,"location":"Gem.cs:FixedUpdate","message":"Gem attraction tick","data":{"value":70.00,"effectivePickupRadius":8.24,"priorityShipId":1,"isInPool":false},"hypothesisId":"G1"}
{"sessionId":"bac766","timestamp":1773332134156,"location":"Gem.cs:FixedUpdate","message":"Gem attraction tick","data":{"value":70.00,"effectivePickupRadius":8.24,"priorityShipId":1,"isInPool":false},"hypothesisId":"G1"}
{"sessionId":"bac766","timestamp":1773332134232,"location":"Gem.cs:FixedUpdate","message":"Gem attraction tick","data":{"value":70.00,"effectivePickupRadius":8.24,"priorityShipId":1,"isInPool":false},"hypothesisId":"G1"}
{"sessionId":"bac766","timestamp":1773332134245,"location":"Gem.cs:FixedUpdate","message":"Gem attraction tick","data":{"value":70.00,"effectivePickupRadius":8.24,"priorityShipId":1,"isInPool":false},"hypothesisId":"G1"}
{"sessionId":"bac766","timestamp":1773332134331,"location":"Gem.cs:FixedUpdate","message":"Gem attraction tick","data":{"value":70.00,"effectivePickupRadius":8.24,"priorityShipId":1,"isInPool":false},"hypothesisId":"G1"}
{"sessionId":"bac766","timestamp":1773332134339,"location":"Gem.cs:FixedUpdate","message":"Gem attraction tick","data":{"value":70.00,"effectivePickupRadius":8.24,"priorityShipId":1,"isInPool":false},"hypothesisId":"G1"}
{"sessionId":"bac766","timestamp":1773332134445,"location":"Gem.cs:FixedUpdate","message":"Gem attraction tick","data":{"value":70.00,"effectivePickupRadius":8.24,"priorityShipId":1,"isInPool":false},"hypothesisId":"G1"}
{"sessionId":"bac766","timestamp":1773332134453,"location":"Gem.cs:FixedUpdate","message":"Gem attraction tick","data":{"value":70.00,"effectivePickupRadius":8.24,"priorityShipId":1,"isInPool":false},"hypothesisId":"G1"}
{"sessionId":"bac766","timestamp":1773332134462,"location":"Gem.cs:FixedUpdate","message":"Gem attraction tick","data":{"value":70.00,"effectivePickupRadius":8.24,"priorityShipId":1,"isInPool":false},"hypothesisId":"G1"}
{"sessionId":"bac766","timestamp":1773332134542,"location":"GameManager.Update","message":"object counts","data":{"bullets":0,"gems":1,"asteroids":299,"starships":1},"hypothesisId":"E"}
{"sessionId":"bac766","timestamp":1773332134583,"location":"Gem.cs:FixedUpdate","message":"Gem attraction tick","data":{"value":70.00,"effectivePickupRadius":8.24,"priorityShipId":1,"isInPool":false},"hypothesisId":"G1"}
{"sessionId":"bac766","timestamp":1773332134592,"location":"Gem.cs:FixedUpdate","message":"Gem attraction tick","data":{"value":70.00,"effectivePickupRadius":8.24,"priorityShipId":1,"isInPool":false},"hypothesisId":"G1"}
{"sessionId":"bac766","timestamp":1773332134600,"location":"Gem.cs:FixedUpdate","message":"Gem attraction tick","data":{"value":70.00,"effectivePickupRadius":8.24,"priorityShipId":1,"isInPool":false},"hypothesisId":"G1"}
{"sessionId":"bac766","timestamp":1773332134609,"location":"Gem.cs:FixedUpdate","message":"Gem attraction tick","data":{"value":70.00,"effectivePickupRadius":8.24,"priorityShipId":1,"isInPool":false},"hypothesisId":"G1"}
{"sessionId":"bac766","timestamp":1773332134750,"location":"Gem.cs:FixedUpdate","message":"Gem attraction tick","data":{"value":70.00,"effectivePickupRadius":8.24,"priorityShipId":1,"isInPool":false},"hypothesisId":"G1"}
{"sessionId":"bac766","timestamp":1773332134759,"location":"Gem.cs:FixedUpdate","message":"Gem attraction tick","data":{"value":70.00,"effectivePickupRadius":8.24,"priorityShipId":1,"isInPool":false},"hypothesisId":"G1"}
{"sessionId":"bac766","timestamp":1773332134772,"location":"Gem.cs:FixedUpdate","message":"Gem attraction tick","data":{"value":70.00,"effectivePickupRadius":8.24,"priorityShipId":1,"isInPool":false},"hypothesisId":"G1"}
{"sessionId":"bac766","timestamp":1773332134781,"location":"Gem.cs:FixedUpdate","message":"Gem attraction tick","data":{"value":70.00,"effectivePickupRadius":8.24,"priorityShipId":1,"isInPool":false},"hypothesisId":"G1"}
{"sessionId":"bac766","timestamp":1773332134876,"location":"Gem.cs:FixedUpdate","message":"Gem attraction tick","data":{"value":70.00,"effectivePickupRadius":8.24,"priorityShipId":1,"isInPool":false},"hypothesisId":"G1"}
{"sessionId":"bac766","timestamp":1773332134884,"location":"Gem.cs:FixedUpdate","message":"Gem attraction tick","data":{"value":70.00,"effectivePickupRadius":8.24,"priorityShipId":1,"isInPool":false},"hypothesisId":"G1"}
{"sessionId":"bac766","timestamp":1773332134992,"location":"Gem.cs:FixedUpdate","message":"Gem attraction tick","data":{"value":70.00,"effectivePickupRadius":8.24,"priorityShipId":1,"isInPool":false},"hypothesisId":"G1"}
{"sessionId":"bac766","timestamp":1773332135001,"location":"Gem.cs:FixedUpdate","message":"Gem attraction tick","data":{"value":70.00,"effectivePickupRadius":8.24,"priorityShipId":1,"isInPool":false},"hypothesisId":"G1"}
{"sessionId":"bac766","timestamp":1773332135009,"location":"Gem.cs:FixedUpdate","message":"Gem attraction tick","data":{"value":70.00,"effectivePickupRadius":8.24,"priorityShipId":1,"isInPool":false},"hypothesisId":"G1"}
{"sessionId":"bac766","timestamp":1773332135110,"location":"Gem.cs:FixedUpdate","message":"Gem attraction tick","data":{"value":70.00,"effectivePickupRadius":8.24,"priorityShipId":1,"isInPool":false},"hypothesisId":"G1"}
{"sessionId":"bac766","timestamp":1773332135119,"location":"Gem.cs:FixedUpdate","message":"Gem attraction tick","data":{"value":70.00,"effectivePickupRadius":8.24,"priorityShipId":1,"isInPool":false},"hypothesisId":"G1"}
{"sessionId":"bac766","timestamp":1773332135127,"location":"Gem.cs:FixedUpdate","message":"Gem attraction tick","data":{"value":70.00,"effectivePickupRadius":8.24,"priorityShipId":1,"isInPool":false},"hypothesisId":"G1"}
{"sessionId":"bac766","timestamp":1773332135221,"location":"Gem.cs:FixedUpdate","message":"Gem attraction tick","data":{"value":70.00,"effectivePickupRadius":8.24,"priorityShipId":1,"isInPool":false},"hypothesisId":"G1"}
{"sessionId":"bac766","timestamp":1773332135229,"location":"Gem.cs:FixedUpdate","message":"Gem attraction tick","data":{"value":70.00,"effectivePickupRadius":8.24,"priorityShipId":1,"isInPool":false},"hypothesisId":"G1"}
{"sessionId":"bac766","timestamp":1773332135241,"location":"Gem.cs:FixedUpdate","message":"Gem attraction tick","data":{"value":70.00,"effectivePickupRadius":8.24,"priorityShipId":1,"isInPool":false},"hypothesisId":"G1"}
{"sessionId":"bac766","timestamp":1773332135346,"location":"Gem.cs:FixedUpdate","message":"Gem attraction tick","data":{"value":70.00,"effectivePickupRadius":8.24,"priorityShipId":1,"isInPool":false},"hypothesisId":"G1"}
{"sessionId":"bac766","timestamp":1773332135354,"location":"Gem.cs:FixedUpdate","message":"Gem attraction tick","data":{"value":70.00,"effectivePickupRadius":8.24,"priorityShipId":1,"isInPool":false},"hypothesisId":"G1"}
{"sessionId":"bac766","timestamp":1773332135362,"location":"Gem.cs:FixedUpdate","message":"Gem attraction tick","data":{"value":70.00,"effectivePickupRadius":8.24,"priorityShipId":1,"isInPool":false},"hypothesisId":"G1"}
