# Blender 4.0.2
# www.blender.org
mtllib Bomb_2.mtl
o Bomb_2
v -0.000000 0.292111 -0.000000
v 0.027276 0.275162 -0.110664
v 0.039599 0.247639 -0.160659
v 0.050400 0.210600 -0.204480
v 0.059264 0.165467 -0.240443
v 0.065851 0.113976 -0.267166
v 0.069907 0.058104 -0.283622
v 0.071276 0.000000 -0.289179
v 0.069907 -0.058104 -0.283622
v 0.065851 -0.113976 -0.267166
v 0.059264 -0.165467 -0.240443
v 0.050400 -0.210600 -0.204480
v 0.039599 -0.247639 -0.160659
v 0.027276 -0.275162 -0.110664
v -0.000000 -0.292111 -0.000000
v 0.052967 0.275162 -0.100921
v 0.076896 0.247639 -0.146514
v 0.097871 0.210600 -0.186477
v 0.115084 0.165467 -0.219274
v 0.127874 0.113976 -0.243644
v 0.135751 0.058104 -0.258651
v 0.138410 0.000000 -0.263718
v 0.135751 -0.058104 -0.258651
v 0.127874 -0.113976 -0.243644
v 0.115084 -0.165467 -0.219274
v 0.097871 -0.210600 -0.186477
v 0.076896 -0.247639 -0.146514
v 0.052967 -0.275162 -0.100921
v 0.075580 0.275162 -0.085312
v 0.109725 0.247639 -0.123854
v 0.139654 0.210600 -0.157636
v 0.164215 0.165467 -0.185361
v 0.182466 0.113976 -0.205962
v 0.193705 0.058104 -0.218648
v 0.197500 0.000000 -0.222931
v 0.193705 -0.058104 -0.218648
v 0.182466 -0.113976 -0.205962
v 0.164215 -0.165467 -0.185361
v 0.139654 -0.210600 -0.157636
v 0.109725 -0.247639 -0.123854
v 0.075580 -0.275162 -0.085312
v 0.093800 0.275162 -0.064746
v 0.136177 0.247639 -0.093996
v 0.173320 0.210600 -0.119634
v 0.203803 0.165467 -0.140675
v 0.226454 0.113976 -0.156310
v 0.240402 0.058104 -0.165938
v 0.245112 0.000000 -0.169189
v 0.240402 -0.058104 -0.165938
v 0.226454 -0.113976 -0.156310
v 0.203803 -0.165467 -0.140675
v 0.173320 -0.210600 -0.119634
v 0.136177 -0.247639 -0.093996
v 0.093800 -0.275162 -0.064746
v 0.106569 0.275162 -0.040416
v 0.154715 0.247639 -0.058676
v 0.196914 0.210600 -0.074680
v 0.231547 0.165467 -0.087814
v 0.257281 0.113976 -0.097574
v 0.273128 0.058104 -0.103584
v 0.278479 0.000000 -0.105613
v 0.273128 -0.058104 -0.103584
v 0.257281 -0.113976 -0.097574
v 0.231547 -0.165467 -0.087814
v 0.196914 -0.210600 -0.074680
v 0.154715 -0.247639 -0.058676
v 0.106569 -0.275162 -0.040416
v 0.113145 0.275162 -0.013738
v 0.164261 0.247639 -0.019945
v 0.209064 0.210600 -0.025385
v 0.245834 0.165467 -0.029850
v 0.273156 0.113976 -0.033167
v 0.289981 0.058104 -0.035210
v 0.295662 0.000000 -0.035900
v 0.289981 -0.058104 -0.035210
v 0.273156 -0.113976 -0.033167
v 0.245834 -0.165467 -0.029850
v 0.209064 -0.210600 -0.025385
v 0.164261 -0.247639 -0.019945
v 0.113145 -0.275162 -0.013738
v 0.113145 0.275162 0.013738
v 0.164261 0.247639 0.019945
v 0.209064 0.210600 0.025385
v 0.245834 0.165467 0.029850
v 0.273156 0.113976 0.033167
v 0.289981 0.058104 0.035210
v 0.295662 0.000000 0.035900
v 0.289981 -0.058104 0.035210
v 0.273156 -0.113976 0.033167
v 0.245834 -0.165467 0.029850
v 0.209064 -0.210600 0.025385
v 0.164261 -0.247639 0.019945
v 0.113145 -0.275162 0.013738
v 0.106569 0.275162 0.040416
v 0.154715 0.247639 0.058676
v 0.196914 0.210600 0.074680
v 0.231547 0.165467 0.087814
v 0.257281 0.113976 0.097574
v 0.273128 0.058104 0.103584
v 0.278479 0.000000 0.105613
v 0.273128 -0.058104 0.103584
v 0.257281 -0.113976 0.097574
v 0.231547 -0.165467 0.087814
v 0.196914 -0.210600 0.074680
v 0.154715 -0.247639 0.058676
v 0.106569 -0.275162 0.040416
v 0.093800 0.275162 0.064746
v 0.136177 0.247639 0.093996
v 0.173320 0.210600 0.119634
v 0.203803 0.165467 0.140675
v 0.226454 0.113976 0.156310
v 0.240402 0.058104 0.165938
v 0.245112 0.000000 0.169189
v 0.240402 -0.058104 0.165938
v 0.226454 -0.113976 0.156310
v 0.203803 -0.165467 0.140675
v 0.173320 -0.210600 0.119634
v 0.136177 -0.247639 0.093996
v 0.093800 -0.275162 0.064746
v 0.075580 0.275162 0.085312
v 0.109725 0.247639 0.123854
v 0.139654 0.210600 0.157636
v 0.164215 0.165467 0.185361
v 0.182466 0.113976 0.205962
v 0.193705 0.058104 0.218648
v 0.197500 0.000000 0.222931
v 0.193705 -0.058104 0.218648
v 0.182466 -0.113976 0.205962
v 0.164215 -0.165467 0.185361
v 0.139654 -0.210600 0.157636
v 0.109725 -0.247639 0.123854
v 0.075580 -0.275162 0.085312
v 0.052967 0.275162 0.100921
v 0.076897 0.247639 0.146514
v 0.097871 0.210600 0.186477
v 0.115084 0.165467 0.219274
v 0.127874 0.113976 0.243644
v 0.135751 0.058104 0.258651
v 0.138410 0.000000 0.263718
v 0.135751 -0.058104 0.258651
v 0.127874 -0.113976 0.243644
v 0.115084 -0.165467 0.219274
v 0.097871 -0.210600 0.186477
v 0.076897 -0.247639 0.146514
v 0.052967 -0.275162 0.100921
v 0.027276 0.275162 0.110664
v 0.039599 0.247639 0.160659
v 0.050400 0.210600 0.204480
v 0.059264 0.165467 0.240443
v 0.065851 0.113976 0.267166
v 0.069907 0.058104 0.283622
v 0.071276 0.000000 0.289179
v 0.069907 -0.058104 0.283622
v 0.065851 -0.113976 0.267166
v 0.059264 -0.165467 0.240443
v 0.050400 -0.210600 0.204480
v 0.039599 -0.247639 0.160659
v 0.027276 -0.275162 0.110664
v 0.000000 0.275162 0.113976
v 0.000000 0.247639 0.165467
v 0.000000 0.210600 0.210600
v 0.000000 0.165467 0.247639
v 0.000000 0.113976 0.275162
v 0.000000 0.058104 0.292111
v 0.000000 0.000000 0.297833
v 0.000000 -0.058104 0.292111
v 0.000000 -0.113976 0.275162
v 0.000000 -0.165467 0.247639
v 0.000000 -0.210600 0.210600
v 0.000000 -0.247639 0.165467
v 0.000000 -0.275162 0.113976
v -0.027276 0.275162 0.110664
v -0.039599 0.247639 0.160659
v -0.050400 0.210600 0.204480
v -0.059264 0.165467 0.240443
v -0.065851 0.113976 0.267166
v -0.069907 0.058104 0.283622
v -0.071276 0.000000 0.289179
v -0.069907 -0.058104 0.283622
v -0.065851 -0.113976 0.267166
v -0.059264 -0.165467 0.240443
v -0.050400 -0.210600 0.204480
v -0.039599 -0.247639 0.160659
v -0.027276 -0.275162 0.110664
v -0.052967 0.275162 0.100921
v -0.076897 0.247639 0.146514
v -0.097871 0.210600 0.186477
v -0.115084 0.165467 0.219274
v -0.127874 0.113976 0.243644
v -0.135751 0.058104 0.258651
v -0.138410 0.000000 0.263718
v -0.135751 -0.058104 0.258651
v -0.127874 -0.113976 0.243644
v -0.115084 -0.165467 0.219274
v -0.097871 -0.210600 0.186477
v -0.076897 -0.247639 0.146514
v -0.052967 -0.275162 0.100921
v -0.075580 0.275162 0.085312
v -0.109725 0.247639 0.123854
v -0.139654 0.210600 0.157636
v -0.164215 0.165467 0.185361
v -0.182466 0.113976 0.205962
v -0.193705 0.058104 0.218648
v -0.197500 0.000000 0.222932
v -0.193705 -0.058104 0.218648
v -0.182466 -0.113976 0.205962
v -0.164215 -0.165467 0.185361
v -0.139654 -0.210600 0.157636
v -0.109725 -0.247639 0.123854
v -0.075580 -0.275162 0.085312
v -0.093800 0.275162 0.064746
v -0.136177 0.247639 0.093996
v -0.173320 0.210600 0.119634
v -0.203803 0.165467 0.140675
v -0.226454 0.113976 0.156310
v -0.240402 0.058104 0.165938
v -0.245112 0.000000 0.169189
v -0.240402 -0.058104 0.165938
v -0.226454 -0.113976 0.156310
v -0.203803 -0.165467 0.140675
v -0.173320 -0.210600 0.119634
v -0.136177 -0.247639 0.093996
v -0.093800 -0.275162 0.064746
v -0.106569 0.275162 0.040416
v -0.154715 0.247639 0.058676
v -0.196914 0.210600 0.074680
v -0.231547 0.165467 0.087814
v -0.257281 0.113976 0.097574
v -0.273128 0.058104 0.103584
v -0.278479 0.000000 0.105613
v -0.273128 -0.058104 0.103584
v -0.257281 -0.113976 0.097574
v -0.231547 -0.165467 0.087814
v -0.196914 -0.210600 0.074680
v -0.154715 -0.247639 0.058676
v -0.106569 -0.275162 0.040416
v -0.113145 0.275162 0.013738
v -0.164261 0.247639 0.019945
v -0.209064 0.210600 0.025385
v -0.245834 0.165467 0.029850
v -0.273156 0.113976 0.033167
v -0.289981 0.058104 0.035210
v -0.295662 0.000000 0.035900
v -0.289981 -0.058104 0.035210
v -0.273156 -0.113976 0.033167
v -0.245834 -0.165467 0.029850
v -0.209064 -0.210600 0.025385
v -0.164261 -0.247639 0.019945
v -0.113145 -0.275162 0.013738
v -0.113145 0.275162 -0.013738
v -0.164261 0.247639 -0.019945
v -0.209064 0.210600 -0.025385
v -0.245834 0.165467 -0.029850
v -0.273156 0.113976 -0.033167
v -0.289981 0.058104 -0.035210
v -0.295662 0.000000 -0.035900
v -0.289981 -0.058104 -0.035210
v -0.273156 -0.113976 -0.033167
v -0.245834 -0.165467 -0.029850
v -0.209064 -0.210600 -0.025385
v -0.164261 -0.247639 -0.019945
v -0.113145 -0.275162 -0.013738
v -0.106569 0.275162 -0.040416
v -0.154715 0.247639 -0.058676
v -0.196914 0.210600 -0.074680
v -0.231547 0.165467 -0.087814
v -0.257281 0.113976 -0.097574
v -0.273128 0.058104 -0.103584
v -0.278479 0.000000 -0.105613
v -0.273128 -0.058104 -0.103584
v -0.257281 -0.113976 -0.097574
v -0.231547 -0.165467 -0.087814
v -0.196914 -0.210600 -0.074680
v -0.154715 -0.247639 -0.058676
v -0.106569 -0.275162 -0.040416
v -0.093800 0.275162 -0.064746
v -0.136177 0.247639 -0.093996
v -0.173320 0.210600 -0.119634
v -0.203803 0.165467 -0.140675
v -0.226454 0.113976 -0.156310
v -0.240402 0.058104 -0.165938
v -0.245112 0.000000 -0.169189
v -0.240402 -0.058104 -0.165938
v -0.226454 -0.113976 -0.156310
v -0.203803 -0.165467 -0.140675
v -0.173320 -0.210600 -0.119634
v -0.136177 -0.247639 -0.093996
v -0.093800 -0.275162 -0.064746
v -0.075580 0.275162 -0.085312
v -0.109725 0.247639 -0.123854
v -0.139654 0.210600 -0.157636
v -0.164215 0.165467 -0.185361
v -0.182466 0.113976 -0.205962
v -0.193705 0.058104 -0.218648
v -0.197500 0.000000 -0.222932
v -0.193705 -0.058104 -0.218648
v -0.182466 -0.113976 -0.205962
v -0.164215 -0.165467 -0.185361
v -0.139654 -0.210600 -0.157636
v -0.109725 -0.247639 -0.123854
v -0.075580 -0.275162 -0.085312
v -0.052967 0.275162 -0.100921
v -0.076897 0.247639 -0.146514
v -0.097871 0.210600 -0.186477
v -0.115084 0.165467 -0.219274
v -0.127874 0.113976 -0.243644
v -0.135751 0.058104 -0.258651
v -0.138410 0.000000 -0.263718
v -0.135751 -0.058104 -0.258651
v -0.127874 -0.113976 -0.243644
v -0.115084 -0.165467 -0.219274
v -0.097871 -0.210600 -0.186477
v -0.076897 -0.247639 -0.146514
v -0.052967 -0.275162 -0.100921
v -0.027276 0.275162 -0.110664
v -0.039599 0.247639 -0.160659
v -0.050400 0.210600 -0.204480
v -0.059264 0.165467 -0.240443
v -0.065851 0.113976 -0.267167
v -0.069907 0.058104 -0.283622
v -0.071276 0.000000 -0.289179
v -0.069907 -0.058104 -0.283622
v -0.065851 -0.113976 -0.267167
v -0.059264 -0.165467 -0.240443
v -0.050400 -0.210600 -0.204480
v -0.039599 -0.247639 -0.160659
v -0.027276 -0.275162 -0.110664
v -0.000000 0.275162 -0.113976
v -0.000000 0.247639 -0.165467
v -0.000000 0.210600 -0.210600
v -0.000000 0.165467 -0.247639
v -0.000000 0.113976 -0.275162
v -0.000000 0.058104 -0.292111
v -0.000000 0.000000 -0.297833
v -0.000000 -0.058104 -0.292111
v -0.000000 -0.113976 -0.275162
v -0.000000 -0.165467 -0.247639
v -0.000000 -0.210600 -0.210600
v -0.000000 -0.247639 -0.165467
v -0.000000 -0.275162 -0.113976
v 0.027002 -0.292110 -0.051449
v 0.013905 -0.292110 -0.056416
v 0.027002 0.292110 -0.051449
v 0.013905 0.292110 -0.056416
v 0.038530 -0.292110 -0.043492
v 0.038530 0.292110 -0.043492
v 0.047819 -0.292110 -0.033007
v 0.047819 0.292110 -0.033007
v 0.054329 -0.292110 -0.020604
v 0.054329 0.292110 -0.020604
v 0.057681 0.292110 -0.007004
v 0.057681 -0.292110 -0.007004
v 0.057681 -0.292110 0.007004
v 0.057681 0.292110 0.007004
v 0.054329 0.292110 0.020604
v 0.054329 -0.292110 0.020604
v 0.047819 -0.292110 0.033007
v 0.047819 0.292110 0.033007
v 0.038530 0.292110 0.043492
v 0.038530 -0.292110 0.043492
v 0.027002 -0.292110 0.051449
v 0.027002 0.292110 0.051449
v 0.013905 -0.292110 0.056416
v 0.013905 0.292110 0.056416
v 0.000000 -0.292110 0.058104
v 0.000000 0.292110 0.058104
v -0.013905 -0.292110 0.056416
v -0.013905 0.292110 0.056416
v -0.027002 -0.292110 0.051449
v -0.027002 0.292110 0.051449
v -0.038530 -0.292110 0.043492
v -0.038530 0.292110 0.043492
v -0.047819 -0.292110 0.033007
v -0.047819 0.292110 0.033007
v -0.054329 -0.292110 0.020604
v -0.054329 0.292110 0.020604
v -0.057681 0.292110 0.007004
v -0.057681 -0.292110 0.007004
v -0.057681 -0.292110 -0.007004
v -0.057681 0.292110 -0.007004
v -0.054329 -0.292110 -0.020604
v -0.054329 0.292110 -0.020604
v -0.047819 -0.292110 -0.033007
v -0.047819 0.292110 -0.033007
v -0.038530 0.292110 -0.043492
v -0.038530 -0.292110 -0.043492
v -0.027002 -0.292110 -0.051449
v -0.027002 0.292110 -0.051449
v -0.013905 -0.292110 -0.056416
v -0.013905 0.292110 -0.056416
v -0.000000 -0.292110 -0.058104
v -0.000000 0.292110 -0.058104
v -0.280518 0.000000 -0.069420
v -0.305360 0.000000 -0.059006
v -0.280518 0.017967 -0.067055
v -0.305360 0.015272 -0.056996
v -0.280518 0.034710 -0.060120
v -0.305360 0.029503 -0.051101
v -0.280518 0.049088 -0.049088
v -0.305360 0.041724 -0.041724
v -0.280518 0.060120 -0.034710
v -0.305360 0.051101 -0.029503
v -0.280518 0.067055 -0.017967
v -0.305360 0.056996 -0.015272
v -0.280518 0.069420 -0.000000
v -0.305360 0.059007 -0.000000
v -0.280518 0.067055 0.017967
v -0.305360 0.056996 0.015272
v -0.280518 0.060120 0.034710
v -0.305360 0.051101 0.029503
v -0.280518 0.049088 0.049088
v -0.305360 0.041724 0.041724
v -0.280518 0.034710 0.060120
v -0.305360 0.029503 0.051101
v -0.280518 0.017967 0.067055
v -0.305360 0.015272 0.056996
v -0.280518 0.000000 0.069420
v -0.305360 0.000000 0.059006
v -0.280518 -0.017967 0.067055
v -0.305360 -0.015272 0.056996
v -0.280518 -0.034710 0.060120
v -0.305360 -0.029503 0.051101
v -0.280518 -0.049088 0.049088
v -0.305360 -0.041724 0.041724
v -0.280518 -0.060120 0.034710
v -0.305360 -0.051101 0.029503
v -0.280518 -0.067055 0.017967
v -0.305360 -0.056996 0.015272
v -0.280518 -0.069420 -0.000000
v -0.305360 -0.059006 -0.000000
v -0.280518 -0.067055 -0.017967
v -0.305360 -0.056996 -0.015272
v -0.280518 -0.060120 -0.034710
v -0.305360 -0.051101 -0.029503
v -0.280518 -0.049088 -0.049088
v -0.305360 -0.041724 -0.041724
v -0.280518 -0.034710 -0.060120
v -0.305360 -0.029503 -0.051101
v -0.280518 -0.017967 -0.067055
v -0.305360 -0.015272 -0.056996
v -0.387421 0.010907 -0.040705
v -0.387421 0.000000 -0.042141
v -0.387421 0.021071 -0.036496
v -0.387421 0.029799 -0.029798
v -0.387421 0.036496 -0.021071
v -0.387421 0.040706 -0.010907
v -0.387421 0.042141 -0.000000
v -0.387421 0.040706 0.010907
v -0.387421 0.036496 0.021071
v -0.387421 0.029799 0.029798
v -0.387421 0.021071 0.036495
v -0.387421 0.010907 0.040705
v -0.387421 0.000000 0.042141
v -0.387421 -0.010907 0.040705
v -0.387421 -0.021071 0.036495
v -0.387421 -0.029798 0.029798
v -0.387421 -0.036495 0.021071
v -0.387421 -0.040705 0.010907
v -0.387421 -0.042141 -0.000000
v -0.387421 -0.040705 -0.010907
v -0.387421 -0.036495 -0.021071
v -0.387421 -0.029798 -0.029798
v -0.387421 -0.021071 -0.036496
v -0.387421 -0.010907 -0.040705
v -0.305360 0.017467 -0.065189
v -0.303644 0.017967 -0.067055
v -0.303644 0.000000 -0.069420
v -0.305360 0.000000 -0.067489
v -0.305360 0.033744 -0.058447
v -0.303644 0.034710 -0.060120
v -0.305360 0.047722 -0.047722
v -0.303644 0.049088 -0.049088
v -0.305360 0.058447 -0.033744
v -0.303644 0.060120 -0.034710
v -0.305360 0.065189 -0.017467
v -0.303644 0.067055 -0.017967
v -0.305360 0.067489 -0.000000
v -0.303644 0.069420 -0.000000
v -0.305360 0.065189 0.017467
v -0.303644 0.067055 0.017967
v -0.305360 0.058447 0.033744
v -0.303644 0.060120 0.034710
v -0.305360 0.047722 0.047722
v -0.303644 0.049088 0.049088
v -0.305360 0.033744 0.058447
v -0.303644 0.034710 0.060120
v -0.305360 0.017467 0.065189
v -0.303644 0.017967 0.067055
v -0.305360 0.000000 0.067489
v -0.303644 0.000000 0.069420
v -0.305360 -0.017467 0.065189
v -0.303644 -0.017967 0.067055
v -0.305360 -0.033744 0.058447
v -0.303644 -0.034710 0.060120
v -0.305360 -0.047722 0.047722
v -0.303644 -0.049088 0.049088
v -0.305360 -0.058447 0.033744
v -0.303644 -0.060120 0.034710
v -0.305360 -0.065189 0.017467
v -0.303644 -0.067055 0.017967
v -0.305360 -0.067489 -0.000000
v -0.303644 -0.069420 -0.000000
v -0.305360 -0.065189 -0.017467
v -0.303644 -0.067055 -0.017967
v -0.305360 -0.058447 -0.033744
v -0.303644 -0.060120 -0.034710
v -0.305360 -0.047722 -0.047722
v -0.303644 -0.049088 -0.049088
v -0.305360 -0.033744 -0.058447
v -0.303644 -0.034710 -0.060120
v -0.305360 -0.017467 -0.065189
v -0.303644 -0.017967 -0.067055
v -0.387421 0.014772 -0.055130
v -0.385705 0.015272 -0.056996
v -0.385705 0.000000 -0.059006
v -0.387421 0.000000 -0.057075
v -0.387421 0.028537 -0.049428
v -0.385705 0.029503 -0.051101
v -0.387421 0.040358 -0.040358
v -0.385705 0.041724 -0.041724
v -0.387421 0.049428 -0.028537
v -0.385705 0.051101 -0.029503
v -0.387421 0.055130 -0.014772
v -0.385705 0.056996 -0.015272
v -0.387421 0.057075 -0.000000
v -0.385705 0.059007 -0.000000
v -0.387421 0.055130 0.014772
v -0.385705 0.056996 0.015272
v -0.387421 0.049428 0.028537
v -0.385705 0.051101 0.029503
v -0.387421 0.040358 0.040358
v -0.385705 0.041724 0.041724
v -0.387421 0.028537 0.049428
v -0.385705 0.029503 0.051101
v -0.387421 0.014772 0.055130
v -0.385705 0.015272 0.056996
v -0.387421 0.000000 0.057075
v -0.385705 0.000000 0.059006
v -0.387421 -0.014772 0.055130
v -0.385705 -0.015272 0.056996
v -0.387421 -0.028537 0.049428
v -0.385705 -0.029503 0.051101
v -0.387421 -0.040358 0.040358
v -0.385705 -0.041724 0.041724
v -0.387421 -0.049428 0.028537
v -0.385705 -0.051101 0.029503
v -0.387421 -0.055130 0.014772
v -0.385705 -0.056996 0.015272
v -0.387421 -0.057075 -0.000000
v -0.385705 -0.059006 -0.000000
v -0.387421 -0.055130 -0.014772
v -0.385705 -0.056996 -0.015272
v -0.387421 -0.049428 -0.028537
v -0.385705 -0.051101 -0.029503
v -0.387421 -0.040358 -0.040358
v -0.385705 -0.041724 -0.041724
v -0.387421 -0.028537 -0.049428
v -0.385705 -0.029503 -0.051101
v -0.387421 -0.014772 -0.055130
v -0.385705 -0.015272 -0.056996
v -0.500119 0.000000 -0.000000
v -0.496049 0.010907 -0.040705
v -0.498927 0.010596 -0.039544
v -0.496049 0.000000 -0.042141
v -0.498927 0.000000 -0.040939
v -0.496049 0.021071 -0.036496
v -0.498927 0.020470 -0.035454
v -0.496049 0.029799 -0.029799
v -0.498927 0.028948 -0.028948
v -0.496049 0.036496 -0.021071
v -0.498927 0.035454 -0.020470
v -0.496049 0.040706 -0.010907
v -0.498927 0.039544 -0.010596
v -0.496049 0.042141 -0.000000
v -0.498927 0.040939 -0.000000
v -0.496049 0.040706 0.010907
v -0.498927 0.039544 0.010596
v -0.496049 0.036496 0.021071
v -0.498927 0.035454 0.020469
v -0.496049 0.029799 0.029798
v -0.498927 0.028948 0.028948
v -0.496049 0.021071 0.036495
v -0.498927 0.020470 0.035454
v -0.496049 0.010907 0.040705
v -0.498927 0.010596 0.039544
v -0.496049 0.000000 0.042141
v -0.498927 0.000000 0.040939
v -0.496049 -0.010907 0.040705
v -0.498927 -0.010596 0.039544
v -0.496049 -0.021071 0.036495
v -0.498927 -0.020469 0.035454
v -0.496049 -0.029798 0.029798
v -0.498927 -0.028948 0.028948
v -0.496049 -0.036495 0.021071
v -0.498927 -0.035454 0.020469
v -0.496049 -0.040705 0.010907
v -0.498927 -0.039544 0.010596
v -0.496049 -0.042141 -0.000000
v -0.498927 -0.040939 -0.000000
v -0.496049 -0.040705 -0.010907
v -0.498927 -0.039544 -0.010596
v -0.496049 -0.036495 -0.021071
v -0.498927 -0.035454 -0.020470
v -0.496049 -0.029798 -0.029799
v -0.498927 -0.028948 -0.028948
v -0.496049 -0.021071 -0.036496
v -0.498927 -0.020469 -0.035454
v -0.496049 -0.010907 -0.040705
v -0.498927 -0.010596 -0.039544
v -0.500119 0.000000 -0.038036
v -0.500119 0.009845 -0.036740
v -0.500119 0.019018 -0.032940
v -0.500119 0.026896 -0.026896
v -0.500119 0.032940 -0.019018
v -0.500119 0.036740 -0.009845
v -0.500119 0.038036 -0.000000
v -0.500119 0.036740 0.009844
v -0.500119 0.032940 0.019018
v -0.500119 0.026896 0.026896
v -0.500119 0.019018 0.032940
v -0.500119 0.009845 0.036740
v -0.500119 0.000000 0.038036
v -0.500119 -0.009844 0.036740
v -0.500119 -0.019018 0.032940
v -0.500119 -0.026896 0.026896
v -0.500119 -0.032940 0.019018
v -0.500119 -0.036740 0.009844
v -0.500119 -0.038036 -0.000000
v -0.500119 -0.036740 -0.009845
v -0.500119 -0.032940 -0.019018
v -0.500119 -0.026896 -0.026896
v -0.500119 -0.019018 -0.032940
v -0.500119 -0.009844 -0.036740
v 0.280518 0.000000 -0.069420
v 0.305360 0.000000 -0.059006
v 0.280518 0.017967 -0.067055
v 0.305360 0.015272 -0.056996
v 0.280518 0.034710 -0.060120
v 0.305360 0.029503 -0.051101
v 0.280518 0.049088 -0.049088
v 0.305360 0.041724 -0.041724
v 0.280518 0.060120 -0.034710
v 0.305360 0.051101 -0.029503
v 0.280518 0.067055 -0.017967
v 0.305360 0.056996 -0.015272
v 0.280518 0.069420 -0.000000
v 0.305360 0.059007 -0.000000
v 0.280518 0.067055 0.017967
v 0.305360 0.056996 0.015272
v 0.280518 0.060120 0.034710
v 0.305360 0.051101 0.029503
v 0.280518 0.049088 0.049088
v 0.305360 0.041724 0.041724
v 0.280518 0.034710 0.060120
v 0.305360 0.029503 0.051101
v 0.280518 0.017967 0.067055
v 0.305360 0.015272 0.056996
v 0.280518 0.000000 0.069420
v 0.305360 0.000000 0.059006
v 0.280518 -0.017967 0.067055
v 0.305360 -0.015272 0.056996
v 0.280518 -0.034710 0.060120
v 0.305360 -0.029503 0.051101
v 0.280518 -0.049088 0.049088
v 0.305360 -0.041724 0.041724
v 0.280518 -0.060120 0.034710
v 0.305360 -0.051101 0.029503
v 0.280518 -0.067055 0.017967
v 0.305360 -0.056996 0.015272
v 0.280518 -0.069420 -0.000000
v 0.305360 -0.059006 -0.000000
v 0.280518 -0.067055 -0.017967
v 0.305360 -0.056996 -0.015272
v 0.280518 -0.060120 -0.034710
v 0.305360 -0.051101 -0.029503
v 0.280518 -0.049088 -0.049088
v 0.305360 -0.041724 -0.041724
v 0.280518 -0.034710 -0.060120
v 0.305360 -0.029503 -0.051101
v 0.280518 -0.017967 -0.067055
v 0.305360 -0.015272 -0.056996
v 0.387421 0.010907 -0.040705
v 0.387421 0.000000 -0.042141
v 0.387421 0.021071 -0.036496
v 0.387421 0.029799 -0.029798
v 0.387421 0.036496 -0.021071
v 0.387421 0.040706 -0.010907
v 0.387421 0.042141 -0.000000
v 0.387421 0.040706 0.010907
v 0.387421 0.036496 0.021071
v 0.387421 0.029799 0.029798
v 0.387421 0.021071 0.036495
v 0.387421 0.010907 0.040705
v 0.387421 0.000000 0.042141
v 0.387421 -0.010907 0.040705
v 0.387421 -0.021071 0.036495
v 0.387421 -0.029798 0.029798
v 0.387421 -0.036495 0.021071
v 0.387421 -0.040705 0.010907
v 0.387421 -0.042141 -0.000000
v 0.387421 -0.040705 -0.010907
v 0.387421 -0.036495 -0.021071
v 0.387421 -0.029798 -0.029798
v 0.387421 -0.021071 -0.036496
v 0.387421 -0.010907 -0.040705
v 0.305360 0.017467 -0.065189
v 0.303644 0.017967 -0.067055
v 0.303644 0.000000 -0.069420
v 0.305360 0.000000 -0.067489
v 0.305360 0.033744 -0.058447
v 0.303644 0.034710 -0.060120
v 0.305360 0.047722 -0.047722
v 0.303644 0.049088 -0.049088
v 0.305360 0.058447 -0.033744
v 0.303644 0.060120 -0.034710
v 0.305360 0.065189 -0.017467
v 0.303644 0.067055 -0.017967
v 0.305360 0.067489 -0.000000
v 0.303644 0.069420 -0.000000
v 0.305360 0.065189 0.017467
v 0.303644 0.067055 0.017967
v 0.305360 0.058447 0.033744
v 0.303644 0.060120 0.034710
v 0.305360 0.047722 0.047722
v 0.303644 0.049088 0.049088
v 0.305360 0.033744 0.058447
v 0.303644 0.034710 0.060120
v 0.305360 0.017467 0.065189
v 0.303644 0.017967 0.067055
v 0.305360 0.000000 0.067489
v 0.303644 0.000000 0.069420
v 0.305360 -0.017467 0.065189
v 0.303644 -0.017967 0.067055
v 0.305360 -0.033744 0.058447
v 0.303644 -0.034710 0.060120
v 0.305360 -0.047722 0.047722
v 0.303644 -0.049088 0.049088
v 0.305360 -0.058447 0.033744
v 0.303644 -0.060120 0.034710
v 0.305360 -0.065189 0.017467
v 0.303644 -0.067055 0.017967
v 0.305360 -0.067489 -0.000000
v 0.303644 -0.069420 -0.000000
v 0.305360 -0.065189 -0.017467
v 0.303644 -0.067055 -0.017967
v 0.305360 -0.058447 -0.033744
v 0.303644 -0.060120 -0.034710
v 0.305360 -0.047722 -0.047722
v 0.303644 -0.049088 -0.049088
v 0.305360 -0.033744 -0.058447
v 0.303644 -0.034710 -0.060120
v 0.305360 -0.017467 -0.065189
v 0.303644 -0.017967 -0.067055
v 0.387421 0.014772 -0.055130
v 0.385705 0.015272 -0.056996
v 0.385705 0.000000 -0.059006
v 0.387421 0.000000 -0.057075
v 0.387421 0.028537 -0.049428
v 0.385705 0.029503 -0.051101
v 0.387421 0.040358 -0.040358
v 0.385705 0.041724 -0.041724
v 0.387421 0.049428 -0.028537
v 0.385705 0.051101 -0.029503
v 0.387421 0.055130 -0.014772
v 0.385705 0.056996 -0.015272
v 0.387421 0.057075 -0.000000
v 0.385705 0.059007 -0.000000
v 0.387421 0.055130 0.014772
v 0.385705 0.056996 0.015272
v 0.387421 0.049428 0.028537
v 0.385705 0.051101 0.029503
v 0.387421 0.040358 0.040358
v 0.385705 0.041724 0.041724
v 0.387421 0.028537 0.049428
v 0.385705 0.029503 0.051101
v 0.387421 0.014772 0.055130
v 0.385705 0.015272 0.056996
v 0.387421 0.000000 0.057075
v 0.385705 0.000000 0.059006
v 0.387421 -0.014772 0.055130
v 0.385705 -0.015272 0.056996
v 0.387421 -0.028537 0.049428
v 0.385705 -0.029503 0.051101
v 0.387421 -0.040358 0.040358
v 0.385705 -0.041724 0.041724
v 0.387421 -0.049428 0.028537
v 0.385705 -0.051101 0.029503
v 0.387421 -0.055130 0.014772
v 0.385705 -0.056996 0.015272
v 0.387421 -0.057075 -0.000000
v 0.385705 -0.059006 -0.000000
v 0.387421 -0.055130 -0.014772
v 0.385705 -0.056996 -0.015272
v 0.387421 -0.049428 -0.028537
v 0.385705 -0.051101 -0.029503
v 0.387421 -0.040358 -0.040358
v 0.385705 -0.041724 -0.041724
v 0.387421 -0.028537 -0.049428
v 0.385705 -0.029503 -0.051101
v 0.387421 -0.014772 -0.055130
v 0.385705 -0.015272 -0.056996
v 0.500119 0.000000 -0.000000
v 0.496049 0.010907 -0.040705
v 0.498927 0.010596 -0.039544
v 0.496049 0.000000 -0.042141
v 0.498927 0.000000 -0.040939
v 0.496049 0.021071 -0.036496
v 0.498927 0.020470 -0.035454
v 0.496049 0.029799 -0.029799
v 0.498927 0.028948 -0.028948
v 0.496049 0.036496 -0.021071
v 0.498927 0.035454 -0.020470
v 0.496049 0.040706 -0.010907
v 0.498927 0.039544 -0.010596
v 0.496049 0.042141 -0.000000
v 0.498927 0.040939 -0.000000
v 0.496049 0.040706 0.010907
v 0.498927 0.039544 0.010596
v 0.496049 0.036496 0.021071
v 0.498927 0.035454 0.020469
v 0.496049 0.029799 0.029798
v 0.498927 0.028948 0.028948
v 0.496049 0.021071 0.036495
v 0.498927 0.020470 0.035454
v 0.496049 0.010907 0.040705
v 0.498927 0.010596 0.039544
v 0.496049 0.000000 0.042141
v 0.498927 0.000000 0.040939
v 0.496049 -0.010907 0.040705
v 0.498927 -0.010596 0.039544
v 0.496049 -0.021071 0.036495
v 0.498927 -0.020469 0.035454
v 0.496049 -0.029798 0.029798
v 0.498927 -0.028948 0.028948
v 0.496049 -0.036495 0.021071
v 0.498927 -0.035454 0.020469
v 0.496049 -0.040705 0.010907
v 0.498927 -0.039544 0.010596
v 0.496049 -0.042141 -0.000000
v 0.498927 -0.040939 -0.000000
v 0.496049 -0.040705 -0.010907
v 0.498927 -0.039544 -0.010596
v 0.496049 -0.036495 -0.021071
v 0.498927 -0.035454 -0.020470
v 0.496049 -0.029798 -0.029799
v 0.498927 -0.028948 -0.028948
v 0.496049 -0.021071 -0.036496
v 0.498927 -0.020469 -0.035454
v 0.496049 -0.010907 -0.040705
v 0.498927 -0.010596 -0.039544
v 0.500119 0.000000 -0.038036
v 0.500119 0.009845 -0.036740
v 0.500119 0.019018 -0.032940
v 0.500119 0.026896 -0.026896
v 0.500119 0.032940 -0.019018
v 0.500119 0.036740 -0.009845
v 0.500119 0.038036 -0.000000
v 0.500119 0.036740 0.009844
v 0.500119 0.032940 0.019018
v 0.500119 0.026896 0.026896
v 0.500119 0.019018 0.032940
v 0.500119 0.009845 0.036740
v 0.500119 0.000000 0.038036
v 0.500119 -0.009844 0.036740
v 0.500119 -0.019018 0.032940
v 0.500119 -0.026896 0.026896
v 0.500119 -0.032940 0.019018
v 0.500119 -0.036740 0.009844
v 0.500119 -0.038036 -0.000000
v 0.500119 -0.036740 -0.009845
v 0.500119 -0.032940 -0.019018
v 0.500119 -0.026896 -0.026896
v 0.500119 -0.019018 -0.032940
v 0.500119 -0.009844 -0.036740
v -0.164711 0.227069 -0.069420
v -0.179298 0.247178 -0.059006
v -0.150167 0.237619 -0.067055
v -0.166936 0.256146 -0.056996
v -0.136614 0.247450 -0.060120
v -0.155416 0.264502 -0.051101
v -0.124976 0.255892 -0.049088
v -0.145524 0.271677 -0.041724
v -0.116046 0.262370 -0.034710
v -0.137933 0.277183 -0.029503
v -0.110432 0.266442 -0.017967
v -0.133162 0.280645 -0.015272
v -0.108518 0.267831 -0.000000
v -0.131534 0.281825 -0.000000
v -0.110432 0.266442 0.017967
v -0.133162 0.280645 0.015272
v -0.116046 0.262370 0.034710
v -0.137933 0.277183 0.029503
v -0.124976 0.255892 0.049088
v -0.145524 0.271677 0.041724
v -0.136614 0.247450 0.060120
v -0.155416 0.264502 0.051101
v -0.150167 0.237619 0.067055
v -0.166936 0.256146 0.056996
v -0.164711 0.227069 0.069420
v -0.179298 0.247178 0.059006
v -0.179255 0.216519 0.067055
v -0.191660 0.238211 0.056996
v -0.192808 0.206688 0.060120
v -0.203180 0.229855 0.051101
v -0.204446 0.198246 0.049088
v -0.213072 0.222679 0.041724
v -0.213376 0.191769 0.034710
v -0.220662 0.217173 0.029503
v -0.218990 0.187697 0.017967
v -0.225434 0.213712 0.015272
v -0.220904 0.186308 -0.000000
v -0.227061 0.212532 -0.000000
v -0.218990 0.187697 -0.017967
v -0.225434 0.213712 -0.015272
v -0.213376 0.191769 -0.034710
v -0.220662 0.217173 -0.029503
v -0.204446 0.198246 -0.049088
v -0.213072 0.222679 -0.041724
v -0.192808 0.206688 -0.060120
v -0.203180 0.229855 -0.051101
v -0.179255 0.216519 -0.067055
v -0.191660 0.238211 -0.056996
v -0.218653 0.320008 -0.040705
v -0.227481 0.313604 -0.042141
v -0.210426 0.325976 -0.036495
v -0.203361 0.331101 -0.029798
v -0.197940 0.335033 -0.021071
v -0.194532 0.337505 -0.010907
v -0.193370 0.338348 -0.000000
v -0.194532 0.337505 0.010907
v -0.197940 0.335033 0.021071
v -0.203361 0.331101 0.029798
v -0.210426 0.325976 0.036495
v -0.218653 0.320008 0.040705
v -0.227481 0.313604 0.042141
v -0.236310 0.307200 0.040705
v -0.244537 0.301232 0.036495
v -0.251602 0.296107 0.029798
v -0.257023 0.292175 0.021071
v -0.260431 0.289703 0.010907
v -0.261593 0.288860 -0.000000
v -0.260431 0.289703 -0.010907
v -0.257023 0.292175 -0.021071
v -0.251602 0.296107 -0.029798
v -0.244537 0.301232 -0.036495
v -0.236310 0.307200 -0.040705
v -0.165159 0.257435 -0.065189
v -0.163746 0.256339 -0.067055
v -0.178290 0.245789 -0.069420
v -0.179298 0.247178 -0.067489
v -0.151983 0.266992 -0.058447
v -0.150193 0.266170 -0.060120
v -0.140669 0.275199 -0.047722
v -0.138555 0.274612 -0.049088
v -0.131987 0.281497 -0.033744
v -0.129625 0.281089 -0.034710
v -0.126529 0.285455 -0.017467
v -0.124011 0.285162 -0.017967
v -0.124668 0.286806 -0.000000
v -0.122097 0.286550 -0.000000
v -0.126529 0.285455 0.017467
v -0.124011 0.285162 0.017967
v -0.131987 0.281497 0.033744
v -0.129625 0.281089 0.034710
v -0.140669 0.275199 0.047722
v -0.138555 0.274612 0.049088
v -0.151983 0.266992 0.058447
v -0.150193 0.266170 0.060120
v -0.165159 0.257435 0.065189
v -0.163746 0.256339 0.067055
v -0.179298 0.247178 0.067489
v -0.178290 0.245789 0.069420
v -0.193437 0.236922 0.065189
v -0.192834 0.235239 0.067055
v -0.206613 0.227365 0.058447
v -0.206387 0.225408 0.060120
v -0.217927 0.219158 0.047722
v -0.218025 0.216966 0.049088
v -0.226609 0.212860 0.033744
v -0.226955 0.210489 0.034710
v -0.232066 0.208901 0.017467
v -0.232569 0.206416 0.017967
v -0.233928 0.207551 -0.000000
v -0.234483 0.205027 -0.000000
v -0.232066 0.208901 -0.017467
v -0.232569 0.206416 -0.017967
v -0.226609 0.212860 -0.033744
v -0.226955 0.210488 -0.034710
v -0.217927 0.219158 -0.047722
v -0.218025 0.216966 -0.049088
v -0.206613 0.227365 -0.058447
v -0.206387 0.225408 -0.060120
v -0.193437 0.236922 -0.065189
v -0.192834 0.235239 -0.067055
v -0.215524 0.322278 -0.055130
v -0.214112 0.321182 -0.056996
v -0.226474 0.312215 -0.059006
v -0.227481 0.313604 -0.057075
v -0.204381 0.330360 -0.049428
v -0.202592 0.329538 -0.051101
v -0.194813 0.337301 -0.040358
v -0.192700 0.336714 -0.041724
v -0.187471 0.342627 -0.028537
v -0.185109 0.342220 -0.029503
v -0.182856 0.345975 -0.014772
v -0.180338 0.345681 -0.015272
v -0.181281 0.347117 -0.000000
v -0.178710 0.346861 -0.000000
v -0.182856 0.345975 0.014772
v -0.180338 0.345681 0.015272
v -0.187471 0.342627 0.028537
v -0.185109 0.342220 0.029503
v -0.194813 0.337301 0.040358
v -0.192700 0.336714 0.041724
v -0.204381 0.330360 0.049428
v -0.202592 0.329538 0.051101
v -0.215524 0.322278 0.055130
v -0.214112 0.321182 0.056996
v -0.227481 0.313604 0.057075
v -0.226474 0.312215 0.059006
v -0.239439 0.304930 0.055130
v -0.238836 0.303247 0.056996
v -0.250582 0.296848 0.049428
v -0.250355 0.294891 0.051101
v -0.260150 0.289907 0.040358
v -0.260248 0.287716 0.041724
v -0.267492 0.284581 0.028537
v -0.267838 0.282210 0.029503
v -0.272107 0.281233 0.014772
v -0.272610 0.278748 0.015272
v -0.273682 0.280091 -0.000000
v -0.274237 0.277568 -0.000000
v -0.272107 0.281233 -0.014772
v -0.272610 0.278748 -0.015272
v -0.267492 0.284581 -0.028537
v -0.267838 0.282210 -0.029503
v -0.260150 0.289907 -0.040358
v -0.260248 0.287716 -0.041724
v -0.250582 0.296848 -0.049428
v -0.250355 0.294891 -0.051101
v -0.239439 0.304930 -0.055130
v -0.238836 0.303247 -0.056996
v -0.293654 0.404829 -0.000000
v -0.282435 0.407938 -0.040705
v -0.284377 0.410085 -0.039544
v -0.291264 0.401534 -0.042141
v -0.292954 0.403864 -0.040939
v -0.274208 0.413906 -0.036495
v -0.276385 0.415883 -0.035454
v -0.267143 0.419031 -0.029798
v -0.269521 0.420861 -0.028948
v -0.261722 0.422963 -0.021071
v -0.264255 0.424681 -0.020470
v -0.258314 0.425435 -0.010907
v -0.260944 0.427083 -0.010596
v -0.257152 0.426278 -0.000000
v -0.259815 0.427902 -0.000000
v -0.258314 0.425435 0.010907
v -0.260944 0.427083 0.010596
v -0.261722 0.422963 0.021071
v -0.264255 0.424681 0.020469
v -0.267143 0.419031 0.029798
v -0.269521 0.420861 0.028948
v -0.274208 0.413906 0.036495
v -0.276385 0.415883 0.035454
v -0.282435 0.407938 0.040705
v -0.284377 0.410085 0.039544
v -0.291264 0.401534 0.042141
v -0.292954 0.403864 0.040939
v -0.300093 0.395130 0.040705
v -0.301531 0.397642 0.039544
v -0.308320 0.389162 0.036495
v -0.309523 0.391845 0.035454
v -0.315385 0.384037 0.029798
v -0.316386 0.386866 0.028948
v -0.320806 0.380105 0.021071
v -0.321653 0.383046 0.020469
v -0.324214 0.377633 0.010907
v -0.324963 0.380645 0.010596
v -0.325376 0.376790 -0.000000
v -0.326093 0.379826 -0.000000
v -0.324214 0.377633 -0.010907
v -0.324963 0.380645 -0.010596
v -0.320806 0.380105 -0.021071
v -0.321653 0.383046 -0.020470
v -0.315385 0.384037 -0.029798
v -0.316386 0.386866 -0.028948
v -0.308320 0.389162 -0.036495
v -0.309523 0.391845 -0.035454
v -0.300093 0.395130 -0.040705
v -0.301531 0.397642 -0.039544
v -0.293654 0.404829 -0.038036
v -0.285685 0.410609 -0.036740
v -0.278259 0.415995 -0.032940
v -0.271883 0.420621 -0.026896
v -0.266990 0.424170 -0.019018
v -0.263914 0.426401 -0.009845
v -0.262865 0.427162 -0.000000
v -0.263914 0.426401 0.009844
v -0.266990 0.424170 0.019018
v -0.271883 0.420621 0.026896
v -0.278259 0.415995 0.032940
v -0.285685 0.410609 0.036740
v -0.293654 0.404829 0.038036
v -0.301623 0.399048 0.036740
v -0.309048 0.393662 0.032940
v -0.315425 0.389036 0.026896
v -0.320318 0.385487 0.019018
v -0.323394 0.383256 0.009844
v -0.324443 0.382495 -0.000000
v -0.323394 0.383256 -0.009844
v -0.320318 0.385487 -0.019018
v -0.315425 0.389036 -0.026896
v -0.309048 0.393662 -0.032940
v -0.301623 0.399048 -0.036740
v 0.164711 0.227069 -0.069420
v 0.179298 0.247178 -0.059006
v 0.150167 0.237619 -0.067055
v 0.166936 0.256146 -0.056996
v 0.136614 0.247450 -0.060120
v 0.155416 0.264502 -0.051101
v 0.124976 0.255892 -0.049088
v 0.145524 0.271677 -0.041724
v 0.116046 0.262370 -0.034710
v 0.137933 0.277183 -0.029503
v 0.110432 0.266442 -0.017967
v 0.133162 0.280645 -0.015272
v 0.108518 0.267831 -0.000000
v 0.131534 0.281825 -0.000000
v 0.110432 0.266442 0.017967
v 0.133162 0.280645 0.015272
v 0.116046 0.262370 0.034710
v 0.137933 0.277183 0.029503
v 0.124976 0.255892 0.049088
v 0.145524 0.271677 0.041724
v 0.136614 0.247450 0.060120
v 0.155416 0.264502 0.051101
v 0.150167 0.237619 0.067055
v 0.166936 0.256146 0.056996
v 0.164711 0.227069 0.069420
v 0.179298 0.247178 0.059006
v 0.179255 0.216519 0.067055
v 0.191660 0.238211 0.056996
v 0.192808 0.206688 0.060120
v 0.203180 0.229855 0.051101
v 0.204446 0.198246 0.049088
v 0.213072 0.222679 0.041724
v 0.213376 0.191769 0.034710
v 0.220662 0.217173 0.029503
v 0.218990 0.187697 0.017967
v 0.225434 0.213712 0.015272
v 0.220904 0.186308 -0.000000
v 0.227061 0.212532 -0.000000
v 0.218990 0.187697 -0.017967
v 0.225434 0.213712 -0.015272
v 0.213376 0.191769 -0.034710
v 0.220662 0.217173 -0.029503
v 0.204446 0.198246 -0.049088
v 0.213072 0.222679 -0.041724
v 0.192808 0.206688 -0.060120
v 0.203180 0.229855 -0.051101
v 0.179255 0.216519 -0.067055
v 0.191660 0.238211 -0.056996
v 0.218653 0.320008 -0.040705
v 0.227481 0.313604 -0.042141
v 0.210426 0.325976 -0.036495
v 0.203361 0.331101 -0.029798
v 0.197940 0.335033 -0.021071
v 0.194532 0.337505 -0.010907
v 0.193370 0.338348 -0.000000
v 0.194532 0.337505 0.010907
v 0.197940 0.335033 0.021071
v 0.203361 0.331101 0.029798
v 0.210426 0.325976 0.036495
v 0.218653 0.320008 0.040705
v 0.227481 0.313604 0.042141
v 0.236310 0.307200 0.040705
v 0.244537 0.301232 0.036495
v 0.251602 0.296107 0.029798
v 0.257023 0.292175 0.021071
v 0.260431 0.289703 0.010907
v 0.261593 0.288860 -0.000000
v 0.260431 0.289703 -0.010907
v 0.257023 0.292175 -0.021071
v 0.251602 0.296107 -0.029798
v 0.244537 0.301232 -0.036495
v 0.236310 0.307200 -0.040705
v 0.165159 0.257435 -0.065189
v 0.163746 0.256339 -0.067055
v 0.178290 0.245789 -0.069420
v 0.179298 0.247178 -0.067489
v 0.151983 0.266992 -0.058447
v 0.150193 0.266170 -0.060120
v 0.140669 0.275199 -0.047722
v 0.138555 0.274612 -0.049088
v 0.131987 0.281497 -0.033744
v 0.129625 0.281089 -0.034710
v 0.126529 0.285455 -0.017467
v 0.124011 0.285162 -0.017967
v 0.124668 0.286806 -0.000000
v 0.122097 0.286550 -0.000000
v 0.126529 0.285455 0.017467
v 0.124011 0.285162 0.017967
v 0.131987 0.281497 0.033744
v 0.129625 0.281089 0.034710
v 0.140669 0.275199 0.047722
v 0.138555 0.274612 0.049088
v 0.151983 0.266992 0.058447
v 0.150193 0.266170 0.060120
v 0.165159 0.257435 0.065189
v 0.163746 0.256339 0.067055
v 0.179298 0.247178 0.067489
v 0.178290 0.245789 0.069420
v 0.193437 0.236922 0.065189
v 0.192834 0.235239 0.067055
v 0.206613 0.227365 0.058447
v 0.206387 0.225408 0.060120
v 0.217927 0.219158 0.047722
v 0.218025 0.216966 0.049088
v 0.226609 0.212860 0.033744
v 0.226955 0.210489 0.034710
v 0.232066 0.208901 0.017467
v 0.232569 0.206416 0.017967
v 0.233928 0.207551 -0.000000
v 0.234483 0.205027 -0.000000
v 0.232066 0.208901 -0.017467
v 0.232569 0.206416 -0.017967
v 0.226609 0.212860 -0.033744
v 0.226955 0.210488 -0.034710
v 0.217927 0.219158 -0.047722
v 0.218025 0.216966 -0.049088
v 0.206613 0.227365 -0.058447
v 0.206387 0.225408 -0.060120
v 0.193437 0.236922 -0.065189
v 0.192834 0.235239 -0.067055
v 0.215524 0.322278 -0.055130
v 0.214112 0.321182 -0.056996
v 0.226474 0.312215 -0.059006
v 0.227481 0.313604 -0.057075
v 0.204381 0.330360 -0.049428
v 0.202592 0.329538 -0.051101
v 0.194813 0.337301 -0.040358
v 0.192700 0.336714 -0.041724
v 0.187471 0.342627 -0.028537
v 0.185109 0.342220 -0.029503
v 0.182856 0.345975 -0.014772
v 0.180338 0.345681 -0.015272
v 0.181281 0.347117 -0.000000
v 0.178710 0.346861 -0.000000
v 0.182856 0.345975 0.014772
v 0.180338 0.345681 0.015272
v 0.187471 0.342627 0.028537
v 0.185109 0.342220 0.029503
v 0.194813 0.337301 0.040358
v 0.192700 0.336714 0.041724
v 0.204381 0.330360 0.049428
v 0.202592 0.329538 0.051101
v 0.215524 0.322278 0.055130
v 0.214112 0.321182 0.056996
v 0.227481 0.313604 0.057075
v 0.226474 0.312215 0.059006
v 0.239439 0.304930 0.055130
v 0.238836 0.303247 0.056996
v 0.250582 0.296848 0.049428
v 0.250355 0.294891 0.051101
v 0.260150 0.289907 0.040358
v 0.260248 0.287716 0.041724
v 0.267492 0.284581 0.028537
v 0.267838 0.282210 0.029503
v 0.272107 0.281233 0.014772
v 0.272610 0.278748 0.015272
v 0.273682 0.280091 -0.000000
v 0.274237 0.277568 -0.000000
v 0.272107 0.281233 -0.014772
v 0.272610 0.278748 -0.015272
v 0.267492 0.284581 -0.028537
v 0.267838 0.282210 -0.029503
v 0.260150 0.289907 -0.040358
v 0.260248 0.287716 -0.041724
v 0.250582 0.296848 -0.049428
v 0.250355 0.294891 -0.051101
v 0.239439 0.304930 -0.055130
v 0.238836 0.303247 -0.056996
v 0.293654 0.404829 -0.000000
v 0.282435 0.407938 -0.040705
v 0.284377 0.410085 -0.039544
v 0.291264 0.401534 -0.042141
v 0.292954 0.403864 -0.040939
v 0.274208 0.413906 -0.036495
v 0.276385 0.415883 -0.035454
v 0.267143 0.419031 -0.029798
v 0.269521 0.420861 -0.028948
v 0.261722 0.422963 -0.021071
v 0.264255 0.424681 -0.020470
v 0.258314 0.425435 -0.010907
v 0.260944 0.427083 -0.010596
v 0.257152 0.426278 -0.000000
v 0.259815 0.427902 -0.000000
v 0.258314 0.425435 0.010907
v 0.260944 0.427083 0.010596
v 0.261722 0.422963 0.021071
v 0.264255 0.424681 0.020469
v 0.267143 0.419031 0.029798
v 0.269521 0.420861 0.028948
v 0.274208 0.413906 0.036495
v 0.276385 0.415883 0.035454
v 0.282435 0.407938 0.040705
v 0.284377 0.410085 0.039544
v 0.291264 0.401534 0.042141
v 0.292954 0.403864 0.040939
v 0.300093 0.395130 0.040705
v 0.301531 0.397642 0.039544
v 0.308320 0.389162 0.036495
v 0.309523 0.391845 0.035454
v 0.315385 0.384037 0.029798
v 0.316386 0.386866 0.028948
v 0.320806 0.380105 0.021071
v 0.321653 0.383046 0.020469
v 0.324214 0.377633 0.010907
v 0.324963 0.380645 0.010596
v 0.325376 0.376790 -0.000000
v 0.326093 0.379826 -0.000000
v 0.324214 0.377633 -0.010907
v 0.324963 0.380645 -0.010596
v 0.320806 0.380105 -0.021071
v 0.321653 0.383046 -0.020470
v 0.315385 0.384037 -0.029798
v 0.316386 0.386866 -0.028948
v 0.308320 0.389162 -0.036495
v 0.309523 0.391845 -0.035454
v 0.300093 0.395130 -0.040705
v 0.301531 0.397642 -0.039544
v 0.293654 0.404829 -0.038036
v 0.285685 0.410609 -0.036740
v 0.278259 0.415995 -0.032940
v 0.271883 0.420621 -0.026896
v 0.266990 0.424170 -0.019018
v 0.263914 0.426401 -0.009845
v 0.262865 0.427162 -0.000000
v 0.263914 0.426401 0.009844
v 0.266990 0.424170 0.019018
v 0.271883 0.420621 0.026896
v 0.278259 0.415995 0.032940
v 0.285685 0.410609 0.036740
v 0.293654 0.404829 0.038036
v 0.301623 0.399048 0.036740
v 0.309048 0.393662 0.032940
v 0.315425 0.389036 0.026896
v 0.320318 0.385487 0.019018
v 0.323394 0.383256 0.009844
v 0.324443 0.382495 -0.000000
v 0.323394 0.383256 -0.009844
v 0.320318 0.385487 -0.019018
v 0.315425 0.389036 -0.026896
v 0.309048 0.393662 -0.032940
v 0.301623 0.399048 -0.036740
v -0.164711 -0.227069 -0.069420
v -0.179298 -0.247178 -0.059006
v -0.150167 -0.237619 -0.067055
v -0.166936 -0.256146 -0.056996
v -0.136614 -0.247450 -0.060120
v -0.155416 -0.264502 -0.051101
v -0.124976 -0.255892 -0.049088
v -0.145524 -0.271677 -0.041724
v -0.116046 -0.262370 -0.034710
v -0.137933 -0.277183 -0.029503
v -0.110432 -0.266442 -0.017967
v -0.133162 -0.280645 -0.015272
v -0.108518 -0.267831 -0.000000
v -0.131534 -0.281825 -0.000000
v -0.110432 -0.266442 0.017967
v -0.133162 -0.280645 0.015272
v -0.116046 -0.262370 0.034710
v -0.137933 -0.277183 0.029503
v -0.124976 -0.255892 0.049088
v -0.145524 -0.271677 0.041724
v -0.136614 -0.247450 0.060120
v -0.155416 -0.264502 0.051101
v -0.150167 -0.237619 0.067055
v -0.166936 -0.256146 0.056996
v -0.164711 -0.227069 0.069420
v -0.179298 -0.247178 0.059006
v -0.179255 -0.216519 0.067055
v -0.191660 -0.238211 0.056996
v -0.192808 -0.206688 0.060120
v -0.203180 -0.229855 0.051101
v -0.204446 -0.198246 0.049088
v -0.213072 -0.222679 0.041724
v -0.213376 -0.191769 0.034710
v -0.220662 -0.217173 0.029503
v -0.218990 -0.187697 0.017967
v -0.225434 -0.213712 0.015272
v -0.220904 -0.186308 -0.000000
v -0.227061 -0.212532 -0.000000
v -0.218990 -0.187697 -0.017967
v -0.225434 -0.213712 -0.015272
v -0.213376 -0.191769 -0.034710
v -0.220662 -0.217173 -0.029503
v -0.204446 -0.198246 -0.049088
v -0.213072 -0.222679 -0.041724
v -0.192808 -0.206688 -0.060120
v -0.203180 -0.229855 -0.051101
v -0.179255 -0.216519 -0.067055
v -0.191660 -0.238211 -0.056996
v -0.218653 -0.320008 -0.040705
v -0.227481 -0.313604 -0.042141
v -0.210426 -0.325976 -0.036495
v -0.203361 -0.331101 -0.029798
v -0.197940 -0.335033 -0.021071
v -0.194532 -0.337505 -0.010907
v -0.193370 -0.338348 -0.000000
v -0.194532 -0.337505 0.010907
v -0.197940 -0.335033 0.021071
v -0.203361 -0.331101 0.029798
v -0.210426 -0.325976 0.036495
v -0.218653 -0.320008 0.040705
v -0.227481 -0.313604 0.042141
v -0.236310 -0.307200 0.040705
v -0.244537 -0.301232 0.036495
v -0.251602 -0.296107 0.029798
v -0.257023 -0.292175 0.021071
v -0.260431 -0.289703 0.010907
v -0.261593 -0.288860 -0.000000
v -0.260431 -0.289703 -0.010907
v -0.257023 -0.292175 -0.021071
v -0.251602 -0.296107 -0.029798
v -0.244537 -0.301232 -0.036495
v -0.236310 -0.307200 -0.040705
v -0.165159 -0.257435 -0.065189
v -0.163746 -0.256339 -0.067055
v -0.178290 -0.245789 -0.069420
v -0.179298 -0.247178 -0.067489
v -0.151983 -0.266992 -0.058447
v -0.150193 -0.266170 -0.060120
v -0.140669 -0.275199 -0.047722
v -0.138555 -0.274612 -0.049088
v -0.131987 -0.281497 -0.033744
v -0.129625 -0.281089 -0.034710
v -0.126529 -0.285455 -0.017467
v -0.124011 -0.285162 -0.017967
v -0.124668 -0.286806 -0.000000
v -0.122097 -0.286550 -0.000000
v -0.126529 -0.285455 0.017467
v -0.124011 -0.285162 0.017967
v -0.131987 -0.281497 0.033744
v -0.129625 -0.281089 0.034710
v -0.140669 -0.275199 0.047722
v -0.138555 -0.274612 0.049088
v -0.151983 -0.266992 0.058447
v -0.150193 -0.266170 0.060120
v -0.165159 -0.257435 0.065189
v -0.163746 -0.256339 0.067055
v -0.179298 -0.247178 0.067489
v -0.178290 -0.245789 0.069420
v -0.193437 -0.236922 0.065189
v -0.192834 -0.235239 0.067055
v -0.206613 -0.227365 0.058447
v -0.206387 -0.225408 0.060120
v -0.217927 -0.219158 0.047722
v -0.218025 -0.216966 0.049088
v -0.226609 -0.212860 0.033744
v -0.226955 -0.210489 0.034710
v -0.232066 -0.208901 0.017467
v -0.232569 -0.206416 0.017967
v -0.233928 -0.207551 -0.000000
v -0.234483 -0.205027 -0.000000
v -0.232066 -0.208901 -0.017467
v -0.232569 -0.206416 -0.017967
v -0.226609 -0.212860 -0.033744
v -0.226955 -0.210488 -0.034710
v -0.217927 -0.219158 -0.047722
v -0.218025 -0.216966 -0.049088
v -0.206613 -0.227365 -0.058447
v -0.206387 -0.225408 -0.060120
v -0.193437 -0.236922 -0.065189
v -0.192834 -0.235239 -0.067055
v -0.215524 -0.322278 -0.055130
v -0.214112 -0.321182 -0.056996
v -0.226474 -0.312215 -0.059006
v -0.227481 -0.313604 -0.057075
v -0.204381 -0.330360 -0.049428
v -0.202592 -0.329538 -0.051101
v -0.194813 -0.337301 -0.040358
v -0.192700 -0.336714 -0.041724
v -0.187471 -0.342627 -0.028537
v -0.185109 -0.342220 -0.029503
v -0.182856 -0.345975 -0.014772
v -0.180338 -0.345681 -0.015272
v -0.181281 -0.347117 -0.000000
v -0.178710 -0.346861 -0.000000
v -0.182856 -0.345975 0.014772
v -0.180338 -0.345681 0.015272
v -0.187471 -0.342627 0.028537
v -0.185109 -0.342220 0.029503
v -0.194813 -0.337301 0.040358
v -0.192700 -0.336714 0.041724
v -0.204381 -0.330360 0.049428
v -0.202592 -0.329538 0.051101
v -0.215524 -0.322278 0.055130
v -0.214112 -0.321182 0.056996
v -0.227481 -0.313604 0.057075
v -0.226474 -0.312215 0.059006
v -0.239439 -0.304930 0.055130
v -0.238836 -0.303247 0.056996
v -0.250582 -0.296848 0.049428
v -0.250355 -0.294891 0.051101
v -0.260150 -0.289907 0.040358
v -0.260248 -0.287716 0.041724
v -0.267492 -0.284581 0.028537
v -0.267838 -0.282210 0.029503
v -0.272107 -0.281233 0.014772
v -0.272610 -0.278748 0.015272
v -0.273682 -0.280091 -0.000000
v -0.274237 -0.277568 -0.000000
v -0.272107 -0.281233 -0.014772
v -0.272610 -0.278748 -0.015272
v -0.267492 -0.284581 -0.028537
v -0.267838 -0.282210 -0.029503
v -0.260150 -0.289907 -0.040358
v -0.260248 -0.287716 -0.041724
v -0.250582 -0.296848 -0.049428
v -0.250355 -0.294891 -0.051101
v -0.239439 -0.304930 -0.055130
v -0.238836 -0.303247 -0.056996
v -0.293654 -0.404829 -0.000000
v -0.282435 -0.407938 -0.040705
v -0.284377 -0.410085 -0.039544
v -0.291264 -0.401534 -0.042141
v -0.292954 -0.403864 -0.040939
v -0.274208 -0.413906 -0.036495
v -0.276385 -0.415883 -0.035454
v -0.267143 -0.419031 -0.029798
v -0.269521 -0.420861 -0.028948
v -0.261722 -0.422963 -0.021071
v -0.264255 -0.424681 -0.020470
v -0.258314 -0.425435 -0.010907
v -0.260944 -0.427083 -0.010596
v -0.257152 -0.426278 -0.000000
v -0.259815 -0.427902 -0.000000
v -0.258314 -0.425435 0.010907
v -0.260944 -0.427083 0.010596
v -0.261722 -0.422963 0.021071
v -0.264255 -0.424681 0.020469
v -0.267143 -0.419031 0.029798
v -0.269521 -0.420861 0.028948
v -0.274208 -0.413906 0.036495
v -0.276385 -0.415883 0.035454
v -0.282435 -0.407938 0.040705
v -0.284377 -0.410085 0.039544
v -0.291264 -0.401534 0.042141
v -0.292954 -0.403864 0.040939
v -0.300093 -0.395130 0.040705
v -0.301531 -0.397642 0.039544
v -0.308320 -0.389162 0.036495
v -0.309523 -0.391845 0.035454
v -0.315385 -0.384037 0.029798
v -0.316386 -0.386866 0.028948
v -0.320806 -0.380105 0.021071
v -0.321653 -0.383046 0.020469
v -0.324214 -0.377633 0.010907
v -0.324963 -0.380645 0.010596
v -0.325376 -0.376790 -0.000000
v -0.326093 -0.379826 -0.000000
v -0.324214 -0.377633 -0.010907
v -0.324963 -0.380645 -0.010596
v -0.320806 -0.380105 -0.021071
v -0.321653 -0.383046 -0.020470
v -0.315385 -0.384037 -0.029798
v -0.316386 -0.386866 -0.028948
v -0.308320 -0.389162 -0.036495
v -0.309523 -0.391845 -0.035454
v -0.300093 -0.395130 -0.040705
v -0.301531 -0.397642 -0.039544
v -0.293654 -0.404829 -0.038036
v -0.285685 -0.410609 -0.036740
v -0.278259 -0.415995 -0.032940
v -0.271883 -0.420621 -0.026896
v -0.266990 -0.424170 -0.019018
v -0.263914 -0.426401 -0.009845
v -0.262865 -0.427162 -0.000000
v -0.263914 -0.426401 0.009844
v -0.266990 -0.424170 0.019018
v -0.271883 -0.420621 0.026896
v -0.278259 -0.415995 0.032940
v -0.285685 -0.410609 0.036740
v -0.293654 -0.404829 0.038036
v -0.301623 -0.399048 0.036740
v -0.309048 -0.393662 0.032940
v -0.315425 -0.389036 0.026896
v -0.320318 -0.385487 0.019018
v -0.323394 -0.383256 0.009844
v -0.324443 -0.382495 -0.000000
v -0.323394 -0.383256 -0.009844
v -0.320318 -0.385487 -0.019018
v -0.315425 -0.389036 -0.026896
v -0.309048 -0.393662 -0.032940
v -0.301623 -0.399048 -0.036740
v 0.164711 -0.227069 -0.069420
v 0.179298 -0.247178 -0.059006
v 0.150167 -0.237619 -0.067055
v 0.166936 -0.256146 -0.056996
v 0.136614 -0.247450 -0.060120
v 0.155416 -0.264502 -0.051101
v 0.124976 -0.255892 -0.049088
v 0.145524 -0.271677 -0.041724
v 0.116046 -0.262370 -0.034710
v 0.137933 -0.277183 -0.029503
v 0.110432 -0.266442 -0.017967
v 0.133162 -0.280645 -0.015272
v 0.108518 -0.267831 -0.000000
v 0.131534 -0.281825 -0.000000
v 0.110432 -0.266442 0.017967
v 0.133162 -0.280645 0.015272
v 0.116046 -0.262370 0.034710
v 0.137933 -0.277183 0.029503
v 0.124976 -0.255892 0.049088
v 0.145524 -0.271677 0.041724
v 0.136614 -0.247450 0.060120
v 0.155416 -0.264502 0.051101
v 0.150167 -0.237619 0.067055
v 0.166936 -0.256146 0.056996
v 0.164711 -0.227069 0.069420
v 0.179298 -0.247178 0.059006
v 0.179255 -0.216519 0.067055
v 0.191660 -0.238211 0.056996
v 0.192808 -0.206688 0.060120
v 0.203180 -0.229855 0.051101
v 0.204446 -0.198246 0.049088
v 0.213072 -0.222679 0.041724
v 0.213376 -0.191769 0.034710
v 0.220662 -0.217173 0.029503
v 0.218990 -0.187697 0.017967
v 0.225434 -0.213712 0.015272
v 0.220904 -0.186308 -0.000000
v 0.227061 -0.212532 -0.000000
v 0.218990 -0.187697 -0.017967
v 0.225434 -0.213712 -0.015272
v 0.213376 -0.191769 -0.034710
v 0.220662 -0.217173 -0.029503
v 0.204446 -0.198246 -0.049088
v 0.213072 -0.222679 -0.041724
v 0.192808 -0.206688 -0.060120
v 0.203180 -0.229855 -0.051101
v 0.179255 -0.216519 -0.067055
v 0.191660 -0.238211 -0.056996
v 0.218653 -0.320008 -0.040705
v 0.227481 -0.313604 -0.042141
v 0.210426 -0.325976 -0.036495
v 0.203361 -0.331101 -0.029798
v 0.197940 -0.335033 -0.021071
v 0.194532 -0.337505 -0.010907
v 0.193370 -0.338348 -0.000000
v 0.194532 -0.337505 0.010907
v 0.197940 -0.335033 0.021071
v 0.203361 -0.331101 0.029798
v 0.210426 -0.325976 0.036495
v 0.218653 -0.320008 0.040705
v 0.227481 -0.313604 0.042141
v 0.236310 -0.307200 0.040705
v 0.244537 -0.301232 0.036495
v 0.251602 -0.296107 0.029798
v 0.257023 -0.292175 0.021071
v 0.260431 -0.289703 0.010907
v 0.261593 -0.288860 -0.000000
v 0.260431 -0.289703 -0.010907
v 0.257023 -0.292175 -0.021071
v 0.251602 -0.296107 -0.029798
v 0.244537 -0.301232 -0.036495
v 0.236310 -0.307200 -0.040705
v 0.165159 -0.257435 -0.065189
v 0.163746 -0.256339 -0.067055
v 0.178290 -0.245789 -0.069420
v 0.179298 -0.247178 -0.067489
v 0.151983 -0.266992 -0.058447
v 0.150193 -0.266170 -0.060120
v 0.140669 -0.275199 -0.047722
v 0.138555 -0.274612 -0.049088
v 0.131987 -0.281497 -0.033744
v 0.129625 -0.281089 -0.034710
v 0.126529 -0.285455 -0.017467
v 0.124011 -0.285162 -0.017967
v 0.124668 -0.286806 -0.000000
v 0.122097 -0.286550 -0.000000
v 0.126529 -0.285455 0.017467
v 0.124011 -0.285162 0.017967
v 0.131987 -0.281497 0.033744
v 0.129625 -0.281089 0.034710
v 0.140669 -0.275199 0.047722
v 0.138555 -0.274612 0.049088
v 0.151983 -0.266992 0.058447
v 0.150193 -0.266170 0.060120
v 0.165159 -0.257435 0.065189
v 0.163746 -0.256339 0.067055
v 0.179298 -0.247178 0.067489
v 0.178290 -0.245789 0.069420
v 0.193437 -0.236922 0.065189
v 0.192834 -0.235239 0.067055
v 0.206613 -0.227365 0.058447
v 0.206387 -0.225408 0.060120
v 0.217927 -0.219158 0.047722
v 0.218025 -0.216966 0.049088
v 0.226609 -0.212860 0.033744
v 0.226955 -0.210489 0.034710
v 0.232066 -0.208901 0.017467
v 0.232569 -0.206416 0.017967
v 0.233928 -0.207551 -0.000000
v 0.234483 -0.205027 -0.000000
v 0.232066 -0.208901 -0.017467
v 0.232569 -0.206416 -0.017967
v 0.226609 -0.212860 -0.033744
v 0.226955 -0.210488 -0.034710
v 0.217927 -0.219158 -0.047722
v 0.218025 -0.216966 -0.049088
v 0.206613 -0.227365 -0.058447
v 0.206387 -0.225408 -0.060120
v 0.193437 -0.236922 -0.065189
v 0.192834 -0.235239 -0.067055
v 0.215524 -0.322278 -0.055130
v 0.214112 -0.321182 -0.056996
v 0.226474 -0.312215 -0.059006
v 0.227481 -0.313604 -0.057075
v 0.204381 -0.330360 -0.049428
v 0.202592 -0.329538 -0.051101
v 0.194813 -0.337301 -0.040358
v 0.192700 -0.336714 -0.041724
v 0.187471 -0.342627 -0.028537
v 0.185109 -0.342220 -0.029503
v 0.182856 -0.345975 -0.014772
v 0.180338 -0.345681 -0.015272
v 0.181281 -0.347117 -0.000000
v 0.178710 -0.346861 -0.000000
v 0.182856 -0.345975 0.014772
v 0.180338 -0.345681 0.015272
v 0.187471 -0.342627 0.028537
v 0.185109 -0.342220 0.029503
v 0.194813 -0.337301 0.040358
v 0.192700 -0.336714 0.041724
v 0.204381 -0.330360 0.049428
v 0.202592 -0.329538 0.051101
v 0.215524 -0.322278 0.055130
v 0.214112 -0.321182 0.056996
v 0.227481 -0.313604 0.057075
v 0.226474 -0.312215 0.059006
v 0.239439 -0.304930 0.055130
v 0.238836 -0.303247 0.056996
v 0.250582 -0.296848 0.049428
v 0.250355 -0.294891 0.051101
v 0.260150 -0.289907 0.040358
v 0.260248 -0.287716 0.041724
v 0.267492 -0.284581 0.028537
v 0.267838 -0.282210 0.029503
v 0.272107 -0.281233 0.014772
v 0.272610 -0.278748 0.015272
v 0.273682 -0.280091 -0.000000
v 0.274237 -0.277568 -0.000000
v 0.272107 -0.281233 -0.014772
v 0.272610 -0.278748 -0.015272
v 0.267492 -0.284581 -0.028537
v 0.267838 -0.282210 -0.029503
v 0.260150 -0.289907 -0.040358
v 0.260248 -0.287716 -0.041724
v 0.250582 -0.296848 -0.049428
v 0.250355 -0.294891 -0.051101
v 0.239439 -0.304930 -0.055130
v 0.238836 -0.303247 -0.056996
v 0.293654 -0.404829 -0.000000
v 0.282435 -0.407938 -0.040705
v 0.284377 -0.410085 -0.039544
v 0.291264 -0.401534 -0.042141
v 0.292954 -0.403864 -0.040939
v 0.274208 -0.413906 -0.036495
v 0.276385 -0.415883 -0.035454
v 0.267143 -0.419031 -0.029798
v 0.269521 -0.420861 -0.028948
v 0.261722 -0.422963 -0.021071
v 0.264255 -0.424681 -0.020470
v 0.258314 -0.425435 -0.010907
v 0.260944 -0.427083 -0.010596
v 0.257152 -0.426278 -0.000000
v 0.259815 -0.427902 -0.000000
v 0.258314 -0.425435 0.010907
v 0.260944 -0.427083 0.010596
v 0.261722 -0.422963 0.021071
v 0.264255 -0.424681 0.020469
v 0.267143 -0.419031 0.029798
v 0.269521 -0.420861 0.028948
v 0.274208 -0.413906 0.036495
v 0.276385 -0.415883 0.035454
v 0.282435 -0.407938 0.040705
v 0.284377 -0.410085 0.039544
v 0.291264 -0.401534 0.042141
v 0.292954 -0.403864 0.040939
v 0.300093 -0.395130 0.040705
v 0.301531 -0.397642 0.039544
v 0.308320 -0.389162 0.036495
v 0.309523 -0.391845 0.035454
v 0.315385 -0.384037 0.029798
v 0.316386 -0.386866 0.028948
v 0.320806 -0.380105 0.021071
v 0.321653 -0.383046 0.020469
v 0.324214 -0.377633 0.010907
v 0.324963 -0.380645 0.010596
v 0.325376 -0.376790 -0.000000
v 0.326093 -0.379826 -0.000000
v 0.324214 -0.377633 -0.010907
v 0.324963 -0.380645 -0.010596
v 0.320806 -0.380105 -0.021071
v 0.321653 -0.383046 -0.020470
v 0.315385 -0.384037 -0.029798
v 0.316386 -0.386866 -0.028948
v 0.308320 -0.389162 -0.036495
v 0.309523 -0.391845 -0.035454
v 0.300093 -0.395130 -0.040705
v 0.301531 -0.397642 -0.039544
v 0.293654 -0.404829 -0.038036
v 0.285685 -0.410609 -0.036740
v 0.278259 -0.415995 -0.032940
v 0.271883 -0.420621 -0.026896
v 0.266990 -0.424170 -0.019018
v 0.263914 -0.426401 -0.009845
v 0.262865 -0.427162 -0.000000
v 0.263914 -0.426401 0.009844
v 0.266990 -0.424170 0.019018
v 0.271883 -0.420621 0.026896
v 0.278259 -0.415995 0.032940
v 0.285685 -0.410609 0.036740
v 0.293654 -0.404829 0.038036
v 0.301623 -0.399048 0.036740
v 0.309048 -0.393662 0.032940
v 0.315425 -0.389036 0.026896
v 0.320318 -0.385487 0.019018
v 0.323394 -0.383256 0.009844
v 0.324443 -0.382495 -0.000000
v 0.323394 -0.383256 -0.009844
v 0.320318 -0.385487 -0.019018
v 0.315425 -0.389036 -0.026896
v 0.309048 -0.393662 -0.032940
v 0.301623 -0.399048 -0.036740
v -0.164711 -0.069420 -0.227069
v -0.179298 -0.059006 -0.247178
v -0.150167 -0.067055 -0.237619
v -0.166936 -0.056996 -0.256146
v -0.136614 -0.060120 -0.247450
v -0.155416 -0.051101 -0.264502
v -0.124976 -0.049088 -0.255892
v -0.145524 -0.041724 -0.271677
v -0.116046 -0.034710 -0.262370
v -0.137933 -0.029503 -0.277183
v -0.110432 -0.017967 -0.266442
v -0.133162 -0.015272 -0.280645
v -0.108518 -0.000000 -0.267831
v -0.131534 -0.000000 -0.281825
v -0.110432 0.017967 -0.266442
v -0.133162 0.015272 -0.280645
v -0.116046 0.034710 -0.262370
v -0.137933 0.029503 -0.277183
v -0.124976 0.049088 -0.255892
v -0.145524 0.041724 -0.271677
v -0.136614 0.060120 -0.247450
v -0.155416 0.051101 -0.264502
v -0.150167 0.067055 -0.237619
v -0.166936 0.056996 -0.256146
v -0.164711 0.069420 -0.227069
v -0.179298 0.059006 -0.247178
v -0.179255 0.067055 -0.216519
v -0.191660 0.056996 -0.238211
v -0.192808 0.060120 -0.206688
v -0.203180 0.051101 -0.229855
v -0.204446 0.049088 -0.198246
v -0.213072 0.041724 -0.222679
v -0.213376 0.034710 -0.191769
v -0.220662 0.029503 -0.217173
v -0.218990 0.017967 -0.187697
v -0.225434 0.015272 -0.213712
v -0.220904 -0.000000 -0.186308
v -0.227061 -0.000000 -0.212532
v -0.218990 -0.017967 -0.187697
v -0.225434 -0.015272 -0.213712
v -0.213376 -0.034710 -0.191769
v -0.220662 -0.029503 -0.217173
v -0.204446 -0.049088 -0.198246
v -0.213072 -0.041724 -0.222679
v -0.192808 -0.060120 -0.206688
v -0.203180 -0.051101 -0.229855
v -0.179255 -0.067055 -0.216519
v -0.191660 -0.056996 -0.238211
v -0.218653 -0.040705 -0.320008
v -0.227481 -0.042141 -0.313604
v -0.210426 -0.036496 -0.325976
v -0.203361 -0.029798 -0.331101
v -0.197940 -0.021071 -0.335033
v -0.194532 -0.010907 -0.337505
v -0.193370 -0.000000 -0.338348
v -0.194532 0.010907 -0.337505
v -0.197940 0.021071 -0.335033
v -0.203361 0.029798 -0.331101
v -0.210426 0.036495 -0.325976
v -0.218653 0.040705 -0.320008
v -0.227481 0.042141 -0.313604
v -0.236310 0.040705 -0.307200
v -0.244537 0.036495 -0.301232
v -0.251602 0.029798 -0.296107
v -0.257023 0.021071 -0.292175
v -0.260431 0.010907 -0.289703
v -0.261593 -0.000000 -0.288860
v -0.260431 -0.010907 -0.289703
v -0.257023 -0.021071 -0.292175
v -0.251602 -0.029798 -0.296107
v -0.244537 -0.036496 -0.301232
v -0.236310 -0.040705 -0.307200
v -0.165159 -0.065189 -0.257435
v -0.163746 -0.067055 -0.256339
v -0.178290 -0.069420 -0.245789
v -0.179298 -0.067489 -0.247178
v -0.151983 -0.058447 -0.266992
v -0.150193 -0.060120 -0.266170
v -0.140669 -0.047722 -0.275199
v -0.138555 -0.049088 -0.274612
v -0.131987 -0.033744 -0.281497
v -0.129625 -0.034710 -0.281089
v -0.126529 -0.017467 -0.285455
v -0.124011 -0.017967 -0.285162
v -0.124668 -0.000000 -0.286806
v -0.122097 -0.000000 -0.286550
v -0.126529 0.017467 -0.285455
v -0.124011 0.017967 -0.285162
v -0.131987 0.033744 -0.281497
v -0.129625 0.034710 -0.281089
v -0.140669 0.047722 -0.275199
v -0.138555 0.049088 -0.274612
v -0.151983 0.058447 -0.266992
v -0.150193 0.060120 -0.266170
v -0.165159 0.065189 -0.257435
v -0.163746 0.067055 -0.256339
v -0.179298 0.067489 -0.247178
v -0.178290 0.069420 -0.245789
v -0.193437 0.065189 -0.236922
v -0.192834 0.067055 -0.235239
v -0.206613 0.058447 -0.227365
v -0.206387 0.060120 -0.225408
v -0.217927 0.047722 -0.219158
v -0.218025 0.049088 -0.216966
v -0.226609 0.033744 -0.212860
v -0.226955 0.034710 -0.210489
v -0.232066 0.017467 -0.208901
v -0.232569 0.017967 -0.206416
v -0.233928 -0.000000 -0.207551
v -0.234483 -0.000000 -0.205027
v -0.232066 -0.017467 -0.208901
v -0.232569 -0.017967 -0.206416
v -0.226609 -0.033744 -0.212860
v -0.226955 -0.034710 -0.210488
v -0.217927 -0.047722 -0.219158
v -0.218025 -0.049088 -0.216966
v -0.206613 -0.058447 -0.227365
v -0.206387 -0.060120 -0.225408
v -0.193437 -0.065189 -0.236922
v -0.192834 -0.067055 -0.235239
v -0.215524 -0.055130 -0.322278
v -0.214112 -0.056996 -0.321182
v -0.226474 -0.059006 -0.312215
v -0.227481 -0.057075 -0.313604
v -0.204381 -0.049428 -0.330360
v -0.202592 -0.051101 -0.329538
v -0.194813 -0.040358 -0.337301
v -0.192700 -0.041724 -0.336714
v -0.187471 -0.028537 -0.342627
v -0.185109 -0.029503 -0.342220
v -0.182856 -0.014772 -0.345975
v -0.180338 -0.015272 -0.345681
v -0.181281 -0.000000 -0.347117
v -0.178710 -0.000000 -0.346861
v -0.182856 0.014772 -0.345975
v -0.180338 0.015272 -0.345681
v -0.187471 0.028537 -0.342627
v -0.185109 0.029503 -0.342220
v -0.194813 0.040358 -0.337301
v -0.192700 0.041724 -0.336714
v -0.204381 0.049428 -0.330360
v -0.202592 0.051101 -0.329538
v -0.215524 0.055130 -0.322278
v -0.214112 0.056996 -0.321182
v -0.227481 0.057075 -0.313604
v -0.226474 0.059006 -0.312215
v -0.239439 0.055130 -0.304930
v -0.238836 0.056996 -0.303247
v -0.250582 0.049428 -0.296848
v -0.250355 0.051101 -0.294891
v -0.260150 0.040358 -0.289907
v -0.260248 0.041724 -0.287716
v -0.267492 0.028537 -0.284581
v -0.267838 0.029503 -0.282210
v -0.272107 0.014772 -0.281233
v -0.272610 0.015272 -0.278748
v -0.273682 -0.000000 -0.280091
v -0.274237 -0.000000 -0.277568
v -0.272107 -0.014772 -0.281233
v -0.272610 -0.015272 -0.278748
v -0.267492 -0.028537 -0.284581
v -0.267838 -0.029503 -0.282210
v -0.260150 -0.040358 -0.289907
v -0.260248 -0.041724 -0.287716
v -0.250582 -0.049428 -0.296848
v -0.250355 -0.051101 -0.294891
v -0.239439 -0.055130 -0.304930
v -0.238836 -0.056996 -0.303247
v -0.293654 -0.000000 -0.404829
v -0.282435 -0.040705 -0.407938
v -0.284377 -0.039544 -0.410085
v -0.291264 -0.042141 -0.401534
v -0.292954 -0.040939 -0.403864
v -0.274208 -0.036496 -0.413906
v -0.276385 -0.035454 -0.415883
v -0.267143 -0.029798 -0.419031
v -0.269521 -0.028948 -0.420861
v -0.261722 -0.021071 -0.422963
v -0.264255 -0.020470 -0.424681
v -0.258314 -0.010907 -0.425435
v -0.260944 -0.010596 -0.427083
v -0.257152 -0.000000 -0.426278
v -0.259815 -0.000000 -0.427902
v -0.258314 0.010907 -0.425435
v -0.260944 0.010596 -0.427083
v -0.261722 0.021071 -0.422963
v -0.264255 0.020469 -0.424681
v -0.267143 0.029798 -0.419031
v -0.269521 0.028948 -0.420861
v -0.274208 0.036495 -0.413906
v -0.276385 0.035454 -0.415883
v -0.282435 0.040705 -0.407938
v -0.284377 0.039544 -0.410085
v -0.291264 0.042141 -0.401534
v -0.292954 0.040939 -0.403864
v -0.300093 0.040705 -0.395130
v -0.301531 0.039544 -0.397642
v -0.308320 0.036495 -0.389162
v -0.309523 0.035454 -0.391845
v -0.315385 0.029798 -0.384037
v -0.316386 0.028948 -0.386866
v -0.320806 0.021071 -0.380105
v -0.321653 0.020469 -0.383046
v -0.324214 0.010907 -0.377633
v -0.324963 0.010596 -0.380645
v -0.325376 -0.000000 -0.376790
v -0.326093 -0.000000 -0.379826
v -0.324214 -0.010907 -0.377633
v -0.324963 -0.010596 -0.380645
v -0.320806 -0.021071 -0.380105
v -0.321653 -0.020470 -0.383046
v -0.315385 -0.029798 -0.384037
v -0.316386 -0.028948 -0.386866
v -0.308320 -0.036496 -0.389162
v -0.309523 -0.035454 -0.391845
v -0.300093 -0.040705 -0.395130
v -0.301531 -0.039544 -0.397642
v -0.293654 -0.038036 -0.404829
v -0.285685 -0.036740 -0.410609
v -0.278259 -0.032940 -0.415995
v -0.271883 -0.026896 -0.420621
v -0.266990 -0.019018 -0.424170
v -0.263914 -0.009845 -0.426401
v -0.262865 -0.000000 -0.427162
v -0.263914 0.009844 -0.426401
v -0.266990 0.019018 -0.424170
v -0.271883 0.026896 -0.420621
v -0.278259 0.032940 -0.415995
v -0.285685 0.036740 -0.410609
v -0.293654 0.038036 -0.404829
v -0.301623 0.036740 -0.399048
v -0.309048 0.032940 -0.393662
v -0.315425 0.026896 -0.389036
v -0.320318 0.019018 -0.385487
v -0.323394 0.009844 -0.383256
v -0.324443 -0.000000 -0.382495
v -0.323394 -0.009845 -0.383256
v -0.320318 -0.019018 -0.385487
v -0.315425 -0.026896 -0.389036
v -0.309048 -0.032940 -0.393662
v -0.301623 -0.036740 -0.399048
v 0.164711 -0.069420 -0.227069
v 0.179298 -0.059006 -0.247178
v 0.150167 -0.067055 -0.237619
v 0.166936 -0.056996 -0.256146
v 0.136614 -0.060120 -0.247450
v 0.155416 -0.051101 -0.264502
v 0.124976 -0.049088 -0.255892
v 0.145524 -0.041724 -0.271677
v 0.116046 -0.034710 -0.262370
v 0.137933 -0.029503 -0.277183
v 0.110432 -0.017967 -0.266442
v 0.133162 -0.015272 -0.280645
v 0.108518 -0.000000 -0.267831
v 0.131534 -0.000000 -0.281825
v 0.110432 0.017967 -0.266442
v 0.133162 0.015272 -0.280645
v 0.116046 0.034710 -0.262370
v 0.137933 0.029503 -0.277183
v 0.124976 0.049088 -0.255892
v 0.145524 0.041724 -0.271677
v 0.136614 0.060120 -0.247450
v 0.155416 0.051101 -0.264502
v 0.150167 0.067055 -0.237619
v 0.166936 0.056996 -0.256146
v 0.164711 0.069420 -0.227069
v 0.179298 0.059006 -0.247178
v 0.179255 0.067055 -0.216519
v 0.191660 0.056996 -0.238211
v 0.192808 0.060120 -0.206688
v 0.203180 0.051101 -0.229855
v 0.204446 0.049088 -0.198246
v 0.213072 0.041724 -0.222679
v 0.213376 0.034710 -0.191769
v 0.220662 0.029503 -0.217173
v 0.218990 0.017967 -0.187697
v 0.225434 0.015272 -0.213712
v 0.220904 -0.000000 -0.186308
v 0.227061 -0.000000 -0.212532
v 0.218990 -0.017967 -0.187697
v 0.225434 -0.015272 -0.213712
v 0.213376 -0.034710 -0.191769
v 0.220662 -0.029503 -0.217173
v 0.204446 -0.049088 -0.198246
v 0.213072 -0.041724 -0.222679
v 0.192808 -0.060120 -0.206688
v 0.203180 -0.051101 -0.229855
v 0.179255 -0.067055 -0.216519
v 0.191660 -0.056996 -0.238211
v 0.218653 -0.040705 -0.320008
v 0.227481 -0.042141 -0.313604
v 0.210426 -0.036496 -0.325976
v 0.203361 -0.029798 -0.331101
v 0.197940 -0.021071 -0.335033
v 0.194532 -0.010907 -0.337505
v 0.193370 -0.000000 -0.338348
v 0.194532 0.010907 -0.337505
v 0.197940 0.021071 -0.335033
v 0.203361 0.029798 -0.331101
v 0.210426 0.036495 -0.325976
v 0.218653 0.040705 -0.320008
v 0.227481 0.042141 -0.313604
v 0.236310 0.040705 -0.307200
v 0.244537 0.036495 -0.301232
v 0.251602 0.029798 -0.296107
v 0.257023 0.021071 -0.292175
v 0.260431 0.010907 -0.289703
v 0.261593 -0.000000 -0.288860
v 0.260431 -0.010907 -0.289703
v 0.257023 -0.021071 -0.292175
v 0.251602 -0.029798 -0.296107
v 0.244537 -0.036496 -0.301232
v 0.236310 -0.040705 -0.307200
v 0.165159 -0.065189 -0.257435
v 0.163746 -0.067055 -0.256339
v 0.178290 -0.069420 -0.245789
v 0.179298 -0.067489 -0.247178
v 0.151983 -0.058447 -0.266992
v 0.150193 -0.060120 -0.266170
v 0.140669 -0.047722 -0.275199
v 0.138555 -0.049088 -0.274612
v 0.131987 -0.033744 -0.281497
v 0.129625 -0.034710 -0.281089
v 0.126529 -0.017467 -0.285455
v 0.124011 -0.017967 -0.285162
v 0.124668 -0.000000 -0.286806
v 0.122097 -0.000000 -0.286550
v 0.126529 0.017467 -0.285455
v 0.124011 0.017967 -0.285162
v 0.131987 0.033744 -0.281497
v 0.129625 0.034710 -0.281089
v 0.140669 0.047722 -0.275199
v 0.138555 0.049088 -0.274612
v 0.151983 0.058447 -0.266992
v 0.150193 0.060120 -0.266170
v 0.165159 0.065189 -0.257435
v 0.163746 0.067055 -0.256339
v 0.179298 0.067489 -0.247178
v 0.178290 0.069420 -0.245789
v 0.193437 0.065189 -0.236922
v 0.192834 0.067055 -0.235239
v 0.206613 0.058447 -0.227365
v 0.206387 0.060120 -0.225408
v 0.217927 0.047722 -0.219158
v 0.218025 0.049088 -0.216966
v 0.226609 0.033744 -0.212860
v 0.226955 0.034710 -0.210489
v 0.232066 0.017467 -0.208901
v 0.232569 0.017967 -0.206416
v 0.233928 -0.000000 -0.207551
v 0.234483 -0.000000 -0.205027
v 0.232066 -0.017467 -0.208901
v 0.232569 -0.017967 -0.206416
v 0.226609 -0.033744 -0.212860
v 0.226955 -0.034710 -0.210488
v 0.217927 -0.047722 -0.219158
v 0.218025 -0.049088 -0.216966
v 0.206613 -0.058447 -0.227365
v 0.206387 -0.060120 -0.225408
v 0.193437 -0.065189 -0.236922
v 0.192834 -0.067055 -0.235239
v 0.215524 -0.055130 -0.322278
v 0.214112 -0.056996 -0.321182
v 0.226474 -0.059006 -0.312215
v 0.227481 -0.057075 -0.313604
v 0.204381 -0.049428 -0.330360
v 0.202592 -0.051101 -0.329538
v 0.194813 -0.040358 -0.337301
v 0.192700 -0.041724 -0.336714
v 0.187471 -0.028537 -0.342627
v 0.185109 -0.029503 -0.342220
v 0.182856 -0.014772 -0.345975
v 0.180338 -0.015272 -0.345681
v 0.181281 -0.000000 -0.347117
v 0.178710 -0.000000 -0.346861
v 0.182856 0.014772 -0.345975
v 0.180338 0.015272 -0.345681
v 0.187471 0.028537 -0.342627
v 0.185109 0.029503 -0.342220
v 0.194813 0.040358 -0.337301
v 0.192700 0.041724 -0.336714
v 0.204381 0.049428 -0.330360
v 0.202592 0.051101 -0.329538
v 0.215524 0.055130 -0.322278
v 0.214112 0.056996 -0.321182
v 0.227481 0.057075 -0.313604
v 0.226474 0.059006 -0.312215
v 0.239439 0.055130 -0.304930
v 0.238836 0.056996 -0.303247
v 0.250582 0.049428 -0.296848
v 0.250355 0.051101 -0.294891
v 0.260150 0.040358 -0.289907
v 0.260248 0.041724 -0.287716
v 0.267492 0.028537 -0.284581
v 0.267838 0.029503 -0.282210
v 0.272107 0.014772 -0.281233
v 0.272610 0.015272 -0.278748
v 0.273682 -0.000000 -0.280091
v 0.274237 -0.000000 -0.277568
v 0.272107 -0.014772 -0.281233
v 0.272610 -0.015272 -0.278748
v 0.267492 -0.028537 -0.284581
v 0.267838 -0.029503 -0.282210
v 0.260150 -0.040358 -0.289907
v 0.260248 -0.041724 -0.287716
v 0.250582 -0.049428 -0.296848
v 0.250355 -0.051101 -0.294891
v 0.239439 -0.055130 -0.304930
v 0.238836 -0.056996 -0.303247
v 0.293654 -0.000000 -0.404829
v 0.282435 -0.040705 -0.407938
v 0.284377 -0.039544 -0.410085
v 0.291264 -0.042141 -0.401534
v 0.292954 -0.040939 -0.403864
v 0.274208 -0.036496 -0.413906
v 0.276385 -0.035454 -0.415883
v 0.267143 -0.029798 -0.419031
v 0.269521 -0.028948 -0.420861
v 0.261722 -0.021071 -0.422963
v 0.264255 -0.020470 -0.424681
v 0.258314 -0.010907 -0.425435
v 0.260944 -0.010596 -0.427083
v 0.257152 -0.000000 -0.426278
v 0.259815 -0.000000 -0.427902
v 0.258314 0.010907 -0.425435
v 0.260944 0.010596 -0.427083
v 0.261722 0.021071 -0.422963
v 0.264255 0.020469 -0.424681
v 0.267143 0.029798 -0.419031
v 0.269521 0.028948 -0.420861
v 0.274208 0.036495 -0.413906
v 0.276385 0.035454 -0.415883
v 0.282435 0.040705 -0.407938
v 0.284377 0.039544 -0.410085
v 0.291264 0.042141 -0.401534
v 0.292954 0.040939 -0.403864
v 0.300093 0.040705 -0.395130
v 0.301531 0.039544 -0.397642
v 0.308320 0.036495 -0.389162
v 0.309523 0.035454 -0.391845
v 0.315385 0.029798 -0.384037
v 0.316386 0.028948 -0.386866
v 0.320806 0.021071 -0.380105
v 0.321653 0.020469 -0.383046
v 0.324214 0.010907 -0.377633
v 0.324963 0.010596 -0.380645
v 0.325376 -0.000000 -0.376790
v 0.326093 -0.000000 -0.379826
v 0.324214 -0.010907 -0.377633
v 0.324963 -0.010596 -0.380645
v 0.320806 -0.021071 -0.380105
v 0.321653 -0.020470 -0.383046
v 0.315385 -0.029798 -0.384037
v 0.316386 -0.028948 -0.386866
v 0.308320 -0.036496 -0.389162
v 0.309523 -0.035454 -0.391845
v 0.300093 -0.040705 -0.395130
v 0.301531 -0.039544 -0.397642
v 0.293654 -0.038036 -0.404829
v 0.285685 -0.036740 -0.410609
v 0.278259 -0.032940 -0.415995
v 0.271883 -0.026896 -0.420621
v 0.266990 -0.019018 -0.424170
v 0.263914 -0.009845 -0.426401
v 0.262865 -0.000000 -0.427162
v 0.263914 0.009844 -0.426401
v 0.266990 0.019018 -0.424170
v 0.271883 0.026896 -0.420621
v 0.278259 0.032940 -0.415995
v 0.285685 0.036740 -0.410609
v 0.293654 0.038036 -0.404829
v 0.301623 0.036740 -0.399048
v 0.309048 0.032940 -0.393662
v 0.315425 0.026896 -0.389036
v 0.320318 0.019018 -0.385487
v 0.323394 0.009844 -0.383256
v 0.324443 -0.000000 -0.382495
v 0.323394 -0.009845 -0.383256
v 0.320318 -0.019018 -0.385487
v 0.315425 -0.026896 -0.389036
v 0.309048 -0.032940 -0.393662
v 0.301623 -0.036740 -0.399048
v -0.164711 -0.069420 0.227069
v -0.179298 -0.059006 0.247178
v -0.150167 -0.067055 0.237619
v -0.166936 -0.056996 0.256146
v -0.136614 -0.060120 0.247450
v -0.155416 -0.051101 0.264502
v -0.124976 -0.049088 0.255892
v -0.145524 -0.041724 0.271677
v -0.116046 -0.034710 0.262370
v -0.137933 -0.029503 0.277183
v -0.110432 -0.017967 0.266442
v -0.133162 -0.015272 0.280645
v -0.108518 0.000000 0.267831
v -0.131534 0.000000 0.281825
v -0.110432 0.017967 0.266442
v -0.133162 0.015272 0.280645
v -0.116046 0.034710 0.262370
v -0.137933 0.029503 0.277183
v -0.124976 0.049088 0.255892
v -0.145524 0.041724 0.271677
v -0.136614 0.060120 0.247450
v -0.155416 0.051101 0.264502
v -0.150167 0.067055 0.237619
v -0.166936 0.056996 0.256146
v -0.164711 0.069420 0.227069
v -0.179298 0.059006 0.247178
v -0.179255 0.067055 0.216519
v -0.191660 0.056996 0.238211
v -0.192808 0.060120 0.206688
v -0.203180 0.051101 0.229855
v -0.204446 0.049088 0.198246
v -0.213072 0.041724 0.222679
v -0.213376 0.034710 0.191769
v -0.220662 0.029503 0.217173
v -0.218990 0.017967 0.187697
v -0.225434 0.015272 0.213712
v -0.220904 0.000000 0.186308
v -0.227061 0.000000 0.212532
v -0.218990 -0.017967 0.187697
v -0.225434 -0.015272 0.213712
v -0.213376 -0.034710 0.191769
v -0.220662 -0.029503 0.217173
v -0.204446 -0.049088 0.198246
v -0.213072 -0.041724 0.222679
v -0.192808 -0.060120 0.206688
v -0.203180 -0.051101 0.229855
v -0.179255 -0.067055 0.216519
v -0.191660 -0.056996 0.238211
v -0.218653 -0.040705 0.320008
v -0.227481 -0.042141 0.313604
v -0.210426 -0.036495 0.325976
v -0.203361 -0.029798 0.331101
v -0.197940 -0.021071 0.335033
v -0.194532 -0.010907 0.337505
v -0.193370 0.000000 0.338348
v -0.194532 0.010907 0.337505
v -0.197940 0.021071 0.335033
v -0.203361 0.029798 0.331101
v -0.210426 0.036495 0.325976
v -0.218653 0.040705 0.320008
v -0.227481 0.042141 0.313604
v -0.236310 0.040705 0.307200
v -0.244537 0.036495 0.301232
v -0.251602 0.029798 0.296107
v -0.257023 0.021071 0.292175
v -0.260431 0.010907 0.289703
v -0.261593 0.000000 0.288860
v -0.260431 -0.010907 0.289703
v -0.257023 -0.021071 0.292175
v -0.251602 -0.029798 0.296107
v -0.244537 -0.036495 0.301232
v -0.236310 -0.040705 0.307200
v -0.165159 -0.065189 0.257435
v -0.163746 -0.067055 0.256339
v -0.178290 -0.069420 0.245789
v -0.179298 -0.067489 0.247178
v -0.151983 -0.058447 0.266992
v -0.150193 -0.060120 0.266170
v -0.140669 -0.047722 0.275199
v -0.138555 -0.049088 0.274612
v -0.131987 -0.033744 0.281497
v -0.129625 -0.034710 0.281089
v -0.126529 -0.017467 0.285455
v -0.124011 -0.017967 0.285162
v -0.124668 0.000000 0.286806
v -0.122097 0.000000 0.286550
v -0.126529 0.017467 0.285455
v -0.124011 0.017967 0.285162
v -0.131987 0.033744 0.281497
v -0.129625 0.034710 0.281089
v -0.140669 0.047722 0.275199
v -0.138555 0.049088 0.274612
v -0.151983 0.058447 0.266992
v -0.150193 0.060120 0.266170
v -0.165159 0.065189 0.257435
v -0.163746 0.067055 0.256339
v -0.179298 0.067489 0.247178
v -0.178290 0.069420 0.245789
v -0.193437 0.065189 0.236922
v -0.192834 0.067055 0.235239
v -0.206613 0.058447 0.227365
v -0.206387 0.060120 0.225408
v -0.217927 0.047722 0.219158
v -0.218025 0.049088 0.216966
v -0.226609 0.033744 0.212860
v -0.226955 0.034710 0.210489
v -0.232066 0.017467 0.208901
v -0.232569 0.017967 0.206416
v -0.233928 0.000000 0.207551
v -0.234483 0.000000 0.205027
v -0.232066 -0.017467 0.208901
v -0.232569 -0.017967 0.206416
v -0.226609 -0.033744 0.212860
v -0.226955 -0.034710 0.210488
v -0.217927 -0.047722 0.219158
v -0.218025 -0.049088 0.216966
v -0.206613 -0.058447 0.227365
v -0.206387 -0.060120 0.225408
v -0.193437 -0.065189 0.236922
v -0.192834 -0.067055 0.235239
v -0.215524 -0.055130 0.322278
v -0.214112 -0.056996 0.321182
v -0.226474 -0.059006 0.312215
v -0.227481 -0.057075 0.313604
v -0.204381 -0.049428 0.330360
v -0.202592 -0.051101 0.329538
v -0.194813 -0.040358 0.337301
v -0.192700 -0.041724 0.336714
v -0.187471 -0.028537 0.342627
v -0.185109 -0.029503 0.342220
v -0.182856 -0.014772 0.345975
v -0.180338 -0.015272 0.345681
v -0.181281 0.000000 0.347117
v -0.178710 0.000000 0.346861
v -0.182856 0.014772 0.345975
v -0.180338 0.015272 0.345681
v -0.187471 0.028537 0.342627
v -0.185109 0.029503 0.342220
v -0.194813 0.040358 0.337301
v -0.192700 0.041724 0.336714
v -0.204381 0.049428 0.330360
v -0.202592 0.051101 0.329538
v -0.215524 0.055130 0.322278
v -0.214112 0.056996 0.321182
v -0.227481 0.057075 0.313604
v -0.226474 0.059006 0.312215
v -0.239439 0.055130 0.304930
v -0.238836 0.056996 0.303247
v -0.250582 0.049428 0.296848
v -0.250355 0.051101 0.294891
v -0.260150 0.040358 0.289907
v -0.260248 0.041724 0.287716
v -0.267492 0.028537 0.284581
v -0.267838 0.029503 0.282210
v -0.272107 0.014772 0.281233
v -0.272610 0.015272 0.278748
v -0.273682 0.000000 0.280091
v -0.274237 0.000000 0.277568
v -0.272107 -0.014772 0.281233
v -0.272610 -0.015272 0.278748
v -0.267492 -0.028537 0.284581
v -0.267838 -0.029503 0.282210
v -0.260150 -0.040358 0.289907
v -0.260248 -0.041724 0.287716
v -0.250582 -0.049428 0.296848
v -0.250355 -0.051101 0.294891
v -0.239439 -0.055130 0.304930
v -0.238836 -0.056996 0.303247
v -0.293654 0.000000 0.404829
v -0.282435 -0.040705 0.407938
v -0.284377 -0.039544 0.410085
v -0.291264 -0.042141 0.401534
v -0.292954 -0.040939 0.403864
v -0.274208 -0.036495 0.413906
v -0.276385 -0.035454 0.415883
v -0.267143 -0.029798 0.419031
v -0.269521 -0.028948 0.420861
v -0.261722 -0.021071 0.422963
v -0.264255 -0.020469 0.424681
v -0.258314 -0.010907 0.425435
v -0.260944 -0.010596 0.427083
v -0.257152 -0.000000 0.426278
v -0.259815 -0.000000 0.427902
v -0.258314 0.010907 0.425435
v -0.260944 0.010596 0.427083
v -0.261722 0.021071 0.422963
v -0.264255 0.020469 0.424681
v -0.267143 0.029798 0.419031
v -0.269521 0.028948 0.420861
v -0.274208 0.036495 0.413906
v -0.276385 0.035454 0.415883
v -0.282435 0.040705 0.407938
v -0.284377 0.039544 0.410085
v -0.291264 0.042141 0.401534
v -0.292954 0.040939 0.403864
v -0.300093 0.040705 0.395130
v -0.301531 0.039544 0.397642
v -0.308320 0.036495 0.389162
v -0.309523 0.035454 0.391845
v -0.315385 0.029798 0.384037
v -0.316386 0.028948 0.386866
v -0.320806 0.021071 0.380105
v -0.321653 0.020469 0.383046
v -0.324214 0.010907 0.377633
v -0.324963 0.010596 0.380645
v -0.325376 0.000000 0.376790
v -0.326093 0.000000 0.379826
v -0.324214 -0.010907 0.377633
v -0.324963 -0.010596 0.380645
v -0.320806 -0.021071 0.380105
v -0.321653 -0.020469 0.383046
v -0.315385 -0.029798 0.384037
v -0.316386 -0.028948 0.386866
v -0.308320 -0.036495 0.389162
v -0.309523 -0.035454 0.391845
v -0.300093 -0.040705 0.395130
v -0.301531 -0.039544 0.397642
v -0.293654 -0.038036 0.404829
v -0.285685 -0.036740 0.410609
v -0.278259 -0.032940 0.415995
v -0.271883 -0.026896 0.420621
v -0.266990 -0.019018 0.424170
v -0.263914 -0.009844 0.426401
v -0.262865 0.000000 0.427162
v -0.263914 0.009844 0.426401
v -0.266990 0.019018 0.424170
v -0.271883 0.026896 0.420621
v -0.278259 0.032940 0.415995
v -0.285685 0.036740 0.410609
v -0.293654 0.038036 0.404829
v -0.301623 0.036740 0.399048
v -0.309048 0.032940 0.393662
v -0.315425 0.026896 0.389036
v -0.320318 0.019018 0.385487
v -0.323394 0.009844 0.383256
v -0.324443 0.000000 0.382495
v -0.323394 -0.009844 0.383256
v -0.320318 -0.019018 0.385487
v -0.315425 -0.026896 0.389036
v -0.309048 -0.032940 0.393662
v -0.301623 -0.036740 0.399048
v 0.164711 -0.069420 0.227069
v 0.179298 -0.059006 0.247178
v 0.150167 -0.067055 0.237619
v 0.166936 -0.056996 0.256146
v 0.136614 -0.060120 0.247450
v 0.155416 -0.051101 0.264502
v 0.124976 -0.049088 0.255892
v 0.145524 -0.041724 0.271677
v 0.116046 -0.034710 0.262370
v 0.137933 -0.029503 0.277183
v 0.110432 -0.017967 0.266442
v 0.133162 -0.015272 0.280645
v 0.108518 0.000000 0.267831
v 0.131534 0.000000 0.281825
v 0.110432 0.017967 0.266442
v 0.133162 0.015272 0.280645
v 0.116046 0.034710 0.262370
v 0.137933 0.029503 0.277183
v 0.124976 0.049088 0.255892
v 0.145524 0.041724 0.271677
v 0.136614 0.060120 0.247450
v 0.155416 0.051101 0.264502
v 0.150167 0.067055 0.237619
v 0.166936 0.056996 0.256146
v 0.164711 0.069420 0.227069
v 0.179298 0.059006 0.247178
v 0.179255 0.067055 0.216519
v 0.191660 0.056996 0.238211
v 0.192808 0.060120 0.206688
v 0.203180 0.051101 0.229855
v 0.204446 0.049088 0.198246
v 0.213072 0.041724 0.222679
v 0.213376 0.034710 0.191769
v 0.220662 0.029503 0.217173
v 0.218990 0.017967 0.187697
v 0.225434 0.015272 0.213712
v 0.220904 0.000000 0.186308
v 0.227061 0.000000 0.212532
v 0.218990 -0.017967 0.187697
v 0.225434 -0.015272 0.213712
v 0.213376 -0.034710 0.191769
v 0.220662 -0.029503 0.217173
v 0.204446 -0.049088 0.198246
v 0.213072 -0.041724 0.222679
v 0.192808 -0.060120 0.206688
v 0.203180 -0.051101 0.229855
v 0.179255 -0.067055 0.216519
v 0.191660 -0.056996 0.238211
v 0.218653 -0.040705 0.320008
v 0.227481 -0.042141 0.313604
v 0.210426 -0.036495 0.325976
v 0.203361 -0.029798 0.331101
v 0.197940 -0.021071 0.335033
v 0.194532 -0.010907 0.337505
v 0.193370 0.000000 0.338348
v 0.194532 0.010907 0.337505
v 0.197940 0.021071 0.335033
v 0.203361 0.029798 0.331101
v 0.210426 0.036495 0.325976
v 0.218653 0.040705 0.320008
v 0.227481 0.042141 0.313604
v 0.236310 0.040705 0.307200
v 0.244537 0.036495 0.301232
v 0.251602 0.029798 0.296107
v 0.257023 0.021071 0.292175
v 0.260431 0.010907 0.289703
v 0.261593 0.000000 0.288860
v 0.260431 -0.010907 0.289703
v 0.257023 -0.021071 0.292175
v 0.251602 -0.029798 0.296107
v 0.244537 -0.036495 0.301232
v 0.236310 -0.040705 0.307200
v 0.165159 -0.065189 0.257435
v 0.163746 -0.067055 0.256339
v 0.178290 -0.069420 0.245789
v 0.179298 -0.067489 0.247178
v 0.151983 -0.058447 0.266992
v 0.150193 -0.060120 0.266170
v 0.140669 -0.047722 0.275199
v 0.138555 -0.049088 0.274612
v 0.131987 -0.033744 0.281497
v 0.129625 -0.034710 0.281089
v 0.126529 -0.017467 0.285455
v 0.124011 -0.017967 0.285162
v 0.124668 0.000000 0.286806
v 0.122097 0.000000 0.286550
v 0.126529 0.017467 0.285455
v 0.124011 0.017967 0.285162
v 0.131987 0.033744 0.281497
v 0.129625 0.034710 0.281089
v 0.140669 0.047722 0.275199
v 0.138555 0.049088 0.274612
v 0.151983 0.058447 0.266992
v 0.150193 0.060120 0.266170
v 0.165159 0.065189 0.257435
v 0.163746 0.067055 0.256339
v 0.179298 0.067489 0.247178
v 0.178290 0.069420 0.245789
v 0.193437 0.065189 0.236922
v 0.192834 0.067055 0.235239
v 0.206613 0.058447 0.227365
v 0.206387 0.060120 0.225408
v 0.217927 0.047722 0.219158
v 0.218025 0.049088 0.216966
v 0.226609 0.033744 0.212860
v 0.226955 0.034710 0.210489
v 0.232066 0.017467 0.208901
v 0.232569 0.017967 0.206416
v 0.233928 0.000000 0.207551
v 0.234483 0.000000 0.205027
v 0.232066 -0.017467 0.208901
v 0.232569 -0.017967 0.206416
v 0.226609 -0.033744 0.212860
v 0.226955 -0.034710 0.210488
v 0.217927 -0.047722 0.219158
v 0.218025 -0.049088 0.216966
v 0.206613 -0.058447 0.227365
v 0.206387 -0.060120 0.225408
v 0.193437 -0.065189 0.236922
v 0.192834 -0.067055 0.235239
v 0.215524 -0.055130 0.322278
v 0.214112 -0.056996 0.321182
v 0.226474 -0.059006 0.312215
v 0.227481 -0.057075 0.313604
v 0.204381 -0.049428 0.330360
v 0.202592 -0.051101 0.329538
v 0.194813 -0.040358 0.337301
v 0.192700 -0.041724 0.336714
v 0.187471 -0.028537 0.342627
v 0.185109 -0.029503 0.342220
v 0.182856 -0.014772 0.345975
v 0.180338 -0.015272 0.345681
v 0.181281 0.000000 0.347117
v 0.178710 0.000000 0.346861
v 0.182856 0.014772 0.345975
v 0.180338 0.015272 0.345681
v 0.187471 0.028537 0.342627
v 0.185109 0.029503 0.342220
v 0.194813 0.040358 0.337301
v 0.192700 0.041724 0.336714
v 0.204381 0.049428 0.330360
v 0.202592 0.051101 0.329538
v 0.215524 0.055130 0.322278
v 0.214112 0.056996 0.321182
v 0.227481 0.057075 0.313604
v 0.226474 0.059006 0.312215
v 0.239439 0.055130 0.304930
v 0.238836 0.056996 0.303247
v 0.250582 0.049428 0.296848
v 0.250355 0.051101 0.294891
v 0.260150 0.040358 0.289907
v 0.260248 0.041724 0.287716
v 0.267492 0.028537 0.284581
v 0.267838 0.029503 0.282210
v 0.272107 0.014772 0.281233
v 0.272610 0.015272 0.278748
v 0.273682 0.000000 0.280091
v 0.274237 0.000000 0.277568
v 0.272107 -0.014772 0.281233
v 0.272610 -0.015272 0.278748
v 0.267492 -0.028537 0.284581
v 0.267838 -0.029503 0.282210
v 0.260150 -0.040358 0.289907
v 0.260248 -0.041724 0.287716
v 0.250582 -0.049428 0.296848
v 0.250355 -0.051101 0.294891
v 0.239439 -0.055130 0.304930
v 0.238836 -0.056996 0.303247
v 0.293654 0.000000 0.404829
v 0.282435 -0.040705 0.407938
v 0.284377 -0.039544 0.410085
v 0.291264 -0.042141 0.401534
v 0.292954 -0.040939 0.403864
v 0.274208 -0.036495 0.413906
v 0.276385 -0.035454 0.415883
v 0.267143 -0.029798 0.419031
v 0.269521 -0.028948 0.420861
v 0.261722 -0.021071 0.422963
v 0.264255 -0.020469 0.424681
v 0.258314 -0.010907 0.425435
v 0.260944 -0.010596 0.427083
v 0.257152 -0.000000 0.426278
v 0.259815 -0.000000 0.427902
v 0.258314 0.010907 0.425435
v 0.260944 0.010596 0.427083
v 0.261722 0.021071 0.422963
v 0.264255 0.020469 0.424681
v 0.267143 0.029798 0.419031
v 0.269521 0.028948 0.420861
v 0.274208 0.036495 0.413906
v 0.276385 0.035454 0.415883
v 0.282435 0.040705 0.407938
v 0.284377 0.039544 0.410085
v 0.291264 0.042141 0.401534
v 0.292954 0.040939 0.403864
v 0.300093 0.040705 0.395130
v 0.301531 0.039544 0.397642
v 0.308320 0.036495 0.389162
v 0.309523 0.035454 0.391845
v 0.315385 0.029798 0.384037
v 0.316386 0.028948 0.386866
v 0.320806 0.021071 0.380105
v 0.321653 0.020469 0.383046
v 0.324214 0.010907 0.377633
v 0.324963 0.010596 0.380645
v 0.325376 0.000000 0.376790
v 0.326093 0.000000 0.379826
v 0.324214 -0.010907 0.377633
v 0.324963 -0.010596 0.380645
v 0.320806 -0.021071 0.380105
v 0.321653 -0.020469 0.383046
v 0.315385 -0.029798 0.384037
v 0.316386 -0.028948 0.386866
v 0.308320 -0.036495 0.389162
v 0.309523 -0.035454 0.391845
v 0.300093 -0.040705 0.395130
v 0.301531 -0.039544 0.397642
v 0.293654 -0.038036 0.404829
v 0.285685 -0.036740 0.410609
v 0.278259 -0.032940 0.415995
v 0.271883 -0.026896 0.420621
v 0.266990 -0.019018 0.424170
v 0.263914 -0.009844 0.426401
v 0.262865 0.000000 0.427162
v 0.263914 0.009844 0.426401
v 0.266990 0.019018 0.424170
v 0.271883 0.026896 0.420621
v 0.278259 0.032940 0.415995
v 0.285685 0.036740 0.410609
v 0.293654 0.038036 0.404829
v 0.301623 0.036740 0.399048
v 0.309048 0.032940 0.393662
v 0.315425 0.026896 0.389036
v 0.320318 0.019018 0.385487
v 0.323394 0.009844 0.383256
v 0.324443 0.000000 0.382495
v 0.323394 -0.009844 0.383256
v 0.320318 -0.019018 0.385487
v 0.315425 -0.026896 0.389036
v 0.309048 -0.032940 0.393662
v 0.301623 -0.036740 0.399048
v 0.041371 -0.000000 -0.272918
v -0.041371 0.000000 -0.272918
v 0.041371 0.053244 -0.267674
v -0.041371 0.053244 -0.267674
v 0.041371 0.104441 -0.252143
v -0.041371 0.104441 -0.252143
v 0.041371 0.151625 -0.226923
v -0.041371 0.151625 -0.226923
v 0.041371 0.192982 -0.192982
v -0.041371 0.192982 -0.192982
v 0.041371 0.226923 -0.151625
v -0.041371 0.226923 -0.151625
v 0.041371 0.252143 -0.104441
v -0.041371 0.252143 -0.104441
v 0.041371 0.267674 -0.053244
v -0.041371 0.267674 -0.053244
v 0.041371 0.272918 0.000000
v -0.041371 0.272918 -0.000000
v 0.041371 0.267674 0.053244
v -0.041371 0.267674 0.053244
v 0.041371 0.252143 0.104441
v -0.041371 0.252143 0.104441
v 0.041371 0.226923 0.151625
v -0.041371 0.226923 0.151625
v 0.041371 0.192982 0.192982
v -0.041371 0.192982 0.192982
v 0.041371 0.151625 0.226923
v -0.041371 0.151625 0.226923
v 0.041371 0.104441 0.252143
v -0.041371 0.104441 0.252143
v 0.041371 0.053244 0.267674
v -0.041371 0.053244 0.267674
v 0.041371 -0.000000 0.272918
v -0.041371 0.000000 0.272918
v 0.041371 -0.053244 0.267674
v -0.041371 -0.053244 0.267674
v 0.041371 -0.104441 0.252143
v -0.041371 -0.104441 0.252143
v 0.041371 -0.151625 0.226923
v -0.041371 -0.151625 0.226923
v 0.041371 -0.192982 0.192982
v -0.041371 -0.192982 0.192982
v 0.041371 -0.226923 0.151625
v -0.041371 -0.226923 0.151625
v 0.041371 -0.252143 0.104441
v -0.041371 -0.252143 0.104441
v 0.041371 -0.267674 0.053244
v -0.041371 -0.267674 0.053244
v 0.041371 -0.272918 0.000000
v -0.041371 -0.272918 -0.000000
v 0.041371 -0.267674 -0.053244
v -0.041371 -0.267674 -0.053244
v 0.041371 -0.252143 -0.104441
v -0.041371 -0.252143 -0.104441
v 0.041371 -0.226923 -0.151625
v -0.041371 -0.226923 -0.151625
v 0.041371 -0.192982 -0.192982
v -0.041371 -0.192982 -0.192982
v 0.041371 -0.151625 -0.226923
v -0.041371 -0.151625 -0.226923
v 0.041371 -0.104441 -0.252143
v -0.041371 -0.104441 -0.252143
v 0.041371 -0.053244 -0.267674
v -0.041371 -0.053244 -0.267674
v 0.041371 -0.000000 -0.308953
v 0.039181 -0.000000 -0.310641
v 0.039181 0.060603 -0.304672
v 0.041371 0.060274 -0.303017
v -0.041371 0.060274 -0.303017
v -0.039180 0.060603 -0.304672
v -0.039180 0.000000 -0.310641
v -0.041371 0.000000 -0.308953
v 0.039181 0.118877 -0.286994
v 0.041371 0.118231 -0.285435
v -0.041371 0.118231 -0.285435
v -0.039180 0.118877 -0.286994
v 0.039181 0.172583 -0.258288
v 0.041371 0.171645 -0.256885
v -0.041371 0.171645 -0.256885
v -0.039180 0.172583 -0.258288
v 0.039181 0.219656 -0.219656
v 0.041371 0.218463 -0.218463
v -0.041371 0.218463 -0.218463
v -0.039180 0.219656 -0.219656
v 0.039181 0.258288 -0.172583
v 0.041371 0.256885 -0.171645
v -0.041371 0.256885 -0.171645
v -0.039180 0.258288 -0.172583
v 0.039181 0.286994 -0.118877
v 0.041371 0.285435 -0.118231
v -0.041371 0.285435 -0.118231
v -0.039180 0.286994 -0.118877
v 0.039181 0.304672 -0.060603
v 0.041371 0.303017 -0.060274
v -0.041371 0.303017 -0.060274
v -0.039180 0.304672 -0.060603
v 0.039181 0.310641 0.000000
v 0.041371 0.308953 0.000000
v -0.041371 0.308953 -0.000000
v -0.039180 0.310641 -0.000000
v 0.039181 0.304672 0.060603
v 0.041371 0.303017 0.060274
v -0.041371 0.303017 0.060274
v -0.039180 0.304672 0.060603
v 0.039181 0.286994 0.118877
v 0.041371 0.285435 0.118231
v -0.041371 0.285435 0.118231
v -0.039180 0.286994 0.118877
v 0.039180 0.258288 0.172583
v 0.041371 0.256885 0.171645
v -0.041371 0.256885 0.171645
v -0.039180 0.258288 0.172583
v 0.039180 0.219656 0.219656
v 0.041371 0.218463 0.218463
v -0.041371 0.218463 0.218463
v -0.039180 0.219656 0.219656
v 0.039180 0.172583 0.258288
v 0.041371 0.171645 0.256885
v -0.041371 0.171645 0.256885
v -0.039180 0.172583 0.258288
v 0.039180 0.118877 0.286994
v 0.041371 0.118231 0.285435
v -0.041371 0.118231 0.285435
v -0.039180 0.118877 0.286994
v 0.039180 0.060603 0.304672
v 0.041371 0.060274 0.303017
v -0.041371 0.060274 0.303017
v -0.039180 0.060603 0.304672
v 0.039180 -0.000000 0.310641
v 0.041371 -0.000000 0.308953
v -0.041371 0.000000 0.308953
v -0.039181 0.000000 0.310641
v 0.039180 -0.060603 0.304672
v 0.041371 -0.060274 0.303017
v -0.041371 -0.060274 0.303017
v -0.039181 -0.060603 0.304672
v 0.039180 -0.118877 0.286994
v 0.041371 -0.118231 0.285435
v -0.041371 -0.118231 0.285435
v -0.039181 -0.118877 0.286994
v 0.039180 -0.172583 0.258288
v 0.041371 -0.171645 0.256885
v -0.041371 -0.171645 0.256885
v -0.039181 -0.172583 0.258288
v 0.039180 -0.219656 0.219656
v 0.041371 -0.218463 0.218463
v -0.041371 -0.218463 0.218463
v -0.039181 -0.219656 0.219656
v 0.039180 -0.258288 0.172583
v 0.041371 -0.256885 0.171645
v -0.041371 -0.256885 0.171645
v -0.039181 -0.258288 0.172583
v 0.039180 -0.286994 0.118877
v 0.041371 -0.285435 0.118231
v -0.041371 -0.285435 0.118231
v -0.039181 -0.286994 0.118877
v 0.039180 -0.304672 0.060603
v 0.041371 -0.303017 0.060274
v -0.041371 -0.303017 0.060274
v -0.039181 -0.304672 0.060603
v 0.039180 -0.310641 0.000000
v 0.041371 -0.308953 0.000000
v -0.041371 -0.308953 -0.000000
v -0.039181 -0.310641 -0.000000
v 0.039180 -0.304672 -0.060603
v 0.041371 -0.303017 -0.060274
v -0.041371 -0.303017 -0.060274
v -0.039181 -0.304672 -0.060603
v 0.039180 -0.286994 -0.118877
v 0.041371 -0.285435 -0.118231
v -0.041371 -0.285435 -0.118231
v -0.039181 -0.286994 -0.118877
v 0.039180 -0.258288 -0.172583
v 0.041371 -0.256885 -0.171645
v -0.041371 -0.256885 -0.171645
v -0.039180 -0.258288 -0.172583
v 0.039180 -0.219656 -0.219656
v 0.041371 -0.218463 -0.218463
v -0.041371 -0.218463 -0.218463
v -0.039180 -0.219656 -0.219656
v 0.039180 -0.172583 -0.258288
v 0.041371 -0.171645 -0.256885
v -0.041371 -0.171645 -0.256885
v -0.039180 -0.172583 -0.258288
v 0.039180 -0.118877 -0.286994
v 0.041371 -0.118231 -0.285435
v -0.041371 -0.118231 -0.285435
v -0.039180 -0.118877 -0.286994
v 0.039180 -0.060603 -0.304672
v 0.041371 -0.060274 -0.303017
v -0.041371 -0.060274 -0.303017
v -0.039180 -0.060603 -0.304672
v -0.016159 -0.168698 0.252474
v 0.016159 -0.168698 0.252474
v -0.016159 -0.214711 0.214711
v 0.016159 -0.214711 0.214711
v -0.016159 -0.252474 0.168698
v 0.016159 -0.252474 0.168698
v -0.016159 -0.280534 0.116201
v 0.016159 -0.280534 0.116201
v -0.016159 -0.297813 0.059239
v 0.016159 -0.297813 0.059239
v -0.016159 -0.303648 -0.000000
v 0.016159 -0.303648 0.000000
v -0.016159 -0.297813 -0.059239
v 0.016159 -0.297813 -0.059239
v -0.016159 -0.280534 -0.116201
v 0.016159 -0.280534 -0.116201
v -0.016159 -0.252474 -0.168698
v 0.016159 -0.252474 -0.168698
v -0.016159 -0.214711 -0.214711
v 0.016159 -0.214711 -0.214711
v -0.016159 -0.168698 -0.252474
v 0.016159 -0.168698 -0.252474
v 0.016159 -0.059239 -0.297813
v -0.016159 -0.059239 -0.297813
v -0.016159 -0.116201 -0.280534
v 0.016159 -0.116201 -0.280534
v -0.016159 0.059239 -0.297813
v 0.016159 0.059239 -0.297813
v 0.016159 0.168698 -0.252474
v -0.016159 0.168698 -0.252474
v -0.016159 0.116201 -0.280534
v 0.016159 0.116201 -0.280534
v 0.016159 -0.116201 0.280534
v -0.016159 -0.116201 0.280534
v 0.016159 -0.059239 0.297813
v -0.016159 -0.059239 0.297813
v 0.016159 -0.000000 0.303648
v -0.016159 0.000000 0.303648
v 0.016159 0.059239 0.297813
v -0.016159 0.059239 0.297813
v 0.016159 0.116201 0.280534
v -0.016159 0.116201 0.280534
v 0.016159 0.168698 0.252474
v -0.016159 0.168698 0.252474
v 0.016159 0.214711 0.214711
v -0.016159 0.214711 0.214711
v 0.016159 0.252474 0.168698
v -0.016159 0.252474 0.168698
v 0.016159 0.280534 0.116201
v -0.016159 0.280534 0.116201
v 0.016159 0.297813 0.059239
v -0.016159 0.297813 0.059239
v 0.016159 0.303648 0.000000
v -0.016159 0.303648 -0.000000
v 0.016159 0.297813 -0.059239
v -0.016159 0.297813 -0.059239
v 0.016159 0.280534 -0.116201
v -0.016159 0.280534 -0.116201
v 0.016159 0.252474 -0.168698
v -0.016159 0.252474 -0.168698
v 0.016159 0.214711 -0.214711
v -0.016159 0.214711 -0.214711
v 0.016159 -0.000000 -0.303648
v -0.016159 0.000000 -0.303648
v 0.020219 -0.000000 -0.310641
v 0.016159 -0.000000 -0.307513
v 0.017348 -0.000000 -0.309725
v -0.016159 0.000000 -0.307513
v -0.020219 0.000000 -0.310641
v -0.017348 0.000000 -0.309725
v 0.020219 0.060603 -0.304672
v 0.016159 0.059993 -0.301605
v 0.017348 0.060424 -0.303773
v -0.016159 0.059993 -0.301605
v -0.020219 0.060603 -0.304672
v -0.017348 0.060424 -0.303773
v -0.020219 -0.060603 -0.304672
v -0.016159 -0.059993 -0.301605
v -0.017348 -0.060424 -0.303773
v 0.016159 -0.059993 -0.301605
v 0.020219 -0.060603 -0.304672
v 0.017348 -0.060424 -0.303773
v 0.020219 0.118877 -0.286994
v 0.016159 0.117680 -0.284105
v 0.017348 0.118526 -0.286148
v -0.016159 0.117680 -0.284105
v -0.020219 0.118877 -0.286994
v -0.017348 0.118526 -0.286148
v -0.020219 0.172583 -0.258288
v -0.016159 0.170845 -0.255688
v -0.017348 0.172074 -0.257527
v 0.016159 0.170845 -0.255688
v 0.020219 0.172583 -0.258288
v 0.017348 0.172074 -0.257527
v 0.020219 0.219656 -0.219656
v 0.016159 0.217445 -0.217445
v 0.017348 0.219008 -0.219008
v -0.016159 0.217445 -0.217445
v -0.020219 0.219656 -0.219656
v -0.017348 0.219008 -0.219008
v 0.020219 0.258288 -0.172583
v 0.016159 0.255688 -0.170845
v 0.017348 0.257527 -0.172074
v -0.016159 0.255688 -0.170845
v -0.020219 0.258288 -0.172583
v -0.017348 0.257527 -0.172074
v 0.020219 0.286994 -0.118877
v 0.016159 0.284105 -0.117680
v 0.017348 0.286148 -0.118526
v -0.016159 0.284105 -0.117680
v -0.020219 0.286994 -0.118877
v -0.017348 0.286148 -0.118526
v 0.020219 0.304672 -0.060603
v 0.016159 0.301605 -0.059993
v 0.017348 0.303773 -0.060424
v -0.016159 0.301605 -0.059993
v -0.020219 0.304672 -0.060603
v -0.017348 0.303773 -0.060424
v 0.020219 0.310641 0.000000
v 0.016159 0.307513 0.000000
v 0.017348 0.309725 0.000000
v -0.016159 0.307513 -0.000000
v -0.020219 0.310641 -0.000000
v -0.017348 0.309725 -0.000000
v 0.020219 0.304672 0.060603
v 0.016159 0.301605 0.059993
v 0.017348 0.303773 0.060424
v -0.016159 0.301605 0.059993
v -0.020219 0.304672 0.060603
v -0.017348 0.303773 0.060424
v 0.020219 0.286994 0.118877
v 0.016159 0.284105 0.117680
v 0.017348 0.286148 0.118526
v -0.016159 0.284105 0.117680
v -0.020219 0.286994 0.118877
v -0.017348 0.286148 0.118526
v 0.020219 0.258288 0.172583
v 0.016159 0.255688 0.170845
v 0.017348 0.257527 0.172074
v -0.016159 0.255688 0.170845
v -0.020219 0.258288 0.172583
v -0.017348 0.257527 0.172074
v 0.020219 0.219656 0.219656
v 0.016159 0.217445 0.217445
v 0.017348 0.219008 0.219008
v -0.016159 0.217445 0.217445
v -0.020219 0.219656 0.219656
v -0.017348 0.219008 0.219008
v 0.020219 0.172583 0.258288
v 0.016159 0.170845 0.255688
v 0.017348 0.172074 0.257527
v -0.016159 0.170845 0.255688
v -0.020219 0.172583 0.258288
v -0.017348 0.172074 0.257527
v 0.020219 0.118877 0.286994
v 0.016159 0.117680 0.284105
v 0.017348 0.118526 0.286148
v -0.016159 0.117680 0.284105
v -0.020219 0.118877 0.286994
v -0.017348 0.118526 0.286148
v 0.020219 0.060603 0.304672
v 0.016159 0.059993 0.301605
v 0.017348 0.060424 0.303773
v -0.016159 0.059993 0.301605
v -0.020219 0.060603 0.304672
v -0.017348 0.060424 0.303773
v 0.020219 -0.000000 0.310641
v 0.016159 -0.000000 0.307513
v 0.017348 -0.000000 0.309725
v -0.016159 0.000000 0.307513
v -0.020219 0.000000 0.310641
v -0.017348 0.000000 0.309725
v 0.020219 -0.060603 0.304672
v 0.016159 -0.059993 0.301605
v 0.017348 -0.060424 0.303773
v -0.016159 -0.059993 0.301605
v -0.020219 -0.060603 0.304672
v -0.017348 -0.060424 0.303773
v 0.020219 -0.118877 0.286994
v 0.016159 -0.117680 0.284105
v 0.017348 -0.118526 0.286148
v -0.016159 -0.117680 0.284105
v -0.020219 -0.118877 0.286994
v -0.017348 -0.118526 0.286148
v 0.020219 -0.172583 0.258288
v 0.016159 -0.170845 0.255688
v 0.017348 -0.172074 0.257527
v -0.016159 -0.170845 0.255688
v -0.020219 -0.172583 0.258288
v -0.017348 -0.172074 0.257527
v 0.020219 -0.219656 0.219656
v 0.016159 -0.217445 0.217445
v 0.017348 -0.219008 0.219008
v -0.016159 -0.217445 0.217445
v -0.020219 -0.219656 0.219656
v -0.017348 -0.219008 0.219008
v 0.020219 -0.258288 0.172583
v 0.016159 -0.255688 0.170845
v 0.017348 -0.257527 0.172074
v -0.016159 -0.255688 0.170845
v -0.020219 -0.258288 0.172583
v -0.017348 -0.257527 0.172074
v 0.020219 -0.286994 0.118877
v 0.016159 -0.284105 0.117680
v 0.017348 -0.286148 0.118526
v -0.016159 -0.284105 0.117680
v -0.020219 -0.286994 0.118877
v -0.017348 -0.286148 0.118526
v 0.020219 -0.304672 0.060603
v 0.016159 -0.301605 0.059993
v 0.017348 -0.303773 0.060424
v -0.016159 -0.301605 0.059993
v -0.020219 -0.304672 0.060603
v -0.017348 -0.303773 0.060424
v 0.020219 -0.310641 0.000000
v 0.016159 -0.307513 0.000000
v 0.017348 -0.309725 0.000000
v -0.016159 -0.307513 -0.000000
v -0.020219 -0.310641 -0.000000
v -0.017348 -0.309725 -0.000000
v 0.020219 -0.304672 -0.060603
v 0.016159 -0.301605 -0.059993
v 0.017348 -0.303773 -0.060424
v -0.016159 -0.301605 -0.059993
v -0.020219 -0.304672 -0.060603
v -0.017348 -0.303773 -0.060424
v 0.020219 -0.286994 -0.118877
v 0.016159 -0.284105 -0.117680
v 0.017348 -0.286148 -0.118526
v -0.016159 -0.284105 -0.117680
v -0.020219 -0.286994 -0.118877
v -0.017348 -0.286148 -0.118526
v 0.020219 -0.258288 -0.172583
v 0.016159 -0.255688 -0.170845
v 0.017348 -0.257527 -0.172074
v -0.016159 -0.255688 -0.170845
v -0.020219 -0.258288 -0.172583
v -0.017348 -0.257527 -0.172074
v 0.020219 -0.219656 -0.219656
v 0.016159 -0.217445 -0.217445
v 0.017348 -0.219008 -0.219008
v -0.016159 -0.217445 -0.217445
v -0.020219 -0.219656 -0.219656
v -0.017348 -0.219008 -0.219008
v 0.020219 -0.172583 -0.258288
v 0.016159 -0.170845 -0.255688
v 0.017348 -0.172074 -0.257527
v -0.016159 -0.170845 -0.255688
v -0.020219 -0.172583 -0.258288
v -0.017348 -0.172074 -0.257527
v 0.020219 -0.118877 -0.286994
v 0.016159 -0.117680 -0.284105
v 0.017348 -0.118526 -0.286148
v -0.016159 -0.117680 -0.284105
v -0.020219 -0.118877 -0.286994
v -0.017348 -0.118526 -0.286148
vn -0.0000 -0.0000 -1.0000
vn -0.0000 0.1937 -0.9811
vn 0.2348 0.1937 -0.9526
vn 0.2393 -0.0000 -0.9709
vn -0.0000 -0.1937 -0.9811
vn 0.2348 -0.1937 -0.9526
vn -0.0000 0.9212 -0.3891
vn -0.0000 0.9875 -0.1577
vn 0.0377 0.9875 -0.1532
vn 0.0931 0.9212 -0.3778
vn -0.0000 -0.3800 -0.9250
vn 0.2214 -0.3800 -0.8981
vn -0.0000 0.8280 -0.5607
vn 0.1342 0.8280 -0.5444
vn -0.0000 -0.5521 -0.8338
vn 0.1995 -0.5521 -0.8095
vn -0.0000 0.7034 -0.7108
vn 0.1701 0.7034 -0.6902
vn -0.0000 -0.7034 -0.7108
vn 0.1701 -0.7034 -0.6902
vn -0.0000 0.5521 -0.8338
vn 0.1995 0.5521 -0.8095
vn -0.0000 -0.8280 -0.5607
vn 0.1342 -0.8280 -0.5444
vn -0.0000 0.3800 -0.9250
vn 0.2214 0.3800 -0.8981
vn -0.0000 -0.9212 -0.3891
vn 0.0931 -0.9212 -0.3778
vn -0.0000 -0.9875 -0.1577
vn 0.0377 -0.9875 -0.1532
vn 0.2606 -0.8280 -0.4965
vn 0.1808 -0.9212 -0.3445
vn 0.4299 0.3800 -0.8190
vn 0.4559 0.1937 -0.8687
vn 0.0733 -0.9875 -0.1397
vn 0.4647 -0.0000 -0.8855
vn 0.4559 -0.1937 -0.8687
vn 0.0733 0.9875 -0.1397
vn 0.1808 0.9212 -0.3445
vn 0.4299 -0.3800 -0.8190
vn 0.2606 0.8280 -0.4965
vn 0.3875 -0.5521 -0.7383
vn 0.3303 0.7034 -0.6294
vn 0.3303 -0.7034 -0.6294
vn 0.3875 0.5521 -0.7383
vn 0.6134 -0.3800 -0.6923
vn 0.5529 -0.5521 -0.6241
vn 0.3718 0.8280 -0.4197
vn 0.4714 0.7034 -0.5321
vn 0.4714 -0.7034 -0.5321
vn 0.5529 0.5521 -0.6241
vn 0.3718 -0.8280 -0.4197
vn 0.6134 0.3800 -0.6923
vn 0.2580 -0.9212 -0.2912
vn 0.6506 0.1937 -0.7343
vn 0.1046 -0.9875 -0.1181
vn 0.6631 -0.0000 -0.7485
vn 0.6506 -0.1937 -0.7343
vn 0.1046 0.9875 -0.1181
vn 0.2580 0.9212 -0.2912
vn 0.3202 -0.9212 -0.2210
vn 0.1298 -0.9875 -0.0896
vn 0.8074 0.1937 -0.5573
vn 0.8230 -0.0000 -0.5681
vn 0.8074 -0.1937 -0.5573
vn 0.1298 0.9875 -0.0896
vn 0.3202 0.9212 -0.2210
vn 0.7612 -0.3800 -0.5254
vn 0.4615 0.8280 -0.3185
vn 0.6862 -0.5521 -0.4736
vn 0.5850 0.7034 -0.4038
vn 0.5850 -0.7034 -0.4038
vn 0.6862 0.5521 -0.4736
vn 0.4615 -0.8280 -0.3185
vn 0.7612 0.3800 -0.5254
vn 0.5243 0.8280 -0.1988
vn 0.6646 0.7034 -0.2521
vn 0.7796 -0.5521 -0.2957
vn 0.6646 -0.7034 -0.2521
vn 0.7796 0.5521 -0.2957
vn 0.5243 -0.8280 -0.1988
vn 0.8649 0.3800 -0.3280
vn 0.3638 -0.9212 -0.1380
vn 0.9173 0.1937 -0.3479
vn 0.1475 -0.9875 -0.0559
vn 0.9350 -0.0000 -0.3546
vn 0.9173 -0.1937 -0.3479
vn 0.1475 0.9875 -0.0559
vn 0.3638 0.9212 -0.1380
vn 0.8649 -0.3800 -0.3280
vn 0.9739 0.1937 -0.1183
vn 0.9927 -0.0000 -0.1205
vn 0.9739 -0.1937 -0.1183
vn 0.1566 0.9875 -0.0190
vn 0.3862 0.9212 -0.0469
vn 0.9182 -0.3800 -0.1115
vn 0.5566 0.8280 -0.0676
vn 0.8277 -0.5521 -0.1005
vn 0.7057 0.7034 -0.0857
vn 0.7057 -0.7034 -0.0857
vn 0.8277 0.5521 -0.1005
vn 0.5566 -0.8280 -0.0676
vn 0.9182 0.3800 -0.1115
vn 0.3862 -0.9212 -0.0469
vn 0.1566 -0.9875 -0.0190
vn 0.8277 -0.5521 0.1005
vn 0.7057 -0.7034 0.0857
vn 0.7057 0.7034 0.0857
vn 0.8277 0.5521 0.1005
vn 0.5566 -0.8280 0.0676
vn 0.9182 0.3800 0.1115
vn 0.3862 -0.9212 0.0469
vn 0.9739 0.1937 0.1183
vn 0.1566 -0.9875 0.0190
vn 0.9927 -0.0000 0.1205
vn 0.9739 -0.1937 0.1183
vn 0.1566 0.9875 0.0190
vn 0.3862 0.9212 0.0469
vn 0.9182 -0.3800 0.1115
vn 0.5566 0.8280 0.0676
vn 0.9350 -0.0000 0.3546
vn 0.9173 -0.1937 0.3479
vn 0.1475 0.9875 0.0559
vn 0.3638 0.9212 0.1380
vn 0.8649 -0.3800 0.3280
vn 0.5243 0.8280 0.1988
vn 0.7796 -0.5521 0.2957
vn 0.6646 0.7034 0.2521
vn 0.6646 -0.7034 0.2521
vn 0.7796 0.5521 0.2957
vn 0.5243 -0.8280 0.1988
vn 0.8649 0.3800 0.3280
vn 0.3638 -0.9212 0.1380
vn 0.9173 0.1937 0.3479
vn 0.1475 -0.9875 0.0559
vn 0.5850 0.7034 0.4038
vn 0.6862 0.5521 0.4736
vn 0.5850 -0.7034 0.4038
vn 0.4615 -0.8280 0.3185
vn 0.7612 0.3800 0.5254
vn 0.3202 -0.9212 0.2210
vn 0.8074 0.1937 0.5573
vn 0.1298 -0.9875 0.0896
vn 0.8230 -0.0000 0.5681
vn 0.8074 -0.1937 0.5573
vn 0.1298 0.9875 0.0896
vn 0.3202 0.9212 0.2210
vn 0.7612 -0.3800 0.5254
vn 0.4615 0.8280 0.3185
vn 0.6862 -0.5521 0.4736
vn 0.6631 -0.0000 0.7485
vn 0.6506 -0.1937 0.7343
vn 0.1046 0.9875 0.1181
vn 0.2580 0.9212 0.2912
vn 0.6134 -0.3800 0.6923
vn 0.3718 0.8280 0.4197
vn 0.5529 -0.5521 0.6241
vn 0.4714 0.7034 0.5321
vn 0.4714 -0.7034 0.5321
vn 0.5529 0.5521 0.6241
vn 0.3718 -0.8280 0.4197
vn 0.6134 0.3800 0.6923
vn 0.2580 -0.9212 0.2912
vn 0.6506 0.1937 0.7343
vn 0.1046 -0.9875 0.1181
vn 0.3303 -0.7034 0.6294
vn 0.2606 -0.8280 0.4965
vn 0.3875 0.5521 0.7383
vn 0.4299 0.3800 0.8190
vn 0.1808 -0.9212 0.3445
vn 0.4559 0.1937 0.8687
vn 0.0733 -0.9875 0.1397
vn 0.4647 -0.0000 0.8855
vn 0.4559 -0.1937 0.8687
vn 0.0733 0.9875 0.1397
vn 0.1808 0.9212 0.3445
vn 0.4299 -0.3800 0.8190
vn 0.2606 0.8280 0.4965
vn 0.3875 -0.5521 0.7383
vn 0.3303 0.7034 0.6294
vn 0.2348 -0.1937 0.9526
vn 0.2214 -0.3800 0.8981
vn 0.0931 0.9212 0.3778
vn 0.1342 0.8280 0.5444
vn 0.1995 -0.5521 0.8095
vn 0.1701 0.7034 0.6902
vn 0.1701 -0.7034 0.6902
vn 0.1995 0.5521 0.8095
vn 0.1342 -0.8280 0.5444
vn 0.2214 0.3800 0.8981
vn 0.0931 -0.9212 0.3778
vn 0.2348 0.1937 0.9526
vn 0.0377 -0.9875 0.1532
vn 0.2393 -0.0000 0.9709
vn 0.0377 0.9875 0.1532
vn -0.0000 -0.8280 0.5607
vn -0.0000 -0.9212 0.3891
vn -0.0000 0.3800 0.9250
vn -0.0000 0.1937 0.9811
vn -0.0000 -0.9875 0.1577
vn -0.0000 -0.0000 1.0000
vn -0.0000 -0.1937 0.9811
vn -0.0000 0.9875 0.1577
vn -0.0000 0.9212 0.3891
vn -0.0000 -0.3800 0.9250
vn -0.0000 0.8280 0.5607
vn -0.0000 -0.5521 0.8338
vn -0.0000 0.7034 0.7108
vn -0.0000 -0.7034 0.7108
vn -0.0000 0.5521 0.8338
vn -0.0931 0.9212 0.3778
vn -0.1342 0.8280 0.5444
vn -0.2214 -0.3800 0.8981
vn -0.1995 -0.5521 0.8095
vn -0.1701 0.7034 0.6902
vn -0.1701 -0.7034 0.6902
vn -0.1995 0.5521 0.8095
vn -0.1342 -0.8280 0.5444
vn -0.2214 0.3800 0.8981
vn -0.0931 -0.9212 0.3778
vn -0.2348 0.1937 0.9526
vn -0.0377 -0.9875 0.1532
vn -0.2393 -0.0000 0.9709
vn -0.2348 -0.1937 0.9526
vn -0.0377 0.9875 0.1532
vn -0.4299 0.3800 0.8190
vn -0.4559 0.1937 0.8687
vn -0.1808 -0.9212 0.3445
vn -0.0733 -0.9875 0.1397
vn -0.4647 -0.0000 0.8855
vn -0.4559 -0.1937 0.8687
vn -0.0733 0.9875 0.1397
vn -0.1808 0.9212 0.3445
vn -0.4299 -0.3800 0.8190
vn -0.2606 0.8280 0.4965
vn -0.3875 -0.5521 0.7383
vn -0.3303 0.7034 0.6294
vn -0.3303 -0.7034 0.6294
vn -0.3875 0.5521 0.7383
vn -0.2606 -0.8280 0.4965
vn -0.6134 -0.3800 0.6923
vn -0.5529 -0.5521 0.6241
vn -0.3718 0.8280 0.4197
vn -0.4714 0.7034 0.5321
vn -0.4714 -0.7034 0.5321
vn -0.5529 0.5521 0.6241
vn -0.3718 -0.8280 0.4197
vn -0.6134 0.3800 0.6923
vn -0.2580 -0.9212 0.2912
vn -0.6506 0.1937 0.7343
vn -0.1046 -0.9875 0.1181
vn -0.6631 -0.0000 0.7485
vn -0.6506 -0.1937 0.7343
vn -0.1046 0.9875 0.1181
vn -0.2580 0.9212 0.2912
vn -0.3202 -0.9212 0.2210
vn -0.1298 -0.9875 0.0896
vn -0.8074 0.1937 0.5573
vn -0.8230 -0.0000 0.5681
vn -0.8074 -0.1937 0.5573
vn -0.1298 0.9875 0.0896
vn -0.3202 0.9212 0.2210
vn -0.7612 -0.3800 0.5254
vn -0.4615 0.8280 0.3185
vn -0.6862 -0.5521 0.4736
vn -0.5850 0.7034 0.4038
vn -0.5850 -0.7034 0.4038
vn -0.6862 0.5521 0.4736
vn -0.4615 -0.8280 0.3185
vn -0.7612 0.3800 0.5254
vn -0.5243 0.8280 0.1988
vn -0.6646 0.7034 0.2521
vn -0.7796 -0.5521 0.2957
vn -0.6646 -0.7034 0.2521
vn -0.7796 0.5521 0.2957
vn -0.5243 -0.8280 0.1988
vn -0.8649 0.3800 0.3280
vn -0.3638 -0.9212 0.1380
vn -0.9173 0.1937 0.3479
vn -0.1475 -0.9875 0.0559
vn -0.9350 -0.0000 0.3546
vn -0.9173 -0.1937 0.3479
vn -0.1475 0.9875 0.0559
vn -0.3638 0.9212 0.1380
vn -0.8649 -0.3800 0.3280
vn -0.9739 0.1937 0.1183
vn -0.9927 -0.0000 0.1205
vn -0.9739 -0.1937 0.1183
vn -0.1566 0.9875 0.0190
vn -0.3862 0.9212 0.0469
vn -0.9182 -0.3800 0.1115
vn -0.5566 0.8280 0.0676
vn -0.8277 -0.5521 0.1005
vn -0.7057 0.7034 0.0857
vn -0.7057 -0.7034 0.0857
vn -0.8277 0.5521 0.1005
vn -0.5566 -0.8280 0.0676
vn -0.9182 0.3800 0.1115
vn -0.3862 -0.9212 0.0469
vn -0.1566 -0.9875 0.0190
vn -0.8277 -0.5521 -0.1005
vn -0.7057 -0.7034 -0.0857
vn -0.7057 0.7034 -0.0857
vn -0.8277 0.5521 -0.1005
vn -0.5566 -0.8280 -0.0676
vn -0.9182 0.3800 -0.1115
vn -0.3862 -0.9212 -0.0469
vn -0.9739 0.1937 -0.1183
vn -0.1566 -0.9875 -0.0190
vn -0.9927 -0.0000 -0.1205
vn -0.9739 -0.1937 -0.1183
vn -0.1566 0.9875 -0.0190
vn -0.3862 0.9212 -0.0469
vn -0.9182 -0.3800 -0.1115
vn -0.5566 0.8280 -0.0676
vn -0.9350 -0.0000 -0.3546
vn -0.9173 -0.1937 -0.3479
vn -0.1475 0.9875 -0.0559
vn -0.3638 0.9212 -0.1380
vn -0.8649 -0.3800 -0.3280
vn -0.5243 0.8280 -0.1988
vn -0.7796 -0.5521 -0.2957
vn -0.6646 0.7034 -0.2521
vn -0.6646 -0.7034 -0.2521
vn -0.7796 0.5521 -0.2957
vn -0.5243 -0.8280 -0.1988
vn -0.8649 0.3800 -0.3280
vn -0.3638 -0.9212 -0.1380
vn -0.9173 0.1937 -0.3479
vn -0.1475 -0.9875 -0.0559
vn -0.5850 -0.7034 -0.4038
vn -0.4615 -0.8280 -0.3185
vn -0.6862 0.5521 -0.4736
vn -0.7612 0.3800 -0.5254
vn -0.3202 -0.9212 -0.2210
vn -0.8074 0.1937 -0.5573
vn -0.1298 -0.9875 -0.0896
vn -0.8230 -0.0000 -0.5681
vn -0.8074 -0.1937 -0.5573
vn -0.1298 0.9875 -0.0896
vn -0.3202 0.9212 -0.2210
vn -0.7612 -0.3800 -0.5254
vn -0.4615 0.8280 -0.3185
vn -0.6862 -0.5521 -0.4736
vn -0.5850 0.7034 -0.4038
vn -0.1046 0.9875 -0.1181
vn -0.2580 0.9212 -0.2912
vn -0.6506 -0.1937 -0.7343
vn -0.6134 -0.3800 -0.6923
vn -0.3718 0.8280 -0.4197
vn -0.5529 -0.5521 -0.6241
vn -0.4714 0.7034 -0.5321
vn -0.4714 -0.7034 -0.5321
vn -0.5529 0.5521 -0.6241
vn -0.3718 -0.8280 -0.4197
vn -0.6134 0.3800 -0.6923
vn -0.2580 -0.9212 -0.2912
vn -0.6506 0.1937 -0.7343
vn -0.1046 -0.9875 -0.1181
vn -0.6631 -0.0000 -0.7485
vn -0.3875 0.5521 -0.7383
vn -0.4299 0.3800 -0.8190
vn -0.2606 -0.8280 -0.4965
vn -0.1808 -0.9212 -0.3445
vn -0.4559 0.1937 -0.8687
vn -0.0733 -0.9875 -0.1397
vn -0.4647 -0.0000 -0.8855
vn -0.4559 -0.1937 -0.8687
vn -0.0733 0.9875 -0.1397
vn -0.1808 0.9212 -0.3445
vn -0.4299 -0.3800 -0.8190
vn -0.2606 0.8280 -0.4965
vn -0.3875 -0.5521 -0.7383
vn -0.3303 0.7034 -0.6294
vn -0.3303 -0.7034 -0.6294
vn -0.2348 -0.1937 -0.9526
vn -0.2214 -0.3800 -0.8981
vn -0.0931 0.9212 -0.3778
vn -0.1342 0.8280 -0.5444
vn -0.1995 -0.5521 -0.8095
vn -0.1701 0.7034 -0.6902
vn -0.1701 -0.7034 -0.6902
vn -0.1995 0.5521 -0.8095
vn -0.1342 -0.8280 -0.5444
vn -0.2214 0.3800 -0.8981
vn -0.0931 -0.9212 -0.3778
vn -0.2348 0.1937 -0.9526
vn -0.0377 -0.9875 -0.1532
vn -0.2393 -0.0000 -0.9709
vn -0.0377 0.9875 -0.1532
vn -0.0000 -1.0000 -0.0000
vn -0.0000 1.0000 -0.0000
vn -0.0000 0.2588 -0.9659
vn -0.3975 0.2375 -0.8863
vn -0.3975 0.4588 -0.7947
vn -0.0000 0.5000 -0.8660
vn -1.0000 -0.0000 -0.0000
vn -0.9247 0.1903 -0.3296
vn -0.9247 0.0985 -0.3677
vn -0.9247 0.2691 -0.2691
vn -0.9247 0.3296 -0.1903
vn -0.9247 0.3677 -0.0985
vn -0.9247 0.3806 -0.0000
vn -0.9247 0.3677 0.0985
vn -0.9247 0.3296 0.1903
vn -0.9247 0.2691 0.2691
vn -0.9247 0.1903 0.3296
vn -0.9247 0.0985 0.3677
vn -0.9247 -0.0000 0.3806
vn -0.9247 -0.0985 0.3677
vn -0.9247 -0.1903 0.3296
vn -0.9247 -0.2691 0.2691
vn -0.9247 -0.3296 0.1903
vn -0.9247 -0.3677 0.0985
vn -0.9247 -0.3806 -0.0000
vn -0.9247 -0.3677 -0.0985
vn -0.9247 -0.3296 -0.1903
vn -0.9247 -0.2691 -0.2691
vn -0.9247 -0.1903 -0.3296
vn -0.9247 -0.0985 -0.3677
vn -0.9247 -0.0000 -0.3806
vn -0.3975 -0.0000 -0.9176
vn -0.0000 -0.2588 -0.9659
vn -0.3975 -0.2375 -0.8863
vn -0.0000 0.7071 -0.7071
vn -0.3975 0.6488 -0.6488
vn -0.3975 0.7947 -0.4588
vn -0.0000 0.8660 -0.5000
vn -0.3975 0.8863 -0.2375
vn -0.0000 0.9659 -0.2588
vn -0.3975 0.9176 -0.0000
vn -0.3975 0.8863 0.2375
vn -0.0000 0.9659 0.2588
vn -0.3975 0.7947 0.4588
vn -0.0000 0.8660 0.5000
vn -0.3975 0.6488 0.6488
vn -0.0000 0.7071 0.7071
vn -0.3975 0.4588 0.7947
vn -0.0000 0.5000 0.8660
vn -0.3975 0.2375 0.8863
vn -0.0000 0.2588 0.9659
vn -0.3975 -0.0000 0.9176
vn -0.3975 -0.2375 0.8863
vn -0.0000 -0.2588 0.9659
vn -0.3975 -0.4588 0.7947
vn -0.0000 -0.5000 0.8660
vn -0.3975 -0.6488 0.6488
vn -0.0000 -0.7071 0.7071
vn -0.3975 -0.7947 0.4588
vn -0.0000 -0.8660 0.5000
vn -0.3975 -0.8863 0.2375
vn -0.0000 -0.9659 0.2588
vn -0.3975 -0.9176 -0.0000
vn -0.3975 -0.8863 -0.2375
vn -0.0000 -0.9659 -0.2588
vn -0.3975 -0.7947 -0.4588
vn -0.0000 -0.8660 -0.5000
vn -0.3975 -0.6488 -0.6488
vn -0.0000 -0.7071 -0.7071
vn -0.3975 -0.4588 -0.7947
vn -0.0000 -0.5000 -0.8660
vn -0.1935 -0.2539 0.9477
vn -0.1935 -0.4905 0.8497
vn -0.1935 0.2539 -0.9477
vn -0.1935 0.4906 -0.8497
vn -0.1935 0.9811 -0.0000
vn -0.1935 0.9477 0.2539
vn -0.1935 -0.6937 -0.6937
vn -0.1935 -0.4905 -0.8497
vn -0.1935 -0.6937 0.6937
vn -0.1935 0.8497 0.4906
vn -0.1935 -0.2539 -0.9477
vn -0.1935 -0.8497 0.4905
vn -0.1935 0.6937 0.6937
vn -0.1935 -0.9477 0.2539
vn -0.1935 0.4905 0.8497
vn -0.1935 0.6937 -0.6937
vn -0.1935 -0.0000 -0.9811
vn -0.1935 -0.9811 -0.0000
vn -0.1935 0.2539 0.9477
vn -0.1935 0.8497 -0.4906
vn -0.1935 -0.9477 -0.2539
vn -0.1935 -0.0000 0.9811
vn -0.1935 0.9477 -0.2539
vn -0.1935 -0.8497 -0.4905
vn -0.6937 -0.0000 -0.7203
vn -0.6937 0.1864 -0.6957
vn -0.9779 -0.0000 -0.2090
vn -0.9779 0.0541 -0.2019
vn -0.6937 0.3601 -0.6238
vn -0.9779 0.1045 -0.1810
vn -0.6937 0.5093 -0.5093
vn -0.9779 0.1478 -0.1478
vn -0.6937 0.6238 -0.3601
vn -0.9779 0.1810 -0.1045
vn -0.6937 0.6957 -0.1864
vn -0.9779 0.2019 -0.0541
vn -0.6937 0.7203 -0.0000
vn -0.9779 0.2090 -0.0000
vn -0.6937 0.6957 0.1864
vn -0.9779 0.2019 0.0541
vn -0.6937 0.6238 0.3601
vn -0.9779 0.1810 0.1045
vn -0.6937 0.5093 0.5093
vn -0.9779 0.1478 0.1478
vn -0.6937 0.3601 0.6238
vn -0.9779 0.1045 0.1810
vn -0.6937 0.1864 0.6957
vn -0.9779 0.0541 0.2019
vn -0.6937 -0.0000 0.7203
vn -0.9779 -0.0000 0.2090
vn -0.6937 -0.1864 0.6957
vn -0.9779 -0.0541 0.2019
vn -0.6937 -0.3601 0.6238
vn -0.9779 -0.1045 0.1810
vn -0.6937 -0.5093 0.5093
vn -0.9779 -0.1478 0.1478
vn -0.6937 -0.6238 0.3601
vn -0.9779 -0.1810 0.1045
vn -0.6937 -0.6957 0.1864
vn -0.9779 -0.2019 0.0541
vn -0.6937 -0.7203 -0.0000
vn -0.9779 -0.2090 -0.0000
vn -0.6937 -0.6957 -0.1864
vn -0.9779 -0.2019 -0.0541
vn -0.6937 -0.6238 -0.3601
vn -0.9779 -0.1810 -0.1045
vn -0.6937 -0.5093 -0.5093
vn -0.9779 -0.1478 -0.1478
vn -0.6937 -0.3601 -0.6238
vn -0.9779 -0.1045 -0.1810
vn -0.6937 -0.1864 -0.6957
vn -0.9779 -0.0541 -0.2019
vn 0.3975 0.4588 -0.7947
vn 0.3975 0.2375 -0.8863
vn 1.0000 -0.0000 -0.0000
vn 0.9247 0.0985 -0.3677
vn 0.9247 0.1903 -0.3296
vn 0.9247 0.2691 -0.2691
vn 0.9247 0.3296 -0.1903
vn 0.9247 0.3677 -0.0985
vn 0.9247 0.3806 -0.0000
vn 0.9247 0.3677 0.0985
vn 0.9247 0.3296 0.1903
vn 0.9247 0.2691 0.2691
vn 0.9247 0.1903 0.3296
vn 0.9247 0.0985 0.3677
vn 0.9247 -0.0000 0.3806
vn 0.9247 -0.0985 0.3677
vn 0.9247 -0.1903 0.3296
vn 0.9247 -0.2691 0.2691
vn 0.9247 -0.3296 0.1903
vn 0.9247 -0.3677 0.0985
vn 0.9247 -0.3806 -0.0000
vn 0.9247 -0.3677 -0.0985
vn 0.9247 -0.3296 -0.1903
vn 0.9247 -0.2691 -0.2691
vn 0.9247 -0.1903 -0.3296
vn 0.9247 -0.0985 0.3676
vn 0.9247 -0.0985 -0.3677
vn 0.9247 -0.0000 -0.3806
vn 0.3975 -0.0000 -0.9176
vn 0.3975 -0.2375 -0.8863
vn 0.3975 0.7947 -0.4588
vn 0.3975 0.6488 -0.6488
vn 0.3975 0.8863 -0.2375
vn 0.3975 0.9176 -0.0000
vn 0.3975 0.8863 0.2375
vn 0.3975 0.7947 0.4588
vn 0.3975 0.6488 0.6488
vn 0.3975 0.4588 0.7947
vn 0.3975 0.2375 0.8863
vn 0.3975 -0.0000 0.9176
vn 0.3975 -0.2375 0.8863
vn 0.3975 -0.4588 0.7947
vn 0.3975 -0.6488 0.6488
vn 0.3975 -0.7947 0.4588
vn 0.3975 -0.8863 0.2375
vn 0.3975 -0.9176 -0.0000
vn 0.3975 -0.8863 -0.2375
vn 0.3975 -0.7947 -0.4588
vn 0.3975 -0.6488 -0.6488
vn 0.3975 -0.4588 -0.7947
vn 0.1935 -0.4906 0.8497
vn 0.1935 -0.2539 0.9477
vn 0.1935 0.4905 -0.8497
vn 0.1935 0.2539 -0.9477
vn 0.1935 0.9477 0.2539
vn 0.1935 0.9811 -0.0000
vn 0.1935 -0.4905 -0.8497
vn 0.1935 -0.6937 -0.6937
vn 0.1935 -0.6937 0.6937
vn 0.1935 0.8497 0.4906
vn 0.1935 -0.2539 -0.9477
vn 0.1935 -0.8497 0.4905
vn 0.1935 0.6937 0.6937
vn 0.1935 -0.9477 0.2539
vn 0.1935 0.4905 0.8497
vn 0.1935 0.6937 -0.6937
vn 0.1935 -0.0000 -0.9811
vn 0.1935 -0.9811 -0.0000
vn 0.1935 0.2539 0.9477
vn 0.1935 0.8497 -0.4905
vn 0.1935 -0.9477 -0.2539
vn 0.1935 -0.0000 0.9811
vn 0.1935 0.9477 -0.2539
vn 0.1935 -0.8497 -0.4905
vn 0.6937 0.1864 -0.6957
vn 0.6937 -0.0000 -0.7203
vn 0.9779 0.0541 -0.2019
vn 0.9779 -0.0000 -0.2090
vn 0.6937 0.3601 -0.6238
vn 0.9779 0.1045 -0.1810
vn 0.6937 0.5093 -0.5093
vn 0.9779 0.1478 -0.1478
vn 0.6937 0.6238 -0.3601
vn 0.9779 0.1810 -0.1045
vn 0.6937 0.6957 -0.1864
vn 0.9779 0.2019 -0.0541
vn 0.6937 0.7203 -0.0000
vn 0.9779 0.2090 -0.0000
vn 0.6937 0.6957 0.1864
vn 0.9779 0.2019 0.0541
vn 0.6937 0.6238 0.3601
vn 0.9779 0.1810 0.1045
vn 0.6937 0.5093 0.5093
vn 0.9779 0.1478 0.1478
vn 0.6937 0.3601 0.6238
vn 0.9779 0.1045 0.1810
vn 0.6937 0.1864 0.6957
vn 0.9779 0.0541 0.2019
vn 0.6937 -0.0000 0.7203
vn 0.9779 -0.0000 0.2090
vn 0.6937 -0.1864 0.6957
vn 0.9779 -0.0541 0.2019
vn 0.6937 -0.3601 0.6238
vn 0.9779 -0.1045 0.1810
vn 0.6937 -0.5093 0.5093
vn 0.9779 -0.1478 0.1478
vn 0.6937 -0.6238 0.3601
vn 0.9779 -0.1810 0.1045
vn 0.6937 -0.6957 0.1864
vn 0.9779 -0.2019 0.0541
vn 0.6937 -0.7203 -0.0000
vn 0.9779 -0.2090 -0.0000
vn 0.6937 -0.6957 -0.1864
vn 0.9779 -0.2019 -0.0541
vn 0.6937 -0.6238 -0.3601
vn 0.9779 -0.1810 -0.1045
vn 0.6937 -0.5093 -0.5093
vn 0.9779 -0.1478 -0.1478
vn 0.6937 -0.3601 -0.6238
vn 0.9779 -0.1045 -0.1810
vn 0.6937 -0.1864 -0.6957
vn 0.9779 -0.0541 -0.2019
vn 0.2095 0.1520 -0.9659
vn -0.0412 0.4612 -0.8863
vn 0.1380 0.5912 -0.7947
vn 0.4047 0.2936 -0.8660
vn -0.5872 0.8095 -0.0000
vn -0.3889 0.8603 -0.3296
vn -0.4632 0.8064 -0.3677
vn -0.3251 0.9066 -0.2691
vn -0.2761 0.9421 -0.1903
vn -0.2454 0.9644 -0.0985
vn -0.2349 0.9720 -0.0000
vn -0.2454 0.9644 0.0985
vn -0.2761 0.9421 0.1903
vn -0.3251 0.9066 0.2691
vn -0.3889 0.8603 0.3296
vn -0.4632 0.8064 0.3677
vn -0.5430 0.7485 0.3806
vn -0.6227 0.6907 0.3677
vn -0.6970 0.6368 0.3296
vn -0.7608 0.5905 0.2691
vn -0.8098 0.5550 0.1903
vn -0.8406 0.5327 0.0985
vn -0.8511 0.5250 -0.0000
vn -0.8406 0.5327 -0.0985
vn -0.8098 0.5550 -0.1903
vn -0.7608 0.5905 -0.2691
vn -0.6970 0.6368 -0.3296
vn -0.6227 0.6907 -0.3677
vn -0.5430 0.7485 -0.3806
vn -0.2334 0.3218 -0.9176
vn -0.2095 -0.1520 -0.9659
vn -0.4257 0.1823 -0.8863
vn 0.5724 0.4152 -0.7071
vn 0.2918 0.7028 -0.6488
vn 0.4098 0.7884 -0.4588
vn 0.7010 0.5085 -0.5000
vn 0.4840 0.8422 -0.2375
vn 0.7819 0.5672 -0.2588
vn 0.5093 0.8606 -0.0000
vn 0.8095 0.5872 -0.0000
vn 0.4840 0.8422 0.2375
vn 0.7819 0.5672 0.2588
vn 0.4098 0.7884 0.4588
vn 0.7010 0.5085 0.5000
vn 0.2918 0.7028 0.6488
vn 0.5724 0.4152 0.7071
vn 0.1380 0.5912 0.7947
vn 0.4047 0.2936 0.8660
vn -0.0412 0.4612 0.8863
vn 0.2095 0.1520 0.9659
vn -0.2334 0.3218 0.9176
vn -0.4257 0.1823 0.8863
vn -0.2095 -0.1520 0.9659
vn -0.6048 0.0524 0.7947
vn -0.4047 -0.2936 0.8660
vn -0.7586 -0.0592 0.6488
vn -0.5724 -0.4152 0.7071
vn -0.8767 -0.1448 0.4588
vn -0.7010 -0.5085 0.5000
vn -0.9509 -0.1986 0.2375
vn -0.7819 -0.5672 0.2588
vn -0.9762 -0.2170 -0.0000
vn -0.8095 -0.5872 -0.0000
vn -0.9509 -0.1986 -0.2375
vn -0.7819 -0.5672 -0.2588
vn -0.8767 -0.1448 -0.4588
vn -0.7010 -0.5085 -0.5000
vn -0.7586 -0.0592 -0.6488
vn -0.5724 -0.4152 -0.7071
vn -0.6048 0.0524 -0.7947
vn -0.4047 -0.2936 -0.8660
vn -0.3192 0.0075 0.9477
vn -0.5107 -0.1314 0.8497
vn 0.0919 0.3057 -0.9477
vn 0.2835 0.4447 -0.8497
vn 0.6805 0.7327 -0.0000
vn 0.6535 0.7131 0.2539
vn -0.6752 -0.2507 -0.6937
vn -0.5107 -0.1314 -0.8497
vn -0.6752 -0.2507 0.6937
vn 0.5741 0.6555 0.4905
vn -0.3192 0.0075 -0.9477
vn -0.8014 -0.3423 0.4905
vn 0.4479 0.5640 0.6937
vn -0.8807 -0.3998 0.2539
vn 0.2835 0.4447 0.8497
vn 0.4479 0.5640 -0.6937
vn -0.1136 0.1566 -0.9811
vn -0.9078 -0.4194 -0.0000
vn 0.0919 0.3057 0.9477
vn 0.5741 0.6555 -0.4905
vn -0.8807 -0.3998 -0.2539
vn -0.1136 0.1566 0.9811
vn 0.6535 0.7131 -0.2539
vn -0.8014 -0.3423 -0.4905
vn -0.4073 0.5615 -0.7203
vn -0.2564 0.6710 -0.6957
vn -0.5742 0.7916 -0.2090
vn -0.5304 0.8234 -0.2019
vn -0.1158 0.7730 -0.6238
vn -0.4896 0.8530 -0.1810
vn 0.0050 0.8606 -0.5093
vn -0.4545 0.8784 -0.1478
vn 0.0976 0.9278 -0.3601
vn -0.4277 0.8979 -0.1045
vn 0.1559 0.9700 -0.1864
vn -0.4108 0.9101 -0.0541
vn 0.1757 0.9844 -0.0000
vn -0.4050 0.9143 -0.0000
vn 0.1559 0.9700 0.1864
vn -0.4108 0.9101 0.0541
vn 0.0976 0.9278 0.3601
vn -0.4277 0.8979 0.1045
vn 0.0050 0.8606 0.5093
vn -0.4546 0.8784 0.1478
vn -0.1158 0.7730 0.6238
vn -0.4896 0.8530 0.1810
vn -0.2564 0.6710 0.6957
vn -0.5304 0.8233 0.2019
vn -0.4073 0.5615 0.7203
vn -0.5742 0.7916 0.2090
vn -0.5582 0.4520 0.6957
vn -0.6180 0.7598 0.2019
vn -0.6988 0.3500 0.6238
vn -0.6588 0.7302 0.1810
vn -0.8196 0.2624 0.5093
vn -0.6938 0.7048 0.1478
vn -0.9122 0.1952 0.3601
vn -0.7207 0.6853 0.1045
vn -0.9705 0.1530 0.1864
vn -0.7376 0.6730 0.0541
vn -0.9904 0.1386 -0.0000
vn -0.7434 0.6688 -0.0000
vn -0.9705 0.1530 -0.1864
vn -0.7376 0.6730 -0.0541
vn -0.9122 0.1952 -0.3601
vn -0.7207 0.6853 -0.1045
vn -0.8196 0.2624 -0.5093
vn -0.6938 0.7048 -0.1478
vn -0.6988 0.3500 -0.6238
vn -0.6588 0.7302 -0.1810
vn -0.5582 0.4520 -0.6957
vn -0.6180 0.7598 -0.2019
vn -0.2095 0.1520 -0.9659
vn -0.4047 0.2936 -0.8660
vn -0.1380 0.5912 -0.7947
vn 0.0412 0.4612 -0.8863
vn 0.5872 0.8095 -0.0000
vn 0.4632 0.8064 -0.3677
vn 0.3889 0.8603 -0.3296
vn 0.3251 0.9066 -0.2691
vn 0.2761 0.9421 -0.1903
vn 0.2454 0.9644 -0.0985
vn 0.2349 0.9720 -0.0000
vn 0.2454 0.9644 0.0985
vn 0.2762 0.9421 0.1903
vn 0.3251 0.9066 0.2691
vn 0.3889 0.8603 0.3296
vn 0.4632 0.8064 0.3677
vn 0.5430 0.7485 0.3806
vn 0.6227 0.6907 0.3677
vn 0.6970 0.6368 0.3296
vn 0.7608 0.5905 0.2691
vn 0.8098 0.5550 0.1903
vn 0.8406 0.5327 0.0985
vn 0.8511 0.5250 -0.0000
vn 0.8406 0.5327 -0.0985
vn 0.8098 0.5550 -0.1903
vn 0.7608 0.5905 -0.2691
vn 0.6970 0.6368 -0.3296
vn 0.6227 0.6907 -0.3677
vn 0.5430 0.7485 -0.3806
vn 0.2334 0.3218 -0.9176
vn 0.2095 -0.1520 -0.9659
vn 0.4257 0.1823 -0.8863
vn -0.5724 0.4152 -0.7071
vn -0.7010 0.5085 -0.5000
vn -0.4098 0.7884 -0.4588
vn -0.2918 0.7028 -0.6488
vn -0.7819 0.5672 -0.2588
vn -0.4840 0.8422 -0.2375
vn -0.8095 0.5872 -0.0000
vn -0.5093 0.8606 -0.0000
vn -0.7819 0.5672 0.2588
vn -0.4840 0.8422 0.2375
vn -0.7010 0.5085 0.5000
vn -0.4098 0.7884 0.4588
vn -0.5724 0.4152 0.7071
vn -0.2918 0.7028 0.6488
vn -0.4047 0.2936 0.8660
vn -0.1380 0.5912 0.7947
vn -0.2095 0.1520 0.9659
vn 0.0412 0.4612 0.8863
vn 0.2334 0.3218 0.9176
vn 0.2095 -0.1520 0.9659
vn 0.4257 0.1823 0.8863
vn 0.4047 -0.2936 0.8660
vn 0.6048 0.0524 0.7947
vn 0.5724 -0.4152 0.7071
vn 0.7586 -0.0592 0.6488
vn 0.7010 -0.5085 0.5000
vn 0.8767 -0.1448 0.4588
vn 0.7819 -0.5672 0.2588
vn 0.9509 -0.1986 0.2375
vn 0.8095 -0.5872 -0.0000
vn 0.9762 -0.2170 -0.0000
vn 0.7819 -0.5672 -0.2588
vn 0.9509 -0.1986 -0.2375
vn 0.7010 -0.5085 -0.5000
vn 0.8767 -0.1448 -0.4588
vn 0.5724 -0.4152 -0.7071
vn 0.7586 -0.0592 -0.6488
vn 0.4047 -0.2936 -0.8660
vn 0.6048 0.0524 -0.7947
vn 0.5107 -0.1314 0.8497
vn 0.3192 0.0075 0.9477
vn 0.2761 0.9421 0.1903
vn 0.4256 0.1823 0.8863
vn -0.2835 0.4447 -0.8497
vn -0.0919 0.3057 -0.9477
vn -0.6535 0.7131 0.2539
vn -0.6805 0.7327 -0.0000
vn 0.5107 -0.1314 -0.8497
vn 0.6752 -0.2507 -0.6937
vn 0.6752 -0.2507 0.6937
vn -0.5741 0.6555 0.4905
vn 0.3192 0.0075 -0.9477
vn 0.8014 -0.3423 0.4905
vn -0.4479 0.5640 0.6937
vn 0.8807 -0.3998 0.2539
vn -0.2835 0.4447 0.8497
vn -0.4479 0.5640 -0.6937
vn 0.1136 0.1566 -0.9811
vn 0.9078 -0.4194 -0.0000
vn -0.0919 0.3057 0.9477
vn -0.5741 0.6555 -0.4905
vn 0.8807 -0.3998 -0.2539
vn 0.1136 0.1566 0.9811
vn -0.6535 0.7131 -0.2539
vn 0.8014 -0.3423 -0.4905
vn 0.2564 0.6710 -0.6957
vn 0.4073 0.5615 -0.7203
vn 0.5304 0.8234 -0.2019
vn 0.5742 0.7916 -0.2090
vn 0.1158 0.7730 -0.6238
vn 0.4896 0.8530 -0.1810
vn -0.0050 0.8606 -0.5093
vn 0.4546 0.8784 -0.1478
vn -0.0976 0.9278 -0.3601
vn 0.4277 0.8979 -0.1045
vn -0.1559 0.9700 -0.1864
vn 0.4108 0.9101 -0.0541
vn -0.1757 0.9844 -0.0000
vn 0.4050 0.9143 -0.0000
vn -0.1559 0.9700 0.1864
vn 0.4108 0.9101 0.0541
vn -0.0976 0.9278 0.3601
vn 0.4277 0.8979 0.1045
vn -0.0050 0.8606 0.5093
vn 0.4545 0.8784 0.1478
vn 0.1158 0.7730 0.6238
vn 0.4896 0.8530 0.1810
vn 0.2564 0.6710 0.6957
vn 0.5304 0.8233 0.2019
vn 0.4073 0.5615 0.7203
vn 0.5742 0.7916 0.2090
vn 0.5582 0.4520 0.6957
vn 0.6180 0.7598 0.2019
vn 0.6988 0.3500 0.6238
vn 0.6588 0.7302 0.1810
vn 0.8196 0.2624 0.5093
vn 0.6938 0.7048 0.1478
vn 0.9122 0.1952 0.3601
vn 0.7207 0.6853 0.1045
vn 0.9705 0.1530 0.1864
vn 0.7376 0.6730 0.0541
vn 0.9904 0.1386 -0.0000
vn 0.7434 0.6688 -0.0000
vn 0.9705 0.1530 -0.1864
vn 0.7376 0.6730 -0.0541
vn 0.9122 0.1952 -0.3601
vn 0.7207 0.6853 -0.1045
vn 0.8196 0.2624 -0.5093
vn 0.6938 0.7048 -0.1478
vn 0.6988 0.3500 -0.6238
vn 0.6588 0.7302 -0.1810
vn 0.5582 0.4520 -0.6957
vn 0.6180 0.7598 -0.2019
vn 0.1380 -0.5912 -0.7947
vn -0.0412 -0.4612 -0.8863
vn -0.5872 -0.8095 -0.0000
vn -0.4632 -0.8064 -0.3677
vn -0.3889 -0.8603 -0.3296
vn -0.3251 -0.9066 -0.2691
vn -0.2761 -0.9421 -0.1903
vn -0.2454 -0.9644 -0.0985
vn -0.2349 -0.9720 -0.0000
vn -0.2454 -0.9644 0.0985
vn -0.2762 -0.9421 0.1903
vn -0.3251 -0.9066 0.2691
vn -0.3889 -0.8603 0.3296
vn -0.4632 -0.8064 0.3677
vn -0.5430 -0.7485 0.3806
vn -0.6227 -0.6907 0.3677
vn -0.6970 -0.6368 0.3296
vn -0.7608 -0.5905 0.2691
vn -0.8098 -0.5550 0.1903
vn -0.8406 -0.5327 0.0985
vn -0.8511 -0.5250 -0.0000
vn -0.8406 -0.5327 -0.0985
vn -0.8098 -0.5550 -0.1903
vn -0.7608 -0.5905 -0.2691
vn -0.6970 -0.6368 -0.3296
vn -0.6227 -0.6907 -0.3677
vn -0.5430 -0.7485 -0.3806
vn -0.2334 -0.3218 -0.9176
vn -0.4257 -0.1823 -0.8863
vn 0.4098 -0.7884 -0.4588
vn 0.2918 -0.7028 -0.6488
vn 0.4840 -0.8422 -0.2375
vn 0.5093 -0.8606 -0.0000
vn 0.4840 -0.8422 0.2375
vn 0.4098 -0.7884 0.4588
vn 0.2918 -0.7028 0.6488
vn 0.1380 -0.5912 0.7947
vn -0.0412 -0.4612 0.8863
vn -0.2334 -0.3218 0.9176
vn -0.4257 -0.1823 0.8863
vn -0.6048 -0.0524 0.7947
vn -0.7586 0.0592 0.6488
vn -0.8767 0.1448 0.4588
vn -0.9509 0.1986 0.2375
vn -0.9762 0.2170 -0.0000
vn -0.9509 0.1986 -0.2375
vn -0.8767 0.1448 -0.4588
vn -0.7586 0.0592 -0.6488
vn -0.6048 -0.0524 -0.7947
vn -0.5107 0.1314 0.8497
vn -0.3192 -0.0075 0.9477
vn -0.2761 -0.9421 0.1903
vn -0.4256 -0.1823 0.8863
vn 0.2835 -0.4447 -0.8497
vn 0.0919 -0.3057 -0.9477
vn 0.6535 -0.7131 0.2539
vn 0.6805 -0.7327 -0.0000
vn -0.5107 0.1314 -0.8497
vn -0.6752 0.2507 -0.6937
vn -0.6752 0.2507 0.6937
vn 0.5741 -0.6555 0.4905
vn -0.3192 -0.0075 -0.9477
vn -0.8014 0.3423 0.4905
vn 0.4479 -0.5640 0.6937
vn -0.8807 0.3998 0.2539
vn 0.2835 -0.4447 0.8497
vn 0.4479 -0.5640 -0.6937
vn -0.1136 -0.1566 -0.9811
vn -0.9078 0.4194 -0.0000
vn 0.0919 -0.3057 0.9477
vn 0.5741 -0.6555 -0.4905
vn -0.8807 0.3998 -0.2539
vn -0.1136 -0.1566 0.9811
vn 0.6535 -0.7131 -0.2539
vn -0.8014 0.3423 -0.4905
vn -0.2564 -0.6710 -0.6957
vn -0.4073 -0.5615 -0.7203
vn -0.5304 -0.8234 -0.2019
vn -0.5742 -0.7916 -0.2090
vn -0.1158 -0.7730 -0.6238
vn -0.4896 -0.8530 -0.1810
vn 0.0050 -0.8606 -0.5093
vn -0.4546 -0.8784 -0.1478
vn 0.0976 -0.9278 -0.3601
vn -0.4277 -0.8979 -0.1045
vn 0.1559 -0.9700 -0.1864
vn -0.4108 -0.9101 -0.0541
vn 0.1757 -0.9844 -0.0000
vn -0.4050 -0.9143 -0.0000
vn 0.1559 -0.9700 0.1864
vn -0.4108 -0.9101 0.0541
vn 0.0976 -0.9278 0.3601
vn -0.4277 -0.8979 0.1045
vn 0.0050 -0.8606 0.5093
vn -0.4545 -0.8784 0.1478
vn -0.1158 -0.7730 0.6238
vn -0.4896 -0.8530 0.1810
vn -0.2564 -0.6710 0.6957
vn -0.5304 -0.8233 0.2019
vn -0.4073 -0.5615 0.7203
vn -0.5742 -0.7916 0.2090
vn -0.5582 -0.4520 0.6957
vn -0.6180 -0.7598 0.2019
vn -0.6988 -0.3500 0.6238
vn -0.6588 -0.7302 0.1810
vn -0.8196 -0.2624 0.5093
vn -0.6938 -0.7048 0.1478
vn -0.9122 -0.1952 0.3601
vn -0.7207 -0.6853 0.1045
vn -0.9705 -0.1530 0.1864
vn -0.7376 -0.6730 0.0541
vn -0.9904 -0.1386 -0.0000
vn -0.7434 -0.6688 -0.0000
vn -0.9705 -0.1530 -0.1864
vn -0.7376 -0.6730 -0.0541
vn -0.9122 -0.1952 -0.3601
vn -0.7207 -0.6853 -0.1045
vn -0.8196 -0.2624 -0.5093
vn -0.6938 -0.7048 -0.1478
vn -0.6988 -0.3500 -0.6238
vn -0.6588 -0.7302 -0.1810
vn -0.5582 -0.4520 -0.6957
vn -0.6180 -0.7598 -0.2019
vn 0.0412 -0.4612 -0.8863
vn -0.1380 -0.5912 -0.7947
vn 0.5872 -0.8095 -0.0000
vn 0.3889 -0.8603 -0.3296
vn 0.4632 -0.8064 -0.3677
vn 0.3251 -0.9066 -0.2691
vn 0.2761 -0.9421 -0.1903
vn 0.2454 -0.9644 -0.0985
vn 0.2349 -0.9720 -0.0000
vn 0.2454 -0.9644 0.0985
vn 0.2761 -0.9421 0.1903
vn 0.3251 -0.9066 0.2691
vn 0.3889 -0.8603 0.3296
vn 0.4632 -0.8064 0.3677
vn 0.5430 -0.7485 0.3806
vn 0.6227 -0.6907 0.3677
vn 0.6970 -0.6368 0.3296
vn 0.7608 -0.5905 0.2691
vn 0.8098 -0.5550 0.1903
vn 0.8406 -0.5327 0.0985
vn 0.8511 -0.5250 -0.0000
vn 0.8406 -0.5327 -0.0985
vn 0.8098 -0.5550 -0.1903
vn 0.7608 -0.5905 -0.2691
vn 0.6970 -0.6368 -0.3296
vn 0.6227 -0.6907 -0.3677
vn 0.5430 -0.7485 -0.3806
vn 0.2334 -0.3218 -0.9176
vn 0.4257 -0.1823 -0.8863
vn -0.2918 -0.7028 -0.6488
vn -0.4098 -0.7884 -0.4588
vn -0.4840 -0.8422 -0.2375
vn -0.5093 -0.8606 -0.0000
vn -0.4840 -0.8422 0.2375
vn -0.4098 -0.7884 0.4588
vn -0.2918 -0.7028 0.6488
vn -0.1380 -0.5912 0.7947
vn 0.0412 -0.4612 0.8863
vn 0.2334 -0.3218 0.9176
vn 0.4257 -0.1823 0.8863
vn 0.6048 -0.0524 0.7947
vn 0.7586 0.0592 0.6488
vn 0.8767 0.1448 0.4588
vn 0.9509 0.1986 0.2375
vn 0.9762 0.2170 -0.0000
vn 0.9509 0.1986 -0.2375
vn 0.8767 0.1448 -0.4588
vn 0.7586 0.0592 -0.6488
vn 0.6048 -0.0524 -0.7947
vn 0.3192 -0.0075 0.9477
vn 0.5107 0.1314 0.8497
vn 0.4256 -0.1823 0.8863
vn -0.0919 -0.3057 -0.9477
vn -0.2835 -0.4447 -0.8497
vn -0.6805 -0.7327 -0.0000
vn -0.6535 -0.7131 0.2539
vn 0.6752 0.2507 -0.6937
vn 0.5107 0.1314 -0.8497
vn 0.6752 0.2507 0.6937
vn -0.5741 -0.6555 0.4905
vn 0.3192 -0.0075 -0.9477
vn 0.8014 0.3423 0.4905
vn -0.4479 -0.5640 0.6937
vn 0.8807 0.3998 0.2539
vn -0.2835 -0.4447 0.8497
vn -0.4479 -0.5640 -0.6937
vn 0.1136 -0.1566 -0.9811
vn 0.9078 0.4194 -0.0000
vn -0.0919 -0.3057 0.9477
vn -0.5741 -0.6555 -0.4905
vn 0.8807 0.3998 -0.2539
vn 0.1136 -0.1566 0.9811
vn -0.6535 -0.7131 -0.2539
vn 0.8014 0.3423 -0.4905
vn 0.4073 -0.5615 -0.7203
vn 0.2564 -0.6710 -0.6957
vn 0.5742 -0.7916 -0.2090
vn 0.5304 -0.8234 -0.2019
vn 0.1158 -0.7730 -0.6238
vn 0.4896 -0.8530 -0.1810
vn -0.0050 -0.8606 -0.5093
vn 0.4545 -0.8784 -0.1478
vn -0.0976 -0.9278 -0.3601
vn 0.4277 -0.8979 -0.1045
vn -0.1559 -0.9700 -0.1864
vn 0.4108 -0.9101 -0.0541
vn -0.1757 -0.9844 -0.0000
vn 0.4050 -0.9143 -0.0000
vn -0.1559 -0.9700 0.1864
vn 0.4108 -0.9101 0.0541
vn -0.0976 -0.9278 0.3601
vn 0.4277 -0.8979 0.1045
vn -0.0050 -0.8606 0.5093
vn 0.4546 -0.8784 0.1478
vn 0.1158 -0.7730 0.6238
vn 0.4896 -0.8530 0.1810
vn 0.2564 -0.6710 0.6957
vn 0.5304 -0.8233 0.2019
vn 0.4073 -0.5615 0.7203
vn 0.5742 -0.7916 0.2090
vn 0.5582 -0.4520 0.6957
vn 0.6180 -0.7598 0.2019
vn 0.6988 -0.3500 0.6238
vn 0.6588 -0.7302 0.1810
vn 0.8196 -0.2624 0.5093
vn 0.6938 -0.7048 0.1478
vn 0.9122 -0.1952 0.3601
vn 0.7207 -0.6853 0.1045
vn 0.9705 -0.1530 0.1864
vn 0.7376 -0.6730 0.0541
vn 0.9904 -0.1386 -0.0000
vn 0.7434 -0.6688 -0.0000
vn 0.9705 -0.1530 -0.1864
vn 0.7376 -0.6730 -0.0541
vn 0.9122 -0.1952 -0.3601
vn 0.7207 -0.6853 -0.1045
vn 0.8196 -0.2624 -0.5093
vn 0.6938 -0.7048 -0.1478
vn 0.6988 -0.3500 -0.6238
vn 0.6588 -0.7302 -0.1810
vn 0.5582 -0.4520 -0.6957
vn 0.6180 -0.7598 -0.2019
vn 0.2095 -0.9659 -0.1520
vn -0.0412 -0.8863 -0.4612
vn 0.1380 -0.7947 -0.5912
vn 0.4047 -0.8660 -0.2936
vn -0.5872 -0.0000 -0.8095
vn -0.3889 -0.3296 -0.8603
vn -0.4632 -0.3677 -0.8064
vn -0.3251 -0.2691 -0.9066
vn -0.2761 -0.1903 -0.9421
vn -0.2454 -0.0985 -0.9644
vn -0.2349 -0.0000 -0.9720
vn -0.2454 0.0985 -0.9644
vn -0.2762 0.1903 -0.9421
vn -0.3251 0.2691 -0.9066
vn -0.3889 0.3296 -0.8603
vn -0.4632 0.3677 -0.8064
vn -0.5430 0.3806 -0.7485
vn -0.6227 0.3677 -0.6907
vn -0.6970 0.3296 -0.6368
vn -0.7608 0.2691 -0.5905
vn -0.8098 0.1903 -0.5550
vn -0.8406 0.0985 -0.5327
vn -0.8511 -0.0000 -0.5250
vn -0.8406 -0.0985 -0.5327
vn -0.8098 -0.1903 -0.5550
vn -0.7608 -0.2691 -0.5905
vn -0.6970 -0.3296 -0.6368
vn -0.6227 -0.3677 -0.6907
vn -0.5430 -0.3806 -0.7485
vn -0.2334 -0.9176 -0.3218
vn -0.2095 -0.9659 0.1520
vn -0.4257 -0.8863 -0.1823
vn 0.5724 -0.7071 -0.4152
vn 0.2918 -0.6488 -0.7028
vn 0.4098 -0.4588 -0.7884
vn 0.7010 -0.5000 -0.5085
vn 0.4840 -0.2375 -0.8422
vn 0.7819 -0.2588 -0.5672
vn 0.5093 -0.0000 -0.8606
vn 0.8095 -0.0000 -0.5872
vn 0.4840 0.2375 -0.8422
vn 0.7819 0.2588 -0.5672
vn 0.4098 0.4588 -0.7884
vn 0.7010 0.5000 -0.5085
vn 0.2918 0.6488 -0.7028
vn 0.5724 0.7071 -0.4152
vn 0.1380 0.7947 -0.5912
vn 0.4047 0.8660 -0.2936
vn -0.0412 0.8863 -0.4612
vn 0.2095 0.9659 -0.1520
vn -0.2334 0.9176 -0.3218
vn -0.4257 0.8863 -0.1823
vn -0.2095 0.9659 0.1520
vn -0.6048 0.7947 -0.0524
vn -0.4047 0.8660 0.2936
vn -0.7586 0.6488 0.0592
vn -0.5724 0.7071 0.4152
vn -0.8767 0.4588 0.1448
vn -0.7010 0.5000 0.5085
vn -0.9509 0.2375 0.1986
vn -0.7819 0.2588 0.5672
vn -0.9762 -0.0000 0.2170
vn -0.8095 -0.0000 0.5872
vn -0.9509 -0.2375 0.1986
vn -0.7819 -0.2588 0.5672
vn -0.8767 -0.4588 0.1448
vn -0.7010 -0.5000 0.5085
vn -0.7586 -0.6488 0.0592
vn -0.5724 -0.7071 0.4152
vn -0.6048 -0.7947 -0.0524
vn -0.4047 -0.8660 0.2936
vn -0.3192 0.9477 -0.0075
vn -0.5107 0.8497 0.1314
vn -0.2761 0.1903 -0.9421
vn 0.5094 -0.0000 -0.8606
vn -0.4256 -0.8863 -0.1823
vn 0.0919 -0.9477 -0.3057
vn 0.2835 -0.8497 -0.4447
vn 0.6805 -0.0000 -0.7327
vn 0.6535 0.2539 -0.7131
vn -0.6752 -0.6937 0.2507
vn -0.5107 -0.8497 0.1314
vn -0.6752 0.6937 0.2507
vn 0.5741 0.4906 -0.6555
vn -0.3192 -0.9477 -0.0075
vn -0.8014 0.4905 0.3423
vn 0.4479 0.6937 -0.5640
vn -0.8807 0.2539 0.3998
vn 0.2835 0.8497 -0.4447
vn 0.4479 -0.6937 -0.5640
vn -0.1136 -0.9811 -0.1566
vn -0.9078 -0.0000 0.4194
vn 0.0919 0.9477 -0.3057
vn 0.5741 -0.4905 -0.6555
vn -0.8807 -0.2539 0.3998
vn -0.1136 0.9811 -0.1566
vn 0.6535 -0.2539 -0.7131
vn -0.8014 -0.4906 0.3423
vn -0.4073 -0.7203 -0.5615
vn -0.2564 -0.6957 -0.6710
vn -0.5742 -0.2090 -0.7916
vn -0.5304 -0.2019 -0.8234
vn -0.1158 -0.6238 -0.7730
vn -0.4896 -0.1810 -0.8530
vn 0.0050 -0.5093 -0.8606
vn -0.4546 -0.1478 -0.8784
vn 0.0976 -0.3601 -0.9278
vn -0.4277 -0.1045 -0.8979
vn 0.1559 -0.1864 -0.9700
vn -0.4108 -0.0541 -0.9101
vn 0.1757 -0.0000 -0.9844
vn -0.4050 -0.0000 -0.9143
vn 0.1559 0.1864 -0.9700
vn -0.4108 0.0541 -0.9101
vn 0.0976 0.3601 -0.9278
vn -0.4277 0.1045 -0.8979
vn 0.0050 0.5093 -0.8606
vn -0.4546 0.1478 -0.8784
vn -0.1158 0.6238 -0.7730
vn -0.4896 0.1810 -0.8530
vn -0.2564 0.6957 -0.6710
vn -0.5304 0.2019 -0.8234
vn -0.4073 0.7203 -0.5615
vn -0.5742 0.2090 -0.7916
vn -0.5582 0.6957 -0.4520
vn -0.6180 0.2019 -0.7598
vn -0.6988 0.6238 -0.3500
vn -0.6588 0.1810 -0.7302
vn -0.8196 0.5093 -0.2625
vn -0.6938 0.1478 -0.7048
vn -0.9122 0.3601 -0.1952
vn -0.7207 0.1045 -0.6853
vn -0.9705 0.1864 -0.1530
vn -0.7376 0.0541 -0.6730
vn -0.9904 -0.0000 -0.1386
vn -0.7434 -0.0000 -0.6688
vn -0.9705 -0.1864 -0.1530
vn -0.7376 -0.0541 -0.6730
vn -0.9122 -0.3601 -0.1952
vn -0.7207 -0.1045 -0.6853
vn -0.8196 -0.5093 -0.2625
vn -0.6938 -0.1478 -0.7048
vn -0.6988 -0.6238 -0.3500
vn -0.6588 -0.1810 -0.7302
vn -0.5582 -0.6957 -0.4520
vn -0.6180 -0.2019 -0.7598
vn -0.2095 -0.9659 -0.1520
vn -0.4047 -0.8660 -0.2936
vn -0.1380 -0.7947 -0.5912
vn 0.0412 -0.8863 -0.4612
vn 0.5872 -0.0000 -0.8095
vn 0.4632 -0.3677 -0.8064
vn 0.3889 -0.3296 -0.8603
vn 0.3251 -0.2691 -0.9066
vn 0.2761 -0.1903 -0.9421
vn 0.2454 -0.0985 -0.9644
vn 0.2349 -0.0000 -0.9720
vn 0.2454 0.0985 -0.9644
vn 0.2762 0.1903 -0.9421
vn 0.3251 0.2691 -0.9066
vn 0.3889 0.3296 -0.8603
vn 0.4632 0.3677 -0.8064
vn 0.5430 0.3806 -0.7485
vn 0.6227 0.3677 -0.6907
vn 0.6970 0.3296 -0.6368
vn 0.7608 0.2691 -0.5905
vn 0.8098 0.1903 -0.5550
vn 0.8406 0.0985 -0.5327
vn 0.8511 -0.0000 -0.5250
vn 0.8406 -0.0985 -0.5327
vn 0.8098 -0.1903 -0.5550
vn 0.7608 -0.2691 -0.5905
vn 0.6970 -0.3296 -0.6368
vn 0.6227 -0.3677 -0.6907
vn 0.5430 -0.3806 -0.7485
vn 0.2334 -0.9176 -0.3218
vn 0.2095 -0.9659 0.1520
vn 0.4257 -0.8863 -0.1823
vn -0.5724 -0.7071 -0.4152
vn -0.7010 -0.5000 -0.5085
vn -0.4098 -0.4588 -0.7884
vn -0.2918 -0.6488 -0.7028
vn -0.7819 -0.2588 -0.5672
vn -0.4840 -0.2375 -0.8422
vn -0.8095 -0.0000 -0.5872
vn -0.5093 -0.0000 -0.8606
vn -0.7819 0.2588 -0.5672
vn -0.4840 0.2375 -0.8422
vn -0.7010 0.5000 -0.5085
vn -0.4098 0.4588 -0.7884
vn -0.5724 0.7071 -0.4152
vn -0.2918 0.6488 -0.7028
vn -0.4047 0.8660 -0.2936
vn -0.1380 0.7947 -0.5912
vn -0.2095 0.9659 -0.1520
vn 0.0412 0.8863 -0.4612
vn 0.2334 0.9176 -0.3218
vn 0.2095 0.9659 0.1520
vn 0.4257 0.8863 -0.1823
vn 0.4047 0.8660 0.2936
vn 0.6048 0.7947 -0.0524
vn 0.5724 0.7071 0.4152
vn 0.7586 0.6488 0.0592
vn 0.7010 0.5000 0.5085
vn 0.8767 0.4588 0.1448
vn 0.7819 0.2588 0.5672
vn 0.9509 0.2375 0.1986
vn 0.8095 -0.0000 0.5872
vn 0.9762 -0.0000 0.2170
vn 0.7819 -0.2588 0.5672
vn 0.9509 -0.2375 0.1986
vn 0.7010 -0.5000 0.5085
vn 0.8767 -0.4588 0.1448
vn 0.5724 -0.7071 0.4152
vn 0.7586 -0.6488 0.0592
vn 0.4047 -0.8660 0.2936
vn 0.6048 -0.7947 -0.0524
vn 0.5107 0.8497 0.1314
vn 0.3192 0.9477 -0.0075
vn 0.2761 0.1903 -0.9421
vn -0.5094 -0.0000 -0.8606
vn 0.4256 -0.8863 -0.1823
vn -0.2835 -0.8497 -0.4447
vn -0.0919 -0.9477 -0.3057
vn -0.6535 0.2539 -0.7131
vn -0.6805 -0.0000 -0.7327
vn 0.5107 -0.8497 0.1314
vn 0.6752 -0.6937 0.2507
vn 0.6752 0.6937 0.2507
vn -0.5741 0.4906 -0.6555
vn 0.3192 -0.9477 -0.0075
vn 0.8014 0.4906 0.3423
vn -0.4479 0.6937 -0.5640
vn 0.8807 0.2539 0.3998
vn -0.2835 0.8497 -0.4447
vn -0.4479 -0.6937 -0.5640
vn 0.1136 -0.9811 -0.1566
vn 0.9078 -0.0000 0.4194
vn -0.0919 0.9477 -0.3057
vn -0.5741 -0.4905 -0.6555
vn 0.8807 -0.2539 0.3998
vn 0.1136 0.9811 -0.1566
vn -0.6535 -0.2539 -0.7131
vn 0.8014 -0.4905 0.3423
vn 0.2564 -0.6957 -0.6710
vn 0.4073 -0.7203 -0.5615
vn 0.5304 -0.2019 -0.8234
vn 0.5742 -0.2090 -0.7916
vn 0.1158 -0.6238 -0.7730
vn 0.4896 -0.1810 -0.8530
vn -0.0050 -0.5093 -0.8606
vn 0.4546 -0.1478 -0.8784
vn -0.0976 -0.3601 -0.9278
vn 0.4277 -0.1045 -0.8979
vn -0.1559 -0.1864 -0.9700
vn 0.4108 -0.0541 -0.9101
vn -0.1757 -0.0000 -0.9844
vn 0.4050 -0.0000 -0.9143
vn -0.1559 0.1864 -0.9700
vn 0.4108 0.0541 -0.9101
vn -0.0976 0.3601 -0.9278
vn 0.4277 0.1045 -0.8979
vn -0.0050 0.5093 -0.8606
vn 0.4545 0.1478 -0.8784
vn 0.1158 0.6238 -0.7730
vn 0.4896 0.1810 -0.8530
vn 0.2564 0.6957 -0.6710
vn 0.5304 0.2019 -0.8234
vn 0.4073 0.7203 -0.5615
vn 0.5742 0.2090 -0.7916
vn 0.5582 0.6957 -0.4520
vn 0.6180 0.2019 -0.7598
vn 0.6988 0.6238 -0.3500
vn 0.6588 0.1810 -0.7302
vn 0.8196 0.5093 -0.2625
vn 0.6938 0.1478 -0.7048
vn 0.9122 0.3601 -0.1952
vn 0.7207 0.1045 -0.6853
vn 0.9705 0.1864 -0.1530
vn 0.7376 0.0541 -0.6730
vn 0.9904 -0.0000 -0.1386
vn 0.7434 -0.0000 -0.6688
vn 0.9705 -0.1864 -0.1530
vn 0.7376 -0.0541 -0.6730
vn 0.9122 -0.3601 -0.1952
vn 0.7207 -0.1045 -0.6853
vn 0.8196 -0.5093 -0.2625
vn 0.6938 -0.1478 -0.7048
vn 0.6988 -0.6238 -0.3500
vn 0.6588 -0.1810 -0.7302
vn 0.5582 -0.6957 -0.4520
vn 0.6180 -0.2019 -0.7598
vn 0.1380 -0.7947 0.5912
vn -0.0412 -0.8863 0.4612
vn -0.5872 -0.0000 0.8095
vn -0.4632 -0.3677 0.8064
vn -0.3889 -0.3296 0.8603
vn -0.3251 -0.2691 0.9066
vn -0.2761 -0.1903 0.9421
vn -0.2454 -0.0985 0.9644
vn -0.2349 -0.0000 0.9720
vn -0.2454 0.0985 0.9644
vn -0.2762 0.1903 0.9421
vn -0.3251 0.2691 0.9066
vn -0.3889 0.3296 0.8603
vn -0.4632 0.3677 0.8064
vn -0.5430 0.3806 0.7485
vn -0.6227 0.3677 0.6907
vn -0.6970 0.3296 0.6368
vn -0.7608 0.2691 0.5905
vn -0.8098 0.1903 0.5550
vn -0.8406 0.0985 0.5327
vn -0.8511 -0.0000 0.5250
vn -0.8406 -0.0985 0.5327
vn -0.8098 -0.1903 0.5550
vn -0.7608 -0.2691 0.5905
vn -0.6970 -0.3296 0.6368
vn -0.6227 -0.3677 0.6907
vn -0.5430 -0.3806 0.7485
vn -0.2334 -0.9176 0.3218
vn -0.4257 -0.8863 0.1823
vn 0.4098 -0.4588 0.7884
vn 0.2918 -0.6488 0.7028
vn 0.4840 -0.2375 0.8422
vn 0.5093 -0.0000 0.8606
vn 0.4840 0.2375 0.8422
vn 0.4098 0.4588 0.7884
vn 0.2918 0.6488 0.7028
vn 0.1380 0.7947 0.5912
vn -0.0412 0.8863 0.4612
vn -0.2334 0.9176 0.3218
vn -0.4257 0.8863 0.1823
vn -0.6048 0.7947 0.0524
vn -0.7586 0.6488 -0.0592
vn -0.8767 0.4588 -0.1448
vn -0.9509 0.2375 -0.1986
vn -0.9762 -0.0000 -0.2170
vn -0.9509 -0.2375 -0.1986
vn -0.8767 -0.4588 -0.1448
vn -0.7586 -0.6488 -0.0592
vn -0.6048 -0.7947 0.0524
vn -0.5107 0.8497 -0.1314
vn -0.3192 0.9477 0.0075
vn -0.2761 0.1903 0.9421
vn 0.5094 -0.0000 0.8606
vn 0.2835 -0.8497 0.4447
vn 0.0919 -0.9477 0.3057
vn 0.6535 0.2539 0.7131
vn 0.6805 -0.0000 0.7327
vn -0.5107 -0.8497 -0.1314
vn -0.6752 -0.6937 -0.2507
vn -0.6752 0.6937 -0.2507
vn 0.5741 0.4906 0.6555
vn -0.3192 -0.9477 0.0075
vn -0.8014 0.4905 -0.3423
vn 0.4479 0.6937 0.5640
vn -0.8807 0.2539 -0.3998
vn 0.2835 0.8497 0.4447
vn 0.4479 -0.6937 0.5640
vn -0.1136 -0.9811 0.1566
vn -0.9078 -0.0000 -0.4194
vn 0.0919 0.9477 0.3057
vn 0.5741 -0.4905 0.6555
vn -0.8807 -0.2539 -0.3998
vn -0.1136 0.9811 0.1566
vn 0.6535 -0.2539 0.7131
vn -0.8014 -0.4905 -0.3423
vn -0.2564 -0.6957 0.6710
vn -0.4073 -0.7203 0.5615
vn -0.5304 -0.2019 0.8234
vn -0.5742 -0.2090 0.7916
vn -0.1158 -0.6238 0.7730
vn -0.4896 -0.1810 0.8530
vn 0.0050 -0.5093 0.8606
vn -0.4546 -0.1478 0.8784
vn 0.0976 -0.3601 0.9278
vn -0.4277 -0.1045 0.8979
vn 0.1559 -0.1864 0.9700
vn -0.4108 -0.0541 0.9101
vn 0.1757 -0.0000 0.9844
vn -0.4050 -0.0000 0.9143
vn 0.1559 0.1864 0.9700
vn -0.4108 0.0541 0.9101
vn 0.0976 0.3601 0.9278
vn -0.4277 0.1045 0.8979
vn 0.0050 0.5093 0.8606
vn -0.4545 0.1478 0.8784
vn -0.1158 0.6238 0.7730
vn -0.4896 0.1810 0.8530
vn -0.2564 0.6957 0.6710
vn -0.5304 0.2019 0.8234
vn -0.4073 0.7203 0.5615
vn -0.5742 0.2090 0.7916
vn -0.5582 0.6957 0.4520
vn -0.6180 0.2019 0.7598
vn -0.6988 0.6238 0.3500
vn -0.6588 0.1810 0.7302
vn -0.8196 0.5093 0.2625
vn -0.6938 0.1478 0.7048
vn -0.9122 0.3601 0.1952
vn -0.7207 0.1045 0.6853
vn -0.9705 0.1864 0.1530
vn -0.7376 0.0541 0.6730
vn -0.9904 -0.0000 0.1386
vn -0.7434 -0.0000 0.6688
vn -0.9705 -0.1864 0.1530
vn -0.7376 -0.0541 0.6730
vn -0.9122 -0.3601 0.1952
vn -0.7207 -0.1045 0.6853
vn -0.8196 -0.5093 0.2624
vn -0.6938 -0.1478 0.7048
vn -0.6988 -0.6238 0.3500
vn -0.6588 -0.1810 0.7302
vn -0.5582 -0.6957 0.4520
vn -0.6180 -0.2019 0.7598
vn 0.0412 -0.8863 0.4612
vn -0.1380 -0.7947 0.5912
vn 0.5872 -0.0000 0.8095
vn 0.3889 -0.3296 0.8603
vn 0.4632 -0.3677 0.8064
vn 0.3251 -0.2691 0.9066
vn 0.2761 -0.1903 0.9421
vn 0.2454 -0.0985 0.9644
vn 0.2349 -0.0000 0.9720
vn 0.2454 0.0985 0.9644
vn 0.2762 0.1903 0.9421
vn 0.3251 0.2691 0.9066
vn 0.3889 0.3296 0.8603
vn 0.4632 0.3677 0.8064
vn 0.5430 0.3806 0.7485
vn 0.6227 0.3677 0.6907
vn 0.6970 0.3296 0.6368
vn 0.7608 0.2691 0.5905
vn 0.8098 0.1903 0.5550
vn 0.8406 0.0985 0.5327
vn 0.8511 -0.0000 0.5250
vn 0.8406 -0.0985 0.5327
vn 0.8098 -0.1903 0.5550
vn 0.7608 -0.2691 0.5905
vn 0.6970 -0.3296 0.6368
vn 0.6227 -0.3677 0.6907
vn 0.5430 -0.3806 0.7485
vn 0.2334 -0.9176 0.3218
vn 0.4257 -0.8863 0.1823
vn -0.2918 -0.6488 0.7028
vn -0.4098 -0.4588 0.7884
vn -0.4840 -0.2375 0.8422
vn -0.5093 -0.0000 0.8606
vn -0.4840 0.2375 0.8422
vn -0.4098 0.4588 0.7884
vn -0.2918 0.6488 0.7028
vn -0.1380 0.7947 0.5912
vn 0.0412 0.8863 0.4612
vn 0.2334 0.9176 0.3218
vn 0.4257 0.8863 0.1823
vn 0.6048 0.7947 0.0524
vn 0.7586 0.6488 -0.0592
vn 0.8767 0.4588 -0.1448
vn 0.9509 0.2375 -0.1986
vn 0.9762 -0.0000 -0.2170
vn 0.9509 -0.2375 -0.1986
vn 0.8767 -0.4588 -0.1448
vn 0.7586 -0.6488 -0.0592
vn 0.6048 -0.7947 0.0524
vn 0.3192 0.9477 0.0075
vn 0.5107 0.8497 -0.1314
vn 0.2761 0.1903 0.9421
vn -0.5094 -0.0000 0.8606
vn -0.0919 -0.9477 0.3057
vn -0.2835 -0.8497 0.4447
vn -0.6805 -0.0000 0.7327
vn -0.6535 0.2539 0.7131
vn 0.6752 -0.6937 -0.2507
vn 0.5107 -0.8497 -0.1314
vn 0.6752 0.6937 -0.2507
vn -0.5741 0.4906 0.6555
vn 0.3192 -0.9477 0.0075
vn 0.8014 0.4905 -0.3423
vn -0.4479 0.6937 0.5640
vn 0.8807 0.2539 -0.3998
vn -0.2835 0.8497 0.4447
vn -0.4479 -0.6937 0.5640
vn 0.1136 -0.9811 0.1566
vn 0.9078 -0.0000 -0.4194
vn -0.0919 0.9477 0.3057
vn -0.5741 -0.4905 0.6555
vn 0.8807 -0.2539 -0.3998
vn 0.1136 0.9811 0.1566
vn -0.6535 -0.2539 0.7131
vn 0.8014 -0.4906 -0.3423
vn 0.4073 -0.7203 0.5615
vn 0.2564 -0.6957 0.6710
vn 0.5742 -0.2090 0.7916
vn 0.5304 -0.2019 0.8234
vn 0.1158 -0.6238 0.7730
vn 0.4896 -0.1810 0.8530
vn -0.0050 -0.5093 0.8606
vn 0.4546 -0.1478 0.8784
vn -0.0976 -0.3601 0.9278
vn 0.4277 -0.1045 0.8979
vn -0.1559 -0.1864 0.9700
vn 0.4108 -0.0541 0.9101
vn -0.1757 -0.0000 0.9844
vn 0.4050 -0.0000 0.9143
vn -0.1559 0.1864 0.9700
vn 0.4108 0.0541 0.9101
vn -0.0976 0.3601 0.9278
vn 0.4277 0.1045 0.8979
vn -0.0050 0.5093 0.8606
vn 0.4545 0.1478 0.8784
vn 0.1158 0.6238 0.7730
vn 0.4896 0.1810 0.8530
vn 0.2564 0.6957 0.6710
vn 0.5304 0.2019 0.8234
vn 0.4073 0.7203 0.5615
vn 0.5742 0.2090 0.7916
vn 0.5582 0.6957 0.4520
vn 0.6180 0.2019 0.7598
vn 0.6988 0.6238 0.3500
vn 0.6588 0.1810 0.7302
vn 0.8196 0.5093 0.2624
vn 0.6938 0.1478 0.7048
vn 0.9122 0.3601 0.1952
vn 0.7207 0.1045 0.6853
vn 0.9705 0.1864 0.1530
vn 0.7376 0.0541 0.6730
vn 0.9904 -0.0000 0.1386
vn 0.7434 -0.0000 0.6688
vn 0.9705 -0.1864 0.1530
vn 0.7376 -0.0541 0.6730
vn 0.9122 -0.3601 0.1952
vn 0.7207 -0.1045 0.6853
vn 0.8196 -0.5093 0.2624
vn 0.6938 -0.1478 0.7048
vn 0.6988 -0.6238 0.3500
vn 0.6588 -0.1810 0.7302
vn 0.5582 -0.6957 0.4520
vn 0.6180 -0.2019 0.7598
vn 0.9660 0.0504 -0.2535
vn 0.9660 0.0989 -0.2388
vn 0.8863 0.0904 -0.4542
vn 0.8863 0.1772 -0.4279
vn 0.8863 0.2573 -0.3851
vn 0.8863 0.3275 -0.3275
vn 0.8863 0.3851 -0.2573
vn 0.8863 0.4279 -0.1772
vn 0.8863 0.4542 -0.0904
vn 0.8863 0.4631 -0.0000
vn 0.8863 0.4542 0.0904
vn 0.8863 0.4279 0.1772
vn 0.8863 0.3851 0.2573
vn 0.8863 0.3275 0.3275
vn 0.8863 0.2573 0.3851
vn 0.8863 0.1772 0.4279
vn 0.8863 0.0904 0.4542
vn 0.8863 -0.0000 0.4631
vn 0.8863 -0.0904 0.4542
vn 0.8863 -0.1772 0.4279
vn 0.8863 -0.2573 0.3851
vn 0.8863 -0.3275 0.3275
vn 0.8863 -0.3851 0.2573
vn 0.8863 -0.4279 0.1772
vn 0.8863 -0.4542 0.0904
vn 0.8863 -0.4631 -0.0000
vn 0.8863 -0.4542 -0.0904
vn 0.8863 -0.4279 -0.1772
vn 0.8863 -0.3851 -0.2573
vn 0.8863 -0.3275 -0.3275
vn 0.8863 -0.2573 -0.3851
vn 0.8863 -0.1772 -0.4279
vn 0.8863 -0.0904 -0.4542
vn 0.8863 -0.0000 -0.4631
vn 0.9660 -0.0000 -0.2584
vn -0.8863 0.1772 -0.4279
vn -0.8863 0.0904 -0.4542
vn -0.8863 -0.0000 -0.4631
vn -0.8863 -0.0904 -0.4542
vn -0.8863 0.2573 -0.3851
vn 0.9660 0.1828 -0.1828
vn 0.9660 0.2149 -0.1436
vn -0.8863 0.3275 -0.3275
vn 0.9660 0.2388 -0.0989
vn -0.8863 0.3851 -0.2573
vn 0.9660 0.2535 -0.0504
vn -0.8863 0.4279 -0.1772
vn 0.9660 0.2584 -0.0000
vn -0.8863 0.4542 -0.0904
vn 0.9660 0.2535 0.0504
vn -0.8863 0.4631 -0.0000
vn 0.9660 0.2388 0.0989
vn -0.8863 0.4542 0.0904
vn 0.9660 0.2149 0.1436
vn -0.8863 0.4279 0.1772
vn 0.9660 0.1828 0.1828
vn -0.8863 0.3851 0.2573
vn 0.9660 0.1436 0.2149
vn -0.8863 0.3275 0.3275
vn 0.9660 0.0989 0.2388
vn -0.8863 0.2573 0.3851
vn 0.9660 0.0504 0.2535
vn -0.8863 0.1772 0.4279
vn 0.9660 -0.0000 0.2584
vn -0.8863 0.0904 0.4542
vn 0.9660 -0.0504 0.2535
vn -0.8863 -0.0000 0.4631
vn 0.9660 -0.0989 0.2388
vn -0.8863 -0.0904 0.4542
vn 0.9660 -0.1436 0.2149
vn -0.8863 -0.1772 0.4279
vn 0.9660 -0.1828 0.1828
vn -0.8863 -0.2573 0.3851
vn 0.9660 -0.2149 0.1436
vn -0.8863 -0.3275 0.3275
vn 0.9660 -0.2388 0.0989
vn -0.8863 -0.3851 0.2573
vn 0.9660 -0.2535 0.0504
vn -0.8863 -0.4279 0.1772
vn 0.9660 -0.2584 -0.0000
vn -0.8863 -0.4542 0.0904
vn 0.9660 -0.2535 -0.0504
vn -0.8863 -0.4631 -0.0000
vn 0.9660 -0.2388 -0.0989
vn -0.8863 -0.4542 -0.0904
vn 0.9660 -0.2149 -0.1436
vn -0.8863 -0.4279 -0.1772
vn 0.9660 -0.1828 -0.1828
vn -0.8863 -0.3851 -0.2573
vn 0.9660 -0.1436 -0.2149
vn -0.8863 -0.3275 -0.3275
vn 0.9660 -0.0989 -0.2388
vn -0.8863 -0.2573 -0.3851
vn -0.8863 -0.1772 -0.4279
vn -0.9660 0.1436 -0.2149
vn -0.9660 0.0989 -0.2388
vn -0.9660 -0.0504 -0.2535
vn -0.9660 -0.0989 -0.2388
vn -0.9660 0.2149 -0.1436
vn -0.9660 0.1828 -0.1828
vn 0.3163 -0.0000 -0.9486
vn 0.3163 0.1851 -0.9304
vn -0.3163 0.1851 -0.9304
vn -0.3163 -0.0000 -0.9486
vn 0.3163 0.3630 -0.8764
vn -0.3163 0.3630 -0.8764
vn 0.3163 0.5270 -0.7888
vn -0.3163 0.5270 -0.7888
vn 0.3163 0.6708 -0.6708
vn -0.3163 0.6708 -0.6708
vn 0.3163 0.7888 -0.5270
vn -0.3163 0.7888 -0.5270
vn 0.3163 0.8764 -0.3630
vn -0.3163 0.8764 -0.3630
vn 0.3163 0.9304 -0.1851
vn -0.3163 0.9304 -0.1851
vn 0.3163 0.9486 -0.0000
vn -0.3163 0.9486 -0.0000
vn 0.3163 0.9304 0.1851
vn -0.3163 0.9304 0.1851
vn 0.3163 0.8764 0.3630
vn -0.3163 0.8764 0.3630
vn 0.3163 0.7888 0.5270
vn -0.3163 0.7888 0.5270
vn 0.3163 0.6708 0.6708
vn -0.3163 0.6708 0.6708
vn 0.3163 0.5270 0.7888
vn -0.3163 0.5270 0.7888
vn 0.3163 0.3630 0.8764
vn -0.3163 0.3630 0.8764
vn 0.3163 0.1851 0.9304
vn -0.3163 0.1851 0.9304
vn 0.3163 -0.0000 0.9486
vn -0.3163 -0.0000 0.9486
vn 0.3163 -0.1851 0.9304
vn -0.3163 -0.1851 0.9304
vn 0.3163 -0.3630 0.8764
vn -0.3163 -0.3630 0.8764
vn 0.3163 -0.5270 0.7888
vn -0.3163 -0.5270 0.7888
vn 0.3163 -0.6708 0.6708
vn -0.3163 -0.6708 0.6708
vn 0.3163 -0.7888 0.5270
vn -0.3163 -0.7888 0.5270
vn 0.3163 -0.8764 0.3630
vn -0.3163 -0.8764 0.3630
vn 0.3163 -0.9304 0.1851
vn -0.3163 -0.9304 0.1851
vn 0.3163 -0.9486 -0.0000
vn -0.3163 -0.9486 -0.0000
vn 0.3163 -0.9304 -0.1851
vn -0.3163 -0.9304 -0.1851
vn 0.3163 -0.8764 -0.3630
vn -0.3163 -0.8764 -0.3630
vn 0.3163 -0.7888 -0.5270
vn -0.3163 -0.7888 -0.5270
vn 0.3163 -0.6708 -0.6708
vn -0.3163 -0.6708 -0.6708
vn 0.3163 -0.5270 -0.7888
vn -0.3163 -0.5270 -0.7888
vn 0.3163 -0.3630 -0.8764
vn -0.3163 -0.3630 -0.8764
vn 0.3163 -0.1851 -0.9304
vn -0.3163 -0.1851 -0.9304
vn 0.9660 0.1436 -0.2149
vn 0.9660 -0.0504 -0.2535
vn -0.9660 -0.1436 -0.2149
vn -0.9660 -0.1828 -0.1828
vn -0.9660 -0.2149 -0.1436
vn -0.9660 -0.2388 -0.0989
vn -0.9660 -0.2535 -0.0504
vn -0.9660 -0.2584 -0.0000
vn -0.9660 -0.2535 0.0504
vn -0.9660 -0.2388 0.0989
vn -0.9660 -0.2149 0.1436
vn -0.9660 -0.1828 0.1828
vn -0.9660 -0.1436 0.2149
vn -0.9660 -0.0989 0.2388
vn -0.9660 -0.0504 0.2535
vn -0.9660 -0.0000 0.2584
vn -0.9660 0.0504 0.2535
vn -0.9660 0.0989 0.2388
vn -0.9660 0.1436 0.2149
vn -0.9660 0.1828 0.1828
vn -0.9660 0.2149 0.1436
vn -0.9660 0.2388 0.0989
vn -0.9660 0.2535 0.0504
vn -0.9660 0.2584 -0.0000
vn -0.9660 0.2535 -0.0504
vn -0.9660 0.2388 -0.0989
vn 0.1524 -0.0000 -0.9883
vn 0.1524 0.1928 -0.9693
vn -0.9660 -0.0000 -0.2584
vn 0.1524 -0.0000 0.9883
vn 0.1524 -0.1928 0.9693
vn 0.1524 -0.9693 -0.1928
vn 0.1524 -0.9131 -0.3782
vn -0.1524 0.9883 -0.0000
vn -0.1524 0.9693 0.1928
vn -0.1524 -0.1928 0.9693
vn -0.1524 -0.3782 0.9131
vn 0.1524 0.9883 -0.0000
vn 0.1524 0.9693 0.1928
vn -0.1524 -0.9131 -0.3782
vn -0.1524 -0.8218 -0.5491
vn 0.1524 -0.3782 0.9131
vn 0.1524 -0.8218 -0.5491
vn -0.1524 0.9131 0.3782
vn -0.1524 -0.5491 0.8218
vn 0.1524 0.9131 0.3782
vn -0.1524 -0.6989 -0.6989
vn 0.1524 -0.5491 0.8218
vn 0.1524 -0.6989 -0.6989
vn -0.1524 0.8218 0.5491
vn -0.1524 -0.6989 0.6988
vn 0.1524 0.8218 0.5491
vn -0.1524 -0.1928 -0.9693
vn -0.1524 -0.0000 -0.9883
vn -0.1524 -0.5491 -0.8218
vn 0.1524 -0.6989 0.6988
vn -0.9660 0.0504 -0.2535
vn 0.1524 -0.5491 -0.8218
vn -0.1524 0.6989 0.6988
vn -0.1524 0.1928 -0.9693
vn -0.1524 -0.8218 0.5491
vn 0.1524 0.6989 0.6989
vn 0.1524 -0.1928 -0.9693
vn -0.1524 -0.3782 -0.9131
vn 0.1524 -0.8218 0.5491
vn 0.1524 -0.3782 -0.9131
vn -0.1524 0.5491 0.8218
vn -0.1524 0.5491 -0.8218
vn -0.1524 0.6989 -0.6988
vn -0.0000 0.3827 -0.9239
vn -0.0000 0.5556 -0.8315
vn -0.0000 0.1951 -0.9808
vn -0.0000 -0.3827 -0.9239
vn -0.0000 -0.1951 -0.9808
vn -0.0000 -0.5556 -0.8315
vn -0.0000 -0.8315 -0.5556
vn -0.0000 -0.9239 -0.3827
vn -0.0000 -0.9808 -0.1951
vn -0.0000 -0.9808 0.1951
vn -0.0000 -0.9239 0.3827
vn -0.0000 -0.8315 0.5556
vn -0.0000 -0.5556 0.8315
vn -0.0000 -0.3827 0.9239
vn -0.0000 -0.1951 0.9808
vn -0.0000 0.1951 0.9808
vn -0.0000 0.3827 0.9239
vn -0.0000 0.5556 0.8315
vn -0.0000 0.8315 0.5556
vn -0.0000 0.9239 0.3827
vn -0.0000 0.9808 0.1951
vn -0.0000 0.9808 -0.1951
vn -0.0000 0.9239 -0.3827
vn -0.0000 0.8315 -0.5556
vn -0.1524 -0.9693 -0.1928
vn 0.1524 0.9693 -0.1928
vn -0.1524 -0.0000 0.9883
vn -0.1524 0.9693 -0.1928
vn 0.1524 -0.9883 -0.0000
vn 0.1524 0.3782 -0.9131
vn 0.1524 0.5491 -0.8218
vn 0.1524 0.1928 0.9693
vn -0.1524 -0.9883 -0.0000
vn 0.1524 0.9131 -0.3782
vn -0.1524 0.1928 0.9693
vn -0.1524 0.3782 -0.9131
vn -0.1524 0.9131 -0.3782
vn 0.1524 -0.9693 0.1928
vn 0.1524 0.3782 0.9131
vn -0.1524 -0.9693 0.1928
vn 0.1524 0.8218 -0.5491
vn -0.1524 0.3782 0.9131
vn -0.1524 0.8218 -0.5491
vn 0.1524 -0.9131 0.3782
vn 0.1524 0.5491 0.8218
vn -0.1524 -0.9131 0.3782
vn 0.1524 0.6989 -0.6988
vn 0.6277 0.4325 -0.6473
vn 0.6277 0.2979 -0.7192
vn -0.6277 0.2979 -0.7192
vn -0.6277 0.4325 -0.6473
vn 0.6277 0.1519 -0.7635
vn -0.6277 0.1519 -0.7635
vn 0.6277 -0.1519 -0.7635
vn 0.6277 -0.2979 -0.7192
vn -0.6277 -0.2979 -0.7192
vn -0.6277 -0.1519 -0.7635
vn 0.6277 -0.4325 -0.6473
vn -0.6277 -0.4325 -0.6473
vn 0.6277 -0.5505 -0.5505
vn -0.6277 -0.5505 -0.5505
vn 0.6277 -0.6473 -0.4325
vn -0.6277 -0.6473 -0.4325
vn 0.6277 -0.7192 -0.2979
vn -0.6277 -0.7192 -0.2979
vn 0.6277 -0.7635 -0.1519
vn -0.6277 -0.7635 -0.1519
vn 0.6277 -0.7785 -0.0000
vn -0.6277 -0.7785 -0.0000
vn 0.6277 -0.7635 0.1519
vn -0.6277 -0.7635 0.1519
vn 0.6277 -0.7192 0.2979
vn -0.6277 -0.7192 0.2979
vn 0.6277 -0.6473 0.4325
vn -0.6277 -0.6473 0.4325
vn 0.6277 -0.5505 0.5505
vn -0.6277 -0.5505 0.5505
vn 0.6277 -0.4325 0.6473
vn -0.6277 -0.4325 0.6473
vn 0.6277 -0.2979 0.7192
vn -0.6277 -0.2979 0.7192
vn 0.6277 -0.1519 0.7635
vn -0.6277 -0.1519 0.7635
vn 0.6277 -0.0000 0.7785
vn -0.6277 -0.0000 0.7785
vn 0.6277 0.1519 0.7635
vn -0.6277 0.1519 0.7635
vn 0.6277 0.2979 0.7192
vn -0.6277 0.2979 0.7192
vn 0.6277 0.4325 0.6473
vn -0.6277 0.4325 0.6473
vn 0.6277 0.5505 0.5505
vn -0.6277 0.5505 0.5505
vn 0.6277 0.6473 0.4325
vn -0.6277 0.6473 0.4325
vn 0.6277 0.7192 0.2979
vn -0.6277 0.7192 0.2979
vn 0.6277 0.7635 0.1519
vn -0.6277 0.7635 0.1519
vn 0.6277 0.7785 -0.0000
vn -0.6277 0.7785 -0.0000
vn 0.6277 0.7635 -0.1519
vn -0.6277 0.7635 -0.1519
vn 0.6277 0.7192 -0.2979
vn -0.6277 0.7192 -0.2979
vn 0.6277 0.6473 -0.4325
vn -0.6277 0.6473 -0.4325
vn 0.6277 0.5505 -0.5505
vn -0.6277 0.5505 -0.5505
vn 0.6277 -0.0000 -0.7785
vn -0.6277 -0.0000 -0.7785
vt 0.873930 0.645518
vt 0.854808 0.626852
vt 0.876926 0.604058
vt 0.896605 0.621732
vt 0.459953 0.093556
vt 0.462055 0.067052
vt 0.494616 0.070022
vt 0.491451 0.096092
vt 0.508713 0.322589
vt 0.511625 0.358654
vt 0.503139 0.360127
vt 0.492245 0.326297
vt 0.459279 0.120157
vt 0.488675 0.121530
vt 0.503800 0.286681
vt 0.480113 0.292951
vt 0.459986 0.146682
vt 0.486715 0.147012
vt 0.497488 0.251040
vt 0.467142 0.259392
vt 0.462114 0.173232
vt 0.485258 0.172992
vt 0.819100 0.586335
vt 0.802843 0.564340
vt 0.820925 0.548942
vt 0.839519 0.568126
vt 0.213238 0.505521
vt 0.219329 0.470217
vt 0.249401 0.478351
vt 0.236697 0.511616
vt 0.836433 0.607214
vt 0.858055 0.586394
vt 0.208562 0.541069
vt 0.224837 0.544642
vt 0.205957 0.576654
vt 0.214330 0.578053
vt 0.258237 0.522213
vt 0.239675 0.551570
vt 0.877136 0.564501
vt 0.897154 0.580422
vt 0.222030 0.581318
vt 0.917733 0.596455
vt 0.526907 0.075204
vt 0.521924 0.100560
vt 0.495335 0.363493
vt 0.477274 0.333380
vt 0.517097 0.125386
vt 0.458390 0.303750
vt 0.512560 0.150164
vt 0.438905 0.273783
vt 0.508129 0.175736
vt 0.836940 0.531719
vt 0.857233 0.548396
vt 0.277418 0.492493
vt 0.544681 0.131828
vt 0.537772 0.155965
vt 0.439706 0.318961
vt 0.414256 0.293750
vt 0.530686 0.181011
vt 0.850730 0.512740
vt 0.872745 0.527258
vt 0.301888 0.512194
vt 0.276807 0.537199
vt 0.893943 0.541239
vt 0.252451 0.561524
vt 0.915178 0.555302
vt 0.228695 0.586239
vt 0.937066 0.569792
vt 0.558680 0.082650
vt 0.551668 0.107667
vt 0.488596 0.368529
vt 0.464396 0.343568
vt 0.262594 0.573995
vt 0.234001 0.592528
vt 0.931057 0.528721
vt 0.954253 0.541356
vt 0.589947 0.092862
vt 0.580695 0.117330
vt 0.483249 0.374936
vt 0.454133 0.356241
vt 0.571512 0.140807
vt 0.424820 0.337833
vt 0.562312 0.164232
vt 0.394337 0.318759
vt 0.552748 0.188593
vt 0.862628 0.492292
vt 0.886129 0.504724
vt 0.321630 0.536896
vt 0.291549 0.555805
vt 0.908572 0.516646
vt 0.414326 0.359410
vt 0.380551 0.347634
vt 0.586047 0.174859
vt 0.574127 0.198341
vt 0.872636 0.470554
vt 0.897467 0.480937
vt 0.335271 0.565416
vt 0.301959 0.577079
vt 0.921019 0.490805
vt 0.269629 0.588346
vt 0.944576 0.500743
vt 0.237693 0.599845
vt 0.968935 0.511299
vt 0.620408 0.105954
vt 0.608862 0.129657
vt 0.479546 0.382380
vt 0.447074 0.370861
vt 0.597475 0.152298
vt 0.955514 0.471558
vt 0.980857 0.479871
vt 0.649787 0.121944
vt 0.635927 0.144666
vt 0.477669 0.390453
vt 0.443524 0.386644
vt 0.622374 0.166261
vt 0.409104 0.382861
vt 0.608794 0.187758
vt 0.373384 0.378830
vt 0.594628 0.210146
vt 0.881037 0.448093
vt 0.906507 0.456058
vt 0.342346 0.596182
vt 0.307149 0.600192
vt 0.931049 0.463790
vt 0.273239 0.603895
vt 0.239587 0.607789
vt 0.630340 0.202827
vt 0.614050 0.223898
vt 0.886891 0.424730
vt 0.913392 0.430403
vt 0.342346 0.627938
vt 0.306992 0.623824
vt 0.938635 0.435829
vt 0.273233 0.619837
vt 0.963755 0.441394
vt 0.239595 0.615948
vt 0.989869 0.447332
vt 0.677845 0.140848
vt 0.661563 0.162353
vt 0.477708 0.398736
vt 0.443552 0.402820
vt 0.645967 0.182614
vt 0.409289 0.406860
vt 0.373384 0.411072
vt 0.703714 0.162713
vt 0.685642 0.182341
vt 0.479660 0.406789
vt 0.447319 0.418561
vt 0.668030 0.201197
vt 0.414684 0.430262
vt 0.650471 0.219935
vt 0.380826 0.442450
vt 0.632193 0.239475
vt 0.891009 0.400913
vt 0.917720 0.404062
vt 0.335024 0.658813
vt 0.301726 0.646835
vt 0.943503 0.407194
vt 0.269634 0.635367
vt 0.969134 0.410458
vt 0.237716 0.623894
vt 0.995811 0.413922
vt 0.892461 0.376644
vt 0.919782 0.377386
vt 0.321089 0.687061
vt 0.291401 0.668078
vt 0.945622 0.378198
vt 0.262616 0.649716
vt 0.971598 0.378987
vt 0.234042 0.631211
vt 0.998573 0.379946
vt 0.727807 0.186741
vt 0.707554 0.204843
vt 0.483432 0.414195
vt 0.454493 0.433121
vt 0.688258 0.221893
vt 0.425216 0.451891
vt 0.668966 0.238938
vt 0.394987 0.471186
vt 0.648865 0.256746
vt 0.749223 0.213371
vt 0.727424 0.229249
vt 0.488845 0.420565
vt 0.464802 0.445740
vt 0.706527 0.244454
vt 0.440290 0.470706
vt 0.685664 0.259656
vt 0.414948 0.495984
vt 0.663903 0.275565
vt 0.892198 0.352263
vt 0.919322 0.350595
vt 0.301422 0.711407
vt 0.276630 0.686521
vt 0.945177 0.349017
vt 0.252516 0.662173
vt 0.971145 0.347353
vt 0.228752 0.637511
vt 0.998130 0.345801
vt 0.277158 0.730852
vt 0.258169 0.701365
vt 0.916469 0.323964
vt 0.942109 0.319963
vt 0.239804 0.672130
vt 0.967780 0.315895
vt 0.222098 0.642450
vt 0.994506 0.311837
vt 0.767938 0.241763
vt 0.744842 0.255466
vt 0.495631 0.425534
vt 0.477831 0.455807
vt 0.722620 0.268651
vt 0.459257 0.485737
vt 0.700412 0.281887
vt 0.439696 0.516011
vt 0.677159 0.295782
vt 0.889682 0.328112
vt 0.759743 0.283144
vt 0.736433 0.294238
vt 0.492983 0.462796
vt 0.481134 0.496445
vt 0.713136 0.305394
vt 0.468207 0.530425
vt 0.688538 0.317275
vt 0.884920 0.304339
vt 0.911172 0.297716
vt 0.249438 0.744845
vt 0.236839 0.711888
vt 0.936336 0.291341
vt 0.225038 0.679093
vt 0.961500 0.284898
vt 0.214403 0.645744
vt 0.987723 0.278358
vt 0.783871 0.271659
vt 0.503462 0.428813
vt 0.213564 0.717966
vt 0.208829 0.682689
vt 0.927939 0.263410
vt 0.952345 0.254636
vt 0.206039 0.647171
vt 0.977825 0.245669
vt 0.796929 0.302693
vt 0.772113 0.311987
vt 0.511934 0.430177
vt 0.509548 0.466245
vt 0.747842 0.320958
vt 0.505201 0.502442
vt 0.723591 0.329970
vt 0.499186 0.538739
vt 0.698333 0.339498
vt 0.877957 0.281129
vt 0.903449 0.272082
vt 0.219646 0.752945
vt 0.194578 0.505231
vt 0.199656 0.540488
vt 0.183422 0.544195
vt 0.171367 0.511478
vt 0.756740 0.348594
vt 0.731724 0.355342
vt 0.188220 0.470436
vt 0.158610 0.478760
vt 0.705896 0.362325
vt 0.868863 0.258694
vt 0.893372 0.247311
vt 0.522011 0.286549
vt 0.528297 0.250685
vt 0.558838 0.259034
vt 0.545992 0.292743
vt 0.916856 0.236431
vt 0.517352 0.322722
vt 0.533873 0.326298
vt 0.940380 0.225395
vt 0.514735 0.358721
vt 0.523186 0.360138
vt 0.964905 0.214080
vt 0.807471 0.334673
vt 0.781712 0.341870
vt 0.202551 0.575896
vt 0.194248 0.577362
vt 0.903396 0.210552
vt 0.925759 0.197392
vt 0.548930 0.333342
vt 0.530984 0.363460
vt 0.949109 0.183849
vt 0.815128 0.367703
vt 0.788661 0.372565
vt 0.186608 0.580696
vt 0.168707 0.551255
vt 0.763113 0.376990
vt 0.150179 0.522245
vt 0.737546 0.381392
vt 0.131052 0.492856
vt 0.710840 0.385918
vt 0.857724 0.237238
vt 0.881045 0.223624
vt 0.587246 0.273360
vt 0.567799 0.303621
vt 0.766878 0.405967
vt 0.740968 0.408017
vt 0.131865 0.537179
vt 0.106921 0.512495
vt 0.713577 0.410186
vt 0.844622 0.216935
vt 0.866552 0.201197
vt 0.612095 0.293432
vt 0.586602 0.318810
vt 0.887572 0.186081
vt 0.561848 0.343438
vt 0.908592 0.170891
vt 0.537741 0.368469
vt 0.930568 0.155230
vt 0.819727 0.401482
vt 0.792804 0.403894
vt 0.180006 0.585675
vt 0.156125 0.561273
vt 0.572125 0.356103
vt 0.543108 0.374854
vt 0.889024 0.146123
vt 0.909433 0.128473
vt 0.821162 0.435680
vt 0.794037 0.435581
vt 0.174778 0.591994
vt 0.146147 0.573779
vt 0.767953 0.435253
vt 0.117252 0.555702
vt 0.741871 0.434937
vt 0.087495 0.536988
vt 0.714586 0.434661
vt 0.829673 0.197958
vt 0.850021 0.180234
vt 0.632072 0.318552
vt 0.601528 0.337693
vt 0.869526 0.163213
vt 0.107074 0.576971
vt 0.073870 0.565254
vt 0.740341 0.461815
vt 0.713314 0.459002
vt 0.813011 0.180471
vt 0.831600 0.160921
vt 0.645832 0.347502
vt 0.612060 0.359281
vt 0.849416 0.142147
vt 0.579259 0.370677
vt 0.867221 0.123303
vt 0.546835 0.382275
vt 0.885884 0.103816
vt 0.819392 0.469959
vt 0.792315 0.467323
vt 0.171167 0.599318
vt 0.139197 0.588114
vt 0.766312 0.464561
vt 0.843370 0.102635
vt 0.860122 0.081474
vt 0.814418 0.504017
vt 0.787617 0.498834
vt 0.169349 0.607264
vt 0.135739 0.603649
vt 0.761930 0.493621
vt 0.101903 0.599976
vt 0.736266 0.488431
vt 0.066847 0.595930
vt 0.709748 0.483028
vt 0.794789 0.164628
vt 0.811452 0.143431
vt 0.652933 0.378646
vt 0.617318 0.382718
vt 0.827419 0.123069
vt 0.582896 0.386450
vt 0.548739 0.390342
vt 0.729811 0.514623
vt 0.703471 0.506676
vt 0.775173 0.150569
vt 0.789755 0.127922
vt 0.652933 0.410696
vt 0.617215 0.406700
vt 0.803731 0.106154
vt 0.582876 0.402635
vt 0.817675 0.084310
vt 0.548728 0.398620
vt 0.832361 0.061645
vt 0.806245 0.537597
vt 0.779933 0.529843
vt 0.169419 0.615413
vt 0.135807 0.619576
vt 0.754829 0.522206
vt 0.101993 0.623573
vt 0.066847 0.627471
vt 0.794836 0.570473
vt 0.769204 0.559990
vt 0.171375 0.623332
vt 0.139554 0.635095
vt 0.745015 0.550011
vt 0.107399 0.646575
vt 0.720804 0.540118
vt 0.073921 0.658292
vt 0.695472 0.529881
vt 0.754347 0.138421
vt 0.766698 0.114544
vt 0.645720 0.442055
vt 0.611707 0.430012
vt 0.778587 0.091562
vt 0.579199 0.418412
vt 0.790343 0.068524
vt 0.546800 0.406680
vt 0.802813 0.044506
vt 0.631552 0.470880
vt 0.601268 0.451631
vt 0.742504 0.103446
vt 0.752151 0.079543
vt 0.571992 0.432942
vt 0.761597 0.055549
vt 0.543048 0.414097
vt 0.771652 0.030220
vt 0.779890 0.601804
vt 0.755795 0.588977
vt 0.175122 0.630609
vt 0.146711 0.649404
vt 0.732656 0.576744
vt 0.117863 0.667806
vt 0.709520 0.564615
vt 0.087757 0.686844
vt 0.685397 0.552094
vt 0.732528 0.128311
vt 0.180481 0.636852
vt 0.156958 0.661799
vt 0.739712 0.616433
vt 0.717853 0.602130
vt 0.132705 0.686397
vt 0.695989 0.587858
vt 0.107621 0.711468
vt 0.673306 0.573110
vt 0.709960 0.120375
vt 0.717422 0.094755
vt 0.611589 0.495680
vt 0.586246 0.470456
vt 0.724720 0.070053
vt 0.561691 0.445594
vt 0.731877 0.045243
vt 0.537660 0.420467
vt 0.739287 0.019472
vt 0.762324 0.631240
vt 0.691611 0.088597
vt 0.696476 0.063207
vt 0.567346 0.485487
vt 0.548730 0.455678
vt 0.701366 0.037728
vt 0.530889 0.425456
vt 0.706616 0.011717
vt 0.742498 0.658755
vt 0.721299 0.642327
vt 0.187194 0.641717
vt 0.169825 0.671636
vt 0.700745 0.626038
vt 0.151485 0.701200
vt 0.680221 0.609675
vt 0.132222 0.731246
vt 0.659246 0.592698
vt 0.686858 0.114776
vt 0.586897 0.515664
vt 0.700514 0.666658
vt 0.681160 0.648427
vt 0.184783 0.678430
vt 0.173198 0.711702
vt 0.662133 0.629850
vt 0.160548 0.745391
vt 0.643226 0.610532
vt 0.663423 0.111757
vt 0.665122 0.085161
vt 0.558492 0.530044
vt 0.545562 0.496199
vt 0.667391 0.059039
vt 0.533659 0.462699
vt 0.670114 0.032925
vt 0.523066 0.428767
vt 0.673596 0.006274
vt 0.720809 0.684780
vt 0.194920 0.644902
vt 0.521616 0.502211
vt 0.517211 0.466197
vt 0.636980 0.057550
vt 0.637914 0.030267
vt 0.514577 0.430174
vt 0.640112 0.002949
vt 0.697338 0.709491
vt 0.677574 0.690003
vt 0.203295 0.646214
vt 0.201064 0.681751
vt 0.658795 0.669688
vt 0.196988 0.717497
vt 0.641397 0.648184
vt 0.191235 0.753442
vt 0.625149 0.626089
vt 0.639911 0.111769
vt 0.637830 0.084811
vt 0.527652 0.538357
vt 0.205296 0.611906
vt 0.512484 0.394438
vt 0.513960 0.394417
vt 0.203606 0.611009
vt 0.427655 0.811071
vt 0.438345 0.808544
vt 0.440809 0.816177
vt 0.430211 0.820106
vt 0.443257 0.807239
vt 0.445653 0.814346
vt 0.441911 0.815762
vt 0.439465 0.808247
vt 0.448774 0.821333
vt 0.445081 0.823156
vt 0.452425 0.828043
vt 0.449031 0.830207
vt 0.456764 0.834175
vt 0.453726 0.836626
vt 0.461827 0.839707
vt 0.458970 0.842534
vt 0.467254 0.844809
vt 0.464788 0.847823
vt 0.473049 0.849130
vt 0.471013 0.852343
vt 0.479444 0.852531
vt 0.477750 0.856050
vt 0.486126 0.855418
vt 0.484849 0.858969
vt 0.493073 0.857443
vt 0.492165 0.861187
vt 0.500260 0.858712
vt 0.499744 0.862593
vt 0.507470 0.859395
vt 0.507376 0.863163
vt 0.514644 0.859090
vt 0.515001 0.862905
vt 0.521794 0.857931
vt 0.522559 0.861726
vt 0.528773 0.856292
vt 0.529895 0.859860
vt 0.535375 0.853686
vt 0.537022 0.857149
vt 0.541590 0.850058
vt 0.544001 0.853238
vt 0.449120 0.760339
vt 0.445872 0.766107
vt 0.442638 0.764618
vt 0.446204 0.758151
vt 0.443608 0.772407
vt 0.440152 0.771362
vt 0.442095 0.779127
vt 0.438417 0.778437
vt 0.441118 0.786060
vt 0.437421 0.785771
vt 0.498295 0.981521
vt 0.506319 0.976906
vt 0.513973 0.986870
vt 0.503099 0.993094
vt 0.440909 0.793047
vt 0.437231 0.793185
vt 0.441674 0.800101
vt 0.437900 0.800673
vt 0.426169 0.802105
vt 0.436783 0.800838
vt 0.425672 0.793287
vt 0.436137 0.793221
vt 0.434070 0.828753
vt 0.444011 0.823684
vt 0.448019 0.830860
vt 0.438772 0.836800
vt 0.452825 0.837352
vt 0.444134 0.844422
vt 0.458130 0.843364
vt 0.450507 0.851241
vt 0.464061 0.848716
vt 0.457457 0.857176
vt 0.470407 0.853297
vt 0.464784 0.862204
vt 0.477253 0.857089
vt 0.472469 0.866640
vt 0.484474 0.860023
vt 0.480779 0.870323
vt 0.491896 0.862292
vt 0.489528 0.872811
vt 0.499599 0.863721
vt 0.498401 0.874317
vt 0.507354 0.864295
vt 0.507293 0.874844
vt 0.515109 0.864047
vt 0.516089 0.874431
vt 0.522784 0.862827
vt 0.524909 0.873259
vt 0.530230 0.860921
vt 0.533460 0.870898
vt 0.537509 0.858192
vt 0.541559 0.867809
vt 0.544691 0.854240
vt 0.549481 0.864190
vt 0.436028 0.753048
vt 0.445294 0.757528
vt 0.441668 0.764178
vt 0.432646 0.760411
vt 0.439128 0.771050
vt 0.429713 0.768033
vt 0.437349 0.778235
vt 0.427473 0.776140
vt 0.436315 0.785682
vt 0.426105 0.784614
vt 0.480238 0.913632
vt 0.471307 0.916002
vt 0.466539 0.904410
vt 0.478604 0.901214
vt 0.774135 0.853414
vt 0.774275 0.860600
vt 0.704706 0.861928
vt 0.704577 0.854873
vt 0.449654 0.953294
vt 0.452025 0.962231
vt 0.440427 0.967015
vt 0.437225 0.954937
vt 0.506412 0.920709
vt 0.498406 0.916059
vt 0.503218 0.904457
vt 0.514044 0.910762
vt 0.512881 0.970363
vt 0.522841 0.978010
vt 0.456638 0.970266
vt 0.446638 0.977894
vt 0.489473 0.913658
vt 0.491115 0.901261
vt 0.517517 0.962348
vt 0.529088 0.967124
vt 0.463180 0.976835
vt 0.455534 0.986777
vt 0.463291 0.920611
vt 0.455697 0.910662
vt 0.519915 0.953428
vt 0.532321 0.955031
vt 0.471189 0.981484
vt 0.466414 0.993080
vt 0.456735 0.927130
vt 0.446801 0.919511
vt 0.099670 0.060364
vt 0.088408 0.060364
vt 0.088408 0.001624
vt 0.099670 0.001624
vt 0.519923 0.944196
vt 0.532340 0.942562
vt 0.480119 0.983890
vt 0.478515 0.996315
vt 0.452091 0.935126
vt 0.440503 0.930334
vt 0.517540 0.935282
vt 0.529091 0.930524
vt 0.489359 0.983902
vt 0.491007 0.996330
vt 0.449677 0.944050
vt 0.437265 0.942426
vt 0.512939 0.927271
vt 0.522887 0.919663
vt 0.110932 0.060364
vt 0.110932 0.001624
vt 0.122193 0.060364
vt 0.122193 0.001624
vt 0.133455 0.060364
vt 0.133455 0.001624
vt 0.144717 0.060364
vt 0.144717 0.001624
vt 0.155978 0.060364
vt 0.155978 0.001624
vt 0.167240 0.060364
vt 0.167240 0.001624
vt 0.178501 0.060364
vt 0.178501 0.001624
vt 0.189763 0.060364
vt 0.189763 0.001624
vt 0.201025 0.060364
vt 0.201025 0.001624
vt 0.212286 0.060364
vt 0.212286 0.001624
vt 0.223548 0.060364
vt 0.223548 0.001624
vt 0.234809 0.060364
vt 0.234809 0.001624
vt 0.246071 0.060364
vt 0.246071 0.001624
vt 0.257333 0.060364
vt 0.257333 0.001624
vt 0.268594 0.060364
vt 0.268594 0.001624
vt 0.279856 0.060364
vt 0.279856 0.001624
vt 0.291117 0.060364
vt 0.291117 0.001624
vt 0.032100 0.060364
vt 0.020839 0.060364
vt 0.020839 0.001624
vt 0.032100 0.001624
vt 0.043362 0.060364
vt 0.043362 0.001624
vt 0.054624 0.060364
vt 0.054624 0.001624
vt 0.065885 0.060364
vt 0.065885 0.001624
vt 0.077147 0.060364
vt 0.077147 0.001624
vt 0.774611 0.939636
vt 0.774534 0.946827
vt 0.704912 0.946025
vt 0.705005 0.938963
vt 0.774725 0.903707
vt 0.774737 0.910889
vt 0.705193 0.910981
vt 0.705186 0.903993
vt 0.774193 0.968397
vt 0.774045 0.975589
vt 0.704414 0.974067
vt 0.704554 0.967040
vt 0.773978 0.846229
vt 0.704402 0.847859
vt 0.774695 0.896524
vt 0.705155 0.896991
vt 0.774324 0.961207
vt 0.704716 0.960024
vt 0.773804 0.839046
vt 0.704230 0.840880
vt 0.774647 0.889342
vt 0.705102 0.889985
vt 0.773612 0.831862
vt 0.703971 0.833843
vt 0.774583 0.882156
vt 0.705022 0.882977
vt 0.774669 0.932445
vt 0.705070 0.931895
vt 0.774436 0.954017
vt 0.704813 0.953013
vt 0.773414 0.824780
vt 0.703487 0.826733
vt 0.774499 0.874971
vt 0.704933 0.875967
vt 0.774708 0.925257
vt 0.705132 0.924884
vt 0.773694 0.989974
vt 0.773493 0.997169
vt 0.703463 0.995145
vt 0.703939 0.988110
vt 0.774396 0.867785
vt 0.704828 0.868953
vt 0.774731 0.918072
vt 0.705162 0.917930
vt 0.773878 0.982781
vt 0.704212 0.981115
vt 0.465707 0.902376
vt 0.478325 0.899050
vt 0.454363 0.908907
vt 0.445044 0.918155
vt 0.438483 0.929494
vt 0.435068 0.942133
vt 0.435059 0.955217
vt 0.438389 0.967843
vt 0.444880 0.979229
vt 0.454177 0.988544
vt 0.465574 0.995122
vt 0.478233 0.998496
vt 0.491290 0.998496
vt 0.503943 0.995144
vt 0.515303 0.988611
vt 0.524606 0.979362
vt 0.531129 0.967959
vt 0.534499 0.955312
vt 0.534498 0.942278
vt 0.531123 0.929693
vt 0.524644 0.918333
vt 0.515402 0.909004
vt 0.504056 0.902435
vt 0.491404 0.899065
vt 0.702812 0.952983
vt 0.702881 0.946005
vt 0.518577 0.944326
vt 0.518577 0.953204
vt 0.515999 0.952866
vt 0.515992 0.944664
vt 0.702936 0.938940
vt 0.516279 0.935736
vt 0.513865 0.936732
vt 0.703034 0.931870
vt 0.511825 0.928020
vt 0.509748 0.929615
vt 0.703115 0.924864
vt 0.505517 0.921728
vt 0.503932 0.923803
vt 0.703176 0.917920
vt 0.497806 0.917293
vt 0.496814 0.919706
vt 0.703180 0.910983
vt 0.489216 0.915007
vt 0.488882 0.917591
vt 0.703164 0.904001
vt 0.480338 0.915017
vt 0.480680 0.917596
vt 0.703130 0.897005
vt 0.471752 0.917323
vt 0.472756 0.919738
vt 0.703076 0.890006
vt 0.464051 0.921784
vt 0.465644 0.923849
vt 0.702995 0.883003
vt 0.457777 0.928077
vt 0.459847 0.929658
vt 0.702905 0.875997
vt 0.453349 0.935765
vt 0.455749 0.936758
vt 0.702798 0.868988
vt 0.451053 0.944335
vt 0.453635 0.944678
vt 0.702670 0.861969
vt 0.451049 0.953223
vt 0.453636 0.952885
vt 0.702519 0.854914
vt 0.453351 0.961823
vt 0.455769 0.960821
vt 0.702403 0.847904
vt 0.457810 0.969527
vt 0.459876 0.967936
vt 0.702209 0.840948
vt 0.464094 0.975798
vt 0.465675 0.973736
vt 0.701933 0.833953
vt 0.471782 0.980237
vt 0.472782 0.977829
vt 0.701460 0.826974
vt 0.480375 0.982541
vt 0.480717 0.979948
vt 0.701460 0.994904
vt 0.701939 0.988007
vt 0.489264 0.982536
vt 0.488925 0.979957
vt 0.702186 0.981054
vt 0.497842 0.980238
vt 0.496847 0.977829
vt 0.702357 0.974015
vt 0.505544 0.975796
vt 0.503957 0.973723
vt 0.702546 0.966996
vt 0.511843 0.969500
vt 0.509765 0.967907
vt 0.702666 0.959985
vt 0.516287 0.961784
vt 0.513875 0.960790
vt 0.484807 0.948776
vt 0.585638 0.690707
vt 0.581165 0.679666
vt 0.594794 0.675253
vt 0.598324 0.684851
vt 0.604291 0.682266
vt 0.599696 0.684256
vt 0.596208 0.674806
vt 0.601067 0.673279
vt 0.593569 0.664903
vt 0.598725 0.663857
vt 0.592138 0.654616
vt 0.597250 0.654187
vt 0.591832 0.644186
vt 0.597110 0.644336
vt 0.592690 0.633621
vt 0.598056 0.634295
vt 0.594514 0.623166
vt 0.599619 0.624339
vt 0.597489 0.612987
vt 0.602499 0.614799
vt 0.601766 0.603192
vt 0.606574 0.605607
vt 0.607170 0.593862
vt 0.611755 0.596808
vt 0.613559 0.584907
vt 0.617891 0.588414
vt 0.621069 0.576683
vt 0.625086 0.580689
vt 0.629312 0.569201
vt 0.632794 0.573458
vt 0.638331 0.562650
vt 0.641345 0.567362
vt 0.648123 0.557265
vt 0.650604 0.562271
vt 0.658396 0.552844
vt 0.660328 0.558116
vt 0.669225 0.549592
vt 0.670441 0.555145
vt 0.680897 0.547862
vt 0.680965 0.553752
vt 0.647545 0.724981
vt 0.646321 0.729550
vt 0.637508 0.725809
vt 0.639609 0.721696
vt 0.629564 0.720922
vt 0.632231 0.717092
vt 0.622157 0.715137
vt 0.625306 0.711525
vt 0.615402 0.708559
vt 0.618837 0.705396
vt 0.384766 0.756230
vt 0.389544 0.744656
vt 0.400421 0.750864
vt 0.392790 0.760839
vt 0.609363 0.701225
vt 0.613238 0.698403
vt 0.604110 0.693114
vt 0.608369 0.690683
vt 0.591163 0.700902
vt 0.602866 0.693823
vt 0.597600 0.710225
vt 0.608218 0.702066
vt 0.578237 0.668086
vt 0.576270 0.656273
vt 0.590583 0.654747
vt 0.592068 0.665206
vt 0.575558 0.644073
vt 0.590292 0.644145
vt 0.576210 0.631554
vt 0.591118 0.633420
vt 0.578642 0.619257
vt 0.593000 0.622814
vt 0.582266 0.607531
vt 0.595986 0.612443
vt 0.586864 0.596046
vt 0.600363 0.602481
vt 0.592829 0.584781
vt 0.605818 0.592990
vt 0.600334 0.574358
vt 0.612281 0.583872
vt 0.608814 0.564446
vt 0.619909 0.575517
vt 0.618650 0.555773
vt 0.628272 0.567919
vt 0.629203 0.548318
vt 0.637433 0.561235
vt 0.640487 0.541709
vt 0.647396 0.555783
vt 0.652610 0.536722
vt 0.657824 0.551280
vt 0.664899 0.533029
vt 0.668857 0.547947
vt 0.677422 0.530117
vt 0.680798 0.546072
vt 0.640007 0.742895
vt 0.630669 0.738074
vt 0.636870 0.727035
vt 0.645891 0.730914
vt 0.621598 0.732623
vt 0.628765 0.722074
vt 0.612906 0.726134
vt 0.621242 0.716188
vt 0.604871 0.718644
vt 0.614371 0.709510
vt 0.366702 0.824125
vt 0.365056 0.836570
vt 0.352912 0.833343
vt 0.357744 0.821731
vt 0.427817 0.741733
vt 0.429705 0.673032
vt 0.436681 0.673226
vt 0.434913 0.741924
vt 0.336167 0.784379
vt 0.323785 0.782719
vt 0.326983 0.770667
vt 0.338552 0.775466
vt 0.392901 0.817073
vt 0.400523 0.827015
vt 0.389708 0.833317
vt 0.384895 0.821714
vt 0.409343 0.759731
vt 0.399365 0.767384
vt 0.333189 0.759838
vt 0.343169 0.767454
vt 0.377622 0.836537
vt 0.375962 0.824112
vt 0.415650 0.770616
vt 0.404023 0.775412
vt 0.342066 0.750974
vt 0.349714 0.760900
vt 0.342091 0.827064
vt 0.349726 0.817095
vt 0.418841 0.782733
vt 0.406422 0.784354
vt 0.352946 0.744720
vt 0.357722 0.756274
vt 0.333259 0.818171
vt 0.343190 0.810547
vt 0.917196 0.760668
vt 0.917196 0.703001
vt 0.928252 0.703001
vt 0.928252 0.760668
vt 0.418860 0.795226
vt 0.406429 0.793594
vt 0.365025 0.741486
vt 0.366630 0.753872
vt 0.326969 0.807313
vt 0.338561 0.802532
vt 0.415582 0.807294
vt 0.404036 0.802517
vt 0.377488 0.741461
vt 0.375849 0.753857
vt 0.323781 0.795217
vt 0.336169 0.793604
vt 0.409365 0.818155
vt 0.399430 0.810525
vt 0.906140 0.760668
vt 0.906140 0.703001
vt 0.895084 0.760668
vt 0.895084 0.703001
vt 0.884029 0.760668
vt 0.884029 0.703001
vt 0.872973 0.760668
vt 0.872973 0.703001
vt 0.861917 0.760668
vt 0.861917 0.703001
vt 0.850861 0.760668
vt 0.850861 0.703001
vt 0.839805 0.760668
vt 0.839805 0.703001
vt 0.828750 0.760668
vt 0.828750 0.703001
vt 0.817693 0.760668
vt 0.817693 0.703001
vt 0.806637 0.760668
vt 0.806637 0.703001
vt 0.795582 0.760668
vt 0.795582 0.703001
vt 0.784526 0.760668
vt 0.784526 0.703001
vt 0.773470 0.760668
vt 0.773470 0.703001
vt 0.762414 0.760668
vt 0.762414 0.703001
vt 0.751358 0.760668
vt 0.751358 0.703001
vt 0.740303 0.760668
vt 0.740303 0.703001
vt 0.729247 0.760668
vt 0.729247 0.703001
vt 0.983531 0.760668
vt 0.983531 0.703001
vt 0.994587 0.703001
vt 0.994587 0.760668
vt 0.972475 0.760668
vt 0.972475 0.703001
vt 0.961419 0.760668
vt 0.961419 0.703001
vt 0.950364 0.760668
vt 0.950364 0.703001
vt 0.939308 0.760668
vt 0.939308 0.703001
vt 0.513057 0.742881
vt 0.512896 0.674005
vt 0.519872 0.673978
vt 0.520172 0.742862
vt 0.477512 0.742709
vt 0.478258 0.673939
vt 0.485178 0.673969
vt 0.484616 0.742778
vt 0.541525 0.742696
vt 0.540711 0.673767
vt 0.547626 0.673672
vt 0.548643 0.742607
vt 0.420721 0.741521
vt 0.422784 0.672837
vt 0.470409 0.742622
vt 0.471340 0.673845
vt 0.534407 0.742771
vt 0.533773 0.673862
vt 0.413629 0.741293
vt 0.415913 0.672597
vt 0.463308 0.742518
vt 0.464443 0.673767
vt 0.406538 0.741049
vt 0.409022 0.672301
vt 0.456207 0.742396
vt 0.457485 0.673664
vt 0.505944 0.742882
vt 0.505984 0.674012
vt 0.527289 0.742825
vt 0.526826 0.673904
vt 0.399549 0.740800
vt 0.402009 0.671781
vt 0.449108 0.742256
vt 0.450556 0.673513
vt 0.498833 0.742865
vt 0.499045 0.674037
vt 0.562886 0.742375
vt 0.561581 0.673312
vt 0.568585 0.672909
vt 0.569908 0.742241
vt 0.442010 0.742099
vt 0.443653 0.673381
vt 0.491723 0.742830
vt 0.492079 0.674013
vt 0.555764 0.742500
vt 0.554608 0.673538
vt 0.352062 0.835378
vt 0.364770 0.838778
vt 0.340755 0.828797
vt 0.331496 0.819522
vt 0.324929 0.808148
vt 0.321600 0.795494
vt 0.321611 0.782429
vt 0.324968 0.769840
vt 0.331436 0.758506
vt 0.340715 0.749208
vt 0.352110 0.742682
vt 0.364743 0.739310
vt 0.377767 0.739303
vt 0.390371 0.742621
vt 0.401753 0.749103
vt 0.411109 0.758369
vt 0.417695 0.769779
vt 0.421023 0.782455
vt 0.421023 0.795512
vt 0.417627 0.808141
vt 0.411103 0.819481
vt 0.401877 0.828770
vt 0.390547 0.835335
vt 0.377918 0.838722
vt 0.519859 0.671940
vt 0.526811 0.671917
vt 0.392047 0.815913
vt 0.390452 0.813848
vt 0.396248 0.808033
vt 0.398321 0.809614
vt 0.512884 0.671998
vt 0.384351 0.820375
vt 0.383345 0.817965
vt 0.505983 0.672032
vt 0.375748 0.822693
vt 0.375404 0.820096
vt 0.499047 0.672003
vt 0.366837 0.822693
vt 0.367181 0.820103
vt 0.492081 0.672009
vt 0.358244 0.820385
vt 0.359247 0.817976
vt 0.485191 0.671993
vt 0.350546 0.815934
vt 0.352138 0.813867
vt 0.478276 0.671916
vt 0.344264 0.809644
vt 0.346335 0.808060
vt 0.471362 0.671871
vt 0.339824 0.801944
vt 0.342234 0.800950
vt 0.464477 0.671764
vt 0.337529 0.793361
vt 0.340112 0.793024
vt 0.457520 0.671632
vt 0.337529 0.784485
vt 0.340107 0.784824
vt 0.450593 0.671536
vt 0.339824 0.775897
vt 0.342239 0.776898
vt 0.443703 0.671375
vt 0.344276 0.768192
vt 0.346344 0.769783
vt 0.436732 0.671184
vt 0.350565 0.761909
vt 0.352149 0.763980
vt 0.429755 0.671022
vt 0.358263 0.757471
vt 0.359256 0.759880
vt 0.422841 0.670846
vt 0.366842 0.755176
vt 0.367179 0.757758
vt 0.415990 0.670635
vt 0.375714 0.755176
vt 0.375376 0.757753
vt 0.409148 0.670308
vt 0.384297 0.757469
vt 0.383297 0.759884
vt 0.402265 0.669758
vt 0.391998 0.761916
vt 0.390410 0.763982
vt 0.561497 0.671318
vt 0.568366 0.670913
vt 0.398273 0.768191
vt 0.396212 0.769773
vt 0.554556 0.671501
vt 0.402720 0.775878
vt 0.400309 0.776878
vt 0.547586 0.671664
vt 0.405023 0.784454
vt 0.402446 0.784796
vt 0.540686 0.671787
vt 0.405034 0.793326
vt 0.402451 0.792993
vt 0.533753 0.671832
vt 0.402750 0.801910
vt 0.400339 0.800919
vt 0.371284 0.788917
vt 0.638419 0.845571
vt 0.631785 0.855563
vt 0.624161 0.851267
vt 0.629657 0.840352
vt 0.628770 0.860301
vt 0.621673 0.856251
vt 0.623592 0.852403
vt 0.631098 0.856642
vt 0.614264 0.852916
vt 0.615742 0.848928
vt 0.606440 0.850616
vt 0.607485 0.846324
vt 0.598376 0.849098
vt 0.598856 0.844778
vt 0.590058 0.848830
vt 0.589659 0.844238
vt 0.624737 0.983677
vt 0.631622 0.979941
vt 0.633858 0.983402
vt 0.626342 0.987713
vt 0.637794 0.975456
vt 0.640395 0.978506
vt 0.643185 0.970090
vt 0.646190 0.972847
vt 0.648053 0.964019
vt 0.651364 0.966476
vt 0.652375 0.957469
vt 0.655956 0.959598
vt 0.655962 0.950477
vt 0.659792 0.952200
vt 0.658715 0.943042
vt 0.662747 0.944359
vt 0.660907 0.935502
vt 0.664925 0.936355
vt 0.661972 0.927763
vt 0.666094 0.928166
vt 0.662297 0.919886
vt 0.666469 0.919856
vt 0.661759 0.912057
vt 0.665922 0.911536
vt 0.660227 0.904319
vt 0.664380 0.903315
vt 0.658032 0.896690
vt 0.661979 0.895306
vt 0.655121 0.889354
vt 0.658866 0.887582
vt 0.651496 0.882502
vt 0.654940 0.880332
vt 0.646886 0.876278
vt 0.650113 0.873653
vt 0.246453 0.851186
vt 0.251047 0.859218
vt 0.241045 0.866803
vt 0.234883 0.855922
vt 0.641471 0.870471
vt 0.644462 0.867459
vt 0.635372 0.865111
vt 0.638132 0.861683
vt 0.646395 0.851586
vt 0.638936 0.860689
vt 0.653814 0.858222
vt 0.645347 0.866574
vt 0.620259 0.836442
vt 0.616192 0.847732
vt 0.607794 0.845068
vt 0.610695 0.833600
vt 0.599011 0.843468
vt 0.600906 0.831524
vt 0.589610 0.842836
vt 0.591117 0.830343
vt 0.633399 0.998757
vt 0.626890 0.988913
vt 0.634537 0.984432
vt 0.641112 0.993656
vt 0.641173 0.979413
vt 0.648430 0.987850
vt 0.647084 0.973661
vt 0.655319 0.981481
vt 0.652355 0.967207
vt 0.661711 0.974169
vt 0.657003 0.960216
vt 0.667015 0.965970
vt 0.660938 0.952712
vt 0.671355 0.957372
vt 0.663918 0.944739
vt 0.674988 0.948346
vt 0.666119 0.936602
vt 0.677363 0.938947
vt 0.667329 0.928282
vt 0.678976 0.929355
vt 0.667702 0.919845
vt 0.679233 0.919564
vt 0.667152 0.911382
vt 0.678447 0.909981
vt 0.665569 0.903026
vt 0.676881 0.900473
vt 0.663141 0.894898
vt 0.674265 0.890982
vt 0.659989 0.887053
vt 0.670329 0.881967
vt 0.655967 0.879687
vt 0.665584 0.873673
vt 0.651068 0.872875
vt 0.660206 0.865764
vt 0.314389 0.833259
vt 0.312039 0.824340
vt 0.323603 0.819574
vt 0.326780 0.831630
vt 0.924762 0.882229
vt 0.924834 0.875041
vt 0.994436 0.875861
vt 0.994334 0.882873
vt 0.274708 0.802650
vt 0.265778 0.805019
vt 0.261002 0.793413
vt 0.273093 0.790240
vt 0.307281 0.859424
vt 0.311939 0.851426
vt 0.323507 0.856257
vt 0.317179 0.867091
vt 0.257574 0.865791
vt 0.249901 0.875711
vt 0.257741 0.809627
vt 0.250127 0.799629
vt 0.314353 0.842491
vt 0.326756 0.844139
vt 0.265578 0.870460
vt 0.260720 0.882063
vt 0.251169 0.816166
vt 0.241233 0.808493
vt 0.307459 0.816329
vt 0.317420 0.808738
vt 0.274518 0.872884
vt 0.272827 0.885305
vt 0.246526 0.824166
vt 0.234976 0.819341
vt 0.300945 0.809761
vt 0.308625 0.799819
vt 0.234869 0.120717
vt 0.223607 0.120717
vt 0.223607 0.061977
vt 0.234869 0.061977
vt 0.283765 0.872908
vt 0.285359 0.885339
vt 0.244116 0.833076
vt 0.231751 0.831411
vt 0.292918 0.805098
vt 0.297768 0.793478
vt 0.292710 0.870545
vt 0.297469 0.882144
vt 0.244095 0.842280
vt 0.231733 0.843866
vt 0.283957 0.802672
vt 0.285625 0.790223
vt 0.300735 0.865941
vt 0.308326 0.875919
vt 0.246131 0.120717
vt 0.246131 0.061977
vt 0.257392 0.120717
vt 0.257392 0.061977
vt 0.268654 0.120717
vt 0.268654 0.061977
vt 0.279915 0.120717
vt 0.279915 0.061977
vt 0.291177 0.120717
vt 0.291177 0.061977
vt 0.032160 0.120717
vt 0.020899 0.120717
vt 0.020899 0.061977
vt 0.032160 0.061977
vt 0.043422 0.120717
vt 0.043422 0.061977
vt 0.054683 0.120717
vt 0.054683 0.061977
vt 0.065945 0.120717
vt 0.065945 0.061977
vt 0.077207 0.120717
vt 0.077207 0.061977
vt 0.088468 0.120717
vt 0.088468 0.061977
vt 0.099730 0.120717
vt 0.099730 0.061977
vt 0.110991 0.120717
vt 0.110991 0.061977
vt 0.122253 0.120717
vt 0.122253 0.061977
vt 0.133515 0.120717
vt 0.133515 0.061977
vt 0.144776 0.120717
vt 0.144776 0.061977
vt 0.156038 0.120717
vt 0.156038 0.061977
vt 0.167299 0.120717
vt 0.167299 0.061977
vt 0.178561 0.120717
vt 0.178561 0.061977
vt 0.189823 0.120717
vt 0.189823 0.061977
vt 0.201084 0.120717
vt 0.201084 0.061977
vt 0.212346 0.120717
vt 0.212346 0.061977
vt 0.925292 0.968462
vt 0.925149 0.961280
vt 0.994695 0.960043
vt 0.994848 0.967005
vt 0.925637 0.831881
vt 0.925826 0.824780
vt 0.995935 0.826642
vt 0.995457 0.833789
vt 0.924823 0.939719
vt 0.924754 0.932530
vt 0.994338 0.931866
vt 0.994409 0.938943
vt 0.924707 0.889415
vt 0.994285 0.889924
vt 0.925458 0.839081
vt 0.995174 0.840840
vt 0.924911 0.946908
vt 0.994503 0.946018
vt 0.924669 0.896602
vt 0.994246 0.896929
vt 0.925297 0.846279
vt 0.994963 0.847865
vt 0.924652 0.903788
vt 0.994228 0.903882
vt 0.925155 0.853473
vt 0.994787 0.854881
vt 0.925455 0.975644
vt 0.994985 0.973996
vt 0.925021 0.954095
vt 0.994589 0.953043
vt 0.924651 0.910972
vt 0.994208 0.910832
vt 0.925031 0.860665
vt 0.994636 0.861891
vt 0.925633 0.982826
vt 0.995211 0.980989
vt 0.924666 0.918158
vt 0.994236 0.917825
vt 0.924925 0.867854
vt 0.994512 0.868891
vt 0.925829 0.990009
vt 0.995468 0.987981
vt 0.924701 0.925344
vt 0.994278 0.924835
vt 0.926031 0.997089
vt 0.995947 0.995091
vt 0.325619 0.818750
vt 0.328956 0.831344
vt 0.319175 0.807416
vt 0.309985 0.798079
vt 0.298627 0.791421
vt 0.285905 0.788032
vt 0.272805 0.788059
vt 0.260176 0.791389
vt 0.248780 0.797862
vt 0.239480 0.807154
vt 0.232941 0.818506
vt 0.229576 0.831130
vt 0.229576 0.844142
vt 0.232848 0.856741
vt 0.239285 0.868131
vt 0.248539 0.877468
vt 0.259874 0.884084
vt 0.272534 0.887505
vt 0.285638 0.887510
vt 0.298311 0.884195
vt 0.309653 0.877655
vt 0.318918 0.868443
vt 0.325559 0.857113
vt 0.328942 0.844423
vt 0.996617 0.953019
vt 0.996712 0.960011
vt 0.178525 0.813088
vt 0.187084 0.815377
vt 0.186091 0.817781
vt 0.178190 0.815664
vt 0.996841 0.966960
vt 0.169674 0.813092
vt 0.170015 0.815665
vt 0.997027 0.973942
vt 0.161133 0.815380
vt 0.162123 0.817774
vt 0.997206 0.980922
vt 0.153463 0.819801
vt 0.155048 0.821867
vt 0.997491 0.987866
vt 0.147197 0.826068
vt 0.149259 0.827647
vt 0.997999 0.994845
vt 0.142775 0.833725
vt 0.145168 0.834717
vt 0.997999 0.826887
vt 0.997495 0.833905
vt 0.140478 0.842270
vt 0.143057 0.842611
vt 0.997204 0.840914
vt 0.140474 0.851118
vt 0.143041 0.850783
vt 0.996991 0.847923
vt 0.142750 0.859659
vt 0.145150 0.858672
vt 0.996814 0.854930
vt 0.147161 0.867331
vt 0.149226 0.865756
vt 0.996661 0.861934
vt 0.153410 0.873604
vt 0.154998 0.871547
vt 0.996530 0.868924
vt 0.161075 0.878048
vt 0.162076 0.875647
vt 0.996434 0.875882
vt 0.169643 0.880357
vt 0.169985 0.877770
vt 0.996391 0.882892
vt 0.178515 0.880357
vt 0.178174 0.877779
vt 0.996318 0.889943
vt 0.187069 0.878062
vt 0.186074 0.875665
vt 0.996262 0.896944
vt 0.194727 0.873642
vt 0.193152 0.871588
vt 0.996214 0.903887
vt 0.200987 0.867396
vt 0.198929 0.865811
vt 0.996222 0.910826
vt 0.205430 0.859723
vt 0.203022 0.858724
vt 0.996260 0.917811
vt 0.207726 0.851159
vt 0.205150 0.850821
vt 0.996308 0.924817
vt 0.207728 0.842315
vt 0.205161 0.842651
vt 0.996379 0.931841
vt 0.205450 0.833772
vt 0.203049 0.834760
vt 0.996480 0.938919
vt 0.201034 0.826095
vt 0.198968 0.827674
vt 0.996543 0.945997
vt 0.194769 0.819813
vt 0.193179 0.821882
vt 0.174095 0.846719
vt 0.931837 0.081715
vt 0.932525 0.092000
vt 0.920225 0.091982
vt 0.919794 0.083132
vt 0.914140 0.083703
vt 0.918506 0.083262
vt 0.918925 0.091982
vt 0.914582 0.091977
vt 0.918517 0.100624
vt 0.914279 0.100172
vt 0.917145 0.109154
vt 0.912878 0.108169
vt 0.914647 0.117467
vt 0.910637 0.115938
vt 0.910900 0.125697
vt 0.907104 0.123267
vt 0.802723 0.030901
vt 0.799816 0.027719
vt 0.806936 0.022853
vt 0.809048 0.026379
vt 0.814248 0.019208
vt 0.815799 0.022880
vt 0.821855 0.016601
vt 0.822951 0.020487
vt 0.829771 0.014879
vt 0.830464 0.018900
vt 0.837900 0.013865
vt 0.838193 0.018016
vt 0.846031 0.013731
vt 0.845859 0.017761
vt 0.854137 0.014571
vt 0.853484 0.018671
vt 0.862154 0.016315
vt 0.861076 0.020222
vt 0.869955 0.018947
vt 0.868409 0.022795
vt 0.877483 0.022488
vt 0.875521 0.026201
vt 0.884736 0.026764
vt 0.882356 0.030352
vt 0.891509 0.031783
vt 0.888825 0.035020
vt 0.897643 0.037444
vt 0.894621 0.040318
vt 0.903001 0.043809
vt 0.899685 0.046271
vt 0.907702 0.050817
vt 0.903977 0.053010
vt 0.911670 0.058369
vt 0.907775 0.060140
vt 0.248547 0.944160
vt 0.236115 0.942506
vt 0.239387 0.930427
vt 0.250969 0.935230
vt 0.914770 0.066303
vt 0.910757 0.067624
vt 0.917147 0.074619
vt 0.912806 0.075550
vt 0.930067 0.071761
vt 0.918409 0.074341
vt 0.927476 0.061983
vt 0.915972 0.065898
vt 0.931716 0.102219
vt 0.929880 0.112005
vt 0.918399 0.109439
vt 0.919793 0.100755
vt 0.927321 0.121533
vt 0.915854 0.117920
vt 0.923944 0.130930
vt 0.912093 0.126381
vt 0.792855 0.016333
vt 0.801135 0.011694
vt 0.806311 0.021789
vt 0.798978 0.026709
vt 0.809610 0.007864
vt 0.813783 0.018097
vt 0.818340 0.004687
vt 0.821537 0.015462
vt 0.827621 0.002362
vt 0.829565 0.013679
vt 0.837193 0.001383
vt 0.837814 0.012659
vt 0.846576 0.001437
vt 0.846083 0.012536
vt 0.855910 0.002230
vt 0.854330 0.013362
vt 0.865278 0.004041
vt 0.862477 0.015140
vt 0.874526 0.006896
vt 0.870413 0.017809
vt 0.883610 0.010841
vt 0.878054 0.021408
vt 0.892090 0.016051
vt 0.885425 0.025724
vt 0.899826 0.022065
vt 0.892302 0.030828
vt 0.906747 0.028738
vt 0.898540 0.036590
vt 0.913092 0.035945
vt 0.903993 0.043063
vt 0.918757 0.043947
vt 0.908793 0.050166
vt 0.923577 0.052663
vt 0.912807 0.057851
vt 0.318788 0.944393
vt 0.331182 0.942808
vt 0.331158 0.955288
vt 0.318766 0.953616
vt 0.375861 0.122931
vt 0.448693 0.122241
vt 0.448808 0.129602
vt 0.375939 0.130455
vt 0.288155 0.984033
vt 0.289740 0.996453
vt 0.277217 0.996401
vt 0.278915 0.984002
vt 0.305305 0.920855
vt 0.312956 0.910924
vt 0.321827 0.919819
vt 0.311838 0.927424
vt 0.245685 0.919585
vt 0.255621 0.927236
vt 0.265138 0.993152
vt 0.269989 0.981581
vt 0.328030 0.930727
vt 0.316433 0.935467
vt 0.254579 0.910709
vt 0.262191 0.920697
vt 0.254362 0.986842
vt 0.262005 0.976932
vt 0.327893 0.967388
vt 0.316351 0.962540
vt 0.265486 0.904500
vt 0.270231 0.916096
vt 0.245512 0.977994
vt 0.255484 0.970370
vt 0.321628 0.978230
vt 0.311707 0.970538
vt 0.077290 0.241687
vt 0.077290 0.182947
vt 0.088552 0.182947
vt 0.088552 0.241687
vt 0.277569 0.901342
vt 0.279157 0.913746
vt 0.239295 0.967099
vt 0.250879 0.962334
vt 0.312768 0.987055
vt 0.305138 0.977064
vt 0.290045 0.901356
vt 0.288391 0.913776
vt 0.236102 0.954993
vt 0.248518 0.953400
vt 0.301861 0.993267
vt 0.297095 0.981671
vt 0.302118 0.904626
vt 0.297315 0.916200
vt 0.066028 0.241687
vt 0.066028 0.182947
vt 0.054767 0.241687
vt 0.054767 0.182947
vt 0.043505 0.241687
vt 0.043505 0.182947
vt 0.032243 0.241687
vt 0.032244 0.182947
vt 0.020982 0.241687
vt 0.020982 0.182947
vt 0.279999 0.241687
vt 0.279999 0.182947
vt 0.291261 0.182947
vt 0.291261 0.241687
vt 0.268737 0.241687
vt 0.268737 0.182947
vt 0.257476 0.241687
vt 0.257476 0.182947
vt 0.246214 0.241687
vt 0.246214 0.182947
vt 0.234952 0.241687
vt 0.234952 0.182947
vt 0.223691 0.241687
vt 0.223691 0.182947
vt 0.212429 0.241687
vt 0.212429 0.182947
vt 0.201168 0.241687
vt 0.201168 0.182947
vt 0.189906 0.241687
vt 0.189906 0.182947
vt 0.178644 0.241687
vt 0.178644 0.182947
vt 0.167383 0.241687
vt 0.167383 0.182947
vt 0.156121 0.241687
vt 0.156121 0.182947
vt 0.144860 0.241687
vt 0.144860 0.182947
vt 0.133598 0.241687
vt 0.133598 0.182947
vt 0.122337 0.241687
vt 0.122337 0.182947
vt 0.111075 0.241687
vt 0.111075 0.182947
vt 0.099813 0.241687
vt 0.099813 0.182947
vt 0.376388 0.032700
vt 0.449163 0.034140
vt 0.449029 0.041488
vt 0.376241 0.040217
vt 0.376804 0.175602
vt 0.449774 0.173615
vt 0.450278 0.181038
vt 0.377010 0.183130
vt 0.375912 0.062777
vt 0.448699 0.063646
vt 0.448623 0.070983
vt 0.375840 0.070295
vt 0.375804 0.115408
vt 0.448626 0.114852
vt 0.376614 0.168078
vt 0.449500 0.166314
vt 0.375999 0.055257
vt 0.448805 0.056292
vt 0.375762 0.107887
vt 0.448578 0.107514
vt 0.376442 0.160556
vt 0.449286 0.159033
vt 0.375742 0.100366
vt 0.448555 0.100223
vt 0.376285 0.153031
vt 0.449140 0.151708
vt 0.376556 0.025184
vt 0.449312 0.026822
vt 0.376110 0.047737
vt 0.448904 0.048890
vt 0.375739 0.092848
vt 0.448518 0.092904
vt 0.376150 0.145506
vt 0.449011 0.144358
vt 0.376742 0.017671
vt 0.449514 0.019549
vt 0.375753 0.085330
vt 0.448559 0.085587
vt 0.376035 0.137980
vt 0.448887 0.136966
vt 0.376944 0.010160
vt 0.449776 0.012253
vt 0.375787 0.077812
vt 0.448572 0.078303
vt 0.377161 0.002647
vt 0.450282 0.004843
vt 0.333338 0.955572
vt 0.333344 0.942533
vt 0.329942 0.968240
vt 0.323360 0.979564
vt 0.314108 0.988804
vt 0.302700 0.995324
vt 0.290015 0.998624
vt 0.276922 0.998597
vt 0.264295 0.995165
vt 0.253023 0.988586
vt 0.243764 0.979337
vt 0.237240 0.967939
vt 0.233936 0.955271
vt 0.233936 0.942220
vt 0.237352 0.929584
vt 0.243931 0.918242
vt 0.253231 0.908938
vt 0.264662 0.902458
vt 0.277293 0.899180
vt 0.290330 0.899179
vt 0.302961 0.902592
vt 0.314299 0.909172
vt 0.323598 0.918472
vt 0.330072 0.929904
vt 0.451163 0.041520
vt 0.451071 0.048923
vt 0.415291 0.876033
vt 0.412961 0.877818
vt 0.406457 0.871294
vt 0.408235 0.868978
vt 0.451283 0.034176
vt 0.420279 0.884688
vt 0.417571 0.885804
vt 0.451419 0.026867
vt 0.422851 0.894329
vt 0.419949 0.894705
vt 0.451591 0.019616
vt 0.422840 0.904302
vt 0.419941 0.903914
vt 0.451885 0.012374
vt 0.420251 0.913927
vt 0.417553 0.912805
vt 0.452420 0.005100
vt 0.415271 0.922546
vt 0.412958 0.920772
vt 0.451886 0.173493
vt 0.452420 0.180780
vt 0.408236 0.929590
vt 0.406453 0.927274
vt 0.451579 0.166243
vt 0.399605 0.934586
vt 0.398480 0.931883
vt 0.451394 0.158987
vt 0.389959 0.937181
vt 0.389574 0.934271
vt 0.451260 0.151673
vt 0.379977 0.937181
vt 0.380358 0.934284
vt 0.451143 0.144327
vt 0.370335 0.934600
vt 0.371459 0.931888
vt 0.451046 0.136934
vt 0.361686 0.929599
vt 0.363473 0.927278
vt 0.450913 0.129574
vt 0.354639 0.922539
vt 0.356961 0.920762
vt 0.450851 0.122216
vt 0.349662 0.913909
vt 0.352358 0.912793
vt 0.450756 0.114830
vt 0.347078 0.904278
vt 0.349985 0.903895
vt 0.450692 0.107497
vt 0.347079 0.894306
vt 0.349973 0.894686
vt 0.450643 0.100217
vt 0.349652 0.884676
vt 0.352358 0.885793
vt 0.450657 0.092904
vt 0.354642 0.876020
vt 0.356973 0.877808
vt 0.450645 0.085591
vt 0.361713 0.868957
vt 0.363493 0.871284
vt 0.450682 0.078317
vt 0.370359 0.863976
vt 0.371474 0.866680
vt 0.450741 0.071004
vt 0.379985 0.861402
vt 0.380365 0.864296
vt 0.450823 0.063676
vt 0.389962 0.861400
vt 0.389577 0.864309
vt 0.450939 0.056327
vt 0.399606 0.863991
vt 0.398482 0.866693
vt 0.384966 0.899291
vt 0.815850 0.632093
vt 0.809577 0.623833
vt 0.819921 0.617035
vt 0.825184 0.624233
vt 0.829618 0.620622
vt 0.826194 0.623410
vt 0.821012 0.616316
vt 0.824664 0.613915
vt 0.816569 0.608829
vt 0.820380 0.606862
vt 0.812998 0.600903
vt 0.817129 0.599367
vt 0.810493 0.592535
vt 0.814709 0.591599
vt 0.809083 0.583546
vt 0.813618 0.583485
vt 0.952469 0.603279
vt 0.956673 0.604343
vt 0.953386 0.612374
vt 0.949658 0.610582
vt 0.949261 0.619486
vt 0.945925 0.617260
vt 0.944314 0.625889
vt 0.941241 0.623231
vt 0.938617 0.631720
vt 0.935807 0.628725
vt 0.932349 0.637074
vt 0.929803 0.633749
vt 0.925592 0.641689
vt 0.923504 0.638208
vt 0.918316 0.645473
vt 0.916594 0.641667
vt 0.910615 0.648448
vt 0.909357 0.644568
vt 0.902602 0.650557
vt 0.901771 0.646467
vt 0.894317 0.651751
vt 0.893910 0.647544
vt 0.885856 0.652175
vt 0.885867 0.647842
vt 0.877386 0.651709
vt 0.877847 0.647503
vt 0.869096 0.650351
vt 0.870044 0.646262
vt 0.861070 0.647970
vt 0.862493 0.644065
vt 0.853239 0.644686
vt 0.855154 0.640780
vt 0.845723 0.640538
vt 0.848015 0.636894
vt 0.147012 0.944160
vt 0.134580 0.942505
vt 0.137852 0.930427
vt 0.149434 0.935230
vt 0.838724 0.635589
vt 0.841365 0.632257
vt 0.832122 0.629919
vt 0.835254 0.626733
vt 0.822850 0.639475
vt 0.831216 0.630851
vt 0.830442 0.646256
vt 0.837939 0.636595
vt 0.804596 0.614798
vt 0.800719 0.605560
vt 0.811786 0.601357
vt 0.815425 0.609425
vt 0.797592 0.596139
vt 0.809228 0.592823
vt 0.795226 0.586372
vt 0.807702 0.583632
vt 0.968826 0.610054
vt 0.964440 0.618536
vt 0.954500 0.612923
vt 0.957937 0.604727
vt 0.959440 0.626448
vt 0.950267 0.620162
vt 0.953865 0.633952
vt 0.945212 0.626670
vt 0.947355 0.641046
vt 0.939454 0.632614
vt 0.939856 0.647169
vt 0.933088 0.638039
vt 0.931942 0.652320
vt 0.926210 0.642722
vt 0.923661 0.656823
vt 0.918824 0.646595
vt 0.914787 0.660490
vt 0.910994 0.649613
vt 0.905437 0.663213
vt 0.902849 0.651766
vt 0.895620 0.664929
vt 0.894435 0.652974
vt 0.885610 0.665249
vt 0.885852 0.653430
vt 0.875779 0.664480
vt 0.877248 0.652951
vt 0.866269 0.662706
vt 0.868816 0.651564
vt 0.856947 0.660166
vt 0.860649 0.649146
vt 0.847756 0.656580
vt 0.852683 0.645837
vt 0.838879 0.651927
vt 0.845055 0.641603
vt 0.217253 0.944394
vt 0.229647 0.942809
vt 0.229623 0.955288
vt 0.217231 0.953616
vt 0.531334 0.001206
vt 0.531269 0.063984
vt 0.524923 0.064016
vt 0.524849 0.001205
vt 0.186620 0.984033
vt 0.188205 0.996453
vt 0.175682 0.996401
vt 0.177380 0.984002
vt 0.203771 0.920855
vt 0.211422 0.910924
vt 0.220292 0.919820
vt 0.210303 0.927424
vt 0.144150 0.919585
vt 0.154086 0.927236
vt 0.163603 0.993152
vt 0.168454 0.981581
vt 0.226496 0.930727
vt 0.214898 0.935467
vt 0.153045 0.910709
vt 0.160656 0.920697
vt 0.152827 0.986842
vt 0.160470 0.976932
vt 0.226358 0.967388
vt 0.214816 0.962540
vt 0.163951 0.904500
vt 0.168696 0.916096
vt 0.143977 0.977994
vt 0.153949 0.970370
vt 0.220093 0.978230
vt 0.210172 0.970538
vt 0.508282 0.805257
vt 0.508282 0.746518
vt 0.519544 0.746518
vt 0.519544 0.805257
vt 0.176035 0.901342
vt 0.177622 0.913746
vt 0.137760 0.967099
vt 0.149344 0.962334
vt 0.211233 0.987055
vt 0.203603 0.977064
vt 0.188510 0.901356
vt 0.186857 0.913776
vt 0.134567 0.954993
vt 0.146983 0.953400
vt 0.200326 0.993267
vt 0.195560 0.981672
vt 0.200583 0.904626
vt 0.195780 0.916201
vt 0.497021 0.805257
vt 0.497021 0.746518
vt 0.485759 0.805257
vt 0.485759 0.746518
vt 0.474497 0.805257
vt 0.474497 0.746518
vt 0.463236 0.805257
vt 0.463236 0.746518
vt 0.451974 0.805257
vt 0.451974 0.746518
vt 0.710991 0.805257
vt 0.710991 0.746518
vt 0.722253 0.746518
vt 0.722253 0.805257
vt 0.699729 0.805257
vt 0.699729 0.746518
vt 0.688468 0.805257
vt 0.688468 0.746518
vt 0.677206 0.805257
vt 0.677206 0.746518
vt 0.665945 0.805257
vt 0.665945 0.746518
vt 0.654683 0.805257
vt 0.654683 0.746518
vt 0.643421 0.805257
vt 0.643421 0.746518
vt 0.632160 0.805257
vt 0.632160 0.746518
vt 0.620898 0.805257
vt 0.620898 0.746518
vt 0.609637 0.805257
vt 0.609637 0.746518
vt 0.598375 0.805257
vt 0.598375 0.746518
vt 0.587113 0.805257
vt 0.587113 0.746518
vt 0.575852 0.805257
vt 0.575852 0.746518
vt 0.564590 0.805257
vt 0.564590 0.746518
vt 0.553329 0.805257
vt 0.553329 0.746518
vt 0.542067 0.805257
vt 0.542067 0.746518
vt 0.530805 0.805257
vt 0.530805 0.746518
vt 0.609096 0.002478
vt 0.607196 0.065188
vt 0.600863 0.065005
vt 0.602618 0.002284
vt 0.485930 0.001541
vt 0.486981 0.064450
vt 0.480579 0.064816
vt 0.479440 0.001651
vt 0.583178 0.001795
vt 0.581769 0.064521
vt 0.575446 0.064388
vt 0.576699 0.001665
vt 0.537819 0.001225
vt 0.537637 0.063993
vt 0.492417 0.001446
vt 0.493276 0.064280
vt 0.589658 0.001939
vt 0.588107 0.064678
vt 0.544301 0.001258
vt 0.543962 0.064018
vt 0.498901 0.001366
vt 0.499553 0.064161
vt 0.550783 0.001308
vt 0.550246 0.064064
vt 0.505388 0.001299
vt 0.505867 0.064102
vt 0.615572 0.002692
vt 0.613501 0.065383
vt 0.596139 0.002103
vt 0.594485 0.064830
vt 0.557263 0.001374
vt 0.556555 0.064099
vt 0.511875 0.001251
vt 0.512203 0.064057
vt 0.622046 0.002920
vt 0.619768 0.065622
vt 0.563742 0.001454
vt 0.562860 0.064200
vt 0.518362 0.001220
vt 0.518576 0.064018
vt 0.628518 0.003162
vt 0.626053 0.065914
vt 0.570221 0.001552
vt 0.569138 0.064278
vt 0.634991 0.003417
vt 0.632435 0.066417
vt 0.231803 0.955573
vt 0.231809 0.942533
vt 0.228407 0.968240
vt 0.221825 0.979564
vt 0.212573 0.988804
vt 0.201165 0.995324
vt 0.188480 0.998624
vt 0.175387 0.998597
vt 0.162760 0.995165
vt 0.151488 0.988586
vt 0.142229 0.979337
vt 0.135705 0.967939
vt 0.132401 0.955271
vt 0.132401 0.942220
vt 0.135817 0.929583
vt 0.142397 0.918242
vt 0.151696 0.908938
vt 0.163127 0.902458
vt 0.175758 0.899180
vt 0.188795 0.899179
vt 0.201426 0.902592
vt 0.212764 0.909172
vt 0.222063 0.918472
vt 0.228537 0.929904
vt 0.600817 0.066844
vt 0.594437 0.066698
vt 0.613178 0.920415
vt 0.611100 0.922007
vt 0.605300 0.916189
vt 0.606886 0.914124
vt 0.607145 0.067014
vt 0.617626 0.928133
vt 0.615211 0.929128
vt 0.613443 0.067198
vt 0.619919 0.936730
vt 0.617331 0.937065
vt 0.619691 0.067412
vt 0.619910 0.945623
vt 0.617324 0.945277
vt 0.625930 0.067731
vt 0.617601 0.954206
vt 0.615195 0.953206
vt 0.632194 0.068258
vt 0.613160 0.961892
vt 0.611098 0.960310
vt 0.487067 0.066271
vt 0.480781 0.066665
vt 0.606887 0.968174
vt 0.605296 0.966109
vt 0.493318 0.066072
vt 0.599190 0.972629
vt 0.598186 0.970219
vt 0.499574 0.065979
vt 0.590588 0.974943
vt 0.590245 0.972347
vt 0.505879 0.065929
vt 0.581687 0.974943
vt 0.582027 0.972359
vt 0.512211 0.065895
vt 0.573088 0.972641
vt 0.574091 0.970223
vt 0.518584 0.065879
vt 0.565376 0.968182
vt 0.566969 0.966112
vt 0.524928 0.065831
vt 0.559092 0.961886
vt 0.561163 0.960301
vt 0.531271 0.065843
vt 0.554654 0.954190
vt 0.557058 0.953195
vt 0.537637 0.065829
vt 0.552350 0.945602
vt 0.554942 0.945261
vt 0.543957 0.065840
vt 0.552350 0.936709
vt 0.554931 0.937048
vt 0.550232 0.065864
vt 0.554645 0.928122
vt 0.557058 0.929118
vt 0.556535 0.065942
vt 0.559095 0.920403
vt 0.561173 0.921998
vt 0.562838 0.065998
vt 0.565400 0.914105
vt 0.566987 0.916180
vt 0.569107 0.066097
vt 0.573110 0.909663
vt 0.574104 0.912074
vt 0.575409 0.066214
vt 0.581694 0.907367
vt 0.582033 0.909948
vt 0.581724 0.066351
vt 0.590591 0.907366
vt 0.590248 0.909960
vt 0.588057 0.066517
vt 0.599191 0.909676
vt 0.598189 0.912086
vt 0.586136 0.941155
vt 0.544773 0.871003
vt 0.548589 0.880843
vt 0.541632 0.884144
vt 0.536575 0.874653
vt 0.550466 0.885415
vt 0.543953 0.888462
vt 0.542160 0.885130
vt 0.549017 0.881885
vt 0.537795 0.892096
vt 0.535678 0.889010
vt 0.532171 0.896553
vt 0.529616 0.893624
vt 0.526988 0.901580
vt 0.524125 0.899043
vt 0.522574 0.907423
vt 0.519070 0.905380
vt 0.637115 0.950925
vt 0.637923 0.944079
vt 0.641546 0.944228
vt 0.640831 0.951819
vt 0.637831 0.937366
vt 0.641344 0.937044
vt 0.636709 0.930768
vt 0.640217 0.930006
vt 0.634816 0.924187
vt 0.638262 0.923053
vt 0.632299 0.917756
vt 0.635648 0.916262
vt 0.629094 0.911629
vt 0.632276 0.909750
vt 0.625146 0.905876
vt 0.628139 0.903646
vt 0.620838 0.900474
vt 0.623490 0.898018
vt 0.615815 0.895781
vt 0.618196 0.893022
vt 0.610316 0.891550
vt 0.612412 0.888536
vt 0.604415 0.887964
vt 0.606153 0.884706
vt 0.598075 0.885138
vt 0.599461 0.881644
vt 0.591477 0.882845
vt 0.592484 0.879305
vt 0.584725 0.881215
vt 0.585352 0.877623
vt 0.577959 0.880344
vt 0.578147 0.876766
vt 0.571145 0.880499
vt 0.570895 0.876847
vt 0.141150 0.860054
vt 0.145745 0.868085
vt 0.135742 0.875671
vt 0.129581 0.864790
vt 0.564223 0.881445
vt 0.563576 0.877766
vt 0.557274 0.883110
vt 0.556211 0.879386
vt 0.553145 0.868322
vt 0.555904 0.878303
vt 0.561681 0.866355
vt 0.563388 0.876681
vt 0.528995 0.879426
vt 0.535047 0.888079
vt 0.528870 0.892765
vt 0.522097 0.884859
vt 0.523262 0.898266
vt 0.515638 0.890842
vt 0.518037 0.904704
vt 0.509821 0.897281
vt 0.652352 0.952350
vt 0.641972 0.952034
vt 0.642632 0.944263
vt 0.652600 0.944217
vt 0.642391 0.936945
vt 0.652139 0.936010
vt 0.641255 0.929777
vt 0.651057 0.927825
vt 0.639290 0.922712
vt 0.649044 0.919519
vt 0.636623 0.915823
vt 0.645841 0.911545
vt 0.633226 0.909186
vt 0.641862 0.904062
vt 0.629006 0.902997
vt 0.637217 0.896869
vt 0.624273 0.897286
vt 0.631665 0.890392
vt 0.618906 0.892194
vt 0.625588 0.884365
vt 0.613030 0.887643
vt 0.618679 0.879211
vt 0.606666 0.883744
vt 0.611391 0.874913
vt 0.599856 0.880642
vt 0.603761 0.871214
vt 0.592781 0.878262
vt 0.595610 0.868278
vt 0.585541 0.876547
vt 0.587132 0.866533
vt 0.578204 0.875701
vt 0.578762 0.865735
vt 0.570821 0.875766
vt 0.570346 0.865588
vt 0.209086 0.842126
vt 0.206736 0.833208
vt 0.218300 0.828441
vt 0.221477 0.840497
vt 0.513613 0.594277
vt 0.520719 0.594399
vt 0.519405 0.663213
vt 0.512473 0.663061
vt 0.169405 0.811518
vt 0.160475 0.813887
vt 0.155699 0.802281
vt 0.167791 0.799107
vt 0.201979 0.868292
vt 0.206636 0.860294
vt 0.218204 0.865124
vt 0.211876 0.875958
vt 0.152271 0.874659
vt 0.144599 0.884578
vt 0.152438 0.818495
vt 0.144824 0.808497
vt 0.209051 0.851358
vt 0.221453 0.853007
vt 0.160276 0.879327
vt 0.155417 0.890930
vt 0.145866 0.825034
vt 0.135930 0.817361
vt 0.202157 0.825196
vt 0.212117 0.817606
vt 0.169215 0.881752
vt 0.167524 0.894173
vt 0.141223 0.833034
vt 0.129673 0.828209
vt 0.195642 0.818629
vt 0.203323 0.808687
vt 0.077290 0.122358
vt 0.088552 0.122358
vt 0.088552 0.181098
vt 0.077290 0.181098
vt 0.178462 0.881775
vt 0.180057 0.894207
vt 0.138813 0.841944
vt 0.126448 0.840279
vt 0.187615 0.813966
vt 0.192465 0.802346
vt 0.187407 0.879413
vt 0.192167 0.891012
vt 0.138792 0.851148
vt 0.126431 0.852734
vt 0.178655 0.811539
vt 0.180322 0.799090
vt 0.195432 0.874809
vt 0.203023 0.884786
vt 0.066028 0.122358
vt 0.066028 0.181098
vt 0.054767 0.122358
vt 0.054767 0.181098
vt 0.043505 0.122358
vt 0.043505 0.181098
vt 0.032244 0.122358
vt 0.032244 0.181098
vt 0.020982 0.122358
vt 0.020982 0.181098
vt 0.279999 0.122358
vt 0.291261 0.122358
vt 0.291261 0.181098
vt 0.279999 0.181098
vt 0.268737 0.122358
vt 0.268737 0.181098
vt 0.257476 0.122358
vt 0.257476 0.181098
vt 0.246214 0.122358
vt 0.246214 0.181098
vt 0.234952 0.122358
vt 0.234952 0.181098
vt 0.223691 0.122358
vt 0.223691 0.181098
vt 0.212429 0.122358
vt 0.212429 0.181098
vt 0.201168 0.122358
vt 0.201168 0.181098
vt 0.189906 0.122358
vt 0.189906 0.181098
vt 0.178644 0.122358
vt 0.178644 0.181098
vt 0.167383 0.122358
vt 0.167383 0.181098
vt 0.156121 0.122358
vt 0.156121 0.181098
vt 0.144860 0.122358
vt 0.144860 0.181098
vt 0.133598 0.122358
vt 0.133598 0.181098
vt 0.122337 0.122358
vt 0.122337 0.181098
vt 0.111075 0.122358
vt 0.111075 0.181098
vt 0.099813 0.122358
vt 0.099813 0.181098
vt 0.428345 0.594177
vt 0.435447 0.594087
vt 0.436167 0.662860
vt 0.429283 0.662961
vt 0.563388 0.595506
vt 0.570407 0.595743
vt 0.568059 0.665051
vt 0.560996 0.664527
vt 0.456768 0.593921
vt 0.463877 0.593905
vt 0.464030 0.662711
vt 0.457033 0.662730
vt 0.506507 0.594170
vt 0.505501 0.662962
vt 0.556270 0.595277
vt 0.554027 0.664196
vt 0.449660 0.593956
vt 0.450037 0.662772
vt 0.499402 0.594081
vt 0.498575 0.662872
vt 0.549154 0.595066
vt 0.547083 0.663936
vt 0.492296 0.594011
vt 0.491701 0.662804
vt 0.542042 0.594873
vt 0.540146 0.663712
vt 0.421243 0.594286
vt 0.422370 0.663046
vt 0.442552 0.594013
vt 0.443090 0.662806
vt 0.485193 0.593959
vt 0.484828 0.662735
vt 0.534932 0.594698
vt 0.533216 0.663512
vt 0.414140 0.594410
vt 0.415453 0.663219
vt 0.478088 0.593921
vt 0.477914 0.662712
vt 0.527824 0.594541
vt 0.526296 0.663339
vt 0.407037 0.594552
vt 0.408538 0.663423
vt 0.470983 0.593904
vt 0.470982 0.662703
vt 0.400035 0.594700
vt 0.401505 0.663845
vt 0.220316 0.827617
vt 0.223653 0.840211
vt 0.213872 0.816284
vt 0.204683 0.806947
vt 0.193324 0.800288
vt 0.180602 0.796900
vt 0.167502 0.796927
vt 0.154874 0.800257
vt 0.143477 0.806729
vt 0.134177 0.816021
vt 0.127638 0.827373
vt 0.124273 0.839998
vt 0.124273 0.853010
vt 0.127545 0.865609
vt 0.133982 0.876998
vt 0.143236 0.886336
vt 0.154572 0.892952
vt 0.167231 0.896372
vt 0.180336 0.896378
vt 0.193008 0.893063
vt 0.204350 0.886522
vt 0.213615 0.877310
vt 0.220256 0.865981
vt 0.223639 0.853290
vt 0.443099 0.664811
vt 0.436185 0.664855
vt 0.283788 0.803955
vt 0.292414 0.806262
vt 0.291414 0.808685
vt 0.283450 0.806551
vt 0.429313 0.664932
vt 0.274866 0.803958
vt 0.275210 0.806552
vt 0.422408 0.665066
vt 0.266258 0.806265
vt 0.267256 0.808677
vt 0.415505 0.665192
vt 0.258527 0.810721
vt 0.260125 0.812803
vt 0.408637 0.665423
vt 0.252212 0.817036
vt 0.254290 0.818628
vt 0.401733 0.665875
vt 0.247755 0.824755
vt 0.250166 0.825754
vt 0.567803 0.667090
vt 0.560867 0.666541
vt 0.245440 0.833367
vt 0.248039 0.833711
vt 0.553939 0.666203
vt 0.245435 0.842285
vt 0.248023 0.841947
vt 0.547011 0.665942
vt 0.247730 0.850894
vt 0.250148 0.849899
vt 0.540083 0.665716
vt 0.252176 0.858626
vt 0.254257 0.857039
vt 0.533160 0.665513
vt 0.258474 0.864949
vt 0.260075 0.862876
vt 0.526248 0.665334
vt 0.266200 0.869428
vt 0.267209 0.867008
vt 0.519369 0.665188
vt 0.274835 0.871755
vt 0.275180 0.869148
vt 0.512439 0.665095
vt 0.283778 0.871755
vt 0.283433 0.869157
vt 0.505468 0.664972
vt 0.292399 0.869442
vt 0.291396 0.867026
vt 0.498546 0.664866
vt 0.300117 0.864988
vt 0.298530 0.862917
vt 0.491681 0.664768
vt 0.306427 0.858692
vt 0.304353 0.857094
vt 0.484820 0.664726
vt 0.310905 0.850958
vt 0.308479 0.849951
vt 0.477913 0.664713
vt 0.313219 0.842326
vt 0.310623 0.841986
vt 0.470986 0.664710
vt 0.313221 0.833413
vt 0.310634 0.833751
vt 0.464040 0.664729
vt 0.310925 0.824802
vt 0.308506 0.825798
vt 0.457041 0.664778
vt 0.306475 0.817065
vt 0.304392 0.818655
vt 0.450042 0.664789
vt 0.300160 0.810733
vt 0.298558 0.812818
vt 0.279323 0.837851
vt 0.436309 0.196712
vt 0.431509 0.207826
vt 0.423095 0.204623
vt 0.426816 0.193010
vt 0.429069 0.213077
vt 0.421335 0.210026
vt 0.422689 0.205871
vt 0.430960 0.209030
vt 0.413424 0.207818
vt 0.414279 0.203580
vt 0.405224 0.206793
vt 0.405603 0.202338
vt 0.396889 0.206458
vt 0.396767 0.202060
vt 0.388452 0.207301
vt 0.387841 0.202728
vt 0.379934 0.208843
vt 0.378842 0.204381
vt 0.371626 0.211303
vt 0.370053 0.206989
vt 0.363634 0.214647
vt 0.361639 0.210581
vt 0.356015 0.218997
vt 0.353506 0.215047
vt 0.348863 0.224239
vt 0.345922 0.220573
vt 0.342260 0.230207
vt 0.338877 0.226842
vt 0.336385 0.237028
vt 0.332575 0.234033
vt 0.331175 0.244673
vt 0.326963 0.242054
vt 0.326704 0.253022
vt 0.322123 0.250784
vt 0.322855 0.261693
vt 0.318256 0.259985
vt 0.320117 0.270690
vt 0.315272 0.269471
vt 0.318412 0.279957
vt 0.313351 0.279281
vt 0.317631 0.289359
vt 0.312615 0.289258
vt 0.317908 0.298821
vt 0.312942 0.299246
vt 0.319087 0.308148
vt 0.314186 0.309112
vt 0.321388 0.317224
vt 0.316658 0.318751
vt 0.045142 0.837134
vt 0.051678 0.843699
vt 0.043992 0.853619
vt 0.035135 0.844707
vt 0.324733 0.325978
vt 0.320245 0.328086
vt 0.329423 0.334237
vt 0.325188 0.337358
vt 0.445244 0.200902
vt 0.439897 0.212305
vt 0.305943 0.334030
vt 0.318891 0.328704
vt 0.323853 0.338240
vt 0.310713 0.344327
vt 0.416960 0.190586
vt 0.414539 0.202322
vt 0.405718 0.201025
vt 0.406994 0.188966
vt 0.396738 0.200758
vt 0.396731 0.188397
vt 0.387669 0.201400
vt 0.386306 0.188931
vt 0.378523 0.203047
vt 0.375810 0.190630
vt 0.369597 0.205726
vt 0.365460 0.193506
vt 0.361042 0.209357
vt 0.355342 0.197547
vt 0.352756 0.213863
vt 0.345861 0.202958
vt 0.345051 0.219490
vt 0.336822 0.209194
vt 0.337887 0.225860
vt 0.328697 0.216593
vt 0.331448 0.233149
vt 0.321142 0.224665
vt 0.325709 0.241268
vt 0.314294 0.233758
vt 0.320794 0.250137
vt 0.308379 0.243789
vt 0.316874 0.259477
vt 0.303555 0.254598
vt 0.313841 0.269105
vt 0.300333 0.265943
vt 0.311897 0.279085
vt 0.298377 0.277300
vt 0.311135 0.289229
vt 0.297333 0.288761
vt 0.311457 0.299365
vt 0.297523 0.300485
vt 0.312750 0.309385
vt 0.299346 0.311981
vt 0.315234 0.319203
vt 0.302057 0.323117
vt 0.106096 0.802194
vt 0.101503 0.794180
vt 0.111432 0.786575
vt 0.117665 0.797412
vt 0.998439 0.065609
vt 0.998467 0.072057
vt 0.936044 0.072231
vt 0.936021 0.065884
vt 0.059807 0.782906
vt 0.051780 0.787518
vt 0.044133 0.777560
vt 0.055016 0.771307
vt 0.106016 0.829276
vt 0.108434 0.820354
vt 0.120848 0.821981
vt 0.117588 0.834085
vt 0.059691 0.848343
vt 0.054863 0.859915
vt 0.045217 0.794054
vt 0.035256 0.786402
vt 0.108460 0.811116
vt 0.120860 0.809473
vt 0.068616 0.850750
vt 0.066952 0.863143
vt 0.040581 0.802061
vt 0.029023 0.797248
vt 0.094994 0.787620
vt 0.102635 0.777685
vt 0.077839 0.850772
vt 0.079424 0.863161
vt 0.038184 0.810974
vt 0.025809 0.809318
vt 0.087006 0.782969
vt 0.091840 0.771388
vt 0.031892 0.424483
vt 0.020631 0.424483
vt 0.020631 0.365743
vt 0.031892 0.365743
vt 0.086762 0.848417
vt 0.091490 0.860013
vt 0.038174 0.820186
vt 0.025793 0.821776
vt 0.078055 0.780547
vt 0.079753 0.768064
vt 0.094784 0.843820
vt 0.102364 0.853800
vt 0.040539 0.829109
vt 0.028934 0.833836
vt 0.068768 0.780525
vt 0.067172 0.768051
vt 0.101358 0.837288
vt 0.111300 0.844966
vt 0.043154 0.424483
vt 0.043154 0.365743
vt 0.054415 0.424483
vt 0.054415 0.365743
vt 0.065677 0.424483
vt 0.065677 0.365743
vt 0.076939 0.424483
vt 0.076939 0.365743
vt 0.088200 0.424483
vt 0.088200 0.365743
vt 0.099462 0.424483
vt 0.099462 0.365743
vt 0.110724 0.424483
vt 0.110724 0.365743
vt 0.121985 0.424483
vt 0.121985 0.365743
vt 0.133247 0.424483
vt 0.133247 0.365743
vt 0.144508 0.424483
vt 0.144508 0.365743
vt 0.155770 0.424483
vt 0.155770 0.365743
vt 0.167032 0.424483
vt 0.167032 0.365743
vt 0.178293 0.424483
vt 0.178293 0.365743
vt 0.189555 0.424483
vt 0.189555 0.365743
vt 0.200816 0.424483
vt 0.200816 0.365743
vt 0.212078 0.424483
vt 0.212078 0.365743
vt 0.223340 0.424483
vt 0.223340 0.365743
vt 0.234601 0.424483
vt 0.234601 0.365743
vt 0.245863 0.424483
vt 0.245863 0.365743
vt 0.257124 0.424483
vt 0.257124 0.365743
vt 0.268386 0.424483
vt 0.268386 0.365743
vt 0.279648 0.424483
vt 0.279648 0.365743
vt 0.290909 0.424483
vt 0.290909 0.365743
vt 0.997686 0.142944
vt 0.997521 0.149388
vt 0.935027 0.147641
vt 0.935281 0.141352
vt 0.998280 0.110729
vt 0.998192 0.117173
vt 0.935815 0.116273
vt 0.935874 0.109974
vt 0.997642 0.014078
vt 0.997797 0.020519
vt 0.935438 0.022025
vt 0.935258 0.015733
vt 0.998394 0.059162
vt 0.936001 0.059579
vt 0.998350 0.104285
vt 0.935969 0.103687
vt 0.997473 0.007635
vt 0.935008 0.009414
vt 0.998333 0.052718
vt 0.935966 0.053293
vt 0.998403 0.097842
vt 0.936008 0.097409
vt 0.998256 0.046277
vt 0.935909 0.047025
vt 0.998443 0.091398
vt 0.936049 0.091161
vt 0.997835 0.136502
vt 0.935450 0.135115
vt 0.997296 0.001283
vt 0.934569 0.003035
vt 0.998165 0.039838
vt 0.935809 0.040797
vt 0.998466 0.084953
vt 0.936065 0.084881
vt 0.997971 0.130060
vt 0.935592 0.128880
vt 0.998058 0.033399
vt 0.935719 0.034570
vt 0.998475 0.078506
vt 0.936054 0.078577
vt 0.998090 0.123617
vt 0.935708 0.122599
vt 0.997937 0.026959
vt 0.935586 0.028305
vt 0.439123 0.213458
vt 0.113193 0.785234
vt 0.119682 0.796582
vt 0.103972 0.775959
vt 0.092699 0.769362
vt 0.080057 0.765875
vt 0.066882 0.765840
vt 0.054166 0.769266
vt 0.042790 0.775811
vt 0.033506 0.785066
vt 0.026988 0.796415
vt 0.023634 0.809038
vt 0.023635 0.822051
vt 0.026898 0.834658
vt 0.033374 0.846038
vt 0.042633 0.855383
vt 0.054024 0.861956
vt 0.066671 0.865321
vt 0.079700 0.865321
vt 0.092314 0.862049
vt 0.103693 0.855562
vt 0.113063 0.846327
vt 0.119630 0.834926
vt 0.123031 0.822266
vt 0.123037 0.809185
vt 0.436368 0.217207
vt 0.934589 0.154014
vt 0.932749 0.153792
vt 0.933210 0.147535
vt 0.046308 0.794914
vt 0.052601 0.788612
vt 0.054195 0.790683
vt 0.048383 0.796500
vt 0.933476 0.141285
vt 0.041864 0.802626
vt 0.044277 0.803620
vt 0.933669 0.135071
vt 0.039567 0.811222
vt 0.042155 0.811559
vt 0.933784 0.128848
vt 0.039572 0.820117
vt 0.042157 0.819773
vt 0.933885 0.122572
vt 0.041872 0.828698
vt 0.044277 0.827703
vt 0.933968 0.116247
vt 0.046313 0.836403
vt 0.048389 0.834812
vt 0.934075 0.109951
vt 0.052600 0.842693
vt 0.054186 0.840630
vt 0.934132 0.103667
vt 0.060289 0.847145
vt 0.061292 0.844738
vt 0.934218 0.097394
vt 0.068877 0.849461
vt 0.069225 0.846874
vt 0.934239 0.091157
vt 0.077776 0.849477
vt 0.077443 0.846887
vt 0.934246 0.084883
vt 0.086380 0.847188
vt 0.085387 0.844772
vt 0.934224 0.078585
vt 0.094102 0.842748
vt 0.092515 0.840670
vt 0.934185 0.072236
vt 0.100418 0.836448
vt 0.098338 0.834850
vt 0.934190 0.065885
vt 0.104878 0.828722
vt 0.102461 0.827724
vt 0.934180 0.059584
vt 0.107179 0.820120
vt 0.104591 0.819782
vt 0.934152 0.053304
vt 0.107179 0.811230
vt 0.104598 0.811569
vt 0.934104 0.047043
vt 0.104886 0.802639
vt 0.102471 0.803635
vt 0.934031 0.040824
vt 0.100437 0.794914
vt 0.098356 0.796508
vt 0.933915 0.034607
vt 0.094132 0.788610
vt 0.092543 0.790683
vt 0.933774 0.028348
vt 0.086428 0.784162
vt 0.085430 0.786568
vt 0.933622 0.022075
vt 0.077831 0.781852
vt 0.077488 0.784447
vt 0.933438 0.015799
vt 0.068926 0.781850
vt 0.069266 0.784435
vt 0.933178 0.009516
vt 0.060321 0.784151
vt 0.061324 0.786571
vt 0.932749 0.003251
vt 0.997342 0.155836
vt 0.073364 0.815667
vt 0.543902 0.835833
vt 0.551076 0.829357
vt 0.558277 0.838399
vt 0.551897 0.844073
vt 0.555829 0.847908
vt 0.552788 0.844955
vt 0.559058 0.839369
vt 0.561661 0.842595
vt 0.565751 0.834503
vt 0.567931 0.837962
vt 0.572983 0.830508
vt 0.574803 0.834310
vt 0.580679 0.827340
vt 0.582035 0.831253
vt 0.588761 0.824977
vt 0.589764 0.829171
vt 0.597101 0.823359
vt 0.597676 0.827561
vt 0.605485 0.822642
vt 0.605568 0.826839
vt 0.613822 0.823001
vt 0.613401 0.827113
vt 0.622163 0.824324
vt 0.621260 0.828487
vt 0.630433 0.826609
vt 0.629091 0.830708
vt 0.638515 0.829705
vt 0.636712 0.833697
vt 0.646235 0.833827
vt 0.643997 0.837613
vt 0.653623 0.838717
vt 0.650935 0.842284
vt 0.660409 0.844494
vt 0.657284 0.847801
vt 0.666534 0.850993
vt 0.663179 0.853871
vt 0.672095 0.858125
vt 0.668311 0.860692
vt 0.676825 0.865994
vt 0.672667 0.868191
vt 0.680724 0.874376
vt 0.676401 0.876105
vt 0.683737 0.883160
vt 0.679276 0.884431
vt 0.685914 0.892170
vt 0.681338 0.892948
vt 0.686945 0.901331
vt 0.682340 0.901562
vt 0.039972 0.907801
vt 0.027426 0.902692
vt 0.034137 0.890941
vt 0.044944 0.899121
vt 0.686890 0.910605
vt 0.682300 0.910246
vt 0.685643 0.920312
vt 0.680928 0.918985
vt 0.537388 0.842555
vt 0.545966 0.850869
vt 0.701275 0.911075
vt 0.700515 0.921609
vt 0.687073 0.920639
vt 0.688290 0.910695
vt 0.559009 0.823899
vt 0.567279 0.819144
vt 0.572458 0.829414
vt 0.565091 0.833466
vt 0.576161 0.815186
vt 0.580268 0.826169
vt 0.585653 0.812140
vt 0.588468 0.823763
vt 0.595517 0.810484
vt 0.596927 0.822104
vt 0.605225 0.809932
vt 0.605459 0.821411
vt 0.614879 0.810145
vt 0.613947 0.821763
vt 0.624692 0.811390
vt 0.622432 0.823076
vt 0.634565 0.813797
vt 0.630830 0.825399
vt 0.643999 0.817559
vt 0.639046 0.828541
vt 0.653164 0.822116
vt 0.646908 0.832696
vt 0.661670 0.827907
vt 0.654416 0.837662
vt 0.669673 0.834387
vt 0.661309 0.843548
vt 0.677111 0.841840
vt 0.667543 0.850129
vt 0.683477 0.850264
vt 0.673222 0.857350
vt 0.689122 0.859203
vt 0.678016 0.865363
vt 0.693871 0.868854
vt 0.681997 0.873864
vt 0.697581 0.879140
vt 0.685068 0.882772
vt 0.699772 0.889772
vt 0.687266 0.891930
vt 0.701055 0.900331
vt 0.688297 0.901259
vt 0.113475 0.927213
vt 0.126890 0.928936
vt 0.123460 0.942002
vt 0.110931 0.936865
vt 0.373891 0.108768
vt 0.301095 0.108467
vt 0.301106 0.101125
vt 0.373922 0.101247
vt 0.070530 0.960357
vt 0.068757 0.973807
vt 0.055661 0.970332
vt 0.060853 0.957791
vt 0.105783 0.898914
vt 0.116514 0.890633
vt 0.123321 0.902350
vt 0.110814 0.907555
vt 0.043711 0.881311
vt 0.051999 0.892023
vt 0.043917 0.963630
vt 0.052166 0.952807
vt 0.126883 0.915435
vt 0.113439 0.917219
vt 0.055401 0.874447
vt 0.060643 0.886977
vt 0.034334 0.954045
vt 0.045064 0.945737
vt 0.116737 0.953793
vt 0.105959 0.945555
vt 0.068492 0.870942
vt 0.070303 0.884360
vt 0.027534 0.942295
vt 0.040040 0.937075
vt 0.107202 0.963451
vt 0.098903 0.952669
vt 0.279647 0.363894
vt 0.279648 0.305154
vt 0.290909 0.305154
vt 0.290909 0.363894
vt 0.082049 0.870855
vt 0.080305 0.884315
vt 0.024042 0.929225
vt 0.037439 0.927426
vt 0.095462 0.970268
vt 0.090226 0.957709
vt 0.095161 0.874324
vt 0.089986 0.886872
vt 0.024023 0.915739
vt 0.037421 0.917455
vt 0.082326 0.973783
vt 0.080541 0.960331
vt 0.106949 0.881069
vt 0.098685 0.891856
vt 0.268386 0.363894
vt 0.268386 0.305154
vt 0.257124 0.363894
vt 0.257124 0.305154
vt 0.245863 0.363894
vt 0.245863 0.305154
vt 0.234601 0.363894
vt 0.234601 0.305154
vt 0.223339 0.363894
vt 0.223339 0.305154
vt 0.212078 0.363894
vt 0.212078 0.305154
vt 0.200816 0.363894
vt 0.200816 0.305154
vt 0.189555 0.363894
vt 0.189555 0.305154
vt 0.178293 0.363894
vt 0.178293 0.305154
vt 0.167032 0.363894
vt 0.167032 0.305154
vt 0.155770 0.363894
vt 0.155770 0.305154
vt 0.144508 0.363894
vt 0.144508 0.305154
vt 0.133247 0.363894
vt 0.133247 0.305154
vt 0.121985 0.363894
vt 0.121985 0.305154
vt 0.110723 0.363894
vt 0.110723 0.305154
vt 0.099462 0.363894
vt 0.099462 0.305154
vt 0.088200 0.363894
vt 0.088200 0.305154
vt 0.076939 0.363894
vt 0.076939 0.305154
vt 0.065677 0.363894
vt 0.065677 0.305154
vt 0.054415 0.363894
vt 0.054415 0.305154
vt 0.043154 0.363894
vt 0.043154 0.305154
vt 0.031892 0.363894
vt 0.031892 0.305154
vt 0.020631 0.363894
vt 0.020631 0.305154
vt 0.372993 0.018478
vt 0.300092 0.020301
vt 0.299834 0.012985
vt 0.372796 0.010952
vt 0.373701 0.056110
vt 0.300829 0.057087
vt 0.300728 0.049697
vt 0.373596 0.048583
vt 0.372992 0.168901
vt 0.300157 0.166994
vt 0.300380 0.159659
vt 0.373167 0.161381
vt 0.373842 0.116286
vt 0.301051 0.115765
vt 0.373783 0.063637
vt 0.300931 0.064424
vt 0.372798 0.176423
vt 0.299855 0.174359
vt 0.373777 0.123802
vt 0.301012 0.123102
vt 0.373848 0.071161
vt 0.300999 0.071707
vt 0.373690 0.131319
vt 0.300932 0.130476
vt 0.373894 0.078683
vt 0.301068 0.078989
vt 0.373170 0.026002
vt 0.300306 0.027600
vt 0.372593 0.183841
vt 0.299349 0.181824
vt 0.373587 0.138833
vt 0.300831 0.137803
vt 0.373922 0.086204
vt 0.301099 0.086328
vt 0.373333 0.033528
vt 0.300469 0.034976
vt 0.373466 0.146348
vt 0.300690 0.145075
vt 0.373930 0.093726
vt 0.301120 0.093727
vt 0.373475 0.041055
vt 0.300577 0.042335
vt 0.373327 0.153864
vt 0.300551 0.152344
vt 0.547040 0.851630
vt 0.125667 0.942895
vt 0.129229 0.929238
vt 0.118652 0.955246
vt 0.108655 0.965326
vt 0.096386 0.972491
vt 0.082633 0.976153
vt 0.068445 0.976170
vt 0.054753 0.972531
vt 0.042483 0.965510
vt 0.032429 0.955510
vt 0.025328 0.943201
vt 0.021688 0.929529
vt 0.021688 0.915441
vt 0.025225 0.901802
vt 0.032235 0.889503
vt 0.042239 0.879411
vt 0.054487 0.872263
vt 0.068171 0.868564
vt 0.082347 0.868504
vt 0.096073 0.872099
vt 0.108402 0.879180
vt 0.118387 0.889190
vt 0.125535 0.901423
vt 0.129243 0.915126
vt 0.550747 0.854028
vt 0.297717 0.013103
vt 0.297194 0.005794
vt 0.299342 0.005539
vt 0.177763 0.915103
vt 0.178100 0.917697
vt 0.170148 0.919826
vt 0.169149 0.917406
vt 0.298009 0.020368
vt 0.186675 0.915109
vt 0.186329 0.917700
vt 0.298186 0.027646
vt 0.195279 0.917421
vt 0.194275 0.919833
vt 0.298314 0.035017
vt 0.202990 0.921880
vt 0.201396 0.923950
vt 0.298472 0.042372
vt 0.209284 0.928180
vt 0.207209 0.929767
vt 0.298570 0.049732
vt 0.213731 0.935890
vt 0.211319 0.936886
vt 0.298699 0.057122
vt 0.216032 0.944475
vt 0.213452 0.944817
vt 0.298818 0.064455
vt 0.216043 0.953364
vt 0.213455 0.953030
vt 0.298918 0.071726
vt 0.213754 0.961966
vt 0.211339 0.960973
vt 0.298956 0.078997
vt 0.209316 0.969687
vt 0.207238 0.968103
vt 0.298967 0.086329
vt 0.203028 0.976000
vt 0.201431 0.973930
vt 0.298954 0.093728
vt 0.195316 0.980472
vt 0.194308 0.978056
vt 0.298974 0.101128
vt 0.186695 0.982795
vt 0.186351 0.980193
vt 0.298980 0.108464
vt 0.177767 0.982795
vt 0.178111 0.980201
vt 0.298959 0.115748
vt 0.169160 0.980486
vt 0.170162 0.978074
vt 0.298861 0.123082
vt 0.161455 0.976039
vt 0.163040 0.973971
vt 0.298806 0.130455
vt 0.155155 0.969753
vt 0.157226 0.968158
vt 0.298722 0.137775
vt 0.150685 0.962032
vt 0.153108 0.961026
vt 0.298613 0.145035
vt 0.148375 0.953414
vt 0.150967 0.953074
vt 0.298445 0.152293
vt 0.148373 0.944515
vt 0.150956 0.944853
vt 0.298264 0.159599
vt 0.150666 0.935918
vt 0.153081 0.936912
vt 0.298037 0.166915
vt 0.155109 0.928192
vt 0.157189 0.929781
vt 0.297726 0.174235
vt 0.161415 0.921870
vt 0.163014 0.923952
vt 0.297194 0.181567
vt 0.372593 0.003534
vt 0.182217 0.948948
vt 0.785969 0.225959
vt 0.797439 0.227021
vt 0.795231 0.240676
vt 0.785165 0.239593
vt 0.784935 0.246136
vt 0.785103 0.241076
vt 0.795004 0.242118
vt 0.794263 0.246988
vt 0.804610 0.244105
vt 0.803365 0.248766
vt 0.813906 0.247111
vt 0.812084 0.251728
vt 0.822702 0.251247
vt 0.820457 0.255489
vt 0.831123 0.256203
vt 0.828319 0.260340
vt 0.838904 0.262163
vt 0.835755 0.265897
vt 0.846026 0.268752
vt 0.842536 0.272103
vt 0.852307 0.276053
vt 0.848508 0.278926
vt 0.857620 0.284103
vt 0.853460 0.286570
vt 0.862180 0.292724
vt 0.857697 0.294758
vt 0.865707 0.301911
vt 0.860939 0.303458
vt 0.868212 0.311439
vt 0.863422 0.312420
vt 0.869659 0.321288
vt 0.864655 0.321742
vt 0.869989 0.331392
vt 0.864921 0.331332
vt 0.869339 0.341503
vt 0.864279 0.340920
vt 0.867563 0.351495
vt 0.862593 0.350356
vt 0.864697 0.361268
vt 0.859856 0.359576
vt 0.860792 0.370760
vt 0.856073 0.368507
vt 0.855862 0.379704
vt 0.851537 0.377057
vt 0.850246 0.388019
vt 0.846266 0.384933
vt 0.843649 0.395570
vt 0.840087 0.392056
vt 0.553323 0.927677
vt 0.541724 0.922956
vt 0.547952 0.912085
vt 0.557922 0.919650
vt 0.836195 0.402338
vt 0.833119 0.398414
vt 0.827570 0.408413
vt 0.825182 0.403701
vt 0.774873 0.225676
vt 0.774512 0.239836
vt 0.846336 0.414160
vt 0.837370 0.421227
vt 0.828351 0.409786
vt 0.837136 0.403505
vt 0.808684 0.229619
vt 0.819353 0.233324
vt 0.814432 0.245780
vt 0.804986 0.242686
vt 0.829732 0.237893
vt 0.823375 0.249974
vt 0.839454 0.243820
vt 0.831936 0.254999
vt 0.848699 0.250581
vt 0.839833 0.261063
vt 0.856910 0.258567
vt 0.847058 0.267759
vt 0.864046 0.267190
vt 0.853451 0.275191
vt 0.870503 0.276444
vt 0.858867 0.283364
vt 0.875653 0.286546
vt 0.863504 0.292121
vt 0.879932 0.297029
vt 0.867094 0.301463
vt 0.883127 0.308061
vt 0.869634 0.311149
vt 0.885173 0.319581
vt 0.871156 0.321152
vt 0.885939 0.331590
vt 0.871484 0.331415
vt 0.884974 0.343601
vt 0.870814 0.341681
vt 0.882749 0.355287
vt 0.869028 0.351840
vt 0.879300 0.366608
vt 0.866124 0.361771
vt 0.874684 0.377434
vt 0.862177 0.371425
vt 0.869129 0.387859
vt 0.857137 0.380483
vt 0.862273 0.397345
vt 0.851413 0.388918
vt 0.854783 0.406118
vt 0.844724 0.396622
vt 0.621252 0.945635
vt 0.633634 0.947244
vt 0.630467 0.959305
vt 0.618904 0.954548
vt 0.922985 0.925413
vt 0.853417 0.925083
vt 0.853407 0.918052
vt 0.923013 0.918226
vt 0.581594 0.976234
vt 0.580001 0.988654
vt 0.567886 0.985466
vt 0.572655 0.973866
vt 0.614162 0.919473
vt 0.624098 0.911825
vt 0.630393 0.922669
vt 0.618812 0.927467
vt 0.556767 0.903191
vt 0.564434 0.913094
vt 0.556973 0.979252
vt 0.564608 0.969255
vt 0.633655 0.934750
vt 0.621231 0.936395
vt 0.567549 0.896865
vt 0.572426 0.908436
vt 0.548110 0.970392
vt 0.558040 0.962719
vt 0.624290 0.970152
vt 0.614321 0.962561
vt 0.579662 0.893578
vt 0.581367 0.906004
vt 0.541851 0.959552
vt 0.553396 0.954721
vt 0.615460 0.979080
vt 0.607797 0.969131
vt 0.031892 0.244566
vt 0.031892 0.303305
vt 0.020631 0.303305
vt 0.020631 0.244566
vt 0.592194 0.893527
vt 0.590621 0.905972
vt 0.538614 0.947484
vt 0.550985 0.945810
vt 0.604604 0.985412
vt 0.599775 0.973791
vt 0.604289 0.896736
vt 0.599555 0.908338
vt 0.538582 0.935020
vt 0.550963 0.936599
vt 0.592499 0.988640
vt 0.590830 0.976213
vt 0.615203 0.902950
vt 0.607597 0.912936
vt 0.043154 0.244566
vt 0.043154 0.303305
vt 0.054415 0.244566
vt 0.054415 0.303305
vt 0.065677 0.244566
vt 0.065677 0.303305
vt 0.076939 0.244566
vt 0.076939 0.303305
vt 0.088200 0.244566
vt 0.088200 0.303305
vt 0.099462 0.244566
vt 0.099462 0.303305
vt 0.110723 0.244566
vt 0.110723 0.303305
vt 0.121985 0.244566
vt 0.121985 0.303305
vt 0.133247 0.244566
vt 0.133247 0.303305
vt 0.144508 0.244566
vt 0.144508 0.303305
vt 0.155770 0.244566
vt 0.155770 0.303305
vt 0.167032 0.244566
vt 0.167032 0.303305
vt 0.178293 0.244566
vt 0.178293 0.303305
vt 0.189555 0.244566
vt 0.189555 0.303305
vt 0.200816 0.244566
vt 0.200816 0.303305
vt 0.212078 0.244566
vt 0.212078 0.303305
vt 0.223339 0.244566
vt 0.223339 0.303305
vt 0.234601 0.244566
vt 0.234601 0.303305
vt 0.245863 0.244566
vt 0.245863 0.303305
vt 0.257124 0.244566
vt 0.257124 0.303305
vt 0.268386 0.244566
vt 0.268386 0.303305
vt 0.279648 0.244566
vt 0.279648 0.303305
vt 0.290909 0.244566
vt 0.290909 0.303305
vt 0.922128 0.839156
vt 0.852510 0.840888
vt 0.852259 0.833910
vt 0.921941 0.831969
vt 0.922801 0.875094
vt 0.853193 0.875997
vt 0.853108 0.868935
vt 0.922702 0.867904
vt 0.922124 0.982888
vt 0.852497 0.981135
vt 0.852721 0.974119
vt 0.922293 0.975701
vt 0.922938 0.932599
vt 0.853382 0.932138
vt 0.922880 0.882282
vt 0.853268 0.882984
vt 0.921938 0.990076
vt 0.852242 0.988142
vt 0.922872 0.939782
vt 0.853335 0.939148
vt 0.922943 0.889472
vt 0.853350 0.889989
vt 0.922792 0.946963
vt 0.853241 0.946113
vt 0.922987 0.896660
vt 0.853377 0.896991
vt 0.922298 0.846341
vt 0.852717 0.847842
vt 0.921743 0.997164
vt 0.851758 0.995243
vt 0.922694 0.954146
vt 0.853156 0.953107
vt 0.923013 0.903848
vt 0.853420 0.903974
vt 0.922450 0.853527
vt 0.852870 0.854839
vt 0.922579 0.961330
vt 0.853007 0.960101
vt 0.923024 0.911037
vt 0.853433 0.911022
vt 0.922587 0.860715
vt 0.852988 0.861864
vt 0.922446 0.968515
vt 0.852873 0.967077
vt 0.774705 0.241380
vt 0.632484 0.960128
vt 0.635808 0.947533
vt 0.626048 0.971476
vt 0.616825 0.980840
vt 0.605446 0.987453
vt 0.592781 0.990821
vt 0.579723 0.990821
vt 0.567047 0.987523
vt 0.555629 0.981003
vt 0.546358 0.971729
vt 0.539817 0.960388
vt 0.536439 0.947767
vt 0.536423 0.934747
vt 0.539686 0.922132
vt 0.546187 0.910740
vt 0.555427 0.901464
vt 0.566690 0.894837
vt 0.579365 0.891377
vt 0.592474 0.891358
vt 0.605118 0.894693
vt 0.616553 0.901178
vt 0.625852 0.910483
vt 0.632429 0.921827
vt 0.635836 0.934469
vt 0.775562 0.246473
vt 0.850242 0.834025
vt 0.849734 0.827065
vt 0.851779 0.826820
vt 0.288031 0.915319
vt 0.287689 0.917886
vt 0.279534 0.917883
vt 0.279200 0.915314
vt 0.850524 0.840954
vt 0.296559 0.917609
vt 0.295564 0.920000
vt 0.850703 0.847888
vt 0.304203 0.922028
vt 0.302623 0.924080
vt 0.850844 0.854875
vt 0.310443 0.928273
vt 0.308386 0.929846
vt 0.850949 0.861893
vt 0.314852 0.935919
vt 0.312459 0.936906
vt 0.851039 0.868966
vt 0.317133 0.944441
vt 0.314568 0.944776
vt 0.851163 0.876029
vt 0.317135 0.953251
vt 0.314577 0.952916
vt 0.851268 0.883005
vt 0.314866 0.961765
vt 0.312474 0.960781
vt 0.851302 0.890005
vt 0.310468 0.969416
vt 0.308409 0.967845
vt 0.851379 0.897003
vt 0.304235 0.975673
vt 0.302651 0.973620
vt 0.851392 0.903974
vt 0.296583 0.980108
vt 0.295585 0.977708
vt 0.851374 0.911022
vt 0.288051 0.982401
vt 0.287711 0.979838
vt 0.851396 0.918049
vt 0.279224 0.982413
vt 0.279558 0.979842
vt 0.851356 0.925077
vt 0.270675 0.980135
vt 0.271669 0.977730
vt 0.851348 0.932132
vt 0.263011 0.975710
vt 0.264592 0.973653
vt 0.851316 0.939133
vt 0.256765 0.969461
vt 0.258821 0.967886
vt 0.851246 0.946085
vt 0.252352 0.961820
vt 0.254740 0.960830
vt 0.851112 0.953072
vt 0.250059 0.953288
vt 0.252635 0.952948
vt 0.851010 0.960063
vt 0.250059 0.944445
vt 0.252628 0.944785
vt 0.850847 0.967028
vt 0.252342 0.935919
vt 0.254731 0.936908
vt 0.850666 0.974066
vt 0.256754 0.928264
vt 0.258816 0.929846
vt 0.850495 0.981069
vt 0.263011 0.922010
vt 0.264587 0.924069
vt 0.850210 0.988032
vt 0.270666 0.917595
vt 0.271654 0.919991
vt 0.849734 0.995002
vt 0.921740 0.824780
vt 0.283611 0.948857
vt 0.875797 0.685615
vt 0.879243 0.674129
vt 0.887912 0.676313
vt 0.885575 0.688183
vt 0.881042 0.668645
vt 0.889031 0.670778
vt 0.888168 0.675036
vt 0.879643 0.672883
vt 0.897086 0.672054
vt 0.896726 0.676331
vt 0.905287 0.672130
vt 0.905420 0.676562
vt 0.913539 0.671519
vt 0.914146 0.675828
vt 0.921745 0.669775
vt 0.922816 0.674160
vt 0.929864 0.667487
vt 0.931372 0.671683
vt 0.937526 0.664276
vt 0.939487 0.668218
vt 0.944749 0.660230
vt 0.947094 0.663871
vt 0.951486 0.655256
vt 0.954321 0.658741
vt 0.957723 0.649417
vt 0.960970 0.652652
vt 0.963536 0.643178
vt 0.967014 0.645975
vt 0.968373 0.636188
vt 0.972195 0.638613
vt 0.972559 0.628636
vt 0.976728 0.630704
vt 0.976034 0.620770
vt 0.980289 0.622329
vt 0.978592 0.612667
vt 0.982875 0.613725
vt 0.980105 0.604340
vt 0.984606 0.604920
vt 0.980591 0.595763
vt 0.985228 0.595862
vt 0.980438 0.587121
vt 0.984999 0.586725
vt 0.979258 0.578628
vt 0.983648 0.577734
vt 0.976991 0.570289
vt 0.981409 0.568852
vt 0.973663 0.562112
vt 0.978025 0.560130
vt 0.421994 0.884016
vt 0.416772 0.874954
vt 0.428047 0.866361
vt 0.435100 0.878652
vt 0.969570 0.554152
vt 0.973610 0.551681
vt 0.964252 0.546795
vt 0.967950 0.543388
vt 0.866544 0.682507
vt 0.870510 0.670699
vt 0.986488 0.544600
vt 0.974846 0.550943
vt 0.969105 0.542424
vt 0.980930 0.535333
vt 0.895567 0.689450
vt 0.896614 0.677601
vt 0.905456 0.677869
vt 0.905581 0.689910
vt 0.914322 0.677104
vt 0.915777 0.689296
vt 0.923124 0.675449
vt 0.926030 0.687544
vt 0.931814 0.672923
vt 0.935918 0.684376
vt 0.940060 0.669372
vt 0.945358 0.680471
vt 0.947796 0.664968
vt 0.954493 0.675533
vt 0.955156 0.659774
vt 0.962892 0.669386
vt 0.961925 0.653601
vt 0.970824 0.662495
vt 0.968048 0.646802
vt 0.977740 0.654585
vt 0.973336 0.639341
vt 0.983998 0.646119
vt 0.977938 0.631307
vt 0.989064 0.636832
vt 0.981548 0.622786
vt 0.993293 0.627234
vt 0.984163 0.614046
vt 0.996517 0.617124
vt 0.985921 0.605094
vt 0.998328 0.606728
vt 0.986572 0.595890
vt 0.999304 0.596181
vt 0.986348 0.586606
vt 0.998865 0.585556
vt 0.984970 0.577467
vt 0.997542 0.574989
vt 0.982718 0.568434
vt 0.994815 0.564662
vt 0.979298 0.559553
vt 0.991226 0.554518
vt 0.345047 0.904480
vt 0.347735 0.914594
vt 0.334613 0.920018
vt 0.330978 0.906343
vt 0.849564 0.896557
vt 0.849591 0.903751
vt 0.779956 0.903928
vt 0.779913 0.896891
vt 0.390127 0.939086
vt 0.400246 0.936376
vt 0.405706 0.949493
vt 0.391991 0.953156
vt 0.353054 0.874840
vt 0.347800 0.883902
vt 0.334692 0.878482
vt 0.341792 0.866187
vt 0.409370 0.867520
vt 0.418078 0.856260
vt 0.409330 0.931130
vt 0.417999 0.942416
vt 0.345067 0.894018
vt 0.331000 0.892199
vt 0.400283 0.862254
vt 0.405752 0.849141
vt 0.416744 0.923714
vt 0.428000 0.932367
vt 0.352963 0.923686
vt 0.341692 0.932348
vt 0.390159 0.859532
vt 0.392004 0.845478
vt 0.421980 0.914649
vt 0.435055 0.920081
vt 0.360374 0.931116
vt 0.351704 0.942437
vt 0.738039 0.820639
vt 0.726777 0.820639
vt 0.726777 0.761900
vt 0.738039 0.761900
vt 0.379698 0.859514
vt 0.377844 0.845445
vt 0.424686 0.904558
vt 0.438691 0.906405
vt 0.369476 0.936375
vt 0.364017 0.949553
vt 0.369579 0.862206
vt 0.364160 0.849071
vt 0.424692 0.894114
vt 0.438749 0.892291
vt 0.379639 0.939090
vt 0.377784 0.953207
vt 0.360477 0.867432
vt 0.351830 0.856145
vt 0.749301 0.820639
vt 0.749301 0.761900
vt 0.760562 0.820639
vt 0.760562 0.761900
vt 0.771824 0.820639
vt 0.771824 0.761900
vt 0.783086 0.820639
vt 0.783086 0.761900
vt 0.794347 0.820639
vt 0.794347 0.761900
vt 0.805609 0.820639
vt 0.805609 0.761900
vt 0.816870 0.820639
vt 0.816870 0.761900
vt 0.828132 0.820639
vt 0.828132 0.761900
vt 0.839394 0.820639
vt 0.839394 0.761900
vt 0.850655 0.820639
vt 0.850655 0.761900
vt 0.861917 0.820639
vt 0.861917 0.761900
vt 0.873179 0.820639
vt 0.873179 0.761900
vt 0.884440 0.820639
vt 0.884440 0.761900
vt 0.895702 0.820640
vt 0.895702 0.761900
vt 0.906963 0.820639
vt 0.906963 0.761900
vt 0.918225 0.820639
vt 0.918225 0.761900
vt 0.929486 0.820640
vt 0.929486 0.761900
vt 0.940748 0.820640
vt 0.940748 0.761900
vt 0.952010 0.820640
vt 0.952010 0.761900
vt 0.963271 0.820639
vt 0.963271 0.761900
vt 0.974533 0.820640
vt 0.974533 0.761900
vt 0.985795 0.820640
vt 0.985795 0.761900
vt 0.997056 0.820640
vt 0.997056 0.761900
vt 0.848672 0.982807
vt 0.848482 0.989988
vt 0.778868 0.988035
vt 0.779108 0.981053
vt 0.849360 0.946889
vt 0.849256 0.954076
vt 0.779697 0.953101
vt 0.779778 0.946087
vt 0.848709 0.839053
vt 0.848879 0.846241
vt 0.779287 0.847862
vt 0.779106 0.840799
vt 0.849519 0.889366
vt 0.779906 0.889855
vt 0.849442 0.939702
vt 0.779851 0.939062
vt 0.848522 0.831865
vt 0.778836 0.833752
vt 0.849456 0.882175
vt 0.779855 0.882796
vt 0.849506 0.932514
vt 0.779919 0.932003
vt 0.849374 0.874987
vt 0.779794 0.875786
vt 0.849554 0.925325
vt 0.779933 0.924986
vt 0.848846 0.975625
vt 0.779300 0.974101
vt 0.848330 0.824780
vt 0.778378 0.826683
vt 0.849277 0.867801
vt 0.779687 0.868831
vt 0.849583 0.918136
vt 0.779972 0.918009
vt 0.849001 0.968443
vt 0.779456 0.967113
vt 0.849162 0.860615
vt 0.779591 0.861879
vt 0.849596 0.910945
vt 0.779968 0.910991
vt 0.849138 0.961260
vt 0.779587 0.960110
vt 0.849031 0.853428
vt 0.779447 0.854883
vt 0.871137 0.669480
vt 0.332303 0.920960
vt 0.328528 0.906661
vt 0.339690 0.933875
vt 0.350187 0.944405
vt 0.363054 0.951884
vt 0.377471 0.955691
vt 0.392327 0.955630
vt 0.406664 0.951797
vt 0.419524 0.944391
vt 0.429984 0.933875
vt 0.437359 0.921023
vt 0.441154 0.906725
vt 0.441193 0.891975
vt 0.437401 0.877711
vt 0.430036 0.864857
vt 0.419613 0.854285
vt 0.406716 0.846810
vt 0.392323 0.843003
vt 0.377527 0.842993
vt 0.363219 0.846761
vt 0.350300 0.854146
vt 0.339823 0.864676
vt 0.332369 0.877518
vt 0.328528 0.891878
vt 0.873390 0.665527
vt 0.778379 0.995103
vt 0.776364 0.994861
vt 0.776844 0.987926
vt 0.070636 0.885854
vt 0.080292 0.885854
vt 0.079924 0.888665
vt 0.071005 0.888658
vt 0.777121 0.980990
vt 0.061298 0.888350
vt 0.062386 0.890977
vt 0.777287 0.974055
vt 0.052920 0.893190
vt 0.054649 0.895439
vt 0.777434 0.967074
vt 0.046091 0.900026
vt 0.048340 0.901748
vt 0.777562 0.960077
vt 0.041267 0.908382
vt 0.043877 0.909464
vt 0.777670 0.953076
vt 0.038760 0.917709
vt 0.041575 0.918081
vt 0.777748 0.946067
vt 0.038756 0.927366
vt 0.041558 0.927000
vt 0.777814 0.939046
vt 0.041242 0.936689
vt 0.043861 0.935611
vt 0.777860 0.931989
vt 0.046058 0.945063
vt 0.048311 0.943343
vt 0.777933 0.924974
vt 0.052882 0.951911
vt 0.054615 0.949664
vt 0.777950 0.918009
vt 0.061258 0.956764
vt 0.062350 0.954137
vt 0.777932 0.910999
vt 0.070600 0.959272
vt 0.070971 0.956465
vt 0.777893 0.903934
vt 0.080273 0.959279
vt 0.079901 0.956458
vt 0.777900 0.896898
vt 0.089622 0.956771
vt 0.088533 0.954151
vt 0.777844 0.889865
vt 0.097990 0.951936
vt 0.096263 0.949690
vt 0.777821 0.882806
vt 0.104814 0.945112
vt 0.102573 0.943391
vt 0.777777 0.875804
vt 0.109649 0.936758
vt 0.107032 0.935668
vt 0.777701 0.868860
vt 0.112165 0.927413
vt 0.109344 0.927040
vt 0.777576 0.861919
vt 0.112165 0.917734
vt 0.109353 0.918106
vt 0.777421 0.854930
vt 0.109666 0.908406
vt 0.107053 0.909488
vt 0.777251 0.847916
vt 0.104841 0.900034
vt 0.102586 0.901763
vt 0.777047 0.840863
vt 0.098008 0.893197
vt 0.096284 0.895442
vt 0.776822 0.833850
vt 0.089638 0.888357
vt 0.088550 0.890984
vt 0.776364 0.826918
vt 0.848278 0.997170
vt 0.075454 0.922559
vt 0.317496 0.518698
vt 0.333506 0.542599
vt 0.331880 0.543470
vt 0.316068 0.519873
vt 0.329115 0.714237
vt 0.346827 0.687914
vt 0.365735 0.698055
vt 0.345631 0.727826
vt 0.306650 0.736554
vt 0.320168 0.753075
vt 0.280321 0.754016
vt 0.290342 0.772832
vt 0.250976 0.766084
vt 0.257151 0.786626
vt 0.219851 0.772196
vt 0.221893 0.793473
vt 0.188134 0.772110
vt 0.185976 0.793467
vt 0.157031 0.765836
vt 0.150794 0.786298
vt 0.127826 0.753647
vt 0.117740 0.772395
vt 0.101567 0.736004
vt 0.087935 0.752477
vt 0.079197 0.713529
vt 0.062576 0.727147
vt 0.061593 0.687062
vt 0.042692 0.697100
vt 0.049512 0.657695
vt 0.028968 0.663810
vt 0.043439 0.626655
vt 0.022249 0.628668
vt 0.043534 0.595061
vt 0.022263 0.592909
vt 0.049781 0.563923
vt 0.029193 0.557671
vt 0.061993 0.534548
vt 0.043035 0.524442
vt 0.079726 0.508143
vt 0.063160 0.494520
vt 0.102233 0.485773
vt 0.088686 0.469211
vt 0.128629 0.468279
vt 0.118645 0.449453
vt 0.157920 0.456237
vt 0.151856 0.435781
vt 0.188942 0.450146
vt 0.186950 0.428895
vt 0.220571 0.450206
vt 0.222729 0.428927
vt 0.251681 0.456449
vt 0.257945 0.435899
vt 0.280989 0.468645
vt 0.291080 0.449768
vt 0.307297 0.486291
vt 0.320855 0.469815
vt 0.329676 0.508743
vt 0.346274 0.495156
vt 0.347253 0.535138
vt 0.366118 0.525091
vt 0.359339 0.564486
vt 0.379909 0.558279
vt 0.365458 0.595676
vt 0.386750 0.593646
vt 0.365385 0.627405
vt 0.386723 0.629605
vt 0.359086 0.658574
vt 0.379666 0.664886
vt 0.297106 0.498362
vt 0.295934 0.499795
vt 0.656139 0.471037
vt 0.668448 0.441426
vt 0.689117 0.447770
vt 0.675237 0.481312
vt 0.638247 0.497745
vt 0.655068 0.511577
vt 0.615458 0.520451
vt 0.629186 0.537232
vt 0.674745 0.410048
vt 0.696191 0.412240
vt 0.350101 0.597119
vt 0.350128 0.625699
vt 0.348302 0.625522
vt 0.348270 0.597301
vt 0.674826 0.378131
vt 0.696194 0.376081
vt 0.344612 0.653700
vt 0.342853 0.653168
vt 0.668703 0.346838
vt 0.689298 0.340608
vt 0.333684 0.680159
vt 0.332059 0.679294
vt 0.656582 0.317309
vt 0.675582 0.307162
vt 0.317817 0.704073
vt 0.316392 0.702917
vt 0.638936 0.290709
vt 0.655645 0.277046
vt 0.297741 0.724373
vt 0.296568 0.722958
vt 0.616372 0.267999
vt 0.630129 0.251294
vt 0.274091 0.740330
vt 0.273220 0.738713
vt 0.589744 0.250083
vt 0.599988 0.230972
vt 0.247641 0.751427
vt 0.247099 0.749670
vt 0.560237 0.237739
vt 0.566561 0.217142
vt 0.219543 0.757165
vt 0.219350 0.755335
vt 0.528889 0.231394
vt 0.531086 0.209881
vt 0.191046 0.757344
vt 0.191214 0.755520
vt 0.496914 0.231258
vt 0.494888 0.209825
vt 0.163066 0.751972
vt 0.163589 0.750212
vt 0.465553 0.237356
vt 0.459390 0.216614
vt 0.136474 0.741171
vt 0.137337 0.739534
vt 0.435926 0.249479
vt 0.425839 0.230387
vt 0.112335 0.725257
vt 0.113504 0.723815
vt 0.409180 0.267214
vt 0.395437 0.250421
vt 0.091762 0.704930
vt 0.093189 0.703746
vt 0.386364 0.289929
vt 0.369542 0.276098
vt 0.075673 0.681058
vt 0.077299 0.680181
vt 0.368456 0.316606
vt 0.349401 0.306347
vt 0.064560 0.654543
vt 0.066319 0.654000
vt 0.356139 0.346122
vt 0.335565 0.339832
vt 0.058849 0.626439
vt 0.060682 0.626250
vt 0.349821 0.377421
vt 0.328357 0.375268
vt 0.058710 0.597838
vt 0.060544 0.598013
vt 0.349725 0.409290
vt 0.328345 0.411321
vt 0.064235 0.569646
vt 0.066004 0.570176
vt 0.355854 0.440599
vt 0.335117 0.446757
vt 0.075119 0.543000
vt 0.076751 0.543860
vt 0.367990 0.470243
vt 0.348846 0.480299
vt 0.090911 0.519109
vt 0.092335 0.520270
vt 0.385693 0.496962
vt 0.368956 0.510584
vt 0.111115 0.498792
vt 0.112290 0.500215
vt 0.408267 0.519730
vt 0.394529 0.536436
vt 0.134940 0.482731
vt 0.135818 0.484351
vt 0.434844 0.537632
vt 0.424636 0.556706
vt 0.161351 0.471633
vt 0.161892 0.473390
vt 0.464407 0.549985
vt 0.458120 0.570696
vt 0.189453 0.465957
vt 0.189636 0.467800
vt 0.495837 0.556313
vt 0.493683 0.577885
vt 0.218323 0.465911
vt 0.218145 0.467756
vt 0.527851 0.556400
vt 0.529915 0.577827
vt 0.246627 0.471477
vt 0.246096 0.473244
vt 0.559200 0.550278
vt 0.565437 0.570906
vt 0.588760 0.538166
vt 0.598902 0.557243
vt 0.659423 0.408450
vt 0.653872 0.436881
vt 0.652086 0.436345
vt 0.657572 0.408274
vt 0.606306 0.508632
vt 0.582352 0.524797
vt 0.581470 0.523172
vt 0.605118 0.507196
vt 0.653542 0.351113
vt 0.659288 0.379566
vt 0.657435 0.379757
vt 0.651760 0.351661
vt 0.381264 0.665376
vt 0.367184 0.698839
vt 0.676718 0.482100
vt 0.656366 0.512644
vt 0.346915 0.728889
vt 0.690719 0.448254
vt 0.321205 0.754349
vt 0.697854 0.412403
vt 0.291122 0.774292
vt 0.697854 0.375920
vt 0.257633 0.788225
vt 0.690896 0.340128
vt 0.222050 0.795112
vt 0.677055 0.306380
vt 0.185809 0.795127
vt 0.656932 0.275999
vt 0.150308 0.787870
vt 0.631204 0.249995
vt 0.116951 0.773861
vt 0.600778 0.229496
vt 0.086893 0.753748
vt 0.567047 0.215555
vt 0.061292 0.728198
vt 0.531257 0.208207
vt 0.041214 0.697885
vt 0.494733 0.208174
vt 0.027380 0.664282
vt 0.458915 0.215012
vt 0.020617 0.628822
vt 0.425057 0.228903
vt 0.020617 0.592750
vt 0.394370 0.249107
vt 0.027604 0.557191
vt 0.368244 0.275031
vt 0.041570 0.523656
vt 0.347922 0.305561
vt 0.061871 0.493454
vt 0.333967 0.339346
vt 0.087648 0.467933
vt 0.326699 0.375102
vt 0.117865 0.447979
vt 0.326700 0.411476
vt 0.151381 0.434196
vt 0.333517 0.447231
vt 0.186793 0.427263
vt 0.347365 0.481082
vt 0.222889 0.427281
vt 0.367646 0.511650
vt 0.258426 0.434313
vt 0.393461 0.537729
vt 0.291865 0.448309
vt 0.423843 0.558181
vt 0.321906 0.468535
vt 0.457630 0.572297
vt 0.347555 0.494105
vt 0.493519 0.579551
vt 0.367580 0.524310
vt 0.530078 0.579490
vt 0.381499 0.557799
vt 0.565916 0.572504
vt 0.388414 0.593488
vt 0.599678 0.558711
vt 0.388364 0.629768
vt 0.630252 0.538543
vt 0.344502 0.569079
vt 0.342746 0.569614
vt 0.273170 0.482424
vt 0.272302 0.484053
vt 0.555853 0.535965
vt 0.555306 0.534198
vt 0.527609 0.541741
vt 0.527418 0.539890
vt 0.498606 0.541906
vt 0.498782 0.540046
vt 0.469987 0.536327
vt 0.470523 0.534533
vt 0.443007 0.525272
vt 0.443879 0.523622
vt 0.418785 0.509241
vt 0.419967 0.507790
vt 0.398135 0.488755
vt 0.399576 0.487564
vt 0.381854 0.464606
vt 0.383494 0.463720
vt 0.370703 0.437916
vt 0.372472 0.437373
vt 0.365012 0.409697
vt 0.366856 0.409508
vt 0.364899 0.380901
vt 0.366742 0.381075
vt 0.370402 0.352611
vt 0.372179 0.353142
vt 0.381334 0.325740
vt 0.382990 0.326614
vt 0.397413 0.301362
vt 0.398869 0.302542
vt 0.417917 0.280613
vt 0.419112 0.282050
vt 0.441979 0.264354
vt 0.442863 0.265993
vt 0.468763 0.253166
vt 0.469309 0.254949
vt 0.497233 0.247394
vt 0.497424 0.249252
vt 0.526211 0.247286
vt 0.526038 0.249136
vt 0.554564 0.252778
vt 0.554032 0.254554
vt 0.581347 0.263763
vt 0.580479 0.265407
vt 0.605516 0.279694
vt 0.604343 0.281139
vt 0.626074 0.300108
vt 0.624632 0.301297
vt 0.642325 0.324266
vt 0.640680 0.325153
vt 0.298810 0.496277
vt 0.304830 0.488940
vt 0.326911 0.510971
vt 0.319569 0.516991
vt 0.626756 0.488039
vt 0.625313 0.486863
vt 0.110635 0.727361
vt 0.104522 0.734882
vt 0.082446 0.712642
vt 0.089683 0.706654
vt 0.109416 0.496736
vt 0.103278 0.489335
vt 0.129207 0.472024
vt 0.133660 0.480372
vt 0.613163 0.270303
vt 0.607215 0.277602
vt 0.582612 0.261370
vt 0.587136 0.252802
vt 0.370399 0.320035
vt 0.378925 0.324471
vt 0.367826 0.351844
vt 0.358685 0.349173
vt 0.319896 0.705759
vt 0.327182 0.711757
vt 0.305348 0.733550
vt 0.299436 0.726418
vt 0.466405 0.548306
vt 0.469210 0.538932
vt 0.498352 0.544606
vt 0.497502 0.554174
vt 0.064846 0.686913
vt 0.073326 0.682324
vt 0.157824 0.460183
vt 0.160564 0.469076
vt 0.555338 0.250193
vt 0.558007 0.241181
vt 0.362214 0.380649
vt 0.352906 0.379777
vt 0.279892 0.750950
vt 0.275356 0.742679
vt 0.527887 0.544424
vt 0.528920 0.553893
vt 0.052921 0.658089
vt 0.061993 0.655336
vt 0.188175 0.453851
vt 0.189187 0.463287
vt 0.526462 0.244599
vt 0.527391 0.235118
vt 0.362341 0.409973
vt 0.352906 0.410897
vt 0.251268 0.763178
vt 0.248430 0.753982
vt 0.614102 0.518092
vt 0.608034 0.510718
vt 0.628857 0.489749
vt 0.636266 0.495817
vt 0.556649 0.538532
vt 0.559418 0.547460
vt 0.046814 0.627647
vt 0.056200 0.626715
vt 0.642825 0.463825
vt 0.641173 0.462950
vt 0.219510 0.453586
vt 0.218583 0.463225
vt 0.496955 0.244703
vt 0.496019 0.235169
vt 0.645223 0.465093
vt 0.653697 0.469622
vt 0.368145 0.438700
vt 0.359034 0.441463
vt 0.220741 0.769196
vt 0.219824 0.759816
vt 0.274425 0.480064
vt 0.278894 0.471707
vt 0.583631 0.527153
vt 0.588116 0.535522
vt 0.046768 0.596737
vt 0.056047 0.597586
vt 0.250177 0.459823
vt 0.247398 0.468913
vt 0.467973 0.250585
vt 0.465103 0.241285
vt 0.671461 0.409562
vt 0.662094 0.408704
vt 0.661983 0.379289
vt 0.671471 0.378358
vt 0.000148 0.687445
vt 0.000148 0.656204
vt 0.017109 0.656204
vt 0.017109 0.687445
vt 0.000148 0.718685
vt 0.017109 0.718686
vt 0.000147 0.812408
vt 0.000148 0.781167
vt 0.017109 0.781167
vt 0.017109 0.812408
vt 0.000147 0.843649
vt 0.017109 0.843649
vt 0.000147 0.874889
vt 0.017109 0.874889
vt 0.000147 0.906130
vt 0.017109 0.906130
vt 0.000147 0.937371
vt 0.017109 0.937371
vt 0.000147 0.968612
vt 0.017109 0.968612
vt 0.000147 0.999853
vt 0.017109 0.999853
vt 0.000148 0.031388
vt 0.000148 0.000147
vt 0.017109 0.000147
vt 0.017109 0.031388
vt 0.000148 0.062629
vt 0.017109 0.062629
vt 0.000148 0.093870
vt 0.017109 0.093870
vt 0.000148 0.125110
vt 0.017109 0.125110
vt 0.000148 0.156351
vt 0.017109 0.156351
vt 0.000148 0.187592
vt 0.017109 0.187592
vt 0.000148 0.218833
vt 0.017109 0.218833
vt 0.000148 0.250074
vt 0.017109 0.250074
vt 0.000148 0.281314
vt 0.017109 0.281314
vt 0.000148 0.312555
vt 0.017109 0.312555
vt 0.000148 0.343796
vt 0.017109 0.343796
vt 0.000148 0.375037
vt 0.017109 0.375037
vt 0.000148 0.406278
vt 0.017109 0.406278
vt 0.000148 0.437518
vt 0.017109 0.437518
vt 0.000148 0.468759
vt 0.017109 0.468759
vt 0.000148 0.500000
vt 0.017109 0.500000
vt 0.000148 0.531241
vt 0.017109 0.531241
vt 0.000148 0.562482
vt 0.017109 0.562482
vt 0.000148 0.593722
vt 0.017109 0.593722
vt 0.000148 0.624963
vt 0.017109 0.624963
vt 0.000148 0.749926
vt 0.017109 0.749926
vt 0.437205 0.536129
vt 0.441742 0.527674
vt 0.336043 0.681413
vt 0.344528 0.685907
vt 0.387689 0.293480
vt 0.395297 0.299649
vt 0.635518 0.292236
vt 0.628172 0.298381
vt 0.088838 0.517421
vt 0.081605 0.511555
vt 0.335874 0.541330
vt 0.344235 0.536873
vt 0.356094 0.565574
vt 0.347050 0.568304
vt 0.135223 0.743549
vt 0.130834 0.751993
vt 0.411123 0.518686
vt 0.417072 0.511345
vt 0.347165 0.654472
vt 0.356067 0.657131
vt 0.410092 0.271104
vt 0.416178 0.278527
vt 0.665805 0.440432
vt 0.656474 0.437660
vt 0.653306 0.318351
vt 0.644708 0.322985
vt 0.072749 0.541753
vt 0.064403 0.537284
vt 0.162310 0.754530
vt 0.159683 0.763575
vt 0.388538 0.496713
vt 0.396043 0.490483
vt 0.352780 0.625954
vt 0.362139 0.626894
vt 0.436192 0.253663
vt 0.440690 0.261961
vt 0.665319 0.347543
vt 0.656133 0.350315
vt 0.061658 0.568875
vt 0.052421 0.566130
vt 0.190805 0.759984
vt 0.189957 0.769195
vt 0.371005 0.470407
vt 0.379464 0.465895
vt 0.352754 0.596855
vt 0.362139 0.595943
vt 0.345657 0.568727
vt 0.334573 0.542027
vt 0.655053 0.437235
vt 0.660629 0.408565
vt 0.318433 0.517927
vt 0.643909 0.464399
vt 0.273736 0.481362
vt 0.246976 0.470314
vt 0.582932 0.525865
vt 0.607085 0.509572
vt 0.218440 0.464701
vt 0.556212 0.537126
vt 0.189334 0.464750
vt 0.527733 0.542954
vt 0.160993 0.470469
vt 0.498490 0.543126
vt 0.134363 0.481668
vt 0.469635 0.537504
vt 0.110350 0.497865
vt 0.442435 0.526358
vt 0.089974 0.518345
vt 0.418009 0.510191
vt 0.074048 0.542436
vt 0.397196 0.489531
vt 0.063066 0.569295
vt 0.380770 0.465192
vt 0.057506 0.597723
vt 0.369547 0.438271
vt 0.057656 0.626563
vt 0.363805 0.409821
vt 0.063395 0.654902
vt 0.363681 0.380786
vt 0.074613 0.681630
vt 0.369242 0.352264
vt 0.090825 0.705707
vt 0.380241 0.325163
vt 0.111563 0.726211
vt 0.396457 0.300587
vt 0.135908 0.742245
vt 0.417131 0.279670
vt 0.162723 0.753128
vt 0.441398 0.263275
vt 0.190937 0.758533
vt 0.468405 0.251996
vt 0.219669 0.758363
vt 0.497108 0.246186
vt 0.248001 0.752590
vt 0.526325 0.246063
vt 0.274659 0.741385
vt 0.554911 0.251617
vt 0.298509 0.725300
vt 0.581920 0.262677
vt 0.318754 0.704833
vt 0.606286 0.278746
vt 0.334750 0.680727
vt 0.627020 0.299330
vt 0.345765 0.654050
vt 0.643398 0.323689
vt 0.351335 0.625815
vt 0.654721 0.350750
vt 0.351292 0.597001
vt 0.660502 0.379441
vt 0.297880 0.497417
vt 0.627705 0.488812
s 1
usemtl Bomb_2
f 334/1/1 333/2/2 7/3/3 8/4/4
f 335/5/5 334/6/1 8/7/4 9/8/6
f 328/9/7 392/10/8 344/11/9 2/12/10
f 336/13/11 335/5/5 9/8/6 10/14/12
f 329/15/13 328/9/7 2/12/10 3/16/14
f 337/17/15 336/13/11 10/14/12 11/18/16
f 330/19/17 329/15/13 3/16/14 4/20/18
f 338/21/19 337/17/15 11/18/16 12/22/20
f 331/23/21 330/24/17 4/25/18 5/26/22
f 339/27/23 338/28/19 12/29/20 13/30/24
f 332/31/25 331/23/21 5/26/22 6/32/26
f 340/33/27 339/27/23 13/30/24 14/34/28
f 333/2/2 332/31/25 6/32/26 7/3/3
f 391/35/29 340/33/27 14/34/28 342/36/30
f 14/34/28 13/30/24 27/37/31 28/38/32
f 7/3/3 6/32/26 20/39/33 21/40/34
f 342/36/30 14/34/28 28/38/32 341/41/35
f 8/4/4 7/3/3 21/40/34 22/42/36
f 9/8/6 8/7/4 22/43/36 23/44/37
f 2/12/10 344/11/9 343/45/38 16/46/39
f 10/14/12 9/8/6 23/44/37 24/47/40
f 3/16/14 2/12/10 16/46/39 17/48/41
f 11/18/16 10/14/12 24/47/40 25/49/42
f 4/20/18 3/16/14 17/48/41 18/50/43
f 12/22/20 11/18/16 25/49/42 26/51/44
f 5/26/22 4/25/18 18/52/43 19/53/45
f 13/30/24 12/29/20 26/54/44 27/37/31
f 6/32/26 5/26/22 19/53/45 20/39/33
f 25/49/42 24/47/40 37/55/46 38/56/47
f 18/50/43 17/48/41 30/57/48 31/58/49
f 26/51/44 25/49/42 38/56/47 39/59/50
f 19/53/45 18/52/43 31/60/49 32/61/51
f 27/37/31 26/54/44 39/62/50 40/63/52
f 20/39/33 19/53/45 32/61/51 33/64/53
f 28/38/32 27/37/31 40/63/52 41/65/54
f 21/40/34 20/39/33 33/64/53 34/66/55
f 341/41/35 28/38/32 41/65/54 345/67/56
f 22/42/36 21/40/34 34/66/55 35/68/57
f 23/44/37 22/43/36 35/69/57 36/70/58
f 16/46/39 343/45/38 346/71/59 29/72/60
f 24/47/40 23/44/37 36/70/58 37/55/46
f 17/48/41 16/46/39 29/72/60 30/57/48
f 345/67/56 41/65/54 54/73/61 347/74/62
f 35/68/57 34/66/55 47/75/63 48/76/64
f 36/70/58 35/69/57 48/77/64 49/78/65
f 29/72/60 346/71/59 348/79/66 42/80/67
f 37/55/46 36/70/58 49/78/65 50/81/68
f 30/57/48 29/72/60 42/80/67 43/82/69
f 38/56/47 37/55/46 50/81/68 51/83/70
f 31/58/49 30/57/48 43/82/69 44/84/71
f 39/59/50 38/56/47 51/83/70 52/85/72
f 32/61/51 31/60/49 44/86/71 45/87/73
f 40/63/52 39/62/50 52/88/72 53/89/74
f 33/64/53 32/61/51 45/87/73 46/90/75
f 41/65/54 40/63/52 53/89/74 54/73/61
f 34/66/55 33/64/53 46/90/75 47/75/63
f 44/84/71 43/82/69 56/91/76 57/92/77
f 52/85/72 51/83/70 64/93/78 65/94/79
f 45/87/73 44/86/71 57/95/77 58/96/80
f 53/89/74 52/88/72 65/97/79 66/98/81
f 46/90/75 45/87/73 58/96/80 59/99/82
f 54/73/61 53/89/74 66/98/81 67/100/83
f 47/75/63 46/90/75 59/99/82 60/101/84
f 347/74/62 54/73/61 67/100/83 349/102/85
f 48/76/64 47/75/63 60/101/84 61/103/86
f 49/78/65 48/77/64 61/104/86 62/105/87
f 42/80/67 348/79/66 350/106/88 55/107/89
f 50/81/68 49/78/65 62/105/87 63/108/90
f 43/82/69 42/80/67 55/107/89 56/91/76
f 51/83/70 50/81/68 63/108/90 64/93/78
f 61/103/86 60/101/84 73/109/91 74/110/92
f 62/105/87 61/104/86 74/111/92 75/112/93
f 55/107/89 350/106/88 351/113/94 68/114/95
f 63/108/90 62/105/87 75/112/93 76/115/96
f 56/91/76 55/107/89 68/114/95 69/116/97
f 64/93/78 63/108/90 76/115/96 77/117/98
f 57/92/77 56/91/76 69/116/97 70/118/99
f 65/94/79 64/93/78 77/117/98 78/119/100
f 58/96/80 57/95/77 70/120/99 71/121/101
f 66/98/81 65/97/79 78/122/100 79/123/102
f 59/99/82 58/96/80 71/121/101 72/124/103
f 67/100/83 66/98/81 79/123/102 80/125/104
f 60/101/84 59/99/82 72/124/103 73/109/91
f 349/102/85 67/100/83 80/125/104 352/126/105
f 78/119/100 77/117/98 90/127/106 91/128/107
f 71/121/101 70/120/99 83/129/108 84/130/109
f 79/123/102 78/122/100 91/131/107 92/132/110
f 72/124/103 71/121/101 84/130/109 85/133/111
f 80/125/104 79/123/102 92/132/110 93/134/112
f 73/109/91 72/124/103 85/133/111 86/135/113
f 352/126/105 80/125/104 93/134/112 353/136/114
f 74/110/92 73/109/91 86/135/113 87/137/115
f 75/112/93 74/111/92 87/138/115 88/139/116
f 68/114/95 351/113/94 354/140/117 81/141/118
f 76/115/96 75/112/93 88/139/116 89/142/119
f 69/116/97 68/114/95 81/141/118 82/143/120
f 77/117/98 76/115/96 89/142/119 90/127/106
f 70/118/99 69/116/97 82/143/120 83/144/108
f 88/139/116 87/138/115 100/145/121 101/146/122
f 81/141/118 354/140/117 355/147/123 94/148/124
f 89/142/119 88/139/116 101/146/122 102/149/125
f 82/143/120 81/141/118 94/148/124 95/150/126
f 90/127/106 89/142/119 102/149/125 103/151/127
f 83/144/108 82/143/120 95/150/126 96/152/128
f 91/128/107 90/127/106 103/151/127 104/153/129
f 84/130/109 83/129/108 96/154/128 97/155/130
f 92/132/110 91/131/107 104/156/129 105/157/131
f 85/133/111 84/130/109 97/155/130 98/158/132
f 93/134/112 92/132/110 105/157/131 106/159/133
f 86/135/113 85/133/111 98/158/132 99/160/134
f 353/136/114 93/134/112 106/159/133 356/161/135
f 87/137/115 86/135/113 99/160/134 100/162/121
f 97/155/130 96/154/128 109/163/136 110/164/137
f 105/157/131 104/156/129 117/165/138 118/166/139
f 98/158/132 97/155/130 110/164/137 111/167/140
f 106/159/133 105/157/131 118/166/139 119/168/141
f 99/160/134 98/158/132 111/167/140 112/169/142
f 356/161/135 106/159/133 119/168/141 357/170/143
f 100/162/121 99/160/134 112/169/142 113/171/144
f 101/146/122 100/145/121 113/172/144 114/173/145
f 94/148/124 355/147/123 358/174/146 107/175/147
f 102/149/125 101/146/122 114/173/145 115/176/148
f 95/150/126 94/148/124 107/175/147 108/177/149
f 103/151/127 102/149/125 115/176/148 116/178/150
f 96/152/128 95/150/126 108/177/149 109/179/136
f 104/153/129 103/151/127 116/178/150 117/180/138
f 114/173/145 113/172/144 126/181/151 127/182/152
f 107/175/147 358/174/146 359/183/153 120/184/154
f 115/176/148 114/173/145 127/182/152 128/185/155
f 108/177/149 107/175/147 120/184/154 121/186/156
f 116/178/150 115/176/148 128/185/155 129/187/157
f 109/179/136 108/177/149 121/186/156 122/188/158
f 117/180/138 116/178/150 129/187/157 130/189/159
f 110/164/137 109/163/136 122/190/158 123/191/160
f 118/166/139 117/165/138 130/192/159 131/193/161
f 111/167/140 110/164/137 123/191/160 124/194/162
f 119/168/141 118/166/139 131/193/161 132/195/163
f 112/169/142 111/167/140 124/194/162 125/196/164
f 357/170/143 119/168/141 132/195/163 360/197/165
f 113/171/144 112/169/142 125/196/164 126/198/151
f 131/193/161 130/192/159 143/199/166 144/200/167
f 124/194/162 123/191/160 136/201/168 137/202/169
f 132/195/163 131/193/161 144/200/167 145/203/170
f 125/196/164 124/194/162 137/202/169 138/204/171
f 360/197/165 132/195/163 145/203/170 361/205/172
f 126/198/151 125/196/164 138/204/171 139/206/173
f 127/182/152 126/181/151 139/207/173 140/208/174
f 120/184/154 359/183/153 362/209/175 133/210/176
f 128/185/155 127/182/152 140/208/174 141/211/177
f 121/186/156 120/184/154 133/210/176 134/212/178
f 129/187/157 128/185/155 141/211/177 142/213/179
f 122/188/158 121/186/156 134/212/178 135/214/180
f 130/189/159 129/187/157 142/213/179 143/215/166
f 123/191/160 122/190/158 135/216/180 136/201/168
f 141/211/177 140/208/174 153/217/181 154/218/182
f 134/212/178 133/210/176 146/219/183 147/220/184
f 142/213/179 141/211/177 154/218/182 155/221/185
f 135/214/180 134/212/178 147/220/184 148/222/186
f 143/215/166 142/213/179 155/221/185 156/223/187
f 136/201/168 135/216/180 148/224/186 149/225/188
f 144/200/167 143/199/166 156/226/187 157/227/189
f 137/202/169 136/201/168 149/225/188 150/228/190
f 145/203/170 144/200/167 157/227/189 158/229/191
f 138/204/171 137/202/169 150/228/190 151/230/192
f 361/205/172 145/203/170 158/229/191 363/231/193
f 139/206/173 138/204/171 151/230/192 152/232/194
f 140/208/174 139/207/173 152/233/194 153/217/181
f 133/210/176 362/209/175 364/234/195 146/219/183
f 158/229/191 157/227/189 170/235/196 171/236/197
f 151/230/192 150/228/190 163/237/198 164/238/199
f 363/231/193 158/229/191 171/236/197 365/239/200
f 152/232/194 151/230/192 164/238/199 165/240/201
f 153/217/181 152/233/194 165/241/201 166/242/202
f 146/219/183 364/234/195 366/243/203 159/244/204
f 154/218/182 153/217/181 166/242/202 167/245/205
f 147/220/184 146/219/183 159/244/204 160/246/206
f 155/221/185 154/218/182 167/245/205 168/247/207
f 148/222/186 147/220/184 160/246/206 161/248/208
f 156/223/187 155/221/185 168/247/207 169/249/209
f 149/225/188 148/224/186 161/250/208 162/251/210
f 157/227/189 156/226/187 169/252/209 170/235/196
f 150/228/190 149/225/188 162/251/210 163/237/198
f 160/253/206 159/254/204 172/255/211 173/256/212
f 168/247/207 167/245/205 180/257/213 181/258/214
f 161/259/208 160/253/206 173/256/212 174/260/215
f 169/249/209 168/247/207 181/258/214 182/261/216
f 162/251/210 161/250/208 174/262/215 175/263/217
f 170/264/196 169/265/209 182/266/216 183/267/218
f 163/237/198 162/251/210 175/263/217 176/268/219
f 171/269/197 170/264/196 183/267/218 184/270/220
f 164/238/199 163/237/198 176/268/219 177/271/221
f 365/272/200 171/269/197 184/270/220 367/273/222
f 165/240/201 164/238/199 177/271/221 178/274/223
f 166/242/202 165/241/201 178/275/223 179/276/224
f 159/254/204 366/277/203 368/278/225 172/255/211
f 167/245/205 166/242/202 179/276/224 180/257/213
f 177/271/221 176/268/219 189/279/226 190/280/227
f 367/273/222 184/270/220 197/281/228 369/282/229
f 178/274/223 177/271/221 190/280/227 191/283/230
f 179/276/224 178/275/223 191/284/230 192/285/231
f 172/255/211 368/278/225 370/286/232 185/287/233
f 180/257/213 179/276/224 192/285/231 193/288/234
f 173/256/212 172/255/211 185/287/233 186/289/235
f 181/258/214 180/257/213 193/288/234 194/290/236
f 174/260/215 173/256/212 186/289/235 187/291/237
f 182/261/216 181/258/214 194/290/236 195/292/238
f 175/263/217 174/262/215 187/293/237 188/294/239
f 183/267/218 182/266/216 195/295/238 196/296/240
f 176/268/219 175/263/217 188/294/239 189/279/226
f 184/270/220 183/267/218 196/296/240 197/281/228
f 194/290/236 193/288/234 206/297/241 207/298/242
f 187/291/237 186/289/235 199/299/243 200/300/244
f 195/292/238 194/290/236 207/298/242 208/301/245
f 188/294/239 187/293/237 200/302/244 201/303/246
f 196/296/240 195/295/238 208/304/245 209/305/247
f 189/279/226 188/294/239 201/303/246 202/306/248
f 197/281/228 196/296/240 209/305/247 210/307/249
f 190/280/227 189/279/226 202/306/248 203/308/250
f 369/282/229 197/281/228 210/307/249 371/309/251
f 191/283/230 190/280/227 203/308/250 204/310/252
f 192/285/231 191/284/230 204/311/252 205/312/253
f 185/287/233 370/286/232 372/313/254 198/314/255
f 193/288/234 192/285/231 205/312/253 206/297/241
f 186/289/235 185/287/233 198/314/255 199/299/243
f 371/309/251 210/307/249 223/315/256 373/316/257
f 204/310/252 203/308/250 216/317/258 217/318/259
f 205/312/253 204/311/252 217/319/259 218/320/260
f 198/314/255 372/313/254 374/321/261 211/322/262
f 206/297/241 205/312/253 218/320/260 219/323/263
f 199/299/243 198/314/255 211/322/262 212/324/264
f 207/298/242 206/297/241 219/323/263 220/325/265
f 200/300/244 199/299/243 212/324/264 213/326/266
f 208/301/245 207/298/242 220/325/265 221/327/267
f 201/303/246 200/302/244 213/328/266 214/329/268
f 209/305/247 208/304/245 221/330/267 222/331/269
f 202/306/248 201/303/246 214/329/268 215/332/270
f 210/307/249 209/305/247 222/331/269 223/315/256
f 203/308/250 202/306/248 215/332/270 216/317/258
f 213/326/266 212/324/264 225/333/271 226/334/272
f 221/327/267 220/325/265 233/335/273 234/336/274
f 214/329/268 213/328/266 226/337/272 227/338/275
f 222/331/269 221/330/267 234/339/274 235/340/276
f 215/332/270 214/329/268 227/338/275 228/341/277
f 223/315/256 222/331/269 235/340/276 236/342/278
f 216/317/258 215/332/270 228/341/277 229/343/279
f 373/316/257 223/315/256 236/342/278 375/344/280
f 217/318/259 216/317/258 229/343/279 230/345/281
f 218/320/260 217/319/259 230/346/281 231/347/282
f 211/322/262 374/321/261 376/348/283 224/349/284
f 219/323/263 218/320/260 231/347/282 232/350/285
f 212/324/264 211/322/262 224/349/284 225/333/271
f 220/325/265 219/323/263 232/350/285 233/335/273
f 230/345/281 229/343/279 242/351/286 243/352/287
f 231/347/282 230/346/281 243/353/287 244/354/288
f 224/349/284 376/348/283 377/355/289 237/356/290
f 232/350/285 231/347/282 244/354/288 245/357/291
f 225/333/271 224/349/284 237/356/290 238/358/292
f 233/335/273 232/350/285 245/357/291 246/359/293
f 226/334/272 225/333/271 238/358/292 239/360/294
f 234/336/274 233/335/273 246/359/293 247/361/295
f 227/338/275 226/337/272 239/362/294 240/363/296
f 235/340/276 234/339/274 247/364/295 248/365/297
f 228/341/277 227/338/275 240/363/296 241/366/298
f 236/342/278 235/340/276 248/365/297 249/367/299
f 229/343/279 228/341/277 241/366/298 242/351/286
f 375/344/280 236/342/278 249/367/299 378/368/300
f 247/361/295 246/359/293 259/369/301 260/370/302
f 240/363/296 239/362/294 252/371/303 253/372/304
f 248/365/297 247/364/295 260/373/302 261/374/305
f 241/366/298 240/363/296 253/372/304 254/375/306
f 249/367/299 248/365/297 261/374/305 262/376/307
f 242/351/286 241/366/298 254/375/306 255/377/308
f 378/368/300 249/367/299 262/376/307 379/378/309
f 243/352/287 242/351/286 255/377/308 256/379/310
f 244/354/288 243/353/287 256/380/310 257/381/311
f 237/356/290 377/355/289 380/382/312 250/383/313
f 245/357/291 244/354/288 257/381/311 258/384/314
f 238/358/292 237/356/290 250/383/313 251/385/315
f 246/359/293 245/357/291 258/384/314 259/369/301
f 239/360/294 238/358/292 251/385/315 252/386/303
f 257/381/311 256/380/310 269/387/316 270/388/317
f 250/383/313 380/382/312 382/389/318 263/390/319
f 258/384/314 257/381/311 270/388/317 271/391/320
f 251/385/315 250/383/313 263/390/319 264/392/321
f 259/369/301 258/384/314 271/391/320 272/393/322
f 252/386/303 251/385/315 264/392/321 265/394/323
f 260/370/302 259/369/301 272/393/322 273/395/324
f 253/372/304 252/371/303 265/396/323 266/397/325
f 261/374/305 260/373/302 273/398/324 274/399/326
f 254/375/306 253/372/304 266/397/325 267/400/327
f 262/376/307 261/374/305 274/399/326 275/401/328
f 255/377/308 254/375/306 267/400/327 268/402/329
f 379/378/309 262/376/307 275/401/328 381/403/330
f 256/379/310 255/377/308 268/402/329 269/404/316
f 274/399/326 273/398/324 286/405/331 287/406/332
f 267/400/327 266/397/325 279/407/333 280/408/334
f 275/401/328 274/399/326 287/406/332 288/409/335
f 268/402/329 267/400/327 280/408/334 281/410/336
f 381/403/330 275/401/328 288/409/335 383/411/337
f 269/404/316 268/402/329 281/410/336 282/412/338
f 270/388/317 269/387/316 282/413/338 283/414/339
f 263/390/319 382/389/318 384/415/340 276/416/341
f 271/391/320 270/388/317 283/414/339 284/417/342
f 264/392/321 263/390/319 276/416/341 277/418/343
f 272/393/322 271/391/320 284/417/342 285/419/344
f 265/394/323 264/392/321 277/418/343 278/420/345
f 273/395/324 272/393/322 285/419/344 286/421/331
f 266/397/325 265/396/323 278/422/345 279/407/333
f 276/416/341 384/415/340 385/423/346 289/424/347
f 284/417/342 283/414/339 296/425/348 297/426/349
f 277/418/343 276/416/341 289/424/347 290/427/350
f 285/419/344 284/417/342 297/426/349 298/428/351
f 278/420/345 277/418/343 290/427/350 291/429/352
f 286/421/331 285/419/344 298/428/351 299/430/353
f 279/407/333 278/422/345 291/431/352 292/432/354
f 287/406/332 286/405/331 299/433/353 300/434/355
f 280/408/334 279/407/333 292/432/354 293/435/356
f 288/409/335 287/406/332 300/434/355 301/436/357
f 281/410/336 280/408/334 293/435/356 294/437/358
f 383/411/337 288/409/335 301/436/357 386/438/359
f 282/412/338 281/410/336 294/437/358 295/439/360
f 283/414/339 282/413/338 295/440/360 296/425/348
f 293/435/356 292/432/354 305/441/361 306/442/362
f 301/436/357 300/434/355 313/443/363 314/444/364
f 294/437/358 293/435/356 306/442/362 307/445/365
f 386/438/359 301/436/357 314/444/364 387/446/366
f 295/439/360 294/437/358 307/445/365 308/447/367
f 296/425/348 295/440/360 308/448/367 309/449/368
f 289/424/347 385/423/346 388/450/369 302/451/370
f 297/426/349 296/425/348 309/449/368 310/452/371
f 290/427/350 289/424/347 302/451/370 303/453/372
f 298/428/351 297/426/349 310/452/371 311/454/373
f 291/429/352 290/427/350 303/453/372 304/455/374
f 299/430/353 298/428/351 311/454/373 312/456/375
f 292/432/354 291/431/352 304/457/374 305/441/361
f 300/434/355 299/433/353 312/458/375 313/443/363
f 310/452/371 309/449/368 322/459/376 323/460/377
f 303/453/372 302/451/370 315/461/378 316/462/379
f 311/454/373 310/452/371 323/460/377 324/463/380
f 304/455/374 303/453/372 316/462/379 317/464/381
f 312/456/375 311/454/373 324/463/380 325/465/382
f 305/441/361 304/457/374 317/466/381 318/467/383
f 313/443/363 312/458/375 325/468/382 326/469/384
f 306/442/362 305/441/361 318/467/383 319/470/385
f 314/444/364 313/443/363 326/469/384 327/471/386
f 307/445/365 306/442/362 319/470/385 320/472/387
f 387/446/366 314/444/364 327/471/386 389/473/388
f 308/447/367 307/445/365 320/472/387 321/474/389
f 309/449/368 308/448/367 321/475/389 322/459/376
f 302/451/370 388/450/369 390/476/390 315/461/378
f 327/471/386 326/469/384 339/477/23 340/478/27
f 320/472/387 319/470/385 332/479/25 333/480/2
f 389/473/388 327/471/386 340/478/27 391/481/29
f 321/474/389 320/472/387 333/480/2 334/482/1
f 322/459/376 321/475/389 334/483/1 335/484/5
f 315/461/378 390/476/390 392/485/8 328/486/7
f 323/460/377 322/459/376 335/484/5 336/487/11
f 316/462/379 315/461/378 328/486/7 329/488/13
f 324/463/380 323/460/377 336/487/11 337/489/15
f 317/464/381 316/462/379 329/488/13 330/490/17
f 325/465/382 324/463/380 337/489/15 338/491/19
f 318/467/383 317/466/381 330/492/17 331/493/21
f 326/469/384 325/468/382 338/494/19 339/477/23
f 319/470/385 318/467/383 331/493/21 332/479/25
f 15/495/391 342/36/30 341/41/35
f 1/496/392 343/45/38 344/11/9
f 15/495/391 341/41/35 345/67/56
f 1/496/392 346/71/59 343/45/38
f 15/495/391 345/67/56 347/74/62
f 1/496/392 348/79/66 346/71/59
f 15/495/391 347/74/62 349/102/85
f 1/496/392 350/106/88 348/79/66
f 1/496/392 351/113/94 350/106/88
f 15/495/391 349/102/85 352/126/105
f 15/495/391 352/126/105 353/136/114
f 1/496/392 354/140/117 351/113/94
f 1/496/392 355/147/123 354/140/117
f 15/495/391 353/136/114 356/161/135
f 15/495/391 356/161/135 357/170/143
f 1/496/392 358/174/146 355/147/123
f 1/496/392 359/183/153 358/174/146
f 15/495/391 357/170/143 360/197/165
f 15/495/391 360/197/165 361/205/172
f 1/496/392 362/209/175 359/183/153
f 15/495/391 361/205/172 363/231/193
f 1/496/392 364/234/195 362/209/175
f 15/495/391 363/231/193 365/239/200
f 1/496/392 366/243/203 364/234/195
f 15/497/391 365/272/200 367/273/222
f 1/498/392 368/278/225 366/277/203
f 15/497/391 367/273/222 369/282/229
f 1/498/392 370/286/232 368/278/225
f 15/497/391 369/282/229 371/309/251
f 1/498/392 372/313/254 370/286/232
f 15/497/391 371/309/251 373/316/257
f 1/498/392 374/321/261 372/313/254
f 15/497/391 373/316/257 375/344/280
f 1/498/392 376/348/283 374/321/261
f 1/498/392 377/355/289 376/348/283
f 15/497/391 375/344/280 378/368/300
f 15/497/391 378/368/300 379/378/309
f 1/498/392 380/382/312 377/355/289
f 15/497/391 379/378/309 381/403/330
f 1/498/392 382/389/318 380/382/312
f 15/497/391 381/403/330 383/411/337
f 1/498/392 384/415/340 382/389/318
f 1/498/392 385/423/346 384/415/340
f 15/497/391 383/411/337 386/438/359
f 15/497/391 386/438/359 387/446/366
f 1/498/392 388/450/369 385/423/346
f 15/497/391 387/446/366 389/473/388
f 1/498/392 390/476/390 388/450/369
f 15/497/391 389/473/388 391/481/29
f 1/498/392 392/485/8 390/476/390
f 1/496/392 344/11/9 392/10/8
f 15/495/391 391/35/29 342/36/30
f 395/499/393 466/500/394 470/501/395 397/502/396
f 396/503/397 398/504/397 469/505/398 465/506/399
f 398/504/397 400/507/397 471/508/400 469/505/398
f 400/507/397 402/509/397 473/510/401 471/508/400
f 402/509/397 404/511/397 475/512/402 473/510/401
f 404/511/397 406/513/397 477/514/403 475/512/402
f 406/513/397 408/515/397 479/516/404 477/514/403
f 408/515/397 410/517/397 481/518/405 479/516/404
f 410/517/397 412/519/397 483/520/406 481/518/405
f 412/519/397 414/521/397 485/522/407 483/520/406
f 414/521/397 416/523/397 487/524/408 485/522/407
f 416/523/397 418/525/397 489/526/409 487/524/408
f 418/525/397 420/527/397 491/528/410 489/526/409
f 420/527/397 422/529/397 493/530/411 491/528/410
f 422/529/397 424/531/397 495/532/412 493/530/411
f 424/531/397 426/533/397 497/534/413 495/532/412
f 426/533/397 428/535/397 499/536/414 497/534/413
f 428/535/397 430/537/397 501/538/415 499/536/414
f 430/539/397 432/540/397 503/541/416 501/542/415
f 432/540/397 434/543/397 505/544/417 503/541/416
f 434/543/397 436/545/397 507/546/418 505/544/417
f 436/545/397 438/547/397 509/548/419 507/546/418
f 454/549/397 455/550/397 541/551/411 539/552/410
f 438/547/397 440/553/397 511/554/420 509/548/419
f 440/553/397 394/555/397 468/556/421 511/554/420
f 393/557/1 467/558/422 466/500/394 395/499/393
f 439/559/423 512/560/424 467/558/422 393/557/1
f 399/561/425 472/562/426 474/563/427 401/564/428
f 401/564/428 474/563/427 476/565/429 403/566/430
f 403/566/430 476/565/429 478/567/431 405/568/392
f 405/568/392 478/567/431 480/569/432 407/570/433
f 407/570/433 480/569/432 482/571/434 409/572/435
f 409/572/435 482/571/434 484/573/436 411/574/437
f 411/574/437 484/573/436 486/575/438 413/576/439
f 413/576/439 486/575/438 488/577/440 415/578/441
f 415/578/441 488/577/440 490/579/442 417/580/201
f 417/580/201 490/579/442 492/581/443 419/582/444
f 419/582/444 492/581/443 494/583/445 421/584/446
f 421/584/446 494/583/445 496/585/447 423/586/448
f 423/586/448 496/585/447 498/587/449 425/588/450
f 425/588/450 498/587/449 500/589/451 427/590/452
f 427/590/452 500/589/451 502/591/453 429/592/391
f 429/593/391 502/594/453 504/595/454 431/596/455
f 431/596/455 504/595/454 506/597/456 433/598/457
f 433/598/457 506/597/456 508/599/458 435/600/459
f 435/600/459 508/599/458 510/601/460 437/602/461
f 437/602/461 510/601/460 512/560/424 439/559/423
f 442/603/397 441/604/397 513/605/399 516/606/421
f 397/502/396 470/501/395 472/562/426 399/561/425
f 455/607/446 454/608/444 588/609/462 590/610/463
f 447/611/397 448/612/397 527/613/404 525/614/403
f 462/615/397 463/616/397 557/617/419 555/618/418
f 455/550/397 456/619/397 543/620/412 541/551/411
f 448/612/397 449/621/397 529/622/405 527/613/404
f 463/616/397 464/623/397 559/624/420 557/617/419
f 456/619/397 457/625/397 545/626/413 543/620/412
f 449/621/397 450/627/397 531/628/406 529/622/405
f 441/604/397 443/629/397 517/630/398 513/605/399
f 457/625/397 458/631/397 547/632/414 545/626/413
f 450/627/397 451/633/397 533/634/407 531/628/406
f 443/629/397 444/635/397 519/636/400 517/630/398
f 396/637/393 394/638/1 515/639/422 514/640/394
f 458/631/397 459/641/397 549/642/415 547/632/414
f 451/633/397 452/643/397 535/644/408 533/634/407
f 444/635/397 445/645/397 521/646/401 519/636/400
f 459/641/397 460/647/397 551/648/416 549/642/415
f 452/643/397 453/649/397 537/650/409 535/644/408
f 445/645/397 446/651/397 523/652/402 521/646/401
f 460/647/397 461/653/397 553/654/417 551/648/416
f 453/649/397 454/549/397 539/552/410 537/650/409
f 446/651/397 447/611/397 525/614/403 523/652/402
f 461/653/397 462/615/397 555/618/418 553/654/417
f 398/655/396 396/637/393 514/640/394 518/656/395
f 464/623/397 442/603/397 516/606/421 559/624/420
f 400/657/425 398/655/396 518/656/395 520/658/426
f 402/659/428 400/657/425 520/658/426 522/660/427
f 404/661/430 402/659/428 522/660/427 524/662/429
f 406/663/392 404/661/430 524/662/429 526/664/431
f 408/665/433 406/663/392 526/664/431 528/666/432
f 410/667/435 408/665/433 528/666/432 530/668/434
f 412/669/437 410/667/435 530/668/434 532/670/436
f 414/671/439 412/669/437 532/670/436 534/672/438
f 416/673/441 414/671/439 534/672/438 536/674/440
f 418/675/201 416/673/441 536/674/440 538/676/442
f 420/677/444 418/675/201 538/676/442 540/678/443
f 422/679/446 420/677/444 540/678/443 542/680/445
f 424/681/448 422/679/446 542/680/445 544/682/447
f 426/683/450 424/681/448 544/682/447 546/684/449
f 428/685/452 426/683/450 546/684/449 548/686/451
f 430/687/391 428/685/452 548/686/451 550/688/453
f 432/689/455 430/690/391 550/691/453 552/692/454
f 434/693/457 432/689/455 552/692/454 554/694/456
f 436/695/459 434/693/457 554/694/456 556/696/458
f 438/697/461 436/695/459 556/696/458 558/698/460
f 440/699/423 438/697/461 558/698/460 560/700/424
f 394/638/1 440/699/423 560/700/424 515/639/422
f 443/701/396 441/702/393 562/703/464 566/704/465
f 448/705/433 447/706/392 574/707/466 576/708/467
f 463/709/461 462/710/459 604/711/468 606/712/469
f 456/713/448 455/607/446 590/610/463 592/714/470
f 449/715/435 448/705/433 576/708/467 578/716/471
f 464/717/423 463/709/461 606/712/469 608/718/472
f 457/719/450 456/713/448 592/714/470 594/720/473
f 450/721/437 449/715/435 578/716/471 580/722/474
f 458/723/452 457/719/450 594/720/473 596/724/475
f 451/725/439 450/721/437 580/722/474 582/726/476
f 444/727/425 443/701/396 566/704/465 568/728/477
f 442/729/1 464/717/423 608/718/472 564/730/478
f 459/731/391 458/723/452 596/724/475 598/732/479
f 452/733/441 451/725/439 582/726/476 584/734/480
f 445/735/428 444/727/425 568/728/477 570/736/481
f 460/737/455 459/738/391 598/739/479 600/740/482
f 453/741/201 452/733/441 584/734/480 586/742/483
f 446/743/430 445/735/428 570/736/481 572/744/484
f 461/745/457 460/737/455 600/740/482 602/746/485
f 454/608/444 453/741/201 586/742/483 588/609/462
f 447/706/392 446/743/430 572/744/484 574/707/466
f 462/710/459 461/745/457 602/746/485 604/711/468
f 466/500/394 467/558/422 468/556/421 465/506/399
f 470/501/395 466/500/394 465/506/399 469/505/398
f 472/562/426 470/501/395 469/505/398 471/508/400
f 474/563/427 472/562/426 471/508/400 473/510/401
f 476/565/429 474/563/427 473/510/401 475/512/402
f 478/567/431 476/565/429 475/512/402 477/514/403
f 480/569/432 478/567/431 477/514/403 479/516/404
f 482/571/434 480/569/432 479/516/404 481/518/405
f 484/573/436 482/571/434 481/518/405 483/520/406
f 486/575/438 484/573/436 483/520/406 485/522/407
f 488/577/440 486/575/438 485/522/407 487/524/408
f 490/579/442 488/577/440 487/524/408 489/526/409
f 492/581/443 490/579/442 489/526/409 491/528/410
f 494/583/445 492/581/443 491/528/410 493/530/411
f 496/585/447 494/583/445 493/530/411 495/532/412
f 498/587/449 496/585/447 495/532/412 497/534/413
f 500/589/451 498/587/449 497/534/413 499/536/414
f 502/591/453 500/589/451 499/536/414 501/538/415
f 504/595/454 502/594/453 501/542/415 503/541/416
f 506/597/456 504/595/454 503/541/416 505/544/417
f 508/599/458 506/597/456 505/544/417 507/546/418
f 510/601/460 508/599/458 507/546/418 509/548/419
f 512/560/424 510/601/460 509/548/419 511/554/420
f 467/558/422 512/560/424 511/554/420 468/556/421
f 514/747/394 515/748/422 516/606/421 513/605/399
f 518/749/395 514/747/394 513/605/399 517/630/398
f 520/750/426 518/749/395 517/630/398 519/636/400
f 522/751/427 520/750/426 519/636/400 521/646/401
f 524/752/429 522/751/427 521/646/401 523/652/402
f 526/753/431 524/752/429 523/652/402 525/614/403
f 528/754/432 526/753/431 525/614/403 527/613/404
f 530/755/434 528/754/432 527/613/404 529/622/405
f 532/756/436 530/755/434 529/622/405 531/628/406
f 534/757/438 532/756/436 531/628/406 533/634/407
f 536/758/440 534/757/438 533/634/407 535/644/408
f 538/759/442 536/758/440 535/644/408 537/650/409
f 540/760/443 538/759/442 537/650/409 539/552/410
f 542/761/445 540/760/443 539/552/410 541/551/411
f 544/762/447 542/761/445 541/551/411 543/620/412
f 546/763/449 544/762/447 543/620/412 545/626/413
f 548/764/451 546/763/449 545/626/413 547/632/414
f 550/765/453 548/764/451 547/632/414 549/642/415
f 552/766/454 550/765/453 549/642/415 551/648/416
f 554/767/456 552/766/454 551/648/416 553/654/417
f 556/768/458 554/767/456 553/654/417 555/618/418
f 558/769/460 556/768/458 555/618/418 557/617/419
f 560/770/424 558/769/460 557/617/419 559/624/420
f 515/748/422 560/770/424 559/624/420 516/606/421
f 394/555/397 396/503/397 465/506/399 468/556/421
f 562/703/464 564/730/478 565/771/486 563/772/487
f 563/773/487 565/774/486 610/775/488 611/776/489
f 566/704/465 562/703/464 563/772/487 567/777/490
f 567/778/490 563/773/487 611/776/489 612/779/491
f 568/728/477 566/704/465 567/777/490 569/780/492
f 569/781/492 567/778/490 612/779/491 613/782/493
f 570/736/481 568/728/477 569/780/492 571/783/494
f 571/784/494 569/781/492 613/782/493 614/785/495
f 572/744/484 570/736/481 571/783/494 573/786/496
f 573/787/496 571/784/494 614/785/495 615/788/497
f 574/707/466 572/744/484 573/786/496 575/789/498
f 575/790/498 573/787/496 615/788/497 616/791/499
f 576/708/467 574/707/466 575/789/498 577/792/500
f 577/793/500 575/790/498 616/791/499 617/794/501
f 578/716/471 576/708/467 577/792/500 579/795/502
f 579/796/502 577/793/500 617/794/501 618/797/503
f 580/722/474 578/716/471 579/795/502 581/798/504
f 581/799/504 579/796/502 618/797/503 619/800/505
f 582/726/476 580/722/474 581/798/504 583/801/506
f 583/802/506 581/799/504 619/800/505 620/803/507
f 584/734/480 582/726/476 583/801/506 585/804/508
f 585/805/508 583/802/506 620/803/507 621/806/509
f 586/742/483 584/734/480 585/804/508 587/807/510
f 587/808/510 585/805/508 621/806/509 622/809/511
f 588/609/462 586/742/483 587/807/510 589/810/512
f 589/811/512 587/808/510 622/809/511 623/812/513
f 590/610/463 588/609/462 589/810/512 591/813/514
f 591/814/514 589/811/512 623/812/513 624/815/515
f 592/714/470 590/610/463 591/813/514 593/816/516
f 593/817/516 591/814/514 624/815/515 625/818/517
f 594/720/473 592/714/470 593/816/516 595/819/518
f 595/820/518 593/817/516 625/818/517 626/821/519
f 596/724/475 594/720/473 595/819/518 597/822/520
f 597/823/520 595/820/518 626/821/519 627/824/521
f 598/732/479 596/724/475 597/822/520 599/825/522
f 599/826/522 597/823/520 627/824/521 628/827/523
f 600/740/482 598/739/479 599/828/522 601/829/524
f 601/830/524 599/826/522 628/827/523 629/831/525
f 602/746/485 600/740/482 601/829/524 603/832/526
f 603/833/526 601/830/524 629/831/525 630/834/527
f 604/711/468 602/746/485 603/832/526 605/835/528
f 605/836/528 603/833/526 630/834/527 631/837/529
f 606/712/469 604/711/468 605/835/528 607/838/530
f 607/839/530 605/836/528 631/837/529 632/840/531
f 608/718/472 606/712/469 607/838/530 609/841/532
f 609/842/532 607/839/530 632/840/531 633/843/533
f 564/730/478 608/718/472 609/841/532 565/771/486
f 565/774/486 609/842/532 633/843/533 610/775/488
f 441/702/393 442/729/1 564/730/478 562/703/464
f 561/844/397 611/776/489 610/775/488
f 561/844/397 612/779/491 611/776/489
f 561/844/397 613/782/493 612/779/491
f 561/844/397 614/785/495 613/782/493
f 561/844/397 615/788/497 614/785/495
f 561/844/397 616/791/499 615/788/497
f 561/844/397 617/794/501 616/791/499
f 561/844/397 618/797/503 617/794/501
f 561/844/397 619/800/505 618/797/503
f 561/844/397 620/803/507 619/800/505
f 561/844/397 621/806/509 620/803/507
f 561/844/397 622/809/511 621/806/509
f 561/844/397 623/812/513 622/809/511
f 561/844/397 624/815/515 623/812/513
f 561/844/397 625/818/517 624/815/515
f 561/844/397 626/821/519 625/818/517
f 561/844/397 627/824/521 626/821/519
f 561/844/397 628/827/523 627/824/521
f 561/844/397 629/831/525 628/827/523
f 561/844/397 630/834/527 629/831/525
f 561/844/397 631/837/529 630/834/527
f 561/844/397 632/840/531 631/837/529
f 561/844/397 633/843/533 632/840/531
f 561/844/397 610/775/488 633/843/533
f 636/845/393 638/846/396 711/847/534 707/848/535
f 637/849/536 706/850/537 710/851/538 639/852/536
f 639/852/536 710/851/538 712/853/539 641/854/536
f 641/854/536 712/853/539 714/855/540 643/856/536
f 643/856/536 714/855/540 716/857/541 645/858/536
f 645/858/536 716/857/541 718/859/542 647/860/536
f 647/860/536 718/859/542 720/861/543 649/862/536
f 649/862/536 720/861/543 722/863/544 651/864/536
f 651/864/536 722/863/544 724/865/545 653/866/536
f 653/866/536 724/865/545 726/867/546 655/868/536
f 655/868/536 726/867/546 728/869/547 657/870/536
f 657/870/536 728/869/547 730/871/548 659/872/536
f 659/872/536 730/871/548 732/873/549 661/874/536
f 661/874/536 732/873/549 734/875/550 663/876/536
f 663/876/536 734/875/550 736/877/551 665/878/536
f 665/878/536 736/877/551 738/879/552 667/880/536
f 667/880/536 738/879/552 740/881/553 669/882/536
f 669/882/536 740/881/553 742/883/554 671/884/536
f 671/885/536 742/886/554 744/887/555 673/888/536
f 673/888/536 744/887/555 746/889/556 675/890/536
f 675/890/536 746/889/556 748/891/557 677/892/536
f 677/892/536 748/891/557 750/893/558 679/894/536
f 695/895/536 780/896/559 782/897/550 696/898/536
f 679/894/536 750/893/558 752/899/560 681/900/536
f 681/900/536 752/899/560 709/901/561 635/902/536
f 634/903/1 636/845/393 707/848/535 708/904/562
f 680/905/423 634/903/1 708/904/562 753/906/563
f 640/907/425 642/908/428 715/909/564 713/910/565
f 642/908/428 644/911/430 717/912/566 715/909/564
f 644/911/430 646/913/392 719/914/567 717/912/566
f 646/913/392 648/915/433 721/916/568 719/914/567
f 648/915/433 650/917/435 723/918/569 721/916/568
f 650/917/435 652/919/437 725/920/570 723/918/569
f 652/919/437 654/921/439 727/922/571 725/920/570
f 654/921/439 656/923/441 729/924/572 727/922/571
f 656/923/441 658/925/201 731/926/573 729/924/572
f 658/925/201 660/927/444 733/928/574 731/926/573
f 660/927/444 662/929/446 735/930/575 733/928/574
f 662/929/446 664/931/448 737/932/576 735/930/575
f 664/931/448 666/933/450 739/934/577 737/932/576
f 666/933/450 668/935/452 741/936/578 739/934/577
f 668/935/452 670/937/391 743/938/579 741/936/578
f 670/939/391 672/940/455 745/941/580 743/942/579
f 672/940/455 674/943/457 747/944/581 745/941/580
f 674/943/457 676/945/459 749/946/582 747/944/581
f 676/945/459 678/947/461 751/948/583 749/946/582
f 678/947/461 680/905/423 753/906/563 751/948/583
f 683/949/536 757/950/561 754/951/537 682/952/536
f 638/846/396 640/907/425 713/910/565 711/847/534
f 696/953/446 831/954/584 829/955/585 695/956/444
f 688/957/536 766/958/542 768/959/543 689/960/536
f 703/961/536 796/962/557 798/963/558 704/964/536
f 696/898/536 782/897/550 784/965/551 697/966/536
f 689/960/536 768/959/543 770/967/544 690/968/536
f 704/964/536 798/963/558 800/969/560 705/970/536
f 697/966/536 784/965/551 786/971/552 698/972/536
f 690/968/536 770/967/544 772/973/545 691/974/536
f 682/952/536 754/951/537 758/975/538 684/976/536
f 698/972/536 786/971/552 788/977/553 699/978/536
f 691/974/536 772/973/545 774/979/546 692/980/536
f 684/976/536 758/975/538 760/981/539 685/982/536
f 637/983/393 755/984/535 756/985/562 635/986/1
f 699/978/536 788/977/553 790/987/554 700/988/536
f 692/980/536 774/979/546 776/989/547 693/990/536
f 685/982/536 760/981/539 762/991/540 686/992/536
f 700/988/536 790/987/554 792/993/555 701/994/536
f 693/990/536 776/989/547 778/995/548 694/996/536
f 686/992/536 762/991/540 764/997/541 687/998/536
f 701/994/536 792/993/555 794/999/556 702/1000/536
f 694/996/536 778/995/548 780/896/559 695/895/536
f 687/998/536 764/997/541 766/958/542 688/957/536
f 702/1000/536 794/999/556 796/962/557 703/961/536
f 639/1001/396 759/1002/534 755/984/535 637/983/393
f 705/970/536 800/969/560 757/950/561 683/949/536
f 641/1003/425 761/1004/565 759/1002/534 639/1001/396
f 643/1005/428 763/1006/564 761/1004/565 641/1003/425
f 645/1007/430 765/1008/566 763/1006/564 643/1005/428
f 647/1009/392 767/1010/567 765/1008/566 645/1007/430
f 649/1011/433 769/1012/568 767/1010/567 647/1009/392
f 651/1013/435 771/1014/569 769/1012/568 649/1011/433
f 653/1015/437 773/1016/570 771/1014/569 651/1013/435
f 655/1017/439 775/1018/571 773/1016/570 653/1015/437
f 657/1019/441 777/1020/572 775/1018/571 655/1017/439
f 659/1021/201 779/1022/573 777/1020/572 657/1019/441
f 661/1023/444 781/1024/574 779/1022/573 659/1021/201
f 663/1025/446 783/1026/575 781/1024/574 661/1023/444
f 665/1027/448 785/1028/576 783/1026/575 663/1025/446
f 667/1029/450 787/1030/577 785/1028/576 665/1027/448
f 669/1031/452 789/1032/578 787/1030/577 667/1029/450
f 671/1033/391 791/1034/579 789/1032/578 669/1031/452
f 673/1035/455 793/1036/580 791/1037/579 671/1038/391
f 675/1039/457 795/1040/581 793/1036/580 673/1035/455
f 677/1041/459 797/1042/582 795/1040/581 675/1039/457
f 679/1043/461 799/1044/583 797/1042/582 677/1041/459
f 681/1045/423 801/1046/563 799/1044/583 679/1043/461
f 635/986/1 756/985/562 801/1046/563 681/1045/423
f 684/1047/396 807/1048/586 803/1049/587 682/1050/393
f 689/1051/433 817/1052/588 815/1053/589 688/1054/392
f 704/1055/461 847/1056/590 845/1057/591 703/1058/459
f 697/1059/448 833/1060/592 831/954/584 696/953/446
f 690/1061/435 819/1062/593 817/1052/588 689/1051/433
f 705/1063/423 849/1064/594 847/1056/590 704/1055/461
f 698/1065/450 835/1066/595 833/1060/592 697/1059/448
f 691/1067/437 821/1068/596 819/1062/593 690/1061/435
f 699/1069/452 837/1070/597 835/1066/595 698/1065/450
f 692/1071/439 823/1072/598 821/1068/596 691/1067/437
f 685/1073/425 809/1074/599 807/1048/586 684/1047/396
f 683/1075/1 805/1076/600 849/1064/594 705/1063/423
f 700/1077/391 839/1078/601 837/1070/597 699/1069/452
f 693/1079/441 825/1080/602 823/1072/598 692/1071/439
f 686/1081/428 811/1082/603 809/1074/599 685/1073/425
f 701/1083/455 841/1084/604 839/1085/601 700/1086/391
f 694/1087/201 827/1088/605 825/1080/602 693/1079/441
f 687/1089/430 813/1090/606 811/1082/603 686/1081/428
f 702/1091/457 843/1092/607 841/1084/604 701/1083/455
f 695/956/444 829/955/585 827/1088/605 694/1087/201
f 688/1054/392 815/1053/589 813/1090/606 687/1089/430
f 703/1058/459 845/1057/591 843/1092/607 702/1091/457
f 707/848/535 706/850/537 709/901/561 708/904/562
f 711/847/534 710/851/538 706/850/537 707/848/535
f 713/910/565 712/853/539 710/851/538 711/847/534
f 715/909/564 714/855/540 712/853/539 713/910/565
f 717/912/566 716/857/541 714/855/540 715/909/564
f 719/914/567 718/859/542 716/857/541 717/912/566
f 721/916/568 720/861/543 718/859/542 719/914/567
f 723/918/569 722/863/544 720/861/543 721/916/568
f 725/920/570 724/865/545 722/863/544 723/918/569
f 727/922/571 726/867/546 724/865/545 725/920/570
f 729/924/572 728/869/547 726/867/546 727/922/571
f 731/926/573 730/871/548 728/869/547 729/924/572
f 733/928/574 732/873/549 730/871/548 731/926/573
f 735/930/575 734/875/550 732/873/549 733/928/574
f 737/932/576 736/877/551 734/875/550 735/930/575
f 739/934/577 738/879/552 736/877/551 737/932/576
f 741/936/578 740/881/553 738/879/552 739/934/577
f 743/938/579 742/883/554 740/881/553 741/936/578
f 745/941/580 744/887/555 742/886/554 743/942/579
f 747/944/581 746/889/556 744/887/555 745/941/580
f 749/946/582 748/891/557 746/889/556 747/944/581
f 751/948/583 750/893/558 748/891/557 749/946/582
f 753/906/563 752/899/560 750/893/558 751/948/583
f 708/904/562 709/901/561 752/899/560 753/906/563
f 755/1093/535 754/951/537 757/950/561 756/1094/562
f 759/1095/534 758/975/538 754/951/537 755/1093/535
f 761/1096/565 760/981/539 758/975/538 759/1095/534
f 763/1097/564 762/991/540 760/981/539 761/1096/565
f 765/1098/566 764/997/541 762/991/540 763/1097/564
f 767/1099/567 766/958/542 764/997/541 765/1098/566
f 769/1100/568 768/959/543 766/958/542 767/1099/567
f 771/1101/569 770/967/544 768/959/543 769/1100/568
f 773/1102/570 772/973/545 770/967/544 771/1101/569
f 775/1103/571 774/979/546 772/973/545 773/1102/570
f 777/1104/572 776/989/547 774/979/546 775/1103/571
f 779/1105/573 778/995/548 776/989/547 777/1104/572
f 781/1106/574 780/896/559 778/995/548 779/1105/573
f 783/1107/575 782/897/550 780/896/559 781/1106/574
f 785/1108/576 784/965/551 782/897/550 783/1107/575
f 787/1109/577 786/971/552 784/965/551 785/1108/576
f 789/1110/578 788/977/553 786/971/552 787/1109/577
f 791/1111/579 790/987/554 788/977/553 789/1110/578
f 793/1112/580 792/993/555 790/987/554 791/1111/579
f 795/1113/581 794/999/556 792/993/555 793/1112/580
f 797/1114/582 796/962/557 794/999/556 795/1113/581
f 799/1115/583 798/963/558 796/962/557 797/1114/582
f 801/1116/563 800/969/560 798/963/558 799/1115/583
f 756/1094/562 757/950/561 800/969/560 801/1116/563
f 635/902/536 709/901/561 706/850/537 637/849/536
f 803/1049/587 804/1117/608 806/1118/609 805/1076/600
f 804/1119/608 852/1120/610 851/1121/611 806/1122/609
f 807/1048/586 808/1123/612 804/1117/608 803/1049/587
f 808/1124/612 853/1125/613 852/1120/610 804/1119/608
f 809/1074/599 810/1126/614 808/1123/612 807/1048/586
f 810/1127/614 854/1128/615 853/1125/613 808/1124/612
f 811/1082/603 812/1129/616 810/1126/614 809/1074/599
f 812/1130/616 855/1131/617 854/1128/615 810/1127/614
f 813/1090/606 814/1132/618 812/1129/616 811/1082/603
f 814/1133/618 856/1134/619 855/1131/617 812/1130/616
f 815/1053/589 816/1135/620 814/1132/618 813/1090/606
f 816/1136/620 857/1137/621 856/1134/619 814/1133/618
f 817/1052/588 818/1138/622 816/1135/620 815/1053/589
f 818/1139/622 858/1140/623 857/1137/621 816/1136/620
f 819/1062/593 820/1141/624 818/1138/622 817/1052/588
f 820/1142/624 859/1143/625 858/1140/623 818/1139/622
f 821/1068/596 822/1144/626 820/1141/624 819/1062/593
f 822/1145/626 860/1146/627 859/1143/625 820/1142/624
f 823/1072/598 824/1147/628 822/1144/626 821/1068/596
f 824/1148/628 861/1149/629 860/1146/627 822/1145/626
f 825/1080/602 826/1150/630 824/1147/628 823/1072/598
f 826/1151/630 862/1152/631 861/1149/629 824/1148/628
f 827/1088/605 828/1153/632 826/1150/630 825/1080/602
f 828/1154/632 863/1155/633 862/1152/631 826/1151/630
f 829/955/585 830/1156/634 828/1153/632 827/1088/605
f 830/1157/634 864/1158/635 863/1155/633 828/1154/632
f 831/954/584 832/1159/636 830/1156/634 829/955/585
f 832/1160/636 865/1161/637 864/1158/635 830/1157/634
f 833/1060/592 834/1162/638 832/1159/636 831/954/584
f 834/1163/638 866/1164/639 865/1161/637 832/1160/636
f 835/1066/595 836/1165/640 834/1162/638 833/1060/592
f 836/1166/640 867/1167/641 866/1164/639 834/1163/638
f 837/1070/597 838/1168/642 836/1165/640 835/1066/595
f 838/1169/642 868/1170/643 867/1167/641 836/1166/640
f 839/1078/601 840/1171/644 838/1168/642 837/1070/597
f 840/1172/644 869/1173/645 868/1170/643 838/1169/642
f 841/1084/604 842/1174/646 840/1175/644 839/1085/601
f 842/1176/646 870/1177/647 869/1173/645 840/1172/644
f 843/1092/607 844/1178/648 842/1174/646 841/1084/604
f 844/1179/648 871/1180/649 870/1177/647 842/1176/646
f 845/1057/591 846/1181/650 844/1178/648 843/1092/607
f 846/1182/650 872/1183/651 871/1180/649 844/1179/648
f 847/1056/590 848/1184/652 846/1181/650 845/1057/591
f 848/1185/652 873/1186/653 872/1183/651 846/1182/650
f 849/1064/594 850/1187/654 848/1184/652 847/1056/590
f 850/1188/654 874/1189/655 873/1186/653 848/1185/652
f 805/1076/600 806/1118/609 850/1187/654 849/1064/594
f 806/1122/609 851/1121/611 874/1189/655 850/1188/654
f 682/1050/393 803/1049/587 805/1076/600 683/1075/1
f 802/1190/536 851/1121/611 852/1120/610
f 802/1190/536 852/1120/610 853/1125/613
f 802/1190/536 853/1125/613 854/1128/615
f 802/1190/536 854/1128/615 855/1131/617
f 802/1190/536 855/1131/617 856/1134/619
f 802/1190/536 856/1134/619 857/1137/621
f 802/1190/536 857/1137/621 858/1140/623
f 802/1190/536 858/1140/623 859/1143/625
f 802/1190/536 859/1143/625 860/1146/627
f 802/1190/536 860/1146/627 861/1149/629
f 802/1190/536 861/1149/629 862/1152/631
f 802/1190/536 862/1152/631 863/1155/633
f 802/1190/536 863/1155/633 864/1158/635
f 802/1190/536 864/1158/635 865/1161/637
f 802/1190/536 865/1161/637 866/1164/639
f 802/1190/536 866/1164/639 867/1167/641
f 802/1190/536 867/1167/641 868/1170/643
f 802/1190/536 868/1170/643 869/1173/645
f 802/1190/536 869/1173/645 870/1177/647
f 802/1190/536 870/1177/647 871/1180/649
f 802/1190/536 871/1180/649 872/1183/651
f 802/1190/536 872/1183/651 873/1186/653
f 802/1190/536 873/1186/653 874/1189/655
f 802/1190/536 874/1189/655 851/1121/611
f 877/1191/656 948/1192/657 952/1193/658 879/1194/659
f 878/1195/660 880/1196/660 951/1197/661 947/1198/662
f 880/1196/660 882/1199/660 953/1200/663 951/1197/661
f 882/1199/660 884/1201/660 955/1202/664 953/1200/663
f 884/1201/660 886/1203/660 957/1204/665 955/1202/664
f 886/1203/660 888/1205/660 959/1206/666 957/1204/665
f 888/1207/660 890/1208/660 961/1209/667 959/1210/666
f 890/1208/660 892/1211/660 963/1212/668 961/1209/667
f 892/1211/660 894/1213/660 965/1214/669 963/1212/668
f 894/1213/660 896/1215/660 967/1216/670 965/1214/669
f 896/1215/660 898/1217/660 969/1218/671 967/1216/670
f 898/1217/660 900/1219/660 971/1220/672 969/1218/671
f 900/1219/660 902/1221/660 973/1222/673 971/1220/672
f 902/1221/660 904/1223/660 975/1224/674 973/1222/673
f 904/1223/660 906/1225/660 977/1226/675 975/1224/674
f 906/1225/660 908/1227/660 979/1228/676 977/1226/675
f 908/1227/660 910/1229/660 981/1230/677 979/1228/676
f 910/1229/660 912/1231/660 983/1232/678 981/1230/677
f 912/1231/660 914/1233/660 985/1234/679 983/1232/678
f 914/1233/660 916/1235/660 987/1236/680 985/1234/679
f 916/1235/660 918/1237/660 989/1238/681 987/1236/680
f 918/1237/660 920/1239/660 991/1240/682 989/1238/681
f 936/1241/660 937/1242/660 1023/1243/674 1021/1244/673
f 920/1239/660 922/1245/660 993/1246/683 991/1240/682
f 922/1245/660 876/1247/660 950/1248/684 993/1246/683
f 875/1249/1 949/1250/685 948/1192/657 877/1191/656
f 921/1251/686 994/1252/687 949/1250/685 875/1249/1
f 881/1253/688 954/1254/689 956/1255/690 883/1256/691
f 883/1256/691 956/1255/690 958/1257/692 885/1258/693
f 885/1258/693 958/1257/692 960/1259/694 887/1260/695
f 887/1261/695 960/1262/694 962/1263/696 889/1264/697
f 889/1264/697 962/1263/696 964/1265/698 891/1266/699
f 891/1266/699 964/1265/698 966/1267/700 893/1268/701
f 893/1268/701 966/1267/700 968/1269/702 895/1270/703
f 895/1270/703 968/1269/702 970/1271/704 897/1272/705
f 897/1272/705 970/1271/704 972/1273/706 899/1274/201
f 899/1274/201 972/1273/706 974/1275/707 901/1276/708
f 901/1276/708 974/1275/707 976/1277/709 903/1278/710
f 903/1278/710 976/1277/709 978/1279/711 905/1280/712
f 905/1280/712 978/1279/711 980/1281/713 907/1282/714
f 907/1282/714 980/1281/713 982/1283/715 909/1284/716
f 909/1284/716 982/1283/715 984/1285/717 911/1286/718
f 911/1286/718 984/1285/717 986/1287/719 913/1288/720
f 913/1288/720 986/1287/719 988/1289/721 915/1290/722
f 915/1290/722 988/1289/721 990/1291/723 917/1292/724
f 917/1292/724 990/1291/723 992/1293/725 919/1294/726
f 919/1294/726 992/1293/725 994/1252/687 921/1251/686
f 924/1295/660 923/1296/660 995/1297/662 998/1298/684
f 879/1194/659 952/1193/658 954/1254/689 881/1253/688
f 937/1299/710 936/1300/708 1070/1301/727 1072/1302/728
f 929/1303/660 930/1304/660 1009/1305/667 1007/1306/666
f 944/1307/660 945/1308/660 1039/1309/682 1037/1310/681
f 937/1242/660 938/1311/660 1025/1312/675 1023/1243/674
f 930/1304/660 931/1313/660 1011/1314/668 1009/1305/667
f 945/1308/660 946/1315/660 1041/1316/683 1039/1309/682
f 938/1311/660 939/1317/660 1027/1318/676 1025/1312/675
f 931/1313/660 932/1319/660 1013/1320/669 1011/1314/668
f 923/1296/660 925/1321/660 999/1322/661 995/1297/662
f 939/1317/660 940/1323/660 1029/1324/677 1027/1318/676
f 932/1319/660 933/1325/660 1015/1326/670 1013/1320/669
f 925/1321/660 926/1327/660 1001/1328/663 999/1322/661
f 878/1329/656 876/1330/1 997/1331/685 996/1332/657
f 940/1323/660 941/1333/660 1031/1334/678 1029/1324/677
f 933/1325/660 934/1335/660 1017/1336/671 1015/1326/670
f 926/1327/660 927/1337/660 1003/1338/664 1001/1328/663
f 941/1333/660 942/1339/660 1033/1340/679 1031/1334/678
f 934/1335/660 935/1341/660 1019/1342/672 1017/1336/671
f 927/1337/660 928/1343/660 1005/1344/665 1003/1338/664
f 942/1339/660 943/1345/660 1035/1346/680 1033/1340/679
f 935/1341/660 936/1241/660 1021/1244/673 1019/1342/672
f 928/1343/660 929/1303/660 1007/1306/666 1005/1344/665
f 943/1345/660 944/1307/660 1037/1310/681 1035/1346/680
f 880/1347/659 878/1329/656 996/1332/657 1000/1348/658
f 946/1315/660 924/1295/660 998/1298/684 1041/1316/683
f 882/1349/688 880/1347/659 1000/1348/658 1002/1350/689
f 884/1351/691 882/1349/688 1002/1350/689 1004/1352/690
f 886/1353/693 884/1351/691 1004/1352/690 1006/1354/692
f 888/1355/695 886/1353/693 1006/1354/692 1008/1356/694
f 890/1357/697 888/1358/695 1008/1359/694 1010/1360/696
f 892/1361/699 890/1357/697 1010/1360/696 1012/1362/698
f 894/1363/701 892/1361/699 1012/1362/698 1014/1364/700
f 896/1365/703 894/1363/701 1014/1364/700 1016/1366/702
f 898/1367/705 896/1365/703 1016/1366/702 1018/1368/704
f 900/1369/201 898/1367/705 1018/1368/704 1020/1370/706
f 902/1371/708 900/1369/201 1020/1370/706 1022/1372/707
f 904/1373/710 902/1371/708 1022/1372/707 1024/1374/709
f 906/1375/712 904/1373/710 1024/1374/709 1026/1376/711
f 908/1377/714 906/1375/712 1026/1376/711 1028/1378/713
f 910/1379/716 908/1377/714 1028/1378/713 1030/1380/715
f 912/1381/718 910/1379/716 1030/1380/715 1032/1382/717
f 914/1383/720 912/1381/718 1032/1382/717 1034/1384/719
f 916/1385/722 914/1383/720 1034/1384/719 1036/1386/721
f 918/1387/724 916/1385/722 1036/1386/721 1038/1388/723
f 920/1389/726 918/1387/724 1038/1388/723 1040/1390/725
f 922/1391/686 920/1389/726 1040/1390/725 1042/1392/687
f 876/1330/1 922/1391/686 1042/1392/687 997/1331/685
f 925/1393/659 923/1394/656 1044/1395/729 1048/1396/730
f 930/1397/697 929/1398/695 1056/1399/731 1058/1400/732
f 945/1401/726 944/1402/724 1086/1403/733 1088/1404/734
f 938/1405/712 937/1299/710 1072/1302/728 1074/1406/735
f 931/1407/699 930/1397/697 1058/1400/732 1060/1408/736
f 946/1409/686 945/1401/726 1088/1404/734 1090/1410/737
f 939/1411/714 938/1405/712 1074/1406/735 1076/1412/738
f 932/1413/701 931/1407/699 1060/1408/736 1062/1414/739
f 940/1415/716 939/1411/714 1076/1412/738 1078/1416/740
f 933/1417/703 932/1413/701 1062/1414/739 1064/1418/741
f 926/1419/688 925/1393/659 1048/1396/730 1050/1420/742
f 924/1421/1 946/1409/686 1090/1410/737 1046/1422/743
f 941/1423/718 940/1415/716 1078/1416/740 1080/1424/744
f 934/1425/705 933/1417/703 1064/1418/741 1066/1426/745
f 927/1427/691 926/1419/688 1050/1420/742 1052/1428/746
f 942/1429/720 941/1423/718 1080/1424/744 1082/1430/747
f 935/1431/201 934/1425/705 1066/1426/745 1068/1432/748
f 928/1433/693 927/1427/691 1052/1428/746 1054/1434/749
f 943/1435/722 942/1429/720 1082/1430/747 1084/1436/750
f 936/1300/708 935/1431/201 1068/1432/748 1070/1301/727
f 929/1437/695 928/1433/693 1054/1434/749 1056/1438/731
f 944/1402/724 943/1435/722 1084/1436/750 1086/1403/733
f 948/1192/657 949/1250/685 950/1248/684 947/1198/662
f 952/1193/658 948/1192/657 947/1198/662 951/1197/661
f 954/1254/689 952/1193/658 951/1197/661 953/1200/663
f 956/1255/690 954/1254/689 953/1200/663 955/1202/664
f 958/1257/692 956/1255/690 955/1202/664 957/1204/665
f 960/1259/694 958/1257/692 957/1204/665 959/1206/666
f 962/1263/696 960/1262/694 959/1210/666 961/1209/667
f 964/1265/698 962/1263/696 961/1209/667 963/1212/668
f 966/1267/700 964/1265/698 963/1212/668 965/1214/669
f 968/1269/702 966/1267/700 965/1214/669 967/1216/670
f 970/1271/704 968/1269/702 967/1216/670 969/1218/671
f 972/1273/706 970/1271/704 969/1218/671 971/1220/672
f 974/1275/707 972/1273/706 971/1220/672 973/1222/673
f 976/1277/709 974/1275/707 973/1222/673 975/1224/674
f 978/1279/711 976/1277/709 975/1224/674 977/1226/675
f 980/1281/713 978/1279/711 977/1226/675 979/1228/676
f 982/1283/715 980/1281/713 979/1228/676 981/1230/677
f 984/1285/717 982/1283/715 981/1230/677 983/1232/678
f 986/1287/719 984/1285/717 983/1232/678 985/1234/679
f 988/1289/721 986/1287/719 985/1234/679 987/1236/680
f 990/1291/723 988/1289/721 987/1236/680 989/1238/681
f 992/1293/725 990/1291/723 989/1238/681 991/1240/682
f 994/1252/687 992/1293/725 991/1240/682 993/1246/683
f 949/1250/685 994/1252/687 993/1246/683 950/1248/684
f 996/1439/657 997/1440/685 998/1298/684 995/1297/662
f 1000/1441/658 996/1439/657 995/1297/662 999/1322/661
f 1002/1442/689 1000/1441/658 999/1322/661 1001/1328/663
f 1004/1443/690 1002/1442/689 1001/1328/663 1003/1338/664
f 1006/1444/692 1004/1443/690 1003/1338/664 1005/1344/665
f 1008/1445/694 1006/1444/692 1005/1344/665 1007/1306/666
f 1010/1446/696 1008/1445/694 1007/1306/666 1009/1305/667
f 1012/1447/698 1010/1446/696 1009/1305/667 1011/1314/668
f 1014/1448/700 1012/1447/698 1011/1314/668 1013/1320/669
f 1016/1449/702 1014/1448/700 1013/1320/669 1015/1326/670
f 1018/1450/704 1016/1449/702 1015/1326/670 1017/1336/671
f 1020/1451/706 1018/1450/704 1017/1336/671 1019/1342/672
f 1022/1452/707 1020/1451/706 1019/1342/672 1021/1244/673
f 1024/1453/709 1022/1452/707 1021/1244/673 1023/1243/674
f 1026/1454/711 1024/1453/709 1023/1243/674 1025/1312/675
f 1028/1455/713 1026/1454/711 1025/1312/675 1027/1318/676
f 1030/1456/715 1028/1455/713 1027/1318/676 1029/1324/677
f 1032/1457/717 1030/1456/715 1029/1324/677 1031/1334/678
f 1034/1458/719 1032/1457/717 1031/1334/678 1033/1340/679
f 1036/1459/721 1034/1458/719 1033/1340/679 1035/1346/680
f 1038/1460/723 1036/1459/721 1035/1346/680 1037/1310/681
f 1040/1461/725 1038/1460/723 1037/1310/681 1039/1309/682
f 1042/1462/687 1040/1461/725 1039/1309/682 1041/1316/683
f 997/1440/685 1042/1462/687 1041/1316/683 998/1298/684
f 876/1247/660 878/1195/660 947/1198/662 950/1248/684
f 1044/1395/729 1046/1422/743 1047/1463/751 1045/1464/752
f 1045/1465/752 1047/1466/751 1092/1467/753 1093/1468/754
f 1048/1396/730 1044/1395/729 1045/1464/752 1049/1469/755
f 1049/1470/755 1045/1465/752 1093/1468/754 1094/1471/756
f 1050/1420/742 1048/1396/730 1049/1469/755 1051/1472/757
f 1051/1473/757 1049/1470/755 1094/1471/756 1095/1474/758
f 1052/1428/746 1050/1420/742 1051/1472/757 1053/1475/759
f 1053/1476/759 1051/1473/757 1095/1474/758 1096/1477/760
f 1054/1434/749 1052/1428/746 1053/1475/759 1055/1478/761
f 1055/1479/761 1053/1476/759 1096/1477/760 1097/1480/762
f 1056/1438/731 1054/1434/749 1055/1478/761 1057/1481/763
f 1057/1482/763 1055/1479/761 1097/1480/762 1098/1483/764
f 1058/1400/732 1056/1399/731 1057/1484/763 1059/1485/765
f 1059/1486/765 1057/1482/763 1098/1483/764 1099/1487/766
f 1060/1408/736 1058/1400/732 1059/1485/765 1061/1488/767
f 1061/1489/767 1059/1486/765 1099/1487/766 1100/1490/768
f 1062/1414/739 1060/1408/736 1061/1488/767 1063/1491/769
f 1063/1492/769 1061/1489/767 1100/1490/768 1101/1493/770
f 1064/1418/741 1062/1414/739 1063/1491/769 1065/1494/771
f 1065/1495/771 1063/1492/769 1101/1493/770 1102/1496/772
f 1066/1426/745 1064/1418/741 1065/1494/771 1067/1497/773
f 1067/1498/773 1065/1495/771 1102/1496/772 1103/1499/774
f 1068/1432/748 1066/1426/745 1067/1497/773 1069/1500/775
f 1069/1501/775 1067/1498/773 1103/1499/774 1104/1502/776
f 1070/1301/727 1068/1432/748 1069/1500/775 1071/1503/777
f 1071/1504/777 1069/1501/775 1104/1502/776 1105/1505/778
f 1072/1302/728 1070/1301/727 1071/1503/777 1073/1506/779
f 1073/1507/779 1071/1504/777 1105/1505/778 1106/1508/780
f 1074/1406/735 1072/1302/728 1073/1506/779 1075/1509/781
f 1075/1510/781 1073/1507/779 1106/1508/780 1107/1511/782
f 1076/1412/738 1074/1406/735 1075/1509/781 1077/1512/783
f 1077/1513/783 1075/1510/781 1107/1511/782 1108/1514/784
f 1078/1416/740 1076/1412/738 1077/1512/783 1079/1515/785
f 1079/1516/785 1077/1513/783 1108/1514/784 1109/1517/786
f 1080/1424/744 1078/1416/740 1079/1515/785 1081/1518/787
f 1081/1519/787 1079/1516/785 1109/1517/786 1110/1520/788
f 1082/1430/747 1080/1424/744 1081/1518/787 1083/1521/789
f 1083/1522/789 1081/1519/787 1110/1520/788 1111/1523/790
f 1084/1436/750 1082/1430/747 1083/1521/789 1085/1524/791
f 1085/1525/791 1083/1522/789 1111/1523/790 1112/1526/792
f 1086/1403/733 1084/1436/750 1085/1524/791 1087/1527/793
f 1087/1528/793 1085/1525/791 1112/1526/792 1113/1529/794
f 1088/1404/734 1086/1403/733 1087/1527/793 1089/1530/795
f 1089/1531/795 1087/1528/793 1113/1529/794 1114/1532/796
f 1090/1410/737 1088/1404/734 1089/1530/795 1091/1533/797
f 1091/1534/797 1089/1531/795 1114/1532/796 1115/1535/798
f 1046/1422/743 1090/1410/737 1091/1533/797 1047/1463/751
f 1047/1466/751 1091/1534/797 1115/1535/798 1092/1467/753
f 923/1394/656 924/1421/1 1046/1422/743 1044/1395/729
f 1043/1536/660 1093/1468/754 1092/1467/753
f 1043/1536/660 1094/1471/756 1093/1468/754
f 1043/1536/660 1095/1474/758 1094/1471/756
f 1043/1536/660 1096/1477/760 1095/1474/758
f 1043/1536/660 1097/1480/762 1096/1477/760
f 1043/1536/660 1098/1483/764 1097/1480/762
f 1043/1536/660 1099/1487/766 1098/1483/764
f 1043/1536/660 1100/1490/768 1099/1487/766
f 1043/1536/660 1101/1493/770 1100/1490/768
f 1043/1536/660 1102/1496/772 1101/1493/770
f 1043/1536/660 1103/1499/774 1102/1496/772
f 1043/1536/660 1104/1502/776 1103/1499/774
f 1043/1536/660 1105/1505/778 1104/1502/776
f 1043/1536/660 1106/1508/780 1105/1505/778
f 1043/1536/660 1107/1511/782 1106/1508/780
f 1043/1536/660 1108/1514/784 1107/1511/782
f 1043/1536/660 1109/1517/786 1108/1514/784
f 1043/1536/660 1110/1520/788 1109/1517/786
f 1043/1536/660 1111/1523/790 1110/1520/788
f 1043/1536/660 1112/1526/792 1111/1523/790
f 1043/1536/660 1113/1529/794 1112/1526/792
f 1043/1536/660 1114/1532/796 1113/1529/794
f 1043/1536/660 1115/1535/798 1114/1532/796
f 1043/1536/660 1092/1467/753 1115/1535/798
f 1118/1537/799 1120/1538/800 1193/1539/801 1189/1540/802
f 1119/1541/803 1188/1542/804 1192/1543/805 1121/1544/803
f 1121/1544/803 1192/1543/805 1194/1545/806 1123/1546/803
f 1123/1546/803 1194/1545/806 1196/1547/807 1125/1548/803
f 1125/1548/803 1196/1547/807 1198/1549/808 1127/1550/803
f 1127/1550/803 1198/1549/808 1200/1551/809 1129/1552/803
f 1129/1553/803 1200/1554/809 1202/1555/810 1131/1556/803
f 1131/1556/803 1202/1555/810 1204/1557/811 1133/1558/803
f 1133/1558/803 1204/1557/811 1206/1559/812 1135/1560/803
f 1135/1560/803 1206/1559/812 1208/1561/813 1137/1562/803
f 1137/1562/803 1208/1561/813 1210/1563/814 1139/1564/803
f 1139/1564/803 1210/1563/814 1212/1565/815 1141/1566/803
f 1141/1566/803 1212/1565/815 1214/1567/816 1143/1568/803
f 1143/1568/803 1214/1567/816 1216/1569/817 1145/1570/803
f 1145/1570/803 1216/1569/817 1218/1571/818 1147/1572/803
f 1147/1572/803 1218/1571/818 1220/1573/819 1149/1574/803
f 1149/1574/803 1220/1573/819 1222/1575/820 1151/1576/803
f 1151/1576/803 1222/1575/820 1224/1577/821 1153/1578/803
f 1153/1578/803 1224/1577/821 1226/1579/822 1155/1580/803
f 1155/1580/803 1226/1579/822 1228/1581/823 1157/1582/803
f 1157/1582/803 1228/1581/823 1230/1583/824 1159/1584/803
f 1159/1584/803 1230/1583/824 1232/1585/825 1161/1586/803
f 1177/1587/803 1262/1588/816 1264/1589/817 1178/1590/803
f 1161/1586/803 1232/1585/825 1234/1591/826 1163/1592/803
f 1163/1592/803 1234/1591/826 1191/1593/827 1117/1594/803
f 1116/1595/1 1118/1537/799 1189/1540/802 1190/1596/828
f 1162/1597/829 1116/1595/1 1190/1596/828 1235/1598/830
f 1122/1599/831 1124/1600/832 1197/1601/833 1195/1602/834
f 1124/1600/832 1126/1603/835 1199/1604/836 1197/1601/833
f 1126/1603/835 1128/1605/837 1201/1606/838 1199/1604/836
f 1128/1607/837 1130/1608/839 1203/1609/840 1201/1610/838
f 1130/1608/839 1132/1611/841 1205/1612/842 1203/1609/840
f 1132/1611/841 1134/1613/843 1207/1614/844 1205/1612/842
f 1134/1613/843 1136/1615/845 1209/1616/846 1207/1614/844
f 1136/1615/845 1138/1617/847 1211/1618/848 1209/1616/846
f 1138/1617/847 1140/1619/201 1213/1620/849 1211/1618/848
f 1140/1619/201 1142/1621/850 1215/1622/851 1213/1620/849
f 1142/1621/850 1144/1623/852 1217/1624/853 1215/1622/851
f 1144/1623/852 1146/1625/854 1219/1626/855 1217/1624/853
f 1146/1625/854 1148/1627/856 1221/1628/857 1219/1626/855
f 1148/1627/856 1150/1629/858 1223/1630/859 1221/1628/857
f 1150/1629/858 1152/1631/860 1225/1632/861 1223/1630/859
f 1152/1631/860 1154/1633/862 1227/1634/863 1225/1632/861
f 1154/1633/862 1156/1635/864 1229/1636/865 1227/1634/863
f 1156/1635/864 1158/1637/866 1231/1638/867 1229/1636/865
f 1158/1637/866 1160/1639/868 1233/1640/869 1231/1638/867
f 1160/1639/868 1162/1597/829 1235/1598/830 1233/1640/869
f 1165/1641/803 1239/1642/827 1236/1643/804 1164/1644/803
f 1120/1538/800 1122/1599/831 1195/1602/834 1193/1539/801
f 1178/1645/852 1313/1646/870 1311/1647/871 1177/1648/850
f 1170/1649/803 1248/1650/809 1250/1651/810 1171/1652/803
f 1185/1653/803 1278/1654/824 1280/1655/825 1186/1656/803
f 1178/1590/803 1264/1589/817 1266/1657/818 1179/1658/803
f 1171/1652/803 1250/1651/810 1252/1659/872 1172/1660/803
f 1186/1656/803 1280/1655/825 1282/1661/826 1187/1662/803
f 1179/1658/803 1266/1657/818 1268/1663/819 1180/1664/803
f 1172/1660/803 1252/1659/872 1254/1665/812 1173/1666/803
f 1164/1644/803 1236/1643/804 1240/1667/805 1166/1668/803
f 1180/1664/803 1268/1663/819 1270/1669/820 1181/1670/803
f 1173/1666/803 1254/1665/812 1256/1671/813 1174/1672/803
f 1166/1668/803 1240/1667/805 1242/1673/806 1167/1674/803
f 1119/1675/799 1237/1676/802 1238/1677/828 1117/1678/1
f 1181/1670/803 1270/1669/820 1272/1679/821 1182/1680/803
f 1174/1672/803 1256/1671/813 1258/1681/814 1175/1682/803
f 1167/1674/803 1242/1673/806 1244/1683/807 1168/1684/803
f 1182/1680/803 1272/1679/821 1274/1685/822 1183/1686/803
f 1175/1682/803 1258/1681/814 1260/1687/815 1176/1688/803
f 1168/1684/803 1244/1683/807 1246/1689/808 1169/1690/803
f 1183/1686/803 1274/1685/822 1276/1691/823 1184/1692/803
f 1176/1688/803 1260/1687/815 1262/1588/816 1177/1587/803
f 1169/1690/803 1246/1689/808 1248/1650/809 1170/1649/803
f 1184/1692/803 1276/1691/823 1278/1654/824 1185/1653/803
f 1121/1693/800 1241/1694/801 1237/1676/802 1119/1675/799
f 1187/1662/803 1282/1661/826 1239/1642/827 1165/1641/803
f 1123/1695/831 1243/1696/834 1241/1694/801 1121/1693/800
f 1125/1697/832 1245/1698/833 1243/1696/834 1123/1695/831
f 1127/1699/835 1247/1700/836 1245/1698/833 1125/1697/832
f 1129/1701/837 1249/1702/838 1247/1700/836 1127/1699/835
f 1131/1703/839 1251/1704/840 1249/1705/838 1129/1706/837
f 1133/1707/841 1253/1708/842 1251/1704/840 1131/1703/839
f 1135/1709/843 1255/1710/844 1253/1708/842 1133/1707/841
f 1137/1711/845 1257/1712/846 1255/1710/844 1135/1709/843
f 1139/1713/847 1259/1714/848 1257/1712/846 1137/1711/845
f 1141/1715/201 1261/1716/849 1259/1714/848 1139/1713/847
f 1143/1717/850 1263/1718/873 1261/1716/849 1141/1715/201
f 1145/1719/852 1265/1720/853 1263/1718/873 1143/1717/850
f 1147/1721/854 1267/1722/855 1265/1720/853 1145/1719/852
f 1149/1723/856 1269/1724/857 1267/1722/855 1147/1721/854
f 1151/1725/858 1271/1726/859 1269/1724/857 1149/1723/856
f 1153/1727/860 1273/1728/861 1271/1726/859 1151/1725/858
f 1155/1729/862 1275/1730/863 1273/1728/861 1153/1727/860
f 1157/1731/864 1277/1732/865 1275/1730/863 1155/1729/862
f 1159/1733/866 1279/1734/867 1277/1732/865 1157/1731/864
f 1161/1735/868 1281/1736/869 1279/1734/867 1159/1733/866
f 1163/1737/829 1283/1738/830 1281/1736/869 1161/1735/868
f 1117/1678/1 1238/1677/828 1283/1738/830 1163/1737/829
f 1166/1739/800 1289/1740/874 1285/1741/875 1164/1742/799
f 1171/1743/839 1299/1744/876 1297/1745/877 1170/1746/837
f 1186/1747/868 1329/1748/878 1327/1749/879 1185/1750/866
f 1179/1751/854 1315/1752/880 1313/1646/870 1178/1645/852
f 1172/1753/841 1301/1754/881 1299/1744/876 1171/1743/839
f 1187/1755/829 1331/1756/882 1329/1748/878 1186/1747/868
f 1180/1757/856 1317/1758/883 1315/1752/880 1179/1751/854
f 1173/1759/843 1303/1760/884 1301/1754/881 1172/1753/841
f 1181/1761/858 1319/1762/885 1317/1758/883 1180/1757/856
f 1174/1763/845 1305/1764/886 1303/1760/884 1173/1759/843
f 1167/1765/831 1291/1766/887 1289/1740/874 1166/1739/800
f 1165/1767/1 1287/1768/888 1331/1756/882 1187/1755/829
f 1182/1769/860 1321/1770/889 1319/1762/885 1181/1761/858
f 1175/1771/847 1307/1772/890 1305/1764/886 1174/1763/845
f 1168/1773/832 1293/1774/891 1291/1766/887 1167/1765/831
f 1183/1775/862 1323/1776/892 1321/1770/889 1182/1769/860
f 1176/1777/201 1309/1778/893 1307/1772/890 1175/1771/847
f 1169/1779/835 1295/1780/894 1293/1774/891 1168/1773/832
f 1184/1781/864 1325/1782/895 1323/1776/892 1183/1775/862
f 1177/1648/850 1311/1647/871 1309/1778/893 1176/1777/201
f 1170/1783/837 1297/1784/877 1295/1780/894 1169/1779/835
f 1185/1750/866 1327/1749/879 1325/1782/895 1184/1781/864
f 1189/1540/802 1188/1542/804 1191/1593/827 1190/1596/828
f 1193/1539/801 1192/1543/805 1188/1542/804 1189/1540/802
f 1195/1602/834 1194/1545/806 1192/1543/805 1193/1539/801
f 1197/1601/833 1196/1547/807 1194/1545/806 1195/1602/834
f 1199/1604/836 1198/1549/808 1196/1547/807 1197/1601/833
f 1201/1606/838 1200/1551/809 1198/1549/808 1199/1604/836
f 1203/1609/840 1202/1555/810 1200/1554/809 1201/1610/838
f 1205/1612/842 1204/1557/811 1202/1555/810 1203/1609/840
f 1207/1614/844 1206/1559/812 1204/1557/811 1205/1612/842
f 1209/1616/846 1208/1561/813 1206/1559/812 1207/1614/844
f 1211/1618/848 1210/1563/814 1208/1561/813 1209/1616/846
f 1213/1620/849 1212/1565/815 1210/1563/814 1211/1618/848
f 1215/1622/851 1214/1567/816 1212/1565/815 1213/1620/849
f 1217/1624/853 1216/1569/817 1214/1567/816 1215/1622/851
f 1219/1626/855 1218/1571/818 1216/1569/817 1217/1624/853
f 1221/1628/857 1220/1573/819 1218/1571/818 1219/1626/855
f 1223/1630/859 1222/1575/820 1220/1573/819 1221/1628/857
f 1225/1632/861 1224/1577/821 1222/1575/820 1223/1630/859
f 1227/1634/863 1226/1579/822 1224/1577/821 1225/1632/861
f 1229/1636/865 1228/1581/823 1226/1579/822 1227/1634/863
f 1231/1638/867 1230/1583/824 1228/1581/823 1229/1636/865
f 1233/1640/869 1232/1585/825 1230/1583/824 1231/1638/867
f 1235/1598/830 1234/1591/826 1232/1585/825 1233/1640/869
f 1190/1596/828 1191/1593/827 1234/1591/826 1235/1598/830
f 1237/1785/802 1236/1643/804 1239/1642/827 1238/1786/828
f 1241/1787/801 1240/1667/805 1236/1643/804 1237/1785/802
f 1243/1788/834 1242/1673/806 1240/1667/805 1241/1787/801
f 1245/1789/833 1244/1683/807 1242/1673/806 1243/1788/834
f 1247/1790/836 1246/1689/808 1244/1683/807 1245/1789/833
f 1249/1791/838 1248/1650/809 1246/1689/808 1247/1790/836
f 1251/1792/840 1250/1651/810 1248/1650/809 1249/1791/838
f 1253/1793/842 1252/1659/872 1250/1651/810 1251/1792/840
f 1255/1794/844 1254/1665/812 1252/1659/872 1253/1793/842
f 1257/1795/846 1256/1671/813 1254/1665/812 1255/1794/844
f 1259/1796/848 1258/1681/814 1256/1671/813 1257/1795/846
f 1261/1797/849 1260/1687/815 1258/1681/814 1259/1796/848
f 1263/1798/873 1262/1588/816 1260/1687/815 1261/1797/849
f 1265/1799/853 1264/1589/817 1262/1588/816 1263/1798/873
f 1267/1800/855 1266/1657/818 1264/1589/817 1265/1799/853
f 1269/1801/857 1268/1663/819 1266/1657/818 1267/1800/855
f 1271/1802/859 1270/1669/820 1268/1663/819 1269/1801/857
f 1273/1803/861 1272/1679/821 1270/1669/820 1271/1802/859
f 1275/1804/863 1274/1685/822 1272/1679/821 1273/1803/861
f 1277/1805/865 1276/1691/823 1274/1685/822 1275/1804/863
f 1279/1806/867 1278/1654/824 1276/1691/823 1277/1805/865
f 1281/1807/869 1280/1655/825 1278/1654/824 1279/1806/867
f 1283/1808/830 1282/1661/826 1280/1655/825 1281/1807/869
f 1238/1786/828 1239/1642/827 1282/1661/826 1283/1808/830
f 1117/1594/803 1191/1593/827 1188/1542/804 1119/1541/803
f 1285/1741/875 1286/1809/896 1288/1810/897 1287/1768/888
f 1286/1811/896 1334/1812/898 1333/1813/899 1288/1814/897
f 1289/1740/874 1290/1815/900 1286/1809/896 1285/1741/875
f 1290/1816/900 1335/1817/901 1334/1812/898 1286/1811/896
f 1291/1766/887 1292/1818/902 1290/1815/900 1289/1740/874
f 1292/1819/902 1336/1820/903 1335/1817/901 1290/1816/900
f 1293/1774/891 1294/1821/904 1292/1818/902 1291/1766/887
f 1294/1822/904 1337/1823/905 1336/1820/903 1292/1819/902
f 1295/1780/894 1296/1824/906 1294/1821/904 1293/1774/891
f 1296/1825/906 1338/1826/907 1337/1823/905 1294/1822/904
f 1297/1784/877 1298/1827/908 1296/1824/906 1295/1780/894
f 1298/1828/908 1339/1829/909 1338/1826/907 1296/1825/906
f 1299/1744/876 1300/1830/910 1298/1831/908 1297/1745/877
f 1300/1832/910 1340/1833/911 1339/1829/909 1298/1828/908
f 1301/1754/881 1302/1834/912 1300/1830/910 1299/1744/876
f 1302/1835/912 1341/1836/913 1340/1833/911 1300/1832/910
f 1303/1760/884 1304/1837/914 1302/1834/912 1301/1754/881
f 1304/1838/914 1342/1839/915 1341/1836/913 1302/1835/912
f 1305/1764/886 1306/1840/916 1304/1837/914 1303/1760/884
f 1306/1841/916 1343/1842/917 1342/1839/915 1304/1838/914
f 1307/1772/890 1308/1843/918 1306/1840/916 1305/1764/886
f 1308/1844/918 1344/1845/919 1343/1842/917 1306/1841/916
f 1309/1778/893 1310/1846/920 1308/1843/918 1307/1772/890
f 1310/1847/920 1345/1848/921 1344/1845/919 1308/1844/918
f 1311/1647/871 1312/1849/922 1310/1846/920 1309/1778/893
f 1312/1850/922 1346/1851/923 1345/1848/921 1310/1847/920
f 1313/1646/870 1314/1852/924 1312/1849/922 1311/1647/871
f 1314/1853/924 1347/1854/925 1346/1851/923 1312/1850/922
f 1315/1752/880 1316/1855/926 1314/1852/924 1313/1646/870
f 1316/1856/926 1348/1857/927 1347/1854/925 1314/1853/924
f 1317/1758/883 1318/1858/928 1316/1855/926 1315/1752/880
f 1318/1859/928 1349/1860/929 1348/1857/927 1316/1856/926
f 1319/1762/885 1320/1861/930 1318/1858/928 1317/1758/883
f 1320/1862/930 1350/1863/931 1349/1860/929 1318/1859/928
f 1321/1770/889 1322/1864/932 1320/1861/930 1319/1762/885
f 1322/1865/932 1351/1866/933 1350/1863/931 1320/1862/930
f 1323/1776/892 1324/1867/934 1322/1864/932 1321/1770/889
f 1324/1868/934 1352/1869/935 1351/1866/933 1322/1865/932
f 1325/1782/895 1326/1870/936 1324/1867/934 1323/1776/892
f 1326/1871/936 1353/1872/937 1352/1869/935 1324/1868/934
f 1327/1749/879 1328/1873/938 1326/1870/936 1325/1782/895
f 1328/1874/938 1354/1875/939 1353/1872/937 1326/1871/936
f 1329/1748/878 1330/1876/940 1328/1873/938 1327/1749/879
f 1330/1877/940 1355/1878/941 1354/1875/939 1328/1874/938
f 1331/1756/882 1332/1879/942 1330/1876/940 1329/1748/878
f 1332/1880/942 1356/1881/943 1355/1878/941 1330/1877/940
f 1287/1768/888 1288/1810/897 1332/1879/942 1331/1756/882
f 1288/1814/897 1333/1813/899 1356/1881/943 1332/1880/942
f 1164/1742/799 1285/1741/875 1287/1768/888 1165/1767/1
f 1284/1882/803 1333/1813/899 1334/1812/898
f 1284/1882/803 1334/1812/898 1335/1817/901
f 1284/1882/803 1335/1817/901 1336/1820/903
f 1284/1882/803 1336/1820/903 1337/1823/905
f 1284/1882/803 1337/1823/905 1338/1826/907
f 1284/1882/803 1338/1826/907 1339/1829/909
f 1284/1882/803 1339/1829/909 1340/1833/911
f 1284/1882/803 1340/1833/911 1341/1836/913
f 1284/1882/803 1341/1836/913 1342/1839/915
f 1284/1882/803 1342/1839/915 1343/1842/917
f 1284/1882/803 1343/1842/917 1344/1845/919
f 1284/1882/803 1344/1845/919 1345/1848/921
f 1284/1882/803 1345/1848/921 1346/1851/923
f 1284/1882/803 1346/1851/923 1347/1854/925
f 1284/1882/803 1347/1854/925 1348/1857/927
f 1284/1882/803 1348/1857/927 1349/1860/929
f 1284/1882/803 1349/1860/929 1350/1863/931
f 1284/1882/803 1350/1863/931 1351/1866/933
f 1284/1882/803 1351/1866/933 1352/1869/935
f 1284/1882/803 1352/1869/935 1353/1872/937
f 1284/1882/803 1353/1872/937 1354/1875/939
f 1284/1882/803 1354/1875/939 1355/1878/941
f 1284/1882/803 1355/1878/941 1356/1881/943
f 1284/1882/803 1356/1881/943 1333/1813/899
f 1359/1883/829 1361/1884/868 1434/1885/944 1430/1886/945
f 1360/1887/946 1429/1888/947 1433/1889/948 1362/1890/946
f 1362/1890/946 1433/1889/948 1435/1891/949 1364/1892/946
f 1364/1892/946 1435/1891/949 1437/1893/950 1366/1894/946
f 1366/1894/946 1437/1893/950 1439/1895/951 1368/1896/946
f 1368/1896/946 1439/1895/951 1441/1897/952 1370/1898/946
f 1370/1899/946 1441/1900/952 1443/1901/953 1372/1902/946
f 1372/1902/946 1443/1901/953 1445/1903/954 1374/1904/946
f 1374/1904/946 1445/1903/954 1447/1905/955 1376/1906/946
f 1376/1906/946 1447/1905/955 1449/1907/956 1378/1908/946
f 1378/1908/946 1449/1907/956 1451/1909/957 1380/1910/946
f 1380/1910/946 1451/1909/957 1453/1911/958 1382/1912/946
f 1382/1912/946 1453/1911/958 1455/1913/959 1384/1914/946
f 1384/1914/946 1455/1913/959 1457/1915/960 1386/1916/946
f 1386/1916/946 1457/1915/960 1459/1917/961 1388/1918/946
f 1388/1918/946 1459/1917/961 1461/1919/962 1390/1920/946
f 1390/1920/946 1461/1919/962 1463/1921/963 1392/1922/946
f 1392/1922/946 1463/1921/963 1465/1923/964 1394/1924/946
f 1394/1924/946 1465/1923/964 1467/1925/965 1396/1926/946
f 1396/1926/946 1467/1925/965 1469/1927/966 1398/1928/946
f 1398/1928/946 1469/1927/966 1471/1929/967 1400/1930/946
f 1400/1930/946 1471/1929/967 1473/1931/968 1402/1932/946
f 1418/1933/946 1503/1934/959 1505/1935/960 1419/1936/946
f 1402/1932/946 1473/1931/968 1475/1937/969 1404/1938/946
f 1404/1938/946 1475/1937/969 1432/1939/970 1358/1940/946
f 1357/1941/1 1359/1883/829 1430/1886/945 1431/1942/971
f 1403/1943/799 1357/1941/1 1431/1942/971 1476/1944/972
f 1363/1945/866 1365/1946/864 1438/1947/973 1436/1948/974
f 1365/1946/864 1367/1949/862 1440/1950/975 1438/1947/973
f 1367/1949/862 1369/1951/860 1442/1952/976 1440/1950/975
f 1369/1953/860 1371/1954/858 1444/1955/977 1442/1956/976
f 1371/1954/858 1373/1957/856 1446/1958/978 1444/1955/977
f 1373/1957/856 1375/1959/854 1448/1960/979 1446/1958/978
f 1375/1959/854 1377/1961/852 1450/1962/980 1448/1960/979
f 1377/1961/852 1379/1963/850 1452/1964/981 1450/1962/980
f 1379/1963/850 1381/1965/201 1454/1966/982 1452/1964/981
f 1381/1965/201 1383/1967/847 1456/1968/983 1454/1966/982
f 1383/1967/847 1385/1969/845 1458/1970/984 1456/1968/983
f 1385/1969/845 1387/1971/843 1460/1972/985 1458/1970/984
f 1387/1971/843 1389/1973/841 1462/1974/986 1460/1972/985
f 1389/1973/841 1391/1975/839 1464/1976/987 1462/1974/986
f 1391/1975/839 1393/1977/837 1466/1978/988 1464/1976/987
f 1393/1977/837 1395/1979/835 1468/1980/989 1466/1978/988
f 1395/1979/835 1397/1981/832 1470/1982/990 1468/1980/989
f 1397/1981/832 1399/1983/831 1472/1984/991 1470/1982/990
f 1399/1983/831 1401/1985/800 1474/1986/992 1472/1984/991
f 1401/1985/800 1403/1943/799 1476/1944/972 1474/1986/992
f 1406/1987/946 1480/1988/970 1477/1989/947 1405/1990/946
f 1361/1884/868 1363/1945/866 1436/1948/974 1434/1885/944
f 1419/1991/845 1554/1992/993 1552/1993/994 1418/1994/847
f 1411/1995/946 1489/1996/952 1491/1997/953 1412/1998/946
f 1426/1999/946 1519/2000/967 1521/2001/968 1427/2002/946
f 1419/1936/946 1505/1935/960 1507/2003/961 1420/2004/946
f 1412/1998/946 1491/1997/953 1493/2005/995 1413/2006/946
f 1427/2002/946 1521/2001/968 1523/2007/969 1428/2008/946
f 1420/2004/946 1507/2003/961 1509/2009/962 1421/2010/946
f 1413/2006/946 1493/2005/995 1495/2011/955 1414/2012/946
f 1405/1990/946 1477/1989/947 1481/2013/948 1407/2014/946
f 1421/2010/946 1509/2009/962 1511/2015/963 1422/2016/946
f 1414/2012/946 1495/2011/955 1497/2017/956 1415/2018/946
f 1407/2014/946 1481/2013/948 1483/2019/949 1408/2020/946
f 1360/2021/829 1478/2022/945 1479/2023/971 1358/2024/1
f 1422/2016/946 1511/2015/963 1513/2025/964 1423/2026/946
f 1415/2018/946 1497/2017/956 1499/2027/957 1416/2028/946
f 1408/2020/946 1483/2019/949 1485/2029/950 1409/2030/946
f 1423/2026/946 1513/2025/964 1515/2031/965 1424/2032/946
f 1416/2028/946 1499/2027/957 1501/2033/958 1417/2034/946
f 1409/2030/946 1485/2029/950 1487/2035/951 1410/2036/946
f 1424/2032/946 1515/2031/965 1517/2037/966 1425/2038/946
f 1417/2034/946 1501/2033/958 1503/1934/959 1418/1933/946
f 1410/2036/946 1487/2035/951 1489/1996/952 1411/1995/946
f 1425/2038/946 1517/2037/966 1519/2000/967 1426/1999/946
f 1362/2039/868 1482/2040/944 1478/2022/945 1360/2021/829
f 1428/2008/946 1523/2007/969 1480/1988/970 1406/1987/946
f 1364/2041/866 1484/2042/974 1482/2040/944 1362/2039/868
f 1366/2043/864 1486/2044/973 1484/2042/974 1364/2041/866
f 1368/2045/862 1488/2046/975 1486/2044/973 1366/2043/864
f 1370/2047/860 1490/2048/976 1488/2046/975 1368/2045/862
f 1372/2049/858 1492/2050/977 1490/2051/976 1370/2052/860
f 1374/2053/856 1494/2054/978 1492/2050/977 1372/2049/858
f 1376/2055/854 1496/2056/979 1494/2054/978 1374/2053/856
f 1378/2057/852 1498/2058/980 1496/2056/979 1376/2055/854
f 1380/2059/850 1500/2060/981 1498/2058/980 1378/2057/852
f 1382/2061/201 1502/2062/982 1500/2060/981 1380/2059/850
f 1384/2063/847 1504/2064/996 1502/2062/982 1382/2061/201
f 1386/2065/845 1506/2066/984 1504/2064/996 1384/2063/847
f 1388/2067/843 1508/2068/985 1506/2066/984 1386/2065/845
f 1390/2069/841 1510/2070/986 1508/2068/985 1388/2067/843
f 1392/2071/839 1512/2072/987 1510/2070/986 1390/2069/841
f 1394/2073/837 1514/2074/988 1512/2072/987 1392/2071/839
f 1396/2075/835 1516/2076/989 1514/2074/988 1394/2073/837
f 1398/2077/832 1518/2078/990 1516/2076/989 1396/2075/835
f 1400/2079/831 1520/2080/991 1518/2078/990 1398/2077/832
f 1402/2081/800 1522/2082/992 1520/2080/991 1400/2079/831
f 1404/2083/799 1524/2084/972 1522/2082/992 1402/2081/800
f 1358/2024/1 1479/2023/971 1524/2084/972 1404/2083/799
f 1407/2085/868 1530/2086/997 1526/2087/998 1405/2088/829
f 1412/2089/858 1540/2090/999 1538/2091/1000 1411/2092/860
f 1427/2093/800 1570/2094/1001 1568/2095/1002 1426/2096/831
f 1420/2097/843 1556/2098/1003 1554/1992/993 1419/1991/845
f 1413/2099/856 1542/2100/1004 1540/2090/999 1412/2089/858
f 1428/2101/799 1572/2102/1005 1570/2094/1001 1427/2093/800
f 1421/2103/841 1558/2104/1006 1556/2098/1003 1420/2097/843
f 1414/2105/854 1544/2106/1007 1542/2100/1004 1413/2099/856
f 1422/2107/839 1560/2108/1008 1558/2104/1006 1421/2103/841
f 1415/2109/852 1546/2110/1009 1544/2106/1007 1414/2105/854
f 1408/2111/866 1532/2112/1010 1530/2086/997 1407/2085/868
f 1406/2113/1 1528/2114/1011 1572/2102/1005 1428/2101/799
f 1423/2115/837 1562/2116/1012 1560/2108/1008 1422/2107/839
f 1416/2117/850 1548/2118/1013 1546/2110/1009 1415/2109/852
f 1409/2119/864 1534/2120/1014 1532/2112/1010 1408/2111/866
f 1424/2121/835 1564/2122/1015 1562/2116/1012 1423/2115/837
f 1417/2123/201 1550/2124/1016 1548/2118/1013 1416/2117/850
f 1410/2125/862 1536/2126/1017 1534/2120/1014 1409/2119/864
f 1425/2127/832 1566/2128/1018 1564/2122/1015 1424/2121/835
f 1418/1994/847 1552/1993/994 1550/2124/1016 1417/2123/201
f 1411/2129/860 1538/2130/1000 1536/2126/1017 1410/2125/862
f 1426/2096/831 1568/2095/1002 1566/2128/1018 1425/2127/832
f 1430/1886/945 1429/1888/947 1432/1939/970 1431/1942/971
f 1434/1885/944 1433/1889/948 1429/1888/947 1430/1886/945
f 1436/1948/974 1435/1891/949 1433/1889/948 1434/1885/944
f 1438/1947/973 1437/1893/950 1435/1891/949 1436/1948/974
f 1440/1950/975 1439/1895/951 1437/1893/950 1438/1947/973
f 1442/1952/976 1441/1897/952 1439/1895/951 1440/1950/975
f 1444/1955/977 1443/1901/953 1441/1900/952 1442/1956/976
f 1446/1958/978 1445/1903/954 1443/1901/953 1444/1955/977
f 1448/1960/979 1447/1905/955 1445/1903/954 1446/1958/978
f 1450/1962/980 1449/1907/956 1447/1905/955 1448/1960/979
f 1452/1964/981 1451/1909/957 1449/1907/956 1450/1962/980
f 1454/1966/982 1453/1911/958 1451/1909/957 1452/1964/981
f 1456/1968/983 1455/1913/959 1453/1911/958 1454/1966/982
f 1458/1970/984 1457/1915/960 1455/1913/959 1456/1968/983
f 1460/1972/985 1459/1917/961 1457/1915/960 1458/1970/984
f 1462/1974/986 1461/1919/962 1459/1917/961 1460/1972/985
f 1464/1976/987 1463/1921/963 1461/1919/962 1462/1974/986
f 1466/1978/988 1465/1923/964 1463/1921/963 1464/1976/987
f 1468/1980/989 1467/1925/965 1465/1923/964 1466/1978/988
f 1470/1982/990 1469/1927/966 1467/1925/965 1468/1980/989
f 1472/1984/991 1471/1929/967 1469/1927/966 1470/1982/990
f 1474/1986/992 1473/1931/968 1471/1929/967 1472/1984/991
f 1476/1944/972 1475/1937/969 1473/1931/968 1474/1986/992
f 1431/1942/971 1432/1939/970 1475/1937/969 1476/1944/972
f 1478/2131/945 1477/1989/947 1480/1988/970 1479/2132/971
f 1482/2133/944 1481/2013/948 1477/1989/947 1478/2131/945
f 1484/2134/974 1483/2019/949 1481/2013/948 1482/2133/944
f 1486/2135/973 1485/2029/950 1483/2019/949 1484/2134/974
f 1488/2136/975 1487/2035/951 1485/2029/950 1486/2135/973
f 1490/2137/976 1489/1996/952 1487/2035/951 1488/2136/975
f 1492/2138/977 1491/1997/953 1489/1996/952 1490/2137/976
f 1494/2139/978 1493/2005/995 1491/1997/953 1492/2138/977
f 1496/2140/979 1495/2011/955 1493/2005/995 1494/2139/978
f 1498/2141/980 1497/2017/956 1495/2011/955 1496/2140/979
f 1500/2142/981 1499/2027/957 1497/2017/956 1498/2141/980
f 1502/2143/982 1501/2033/958 1499/2027/957 1500/2142/981
f 1504/2144/996 1503/1934/959 1501/2033/958 1502/2143/982
f 1506/2145/984 1505/1935/960 1503/1934/959 1504/2144/996
f 1508/2146/985 1507/2003/961 1505/1935/960 1506/2145/984
f 1510/2147/986 1509/2009/962 1507/2003/961 1508/2146/985
f 1512/2148/987 1511/2015/963 1509/2009/962 1510/2147/986
f 1514/2149/988 1513/2025/964 1511/2015/963 1512/2148/987
f 1516/2150/989 1515/2031/965 1513/2025/964 1514/2149/988
f 1518/2151/990 1517/2037/966 1515/2031/965 1516/2150/989
f 1520/2152/991 1519/2000/967 1517/2037/966 1518/2151/990
f 1522/2153/992 1521/2001/968 1519/2000/967 1520/2152/991
f 1524/2154/972 1523/2007/969 1521/2001/968 1522/2153/992
f 1479/2132/971 1480/1988/970 1523/2007/969 1524/2154/972
f 1358/1940/946 1432/1939/970 1429/1888/947 1360/1887/946
f 1526/2087/998 1527/2155/1019 1529/2156/1020 1528/2114/1011
f 1527/2157/1019 1575/2158/1021 1574/2159/1022 1529/2160/1020
f 1530/2086/997 1531/2161/1023 1527/2155/1019 1526/2087/998
f 1531/2162/1023 1576/2163/1024 1575/2158/1021 1527/2157/1019
f 1532/2112/1010 1533/2164/1025 1531/2161/1023 1530/2086/997
f 1533/2165/1025 1577/2166/1026 1576/2163/1024 1531/2162/1023
f 1534/2120/1014 1535/2167/1027 1533/2164/1025 1532/2112/1010
f 1535/2168/1027 1578/2169/1028 1577/2166/1026 1533/2165/1025
f 1536/2126/1017 1537/2170/1029 1535/2167/1027 1534/2120/1014
f 1537/2171/1029 1579/2172/1030 1578/2169/1028 1535/2168/1027
f 1538/2130/1000 1539/2173/1031 1537/2170/1029 1536/2126/1017
f 1539/2174/1031 1580/2175/1032 1579/2172/1030 1537/2171/1029
f 1540/2090/999 1541/2176/1033 1539/2177/1031 1538/2091/1000
f 1541/2178/1033 1581/2179/1034 1580/2175/1032 1539/2174/1031
f 1542/2100/1004 1543/2180/1035 1541/2176/1033 1540/2090/999
f 1543/2181/1035 1582/2182/1036 1581/2179/1034 1541/2178/1033
f 1544/2106/1007 1545/2183/1037 1543/2180/1035 1542/2100/1004
f 1545/2184/1037 1583/2185/1038 1582/2182/1036 1543/2181/1035
f 1546/2110/1009 1547/2186/1039 1545/2183/1037 1544/2106/1007
f 1547/2187/1039 1584/2188/1040 1583/2185/1038 1545/2184/1037
f 1548/2118/1013 1549/2189/1041 1547/2186/1039 1546/2110/1009
f 1549/2190/1041 1585/2191/1042 1584/2188/1040 1547/2187/1039
f 1550/2124/1016 1551/2192/1043 1549/2189/1041 1548/2118/1013
f 1551/2193/1043 1586/2194/1044 1585/2191/1042 1549/2190/1041
f 1552/1993/994 1553/2195/1045 1551/2192/1043 1550/2124/1016
f 1553/2196/1045 1587/2197/1046 1586/2194/1044 1551/2193/1043
f 1554/1992/993 1555/2198/1047 1553/2195/1045 1552/1993/994
f 1555/2199/1047 1588/2200/1048 1587/2197/1046 1553/2196/1045
f 1556/2098/1003 1557/2201/1049 1555/2198/1047 1554/1992/993
f 1557/2202/1049 1589/2203/1050 1588/2200/1048 1555/2199/1047
f 1558/2104/1006 1559/2204/1051 1557/2201/1049 1556/2098/1003
f 1559/2205/1051 1590/2206/1052 1589/2203/1050 1557/2202/1049
f 1560/2108/1008 1561/2207/1053 1559/2204/1051 1558/2104/1006
f 1561/2208/1053 1591/2209/1054 1590/2206/1052 1559/2205/1051
f 1562/2116/1012 1563/2210/1055 1561/2207/1053 1560/2108/1008
f 1563/2211/1055 1592/2212/1056 1591/2209/1054 1561/2208/1053
f 1564/2122/1015 1565/2213/1057 1563/2210/1055 1562/2116/1012
f 1565/2214/1057 1593/2215/1058 1592/2212/1056 1563/2211/1055
f 1566/2128/1018 1567/2216/1059 1565/2213/1057 1564/2122/1015
f 1567/2217/1059 1594/2218/1060 1593/2215/1058 1565/2214/1057
f 1568/2095/1002 1569/2219/1061 1567/2216/1059 1566/2128/1018
f 1569/2220/1061 1595/2221/1062 1594/2218/1060 1567/2217/1059
f 1570/2094/1001 1571/2222/1063 1569/2219/1061 1568/2095/1002
f 1571/2223/1063 1596/2224/1064 1595/2221/1062 1569/2220/1061
f 1572/2102/1005 1573/2225/1065 1571/2222/1063 1570/2094/1001
f 1573/2226/1065 1597/2227/1066 1596/2224/1064 1571/2223/1063
f 1528/2114/1011 1529/2156/1020 1573/2225/1065 1572/2102/1005
f 1529/2160/1020 1574/2159/1022 1597/2227/1066 1573/2226/1065
f 1405/2088/829 1526/2087/998 1528/2114/1011 1406/2113/1
f 1525/2228/946 1574/2159/1022 1575/2158/1021
f 1525/2228/946 1575/2158/1021 1576/2163/1024
f 1525/2228/946 1576/2163/1024 1577/2166/1026
f 1525/2228/946 1577/2166/1026 1578/2169/1028
f 1525/2228/946 1578/2169/1028 1579/2172/1030
f 1525/2228/946 1579/2172/1030 1580/2175/1032
f 1525/2228/946 1580/2175/1032 1581/2179/1034
f 1525/2228/946 1581/2179/1034 1582/2182/1036
f 1525/2228/946 1582/2182/1036 1583/2185/1038
f 1525/2228/946 1583/2185/1038 1584/2188/1040
f 1525/2228/946 1584/2188/1040 1585/2191/1042
f 1525/2228/946 1585/2191/1042 1586/2194/1044
f 1525/2228/946 1586/2194/1044 1587/2197/1046
f 1525/2228/946 1587/2197/1046 1588/2200/1048
f 1525/2228/946 1588/2200/1048 1589/2203/1050
f 1525/2228/946 1589/2203/1050 1590/2206/1052
f 1525/2228/946 1590/2206/1052 1591/2209/1054
f 1525/2228/946 1591/2209/1054 1592/2212/1056
f 1525/2228/946 1592/2212/1056 1593/2215/1058
f 1525/2228/946 1593/2215/1058 1594/2218/1060
f 1525/2228/946 1594/2218/1060 1595/2221/1062
f 1525/2228/946 1595/2221/1062 1596/2224/1064
f 1525/2228/946 1596/2224/1064 1597/2227/1066
f 1525/2228/946 1597/2227/1066 1574/2159/1022
f 1600/2229/686 1671/2230/1067 1675/2231/1068 1602/2232/726
f 1601/2233/1069 1603/2234/1069 1674/2235/1070 1670/2236/1071
f 1603/2234/1069 1605/2237/1069 1676/2238/1072 1674/2235/1070
f 1605/2237/1069 1607/2239/1069 1678/2240/1073 1676/2238/1072
f 1607/2239/1069 1609/2241/1069 1680/2242/1074 1678/2240/1073
f 1609/2241/1069 1611/2243/1069 1682/2244/1075 1680/2242/1074
f 1611/2245/1069 1613/2246/1069 1684/2247/1076 1682/2248/1075
f 1613/2246/1069 1615/2249/1069 1686/2250/1077 1684/2247/1076
f 1615/2249/1069 1617/2251/1069 1688/2252/1078 1686/2250/1077
f 1617/2251/1069 1619/2253/1069 1690/2254/1079 1688/2252/1078
f 1619/2253/1069 1621/2255/1069 1692/2256/1080 1690/2254/1079
f 1621/2255/1069 1623/2257/1069 1694/2258/1081 1692/2256/1080
f 1623/2257/1069 1625/2259/1069 1696/2260/1082 1694/2258/1081
f 1625/2259/1069 1627/2261/1069 1698/2262/1083 1696/2260/1082
f 1627/2261/1069 1629/2263/1069 1700/2264/1084 1698/2262/1083
f 1629/2263/1069 1631/2265/1069 1702/2266/1085 1700/2264/1084
f 1631/2265/1069 1633/2267/1069 1704/2268/1086 1702/2266/1085
f 1633/2267/1069 1635/2269/1069 1706/2270/1087 1704/2268/1086
f 1635/2269/1069 1637/2271/1069 1708/2272/1088 1706/2270/1087
f 1637/2271/1069 1639/2273/1069 1710/2274/1089 1708/2272/1088
f 1639/2273/1069 1641/2275/1069 1712/2276/1090 1710/2274/1089
f 1641/2275/1069 1643/2277/1069 1714/2278/1091 1712/2276/1090
f 1659/2279/1069 1660/2280/1069 1746/2281/1083 1744/2282/1082
f 1643/2277/1069 1645/2283/1069 1716/2284/1092 1714/2278/1091
f 1645/2283/1069 1599/2285/1069 1673/2286/1093 1716/2284/1092
f 1598/2287/1 1672/2288/1094 1671/2230/1067 1600/2229/686
f 1644/2289/656 1717/2290/1095 1672/2288/1094 1598/2287/1
f 1604/2291/724 1677/2292/1096 1679/2293/1097 1606/2294/722
f 1606/2294/722 1679/2293/1097 1681/2295/1098 1608/2296/720
f 1608/2296/720 1681/2295/1098 1683/2297/1099 1610/2298/718
f 1610/2299/718 1683/2300/1099 1685/2301/1100 1612/2302/716
f 1612/2302/716 1685/2301/1100 1687/2303/1101 1614/2304/714
f 1614/2304/714 1687/2303/1101 1689/2305/1102 1616/2306/712
f 1616/2306/712 1689/2305/1102 1691/2307/1103 1618/2308/710
f 1618/2308/710 1691/2307/1103 1693/2309/1104 1620/2310/708
f 1620/2310/708 1693/2309/1104 1695/2311/1105 1622/2312/201
f 1622/2312/201 1695/2311/1105 1697/2313/1106 1624/2314/705
f 1624/2314/705 1697/2313/1106 1699/2315/1107 1626/2316/703
f 1626/2316/703 1699/2315/1107 1701/2317/1108 1628/2318/701
f 1628/2318/701 1701/2317/1108 1703/2319/1109 1630/2320/699
f 1630/2320/699 1703/2319/1109 1705/2321/1110 1632/2322/697
f 1632/2322/697 1705/2321/1110 1707/2323/1111 1634/2324/695
f 1634/2324/695 1707/2323/1111 1709/2325/1112 1636/2326/693
f 1636/2326/693 1709/2325/1112 1711/2327/1113 1638/2328/691
f 1638/2328/691 1711/2327/1113 1713/2329/1114 1640/2330/688
f 1640/2330/688 1713/2329/1114 1715/2331/1115 1642/2332/659
f 1642/2332/659 1715/2331/1115 1717/2290/1095 1644/2289/656
f 1647/2333/1069 1646/2334/1069 1718/2335/1071 1721/2336/1093
f 1602/2232/726 1675/2231/1068 1677/2292/1096 1604/2291/724
f 1660/2337/703 1659/2338/705 1793/2339/1116 1795/2340/1117
f 1652/2341/1069 1653/2342/1069 1732/2343/1076 1730/2344/1075
f 1667/2345/1069 1668/2346/1069 1762/2347/1091 1760/2348/1090
f 1660/2280/1069 1661/2349/1069 1748/2350/1084 1746/2281/1083
f 1653/2342/1069 1654/2351/1069 1734/2352/1077 1732/2343/1076
f 1668/2346/1069 1669/2353/1069 1764/2354/1092 1762/2347/1091
f 1661/2349/1069 1662/2355/1069 1750/2356/1085 1748/2350/1084
f 1654/2351/1069 1655/2357/1069 1736/2358/1078 1734/2352/1077
f 1646/2334/1069 1648/2359/1069 1722/2360/1070 1718/2335/1071
f 1662/2355/1069 1663/2361/1069 1752/2362/1086 1750/2356/1085
f 1655/2357/1069 1656/2363/1069 1738/2364/1079 1736/2358/1078
f 1648/2359/1069 1649/2365/1069 1724/2366/1072 1722/2360/1070
f 1601/2367/686 1599/2368/1 1720/2369/1094 1719/2370/1067
f 1663/2361/1069 1664/2371/1069 1754/2372/1087 1752/2362/1086
f 1656/2363/1069 1657/2373/1069 1740/2374/1080 1738/2364/1079
f 1649/2365/1069 1650/2375/1069 1726/2376/1073 1724/2366/1072
f 1664/2371/1069 1665/2377/1069 1756/2378/1088 1754/2372/1087
f 1657/2373/1069 1658/2379/1069 1742/2380/1081 1740/2374/1080
f 1650/2375/1069 1651/2381/1069 1728/2382/1074 1726/2376/1073
f 1665/2377/1069 1666/2383/1069 1758/2384/1089 1756/2378/1088
f 1658/2379/1069 1659/2279/1069 1744/2282/1082 1742/2380/1081
f 1651/2381/1069 1652/2341/1069 1730/2344/1075 1728/2382/1074
f 1666/2383/1069 1667/2345/1069 1760/2348/1090 1758/2384/1089
f 1603/2385/726 1601/2367/686 1719/2370/1067 1723/2386/1068
f 1669/2353/1069 1647/2333/1069 1721/2336/1093 1764/2354/1092
f 1605/2387/724 1603/2385/726 1723/2386/1068 1725/2388/1096
f 1607/2389/722 1605/2387/724 1725/2388/1096 1727/2390/1097
f 1609/2391/720 1607/2389/722 1727/2390/1097 1729/2392/1098
f 1611/2393/718 1609/2391/720 1729/2392/1098 1731/2394/1099
f 1613/2395/716 1611/2396/718 1731/2397/1099 1733/2398/1100
f 1615/2399/714 1613/2395/716 1733/2398/1100 1735/2400/1101
f 1617/2401/712 1615/2399/714 1735/2400/1101 1737/2402/1102
f 1619/2403/710 1617/2401/712 1737/2402/1102 1739/2404/1103
f 1621/2405/708 1619/2403/710 1739/2404/1103 1741/2406/1104
f 1623/2407/201 1621/2405/708 1741/2406/1104 1743/2408/1105
f 1625/2409/705 1623/2407/201 1743/2408/1105 1745/2410/1118
f 1627/2411/703 1625/2409/705 1745/2410/1118 1747/2412/1107
f 1629/2413/701 1627/2411/703 1747/2412/1107 1749/2414/1108
f 1631/2415/699 1629/2413/701 1749/2414/1108 1751/2416/1109
f 1633/2417/697 1631/2415/699 1751/2416/1109 1753/2418/1110
f 1635/2419/695 1633/2417/697 1753/2418/1110 1755/2420/1111
f 1637/2421/693 1635/2419/695 1755/2420/1111 1757/2422/1112
f 1639/2423/691 1637/2421/693 1757/2422/1112 1759/2424/1113
f 1641/2425/688 1639/2423/691 1759/2424/1113 1761/2426/1114
f 1643/2427/659 1641/2425/688 1761/2426/1114 1763/2428/1115
f 1645/2429/656 1643/2427/659 1763/2428/1115 1765/2430/1095
f 1599/2368/1 1645/2429/656 1765/2430/1095 1720/2369/1094
f 1648/2431/726 1646/2432/686 1767/2433/1119 1771/2434/1120
f 1653/2435/716 1652/2436/718 1779/2437/1121 1781/2438/1122
f 1668/2439/659 1667/2440/688 1809/2441/1123 1811/2442/1124
f 1661/2443/701 1660/2337/703 1795/2340/1117 1797/2444/1125
f 1654/2445/714 1653/2435/716 1781/2438/1122 1783/2446/1126
f 1669/2447/656 1668/2439/659 1811/2442/1124 1813/2448/1127
f 1662/2449/699 1661/2443/701 1797/2444/1125 1799/2450/1128
f 1655/2451/712 1654/2445/714 1783/2446/1126 1785/2452/1129
f 1663/2453/697 1662/2449/699 1799/2450/1128 1801/2454/1130
f 1656/2455/710 1655/2451/712 1785/2452/1129 1787/2456/1131
f 1649/2457/724 1648/2431/726 1771/2434/1120 1773/2458/1132
f 1647/2459/1 1669/2447/656 1813/2448/1127 1769/2460/1133
f 1664/2461/695 1663/2453/697 1801/2454/1130 1803/2462/1134
f 1657/2463/708 1656/2455/710 1787/2456/1131 1789/2464/1135
f 1650/2465/722 1649/2457/724 1773/2458/1132 1775/2466/1136
f 1665/2467/693 1664/2461/695 1803/2462/1134 1805/2468/1137
f 1658/2469/201 1657/2463/708 1789/2464/1135 1791/2470/1138
f 1651/2471/720 1650/2465/722 1775/2466/1136 1777/2472/1139
f 1666/2473/691 1665/2467/693 1805/2468/1137 1807/2474/1140
f 1659/2338/705 1658/2469/201 1791/2470/1138 1793/2339/1116
f 1652/2475/718 1651/2471/720 1777/2472/1139 1779/2476/1121
f 1667/2440/688 1666/2473/691 1807/2474/1140 1809/2441/1123
f 1671/2230/1067 1672/2288/1094 1673/2286/1093 1670/2236/1071
f 1675/2231/1068 1671/2230/1067 1670/2236/1071 1674/2235/1070
f 1677/2292/1096 1675/2231/1068 1674/2235/1070 1676/2238/1072
f 1679/2293/1097 1677/2292/1096 1676/2238/1072 1678/2240/1073
f 1681/2295/1098 1679/2293/1097 1678/2240/1073 1680/2242/1074
f 1683/2297/1099 1681/2295/1098 1680/2242/1074 1682/2244/1075
f 1685/2301/1100 1683/2300/1099 1682/2248/1075 1684/2247/1076
f 1687/2303/1101 1685/2301/1100 1684/2247/1076 1686/2250/1077
f 1689/2305/1102 1687/2303/1101 1686/2250/1077 1688/2252/1078
f 1691/2307/1103 1689/2305/1102 1688/2252/1078 1690/2254/1079
f 1693/2309/1104 1691/2307/1103 1690/2254/1079 1692/2256/1080
f 1695/2311/1105 1693/2309/1104 1692/2256/1080 1694/2258/1081
f 1697/2313/1106 1695/2311/1105 1694/2258/1081 1696/2260/1082
f 1699/2315/1107 1697/2313/1106 1696/2260/1082 1698/2262/1083
f 1701/2317/1108 1699/2315/1107 1698/2262/1083 1700/2264/1084
f 1703/2319/1109 1701/2317/1108 1700/2264/1084 1702/2266/1085
f 1705/2321/1110 1703/2319/1109 1702/2266/1085 1704/2268/1086
f 1707/2323/1111 1705/2321/1110 1704/2268/1086 1706/2270/1087
f 1709/2325/1112 1707/2323/1111 1706/2270/1087 1708/2272/1088
f 1711/2327/1113 1709/2325/1112 1708/2272/1088 1710/2274/1089
f 1713/2329/1114 1711/2327/1113 1710/2274/1089 1712/2276/1090
f 1715/2331/1115 1713/2329/1114 1712/2276/1090 1714/2278/1091
f 1717/2290/1095 1715/2331/1115 1714/2278/1091 1716/2284/1092
f 1672/2288/1094 1717/2290/1095 1716/2284/1092 1673/2286/1093
f 1719/2477/1067 1720/2478/1094 1721/2336/1093 1718/2335/1071
f 1723/2479/1068 1719/2477/1067 1718/2335/1071 1722/2360/1070
f 1725/2480/1096 1723/2479/1068 1722/2360/1070 1724/2366/1072
f 1727/2481/1097 1725/2480/1096 1724/2366/1072 1726/2376/1073
f 1729/2482/1098 1727/2481/1097 1726/2376/1073 1728/2382/1074
f 1731/2483/1099 1729/2482/1098 1728/2382/1074 1730/2344/1075
f 1733/2484/1100 1731/2483/1099 1730/2344/1075 1732/2343/1076
f 1735/2485/1101 1733/2484/1100 1732/2343/1076 1734/2352/1077
f 1737/2486/1102 1735/2485/1101 1734/2352/1077 1736/2358/1078
f 1739/2487/1103 1737/2486/1102 1736/2358/1078 1738/2364/1079
f 1741/2488/1104 1739/2487/1103 1738/2364/1079 1740/2374/1080
f 1743/2489/1105 1741/2488/1104 1740/2374/1080 1742/2380/1081
f 1745/2490/1118 1743/2489/1105 1742/2380/1081 1744/2282/1082
f 1747/2491/1107 1745/2490/1118 1744/2282/1082 1746/2281/1083
f 1749/2492/1108 1747/2491/1107 1746/2281/1083 1748/2350/1084
f 1751/2493/1109 1749/2492/1108 1748/2350/1084 1750/2356/1085
f 1753/2494/1110 1751/2493/1109 1750/2356/1085 1752/2362/1086
f 1755/2495/1111 1753/2494/1110 1752/2362/1086 1754/2372/1087
f 1757/2496/1112 1755/2495/1111 1754/2372/1087 1756/2378/1088
f 1759/2497/1113 1757/2496/1112 1756/2378/1088 1758/2384/1089
f 1761/2498/1114 1759/2497/1113 1758/2384/1089 1760/2348/1090
f 1763/2499/1115 1761/2498/1114 1760/2348/1090 1762/2347/1091
f 1765/2500/1095 1763/2499/1115 1762/2347/1091 1764/2354/1092
f 1720/2478/1094 1765/2500/1095 1764/2354/1092 1721/2336/1093
f 1599/2285/1069 1601/2233/1069 1670/2236/1071 1673/2286/1093
f 1767/2433/1119 1769/2460/1133 1770/2501/1141 1768/2502/1142
f 1768/2503/1142 1770/2504/1141 1815/2505/1143 1816/2506/1144
f 1771/2434/1120 1767/2433/1119 1768/2502/1142 1772/2507/1145
f 1772/2508/1145 1768/2503/1142 1816/2506/1144 1817/2509/1146
f 1773/2458/1132 1771/2434/1120 1772/2507/1145 1774/2510/1147
f 1774/2511/1147 1772/2508/1145 1817/2509/1146 1818/2512/1148
f 1775/2466/1136 1773/2458/1132 1774/2510/1147 1776/2513/1149
f 1776/2514/1149 1774/2511/1147 1818/2512/1148 1819/2515/1150
f 1777/2472/1139 1775/2466/1136 1776/2513/1149 1778/2516/1151
f 1778/2517/1151 1776/2514/1149 1819/2515/1150 1820/2518/1152
f 1779/2476/1121 1777/2472/1139 1778/2516/1151 1780/2519/1153
f 1780/2520/1153 1778/2517/1151 1820/2518/1152 1821/2521/1154
f 1781/2438/1122 1779/2437/1121 1780/2522/1153 1782/2523/1155
f 1782/2524/1155 1780/2520/1153 1821/2521/1154 1822/2525/1156
f 1783/2446/1126 1781/2438/1122 1782/2523/1155 1784/2526/1157
f 1784/2527/1157 1782/2524/1155 1822/2525/1156 1823/2528/1158
f 1785/2452/1129 1783/2446/1126 1784/2526/1157 1786/2529/1159
f 1786/2530/1159 1784/2527/1157 1823/2528/1158 1824/2531/1160
f 1787/2456/1131 1785/2452/1129 1786/2529/1159 1788/2532/1161
f 1788/2533/1161 1786/2530/1159 1824/2531/1160 1825/2534/1162
f 1789/2464/1135 1787/2456/1131 1788/2532/1161 1790/2535/1163
f 1790/2536/1163 1788/2533/1161 1825/2534/1162 1826/2537/1164
f 1791/2470/1138 1789/2464/1135 1790/2535/1163 1792/2538/1165
f 1792/2539/1165 1790/2536/1163 1826/2537/1164 1827/2540/1166
f 1793/2339/1116 1791/2470/1138 1792/2538/1165 1794/2541/1167
f 1794/2542/1167 1792/2539/1165 1827/2540/1166 1828/2543/1168
f 1795/2340/1117 1793/2339/1116 1794/2541/1167 1796/2544/1169
f 1796/2545/1169 1794/2542/1167 1828/2543/1168 1829/2546/1170
f 1797/2444/1125 1795/2340/1117 1796/2544/1169 1798/2547/1171
f 1798/2548/1171 1796/2545/1169 1829/2546/1170 1830/2549/1172
f 1799/2450/1128 1797/2444/1125 1798/2547/1171 1800/2550/1173
f 1800/2551/1173 1798/2548/1171 1830/2549/1172 1831/2552/1174
f 1801/2454/1130 1799/2450/1128 1800/2550/1173 1802/2553/1175
f 1802/2554/1175 1800/2551/1173 1831/2552/1174 1832/2555/1176
f 1803/2462/1134 1801/2454/1130 1802/2553/1175 1804/2556/1177
f 1804/2557/1177 1802/2554/1175 1832/2555/1176 1833/2558/1178
f 1805/2468/1137 1803/2462/1134 1804/2556/1177 1806/2559/1179
f 1806/2560/1179 1804/2557/1177 1833/2558/1178 1834/2561/1180
f 1807/2474/1140 1805/2468/1137 1806/2559/1179 1808/2562/1181
f 1808/2563/1181 1806/2560/1179 1834/2561/1180 1835/2564/1182
f 1809/2441/1123 1807/2474/1140 1808/2562/1181 1810/2565/1183
f 1810/2566/1183 1808/2563/1181 1835/2564/1182 1836/2567/1184
f 1811/2442/1124 1809/2441/1123 1810/2565/1183 1812/2568/1185
f 1812/2569/1185 1810/2566/1183 1836/2567/1184 1837/2570/1186
f 1813/2448/1127 1811/2442/1124 1812/2568/1185 1814/2571/1187
f 1814/2572/1187 1812/2569/1185 1837/2570/1186 1838/2573/1188
f 1769/2460/1133 1813/2448/1127 1814/2571/1187 1770/2501/1141
f 1770/2504/1141 1814/2572/1187 1838/2573/1188 1815/2505/1143
f 1646/2432/686 1647/2459/1 1769/2460/1133 1767/2433/1119
f 1766/2574/1069 1816/2506/1144 1815/2505/1143
f 1766/2574/1069 1817/2509/1146 1816/2506/1144
f 1766/2574/1069 1818/2512/1148 1817/2509/1146
f 1766/2574/1069 1819/2515/1150 1818/2512/1148
f 1766/2574/1069 1820/2518/1152 1819/2515/1150
f 1766/2574/1069 1821/2521/1154 1820/2518/1152
f 1766/2574/1069 1822/2525/1156 1821/2521/1154
f 1766/2574/1069 1823/2528/1158 1822/2525/1156
f 1766/2574/1069 1824/2531/1160 1823/2528/1158
f 1766/2574/1069 1825/2534/1162 1824/2531/1160
f 1766/2574/1069 1826/2537/1164 1825/2534/1162
f 1766/2574/1069 1827/2540/1166 1826/2537/1164
f 1766/2574/1069 1828/2543/1168 1827/2540/1166
f 1766/2574/1069 1829/2546/1170 1828/2543/1168
f 1766/2574/1069 1830/2549/1172 1829/2546/1170
f 1766/2574/1069 1831/2552/1174 1830/2549/1172
f 1766/2574/1069 1832/2555/1176 1831/2552/1174
f 1766/2574/1069 1833/2558/1178 1832/2555/1176
f 1766/2574/1069 1834/2561/1180 1833/2558/1178
f 1766/2574/1069 1835/2564/1182 1834/2561/1180
f 1766/2574/1069 1836/2567/1184 1835/2564/1182
f 1766/2574/1069 1837/2570/1186 1836/2567/1184
f 1766/2574/1069 1838/2573/1188 1837/2570/1186
f 1766/2574/1069 1815/2505/1143 1838/2573/1188
f 1841/2575/1189 1912/2576/1190 1916/2577/1191 1843/2578/1192
f 1842/2579/1193 1844/2580/1193 1915/2581/1194 1911/2582/1195
f 1844/2580/1193 1846/2583/1193 1917/2584/1196 1915/2581/1194
f 1846/2583/1193 1848/2585/1193 1919/2586/1197 1917/2584/1196
f 1848/2585/1193 1850/2587/1193 1921/2588/1198 1919/2586/1197
f 1850/2587/1193 1852/2589/1193 1923/2590/1199 1921/2588/1198
f 1852/2589/1193 1854/2591/1193 1925/2592/1200 1923/2590/1199
f 1854/2591/1193 1856/2593/1193 1927/2594/1201 1925/2592/1200
f 1856/2593/1193 1858/2595/1193 1929/2596/1202 1927/2594/1201
f 1858/2595/1193 1860/2597/1193 1931/2598/1203 1929/2596/1202
f 1860/2597/1193 1862/2599/1193 1933/2600/1204 1931/2598/1203
f 1862/2599/1193 1864/2601/1193 1935/2602/1205 1933/2600/1204
f 1864/2601/1193 1866/2603/1193 1937/2604/1206 1935/2602/1205
f 1866/2603/1193 1868/2605/1193 1939/2606/1207 1937/2604/1206
f 1868/2605/1193 1870/2607/1193 1941/2608/1208 1939/2606/1207
f 1870/2607/1193 1872/2609/1193 1943/2610/1209 1941/2608/1208
f 1872/2609/1193 1874/2611/1193 1945/2612/1210 1943/2610/1209
f 1874/2611/1193 1876/2613/1193 1947/2614/1211 1945/2612/1210
f 1876/2613/1193 1878/2615/1193 1949/2616/1212 1947/2614/1211
f 1878/2615/1193 1880/2617/1193 1951/2618/1213 1949/2616/1212
f 1880/2617/1193 1882/2619/1193 1953/2620/1214 1951/2618/1213
f 1882/2619/1193 1884/2621/1193 1955/2622/1215 1953/2620/1214
f 1900/2623/1193 1901/2624/1193 1987/2625/1207 1985/2626/1206
f 1884/2621/1193 1886/2627/1193 1957/2628/1216 1955/2622/1215
f 1886/2627/1193 1840/2629/1193 1914/2630/1217 1957/2628/1216
f 1839/2631/391 1913/2632/1218 1912/2576/1190 1841/2575/1189
f 1885/2633/1219 1958/2634/1220 1913/2635/1218 1839/2636/391
f 1845/2637/1221 1918/2638/1222 1920/2639/1223 1847/2640/1224
f 1847/2640/1224 1920/2639/1223 1922/2641/1225 1849/2642/1226
f 1849/2642/1226 1922/2641/1225 1924/2643/1227 1851/2644/1228
f 1851/2644/1228 1924/2643/1227 1926/2645/1229 1853/2646/1230
f 1853/2646/1230 1926/2645/1229 1928/2647/1231 1855/2648/1232
f 1855/2648/1232 1928/2647/1231 1930/2649/1233 1857/2650/1234
f 1857/2650/1234 1930/2649/1233 1932/2651/1235 1859/2652/1236
f 1859/2652/1236 1932/2651/1235 1934/2653/1237 1861/2654/1238
f 1861/2654/1238 1934/2653/1237 1936/2655/1239 1863/2656/392
f 1863/2656/392 1936/2655/1239 1938/2657/1240 1865/2658/1241
f 1865/2658/1241 1938/2657/1240 1940/2659/1242 1867/2660/1243
f 1867/2660/1243 1940/2659/1242 1942/2661/1244 1869/2662/1245
f 1869/2662/1245 1942/2661/1244 1944/2663/1246 1871/2664/1247
f 1871/2664/1247 1944/2663/1246 1946/2665/1248 1873/2666/1249
f 1873/2666/1249 1946/2665/1248 1948/2667/1250 1875/2668/1251
f 1875/2668/1251 1948/2667/1250 1950/2669/1252 1877/2670/1253
f 1877/2670/1253 1950/2669/1252 1952/2671/1254 1879/2672/1255
f 1879/2672/1255 1952/2671/1254 1954/2673/1256 1881/2674/1257
f 1881/2674/1257 1954/2673/1256 1956/2675/1258 1883/2676/1259
f 1883/2676/1259 1956/2675/1258 1958/2634/1220 1885/2633/1219
f 1888/2677/1193 1887/2678/1193 1959/2679/1195 1962/2680/1217
f 1843/2578/1192 1916/2577/1191 1918/2638/1222 1845/2637/1221
f 1901/2681/1243 1900/2682/1241 2034/2683/1260 2036/2684/1261
f 1893/2685/1193 1894/2686/1193 1973/2687/1200 1971/2688/1199
f 1908/2689/1193 1909/2690/1193 2003/2691/1215 2001/2692/1214
f 1901/2624/1193 1902/2693/1193 1989/2694/1208 1987/2625/1207
f 1894/2686/1193 1895/2695/1193 1975/2696/1262 1973/2687/1200
f 1909/2690/1193 1910/2697/1193 2005/2698/1216 2003/2691/1215
f 1902/2693/1193 1903/2699/1193 1991/2700/1209 1989/2694/1208
f 1895/2695/1193 1896/2701/1193 1977/2702/1202 1975/2696/1262
f 1887/2678/1193 1889/2703/1193 1963/2704/1194 1959/2679/1195
f 1903/2699/1193 1904/2705/1193 1993/2706/1210 1991/2700/1209
f 1896/2701/1193 1897/2707/1193 1979/2708/1203 1977/2702/1202
f 1889/2703/1193 1890/2709/1193 1965/2710/1196 1963/2704/1194
f 1842/2711/1189 1840/2712/391 1961/2713/1218 1960/2714/1190
f 1904/2705/1193 1905/2715/1193 1995/2716/1211 1993/2706/1210
f 1897/2707/1193 1898/2717/1193 1981/2718/1204 1979/2708/1203
f 1890/2709/1193 1891/2719/1193 1967/2720/1197 1965/2710/1196
f 1905/2715/1193 1906/2721/1193 1997/2722/1212 1995/2716/1211
f 1898/2717/1193 1899/2723/1193 1983/2724/1205 1981/2718/1204
f 1891/2719/1193 1892/2725/1193 1969/2726/1198 1967/2720/1197
f 1906/2721/1193 1907/2727/1193 1999/2728/1213 1997/2722/1212
f 1899/2723/1193 1900/2623/1193 1985/2626/1206 1983/2724/1205
f 1892/2725/1193 1893/2685/1193 1971/2688/1199 1969/2726/1198
f 1907/2727/1193 1908/2689/1193 2001/2692/1214 1999/2728/1213
f 1844/2729/1192 1842/2711/1189 1960/2714/1190 1964/2730/1191
f 1910/2697/1193 1888/2677/1193 1962/2680/1217 2005/2698/1216
f 1846/2731/1221 1844/2729/1192 1964/2730/1191 1966/2732/1222
f 1848/2733/1224 1846/2731/1221 1966/2732/1222 1968/2734/1223
f 1850/2735/1226 1848/2733/1224 1968/2734/1223 1970/2736/1225
f 1852/2737/1228 1850/2735/1226 1970/2736/1225 1972/2738/1263
f 1854/2739/1230 1852/2737/1228 1972/2738/1263 1974/2740/1229
f 1856/2741/1232 1854/2739/1230 1974/2740/1229 1976/2742/1231
f 1858/2743/1234 1856/2741/1232 1976/2742/1231 1978/2744/1233
f 1860/2745/1236 1858/2743/1234 1978/2744/1233 1980/2746/1235
f 1862/2747/1238 1860/2745/1236 1980/2746/1235 1982/2748/1237
f 1864/2749/392 1862/2747/1238 1982/2748/1237 1984/2750/1239
f 1866/2751/1241 1864/2749/392 1984/2750/1239 1986/2752/1240
f 1868/2753/1243 1866/2751/1241 1986/2752/1240 1988/2754/1242
f 1870/2755/1245 1868/2753/1243 1988/2754/1242 1990/2756/1244
f 1872/2757/1247 1870/2755/1245 1990/2756/1244 1992/2758/1246
f 1874/2759/1249 1872/2757/1247 1992/2758/1246 1994/2760/1248
f 1876/2761/1251 1874/2759/1249 1994/2760/1248 1996/2762/1250
f 1878/2763/1253 1876/2761/1251 1996/2762/1250 1998/2764/1252
f 1880/2765/1255 1878/2763/1253 1998/2764/1252 2000/2766/1254
f 1882/2767/1257 1880/2765/1255 2000/2766/1254 2002/2768/1256
f 1884/2769/1259 1882/2767/1257 2002/2768/1256 2004/2770/1258
f 1886/2771/1219 1884/2769/1259 2004/2770/1258 2006/2772/1264
f 1840/2773/391 1886/2771/1219 2006/2772/1264 1961/2774/1218
f 1889/2775/1192 1887/2776/1189 2008/2777/1265 2012/2778/1266
f 1894/2779/1230 1893/2780/1228 2020/2781/1267 2022/2782/1268
f 1909/2783/1259 1908/2784/1257 2050/2785/1269 2052/2786/1270
f 1902/2787/1245 1901/2681/1243 2036/2684/1261 2038/2788/1271
f 1895/2789/1232 1894/2779/1230 2022/2782/1268 2024/2790/1272
f 1910/2791/1219 1909/2783/1259 2052/2786/1270 2054/2792/1273
f 1903/2793/1247 1902/2787/1245 2038/2788/1271 2040/2794/1274
f 1896/2795/1234 1895/2789/1232 2024/2790/1272 2026/2796/1275
f 1904/2797/1249 1903/2793/1247 2040/2794/1274 2042/2798/1276
f 1897/2799/1236 1896/2795/1234 2026/2796/1275 2028/2800/1277
f 1890/2801/1221 1889/2775/1192 2012/2778/1266 2014/2802/1278
f 1888/2803/391 1910/2791/1219 2054/2792/1273 2010/2804/1279
f 1905/2805/1251 1904/2797/1249 2042/2798/1276 2044/2806/1280
f 1898/2807/1238 1897/2799/1236 2028/2800/1277 2030/2808/1281
f 1891/2809/1224 1890/2801/1221 2014/2802/1278 2016/2810/1282
f 1906/2811/1253 1905/2805/1251 2044/2806/1280 2046/2812/1283
f 1899/2813/392 1898/2807/1238 2030/2808/1281 2032/2814/1284
f 1892/2815/1226 1891/2809/1224 2016/2810/1282 2018/2816/1285
f 1907/2817/1255 1906/2811/1253 2046/2812/1283 2048/2818/1286
f 1900/2682/1241 1899/2813/392 2032/2814/1284 2034/2683/1260
f 1893/2780/1228 1892/2815/1226 2018/2816/1285 2020/2781/1267
f 1908/2784/1257 1907/2817/1255 2048/2818/1286 2050/2785/1269
f 1912/2576/1190 1913/2632/1218 1914/2819/1217 1911/2582/1195
f 1916/2577/1191 1912/2576/1190 1911/2582/1195 1915/2581/1194
f 1918/2638/1222 1916/2577/1191 1915/2581/1194 1917/2584/1196
f 1920/2639/1223 1918/2638/1222 1917/2584/1196 1919/2586/1197
f 1922/2641/1225 1920/2639/1223 1919/2586/1197 1921/2588/1198
f 1924/2643/1227 1922/2641/1225 1921/2588/1198 1923/2590/1199
f 1926/2645/1229 1924/2643/1227 1923/2590/1199 1925/2592/1200
f 1928/2647/1231 1926/2645/1229 1925/2592/1200 1927/2594/1201
f 1930/2649/1233 1928/2647/1231 1927/2594/1201 1929/2596/1202
f 1932/2651/1235 1930/2649/1233 1929/2596/1202 1931/2598/1203
f 1934/2653/1237 1932/2651/1235 1931/2598/1203 1933/2600/1204
f 1936/2655/1239 1934/2653/1237 1933/2600/1204 1935/2602/1205
f 1938/2657/1240 1936/2655/1239 1935/2602/1205 1937/2604/1206
f 1940/2659/1242 1938/2657/1240 1937/2604/1206 1939/2606/1207
f 1942/2661/1244 1940/2659/1242 1939/2606/1207 1941/2608/1208
f 1944/2663/1246 1942/2661/1244 1941/2608/1208 1943/2610/1209
f 1946/2665/1248 1944/2663/1246 1943/2610/1209 1945/2612/1210
f 1948/2667/1250 1946/2665/1248 1945/2612/1210 1947/2614/1211
f 1950/2669/1252 1948/2667/1250 1947/2614/1211 1949/2616/1212
f 1952/2671/1254 1950/2669/1252 1949/2616/1212 1951/2618/1213
f 1954/2673/1256 1952/2671/1254 1951/2618/1213 1953/2620/1214
f 1956/2675/1258 1954/2673/1256 1953/2620/1214 1955/2622/1215
f 1958/2634/1220 1956/2675/1258 1955/2622/1215 1957/2628/1216
f 1913/2635/1218 1958/2634/1220 1957/2628/1216 1914/2630/1217
f 1960/2820/1190 1961/2821/1218 1962/2680/1217 1959/2679/1195
f 1964/2822/1191 1960/2820/1190 1959/2679/1195 1963/2704/1194
f 1966/2823/1222 1964/2822/1191 1963/2704/1194 1965/2710/1196
f 1968/2824/1223 1966/2823/1222 1965/2710/1196 1967/2720/1197
f 1970/2825/1225 1968/2824/1223 1967/2720/1197 1969/2726/1198
f 1972/2826/1263 1970/2825/1225 1969/2726/1198 1971/2688/1199
f 1974/2827/1229 1972/2826/1263 1971/2688/1199 1973/2687/1200
f 1976/2828/1231 1974/2827/1229 1973/2687/1200 1975/2696/1262
f 1978/2829/1233 1976/2828/1231 1975/2696/1262 1977/2702/1202
f 1980/2830/1235 1978/2829/1233 1977/2702/1202 1979/2708/1203
f 1982/2831/1237 1980/2830/1235 1979/2708/1203 1981/2718/1204
f 1984/2832/1239 1982/2831/1237 1981/2718/1204 1983/2724/1205
f 1986/2833/1240 1984/2832/1239 1983/2724/1205 1985/2626/1206
f 1988/2834/1242 1986/2833/1240 1985/2626/1206 1987/2625/1207
f 1990/2835/1244 1988/2834/1242 1987/2625/1207 1989/2694/1208
f 1992/2836/1246 1990/2835/1244 1989/2694/1208 1991/2700/1209
f 1994/2837/1248 1992/2836/1246 1991/2700/1209 1993/2706/1210
f 1996/2838/1250 1994/2837/1248 1993/2706/1210 1995/2716/1211
f 1998/2839/1252 1996/2838/1250 1995/2716/1211 1997/2722/1212
f 2000/2840/1254 1998/2839/1252 1997/2722/1212 1999/2728/1213
f 2002/2841/1256 2000/2840/1254 1999/2728/1213 2001/2692/1214
f 2004/2842/1258 2002/2841/1256 2001/2692/1214 2003/2691/1215
f 2006/2843/1264 2004/2842/1258 2003/2691/1215 2005/2698/1216
f 1961/2821/1218 2006/2843/1264 2005/2698/1216 1962/2680/1217
f 1840/2844/1193 1842/2579/1193 1911/2582/1195 1914/2819/1217
f 2008/2777/1265 2010/2845/1279 2011/2846/1287 2009/2847/1288
f 2009/2848/1288 2011/2849/1287 2056/2850/1289 2057/2851/1290
f 2012/2778/1266 2008/2777/1265 2009/2847/1288 2013/2852/1291
f 2013/2853/1291 2009/2848/1288 2057/2851/1290 2058/2854/1292
f 2014/2802/1278 2012/2778/1266 2013/2852/1291 2015/2855/1293
f 2015/2856/1293 2013/2853/1291 2058/2854/1292 2059/2857/1294
f 2016/2810/1282 2014/2802/1278 2015/2855/1293 2017/2858/1295
f 2017/2859/1295 2015/2856/1293 2059/2857/1294 2060/2860/1296
f 2018/2816/1285 2016/2810/1282 2017/2858/1295 2019/2861/1297
f 2019/2862/1297 2017/2859/1295 2060/2860/1296 2061/2863/1298
f 2020/2781/1267 2018/2816/1285 2019/2861/1297 2021/2864/1299
f 2021/2865/1299 2019/2862/1297 2061/2863/1298 2062/2866/1300
f 2022/2782/1268 2020/2781/1267 2021/2864/1299 2023/2867/1301
f 2023/2868/1301 2021/2865/1299 2062/2866/1300 2063/2869/1302
f 2024/2790/1272 2022/2782/1268 2023/2867/1301 2025/2870/1303
f 2025/2871/1303 2023/2868/1301 2063/2869/1302 2064/2872/1304
f 2026/2796/1275 2024/2790/1272 2025/2870/1303 2027/2873/1305
f 2027/2874/1305 2025/2871/1303 2064/2872/1304 2065/2875/1306
f 2028/2800/1277 2026/2796/1275 2027/2873/1305 2029/2876/1307
f 2029/2877/1307 2027/2874/1305 2065/2875/1306 2066/2878/1308
f 2030/2808/1281 2028/2800/1277 2029/2876/1307 2031/2879/1309
f 2031/2880/1309 2029/2877/1307 2066/2878/1308 2067/2881/1310
f 2032/2814/1284 2030/2808/1281 2031/2879/1309 2033/2882/1311
f 2033/2883/1311 2031/2880/1309 2067/2881/1310 2068/2884/1312
f 2034/2683/1260 2032/2814/1284 2033/2882/1311 2035/2885/1313
f 2035/2886/1313 2033/2883/1311 2068/2884/1312 2069/2887/1314
f 2036/2684/1261 2034/2683/1260 2035/2885/1313 2037/2888/1315
f 2037/2889/1315 2035/2886/1313 2069/2887/1314 2070/2890/1316
f 2038/2788/1271 2036/2684/1261 2037/2888/1315 2039/2891/1317
f 2039/2892/1317 2037/2889/1315 2070/2890/1316 2071/2893/1318
f 2040/2794/1274 2038/2788/1271 2039/2891/1317 2041/2894/1319
f 2041/2895/1319 2039/2892/1317 2071/2893/1318 2072/2896/1320
f 2042/2798/1276 2040/2794/1274 2041/2894/1319 2043/2897/1321
f 2043/2898/1321 2041/2895/1319 2072/2896/1320 2073/2899/1322
f 2044/2806/1280 2042/2798/1276 2043/2897/1321 2045/2900/1323
f 2045/2901/1323 2043/2898/1321 2073/2899/1322 2074/2902/1324
f 2046/2812/1283 2044/2806/1280 2045/2900/1323 2047/2903/1325
f 2047/2904/1325 2045/2901/1323 2074/2902/1324 2075/2905/1326
f 2048/2818/1286 2046/2812/1283 2047/2903/1325 2049/2906/1327
f 2049/2907/1327 2047/2904/1325 2075/2905/1326 2076/2908/1328
f 2050/2785/1269 2048/2818/1286 2049/2906/1327 2051/2909/1329
f 2051/2910/1329 2049/2907/1327 2076/2908/1328 2077/2911/1330
f 2052/2786/1270 2050/2785/1269 2051/2909/1329 2053/2912/1331
f 2053/2913/1331 2051/2910/1329 2077/2911/1330 2078/2914/1332
f 2054/2792/1273 2052/2786/1270 2053/2912/1331 2055/2915/1333
f 2055/2916/1333 2053/2913/1331 2078/2914/1332 2079/2917/1334
f 2010/2804/1279 2054/2792/1273 2055/2915/1333 2011/2918/1287
f 2011/2849/1287 2055/2916/1333 2079/2917/1334 2056/2850/1289
f 1887/2776/1189 1888/2919/391 2010/2845/1279 2008/2777/1265
f 2007/2920/1193 2057/2851/1290 2056/2850/1289
f 2007/2920/1193 2058/2854/1292 2057/2851/1290
f 2007/2920/1193 2059/2857/1294 2058/2854/1292
f 2007/2920/1193 2060/2860/1296 2059/2857/1294
f 2007/2920/1193 2061/2863/1298 2060/2860/1296
f 2007/2920/1193 2062/2866/1300 2061/2863/1298
f 2007/2920/1193 2063/2869/1302 2062/2866/1300
f 2007/2920/1193 2064/2872/1304 2063/2869/1302
f 2007/2920/1193 2065/2875/1306 2064/2872/1304
f 2007/2920/1193 2066/2878/1308 2065/2875/1306
f 2007/2920/1193 2067/2881/1310 2066/2878/1308
f 2007/2920/1193 2068/2884/1312 2067/2881/1310
f 2007/2920/1193 2069/2887/1314 2068/2884/1312
f 2007/2920/1193 2070/2890/1316 2069/2887/1314
f 2007/2920/1193 2071/2893/1318 2070/2890/1316
f 2007/2920/1193 2072/2896/1320 2071/2893/1318
f 2007/2920/1193 2073/2899/1322 2072/2896/1320
f 2007/2920/1193 2074/2902/1324 2073/2899/1322
f 2007/2920/1193 2075/2905/1326 2074/2902/1324
f 2007/2920/1193 2076/2908/1328 2075/2905/1326
f 2007/2920/1193 2077/2911/1330 2076/2908/1328
f 2007/2920/1193 2078/2914/1332 2077/2911/1330
f 2007/2920/1193 2079/2917/1334 2078/2914/1332
f 2007/2920/1193 2056/2850/1289 2079/2917/1334
f 2082/2921/1335 2084/2922/1336 2157/2923/1337 2153/2924/1338
f 2083/2925/1339 2152/2926/1340 2156/2927/1341 2085/2928/1339
f 2085/2928/1339 2156/2927/1341 2158/2929/1342 2087/2930/1339
f 2087/2930/1339 2158/2929/1342 2160/2931/1343 2089/2932/1339
f 2089/2932/1339 2160/2931/1343 2162/2933/1344 2091/2934/1339
f 2091/2934/1339 2162/2933/1344 2164/2935/1345 2093/2936/1339
f 2093/2936/1339 2164/2935/1345 2166/2937/1346 2095/2938/1339
f 2095/2938/1339 2166/2937/1346 2168/2939/1347 2097/2940/1339
f 2097/2940/1339 2168/2939/1347 2170/2941/1348 2099/2942/1339
f 2099/2942/1339 2170/2941/1348 2172/2943/1349 2101/2944/1339
f 2101/2944/1339 2172/2943/1349 2174/2945/1350 2103/2946/1339
f 2103/2946/1339 2174/2945/1350 2176/2947/1351 2105/2948/1339
f 2105/2948/1339 2176/2947/1351 2178/2949/1352 2107/2950/1339
f 2107/2950/1339 2178/2949/1352 2180/2951/1353 2109/2952/1339
f 2109/2952/1339 2180/2951/1353 2182/2953/1354 2111/2954/1339
f 2111/2954/1339 2182/2953/1354 2184/2955/1355 2113/2956/1339
f 2113/2956/1339 2184/2955/1355 2186/2957/1356 2115/2958/1339
f 2115/2958/1339 2186/2957/1356 2188/2959/1357 2117/2960/1339
f 2117/2960/1339 2188/2959/1357 2190/2961/1358 2119/2962/1339
f 2119/2962/1339 2190/2961/1358 2192/2963/1359 2121/2964/1339
f 2121/2964/1339 2192/2963/1359 2194/2965/1360 2123/2966/1339
f 2123/2966/1339 2194/2965/1360 2196/2967/1361 2125/2968/1339
f 2141/2969/1339 2226/2970/1352 2228/2971/1353 2142/2972/1339
f 2125/2968/1339 2196/2967/1361 2198/2973/1362 2127/2974/1339
f 2127/2974/1339 2198/2973/1362 2155/2975/1363 2081/2976/1339
f 2080/2977/391 2082/2921/1335 2153/2924/1338 2154/2978/1364
f 2126/2979/1365 2080/2980/391 2154/2981/1364 2199/2982/1366
f 2086/2983/1367 2088/2984/1368 2161/2985/1369 2159/2986/1370
f 2088/2984/1368 2090/2987/1371 2163/2988/1372 2161/2985/1369
f 2090/2987/1371 2092/2989/1373 2165/2990/1374 2163/2988/1372
f 2092/2989/1373 2094/2991/1375 2167/2992/1376 2165/2990/1374
f 2094/2991/1375 2096/2993/1377 2169/2994/1378 2167/2992/1376
f 2096/2993/1377 2098/2995/1379 2171/2996/1380 2169/2994/1378
f 2098/2995/1379 2100/2997/1381 2173/2998/1382 2171/2996/1380
f 2100/2997/1381 2102/2999/1383 2175/3000/1384 2173/2998/1382
f 2102/2999/1383 2104/3001/392 2177/3002/1385 2175/3000/1384
f 2104/3001/392 2106/3003/1386 2179/3004/1387 2177/3002/1385
f 2106/3003/1386 2108/3005/1388 2181/3006/1389 2179/3004/1387
f 2108/3005/1388 2110/3007/1390 2183/3008/1391 2181/3006/1389
f 2110/3007/1390 2112/3009/1392 2185/3010/1393 2183/3008/1391
f 2112/3009/1392 2114/3011/1394 2187/3012/1395 2185/3010/1393
f 2114/3011/1394 2116/3013/1396 2189/3014/1397 2187/3012/1395
f 2116/3013/1396 2118/3015/1398 2191/3016/1399 2189/3014/1397
f 2118/3015/1398 2120/3017/1400 2193/3018/1401 2191/3016/1399
f 2120/3017/1400 2122/3019/1402 2195/3020/1403 2193/3018/1401
f 2122/3019/1402 2124/3021/1404 2197/3022/1405 2195/3020/1403
f 2124/3021/1404 2126/2979/1365 2199/2982/1366 2197/3022/1405
f 2129/3023/1339 2203/3024/1363 2200/3025/1340 2128/3026/1339
f 2084/2922/1336 2086/2983/1367 2159/2986/1370 2157/2923/1337
f 2142/3027/1388 2277/3028/1406 2275/3029/1407 2141/3030/1386
f 2134/3031/1339 2212/3032/1345 2214/3033/1346 2135/3034/1339
f 2149/3035/1339 2242/3036/1360 2244/3037/1361 2150/3038/1339
f 2142/2972/1339 2228/2971/1353 2230/3039/1354 2143/3040/1339
f 2135/3034/1339 2214/3033/1346 2216/3041/1408 2136/3042/1339
f 2150/3038/1339 2244/3037/1361 2246/3043/1362 2151/3044/1339
f 2143/3040/1339 2230/3039/1354 2232/3045/1355 2144/3046/1339
f 2136/3042/1339 2216/3041/1408 2218/3047/1348 2137/3048/1339
f 2128/3026/1339 2200/3025/1340 2204/3049/1341 2130/3050/1339
f 2144/3046/1339 2232/3045/1355 2234/3051/1356 2145/3052/1339
f 2137/3048/1339 2218/3047/1348 2220/3053/1349 2138/3054/1339
f 2130/3050/1339 2204/3049/1341 2206/3055/1342 2131/3056/1339
f 2083/3057/1335 2201/3058/1338 2202/3059/1364 2081/3060/391
f 2145/3052/1339 2234/3051/1356 2236/3061/1357 2146/3062/1339
f 2138/3054/1339 2220/3053/1349 2222/3063/1350 2139/3064/1339
f 2131/3056/1339 2206/3055/1342 2208/3065/1343 2132/3066/1339
f 2146/3062/1339 2236/3061/1357 2238/3067/1358 2147/3068/1339
f 2139/3064/1339 2222/3063/1350 2224/3069/1351 2140/3070/1339
f 2132/3066/1339 2208/3065/1343 2210/3071/1344 2133/3072/1339
f 2147/3068/1339 2238/3067/1358 2240/3073/1359 2148/3074/1339
f 2140/3070/1339 2224/3069/1351 2226/2970/1352 2141/2969/1339
f 2133/3072/1339 2210/3071/1344 2212/3032/1345 2134/3031/1339
f 2148/3074/1339 2240/3073/1359 2242/3036/1360 2149/3035/1339
f 2085/3075/1336 2205/3076/1337 2201/3058/1338 2083/3057/1335
f 2151/3044/1339 2246/3043/1362 2203/3024/1363 2129/3023/1339
f 2087/3077/1367 2207/3078/1370 2205/3076/1337 2085/3075/1336
f 2089/3079/1368 2209/3080/1369 2207/3078/1370 2087/3077/1367
f 2091/3081/1371 2211/3082/1372 2209/3080/1369 2089/3079/1368
f 2093/3083/1373 2213/3084/1409 2211/3082/1372 2091/3081/1371
f 2095/3085/1375 2215/3086/1376 2213/3084/1409 2093/3083/1373
f 2097/3087/1377 2217/3088/1378 2215/3086/1376 2095/3085/1375
f 2099/3089/1379 2219/3090/1380 2217/3088/1378 2097/3087/1377
f 2101/3091/1381 2221/3092/1382 2219/3090/1380 2099/3089/1379
f 2103/3093/1383 2223/3094/1384 2221/3092/1382 2101/3091/1381
f 2105/3095/392 2225/3096/1385 2223/3094/1384 2103/3093/1383
f 2107/3097/1386 2227/3098/1387 2225/3096/1385 2105/3095/392
f 2109/3099/1388 2229/3100/1389 2227/3098/1387 2107/3097/1386
f 2111/3101/1390 2231/3102/1391 2229/3100/1389 2109/3099/1388
f 2113/3103/1392 2233/3104/1393 2231/3102/1391 2111/3101/1390
f 2115/3105/1394 2235/3106/1395 2233/3104/1393 2113/3103/1392
f 2117/3107/1396 2237/3108/1397 2235/3106/1395 2115/3105/1394
f 2119/3109/1398 2239/3110/1399 2237/3108/1397 2117/3107/1396
f 2121/3111/1400 2241/3112/1401 2239/3110/1399 2119/3109/1398
f 2123/3113/1402 2243/3114/1403 2241/3112/1401 2121/3111/1400
f 2125/3115/1404 2245/3116/1405 2243/3114/1403 2123/3113/1402
f 2127/3117/1365 2247/3118/1410 2245/3116/1405 2125/3115/1404
f 2081/3119/391 2202/3120/1364 2247/3118/1410 2127/3117/1365
f 2130/3121/1336 2253/3122/1411 2249/3123/1412 2128/3124/1335
f 2135/3125/1375 2263/3126/1413 2261/3127/1414 2134/3128/1373
f 2150/3129/1404 2293/3130/1415 2291/3131/1416 2149/3132/1402
f 2143/3133/1390 2279/3134/1417 2277/3028/1406 2142/3027/1388
f 2136/3135/1377 2265/3136/1418 2263/3126/1413 2135/3125/1375
f 2151/3137/1365 2295/3138/1419 2293/3130/1415 2150/3129/1404
f 2144/3139/1392 2281/3140/1420 2279/3134/1417 2143/3133/1390
f 2137/3141/1379 2267/3142/1421 2265/3136/1418 2136/3135/1377
f 2145/3143/1394 2283/3144/1422 2281/3140/1420 2144/3139/1392
f 2138/3145/1381 2269/3146/1423 2267/3142/1421 2137/3141/1379
f 2131/3147/1367 2255/3148/1424 2253/3122/1411 2130/3121/1336
f 2129/3149/391 2251/3150/1425 2295/3138/1419 2151/3137/1365
f 2146/3151/1396 2285/3152/1426 2283/3144/1422 2145/3143/1394
f 2139/3153/1383 2271/3154/1427 2269/3146/1423 2138/3145/1381
f 2132/3155/1368 2257/3156/1428 2255/3148/1424 2131/3147/1367
f 2147/3157/1398 2287/3158/1429 2285/3152/1426 2146/3151/1396
f 2140/3159/392 2273/3160/1430 2271/3154/1427 2139/3153/1383
f 2133/3161/1371 2259/3162/1431 2257/3156/1428 2132/3155/1368
f 2148/3163/1400 2289/3164/1432 2287/3158/1429 2147/3157/1398
f 2141/3030/1386 2275/3029/1407 2273/3160/1430 2140/3159/392
f 2134/3128/1373 2261/3127/1414 2259/3162/1431 2133/3161/1371
f 2149/3132/1402 2291/3131/1416 2289/3164/1432 2148/3163/1400
f 2153/2924/1338 2152/2926/1340 2155/3165/1363 2154/2978/1364
f 2157/2923/1337 2156/2927/1341 2152/2926/1340 2153/2924/1338
f 2159/2986/1370 2158/2929/1342 2156/2927/1341 2157/2923/1337
f 2161/2985/1369 2160/2931/1343 2158/2929/1342 2159/2986/1370
f 2163/2988/1372 2162/2933/1344 2160/2931/1343 2161/2985/1369
f 2165/2990/1374 2164/2935/1345 2162/2933/1344 2163/2988/1372
f 2167/2992/1376 2166/2937/1346 2164/2935/1345 2165/2990/1374
f 2169/2994/1378 2168/2939/1347 2166/2937/1346 2167/2992/1376
f 2171/2996/1380 2170/2941/1348 2168/2939/1347 2169/2994/1378
f 2173/2998/1382 2172/2943/1349 2170/2941/1348 2171/2996/1380
f 2175/3000/1384 2174/2945/1350 2172/2943/1349 2173/2998/1382
f 2177/3002/1385 2176/2947/1351 2174/2945/1350 2175/3000/1384
f 2179/3004/1387 2178/2949/1352 2176/2947/1351 2177/3002/1385
f 2181/3006/1389 2180/2951/1353 2178/2949/1352 2179/3004/1387
f 2183/3008/1391 2182/2953/1354 2180/2951/1353 2181/3006/1389
f 2185/3010/1393 2184/2955/1355 2182/2953/1354 2183/3008/1391
f 2187/3012/1395 2186/2957/1356 2184/2955/1355 2185/3010/1393
f 2189/3014/1397 2188/2959/1357 2186/2957/1356 2187/3012/1395
f 2191/3016/1399 2190/2961/1358 2188/2959/1357 2189/3014/1397
f 2193/3018/1401 2192/2963/1359 2190/2961/1358 2191/3016/1399
f 2195/3020/1403 2194/2965/1360 2192/2963/1359 2193/3018/1401
f 2197/3022/1405 2196/2967/1361 2194/2965/1360 2195/3020/1403
f 2199/2982/1366 2198/2973/1362 2196/2967/1361 2197/3022/1405
f 2154/2981/1364 2155/2975/1363 2198/2973/1362 2199/2982/1366
f 2201/3166/1338 2200/3025/1340 2203/3024/1363 2202/3167/1364
f 2205/3168/1337 2204/3049/1341 2200/3025/1340 2201/3166/1338
f 2207/3169/1370 2206/3055/1342 2204/3049/1341 2205/3168/1337
f 2209/3170/1369 2208/3065/1343 2206/3055/1342 2207/3169/1370
f 2211/3171/1372 2210/3071/1344 2208/3065/1343 2209/3170/1369
f 2213/3172/1409 2212/3032/1345 2210/3071/1344 2211/3171/1372
f 2215/3173/1376 2214/3033/1346 2212/3032/1345 2213/3172/1409
f 2217/3174/1378 2216/3041/1408 2214/3033/1346 2215/3173/1376
f 2219/3175/1380 2218/3047/1348 2216/3041/1408 2217/3174/1378
f 2221/3176/1382 2220/3053/1349 2218/3047/1348 2219/3175/1380
f 2223/3177/1384 2222/3063/1350 2220/3053/1349 2221/3176/1382
f 2225/3178/1385 2224/3069/1351 2222/3063/1350 2223/3177/1384
f 2227/3179/1387 2226/2970/1352 2224/3069/1351 2225/3178/1385
f 2229/3180/1389 2228/2971/1353 2226/2970/1352 2227/3179/1387
f 2231/3181/1391 2230/3039/1354 2228/2971/1353 2229/3180/1389
f 2233/3182/1393 2232/3045/1355 2230/3039/1354 2231/3181/1391
f 2235/3183/1395 2234/3051/1356 2232/3045/1355 2233/3182/1393
f 2237/3184/1397 2236/3061/1357 2234/3051/1356 2235/3183/1395
f 2239/3185/1399 2238/3067/1358 2236/3061/1357 2237/3184/1397
f 2241/3186/1401 2240/3073/1359 2238/3067/1358 2239/3185/1399
f 2243/3187/1403 2242/3036/1360 2240/3073/1359 2241/3186/1401
f 2245/3188/1405 2244/3037/1361 2242/3036/1360 2243/3187/1403
f 2247/3189/1410 2246/3043/1362 2244/3037/1361 2245/3188/1405
f 2202/3167/1364 2203/3024/1363 2246/3043/1362 2247/3189/1410
f 2081/3190/1339 2155/3165/1363 2152/2926/1340 2083/2925/1339
f 2249/3123/1412 2250/3191/1433 2252/3192/1434 2251/3193/1425
f 2250/3194/1433 2298/3195/1435 2297/3196/1436 2252/3197/1434
f 2253/3122/1411 2254/3198/1437 2250/3191/1433 2249/3123/1412
f 2254/3199/1437 2299/3200/1438 2298/3195/1435 2250/3194/1433
f 2255/3148/1424 2256/3201/1439 2254/3198/1437 2253/3122/1411
f 2256/3202/1439 2300/3203/1440 2299/3200/1438 2254/3199/1437
f 2257/3156/1428 2258/3204/1441 2256/3201/1439 2255/3148/1424
f 2258/3205/1441 2301/3206/1442 2300/3203/1440 2256/3202/1439
f 2259/3162/1431 2260/3207/1443 2258/3204/1441 2257/3156/1428
f 2260/3208/1443 2302/3209/1444 2301/3206/1442 2258/3205/1441
f 2261/3127/1414 2262/3210/1445 2260/3207/1443 2259/3162/1431
f 2262/3211/1445 2303/3212/1446 2302/3209/1444 2260/3208/1443
f 2263/3126/1413 2264/3213/1447 2262/3210/1445 2261/3127/1414
f 2264/3214/1447 2304/3215/1448 2303/3212/1446 2262/3211/1445
f 2265/3136/1418 2266/3216/1449 2264/3213/1447 2263/3126/1413
f 2266/3217/1449 2305/3218/1450 2304/3215/1448 2264/3214/1447
f 2267/3142/1421 2268/3219/1451 2266/3216/1449 2265/3136/1418
f 2268/3220/1451 2306/3221/1452 2305/3218/1450 2266/3217/1449
f 2269/3146/1423 2270/3222/1453 2268/3219/1451 2267/3142/1421
f 2270/3223/1453 2307/3224/1454 2306/3221/1452 2268/3220/1451
f 2271/3154/1427 2272/3225/1455 2270/3222/1453 2269/3146/1423
f 2272/3226/1455 2308/3227/1456 2307/3224/1454 2270/3223/1453
f 2273/3160/1430 2274/3228/1457 2272/3225/1455 2271/3154/1427
f 2274/3229/1457 2309/3230/1458 2308/3227/1456 2272/3226/1455
f 2275/3029/1407 2276/3231/1459 2274/3228/1457 2273/3160/1430
f 2276/3232/1459 2310/3233/1460 2309/3230/1458 2274/3229/1457
f 2277/3028/1406 2278/3234/1461 2276/3231/1459 2275/3029/1407
f 2278/3235/1461 2311/3236/1462 2310/3233/1460 2276/3232/1459
f 2279/3134/1417 2280/3237/1463 2278/3234/1461 2277/3028/1406
f 2280/3238/1463 2312/3239/1464 2311/3236/1462 2278/3235/1461
f 2281/3140/1420 2282/3240/1465 2280/3237/1463 2279/3134/1417
f 2282/3241/1465 2313/3242/1466 2312/3239/1464 2280/3238/1463
f 2283/3144/1422 2284/3243/1467 2282/3240/1465 2281/3140/1420
f 2284/3244/1467 2314/3245/1468 2313/3242/1466 2282/3241/1465
f 2285/3152/1426 2286/3246/1469 2284/3243/1467 2283/3144/1422
f 2286/3247/1469 2315/3248/1470 2314/3245/1468 2284/3244/1467
f 2287/3158/1429 2288/3249/1471 2286/3246/1469 2285/3152/1426
f 2288/3250/1471 2316/3251/1472 2315/3248/1470 2286/3247/1469
f 2289/3164/1432 2290/3252/1473 2288/3249/1471 2287/3158/1429
f 2290/3253/1473 2317/3254/1474 2316/3251/1472 2288/3250/1471
f 2291/3131/1416 2292/3255/1475 2290/3252/1473 2289/3164/1432
f 2292/3256/1475 2318/3257/1476 2317/3254/1474 2290/3253/1473
f 2293/3130/1415 2294/3258/1477 2292/3255/1475 2291/3131/1416
f 2294/3259/1477 2319/3260/1478 2318/3257/1476 2292/3256/1475
f 2295/3138/1419 2296/3261/1479 2294/3258/1477 2293/3130/1415
f 2296/3262/1479 2320/3263/1480 2319/3260/1478 2294/3259/1477
f 2251/3150/1425 2252/3264/1434 2296/3261/1479 2295/3138/1419
f 2252/3197/1434 2297/3196/1436 2320/3263/1480 2296/3262/1479
f 2128/3124/1335 2249/3123/1412 2251/3193/1425 2129/3265/391
f 2248/3266/1339 2297/3196/1436 2298/3195/1435
f 2248/3266/1339 2298/3195/1435 2299/3200/1438
f 2248/3266/1339 2299/3200/1438 2300/3203/1440
f 2248/3266/1339 2300/3203/1440 2301/3206/1442
f 2248/3266/1339 2301/3206/1442 2302/3209/1444
f 2248/3266/1339 2302/3209/1444 2303/3212/1446
f 2248/3266/1339 2303/3212/1446 2304/3215/1448
f 2248/3266/1339 2304/3215/1448 2305/3218/1450
f 2248/3266/1339 2305/3218/1450 2306/3221/1452
f 2248/3266/1339 2306/3221/1452 2307/3224/1454
f 2248/3266/1339 2307/3224/1454 2308/3227/1456
f 2248/3266/1339 2308/3227/1456 2309/3230/1458
f 2248/3266/1339 2309/3230/1458 2310/3233/1460
f 2248/3266/1339 2310/3233/1460 2311/3236/1462
f 2248/3266/1339 2311/3236/1462 2312/3239/1464
f 2248/3266/1339 2312/3239/1464 2313/3242/1466
f 2248/3266/1339 2313/3242/1466 2314/3245/1468
f 2248/3266/1339 2314/3245/1468 2315/3248/1470
f 2248/3266/1339 2315/3248/1470 2316/3251/1472
f 2248/3266/1339 2316/3251/1472 2317/3254/1474
f 2248/3266/1339 2317/3254/1474 2318/3257/1476
f 2248/3266/1339 2318/3257/1476 2319/3260/1478
f 2248/3266/1339 2319/3260/1478 2320/3263/1480
f 2248/3266/1339 2320/3263/1480 2297/3196/1436
f 2323/3267/1365 2325/3268/1404 2398/3269/1481 2394/3270/1482
f 2324/3271/1483 2393/3272/1484 2397/3273/1485 2326/3274/1483
f 2326/3274/1483 2397/3273/1485 2399/3275/1486 2328/3276/1483
f 2328/3276/1483 2399/3275/1486 2401/3277/1487 2330/3278/1483
f 2330/3278/1483 2401/3277/1487 2403/3279/1488 2332/3280/1483
f 2332/3280/1483 2403/3279/1488 2405/3281/1489 2334/3282/1483
f 2334/3282/1483 2405/3281/1489 2407/3283/1490 2336/3284/1483
f 2336/3284/1483 2407/3283/1490 2409/3285/1491 2338/3286/1483
f 2338/3286/1483 2409/3285/1491 2411/3287/1492 2340/3288/1483
f 2340/3288/1483 2411/3287/1492 2413/3289/1493 2342/3290/1483
f 2342/3290/1483 2413/3289/1493 2415/3291/1494 2344/3292/1483
f 2344/3292/1483 2415/3291/1494 2417/3293/1495 2346/3294/1483
f 2346/3294/1483 2417/3293/1495 2419/3295/1496 2348/3296/1483
f 2348/3296/1483 2419/3295/1496 2421/3297/1497 2350/3298/1483
f 2350/3298/1483 2421/3297/1497 2423/3299/1498 2352/3300/1483
f 2352/3300/1483 2423/3299/1498 2425/3301/1499 2354/3302/1483
f 2354/3302/1483 2425/3301/1499 2427/3303/1500 2356/3304/1483
f 2356/3304/1483 2427/3303/1500 2429/3305/1501 2358/3306/1483
f 2358/3306/1483 2429/3305/1501 2431/3307/1502 2360/3308/1483
f 2360/3308/1483 2431/3307/1502 2433/3309/1503 2362/3310/1483
f 2362/3310/1483 2433/3309/1503 2435/3311/1504 2364/3312/1483
f 2364/3312/1483 2435/3311/1504 2437/3313/1505 2366/3314/1483
f 2382/3315/1483 2467/3316/1496 2469/3317/1497 2383/3318/1483
f 2366/3314/1483 2437/3313/1505 2439/3319/1506 2368/3320/1483
f 2368/3320/1483 2439/3319/1506 2396/3321/1507 2322/3322/1483
f 2321/3323/391 2323/3267/1365 2394/3270/1482 2395/3324/1508
f 2367/3325/1335 2321/3326/391 2395/3327/1508 2440/3328/1509
f 2327/3329/1402 2329/3330/1400 2402/3331/1510 2400/3332/1511
f 2329/3330/1400 2331/3333/1398 2404/3334/1512 2402/3331/1510
f 2331/3333/1398 2333/3335/1396 2406/3336/1513 2404/3334/1512
f 2333/3335/1396 2335/3337/1394 2408/3338/1514 2406/3336/1513
f 2335/3337/1394 2337/3339/1392 2410/3340/1515 2408/3338/1514
f 2337/3339/1392 2339/3341/1390 2412/3342/1516 2410/3340/1515
f 2339/3341/1390 2341/3343/1388 2414/3344/1517 2412/3342/1516
f 2341/3343/1388 2343/3345/1386 2416/3346/1518 2414/3344/1517
f 2343/3345/1386 2345/3347/392 2418/3348/1519 2416/3346/1518
f 2345/3347/392 2347/3349/1383 2420/3350/1520 2418/3348/1519
f 2347/3349/1383 2349/3351/1381 2422/3352/1521 2420/3350/1520
f 2349/3351/1381 2351/3353/1379 2424/3354/1522 2422/3352/1521
f 2351/3353/1379 2353/3355/1377 2426/3356/1523 2424/3354/1522
f 2353/3355/1377 2355/3357/1375 2428/3358/1524 2426/3356/1523
f 2355/3357/1375 2357/3359/1373 2430/3360/1525 2428/3358/1524
f 2357/3359/1373 2359/3361/1371 2432/3362/1526 2430/3360/1525
f 2359/3361/1371 2361/3363/1368 2434/3364/1527 2432/3362/1526
f 2361/3363/1368 2363/3365/1367 2436/3366/1528 2434/3364/1527
f 2363/3365/1367 2365/3367/1336 2438/3368/1529 2436/3366/1528
f 2365/3367/1336 2367/3325/1335 2440/3328/1509 2438/3368/1529
f 2370/3369/1483 2444/3370/1507 2441/3371/1484 2369/3372/1483
f 2325/3268/1404 2327/3329/1402 2400/3332/1511 2398/3269/1481
f 2383/3373/1381 2518/3374/1530 2516/3375/1531 2382/3376/1383
f 2375/3377/1483 2453/3378/1489 2455/3379/1490 2376/3380/1483
f 2390/3381/1483 2483/3382/1504 2485/3383/1505 2391/3384/1483
f 2383/3318/1483 2469/3317/1497 2471/3385/1498 2384/3386/1483
f 2376/3380/1483 2455/3379/1490 2457/3387/1532 2377/3388/1483
f 2391/3384/1483 2485/3383/1505 2487/3389/1506 2392/3390/1483
f 2384/3386/1483 2471/3385/1498 2473/3391/1499 2385/3392/1483
f 2377/3388/1483 2457/3387/1532 2459/3393/1492 2378/3394/1483
f 2369/3372/1483 2441/3371/1484 2445/3395/1485 2371/3396/1483
f 2385/3392/1483 2473/3391/1499 2475/3397/1500 2386/3398/1483
f 2378/3394/1483 2459/3393/1492 2461/3399/1493 2379/3400/1483
f 2371/3396/1483 2445/3395/1485 2447/3401/1486 2372/3402/1483
f 2324/3403/1365 2442/3404/1482 2443/3405/1508 2322/3406/391
f 2386/3398/1483 2475/3397/1500 2477/3407/1501 2387/3408/1483
f 2379/3400/1483 2461/3399/1493 2463/3409/1494 2380/3410/1483
f 2372/3402/1483 2447/3401/1486 2449/3411/1487 2373/3412/1483
f 2387/3408/1483 2477/3407/1501 2479/3413/1502 2388/3414/1483
f 2380/3410/1483 2463/3409/1494 2465/3415/1495 2381/3416/1483
f 2373/3412/1483 2449/3411/1487 2451/3417/1488 2374/3418/1483
f 2388/3414/1483 2479/3413/1502 2481/3419/1503 2389/3420/1483
f 2381/3416/1483 2465/3415/1495 2467/3316/1496 2382/3315/1483
f 2374/3418/1483 2451/3417/1488 2453/3378/1489 2375/3377/1483
f 2389/3420/1483 2481/3419/1503 2483/3382/1504 2390/3381/1483
f 2326/3421/1404 2446/3422/1481 2442/3404/1482 2324/3403/1365
f 2392/3390/1483 2487/3389/1506 2444/3370/1507 2370/3369/1483
f 2328/3423/1402 2448/3424/1511 2446/3422/1481 2326/3421/1404
f 2330/3425/1400 2450/3426/1510 2448/3424/1511 2328/3423/1402
f 2332/3427/1398 2452/3428/1512 2450/3426/1510 2330/3425/1400
f 2334/3429/1396 2454/3430/1533 2452/3428/1512 2332/3427/1398
f 2336/3431/1394 2456/3432/1514 2454/3430/1533 2334/3429/1396
f 2338/3433/1392 2458/3434/1515 2456/3432/1514 2336/3431/1394
f 2340/3435/1390 2460/3436/1516 2458/3434/1515 2338/3433/1392
f 2342/3437/1388 2462/3438/1517 2460/3436/1516 2340/3435/1390
f 2344/3439/1386 2464/3440/1518 2462/3438/1517 2342/3437/1388
f 2346/3441/392 2466/3442/1519 2464/3440/1518 2344/3439/1386
f 2348/3443/1383 2468/3444/1520 2466/3442/1519 2346/3441/392
f 2350/3445/1381 2470/3446/1521 2468/3444/1520 2348/3443/1383
f 2352/3447/1379 2472/3448/1522 2470/3446/1521 2350/3445/1381
f 2354/3449/1377 2474/3450/1523 2472/3448/1522 2352/3447/1379
f 2356/3451/1375 2476/3452/1524 2474/3450/1523 2354/3449/1377
f 2358/3453/1373 2478/3454/1525 2476/3452/1524 2356/3451/1375
f 2360/3455/1371 2480/3456/1526 2478/3454/1525 2358/3453/1373
f 2362/3457/1368 2482/3458/1527 2480/3456/1526 2360/3455/1371
f 2364/3459/1367 2484/3460/1528 2482/3458/1527 2362/3457/1368
f 2366/3461/1336 2486/3462/1529 2484/3460/1528 2364/3459/1367
f 2368/3463/1335 2488/3464/1509 2486/3462/1529 2366/3461/1336
f 2322/3465/391 2443/3466/1508 2488/3464/1509 2368/3463/1335
f 2371/3467/1404 2494/3468/1534 2490/3469/1535 2369/3470/1365
f 2376/3471/1394 2504/3472/1536 2502/3473/1537 2375/3474/1396
f 2391/3475/1336 2534/3476/1538 2532/3477/1539 2390/3478/1367
f 2384/3479/1379 2520/3480/1540 2518/3374/1530 2383/3373/1381
f 2377/3481/1392 2506/3482/1541 2504/3472/1536 2376/3471/1394
f 2392/3483/1335 2536/3484/1542 2534/3476/1538 2391/3475/1336
f 2385/3485/1377 2522/3486/1543 2520/3480/1540 2384/3479/1379
f 2378/3487/1390 2508/3488/1544 2506/3482/1541 2377/3481/1392
f 2386/3489/1375 2524/3490/1545 2522/3486/1543 2385/3485/1377
f 2379/3491/1388 2510/3492/1546 2508/3488/1544 2378/3487/1390
f 2372/3493/1402 2496/3494/1547 2494/3468/1534 2371/3467/1404
f 2370/3495/391 2492/3496/1548 2536/3484/1542 2392/3483/1335
f 2387/3497/1373 2526/3498/1549 2524/3490/1545 2386/3489/1375
f 2380/3499/1386 2512/3500/1550 2510/3492/1546 2379/3491/1388
f 2373/3501/1400 2498/3502/1551 2496/3494/1547 2372/3493/1402
f 2388/3503/1371 2528/3504/1552 2526/3498/1549 2387/3497/1373
f 2381/3505/392 2514/3506/1553 2512/3500/1550 2380/3499/1386
f 2374/3507/1398 2500/3508/1554 2498/3502/1551 2373/3501/1400
f 2389/3509/1368 2530/3510/1555 2528/3504/1552 2388/3503/1371
f 2382/3376/1383 2516/3375/1531 2514/3506/1553 2381/3505/392
f 2375/3474/1396 2502/3473/1537 2500/3508/1554 2374/3507/1398
f 2390/3478/1367 2532/3477/1539 2530/3510/1555 2389/3509/1368
f 2394/3270/1482 2393/3272/1484 2396/3511/1507 2395/3324/1508
f 2398/3269/1481 2397/3273/1485 2393/3272/1484 2394/3270/1482
f 2400/3332/1511 2399/3275/1486 2397/3273/1485 2398/3269/1481
f 2402/3331/1510 2401/3277/1487 2399/3275/1486 2400/3332/1511
f 2404/3334/1512 2403/3279/1488 2401/3277/1487 2402/3331/1510
f 2406/3336/1513 2405/3281/1489 2403/3279/1488 2404/3334/1512
f 2408/3338/1514 2407/3283/1490 2405/3281/1489 2406/3336/1513
f 2410/3340/1515 2409/3285/1491 2407/3283/1490 2408/3338/1514
f 2412/3342/1516 2411/3287/1492 2409/3285/1491 2410/3340/1515
f 2414/3344/1517 2413/3289/1493 2411/3287/1492 2412/3342/1516
f 2416/3346/1518 2415/3291/1494 2413/3289/1493 2414/3344/1517
f 2418/3348/1519 2417/3293/1495 2415/3291/1494 2416/3346/1518
f 2420/3350/1520 2419/3295/1496 2417/3293/1495 2418/3348/1519
f 2422/3352/1521 2421/3297/1497 2419/3295/1496 2420/3350/1520
f 2424/3354/1522 2423/3299/1498 2421/3297/1497 2422/3352/1521
f 2426/3356/1523 2425/3301/1499 2423/3299/1498 2424/3354/1522
f 2428/3358/1524 2427/3303/1500 2425/3301/1499 2426/3356/1523
f 2430/3360/1525 2429/3305/1501 2427/3303/1500 2428/3358/1524
f 2432/3362/1526 2431/3307/1502 2429/3305/1501 2430/3360/1525
f 2434/3364/1527 2433/3309/1503 2431/3307/1502 2432/3362/1526
f 2436/3366/1528 2435/3311/1504 2433/3309/1503 2434/3364/1527
f 2438/3368/1529 2437/3313/1505 2435/3311/1504 2436/3366/1528
f 2440/3328/1509 2439/3319/1506 2437/3313/1505 2438/3368/1529
f 2395/3327/1508 2396/3321/1507 2439/3319/1506 2440/3328/1509
f 2442/3512/1482 2441/3371/1484 2444/3370/1507 2443/3513/1508
f 2446/3514/1481 2445/3395/1485 2441/3371/1484 2442/3512/1482
f 2448/3515/1511 2447/3401/1486 2445/3395/1485 2446/3514/1481
f 2450/3516/1510 2449/3411/1487 2447/3401/1486 2448/3515/1511
f 2452/3517/1512 2451/3417/1488 2449/3411/1487 2450/3516/1510
f 2454/3518/1533 2453/3378/1489 2451/3417/1488 2452/3517/1512
f 2456/3519/1514 2455/3379/1490 2453/3378/1489 2454/3518/1533
f 2458/3520/1515 2457/3387/1532 2455/3379/1490 2456/3519/1514
f 2460/3521/1516 2459/3393/1492 2457/3387/1532 2458/3520/1515
f 2462/3522/1517 2461/3399/1493 2459/3393/1492 2460/3521/1516
f 2464/3523/1518 2463/3409/1494 2461/3399/1493 2462/3522/1517
f 2466/3524/1519 2465/3415/1495 2463/3409/1494 2464/3523/1518
f 2468/3525/1520 2467/3316/1496 2465/3415/1495 2466/3524/1519
f 2470/3526/1521 2469/3317/1497 2467/3316/1496 2468/3525/1520
f 2472/3527/1522 2471/3385/1498 2469/3317/1497 2470/3526/1521
f 2474/3528/1523 2473/3391/1499 2471/3385/1498 2472/3527/1522
f 2476/3529/1524 2475/3397/1500 2473/3391/1499 2474/3528/1523
f 2478/3530/1525 2477/3407/1501 2475/3397/1500 2476/3529/1524
f 2480/3531/1526 2479/3413/1502 2477/3407/1501 2478/3530/1525
f 2482/3532/1527 2481/3419/1503 2479/3413/1502 2480/3531/1526
f 2484/3533/1528 2483/3382/1504 2481/3419/1503 2482/3532/1527
f 2486/3534/1529 2485/3383/1505 2483/3382/1504 2484/3533/1528
f 2488/3535/1509 2487/3389/1506 2485/3383/1505 2486/3534/1529
f 2443/3513/1508 2444/3370/1507 2487/3389/1506 2488/3535/1509
f 2322/3536/1483 2396/3511/1507 2393/3272/1484 2324/3271/1483
f 2490/3469/1535 2491/3537/1556 2493/3538/1557 2492/3539/1548
f 2491/3540/1556 2539/3541/1558 2538/3542/1559 2493/3543/1557
f 2494/3468/1534 2495/3544/1560 2491/3537/1556 2490/3469/1535
f 2495/3545/1560 2540/3546/1561 2539/3541/1558 2491/3540/1556
f 2496/3494/1547 2497/3547/1562 2495/3544/1560 2494/3468/1534
f 2497/3548/1562 2541/3549/1563 2540/3546/1561 2495/3545/1560
f 2498/3502/1551 2499/3550/1564 2497/3547/1562 2496/3494/1547
f 2499/3551/1564 2542/3552/1565 2541/3549/1563 2497/3548/1562
f 2500/3508/1554 2501/3553/1566 2499/3550/1564 2498/3502/1551
f 2501/3554/1566 2543/3555/1567 2542/3552/1565 2499/3551/1564
f 2502/3473/1537 2503/3556/1568 2501/3553/1566 2500/3508/1554
f 2503/3557/1568 2544/3558/1569 2543/3555/1567 2501/3554/1566
f 2504/3472/1536 2505/3559/1570 2503/3556/1568 2502/3473/1537
f 2505/3560/1570 2545/3561/1571 2544/3558/1569 2503/3557/1568
f 2506/3482/1541 2507/3562/1572 2505/3559/1570 2504/3472/1536
f 2507/3563/1572 2546/3564/1573 2545/3561/1571 2505/3560/1570
f 2508/3488/1544 2509/3565/1574 2507/3562/1572 2506/3482/1541
f 2509/3566/1574 2547/3567/1575 2546/3564/1573 2507/3563/1572
f 2510/3492/1546 2511/3568/1576 2509/3565/1574 2508/3488/1544
f 2511/3569/1576 2548/3570/1577 2547/3567/1575 2509/3566/1574
f 2512/3500/1550 2513/3571/1578 2511/3568/1576 2510/3492/1546
f 2513/3572/1578 2549/3573/1579 2548/3570/1577 2511/3569/1576
f 2514/3506/1553 2515/3574/1580 2513/3571/1578 2512/3500/1550
f 2515/3575/1580 2550/3576/1581 2549/3573/1579 2513/3572/1578
f 2516/3375/1531 2517/3577/1582 2515/3574/1580 2514/3506/1553
f 2517/3578/1582 2551/3579/1583 2550/3576/1581 2515/3575/1580
f 2518/3374/1530 2519/3580/1584 2517/3577/1582 2516/3375/1531
f 2519/3581/1584 2552/3582/1585 2551/3579/1583 2517/3578/1582
f 2520/3480/1540 2521/3583/1586 2519/3580/1584 2518/3374/1530
f 2521/3584/1586 2553/3585/1587 2552/3582/1585 2519/3581/1584
f 2522/3486/1543 2523/3586/1588 2521/3583/1586 2520/3480/1540
f 2523/3587/1588 2554/3588/1589 2553/3585/1587 2521/3584/1586
f 2524/3490/1545 2525/3589/1590 2523/3586/1588 2522/3486/1543
f 2525/3590/1590 2555/3591/1591 2554/3588/1589 2523/3587/1588
f 2526/3498/1549 2527/3592/1592 2525/3589/1590 2524/3490/1545
f 2527/3593/1592 2556/3594/1593 2555/3591/1591 2525/3590/1590
f 2528/3504/1552 2529/3595/1594 2527/3592/1592 2526/3498/1549
f 2529/3596/1594 2557/3597/1595 2556/3594/1593 2527/3593/1592
f 2530/3510/1555 2531/3598/1596 2529/3595/1594 2528/3504/1552
f 2531/3599/1596 2558/3600/1597 2557/3597/1595 2529/3596/1594
f 2532/3477/1539 2533/3601/1598 2531/3598/1596 2530/3510/1555
f 2533/3602/1598 2559/3603/1599 2558/3600/1597 2531/3599/1596
f 2534/3476/1538 2535/3604/1600 2533/3601/1598 2532/3477/1539
f 2535/3605/1600 2560/3606/1601 2559/3603/1599 2533/3602/1598
f 2536/3484/1542 2537/3607/1602 2535/3604/1600 2534/3476/1538
f 2537/3608/1602 2561/3609/1603 2560/3606/1601 2535/3605/1600
f 2492/3496/1548 2493/3610/1557 2537/3607/1602 2536/3484/1542
f 2493/3543/1557 2538/3542/1559 2561/3609/1603 2537/3608/1602
f 2369/3470/1365 2490/3469/1535 2492/3539/1548 2370/3611/391
f 2489/3612/1483 2538/3542/1559 2539/3541/1558
f 2489/3612/1483 2539/3541/1558 2540/3546/1561
f 2489/3612/1483 2540/3546/1561 2541/3549/1563
f 2489/3612/1483 2541/3549/1563 2542/3552/1565
f 2489/3612/1483 2542/3552/1565 2543/3555/1567
f 2489/3612/1483 2543/3555/1567 2544/3558/1569
f 2489/3612/1483 2544/3558/1569 2545/3561/1571
f 2489/3612/1483 2545/3561/1571 2546/3564/1573
f 2489/3612/1483 2546/3564/1573 2547/3567/1575
f 2489/3612/1483 2547/3567/1575 2548/3570/1577
f 2489/3612/1483 2548/3570/1577 2549/3573/1579
f 2489/3612/1483 2549/3573/1579 2550/3576/1581
f 2489/3612/1483 2550/3576/1581 2551/3579/1583
f 2489/3612/1483 2551/3579/1583 2552/3582/1585
f 2489/3612/1483 2552/3582/1585 2553/3585/1587
f 2489/3612/1483 2553/3585/1587 2554/3588/1589
f 2489/3612/1483 2554/3588/1589 2555/3591/1591
f 2489/3612/1483 2555/3591/1591 2556/3594/1593
f 2489/3612/1483 2556/3594/1593 2557/3597/1595
f 2489/3612/1483 2557/3597/1595 2558/3600/1597
f 2489/3612/1483 2558/3600/1597 2559/3603/1599
f 2489/3612/1483 2559/3603/1599 2560/3606/1601
f 2489/3612/1483 2560/3606/1601 2561/3609/1603
f 2489/3612/1483 2561/3609/1603 2538/3542/1559
f 2564/3613/1219 2635/3614/1604 2639/3615/1605 2566/3616/1259
f 2565/3617/1606 2567/3618/1606 2638/3619/1607 2634/3620/1608
f 2567/3618/1606 2569/3621/1606 2640/3622/1609 2638/3619/1607
f 2569/3621/1606 2571/3623/1606 2642/3624/1610 2640/3622/1609
f 2571/3623/1606 2573/3625/1606 2644/3626/1611 2642/3624/1610
f 2573/3625/1606 2575/3627/1606 2646/3628/1612 2644/3626/1611
f 2575/3627/1606 2577/3629/1606 2648/3630/1613 2646/3628/1612
f 2577/3629/1606 2579/3631/1606 2650/3632/1614 2648/3630/1613
f 2579/3631/1606 2581/3633/1606 2652/3634/1615 2650/3632/1614
f 2581/3633/1606 2583/3635/1606 2654/3636/1616 2652/3634/1615
f 2583/3635/1606 2585/3637/1606 2656/3638/1617 2654/3636/1616
f 2585/3637/1606 2587/3639/1606 2658/3640/1618 2656/3638/1617
f 2587/3639/1606 2589/3641/1606 2660/3642/1619 2658/3640/1618
f 2589/3641/1606 2591/3643/1606 2662/3644/1620 2660/3642/1619
f 2591/3643/1606 2593/3645/1606 2664/3646/1621 2662/3644/1620
f 2593/3645/1606 2595/3647/1606 2666/3648/1622 2664/3646/1621
f 2595/3647/1606 2597/3649/1606 2668/3650/1623 2666/3648/1622
f 2597/3649/1606 2599/3651/1606 2670/3652/1624 2668/3650/1623
f 2599/3651/1606 2601/3653/1606 2672/3654/1625 2670/3652/1624
f 2601/3653/1606 2603/3655/1606 2674/3656/1626 2672/3654/1625
f 2603/3655/1606 2605/3657/1606 2676/3658/1627 2674/3656/1626
f 2605/3657/1606 2607/3659/1606 2678/3660/1628 2676/3658/1627
f 2623/3661/1606 2624/3662/1606 2710/3663/1620 2708/3664/1619
f 2607/3659/1606 2609/3665/1606 2680/3666/1629 2678/3660/1628
f 2609/3665/1606 2563/3667/1606 2637/3668/1630 2680/3666/1629
f 2562/3669/391 2636/3670/1631 2635/3614/1604 2564/3613/1219
f 2608/3671/1189 2681/3672/1632 2636/3673/1631 2562/3674/391
f 2568/3675/1257 2641/3676/1633 2643/3677/1634 2570/3678/1255
f 2570/3678/1255 2643/3677/1634 2645/3679/1635 2572/3680/1253
f 2572/3680/1253 2645/3679/1635 2647/3681/1636 2574/3682/1251
f 2574/3682/1251 2647/3681/1636 2649/3683/1637 2576/3684/1249
f 2576/3684/1249 2649/3683/1637 2651/3685/1638 2578/3686/1247
f 2578/3686/1247 2651/3685/1638 2653/3687/1639 2580/3688/1245
f 2580/3688/1245 2653/3687/1639 2655/3689/1640 2582/3690/1243
f 2582/3690/1243 2655/3689/1640 2657/3691/1641 2584/3692/1241
f 2584/3692/1241 2657/3691/1641 2659/3693/1642 2586/3694/392
f 2586/3694/392 2659/3693/1642 2661/3695/1643 2588/3696/1238
f 2588/3696/1238 2661/3695/1643 2663/3697/1644 2590/3698/1236
f 2590/3698/1236 2663/3697/1644 2665/3699/1645 2592/3700/1234
f 2592/3700/1234 2665/3699/1645 2667/3701/1646 2594/3702/1232
f 2594/3702/1232 2667/3701/1646 2669/3703/1647 2596/3704/1230
f 2596/3704/1230 2669/3703/1647 2671/3705/1648 2598/3706/1228
f 2598/3706/1228 2671/3705/1648 2673/3707/1649 2600/3708/1226
f 2600/3708/1226 2673/3707/1649 2675/3709/1650 2602/3710/1224
f 2602/3710/1224 2675/3709/1650 2677/3711/1651 2604/3712/1221
f 2604/3712/1221 2677/3711/1651 2679/3713/1652 2606/3714/1192
f 2606/3714/1192 2679/3713/1652 2681/3672/1632 2608/3671/1189
f 2611/3715/1606 2610/3716/1606 2682/3717/1608 2685/3718/1630
f 2566/3616/1259 2639/3615/1605 2641/3676/1633 2568/3675/1257
f 2624/3719/1236 2623/3720/1238 2757/3721/1653 2759/3722/1654
f 2616/3723/1606 2617/3724/1606 2696/3725/1613 2694/3726/1612
f 2631/3727/1606 2632/3728/1606 2726/3729/1628 2724/3730/1627
f 2624/3662/1606 2625/3731/1606 2712/3732/1621 2710/3663/1620
f 2617/3724/1606 2618/3733/1606 2698/3734/1655 2696/3725/1613
f 2632/3728/1606 2633/3735/1606 2728/3736/1629 2726/3729/1628
f 2625/3731/1606 2626/3737/1606 2714/3738/1622 2712/3732/1621
f 2618/3733/1606 2619/3739/1606 2700/3740/1615 2698/3734/1655
f 2610/3716/1606 2612/3741/1606 2686/3742/1607 2682/3717/1608
f 2626/3737/1606 2627/3743/1606 2716/3744/1623 2714/3738/1622
f 2619/3739/1606 2620/3745/1606 2702/3746/1616 2700/3740/1615
f 2612/3741/1606 2613/3747/1606 2688/3748/1609 2686/3742/1607
f 2565/3749/1219 2563/3750/391 2684/3751/1631 2683/3752/1604
f 2627/3743/1606 2628/3753/1606 2718/3754/1624 2716/3744/1623
f 2620/3745/1606 2621/3755/1606 2704/3756/1617 2702/3746/1616
f 2613/3747/1606 2614/3757/1606 2690/3758/1610 2688/3748/1609
f 2628/3753/1606 2629/3759/1606 2720/3760/1625 2718/3754/1624
f 2621/3755/1606 2622/3761/1606 2706/3762/1618 2704/3756/1617
f 2614/3757/1606 2615/3763/1606 2692/3764/1611 2690/3758/1610
f 2629/3759/1606 2630/3765/1606 2722/3766/1626 2720/3760/1625
f 2622/3761/1606 2623/3661/1606 2708/3664/1619 2706/3762/1618
f 2615/3763/1606 2616/3723/1606 2694/3726/1612 2692/3764/1611
f 2630/3765/1606 2631/3727/1606 2724/3730/1627 2722/3766/1626
f 2567/3767/1259 2565/3749/1219 2683/3752/1604 2687/3768/1605
f 2633/3735/1606 2611/3715/1606 2685/3718/1630 2728/3736/1629
f 2569/3769/1257 2567/3767/1259 2687/3768/1605 2689/3770/1633
f 2571/3771/1255 2569/3769/1257 2689/3770/1633 2691/3772/1634
f 2573/3773/1253 2571/3771/1255 2691/3772/1634 2693/3774/1635
f 2575/3775/1251 2573/3773/1253 2693/3774/1635 2695/3776/1656
f 2577/3777/1249 2575/3775/1251 2695/3776/1656 2697/3778/1637
f 2579/3779/1247 2577/3777/1249 2697/3778/1637 2699/3780/1638
f 2581/3781/1245 2579/3779/1247 2699/3780/1638 2701/3782/1639
f 2583/3783/1243 2581/3781/1245 2701/3782/1639 2703/3784/1640
f 2585/3785/1241 2583/3783/1243 2703/3784/1640 2705/3786/1641
f 2587/3787/392 2585/3785/1241 2705/3786/1641 2707/3788/1642
f 2589/3789/1238 2587/3787/392 2707/3788/1642 2709/3790/1643
f 2591/3791/1236 2589/3789/1238 2709/3790/1643 2711/3792/1644
f 2593/3793/1234 2591/3791/1236 2711/3792/1644 2713/3794/1645
f 2595/3795/1232 2593/3793/1234 2713/3794/1645 2715/3796/1646
f 2597/3797/1230 2595/3795/1232 2715/3796/1646 2717/3798/1647
f 2599/3799/1228 2597/3797/1230 2717/3798/1647 2719/3800/1648
f 2601/3801/1226 2599/3799/1228 2719/3800/1648 2721/3802/1649
f 2603/3803/1224 2601/3801/1226 2721/3802/1649 2723/3804/1650
f 2605/3805/1221 2603/3803/1224 2723/3804/1650 2725/3806/1651
f 2607/3807/1192 2605/3805/1221 2725/3806/1651 2727/3808/1652
f 2609/3809/1189 2607/3807/1192 2727/3808/1652 2729/3810/1632
f 2563/3811/391 2609/3809/1189 2729/3810/1632 2684/3812/1631
f 2612/3813/1259 2610/3814/1219 2731/3815/1657 2735/3816/1658
f 2617/3817/1249 2616/3818/1251 2743/3819/1659 2745/3820/1660
f 2632/3821/1192 2631/3822/1221 2773/3823/1661 2775/3824/1662
f 2625/3825/1234 2624/3719/1236 2759/3722/1654 2761/3826/1663
f 2618/3827/1247 2617/3817/1249 2745/3820/1660 2747/3828/1664
f 2633/3829/1189 2632/3821/1192 2775/3824/1662 2777/3830/1665
f 2626/3831/1232 2625/3825/1234 2761/3826/1663 2763/3832/1666
f 2619/3833/1245 2618/3827/1247 2747/3828/1664 2749/3834/1667
f 2627/3835/1230 2626/3831/1232 2763/3832/1666 2765/3836/1668
f 2620/3837/1243 2619/3833/1245 2749/3834/1667 2751/3838/1669
f 2613/3839/1257 2612/3813/1259 2735/3816/1658 2737/3840/1670
f 2611/3841/391 2633/3829/1189 2777/3830/1665 2733/3842/1671
f 2628/3843/1228 2627/3835/1230 2765/3836/1668 2767/3844/1672
f 2621/3845/1241 2620/3837/1243 2751/3838/1669 2753/3846/1673
f 2614/3847/1255 2613/3839/1257 2737/3840/1670 2739/3848/1674
f 2629/3849/1226 2628/3843/1228 2767/3844/1672 2769/3850/1675
f 2622/3851/392 2621/3845/1241 2753/3846/1673 2755/3852/1676
f 2615/3853/1253 2614/3847/1255 2739/3848/1674 2741/3854/1677
f 2630/3855/1224 2629/3849/1226 2769/3850/1675 2771/3856/1678
f 2623/3720/1238 2622/3851/392 2755/3852/1676 2757/3721/1653
f 2616/3818/1251 2615/3853/1253 2741/3854/1677 2743/3819/1659
f 2631/3822/1221 2630/3855/1224 2771/3856/1678 2773/3823/1661
f 2635/3614/1604 2636/3670/1631 2637/3857/1630 2634/3620/1608
f 2639/3615/1605 2635/3614/1604 2634/3620/1608 2638/3619/1607
f 2641/3676/1633 2639/3615/1605 2638/3619/1607 2640/3622/1609
f 2643/3677/1634 2641/3676/1633 2640/3622/1609 2642/3624/1610
f 2645/3679/1635 2643/3677/1634 2642/3624/1610 2644/3626/1611
f 2647/3681/1636 2645/3679/1635 2644/3626/1611 2646/3628/1612
f 2649/3683/1637 2647/3681/1636 2646/3628/1612 2648/3630/1613
f 2651/3685/1638 2649/3683/1637 2648/3630/1613 2650/3632/1614
f 2653/3687/1639 2651/3685/1638 2650/3632/1614 2652/3634/1615
f 2655/3689/1640 2653/3687/1639 2652/3634/1615 2654/3636/1616
f 2657/3691/1641 2655/3689/1640 2654/3636/1616 2656/3638/1617
f 2659/3693/1642 2657/3691/1641 2656/3638/1617 2658/3640/1618
f 2661/3695/1643 2659/3693/1642 2658/3640/1618 2660/3642/1619
f 2663/3697/1644 2661/3695/1643 2660/3642/1619 2662/3644/1620
f 2665/3699/1645 2663/3697/1644 2662/3644/1620 2664/3646/1621
f 2667/3701/1646 2665/3699/1645 2664/3646/1621 2666/3648/1622
f 2669/3703/1647 2667/3701/1646 2666/3648/1622 2668/3650/1623
f 2671/3705/1648 2669/3703/1647 2668/3650/1623 2670/3652/1624
f 2673/3707/1649 2671/3705/1648 2670/3652/1624 2672/3654/1625
f 2675/3709/1650 2673/3707/1649 2672/3654/1625 2674/3656/1626
f 2677/3711/1651 2675/3709/1650 2674/3656/1626 2676/3658/1627
f 2679/3713/1652 2677/3711/1651 2676/3658/1627 2678/3660/1628
f 2681/3672/1632 2679/3713/1652 2678/3660/1628 2680/3666/1629
f 2636/3673/1631 2681/3672/1632 2680/3666/1629 2637/3668/1630
f 2683/3858/1604 2684/3859/1631 2685/3718/1630 2682/3717/1608
f 2687/3860/1605 2683/3858/1604 2682/3717/1608 2686/3742/1607
f 2689/3861/1633 2687/3860/1605 2686/3742/1607 2688/3748/1609
f 2691/3862/1634 2689/3861/1633 2688/3748/1609 2690/3758/1610
f 2693/3863/1635 2691/3862/1634 2690/3758/1610 2692/3764/1611
f 2695/3864/1656 2693/3863/1635 2692/3764/1611 2694/3726/1612
f 2697/3865/1637 2695/3864/1656 2694/3726/1612 2696/3725/1613
f 2699/3866/1638 2697/3865/1637 2696/3725/1613 2698/3734/1655
f 2701/3867/1639 2699/3866/1638 2698/3734/1655 2700/3740/1615
f 2703/3868/1640 2701/3867/1639 2700/3740/1615 2702/3746/1616
f 2705/3869/1641 2703/3868/1640 2702/3746/1616 2704/3756/1617
f 2707/3870/1642 2705/3869/1641 2704/3756/1617 2706/3762/1618
f 2709/3871/1643 2707/3870/1642 2706/3762/1618 2708/3664/1619
f 2711/3872/1644 2709/3871/1643 2708/3664/1619 2710/3663/1620
f 2713/3873/1645 2711/3872/1644 2710/3663/1620 2712/3732/1621
f 2715/3874/1646 2713/3873/1645 2712/3732/1621 2714/3738/1622
f 2717/3875/1647 2715/3874/1646 2714/3738/1622 2716/3744/1623
f 2719/3876/1648 2717/3875/1647 2716/3744/1623 2718/3754/1624
f 2721/3877/1649 2719/3876/1648 2718/3754/1624 2720/3760/1625
f 2723/3878/1650 2721/3877/1649 2720/3760/1625 2722/3766/1626
f 2725/3879/1651 2723/3878/1650 2722/3766/1626 2724/3730/1627
f 2727/3880/1652 2725/3879/1651 2724/3730/1627 2726/3729/1628
f 2729/3881/1632 2727/3880/1652 2726/3729/1628 2728/3736/1629
f 2684/3859/1631 2729/3881/1632 2728/3736/1629 2685/3718/1630
f 2563/3882/1606 2565/3617/1606 2634/3620/1608 2637/3857/1630
f 2731/3815/1657 2733/3883/1671 2734/3884/1679 2732/3885/1680
f 2732/3886/1680 2734/3887/1679 2779/3888/1681 2780/3889/1682
f 2735/3816/1658 2731/3815/1657 2732/3885/1680 2736/3890/1683
f 2736/3891/1683 2732/3886/1680 2780/3889/1682 2781/3892/1684
f 2737/3840/1670 2735/3816/1658 2736/3890/1683 2738/3893/1685
f 2738/3894/1685 2736/3891/1683 2781/3892/1684 2782/3895/1686
f 2739/3848/1674 2737/3840/1670 2738/3893/1685 2740/3896/1687
f 2740/3897/1687 2738/3894/1685 2782/3895/1686 2783/3898/1688
f 2741/3854/1677 2739/3848/1674 2740/3896/1687 2742/3899/1689
f 2742/3900/1689 2740/3897/1687 2783/3898/1688 2784/3901/1690
f 2743/3819/1659 2741/3854/1677 2742/3899/1689 2744/3902/1691
f 2744/3903/1691 2742/3900/1689 2784/3901/1690 2785/3904/1692
f 2745/3820/1660 2743/3819/1659 2744/3902/1691 2746/3905/1693
f 2746/3906/1693 2744/3903/1691 2785/3904/1692 2786/3907/1694
f 2747/3828/1664 2745/3820/1660 2746/3905/1693 2748/3908/1695
f 2748/3909/1695 2746/3906/1693 2786/3907/1694 2787/3910/1696
f 2749/3834/1667 2747/3828/1664 2748/3908/1695 2750/3911/1697
f 2750/3912/1697 2748/3909/1695 2787/3910/1696 2788/3913/1698
f 2751/3838/1669 2749/3834/1667 2750/3911/1697 2752/3914/1699
f 2752/3915/1699 2750/3912/1697 2788/3913/1698 2789/3916/1700
f 2753/3846/1673 2751/3838/1669 2752/3914/1699 2754/3917/1701
f 2754/3918/1701 2752/3915/1699 2789/3916/1700 2790/3919/1702
f 2755/3852/1676 2753/3846/1673 2754/3917/1701 2756/3920/1703
f 2756/3921/1703 2754/3918/1701 2790/3919/1702 2791/3922/1704
f 2757/3721/1653 2755/3852/1676 2756/3920/1703 2758/3923/1705
f 2758/3924/1705 2756/3921/1703 2791/3922/1704 2792/3925/1706
f 2759/3722/1654 2757/3721/1653 2758/3923/1705 2760/3926/1707
f 2760/3927/1707 2758/3924/1705 2792/3925/1706 2793/3928/1708
f 2761/3826/1663 2759/3722/1654 2760/3926/1707 2762/3929/1709
f 2762/3930/1709 2760/3927/1707 2793/3928/1708 2794/3931/1710
f 2763/3832/1666 2761/3826/1663 2762/3929/1709 2764/3932/1711
f 2764/3933/1711 2762/3930/1709 2794/3931/1710 2795/3934/1712
f 2765/3836/1668 2763/3832/1666 2764/3932/1711 2766/3935/1713
f 2766/3936/1713 2764/3933/1711 2795/3934/1712 2796/3937/1714
f 2767/3844/1672 2765/3836/1668 2766/3935/1713 2768/3938/1715
f 2768/3939/1715 2766/3936/1713 2796/3937/1714 2797/3940/1716
f 2769/3850/1675 2767/3844/1672 2768/3938/1715 2770/3941/1717
f 2770/3942/1717 2768/3939/1715 2797/3940/1716 2798/3943/1718
f 2771/3856/1678 2769/3850/1675 2770/3941/1717 2772/3944/1719
f 2772/3945/1719 2770/3942/1717 2798/3943/1718 2799/3946/1720
f 2773/3823/1661 2771/3856/1678 2772/3944/1719 2774/3947/1721
f 2774/3948/1721 2772/3945/1719 2799/3946/1720 2800/3949/1722
f 2775/3824/1662 2773/3823/1661 2774/3947/1721 2776/3950/1723
f 2776/3951/1723 2774/3948/1721 2800/3949/1722 2801/3952/1724
f 2777/3830/1665 2775/3824/1662 2776/3950/1723 2778/3953/1725
f 2778/3954/1725 2776/3951/1723 2801/3952/1724 2802/3955/1726
f 2733/3842/1671 2777/3830/1665 2778/3953/1725 2734/3956/1679
f 2734/3887/1679 2778/3954/1725 2802/3955/1726 2779/3888/1681
f 2610/3814/1219 2611/3957/391 2733/3883/1671 2731/3815/1657
f 2730/3958/1606 2780/3889/1682 2779/3888/1681
f 2730/3958/1606 2781/3892/1684 2780/3889/1682
f 2730/3958/1606 2782/3895/1686 2781/3892/1684
f 2730/3958/1606 2783/3898/1688 2782/3895/1686
f 2730/3958/1606 2784/3901/1690 2783/3898/1688
f 2730/3958/1606 2785/3904/1692 2784/3901/1690
f 2730/3958/1606 2786/3907/1694 2785/3904/1692
f 2730/3958/1606 2787/3910/1696 2786/3907/1694
f 2730/3958/1606 2788/3913/1698 2787/3910/1696
f 2730/3958/1606 2789/3916/1700 2788/3913/1698
f 2730/3958/1606 2790/3919/1702 2789/3916/1700
f 2730/3958/1606 2791/3922/1704 2790/3919/1702
f 2730/3958/1606 2792/3925/1706 2791/3922/1704
f 2730/3958/1606 2793/3928/1708 2792/3925/1706
f 2730/3958/1606 2794/3931/1710 2793/3928/1708
f 2730/3958/1606 2795/3934/1712 2794/3931/1710
f 2730/3958/1606 2796/3937/1714 2795/3934/1712
f 2730/3958/1606 2797/3940/1716 2796/3937/1714
f 2730/3958/1606 2798/3943/1718 2797/3940/1716
f 2730/3958/1606 2799/3946/1720 2798/3943/1718
f 2730/3958/1606 2800/3949/1722 2799/3946/1720
f 2730/3958/1606 2801/3952/1724 2800/3949/1722
f 2730/3958/1606 2802/3955/1726 2801/3952/1724
f 2730/3958/1606 2779/3888/1681 2802/3955/1726
f 3068/3959/1727 3080/3960/1728 3025/3961/536 3021/3962/536
f 2807/3963/536 2805/3964/536 2870/3965/1729 2876/3966/1730
f 2809/3967/536 2807/3963/536 2876/3966/1730 2880/3968/1731
f 2811/3969/536 2809/3967/536 2880/3968/1731 2884/3970/1732
f 2813/3971/536 2811/3969/536 2884/3970/1732 2888/3972/1733
f 2815/3973/536 2813/3971/536 2888/3972/1733 2892/3974/1734
f 2817/3975/536 2815/3973/536 2892/3974/1734 2896/3976/1735
f 2819/3977/536 2817/3975/536 2896/3976/1735 2900/3978/1736
f 2821/3979/536 2819/3977/536 2900/3978/1736 2904/3980/1737
f 2823/3981/536 2821/3979/536 2904/3980/1737 2908/3982/1738
f 2825/3983/536 2823/3981/536 2908/3982/1738 2912/3984/1739
f 2827/3985/536 2825/3983/536 2912/3984/1739 2916/3986/1740
f 2829/3987/536 2827/3985/536 2916/3986/1740 2920/3988/1741
f 2831/3989/536 2829/3987/536 2920/3988/1741 2924/3990/1742
f 2833/3991/536 2831/3989/536 2924/3990/1742 2928/3992/1743
f 2835/3993/536 2833/3991/536 2928/3992/1743 2932/3994/1744
f 2837/3995/536 2835/3993/536 2932/3994/1744 2936/3996/1745
f 2839/3997/536 2837/3995/536 2936/3996/1745 2940/3998/1746
f 2841/3999/536 2839/3997/536 2940/3998/1746 2944/4000/1747
f 2843/4001/536 2841/3999/536 2944/4000/1747 2948/4002/1748
f 2845/4003/536 2843/4001/536 2948/4002/1748 2952/4004/1749
f 2847/4005/536 2845/4003/536 2952/4004/1749 2956/4006/1750
f 2849/4007/536 2847/4005/536 2956/4006/1750 2960/4008/1751
f 2851/4009/536 2849/4007/536 2960/4008/1751 2964/4010/1752
f 2853/4011/536 2851/4009/536 2964/4010/1752 2968/4012/1753
f 2855/4013/536 2853/4011/536 2968/4012/1753 2972/4014/1754
f 2857/4015/536 2855/4013/536 2972/4014/1754 2976/4016/1755
f 2859/4017/536 2857/4015/536 2976/4016/1755 2980/4018/1756
f 2861/4019/536 2859/4017/536 2980/4018/1756 2984/4020/1757
f 2863/4021/536 2861/4019/536 2984/4020/1757 2988/4022/1758
f 2865/4023/536 2863/4021/536 2988/4022/1758 2992/4024/1759
f 2803/4025/536 2865/4023/536 2992/4024/1759 2867/4026/1760
f 3062/4027/1761 3068/3959/1727 3021/3962/536 3058/4028/536
f 2806/4029/397 2808/4030/397 2877/4031/1762 2871/4032/1763
f 2804/4033/397 2806/4029/397 2871/4032/1763 2874/4034/1764
f 2866/4035/397 2804/4033/397 2874/4034/1764 2993/4036/1765
f 2808/4030/397 2810/4037/397 2881/4038/1766 2877/4031/1762
f 3092/4039/1767 3098/4040/1768 3054/4041/536 3056/4042/536
f 2810/4037/397 2812/4043/397 2885/4044/1769 2881/4038/1766
f 3098/4040/1768 3104/4045/1770 3052/4046/536 3054/4041/536
f 2812/4043/397 2814/4047/397 2889/4048/1771 2885/4044/1769
f 3104/4045/1770 3110/4049/1772 3050/4050/536 3052/4046/536
f 2814/4047/397 2816/4051/397 2893/4052/1773 2889/4048/1771
f 3110/4049/1772 3116/4053/1774 3048/4054/536 3050/4050/536
f 2816/4051/397 2818/4055/397 2897/4056/1775 2893/4052/1773
f 3116/4053/1774 3122/4057/1776 3046/4058/536 3048/4054/536
f 2818/4055/397 2820/4059/397 2901/4060/1777 2897/4056/1775
f 3122/4057/1776 3128/4061/1778 3044/4062/536 3046/4058/536
f 2820/4059/397 2822/4063/397 2905/4064/1779 2901/4060/1777
f 3128/4061/1778 3134/4065/1780 3042/4066/536 3044/4062/536
f 2822/4063/397 2824/4067/397 2909/4068/1781 2905/4064/1779
f 3134/4065/1780 3140/4069/1782 3040/4070/536 3042/4066/536
f 2824/4067/397 2826/4071/397 2913/4072/1783 2909/4068/1781
f 3140/4069/1782 3146/4073/1784 3038/4074/536 3040/4070/536
f 2826/4071/397 2828/4075/397 2917/4076/1785 2913/4072/1783
f 3146/4073/1784 3152/4077/1786 3036/4078/536 3038/4074/536
f 2828/4075/397 2830/4079/397 2921/4080/1787 2917/4076/1785
f 3152/4077/1786 3158/4081/1788 3034/4082/536 3036/4078/536
f 2830/4079/397 2832/4083/397 2925/4084/1789 2921/4080/1787
f 3158/4081/1788 3164/4085/1790 3032/4086/536 3034/4082/536
f 2832/4083/397 2834/4087/397 2929/4088/1791 2925/4084/1789
f 3164/4085/1790 3170/4089/1792 3030/4090/536 3032/4086/536
f 2834/4087/397 2836/4091/397 2933/4092/1793 2929/4088/1791
f 3170/4089/1792 3176/4093/1794 3028/4094/536 3030/4090/536
f 2836/4091/397 2838/4095/397 2937/4096/1795 2933/4092/1793
f 3176/4093/1794 3182/4097/1796 2995/4098/536 3028/4094/536
f 2838/4095/397 2840/4099/397 2941/4100/1797 2937/4096/1795
f 3182/4097/1796 3188/4101/1798 2997/4102/536 2995/4098/536
f 2840/4099/397 2842/4103/397 2945/4104/1799 2941/4100/1797
f 3188/4101/1798 3194/4105/1800 2999/4106/536 2997/4102/536
f 2842/4103/397 2844/4107/397 2949/4108/1801 2945/4104/1799
f 3194/4105/1800 3200/4109/1802 3001/4110/536 2999/4106/536
f 2844/4107/397 2846/4111/397 2953/4112/1803 2949/4108/1801
f 3200/4109/1802 3206/4113/1804 3003/4114/536 3001/4110/536
f 2846/4111/397 2848/4115/397 2957/4116/1805 2953/4112/1803
f 3206/4113/1804 3212/4117/1806 3005/4118/536 3003/4114/536
f 2848/4115/397 2850/4119/397 2961/4120/1807 2957/4116/1805
f 3212/4117/1806 3218/4121/1808 3007/4122/536 3005/4118/536
f 2850/4119/397 2852/4123/397 2965/4124/1809 2961/4120/1807
f 3218/4121/1808 3224/4125/1810 3009/4126/536 3007/4122/536
f 2852/4123/397 2854/4127/397 2969/4128/1811 2965/4124/1809
f 3224/4125/1810 3230/4129/1812 3011/4130/536 3009/4126/536
f 2854/4127/397 2856/4131/397 2973/4132/1813 2969/4128/1811
f 3230/4129/1812 3236/4133/1814 3013/4134/536 3011/4130/536
f 2856/4131/397 2858/4135/397 2977/4136/1815 2973/4132/1813
f 3236/4133/1814 3242/4137/1816 3015/4138/536 3013/4134/536
f 2858/4135/397 2860/4139/397 2981/4140/1817 2977/4136/1815
f 3242/4137/1816 3248/4141/1818 3019/4142/536 3015/4138/536
f 2860/4139/397 2862/4143/397 2985/4144/1819 2981/4140/1817
f 2862/4143/397 2864/4145/397 2989/4146/1820 2985/4144/1819
f 3086/4147/1821 3078/4148/1822 3026/4149/397 3023/4150/397
f 2864/4145/397 2866/4035/397 2993/4036/1765 2989/4146/1820
f 3074/4151/1823 3246/4152/1824 3020/4153/397 3017/4154/397
f 3096/4155/1825 3090/4156/1826 3055/4157/397 3053/4158/397
f 2868/4159/1827 2869/4160/1828 2870/3965/1729 2867/4026/1760
f 2872/4161/1829 2873/4162/1830 2874/4034/1764 2871/4032/1763
f 2869/4160/1828 2875/4163/1831 2876/3966/1730 2870/3965/1729
f 2878/4164/1832 2872/4161/1829 2871/4032/1763 2877/4031/1762
f 2875/4163/1831 2879/4165/1833 2880/3968/1731 2876/3966/1730
f 2882/4166/1834 2878/4164/1832 2877/4031/1762 2881/4038/1766
f 2879/4165/1833 2883/4167/1835 2884/3970/1732 2880/3968/1731
f 2886/4168/1836 2882/4166/1834 2881/4038/1766 2885/4044/1769
f 2883/4167/1835 2887/4169/1837 2888/3972/1733 2884/3970/1732
f 2890/4170/1838 2886/4168/1836 2885/4044/1769 2889/4048/1771
f 2887/4169/1837 2891/4171/1839 2892/3974/1734 2888/3972/1733
f 2894/4172/1840 2890/4170/1838 2889/4048/1771 2893/4052/1773
f 2891/4171/1839 2895/4173/1841 2896/3976/1735 2892/3974/1734
f 2898/4174/1842 2894/4172/1840 2893/4052/1773 2897/4056/1775
f 2895/4173/1841 2899/4175/1843 2900/3978/1736 2896/3976/1735
f 2902/4176/1844 2898/4174/1842 2897/4056/1775 2901/4060/1777
f 2899/4175/1843 2903/4177/1845 2904/3980/1737 2900/3978/1736
f 2906/4178/1846 2902/4176/1844 2901/4060/1777 2905/4064/1779
f 2903/4177/1845 2907/4179/1847 2908/3982/1738 2904/3980/1737
f 2910/4180/1848 2906/4178/1846 2905/4064/1779 2909/4068/1781
f 2907/4179/1847 2911/4181/1849 2912/3984/1739 2908/3982/1738
f 2914/4182/1850 2910/4180/1848 2909/4068/1781 2913/4072/1783
f 2911/4181/1849 2915/4183/1851 2916/3986/1740 2912/3984/1739
f 2918/4184/1852 2914/4182/1850 2913/4072/1783 2917/4076/1785
f 2915/4183/1851 2919/4185/1853 2920/3988/1741 2916/3986/1740
f 2922/4186/1854 2918/4184/1852 2917/4076/1785 2921/4080/1787
f 2919/4185/1853 2923/4187/1855 2924/3990/1742 2920/3988/1741
f 2926/4188/1856 2922/4186/1854 2921/4080/1787 2925/4084/1789
f 2923/4187/1855 2927/4189/1857 2928/3992/1743 2924/3990/1742
f 2930/4190/1858 2926/4188/1856 2925/4084/1789 2929/4088/1791
f 2927/4189/1857 2931/4191/1859 2932/3994/1744 2928/3992/1743
f 2934/4192/1860 2930/4190/1858 2929/4088/1791 2933/4092/1793
f 2931/4191/1859 2935/4193/1861 2936/3996/1745 2932/3994/1744
f 2938/4194/1862 2934/4192/1860 2933/4092/1793 2937/4096/1795
f 2935/4193/1861 2939/4195/1863 2940/3998/1746 2936/3996/1745
f 2942/4196/1864 2938/4194/1862 2937/4096/1795 2941/4100/1797
f 2939/4195/1863 2943/4197/1865 2944/4000/1747 2940/3998/1746
f 2946/4198/1866 2942/4196/1864 2941/4100/1797 2945/4104/1799
f 2943/4197/1865 2947/4199/1867 2948/4002/1748 2944/4000/1747
f 2950/4200/1868 2946/4198/1866 2945/4104/1799 2949/4108/1801
f 2947/4199/1867 2951/4201/1869 2952/4004/1749 2948/4002/1748
f 2954/4202/1870 2950/4200/1868 2949/4108/1801 2953/4112/1803
f 2951/4201/1869 2955/4203/1871 2956/4006/1750 2952/4004/1749
f 2958/4204/1872 2954/4202/1870 2953/4112/1803 2957/4116/1805
f 2955/4203/1871 2959/4205/1873 2960/4008/1751 2956/4006/1750
f 2962/4206/1874 2958/4204/1872 2957/4116/1805 2961/4120/1807
f 2959/4205/1873 2963/4207/1875 2964/4010/1752 2960/4008/1751
f 2966/4208/1876 2962/4206/1874 2961/4120/1807 2965/4124/1809
f 2963/4207/1875 2967/4209/1877 2968/4012/1753 2964/4010/1752
f 2970/4210/1878 2966/4208/1876 2965/4124/1809 2969/4128/1811
f 2967/4209/1877 2971/4211/1879 2972/4014/1754 2968/4012/1753
f 2974/4212/1880 2970/4210/1878 2969/4128/1811 2973/4132/1813
f 2971/4211/1879 2975/4213/1881 2976/4016/1755 2972/4014/1754
f 2978/4214/1882 2974/4212/1880 2973/4132/1813 2977/4136/1815
f 2975/4213/1881 2979/4215/1883 2980/4018/1756 2976/4016/1755
f 2982/4216/1884 2978/4214/1882 2977/4136/1815 2981/4140/1817
f 2979/4215/1883 2983/4217/1885 2984/4020/1757 2980/4018/1756
f 2986/4218/1886 2982/4216/1884 2981/4140/1817 2985/4144/1819
f 2983/4217/1885 2987/4219/1887 2988/4022/1758 2984/4020/1757
f 2990/4220/1888 2986/4218/1886 2985/4144/1819 2989/4146/1820
f 2987/4219/1887 2991/4221/1889 2992/4024/1759 2988/4022/1758
f 2994/4222/1890 2990/4220/1888 2989/4146/1820 2993/4036/1765
f 2991/4221/1889 2868/4159/1827 2867/4026/1760 2992/4024/1759
f 2873/4162/1830 2994/4222/1890 2993/4036/1765 2874/4034/1764
f 2805/3964/536 2803/4025/536 2867/4026/1760 2870/3965/1729
f 3084/4223/1891 3092/4039/1767 3056/4042/536 3024/4224/536
f 3248/4141/1818 3072/4225/1892 3018/4226/536 3019/4142/536
f 3080/3960/1728 3084/4223/1891 3024/4224/536 3025/3961/536
f 3246/4152/1824 3240/4227/1893 3016/4228/397 3020/4153/397
f 3240/4227/1893 3234/4229/1894 3014/4230/397 3016/4228/397
f 3234/4229/1894 3228/4231/1895 3012/4232/397 3014/4230/397
f 3228/4231/1895 3222/4233/1896 3010/4234/397 3012/4232/397
f 3222/4233/1896 3216/4235/1897 3008/4236/397 3010/4234/397
f 3216/4235/1897 3210/4237/1898 3006/4238/397 3008/4236/397
f 3210/4237/1898 3204/4239/1899 3004/4240/397 3006/4238/397
f 3204/4239/1899 3198/4241/1900 3002/4242/397 3004/4240/397
f 3198/4241/1900 3192/4243/1901 3000/4244/397 3002/4242/397
f 3192/4243/1901 3186/4245/1902 2998/4246/397 3000/4244/397
f 3186/4245/1902 3180/4247/1903 2996/4248/397 2998/4246/397
f 3180/4247/1903 3174/4249/1904 3027/4250/397 2996/4248/397
f 3174/4249/1904 3168/4251/1905 3029/4252/397 3027/4250/397
f 3168/4251/1905 3162/4253/1906 3031/4254/397 3029/4252/397
f 3162/4253/1906 3156/4255/1907 3033/4256/397 3031/4254/397
f 3156/4255/1907 3150/4257/1908 3035/4258/397 3033/4256/397
f 3150/4257/1908 3144/4259/1909 3037/4260/397 3035/4258/397
f 3144/4259/1909 3138/4261/1910 3039/4262/397 3037/4260/397
f 3138/4261/1910 3132/4263/1911 3041/4264/397 3039/4262/397
f 3132/4263/1911 3126/4265/1912 3043/4266/397 3041/4264/397
f 3126/4265/1912 3120/4267/1913 3045/4268/397 3043/4266/397
f 3120/4267/1913 3114/4269/1914 3047/4270/397 3045/4268/397
f 3114/4269/1914 3108/4271/1915 3049/4272/397 3047/4270/397
f 3108/4271/1915 3102/4273/1916 3051/4274/397 3049/4272/397
f 3102/4273/1916 3096/4155/1825 3053/4158/397 3051/4274/397
f 3090/4156/1826 3086/4147/1821 3023/4150/397 3055/4157/397
f 3063/4275/1917 2873/4276/1830 2872/4277/1829 3069/4278/1918
f 3060/4279/1919 3074/4151/1823 3017/4154/397 3057/4280/397
f 3165/4281/1920 2934/4282/1860 2938/4283/1862 3171/4284/1921
f 3219/4285/1922 2970/4286/1878 2974/4287/1880 3225/4288/1923
f 2899/4289/1843 3113/4290/1924 3119/4291/1925 2903/4292/1845
f 2935/4293/1861 3167/4294/1926 3173/4295/1927 2939/4296/1863
f 3117/4297/1928 2902/4298/1844 2906/4299/1846 3123/4300/1929
f 2971/4301/1879 3221/4302/1930 3227/4303/1931 2975/4304/1881
f 3171/4284/1921 2938/4283/1862 2942/4305/1864 3177/4306/1932
f 3225/4288/1923 2974/4287/1880 2978/4307/1882 3231/4308/1933
f 2903/4292/1845 3119/4291/1925 3125/4309/1934 2907/4310/1847
f 2939/4296/1863 3173/4295/1927 3179/4311/1935 2943/4312/1865
f 3123/4300/1929 2906/4299/1846 2910/4313/1848 3129/4314/1936
f 2975/4304/1881 3227/4303/1931 3233/4315/1937 2979/4316/1883
f 3177/4306/1932 2942/4305/1864 2946/4317/1866 3183/4318/1938
f 3231/4308/1933 2978/4307/1882 2982/4319/1884 3237/4320/1939
f 2907/4310/1847 3125/4309/1934 3131/4321/1940 2911/4322/1849
f 2943/4312/1865 3179/4311/1935 3185/4323/1941 2947/4324/1867
f 3129/4314/1936 2910/4313/1848 2914/4325/1850 3135/4326/1942
f 2991/4327/1889 3075/4328/1943 3059/4329/1944 2868/4330/1827
f 2979/4316/1883 3233/4315/1937 3239/4331/1945 2983/4332/1885
f 3183/4318/1938 2946/4317/1866 2950/4333/1868 3189/4334/1946
f 3078/4148/1822 3066/4335/1947 3022/4336/397 3026/4149/397
f 3237/4320/1939 2982/4319/1884 2986/4337/1886 3243/4338/1948
f 2911/4322/1849 3131/4321/1940 3137/4339/1949 2915/4340/1851
f 2868/4330/1827 3059/4329/1944 3065/4341/1950 2869/4342/1828
f 2947/4324/1867 3185/4323/1941 3191/4343/1951 2951/4344/1869
f 3135/4326/1942 2914/4325/1850 2918/4345/1852 3141/4346/1952
f 3071/4347/1953 2994/4348/1890 2873/4276/1830 3063/4275/1917
f 2983/4332/1885 3239/4331/1945 3245/4349/1954 2987/4350/1887
f 3189/4334/1946 2950/4333/1868 2954/4351/1870 3195/4352/1955
f 3243/4338/1948 2986/4337/1886 2990/4353/1888 3249/4354/1956
f 2915/4340/1851 3137/4339/1949 3143/4355/1957 2919/4356/1853
f 2879/4357/1833 3087/4358/1958 3089/4359/1959 2883/4360/1835
f 3072/4225/1892 3062/4027/1761 3058/4028/536 3018/4226/536
f 3025/4361/1960 3024/4362/1961 3023/4363/1961 3026/4364/1960
f 3021/4365/1962 3025/4361/1960 3026/4364/1960 3022/4366/1962
f 3019/4367/1963 3018/4368/1964 3017/4369/1964 3020/4370/1963
f 3015/4371/1965 3019/4367/1963 3020/4370/1963 3016/4372/1965
f 3013/4373/459 3015/4371/1965 3016/4372/1965 3014/4374/459
f 3011/4375/1966 3013/4373/459 3014/4374/459 3012/4376/1966
f 3009/4377/1967 3011/4375/1966 3012/4376/1966 3010/4378/1967
f 3007/4379/1968 3009/4377/1967 3010/4378/1967 3008/4380/1968
f 3005/4381/391 3007/4379/1968 3008/4380/1968 3006/4382/391
f 3003/4383/1969 3005/4384/391 3006/4385/391 3004/4386/1969
f 3001/4387/1970 3003/4383/1969 3004/4386/1969 3002/4388/1970
f 2999/4389/1971 3001/4387/1970 3002/4388/1970 3000/4390/1971
f 2997/4391/448 2999/4389/1971 3000/4390/1971 2998/4392/448
f 2995/4393/1972 2997/4391/448 2998/4392/448 2996/4394/1972
f 3028/4395/1973 2995/4393/1972 2996/4394/1972 3027/4396/1973
f 3030/4397/1974 3028/4395/1973 3027/4396/1973 3029/4398/1974
f 3032/4399/201 3030/4397/1974 3029/4398/1974 3031/4400/201
f 3034/4401/1975 3032/4399/201 3031/4400/201 3033/4402/1975
f 3036/4403/1976 3034/4401/1975 3033/4402/1975 3035/4404/1976
f 3038/4405/1977 3036/4403/1976 3035/4404/1976 3037/4406/1977
f 3040/4407/437 3038/4405/1977 3037/4406/1977 3039/4408/437
f 3042/4409/1978 3040/4407/437 3039/4408/437 3041/4410/1978
f 3044/4411/1979 3042/4409/1978 3041/4410/1978 3043/4412/1979
f 3046/4413/1980 3044/4411/1979 3043/4412/1979 3045/4414/1980
f 3048/4415/392 3046/4413/1980 3045/4414/1980 3047/4416/392
f 3050/4417/1981 3048/4415/392 3047/4416/392 3049/4418/1981
f 3052/4419/1982 3050/4417/1981 3049/4418/1981 3051/4420/1982
f 3054/4421/1983 3052/4419/1982 3051/4420/1982 3053/4422/1983
f 3056/4423/425 3054/4421/1983 3053/4422/1983 3055/4424/425
f 3024/4362/1961 3056/4423/425 3055/4424/425 3023/4363/1961
f 3058/4425/1 3021/4365/1962 3022/4366/1962 3057/4426/1
f 2967/4427/1877 3215/4428/1984 3221/4302/1930 2971/4301/1879
f 3111/4429/1985 2898/4430/1842 2902/4298/1844 3117/4297/1928
f 2931/4431/1859 3161/4432/1986 3167/4294/1926 2935/4293/1861
f 2895/4433/1841 3107/4434/1987 3113/4290/1924 2899/4289/1843
f 3213/4435/1988 2966/4436/1876 2970/4286/1878 3219/4285/1922
f 3081/4437/1989 2878/4438/1832 2882/4439/1834 3083/4440/1990
f 3159/4441/1991 2930/4442/1858 2934/4282/1860 3165/4281/1920
f 2963/4443/1875 3209/4444/1992 3215/4428/1984 2967/4427/1877
f 3105/4445/1993 2894/4446/1840 2898/4430/1842 3111/4429/1985
f 2927/4447/1857 3155/4448/1994 3161/4432/1986 2931/4431/1859
f 2875/4449/1831 3077/4450/1995 3087/4358/1958 2879/4357/1833
f 2891/4451/1839 3101/4452/1996 3107/4434/1987 2895/4433/1841
f 3207/4453/1997 2962/4454/1874 2966/4436/1876 3213/4435/1988
f 3153/4455/1998 2926/4456/1856 2930/4442/1858 3159/4441/1991
f 2959/4457/1873 3203/4458/1999 3209/4444/1992 2963/4443/1875
f 3069/4278/1918 2872/4277/1829 2878/4438/1832 3081/4437/1989
f 3099/4459/2000 2890/4460/1838 2894/4446/1840 3105/4445/1993
f 2923/4461/1855 3149/4462/2001 3155/4448/1994 2927/4447/1857
f 2869/4342/1828 3065/4341/1950 3077/4450/1995 2875/4449/1831
f 2887/4463/1837 3095/4464/2002 3101/4452/1996 2891/4451/1839
f 3201/4465/2003 2958/4466/1872 2962/4454/1874 3207/4453/1997
f 3147/4467/2004 2922/4468/1854 2926/4456/1856 3153/4455/1998
f 2955/4469/1871 3197/4470/2005 3203/4458/1999 2959/4457/1873
f 3249/4354/1956 2990/4353/1888 2994/4348/1890 3071/4347/1953
f 3093/4471/2006 2886/4472/1836 2890/4460/1838 3099/4459/2000
f 2919/4356/1853 3143/4355/1957 3149/4462/2001 2923/4461/1855
f 2883/4360/1835 3089/4359/1959 3095/4464/2002 2887/4463/1837
f 3195/4352/1955 2954/4351/1870 2958/4466/1872 3201/4465/2003
f 2987/4350/1887 3245/4349/1954 3075/4328/1943 2991/4327/1889
f 3083/4440/1990 2882/4439/1834 2886/4472/1836 3093/4471/2006
f 3141/4346/1952 2918/4345/1852 2922/4468/1854 3147/4467/2004
f 2951/4344/1869 3191/4343/1951 3197/4470/2005 2955/4469/1871
f 3081/4437/1989 3083/4440/1990 3085/4473/2007 3082/4474/2008
f 3082/4474/2008 3085/4473/2007 3084/4223/1891 3080/3960/1728
f 3087/4358/1958 3077/4450/1995 3079/4475/2009 3088/4476/2010
f 3088/4476/2010 3079/4475/2009 3078/4148/1822 3086/4147/1821
f 3069/4278/1918 3081/4437/1989 3082/4474/2008 3070/4477/2011
f 3070/4477/2011 3082/4474/2008 3080/3960/1728 3068/3959/1727
f 3077/4450/1995 3065/4341/1950 3067/4478/2012 3079/4475/2009
f 3079/4475/2009 3067/4478/2012 3066/4335/1947 3078/4148/1822
f 3249/4354/1956 3071/4347/1953 3073/4479/2013 3250/4480/2014
f 3250/4480/2014 3073/4479/2013 3072/4225/1892 3248/4141/1818
f 3075/4328/1943 3245/4349/1954 3247/4481/2015 3076/4482/2016
f 3076/4482/2016 3247/4481/2015 3246/4152/1824 3074/4151/1823
f 3243/4338/1948 3249/4354/1956 3250/4480/2014 3244/4483/2017
f 3244/4483/2017 3250/4480/2014 3248/4141/1818 3242/4137/1816
f 3245/4349/1954 3239/4331/1945 3241/4484/2018 3247/4481/2015
f 3247/4481/2015 3241/4484/2018 3240/4227/1893 3246/4152/1824
f 3237/4320/1939 3243/4338/1948 3244/4483/2017 3238/4485/2019
f 3238/4485/2019 3244/4483/2017 3242/4137/1816 3236/4133/1814
f 3239/4331/1945 3233/4315/1937 3235/4486/2020 3241/4484/2018
f 3241/4484/2018 3235/4486/2020 3234/4229/1894 3240/4227/1893
f 3231/4308/1933 3237/4320/1939 3238/4485/2019 3232/4487/2021
f 3232/4487/2021 3238/4485/2019 3236/4133/1814 3230/4129/1812
f 3233/4315/1937 3227/4303/1931 3229/4488/2022 3235/4486/2020
f 3235/4486/2020 3229/4488/2022 3228/4231/1895 3234/4229/1894
f 3225/4288/1923 3231/4308/1933 3232/4487/2021 3226/4489/2023
f 3226/4489/2023 3232/4487/2021 3230/4129/1812 3224/4125/1810
f 3227/4303/1931 3221/4302/1930 3223/4490/2024 3229/4488/2022
f 3229/4488/2022 3223/4490/2024 3222/4233/1896 3228/4231/1895
f 3219/4285/1922 3225/4288/1923 3226/4489/2023 3220/4491/2025
f 3220/4491/2025 3226/4489/2023 3224/4125/1810 3218/4121/1808
f 3221/4302/1930 3215/4428/1984 3217/4492/2026 3223/4490/2024
f 3223/4490/2024 3217/4492/2026 3216/4235/1897 3222/4233/1896
f 3213/4435/1988 3219/4285/1922 3220/4491/2025 3214/4493/2027
f 3214/4493/2027 3220/4491/2025 3218/4121/1808 3212/4117/1806
f 3215/4428/1984 3209/4444/1992 3211/4494/2028 3217/4492/2026
f 3217/4492/2026 3211/4494/2028 3210/4237/1898 3216/4235/1897
f 3207/4453/1997 3213/4435/1988 3214/4493/2027 3208/4495/2029
f 3208/4495/2029 3214/4493/2027 3212/4117/1806 3206/4113/1804
f 3209/4444/1992 3203/4458/1999 3205/4496/2030 3211/4494/2028
f 3211/4494/2028 3205/4496/2030 3204/4239/1899 3210/4237/1898
f 3201/4465/2003 3207/4453/1997 3208/4495/2029 3202/4497/2031
f 3202/4497/2031 3208/4495/2029 3206/4113/1804 3200/4109/1802
f 3203/4458/1999 3197/4470/2005 3199/4498/2032 3205/4496/2030
f 3205/4496/2030 3199/4498/2032 3198/4241/1900 3204/4239/1899
f 3195/4352/1955 3201/4465/2003 3202/4497/2031 3196/4499/2033
f 3196/4499/2033 3202/4497/2031 3200/4109/1802 3194/4105/1800
f 3197/4470/2005 3191/4343/1951 3193/4500/2034 3199/4498/2032
f 3199/4498/2032 3193/4500/2034 3192/4243/1901 3198/4241/1900
f 3189/4334/1946 3195/4352/1955 3196/4499/2033 3190/4501/2035
f 3190/4501/2035 3196/4499/2033 3194/4105/1800 3188/4101/1798
f 3191/4343/1951 3185/4323/1941 3187/4502/2036 3193/4500/2034
f 3193/4500/2034 3187/4502/2036 3186/4245/1902 3192/4243/1901
f 3183/4318/1938 3189/4334/1946 3190/4501/2035 3184/4503/2037
f 3184/4503/2037 3190/4501/2035 3188/4101/1798 3182/4097/1796
f 3185/4323/1941 3179/4311/1935 3181/4504/2038 3187/4502/2036
f 3187/4502/2036 3181/4504/2038 3180/4247/1903 3186/4245/1902
f 3177/4306/1932 3183/4318/1938 3184/4503/2037 3178/4505/2039
f 3178/4505/2039 3184/4503/2037 3182/4097/1796 3176/4093/1794
f 3179/4311/1935 3173/4295/1927 3175/4506/2040 3181/4504/2038
f 3181/4504/2038 3175/4506/2040 3174/4249/1904 3180/4247/1903
f 3171/4284/1921 3177/4306/1932 3178/4505/2039 3172/4507/2041
f 3172/4507/2041 3178/4505/2039 3176/4093/1794 3170/4089/1792
f 3173/4295/1927 3167/4294/1926 3169/4508/2042 3175/4506/2040
f 3175/4506/2040 3169/4508/2042 3168/4251/1905 3174/4249/1904
f 3165/4281/1920 3171/4284/1921 3172/4507/2041 3166/4509/2043
f 3166/4509/2043 3172/4507/2041 3170/4089/1792 3164/4085/1790
f 3167/4294/1926 3161/4432/1986 3163/4510/2044 3169/4508/2042
f 3169/4508/2042 3163/4510/2044 3162/4253/1906 3168/4251/1905
f 3159/4441/1991 3165/4281/1920 3166/4509/2043 3160/4511/2045
f 3160/4511/2045 3166/4509/2043 3164/4085/1790 3158/4081/1788
f 3161/4432/1986 3155/4448/1994 3157/4512/2046 3163/4510/2044
f 3163/4510/2044 3157/4512/2046 3156/4255/1907 3162/4253/1906
f 3153/4455/1998 3159/4441/1991 3160/4511/2045 3154/4513/2047
f 3154/4513/2047 3160/4511/2045 3158/4081/1788 3152/4077/1786
f 3155/4448/1994 3149/4462/2001 3151/4514/2048 3157/4512/2046
f 3157/4512/2046 3151/4514/2048 3150/4257/1908 3156/4255/1907
f 3147/4467/2004 3153/4455/1998 3154/4513/2047 3148/4515/2049
f 3148/4515/2049 3154/4513/2047 3152/4077/1786 3146/4073/1784
f 3149/4462/2001 3143/4355/1957 3145/4516/2050 3151/4514/2048
f 3151/4514/2048 3145/4516/2050 3144/4259/1909 3150/4257/1908
f 3141/4346/1952 3147/4467/2004 3148/4515/2049 3142/4517/2051
f 3142/4517/2051 3148/4515/2049 3146/4073/1784 3140/4069/1782
f 3143/4355/1957 3137/4339/1949 3139/4518/2052 3145/4516/2050
f 3145/4516/2050 3139/4518/2052 3138/4261/1910 3144/4259/1909
f 3135/4326/1942 3141/4346/1952 3142/4517/2051 3136/4519/2053
f 3136/4519/2053 3142/4517/2051 3140/4069/1782 3134/4065/1780
f 3137/4339/1949 3131/4321/1940 3133/4520/2054 3139/4518/2052
f 3139/4518/2052 3133/4520/2054 3132/4263/1911 3138/4261/1910
f 3129/4314/1936 3135/4326/1942 3136/4519/2053 3130/4521/2055
f 3130/4521/2055 3136/4519/2053 3134/4065/1780 3128/4061/1778
f 3131/4321/1940 3125/4309/1934 3127/4522/2056 3133/4520/2054
f 3133/4520/2054 3127/4522/2056 3126/4265/1912 3132/4263/1911
f 3123/4300/1929 3129/4314/1936 3130/4521/2055 3124/4523/2057
f 3124/4523/2057 3130/4521/2055 3128/4061/1778 3122/4057/1776
f 3125/4309/1934 3119/4291/1925 3121/4524/2058 3127/4522/2056
f 3127/4522/2056 3121/4524/2058 3120/4267/1913 3126/4265/1912
f 3117/4297/1928 3123/4300/1929 3124/4523/2057 3118/4525/2059
f 3118/4525/2059 3124/4523/2057 3122/4057/1776 3116/4053/1774
f 3119/4291/1925 3113/4290/1924 3115/4526/2060 3121/4524/2058
f 3121/4524/2058 3115/4526/2060 3114/4269/1914 3120/4267/1913
f 3111/4429/1985 3117/4297/1928 3118/4525/2059 3112/4527/2061
f 3112/4527/2061 3118/4525/2059 3116/4053/1774 3110/4049/1772
f 3113/4290/1924 3107/4434/1987 3109/4528/2062 3115/4526/2060
f 3115/4526/2060 3109/4528/2062 3108/4271/1915 3114/4269/1914
f 3105/4445/1993 3111/4429/1985 3112/4527/2061 3106/4529/2063
f 3106/4529/2063 3112/4527/2061 3110/4049/1772 3104/4045/1770
f 3107/4434/1987 3101/4452/1996 3103/4530/2064 3109/4528/2062
f 3109/4528/2062 3103/4530/2064 3102/4273/1916 3108/4271/1915
f 3099/4459/2000 3105/4445/1993 3106/4529/2063 3100/4531/2065
f 3100/4531/2065 3106/4529/2063 3104/4045/1770 3098/4040/1768
f 3101/4452/1996 3095/4464/2002 3097/4532/2066 3103/4530/2064
f 3103/4530/2064 3097/4532/2066 3096/4155/1825 3102/4273/1916
f 3093/4471/2006 3099/4459/2000 3100/4531/2065 3094/4533/2067
f 3094/4533/2067 3100/4531/2065 3098/4040/1768 3092/4039/1767
f 3095/4464/2002 3089/4359/1959 3091/4534/2068 3097/4532/2066
f 3097/4532/2066 3091/4534/2068 3090/4156/1826 3096/4155/1825
f 3083/4440/1990 3093/4471/2006 3094/4533/2067 3085/4473/2007
f 3085/4473/2007 3094/4533/2067 3092/4039/1767 3084/4223/1891
f 3089/4359/1959 3087/4358/1958 3088/4476/2010 3091/4534/2068
f 3091/4534/2068 3088/4476/2010 3086/4147/1821 3090/4156/1826
f 3063/4275/1917 3069/4278/1918 3070/4477/2011 3064/4535/2069
f 3064/4535/2069 3070/4477/2011 3068/3959/1727 3062/4027/1761
f 3065/4341/1950 3059/4329/1944 3061/4536/2070 3067/4478/2012
f 3067/4478/2012 3061/4536/2070 3060/4279/1919 3066/4335/1947
f 3071/4347/1953 3063/4275/1917 3064/4535/2069 3073/4479/2013
f 3073/4479/2013 3064/4535/2069 3062/4027/1761 3072/4225/1892
f 3059/4329/1944 3075/4328/1943 3076/4482/2016 3061/4536/2070
f 3061/4536/2070 3076/4482/2016 3074/4151/1823 3060/4279/1919
f 3066/4335/1947 3060/4279/1919 3057/4280/397 3022/4336/397
f 3018/4368/1964 3058/4425/1 3057/4426/1 3017/4369/1964
