# Blender 4.0.2
# www.blender.org
mtllib Bomb_1.mtl
o Bomb_1
v 0.099042 0.292290 0.000000
v 0.143786 0.268373 0.000000
v 0.183005 0.236187 0.000000
v 0.215192 0.196968 0.000000
v 0.239108 0.152223 0.000000
v 0.253836 0.103673 0.000000
v 0.097139 0.292290 0.019322
v 0.141024 0.268373 0.028051
v 0.179489 0.236187 0.035703
v 0.211057 0.196968 0.041982
v 0.234514 0.152223 0.046648
v 0.248958 0.103673 0.049521
v 0.091503 0.292290 0.037902
v 0.132841 0.268373 0.055025
v 0.169075 0.236187 0.070033
v 0.198811 0.196968 0.082350
v 0.220907 0.152223 0.091503
v 0.234514 0.103673 0.097139
v 0.082350 0.292290 0.055025
v 0.119554 0.268373 0.079883
v 0.152163 0.236187 0.101672
v 0.178925 0.196968 0.119554
v 0.198811 0.152223 0.132841
v 0.211057 0.103673 0.141024
v 0.070033 0.292290 0.070033
v 0.101672 0.268373 0.101672
v 0.129404 0.236187 0.129404
v 0.152163 0.196968 0.152163
v 0.169075 0.152223 0.169075
v 0.179489 0.103673 0.179489
v 0.055025 0.292290 0.082350
v 0.079883 0.268373 0.119554
v 0.101672 0.236187 0.152163
v 0.119554 0.196968 0.178925
v 0.132841 0.152223 0.198811
v 0.141024 0.103673 0.211057
v 0.037902 0.292290 0.091503
v 0.055025 0.268373 0.132841
v 0.070033 0.236187 0.169075
v 0.082350 0.196968 0.198811
v 0.091503 0.152223 0.220907
v 0.097139 0.103673 0.234514
v 0.019322 0.292290 0.097139
v 0.028051 0.268373 0.141024
v 0.035703 0.236187 0.179489
v 0.041982 0.196968 0.211057
v 0.046648 0.152223 0.234514
v 0.049521 0.103673 0.248958
v 0.000000 0.292290 0.099042
v 0.000000 0.268373 0.143786
v 0.000000 0.236187 0.183005
v 0.000000 0.196968 0.215192
v 0.000000 0.152223 0.239108
v 0.000000 0.103673 0.253836
v 0.072104 0.300461 0.000000
v 0.070718 0.300461 0.014067
v 0.066615 0.300461 0.027593
v 0.059952 0.300461 0.040059
v 0.050985 0.300461 0.050985
v 0.040059 0.300461 0.059952
v 0.027593 0.300461 0.066615
v 0.014067 0.300461 0.070718
v 0.000000 0.300461 0.072104
v 0.251364 0.053182 0.000000
v 0.246534 0.053182 0.049039
v 0.232230 0.053182 0.096193
v 0.209002 0.053182 0.139650
v 0.177741 0.053182 0.177741
v 0.139650 0.053182 0.209002
v 0.096193 0.053182 0.232230
v 0.049039 0.053182 0.246534
v 0.000000 0.053182 0.251364
v 0.258438 0.056947 0.000000
v 0.255007 0.053182 0.000000
v 0.258114 0.055064 0.000000
v 0.256858 0.053686 0.000000
v 0.180317 0.053182 0.180318
v 0.182743 0.056947 0.182743
v 0.181626 0.053686 0.181626
v 0.182514 0.055064 0.182514
v 0.143580 0.056947 0.214883
v 0.141674 0.053182 0.212031
v 0.143400 0.055064 0.214614
v 0.142703 0.053686 0.213570
v 0.098900 0.056947 0.238766
v 0.097587 0.053182 0.235596
v 0.098776 0.055064 0.238466
v 0.098295 0.053686 0.237306
v 0.050419 0.056947 0.253472
v 0.049749 0.053182 0.250107
v 0.050355 0.055064 0.253154
v 0.050111 0.053686 0.251923
v 0.000000 0.056947 0.258438
v 0.000000 0.053182 0.255007
v 0.000000 0.055064 0.258114
v 0.000000 0.053686 0.256858
v 0.250108 0.053182 0.049750
v 0.253472 0.056947 0.050419
v 0.251923 0.053686 0.050111
v 0.253154 0.055064 0.050356
v 0.238766 0.056947 0.098900
v 0.235596 0.053182 0.097587
v 0.238466 0.055064 0.098776
v 0.237306 0.053686 0.098295
v 0.214883 0.056947 0.143580
v 0.212031 0.053182 0.141675
v 0.214614 0.055064 0.143401
v 0.213570 0.053686 0.142703
v -0.099042 0.292290 0.000000
v -0.143786 0.268373 0.000000
v -0.183005 0.236187 0.000000
v -0.215192 0.196968 0.000000
v -0.239108 0.152223 0.000000
v -0.253836 0.103673 0.000000
v -0.097139 0.292290 0.019322
v -0.141024 0.268373 0.028051
v -0.179489 0.236187 0.035703
v -0.211057 0.196968 0.041982
v -0.234514 0.152223 0.046648
v -0.248958 0.103673 0.049521
v -0.091503 0.292290 0.037902
v -0.132841 0.268373 0.055025
v -0.169075 0.236187 0.070033
v -0.198811 0.196968 0.082350
v -0.220907 0.152223 0.091503
v -0.234514 0.103673 0.097139
v -0.082350 0.292290 0.055025
v -0.119554 0.268373 0.079883
v -0.152163 0.236187 0.101672
v -0.178925 0.196968 0.119554
v -0.198811 0.152223 0.132841
v -0.211057 0.103673 0.141024
v -0.070033 0.292290 0.070033
v -0.101672 0.268373 0.101672
v -0.129404 0.236187 0.129404
v -0.152163 0.196968 0.152163
v -0.169075 0.152223 0.169075
v -0.179489 0.103673 0.179489
v -0.055025 0.292290 0.082350
v -0.079883 0.268373 0.119554
v -0.101672 0.236187 0.152163
v -0.119554 0.196968 0.178925
v -0.132841 0.152223 0.198811
v -0.141024 0.103673 0.211057
v -0.037902 0.292290 0.091503
v -0.055025 0.268373 0.132841
v -0.070033 0.236187 0.169075
v -0.082350 0.196968 0.198811
v -0.091503 0.152223 0.220907
v -0.097139 0.103673 0.234514
v -0.019322 0.292290 0.097139
v -0.028051 0.268373 0.141024
v -0.035703 0.236187 0.179489
v -0.041982 0.196968 0.211057
v -0.046648 0.152223 0.234514
v -0.049521 0.103673 0.248958
v -0.072104 0.300461 0.000000
v -0.070718 0.300461 0.014067
v -0.066615 0.300461 0.027593
v -0.059952 0.300461 0.040059
v -0.050985 0.300461 0.050985
v -0.040059 0.300461 0.059952
v -0.027593 0.300461 0.066615
v -0.014067 0.300461 0.070718
v -0.251364 0.053182 0.000000
v -0.246534 0.053182 0.049039
v -0.232230 0.053182 0.096193
v -0.209002 0.053182 0.139650
v -0.177741 0.053182 0.177741
v -0.139650 0.053182 0.209002
v -0.096193 0.053182 0.232230
v -0.049039 0.053182 0.246534
v -0.258438 0.056947 0.000000
v -0.255007 0.053182 0.000000
v -0.258114 0.055064 0.000000
v -0.256858 0.053686 0.000000
v -0.180317 0.053182 0.180318
v -0.182743 0.056947 0.182743
v -0.181626 0.053686 0.181626
v -0.182514 0.055064 0.182514
v -0.143580 0.056947 0.214883
v -0.141674 0.053182 0.212031
v -0.143400 0.055064 0.214614
v -0.142703 0.053686 0.213570
v -0.098900 0.056947 0.238766
v -0.097587 0.053182 0.235596
v -0.098776 0.055064 0.238466
v -0.098295 0.053686 0.237306
v -0.050419 0.056947 0.253472
v -0.049749 0.053182 0.250107
v -0.050355 0.055064 0.253154
v -0.050111 0.053686 0.251923
v -0.250108 0.053182 0.049750
v -0.253472 0.056947 0.050419
v -0.251923 0.053686 0.050111
v -0.253154 0.055064 0.050356
v -0.238766 0.056947 0.098900
v -0.235596 0.053182 0.097587
v -0.238466 0.055064 0.098776
v -0.237306 0.053686 0.098295
v -0.214883 0.056947 0.143580
v -0.212031 0.053182 0.141675
v -0.214614 0.055064 0.143401
v -0.213570 0.053686 0.142703
v 0.097139 0.292290 -0.019322
v 0.141024 0.268373 -0.028051
v 0.179489 0.236187 -0.035703
v 0.211057 0.196968 -0.041982
v 0.234514 0.152223 -0.046648
v 0.248958 0.103673 -0.049521
v 0.091503 0.292290 -0.037902
v 0.132841 0.268373 -0.055025
v 0.169075 0.236187 -0.070033
v 0.198811 0.196968 -0.082350
v 0.220907 0.152223 -0.091503
v 0.234514 0.103673 -0.097139
v 0.082350 0.292290 -0.055025
v 0.119554 0.268373 -0.079883
v 0.152163 0.236187 -0.101672
v 0.178925 0.196968 -0.119554
v 0.198811 0.152223 -0.132841
v 0.211057 0.103673 -0.141024
v 0.070033 0.292290 -0.070033
v 0.101672 0.268373 -0.101672
v 0.129404 0.236187 -0.129404
v 0.152163 0.196968 -0.152163
v 0.169075 0.152223 -0.169075
v 0.179489 0.103673 -0.179489
v 0.055025 0.292290 -0.082350
v 0.079883 0.268373 -0.119554
v 0.101672 0.236187 -0.152163
v 0.119554 0.196968 -0.178925
v 0.132841 0.152223 -0.198811
v 0.141024 0.103673 -0.211057
v 0.037902 0.292290 -0.091503
v 0.055025 0.268373 -0.132841
v 0.070033 0.236187 -0.169075
v 0.082350 0.196968 -0.198811
v 0.091503 0.152223 -0.220907
v 0.097139 0.103673 -0.234514
v 0.019322 0.292290 -0.097139
v 0.028051 0.268373 -0.141024
v 0.035703 0.236187 -0.179489
v 0.041982 0.196968 -0.211057
v 0.046648 0.152223 -0.234514
v 0.049521 0.103673 -0.248958
v 0.000000 0.292290 -0.099042
v 0.000000 0.268373 -0.143786
v 0.000000 0.236187 -0.183005
v 0.000000 0.196968 -0.215192
v 0.000000 0.152223 -0.239108
v 0.000000 0.103673 -0.253836
v 0.070718 0.300461 -0.014067
v 0.066615 0.300461 -0.027593
v 0.059952 0.300461 -0.040059
v 0.050985 0.300461 -0.050985
v 0.040059 0.300461 -0.059952
v 0.027593 0.300461 -0.066615
v 0.014067 0.300461 -0.070718
v 0.000000 0.300461 -0.072104
v 0.246534 0.053182 -0.049039
v 0.232230 0.053182 -0.096193
v 0.209002 0.053182 -0.139650
v 0.177741 0.053182 -0.177741
v 0.139650 0.053182 -0.209002
v 0.096193 0.053182 -0.232230
v 0.049039 0.053182 -0.246534
v 0.000000 0.053182 -0.251364
v 0.180317 0.053182 -0.180318
v 0.182743 0.056947 -0.182743
v 0.181626 0.053686 -0.181626
v 0.182514 0.055064 -0.182514
v 0.143580 0.056947 -0.214883
v 0.141674 0.053182 -0.212031
v 0.143400 0.055064 -0.214614
v 0.142703 0.053686 -0.213570
v 0.098900 0.056947 -0.238766
v 0.097587 0.053182 -0.235596
v 0.098776 0.055064 -0.238466
v 0.098295 0.053686 -0.237306
v 0.050419 0.056947 -0.253472
v 0.049749 0.053182 -0.250107
v 0.050355 0.055064 -0.253154
v 0.050111 0.053686 -0.251923
v 0.000000 0.056947 -0.258438
v 0.000000 0.053182 -0.255007
v 0.000000 0.055064 -0.258114
v 0.000000 0.053686 -0.256858
v 0.250108 0.053182 -0.049750
v 0.253472 0.056947 -0.050419
v 0.251923 0.053686 -0.050111
v 0.253154 0.055064 -0.050356
v 0.238766 0.056947 -0.098900
v 0.235596 0.053182 -0.097587
v 0.238466 0.055064 -0.098776
v 0.237306 0.053686 -0.098295
v 0.214883 0.056947 -0.143580
v 0.212031 0.053182 -0.141675
v 0.214614 0.055064 -0.143401
v 0.213570 0.053686 -0.142703
v -0.097139 0.292290 -0.019322
v -0.141024 0.268373 -0.028051
v -0.179489 0.236187 -0.035703
v -0.211057 0.196968 -0.041982
v -0.234514 0.152223 -0.046648
v -0.248958 0.103673 -0.049521
v -0.091503 0.292290 -0.037902
v -0.132841 0.268373 -0.055025
v -0.169075 0.236187 -0.070033
v -0.198811 0.196968 -0.082350
v -0.220907 0.152223 -0.091503
v -0.234514 0.103673 -0.097139
v -0.082350 0.292290 -0.055025
v -0.119554 0.268373 -0.079883
v -0.152163 0.236187 -0.101672
v -0.178925 0.196968 -0.119554
v -0.198811 0.152223 -0.132841
v -0.211057 0.103673 -0.141024
v -0.070033 0.292290 -0.070033
v -0.101672 0.268373 -0.101672
v -0.129404 0.236187 -0.129404
v -0.152163 0.196968 -0.152163
v -0.169075 0.152223 -0.169075
v -0.179489 0.103673 -0.179489
v -0.055025 0.292290 -0.082350
v -0.079883 0.268373 -0.119554
v -0.101672 0.236187 -0.152163
v -0.119554 0.196968 -0.178925
v -0.132841 0.152223 -0.198811
v -0.141024 0.103673 -0.211057
v -0.037902 0.292290 -0.091503
v -0.055025 0.268373 -0.132841
v -0.070033 0.236187 -0.169075
v -0.082350 0.196968 -0.198811
v -0.091503 0.152223 -0.220907
v -0.097139 0.103673 -0.234514
v -0.019322 0.292290 -0.097139
v -0.028051 0.268373 -0.141024
v -0.035703 0.236187 -0.179489
v -0.041982 0.196968 -0.211057
v -0.046648 0.152223 -0.234514
v -0.049521 0.103673 -0.248958
v -0.070718 0.300461 -0.014067
v -0.066615 0.300461 -0.027593
v -0.059952 0.300461 -0.040059
v -0.050985 0.300461 -0.050985
v -0.040059 0.300461 -0.059952
v -0.027593 0.300461 -0.066615
v -0.014067 0.300461 -0.070718
v -0.246534 0.053182 -0.049039
v -0.232230 0.053182 -0.096193
v -0.209002 0.053182 -0.139650
v -0.177741 0.053182 -0.177741
v -0.139650 0.053182 -0.209002
v -0.096193 0.053182 -0.232230
v -0.049039 0.053182 -0.246534
v -0.180317 0.053182 -0.180318
v -0.182743 0.056947 -0.182743
v -0.181626 0.053686 -0.181626
v -0.182514 0.055064 -0.182514
v -0.143580 0.056947 -0.214883
v -0.141674 0.053182 -0.212031
v -0.143400 0.055064 -0.214614
v -0.142703 0.053686 -0.213570
v -0.098900 0.056947 -0.238766
v -0.097587 0.053182 -0.235596
v -0.098776 0.055064 -0.238466
v -0.098295 0.053686 -0.237306
v -0.050419 0.056947 -0.253472
v -0.049749 0.053182 -0.250107
v -0.050355 0.055064 -0.253154
v -0.050111 0.053686 -0.251923
v -0.250108 0.053182 -0.049750
v -0.253472 0.056947 -0.050419
v -0.251923 0.053686 -0.050111
v -0.253154 0.055064 -0.050356
v -0.238766 0.056947 -0.098900
v -0.235596 0.053182 -0.097587
v -0.238466 0.055064 -0.098776
v -0.237306 0.053686 -0.098295
v -0.214883 0.056947 -0.143580
v -0.212031 0.053182 -0.141675
v -0.214614 0.055064 -0.143401
v -0.213570 0.053686 -0.142703
v 0.046153 0.306773 0.000000
v 0.045266 0.306773 0.009004
v 0.042640 0.306773 0.017662
v 0.038375 0.306773 0.025641
v 0.032635 0.306773 0.032635
v 0.025641 0.306773 0.038375
v 0.017662 0.306773 0.042640
v 0.009004 0.306773 0.045266
v 0.000000 0.306773 0.046153
v -0.046153 0.306773 0.000000
v -0.045266 0.306773 0.009004
v -0.042640 0.306773 0.017662
v -0.038375 0.306773 0.025641
v -0.032635 0.306773 0.032635
v -0.025641 0.306773 0.038375
v -0.017662 0.306773 0.042640
v -0.009004 0.306773 0.045266
v 0.045266 0.306773 -0.009004
v 0.042640 0.306773 -0.017662
v 0.038375 0.306773 -0.025641
v 0.032635 0.306773 -0.032635
v 0.025641 0.306773 -0.038375
v 0.017662 0.306773 -0.042640
v 0.009004 0.306773 -0.045266
v 0.000000 0.306773 -0.046153
v -0.045266 0.306773 -0.009004
v -0.042640 0.306773 -0.017662
v -0.038375 0.306773 -0.025641
v -0.032635 0.306773 -0.032635
v -0.025641 0.306773 -0.038375
v -0.017662 0.306773 -0.042640
v -0.009004 0.306773 -0.045266
v 0.099042 -0.292290 0.000000
v 0.143786 -0.268373 0.000000
v 0.183005 -0.236187 0.000000
v 0.215192 -0.196968 0.000000
v 0.239108 -0.152223 0.000000
v 0.253836 -0.103673 0.000000
v 0.097139 -0.292290 0.019322
v 0.141024 -0.268373 0.028051
v 0.179489 -0.236187 0.035703
v 0.211057 -0.196968 0.041982
v 0.234514 -0.152223 0.046648
v 0.248958 -0.103673 0.049521
v 0.091503 -0.292290 0.037902
v 0.132841 -0.268373 0.055025
v 0.169075 -0.236187 0.070033
v 0.198811 -0.196968 0.082350
v 0.220907 -0.152223 0.091503
v 0.234514 -0.103673 0.097139
v 0.082350 -0.292290 0.055025
v 0.119554 -0.268373 0.079883
v 0.152163 -0.236187 0.101672
v 0.178925 -0.196968 0.119554
v 0.198811 -0.152223 0.132841
v 0.211057 -0.103673 0.141024
v 0.070033 -0.292290 0.070033
v 0.101672 -0.268373 0.101672
v 0.129404 -0.236187 0.129404
v 0.152163 -0.196968 0.152163
v 0.169075 -0.152223 0.169075
v 0.179489 -0.103673 0.179489
v 0.055025 -0.292290 0.082350
v 0.079883 -0.268373 0.119554
v 0.101672 -0.236187 0.152163
v 0.119554 -0.196968 0.178925
v 0.132841 -0.152223 0.198811
v 0.141024 -0.103673 0.211057
v 0.037902 -0.292290 0.091503
v 0.055025 -0.268373 0.132841
v 0.070033 -0.236187 0.169075
v 0.082350 -0.196968 0.198811
v 0.091503 -0.152223 0.220907
v 0.097139 -0.103673 0.234514
v 0.019322 -0.292290 0.097139
v 0.028051 -0.268373 0.141024
v 0.035703 -0.236187 0.179489
v 0.041982 -0.196968 0.211057
v 0.046648 -0.152223 0.234514
v 0.049521 -0.103673 0.248958
v 0.000000 -0.292290 0.099042
v 0.000000 -0.268373 0.143786
v 0.000000 -0.236187 0.183005
v 0.000000 -0.196968 0.215192
v 0.000000 -0.152223 0.239108
v 0.000000 -0.103673 0.253836
v 0.072104 -0.300461 0.000000
v 0.070718 -0.300461 0.014067
v 0.066615 -0.300461 0.027593
v 0.059952 -0.300461 0.040059
v 0.050985 -0.300461 0.050985
v 0.040059 -0.300461 0.059952
v 0.027593 -0.300461 0.066615
v 0.014067 -0.300461 0.070718
v 0.000000 -0.300461 0.072104
v 0.251364 -0.053182 0.000000
v 0.246534 -0.053182 0.049039
v 0.232230 -0.053182 0.096193
v 0.209002 -0.053182 0.139650
v 0.177741 -0.053182 0.177741
v 0.139650 -0.053182 0.209002
v 0.096193 -0.053182 0.232230
v 0.049039 -0.053182 0.246534
v 0.000000 -0.053182 0.251364
v 0.258438 -0.056947 0.000000
v 0.255007 -0.053182 0.000000
v 0.258114 -0.055064 0.000000
v 0.256858 -0.053686 0.000000
v 0.180317 -0.053182 0.180318
v 0.182743 -0.056947 0.182743
v 0.181626 -0.053686 0.181626
v 0.182514 -0.055064 0.182514
v 0.143580 -0.056947 0.214883
v 0.141674 -0.053182 0.212031
v 0.143400 -0.055064 0.214614
v 0.142703 -0.053686 0.213570
v 0.098900 -0.056947 0.238766
v 0.097587 -0.053182 0.235596
v 0.098776 -0.055064 0.238466
v 0.098295 -0.053686 0.237306
v 0.050419 -0.056947 0.253472
v 0.049749 -0.053182 0.250107
v 0.050355 -0.055064 0.253154
v 0.050111 -0.053686 0.251923
v 0.000000 -0.056947 0.258438
v 0.000000 -0.053182 0.255007
v 0.000000 -0.055064 0.258114
v 0.000000 -0.053686 0.256858
v 0.250108 -0.053182 0.049750
v 0.253472 -0.056947 0.050419
v 0.251923 -0.053686 0.050111
v 0.253154 -0.055064 0.050356
v 0.238766 -0.056947 0.098900
v 0.235596 -0.053182 0.097587
v 0.238466 -0.055064 0.098776
v 0.237306 -0.053686 0.098295
v 0.214883 -0.056947 0.143580
v 0.212031 -0.053182 0.141675
v 0.214614 -0.055064 0.143401
v 0.213570 -0.053686 0.142703
v -0.099042 -0.292290 0.000000
v -0.143786 -0.268373 0.000000
v -0.183005 -0.236187 0.000000
v -0.215192 -0.196968 0.000000
v -0.239108 -0.152223 0.000000
v -0.253836 -0.103673 0.000000
v -0.097139 -0.292290 0.019322
v -0.141024 -0.268373 0.028051
v -0.179489 -0.236187 0.035703
v -0.211057 -0.196968 0.041982
v -0.234514 -0.152223 0.046648
v -0.248958 -0.103673 0.049521
v -0.091503 -0.292290 0.037902
v -0.132841 -0.268373 0.055025
v -0.169075 -0.236187 0.070033
v -0.198811 -0.196968 0.082350
v -0.220907 -0.152223 0.091503
v -0.234514 -0.103673 0.097139
v -0.082350 -0.292290 0.055025
v -0.119554 -0.268373 0.079883
v -0.152163 -0.236187 0.101672
v -0.178925 -0.196968 0.119554
v -0.198811 -0.152223 0.132841
v -0.211057 -0.103673 0.141024
v -0.070033 -0.292290 0.070033
v -0.101672 -0.268373 0.101672
v -0.129404 -0.236187 0.129404
v -0.152163 -0.196968 0.152163
v -0.169075 -0.152223 0.169075
v -0.179489 -0.103673 0.179489
v -0.055025 -0.292290 0.082350
v -0.079883 -0.268373 0.119554
v -0.101672 -0.236187 0.152163
v -0.119554 -0.196968 0.178925
v -0.132841 -0.152223 0.198811
v -0.141024 -0.103673 0.211057
v -0.037902 -0.292290 0.091503
v -0.055025 -0.268373 0.132841
v -0.070033 -0.236187 0.169075
v -0.082350 -0.196968 0.198811
v -0.091503 -0.152223 0.220907
v -0.097139 -0.103673 0.234514
v -0.019322 -0.292290 0.097139
v -0.028051 -0.268373 0.141024
v -0.035703 -0.236187 0.179489
v -0.041982 -0.196968 0.211057
v -0.046648 -0.152223 0.234514
v -0.049521 -0.103673 0.248958
v -0.072104 -0.300461 0.000000
v -0.070718 -0.300461 0.014067
v -0.066615 -0.300461 0.027593
v -0.059952 -0.300461 0.040059
v -0.050985 -0.300461 0.050985
v -0.040059 -0.300461 0.059952
v -0.027593 -0.300461 0.066615
v -0.014067 -0.300461 0.070718
v -0.251364 -0.053182 0.000000
v -0.246534 -0.053182 0.049039
v -0.232230 -0.053182 0.096193
v -0.209002 -0.053182 0.139650
v -0.177741 -0.053182 0.177741
v -0.139650 -0.053182 0.209002
v -0.096193 -0.053182 0.232230
v -0.049039 -0.053182 0.246534
v -0.258438 -0.056947 0.000000
v -0.255007 -0.053182 0.000000
v -0.258114 -0.055064 0.000000
v -0.256858 -0.053686 0.000000
v -0.180317 -0.053182 0.180318
v -0.182743 -0.056947 0.182743
v -0.181626 -0.053686 0.181626
v -0.182514 -0.055064 0.182514
v -0.143580 -0.056947 0.214883
v -0.141674 -0.053182 0.212031
v -0.143400 -0.055064 0.214614
v -0.142703 -0.053686 0.213570
v -0.098900 -0.056947 0.238766
v -0.097587 -0.053182 0.235596
v -0.098776 -0.055064 0.238466
v -0.098295 -0.053686 0.237306
v -0.050419 -0.056947 0.253472
v -0.049749 -0.053182 0.250107
v -0.050355 -0.055064 0.253154
v -0.050111 -0.053686 0.251923
v -0.250108 -0.053182 0.049750
v -0.253472 -0.056947 0.050419
v -0.251923 -0.053686 0.050111
v -0.253154 -0.055064 0.050356
v -0.238766 -0.056947 0.098900
v -0.235596 -0.053182 0.097587
v -0.238466 -0.055064 0.098776
v -0.237306 -0.053686 0.098295
v -0.214883 -0.056947 0.143580
v -0.212031 -0.053182 0.141675
v -0.214614 -0.055064 0.143401
v -0.213570 -0.053686 0.142703
v 0.097139 -0.292290 -0.019322
v 0.141024 -0.268373 -0.028051
v 0.179489 -0.236187 -0.035703
v 0.211057 -0.196968 -0.041982
v 0.234514 -0.152223 -0.046648
v 0.248958 -0.103673 -0.049521
v 0.091503 -0.292290 -0.037902
v 0.132841 -0.268373 -0.055025
v 0.169075 -0.236187 -0.070033
v 0.198811 -0.196968 -0.082350
v 0.220907 -0.152223 -0.091503
v 0.234514 -0.103673 -0.097139
v 0.082350 -0.292290 -0.055025
v 0.119554 -0.268373 -0.079883
v 0.152163 -0.236187 -0.101672
v 0.178925 -0.196968 -0.119554
v 0.198811 -0.152223 -0.132841
v 0.211057 -0.103673 -0.141024
v 0.070033 -0.292290 -0.070033
v 0.101672 -0.268373 -0.101672
v 0.129404 -0.236187 -0.129404
v 0.152163 -0.196968 -0.152163
v 0.169075 -0.152223 -0.169075
v 0.179489 -0.103673 -0.179489
v 0.055025 -0.292290 -0.082350
v 0.079883 -0.268373 -0.119554
v 0.101672 -0.236187 -0.152163
v 0.119554 -0.196968 -0.178925
v 0.132841 -0.152223 -0.198811
v 0.141024 -0.103673 -0.211057
v 0.037902 -0.292290 -0.091503
v 0.055025 -0.268373 -0.132841
v 0.070033 -0.236187 -0.169075
v 0.082350 -0.196968 -0.198811
v 0.091503 -0.152223 -0.220907
v 0.097139 -0.103673 -0.234514
v 0.019322 -0.292290 -0.097139
v 0.028051 -0.268373 -0.141024
v 0.035703 -0.236187 -0.179489
v 0.041982 -0.196968 -0.211057
v 0.046648 -0.152223 -0.234514
v 0.049521 -0.103673 -0.248958
v 0.000000 -0.292290 -0.099042
v 0.000000 -0.268373 -0.143786
v 0.000000 -0.236187 -0.183005
v 0.000000 -0.196968 -0.215192
v 0.000000 -0.152223 -0.239108
v 0.000000 -0.103673 -0.253836
v 0.070718 -0.300461 -0.014067
v 0.066615 -0.300461 -0.027593
v 0.059952 -0.300461 -0.040059
v 0.050985 -0.300461 -0.050985
v 0.040059 -0.300461 -0.059952
v 0.027593 -0.300461 -0.066615
v 0.014067 -0.300461 -0.070718
v 0.000000 -0.300461 -0.072104
v 0.246534 -0.053182 -0.049039
v 0.232230 -0.053182 -0.096193
v 0.209002 -0.053182 -0.139650
v 0.177741 -0.053182 -0.177741
v 0.139650 -0.053182 -0.209002
v 0.096193 -0.053182 -0.232230
v 0.049039 -0.053182 -0.246534
v 0.000000 -0.053182 -0.251364
v 0.180317 -0.053182 -0.180318
v 0.182743 -0.056947 -0.182743
v 0.181626 -0.053686 -0.181626
v 0.182514 -0.055064 -0.182514
v 0.143580 -0.056947 -0.214883
v 0.141674 -0.053182 -0.212031
v 0.143400 -0.055064 -0.214614
v 0.142703 -0.053686 -0.213570
v 0.098900 -0.056947 -0.238766
v 0.097587 -0.053182 -0.235596
v 0.098776 -0.055064 -0.238466
v 0.098295 -0.053686 -0.237306
v 0.050419 -0.056947 -0.253472
v 0.049749 -0.053182 -0.250107
v 0.050355 -0.055064 -0.253154
v 0.050111 -0.053686 -0.251923
v 0.000000 -0.056947 -0.258438
v 0.000000 -0.053182 -0.255007
v 0.000000 -0.055064 -0.258114
v 0.000000 -0.053686 -0.256858
v 0.250108 -0.053182 -0.049750
v 0.253472 -0.056947 -0.050419
v 0.251923 -0.053686 -0.050111
v 0.253154 -0.055064 -0.050356
v 0.238766 -0.056947 -0.098900
v 0.235596 -0.053182 -0.097587
v 0.238466 -0.055064 -0.098776
v 0.237306 -0.053686 -0.098295
v 0.214883 -0.056947 -0.143580
v 0.212031 -0.053182 -0.141675
v 0.214614 -0.055064 -0.143401
v 0.213570 -0.053686 -0.142703
v -0.097139 -0.292290 -0.019322
v -0.141024 -0.268373 -0.028051
v -0.179489 -0.236187 -0.035703
v -0.211057 -0.196968 -0.041982
v -0.234514 -0.152223 -0.046648
v -0.248958 -0.103673 -0.049521
v -0.091503 -0.292290 -0.037902
v -0.132841 -0.268373 -0.055025
v -0.169075 -0.236187 -0.070033
v -0.198811 -0.196968 -0.082350
v -0.220907 -0.152223 -0.091503
v -0.234514 -0.103673 -0.097139
v -0.082350 -0.292290 -0.055025
v -0.119554 -0.268373 -0.079883
v -0.152163 -0.236187 -0.101672
v -0.178925 -0.196968 -0.119554
v -0.198811 -0.152223 -0.132841
v -0.211057 -0.103673 -0.141024
v -0.070033 -0.292290 -0.070033
v -0.101672 -0.268373 -0.101672
v -0.129404 -0.236187 -0.129404
v -0.152163 -0.196968 -0.152163
v -0.169075 -0.152223 -0.169075
v -0.179489 -0.103673 -0.179489
v -0.055025 -0.292290 -0.082350
v -0.079883 -0.268373 -0.119554
v -0.101672 -0.236187 -0.152163
v -0.119554 -0.196968 -0.178925
v -0.132841 -0.152223 -0.198811
v -0.141024 -0.103673 -0.211057
v -0.037902 -0.292290 -0.091503
v -0.055025 -0.268373 -0.132841
v -0.070033 -0.236187 -0.169075
v -0.082350 -0.196968 -0.198811
v -0.091503 -0.152223 -0.220907
v -0.097139 -0.103673 -0.234514
v -0.019322 -0.292290 -0.097139
v -0.028051 -0.268373 -0.141024
v -0.035703 -0.236187 -0.179489
v -0.041982 -0.196968 -0.211057
v -0.046648 -0.152223 -0.234514
v -0.049521 -0.103673 -0.248958
v -0.070718 -0.300461 -0.014067
v -0.066615 -0.300461 -0.027593
v -0.059952 -0.300461 -0.040059
v -0.050985 -0.300461 -0.050985
v -0.040059 -0.300461 -0.059952
v -0.027593 -0.300461 -0.066615
v -0.014067 -0.300461 -0.070718
v -0.246534 -0.053182 -0.049039
v -0.232230 -0.053182 -0.096193
v -0.209002 -0.053182 -0.139650
v -0.177741 -0.053182 -0.177741
v -0.139650 -0.053182 -0.209002
v -0.096193 -0.053182 -0.232230
v -0.049039 -0.053182 -0.246534
v -0.180317 -0.053182 -0.180318
v -0.182743 -0.056947 -0.182743
v -0.181626 -0.053686 -0.181626
v -0.182514 -0.055064 -0.182514
v -0.143580 -0.056947 -0.214883
v -0.141674 -0.053182 -0.212031
v -0.143400 -0.055064 -0.214614
v -0.142703 -0.053686 -0.213570
v -0.098900 -0.056947 -0.238766
v -0.097587 -0.053182 -0.235596
v -0.098776 -0.055064 -0.238466
v -0.098295 -0.053686 -0.237306
v -0.050419 -0.056947 -0.253472
v -0.049749 -0.053182 -0.250107
v -0.050355 -0.055064 -0.253154
v -0.050111 -0.053686 -0.251923
v -0.250108 -0.053182 -0.049750
v -0.253472 -0.056947 -0.050419
v -0.251923 -0.053686 -0.050111
v -0.253154 -0.055064 -0.050356
v -0.238766 -0.056947 -0.098900
v -0.235596 -0.053182 -0.097587
v -0.238466 -0.055064 -0.098776
v -0.237306 -0.053686 -0.098295
v -0.214883 -0.056947 -0.143580
v -0.212031 -0.053182 -0.141675
v -0.214614 -0.055064 -0.143401
v -0.213570 -0.053686 -0.142703
v 0.046153 -0.306773 0.000000
v 0.045266 -0.306773 0.009004
v 0.042640 -0.306773 0.017662
v 0.038375 -0.306773 0.025641
v 0.032635 -0.306773 0.032635
v 0.025641 -0.306773 0.038375
v 0.017662 -0.306773 0.042640
v 0.009004 -0.306773 0.045266
v 0.000000 -0.306773 0.046153
v -0.046153 -0.306773 0.000000
v -0.045266 -0.306773 0.009004
v -0.042640 -0.306773 0.017662
v -0.038375 -0.306773 0.025641
v -0.032635 -0.306773 0.032635
v -0.025641 -0.306773 0.038375
v -0.017662 -0.306773 0.042640
v -0.009004 -0.306773 0.045266
v 0.045266 -0.306773 -0.009004
v 0.042640 -0.306773 -0.017662
v 0.038375 -0.306773 -0.025641
v 0.032635 -0.306773 -0.032635
v 0.025641 -0.306773 -0.038375
v 0.017662 -0.306773 -0.042640
v 0.009004 -0.306773 -0.045266
v 0.000000 -0.306773 -0.046153
v -0.045266 -0.306773 -0.009004
v -0.042640 -0.306773 -0.017662
v -0.038375 -0.306773 -0.025641
v -0.032635 -0.306773 -0.032635
v -0.025641 -0.306773 -0.038375
v -0.017662 -0.306773 -0.042640
v -0.009004 -0.306773 -0.045266
v 0.233783 0.031974 0.046502
v 0.220219 0.031974 0.091218
v 0.198192 0.031974 0.132428
v 0.168548 0.031974 0.168548
v 0.132428 0.031974 0.198192
v 0.091218 0.031974 0.220219
v 0.046502 0.031974 0.233783
v -0.233783 0.031974 0.046502
v -0.220219 0.031974 0.091218
v -0.198192 0.031974 0.132428
v -0.168548 0.031974 0.168548
v -0.132428 0.031974 0.198192
v -0.091218 0.031974 0.220219
v -0.046502 0.031974 0.233783
v 0.233783 0.031974 -0.046502
v 0.220219 0.031974 -0.091218
v 0.198192 0.031974 -0.132428
v 0.168548 0.031974 -0.168548
v 0.132428 0.031974 -0.198192
v 0.091218 0.031974 -0.220219
v 0.046502 0.031974 -0.233783
v -0.233783 0.031974 -0.046502
v -0.220219 0.031974 -0.091218
v -0.198192 0.031974 -0.132428
v -0.168548 0.031974 -0.168548
v -0.132428 0.031974 -0.198192
v -0.091218 0.031974 -0.220219
v -0.046502 0.031974 -0.233783
v 0.233783 -0.031974 0.046502
v 0.220219 -0.031974 0.091218
v 0.198192 -0.031974 0.132428
v 0.168548 -0.031974 0.168548
v 0.132428 -0.031974 0.198192
v 0.091218 -0.031974 0.220219
v 0.046502 -0.031974 0.233783
v -0.233783 -0.031974 0.046502
v -0.220219 -0.031974 0.091218
v -0.198192 -0.031974 0.132428
v -0.168548 -0.031974 0.168548
v -0.132428 -0.031974 0.198192
v -0.091218 -0.031974 0.220219
v -0.046502 -0.031974 0.233783
v 0.233783 -0.031974 -0.046502
v 0.220219 -0.031974 -0.091218
v 0.198192 -0.031974 -0.132428
v 0.168548 -0.031974 -0.168548
v 0.132428 -0.031974 -0.198192
v 0.091218 -0.031974 -0.220219
v 0.046502 -0.031974 -0.233783
v -0.233783 -0.031974 -0.046502
v -0.220219 -0.031974 -0.091218
v -0.198192 -0.031974 -0.132428
v -0.168548 -0.031974 -0.168548
v -0.132428 -0.031974 -0.198192
v -0.091218 -0.031974 -0.220219
v -0.046502 -0.031974 -0.233783
v 0.251788 0.053549 0.000000
v 0.246950 0.053549 0.049121
v 0.232622 0.053549 0.096355
v 0.209354 0.053549 0.139886
v 0.178041 0.053549 0.178041
v 0.139886 0.053549 0.209354
v 0.096355 0.053549 0.232622
v 0.049121 0.053549 0.246950
v 0.000000 0.053549 0.251788
v 0.233268 0.030061 0.000000
v 0.228786 0.030061 0.045508
v 0.215511 0.030061 0.089268
v 0.193955 0.030061 0.129597
v 0.164945 0.030061 0.164945
v 0.129597 0.030061 0.193955
v 0.089268 0.030061 0.215511
v 0.045508 0.030061 0.228786
v 0.000000 0.030061 0.233268
v 0.246950 0.033844 0.049121
v 0.243216 0.030061 0.048379
v 0.246450 0.031952 0.049022
v 0.245083 0.030568 0.048750
v 0.206188 0.030061 0.137771
v 0.209354 0.033844 0.139886
v 0.207771 0.030568 0.138828
v 0.208930 0.031952 0.139603
v 0.178041 0.033844 0.178041
v 0.175349 0.030061 0.175349
v 0.177680 0.031952 0.177680
v 0.176695 0.030568 0.176695
v 0.094898 0.030061 0.229104
v 0.096355 0.033844 0.232622
v 0.095627 0.030568 0.230863
v 0.096160 0.031952 0.232151
v 0.049121 0.033844 0.246950
v 0.048379 0.030061 0.243216
v 0.049022 0.031952 0.246450
v 0.048750 0.030568 0.245083
v 0.251788 0.033844 0.000000
v 0.247981 0.030061 0.000000
v 0.251278 0.031952 0.000000
v 0.249884 0.030568 0.000000
v 0.232622 0.033844 0.096355
v 0.229104 0.030061 0.094898
v 0.232151 0.031952 0.096160
v 0.230863 0.030568 0.095627
v 0.139886 0.033844 0.209354
v 0.137771 0.030061 0.206188
v 0.139603 0.031952 0.208930
v 0.138828 0.030568 0.207771
v 0.000000 0.030061 0.247980
v 0.000000 0.033844 0.251788
v 0.000000 0.030568 0.249884
v 0.000000 0.031952 0.251278
v -0.251788 0.053549 0.000000
v -0.246950 0.053549 0.049121
v -0.232622 0.053549 0.096355
v -0.209354 0.053549 0.139886
v -0.178041 0.053549 0.178041
v -0.139886 0.053549 0.209354
v -0.096355 0.053549 0.232622
v -0.049121 0.053549 0.246950
v -0.233268 0.030061 0.000000
v -0.228786 0.030061 0.045508
v -0.215511 0.030061 0.089268
v -0.193955 0.030061 0.129597
v -0.164945 0.030061 0.164945
v -0.129597 0.030061 0.193955
v -0.089268 0.030061 0.215511
v -0.045508 0.030061 0.228786
v -0.246950 0.033844 0.049121
v -0.243216 0.030061 0.048379
v -0.246450 0.031952 0.049022
v -0.245083 0.030568 0.048750
v -0.206188 0.030061 0.137771
v -0.209354 0.033844 0.139886
v -0.207771 0.030568 0.138828
v -0.208930 0.031952 0.139603
v -0.178041 0.033844 0.178041
v -0.175349 0.030061 0.175349
v -0.177680 0.031952 0.177680
v -0.176695 0.030568 0.176695
v -0.094898 0.030061 0.229104
v -0.096355 0.033844 0.232622
v -0.095627 0.030568 0.230863
v -0.096160 0.031952 0.232151
v -0.049121 0.033844 0.246950
v -0.048379 0.030061 0.243216
v -0.049022 0.031952 0.246450
v -0.048750 0.030568 0.245083
v -0.251788 0.033844 0.000000
v -0.247981 0.030061 0.000000
v -0.251278 0.031952 0.000000
v -0.249884 0.030568 0.000000
v -0.232622 0.033844 0.096355
v -0.229104 0.030061 0.094898
v -0.232151 0.031952 0.096160
v -0.230863 0.030568 0.095627
v -0.139886 0.033844 0.209354
v -0.137771 0.030061 0.206188
v -0.139603 0.031952 0.208930
v -0.138828 0.030568 0.207771
v 0.246950 0.053549 -0.049121
v 0.232622 0.053549 -0.096355
v 0.209354 0.053549 -0.139886
v 0.178041 0.053549 -0.178041
v 0.139886 0.053549 -0.209354
v 0.096355 0.053549 -0.232622
v 0.049121 0.053549 -0.246950
v 0.000000 0.053549 -0.251788
v 0.228786 0.030061 -0.045508
v 0.215511 0.030061 -0.089268
v 0.193955 0.030061 -0.129597
v 0.164945 0.030061 -0.164945
v 0.129597 0.030061 -0.193955
v 0.089268 0.030061 -0.215511
v 0.045508 0.030061 -0.228786
v 0.000000 0.030061 -0.233268
v 0.246950 0.033844 -0.049121
v 0.243216 0.030061 -0.048379
v 0.246450 0.031952 -0.049022
v 0.245083 0.030568 -0.048750
v 0.206188 0.030061 -0.137771
v 0.209354 0.033844 -0.139886
v 0.207771 0.030568 -0.138828
v 0.208930 0.031952 -0.139603
v 0.178041 0.033844 -0.178041
v 0.175349 0.030061 -0.175349
v 0.177680 0.031952 -0.177680
v 0.176695 0.030568 -0.176695
v 0.094898 0.030061 -0.229104
v 0.096355 0.033844 -0.232622
v 0.095627 0.030568 -0.230863
v 0.096160 0.031952 -0.232151
v 0.049121 0.033844 -0.246950
v 0.048379 0.030061 -0.243216
v 0.049022 0.031952 -0.246450
v 0.048750 0.030568 -0.245083
v 0.232622 0.033844 -0.096355
v 0.229104 0.030061 -0.094898
v 0.232151 0.031952 -0.096160
v 0.230863 0.030568 -0.095627
v 0.139886 0.033844 -0.209354
v 0.137771 0.030061 -0.206188
v 0.139603 0.031952 -0.208930
v 0.138828 0.030568 -0.207771
v 0.000000 0.030061 -0.247980
v 0.000000 0.033844 -0.251788
v 0.000000 0.030568 -0.249884
v 0.000000 0.031952 -0.251278
v -0.246950 0.053549 -0.049121
v -0.232622 0.053549 -0.096355
v -0.209354 0.053549 -0.139886
v -0.178041 0.053549 -0.178041
v -0.139886 0.053549 -0.209354
v -0.096355 0.053549 -0.232622
v -0.049121 0.053549 -0.246950
v -0.228786 0.030061 -0.045508
v -0.215511 0.030061 -0.089268
v -0.193955 0.030061 -0.129597
v -0.164945 0.030061 -0.164945
v -0.129597 0.030061 -0.193955
v -0.089268 0.030061 -0.215511
v -0.045508 0.030061 -0.228786
v -0.246950 0.033844 -0.049121
v -0.243216 0.030061 -0.048379
v -0.246450 0.031952 -0.049022
v -0.245083 0.030568 -0.048750
v -0.206188 0.030061 -0.137771
v -0.209354 0.033844 -0.139886
v -0.207771 0.030568 -0.138828
v -0.208930 0.031952 -0.139603
v -0.178041 0.033844 -0.178041
v -0.175349 0.030061 -0.175349
v -0.177680 0.031952 -0.177680
v -0.176695 0.030568 -0.176695
v -0.094898 0.030061 -0.229104
v -0.096355 0.033844 -0.232622
v -0.095627 0.030568 -0.230863
v -0.096160 0.031952 -0.232151
v -0.049121 0.033844 -0.246950
v -0.048379 0.030061 -0.243216
v -0.049022 0.031952 -0.246450
v -0.048750 0.030568 -0.245083
v -0.232622 0.033844 -0.096355
v -0.229104 0.030061 -0.094898
v -0.232151 0.031952 -0.096160
v -0.230863 0.030568 -0.095627
v -0.139886 0.033844 -0.209354
v -0.137771 0.030061 -0.206188
v -0.139603 0.031952 -0.208930
v -0.138828 0.030568 -0.207771
v 0.251788 -0.053549 0.000000
v 0.246950 -0.053549 0.049121
v 0.232622 -0.053549 0.096355
v 0.209354 -0.053549 0.139886
v 0.178041 -0.053549 0.178041
v 0.139886 -0.053549 0.209354
v 0.096355 -0.053549 0.232622
v 0.049121 -0.053549 0.246950
v 0.000000 -0.053549 0.251788
v 0.233268 -0.030061 0.000000
v 0.228786 -0.030061 0.045508
v 0.215511 -0.030061 0.089268
v 0.193955 -0.030061 0.129597
v 0.164945 -0.030061 0.164945
v 0.129597 -0.030061 0.193955
v 0.089268 -0.030061 0.215511
v 0.045508 -0.030061 0.228786
v 0.000000 -0.030061 0.233268
v 0.246950 -0.033844 0.049121
v 0.243216 -0.030061 0.048379
v 0.246450 -0.031952 0.049022
v 0.245083 -0.030568 0.048750
v 0.206188 -0.030061 0.137771
v 0.209354 -0.033844 0.139886
v 0.207771 -0.030568 0.138828
v 0.208930 -0.031952 0.139603
v 0.178041 -0.033844 0.178041
v 0.175349 -0.030061 0.175349
v 0.177680 -0.031952 0.177680
v 0.176695 -0.030568 0.176695
v 0.094898 -0.030061 0.229104
v 0.096355 -0.033844 0.232622
v 0.095627 -0.030568 0.230863
v 0.096160 -0.031952 0.232151
v 0.049121 -0.033844 0.246950
v 0.048379 -0.030061 0.243216
v 0.049022 -0.031952 0.246450
v 0.048750 -0.030568 0.245083
v 0.251788 -0.033844 0.000000
v 0.247981 -0.030061 0.000000
v 0.251278 -0.031952 0.000000
v 0.249884 -0.030568 0.000000
v 0.232622 -0.033844 0.096355
v 0.229104 -0.030061 0.094898
v 0.232151 -0.031952 0.096160
v 0.230863 -0.030568 0.095627
v 0.139886 -0.033844 0.209354
v 0.137771 -0.030061 0.206188
v 0.139603 -0.031952 0.208930
v 0.138828 -0.030568 0.207771
v 0.000000 -0.030061 0.247980
v 0.000000 -0.033844 0.251788
v 0.000000 -0.030568 0.249884
v 0.000000 -0.031952 0.251278
v -0.251788 -0.053549 0.000000
v -0.246950 -0.053549 0.049121
v -0.232622 -0.053549 0.096355
v -0.209354 -0.053549 0.139886
v -0.178041 -0.053549 0.178041
v -0.139886 -0.053549 0.209354
v -0.096355 -0.053549 0.232622
v -0.049121 -0.053549 0.246950
v -0.233268 -0.030061 0.000000
v -0.228786 -0.030061 0.045508
v -0.215511 -0.030061 0.089268
v -0.193955 -0.030061 0.129597
v -0.164945 -0.030061 0.164945
v -0.129597 -0.030061 0.193955
v -0.089268 -0.030061 0.215511
v -0.045508 -0.030061 0.228786
v -0.246950 -0.033844 0.049121
v -0.243216 -0.030061 0.048379
v -0.246450 -0.031952 0.049022
v -0.245083 -0.030568 0.048750
v -0.206188 -0.030061 0.137771
v -0.209354 -0.033844 0.139886
v -0.207771 -0.030568 0.138828
v -0.208930 -0.031952 0.139603
v -0.178041 -0.033844 0.178041
v -0.175349 -0.030061 0.175349
v -0.177680 -0.031952 0.177680
v -0.176695 -0.030568 0.176695
v -0.094898 -0.030061 0.229104
v -0.096355 -0.033844 0.232622
v -0.095627 -0.030568 0.230863
v -0.096160 -0.031952 0.232151
v -0.049121 -0.033844 0.246950
v -0.048379 -0.030061 0.243216
v -0.049022 -0.031952 0.246450
v -0.048750 -0.030568 0.245083
v -0.251788 -0.033844 0.000000
v -0.247981 -0.030061 0.000000
v -0.251278 -0.031952 0.000000
v -0.249884 -0.030568 0.000000
v -0.232622 -0.033844 0.096355
v -0.229104 -0.030061 0.094898
v -0.232151 -0.031952 0.096160
v -0.230863 -0.030568 0.095627
v -0.139886 -0.033844 0.209354
v -0.137771 -0.030061 0.206188
v -0.139603 -0.031952 0.208930
v -0.138828 -0.030568 0.207771
v 0.246950 -0.053549 -0.049121
v 0.232622 -0.053549 -0.096355
v 0.209354 -0.053549 -0.139886
v 0.178041 -0.053549 -0.178041
v 0.139886 -0.053549 -0.209354
v 0.096355 -0.053549 -0.232622
v 0.049121 -0.053549 -0.246950
v 0.000000 -0.053549 -0.251788
v 0.228786 -0.030061 -0.045508
v 0.215511 -0.030061 -0.089268
v 0.193955 -0.030061 -0.129597
v 0.164945 -0.030061 -0.164945
v 0.129597 -0.030061 -0.193955
v 0.089268 -0.030061 -0.215511
v 0.045508 -0.030061 -0.228786
v 0.000000 -0.030061 -0.233268
v 0.246950 -0.033844 -0.049121
v 0.243216 -0.030061 -0.048379
v 0.246450 -0.031952 -0.049022
v 0.245083 -0.030568 -0.048750
v 0.206188 -0.030061 -0.137771
v 0.209354 -0.033844 -0.139886
v 0.207771 -0.030568 -0.138828
v 0.208930 -0.031952 -0.139603
v 0.178041 -0.033844 -0.178041
v 0.175349 -0.030061 -0.175349
v 0.177680 -0.031952 -0.177680
v 0.176695 -0.030568 -0.176695
v 0.094898 -0.030061 -0.229104
v 0.096355 -0.033844 -0.232622
v 0.095627 -0.030568 -0.230863
v 0.096160 -0.031952 -0.232151
v 0.049121 -0.033844 -0.246950
v 0.048379 -0.030061 -0.243216
v 0.049022 -0.031952 -0.246450
v 0.048750 -0.030568 -0.245083
v 0.232622 -0.033844 -0.096355
v 0.229104 -0.030061 -0.094898
v 0.232151 -0.031952 -0.096160
v 0.230863 -0.030568 -0.095627
v 0.139886 -0.033844 -0.209354
v 0.137771 -0.030061 -0.206188
v 0.139603 -0.031952 -0.208930
v 0.138828 -0.030568 -0.207771
v 0.000000 -0.030061 -0.247980
v 0.000000 -0.033844 -0.251788
v 0.000000 -0.030568 -0.249884
v 0.000000 -0.031952 -0.251278
v -0.246950 -0.053549 -0.049121
v -0.232622 -0.053549 -0.096355
v -0.209354 -0.053549 -0.139886
v -0.178041 -0.053549 -0.178041
v -0.139886 -0.053549 -0.209354
v -0.096355 -0.053549 -0.232622
v -0.049121 -0.053549 -0.246950
v -0.228786 -0.030061 -0.045508
v -0.215511 -0.030061 -0.089268
v -0.193955 -0.030061 -0.129597
v -0.164945 -0.030061 -0.164945
v -0.129597 -0.030061 -0.193955
v -0.089268 -0.030061 -0.215511
v -0.045508 -0.030061 -0.228786
v -0.246950 -0.033844 -0.049121
v -0.243216 -0.030061 -0.048379
v -0.246450 -0.031952 -0.049022
v -0.245083 -0.030568 -0.048750
v -0.206188 -0.030061 -0.137771
v -0.209354 -0.033844 -0.139886
v -0.207771 -0.030568 -0.138828
v -0.208930 -0.031952 -0.139603
v -0.178041 -0.033844 -0.178041
v -0.175349 -0.030061 -0.175349
v -0.177680 -0.031952 -0.177680
v -0.176695 -0.030568 -0.176695
v -0.094898 -0.030061 -0.229104
v -0.096355 -0.033844 -0.232622
v -0.095627 -0.030568 -0.230863
v -0.096160 -0.031952 -0.232151
v -0.049121 -0.033844 -0.246950
v -0.048379 -0.030061 -0.243216
v -0.049022 -0.031952 -0.246450
v -0.048750 -0.030568 -0.245083
v -0.232622 -0.033844 -0.096355
v -0.229104 -0.030061 -0.094898
v -0.232151 -0.031952 -0.096160
v -0.230863 -0.030568 -0.095627
v -0.139886 -0.033844 -0.209354
v -0.137771 -0.030061 -0.206188
v -0.139603 -0.031952 -0.208930
v -0.138828 -0.030568 -0.207771
v 0.047536 0.306181 0.000000
v 0.046623 0.306181 0.009274
v 0.043918 0.306181 0.018191
v 0.039525 0.306181 0.026410
v 0.033613 0.306181 0.033613
v 0.026410 0.306181 0.039525
v 0.018191 0.306181 0.043918
v 0.009274 0.306181 0.046623
v 0.000000 0.306181 0.047536
v -0.047536 0.306181 0.000000
v -0.046623 0.306181 0.009274
v -0.043918 0.306181 0.018191
v -0.039525 0.306181 0.026410
v -0.033613 0.306181 0.033613
v -0.026410 0.306181 0.039525
v -0.018191 0.306181 0.043918
v -0.009274 0.306181 0.046623
v 0.046623 0.306181 -0.009274
v 0.043918 0.306181 -0.018191
v 0.039525 0.306181 -0.026410
v 0.033613 0.306181 -0.033613
v 0.026410 0.306181 -0.039525
v 0.018191 0.306181 -0.043918
v 0.009274 0.306181 -0.046623
v 0.000000 0.306181 -0.047536
v -0.046623 0.306181 -0.009274
v -0.043918 0.306181 -0.018191
v -0.039525 0.306181 -0.026410
v -0.033613 0.306181 -0.033613
v -0.026410 0.306181 -0.039525
v -0.018191 0.306181 -0.043918
v -0.009274 0.306181 -0.046623
v 0.047536 0.307486 0.000000
v 0.028278 0.309576 0.000000
v 0.047246 0.308531 0.000000
v 0.046455 0.309296 0.000000
v 0.027735 0.309576 0.005517
v 0.046623 0.307486 0.009274
v 0.045562 0.309296 0.009063
v 0.046338 0.308531 0.009217
v 0.026126 0.309576 0.010822
v 0.043918 0.307486 0.018191
v 0.042918 0.309296 0.017777
v 0.043650 0.308531 0.018080
v 0.023513 0.309576 0.015711
v 0.039525 0.307486 0.026410
v 0.038626 0.309296 0.025809
v 0.039284 0.308531 0.026249
v 0.019996 0.309576 0.019996
v 0.033613 0.307486 0.033613
v 0.032848 0.309296 0.032848
v 0.033408 0.308531 0.033408
v 0.015711 0.309576 0.023513
v 0.026410 0.307486 0.039525
v 0.025809 0.309296 0.038626
v 0.026249 0.308531 0.039284
v 0.010822 0.309576 0.026126
v 0.018191 0.307486 0.043918
v 0.017777 0.309296 0.042918
v 0.018080 0.308531 0.043650
v 0.005517 0.309576 0.027735
v 0.009274 0.307486 0.046623
v 0.009063 0.309296 0.045562
v 0.009217 0.308531 0.046338
v 0.000000 0.309576 0.028278
v 0.000000 0.307486 0.047536
v 0.000000 0.309296 0.046455
v 0.000000 0.308531 0.047246
v -0.028278 0.309576 0.000000
v -0.047536 0.307486 0.000000
v -0.046455 0.309296 0.000000
v -0.047246 0.308531 0.000000
v -0.046623 0.307486 0.009274
v -0.027735 0.309576 0.005517
v -0.046338 0.308531 0.009217
v -0.045562 0.309296 0.009063
v -0.043918 0.307486 0.018191
v -0.026126 0.309576 0.010822
v -0.043650 0.308531 0.018080
v -0.042918 0.309296 0.017777
v -0.039525 0.307486 0.026410
v -0.023513 0.309576 0.015711
v -0.039284 0.308531 0.026249
v -0.038626 0.309296 0.025809
v -0.033613 0.307486 0.033613
v -0.019996 0.309576 0.019996
v -0.033408 0.308531 0.033408
v -0.032848 0.309296 0.032848
v -0.026410 0.307486 0.039525
v -0.015711 0.309576 0.023513
v -0.026249 0.308531 0.039284
v -0.025809 0.309296 0.038626
v -0.018191 0.307486 0.043918
v -0.010822 0.309576 0.026126
v -0.018080 0.308531 0.043650
v -0.017777 0.309296 0.042918
v -0.009274 0.307486 0.046623
v -0.005517 0.309576 0.027735
v -0.009217 0.308531 0.046338
v -0.009063 0.309296 0.045562
v 0.046623 0.307486 -0.009274
v 0.027735 0.309576 -0.005517
v 0.046338 0.308531 -0.009217
v 0.045562 0.309296 -0.009063
v 0.043918 0.307486 -0.018191
v 0.026126 0.309576 -0.010822
v 0.043650 0.308531 -0.018080
v 0.042918 0.309296 -0.017777
v 0.039525 0.307486 -0.026410
v 0.023513 0.309576 -0.015711
v 0.039284 0.308531 -0.026249
v 0.038626 0.309296 -0.025809
v 0.033613 0.307486 -0.033613
v 0.019996 0.309576 -0.019996
v 0.033408 0.308531 -0.033408
v 0.032848 0.309296 -0.032848
v 0.026410 0.307486 -0.039525
v 0.015711 0.309576 -0.023513
v 0.026249 0.308531 -0.039284
v 0.025809 0.309296 -0.038626
v 0.018191 0.307486 -0.043918
v 0.010822 0.309576 -0.026126
v 0.018080 0.308531 -0.043650
v 0.017777 0.309296 -0.042918
v 0.009274 0.307486 -0.046623
v 0.005517 0.309576 -0.027735
v 0.009217 0.308531 -0.046338
v 0.009063 0.309296 -0.045562
v 0.000000 0.307486 -0.047536
v 0.000000 0.309576 -0.028278
v 0.000000 0.308531 -0.047246
v 0.000000 0.309296 -0.046455
v -0.027735 0.309576 -0.005517
v -0.046623 0.307486 -0.009274
v -0.045562 0.309296 -0.009063
v -0.046338 0.308531 -0.009217
v -0.026126 0.309576 -0.010822
v -0.043918 0.307486 -0.018191
v -0.042918 0.309296 -0.017777
v -0.043650 0.308531 -0.018080
v -0.023513 0.309576 -0.015711
v -0.039525 0.307486 -0.026410
v -0.038626 0.309296 -0.025809
v -0.039284 0.308531 -0.026249
v -0.019996 0.309576 -0.019996
v -0.033613 0.307486 -0.033613
v -0.032848 0.309296 -0.032848
v -0.033408 0.308531 -0.033408
v -0.015711 0.309576 -0.023513
v -0.026410 0.307486 -0.039525
v -0.025809 0.309296 -0.038626
v -0.026249 0.308531 -0.039284
v -0.010822 0.309576 -0.026126
v -0.018191 0.307486 -0.043918
v -0.017777 0.309296 -0.042918
v -0.018080 0.308531 -0.043650
v -0.005517 0.309576 -0.027735
v -0.009274 0.307486 -0.046623
v -0.009063 0.309296 -0.045562
v -0.009217 0.308531 -0.046338
v 0.045373 0.309576 0.000000
v 0.044501 0.309576 0.008852
v 0.041919 0.309576 0.017364
v 0.037726 0.309576 0.025208
v 0.032084 0.309576 0.032084
v 0.025208 0.309576 0.037726
v 0.017364 0.309576 0.041919
v 0.008852 0.309576 0.044501
v 0.000000 0.309576 0.045373
v -0.044501 0.309576 0.008852
v -0.045373 0.309576 0.000000
v -0.041919 0.309576 0.017364
v -0.037726 0.309576 0.025208
v -0.032084 0.309576 0.032084
v -0.025208 0.309576 0.037726
v -0.017364 0.309576 0.041919
v -0.008852 0.309576 0.044501
v 0.044501 0.309576 -0.008852
v 0.041919 0.309576 -0.017364
v 0.037726 0.309576 -0.025208
v 0.032084 0.309576 -0.032084
v 0.025208 0.309576 -0.037726
v 0.017364 0.309576 -0.041919
v 0.008852 0.309576 -0.044501
v 0.000000 0.309576 -0.045373
v -0.044501 0.309576 -0.008852
v -0.041919 0.309576 -0.017364
v -0.037726 0.309576 -0.025208
v -0.032084 0.309576 -0.032084
v -0.025208 0.309576 -0.037726
v -0.017364 0.309576 -0.041919
v -0.008852 0.309576 -0.044501
v 0.047536 -0.306181 0.000000
v 0.046623 -0.306181 0.009274
v 0.043918 -0.306181 0.018191
v 0.039525 -0.306181 0.026410
v 0.033613 -0.306181 0.033613
v 0.026410 -0.306181 0.039525
v 0.018191 -0.306181 0.043918
v 0.009274 -0.306181 0.046623
v 0.000000 -0.306181 0.047536
v -0.047536 -0.306181 0.000000
v -0.046623 -0.306181 0.009274
v -0.043918 -0.306181 0.018191
v -0.039525 -0.306181 0.026410
v -0.033613 -0.306181 0.033613
v -0.026410 -0.306181 0.039525
v -0.018191 -0.306181 0.043918
v -0.009274 -0.306181 0.046623
v 0.046623 -0.306181 -0.009274
v 0.043918 -0.306181 -0.018191
v 0.039525 -0.306181 -0.026410
v 0.033613 -0.306181 -0.033613
v 0.026410 -0.306181 -0.039525
v 0.018191 -0.306181 -0.043918
v 0.009274 -0.306181 -0.046623
v 0.000000 -0.306181 -0.047536
v -0.046623 -0.306181 -0.009274
v -0.043918 -0.306181 -0.018191
v -0.039525 -0.306181 -0.026410
v -0.033613 -0.306181 -0.033613
v -0.026410 -0.306181 -0.039525
v -0.018191 -0.306181 -0.043918
v -0.009274 -0.306181 -0.046623
v 0.047536 -0.307486 0.000000
v 0.028278 -0.309576 0.000000
v 0.047246 -0.308531 0.000000
v 0.046455 -0.309296 0.000000
v 0.027735 -0.309576 0.005517
v 0.046623 -0.307486 0.009274
v 0.045562 -0.309296 0.009063
v 0.046338 -0.308531 0.009217
v 0.026126 -0.309576 0.010822
v 0.043918 -0.307486 0.018191
v 0.042918 -0.309296 0.017777
v 0.043650 -0.308531 0.018080
v 0.023513 -0.309576 0.015711
v 0.039525 -0.307486 0.026410
v 0.038626 -0.309296 0.025809
v 0.039284 -0.308531 0.026249
v 0.019996 -0.309576 0.019996
v 0.033613 -0.307486 0.033613
v 0.032848 -0.309296 0.032848
v 0.033408 -0.308531 0.033408
v 0.015711 -0.309576 0.023513
v 0.026410 -0.307486 0.039525
v 0.025809 -0.309296 0.038626
v 0.026249 -0.308531 0.039284
v 0.010822 -0.309576 0.026126
v 0.018191 -0.307486 0.043918
v 0.017777 -0.309296 0.042918
v 0.018080 -0.308531 0.043650
v 0.005517 -0.309576 0.027735
v 0.009274 -0.307486 0.046623
v 0.009063 -0.309296 0.045562
v 0.009217 -0.308531 0.046338
v 0.000000 -0.309576 0.028278
v 0.000000 -0.307486 0.047536
v 0.000000 -0.309296 0.046455
v 0.000000 -0.308531 0.047246
v -0.028278 -0.309576 0.000000
v -0.047536 -0.307486 0.000000
v -0.046455 -0.309296 0.000000
v -0.047246 -0.308531 0.000000
v -0.046623 -0.307486 0.009274
v -0.027735 -0.309576 0.005517
v -0.046338 -0.308531 0.009217
v -0.045562 -0.309296 0.009063
v -0.043918 -0.307486 0.018191
v -0.026126 -0.309576 0.010822
v -0.043650 -0.308531 0.018080
v -0.042918 -0.309296 0.017777
v -0.039525 -0.307486 0.026410
v -0.023513 -0.309576 0.015711
v -0.039284 -0.308531 0.026249
v -0.038626 -0.309296 0.025809
v -0.033613 -0.307486 0.033613
v -0.019996 -0.309576 0.019996
v -0.033408 -0.308531 0.033408
v -0.032848 -0.309296 0.032848
v -0.026410 -0.307486 0.039525
v -0.015711 -0.309576 0.023513
v -0.026249 -0.308531 0.039284
v -0.025809 -0.309296 0.038626
v -0.018191 -0.307486 0.043918
v -0.010822 -0.309576 0.026126
v -0.018080 -0.308531 0.043650
v -0.017777 -0.309296 0.042918
v -0.009274 -0.307486 0.046623
v -0.005517 -0.309576 0.027735
v -0.009217 -0.308531 0.046338
v -0.009063 -0.309296 0.045562
v 0.046623 -0.307486 -0.009274
v 0.027735 -0.309576 -0.005517
v 0.046338 -0.308531 -0.009217
v 0.045562 -0.309296 -0.009063
v 0.043918 -0.307486 -0.018191
v 0.026126 -0.309576 -0.010822
v 0.043650 -0.308531 -0.018080
v 0.042918 -0.309296 -0.017777
v 0.039525 -0.307486 -0.026410
v 0.023513 -0.309576 -0.015711
v 0.039284 -0.308531 -0.026249
v 0.038626 -0.309296 -0.025809
v 0.033613 -0.307486 -0.033613
v 0.019996 -0.309576 -0.019996
v 0.033408 -0.308531 -0.033408
v 0.032848 -0.309296 -0.032848
v 0.026410 -0.307486 -0.039525
v 0.015711 -0.309576 -0.023513
v 0.026249 -0.308531 -0.039284
v 0.025809 -0.309296 -0.038626
v 0.018191 -0.307486 -0.043918
v 0.010822 -0.309576 -0.026126
v 0.018080 -0.308531 -0.043650
v 0.017777 -0.309296 -0.042918
v 0.009274 -0.307486 -0.046623
v 0.005517 -0.309576 -0.027735
v 0.009217 -0.308531 -0.046338
v 0.009063 -0.309296 -0.045562
v 0.000000 -0.307486 -0.047536
v 0.000000 -0.309576 -0.028278
v 0.000000 -0.308531 -0.047246
v 0.000000 -0.309296 -0.046455
v -0.027735 -0.309576 -0.005517
v -0.046623 -0.307486 -0.009274
v -0.045562 -0.309296 -0.009063
v -0.046338 -0.308531 -0.009217
v -0.026126 -0.309576 -0.010822
v -0.043918 -0.307486 -0.018191
v -0.042918 -0.309296 -0.017777
v -0.043650 -0.308531 -0.018080
v -0.023513 -0.309576 -0.015711
v -0.039525 -0.307486 -0.026410
v -0.038626 -0.309296 -0.025809
v -0.039284 -0.308531 -0.026249
v -0.019996 -0.309576 -0.019996
v -0.033613 -0.307486 -0.033613
v -0.032848 -0.309296 -0.032848
v -0.033408 -0.308531 -0.033408
v -0.015711 -0.309576 -0.023513
v -0.026410 -0.307486 -0.039525
v -0.025809 -0.309296 -0.038626
v -0.026249 -0.308531 -0.039284
v -0.010822 -0.309576 -0.026126
v -0.018191 -0.307486 -0.043918
v -0.017777 -0.309296 -0.042918
v -0.018080 -0.308531 -0.043650
v -0.005517 -0.309576 -0.027735
v -0.009274 -0.307486 -0.046623
v -0.009063 -0.309296 -0.045562
v -0.009217 -0.308531 -0.046338
v 0.045373 -0.309576 0.000000
v 0.044501 -0.309576 0.008852
v 0.041919 -0.309576 0.017364
v 0.037726 -0.309576 0.025208
v 0.032084 -0.309576 0.032084
v 0.025208 -0.309576 0.037726
v 0.017364 -0.309576 0.041919
v 0.008852 -0.309576 0.044501
v 0.000000 -0.309576 0.045373
v -0.044501 -0.309576 0.008852
v -0.045373 -0.309576 0.000000
v -0.041919 -0.309576 0.017364
v -0.037726 -0.309576 0.025208
v -0.032084 -0.309576 0.032084
v -0.025208 -0.309576 0.037726
v -0.017364 -0.309576 0.041919
v -0.008852 -0.309576 0.044501
v 0.044501 -0.309576 -0.008852
v 0.041919 -0.309576 -0.017364
v 0.037726 -0.309576 -0.025208
v 0.032084 -0.309576 -0.032084
v 0.025208 -0.309576 -0.037726
v 0.017364 -0.309576 -0.041919
v 0.008852 -0.309576 -0.044501
v 0.000000 -0.309576 -0.045373
v -0.044501 -0.309576 -0.008852
v -0.041919 -0.309576 -0.017364
v -0.037726 -0.309576 -0.025208
v -0.032084 -0.309576 -0.032084
v -0.025208 -0.309576 -0.037726
v -0.017364 -0.309576 -0.041919
v -0.008852 -0.309576 -0.044501
v -0.016425 0.307208 -0.026088
v -0.013346 0.468040 -0.021196
v -0.005192 0.307208 -0.030388
v -0.004218 0.468040 -0.024690
v 0.006832 0.307208 -0.030061
v 0.005551 0.468040 -0.024425
v 0.017816 0.307208 -0.025159
v 0.014476 0.468040 -0.020441
v 0.026088 0.307208 -0.016426
v 0.021196 0.468040 -0.013346
v 0.030388 0.307208 -0.005192
v 0.024690 0.468040 -0.004218
v 0.030061 0.307208 0.006832
v 0.024425 0.468040 0.005551
v 0.025159 0.307208 0.017816
v 0.020441 0.468040 0.014476
v 0.016425 0.307208 0.026088
v 0.013346 0.468040 0.021196
v 0.005192 0.307208 0.030388
v 0.004218 0.468040 0.024690
v -0.006832 0.307208 0.030061
v -0.005551 0.468040 0.024425
v -0.017816 0.307208 0.025158
v -0.014476 0.468040 0.020441
v -0.026088 0.307208 0.016425
v -0.021196 0.468040 0.013346
v -0.030388 0.307208 0.005192
v -0.024690 0.468040 0.004218
v -0.030061 0.307208 -0.006832
v -0.024425 0.468040 -0.005551
v -0.025159 0.307208 -0.017816
v -0.020441 0.468040 -0.014476
v -0.005192 0.460531 -0.030388
v -0.004547 0.467034 -0.026614
v -0.005019 0.464285 -0.029377
v -0.016425 0.460531 -0.026088
v -0.015879 0.464285 -0.025220
v -0.014386 0.467034 -0.022848
v 0.006832 0.460531 -0.030061
v 0.005984 0.467034 -0.026328
v 0.006605 0.464285 -0.029061
v 0.017816 0.460531 -0.025159
v 0.015604 0.467034 -0.022034
v 0.017223 0.464285 -0.024321
v 0.026088 0.460531 -0.016426
v 0.022848 0.467034 -0.014386
v 0.025220 0.464285 -0.015879
v 0.030388 0.460531 -0.005192
v 0.026614 0.467034 -0.004547
v 0.029377 0.464285 -0.005019
v 0.030061 0.460531 0.006832
v 0.026328 0.467034 0.005984
v 0.029061 0.464285 0.006605
v 0.025159 0.460531 0.017816
v 0.022034 0.467034 0.015604
v 0.024321 0.464285 0.017223
v 0.016425 0.460531 0.026088
v 0.014386 0.467034 0.022848
v 0.015879 0.464285 0.025220
v 0.005192 0.460531 0.030388
v 0.004547 0.467034 0.026614
v 0.005019 0.464285 0.029376
v -0.006832 0.460531 0.030061
v -0.005984 0.467034 0.026328
v -0.006605 0.464285 0.029061
v -0.017816 0.460531 0.025158
v -0.015604 0.467034 0.022034
v -0.017223 0.464285 0.024321
v -0.026088 0.460531 0.016425
v -0.022848 0.467034 0.014386
v -0.025220 0.464285 0.015879
v -0.030388 0.460531 0.005192
v -0.026614 0.467034 0.004547
v -0.029377 0.464285 0.005019
v -0.030061 0.460531 -0.006832
v -0.026328 0.467034 -0.005984
v -0.029061 0.464285 -0.006605
v -0.025159 0.460531 -0.017816
v -0.022034 0.467034 -0.015604
v -0.024321 0.464285 -0.017223
v -0.016425 -0.307208 -0.026088
v -0.013346 -0.468040 -0.021196
v -0.005192 -0.307208 -0.030388
v -0.004218 -0.468040 -0.024690
v 0.006832 -0.307208 -0.030061
v 0.005551 -0.468040 -0.024425
v 0.017816 -0.307208 -0.025159
v 0.014476 -0.468040 -0.020441
v 0.026088 -0.307208 -0.016426
v 0.021196 -0.468040 -0.013346
v 0.030388 -0.307208 -0.005192
v 0.024690 -0.468040 -0.004218
v 0.030061 -0.307208 0.006832
v 0.024425 -0.468040 0.005551
v 0.025159 -0.307208 0.017816
v 0.020441 -0.468040 0.014476
v 0.016425 -0.307208 0.026088
v 0.013346 -0.468040 0.021196
v 0.005192 -0.307208 0.030388
v 0.004218 -0.468040 0.024690
v -0.006832 -0.307208 0.030061
v -0.005551 -0.468040 0.024425
v -0.017816 -0.307208 0.025158
v -0.014476 -0.468040 0.020441
v -0.026088 -0.307208 0.016425
v -0.021196 -0.468040 0.013346
v -0.030388 -0.307208 0.005192
v -0.024690 -0.468040 0.004218
v -0.030061 -0.307208 -0.006832
v -0.024425 -0.468040 -0.005551
v -0.025159 -0.307208 -0.017816
v -0.020441 -0.468040 -0.014476
v -0.005192 -0.460531 -0.030388
v -0.004547 -0.467034 -0.026614
v -0.005019 -0.464285 -0.029377
v -0.016425 -0.460531 -0.026088
v -0.015879 -0.464285 -0.025220
v -0.014386 -0.467034 -0.022848
v 0.006832 -0.460531 -0.030061
v 0.005984 -0.467034 -0.026328
v 0.006605 -0.464285 -0.029061
v 0.017816 -0.460531 -0.025159
v 0.015604 -0.467034 -0.022034
v 0.017223 -0.464285 -0.024321
v 0.026088 -0.460531 -0.016426
v 0.022848 -0.467034 -0.014386
v 0.025220 -0.464285 -0.015879
v 0.030388 -0.460531 -0.005192
v 0.026614 -0.467034 -0.004547
v 0.029377 -0.464285 -0.005019
v 0.030061 -0.460531 0.006832
v 0.026328 -0.467034 0.005984
v 0.029061 -0.464285 0.006605
v 0.025159 -0.460531 0.017816
v 0.022034 -0.467034 0.015604
v 0.024321 -0.464285 0.017223
v 0.016425 -0.460531 0.026088
v 0.014386 -0.467034 0.022848
v 0.015879 -0.464285 0.025220
v 0.005192 -0.460531 0.030388
v 0.004547 -0.467034 0.026614
v 0.005019 -0.464285 0.029376
v -0.006832 -0.460531 0.030061
v -0.005984 -0.467034 0.026328
v -0.006605 -0.464285 0.029061
v -0.017816 -0.460531 0.025158
v -0.015604 -0.467034 0.022034
v -0.017223 -0.464285 0.024321
v -0.026088 -0.460531 0.016425
v -0.022848 -0.467034 0.014386
v -0.025220 -0.464285 0.015879
v -0.030388 -0.460531 0.005192
v -0.026614 -0.467034 0.004547
v -0.029377 -0.464285 0.005019
v -0.030061 -0.460531 -0.006832
v -0.026328 -0.467034 -0.005984
v -0.029061 -0.464285 -0.006605
v -0.025159 -0.460531 -0.017816
v -0.022034 -0.467034 -0.015604
v -0.024321 -0.464285 -0.017223
v -0.278320 0.246192 0.278461
v -0.285631 0.244439 0.272215
v -0.292889 0.239448 0.267983
v -0.298991 0.231978 0.266407
v -0.303007 0.223167 0.267728
v -0.304326 0.214355 0.271745
v -0.302748 0.206885 0.277846
v -0.298511 0.201894 0.285102
v -0.292262 0.200141 0.292409
v -0.284952 0.201894 0.298655
v -0.277693 0.206885 0.302887
v -0.271591 0.214355 0.304463
v -0.267575 0.223167 0.303142
v -0.266256 0.231978 0.299125
v -0.267835 0.239448 0.293024
v -0.272071 0.244439 0.285768
v -0.280829 0.246392 0.264282
v -0.285003 0.245701 0.270531
v -0.283255 0.246999 0.267265
v -0.271832 0.248549 0.271969
v -0.274557 0.249084 0.274696
v -0.277124 0.247590 0.277263
v -0.289763 0.240249 0.259073
v -0.292827 0.240320 0.265969
v -0.291891 0.241060 0.262229
v -0.297272 0.231055 0.257133
v -0.299405 0.232268 0.264270
v -0.299151 0.232172 0.260354
v -0.302215 0.220210 0.258759
v -0.303734 0.222770 0.265694
v -0.303930 0.221688 0.261926
v -0.303839 0.209365 0.263703
v -0.305156 0.213272 0.270024
v -0.305499 0.211204 0.266705
v -0.301896 0.200172 0.271212
v -0.303454 0.205220 0.276600
v -0.303621 0.202317 0.273964
v -0.296682 0.194029 0.280143
v -0.298887 0.199840 0.284422
v -0.298580 0.196378 0.282598
v -0.288991 0.191872 0.289136
v -0.292151 0.197951 0.292299
v -0.291145 0.194293 0.291292
v -0.279993 0.194029 0.296823
v -0.284272 0.199840 0.299031
v -0.282447 0.196378 0.298723
v -0.271060 0.200172 0.302032
v -0.276447 0.205220 0.303593
v -0.273811 0.202317 0.303759
v -0.263550 0.209365 0.303972
v -0.269870 0.213272 0.305292
v -0.266551 0.211204 0.305634
v -0.258607 0.220210 0.302346
v -0.265541 0.222770 0.303868
v -0.261773 0.221688 0.304062
v -0.256984 0.231055 0.297402
v -0.264119 0.232268 0.299538
v -0.260203 0.232172 0.299283
v -0.258927 0.240249 0.289893
v -0.265821 0.240320 0.292961
v -0.262082 0.241060 0.292023
v -0.264141 0.246392 0.280962
v -0.270388 0.245701 0.285140
v -0.267122 0.246999 0.283390
v -0.179304 0.173333 0.148559
v -0.170371 0.179477 0.153768
v -0.161373 0.181634 0.161455
v -0.153682 0.179477 0.170448
v -0.191757 0.153295 0.148245
v -0.186814 0.164140 0.146619
v -0.193380 0.142450 0.153189
v -0.191437 0.133257 0.160698
v -0.186223 0.127113 0.169629
v -0.178532 0.124956 0.178622
v -0.169535 0.127113 0.186309
v -0.160601 0.133257 0.191518
v -0.153092 0.142450 0.193458
v -0.148149 0.153295 0.191832
v -0.146525 0.164140 0.186888
v -0.148468 0.173333 0.179379
v -0.177218 0.172070 0.146443
v -0.168285 0.178213 0.151652
v -0.159287 0.180370 0.159339
v -0.151596 0.178213 0.168332
v -0.189671 0.152032 0.146129
v -0.184728 0.162876 0.144503
v -0.191294 0.141187 0.151073
v -0.189351 0.131993 0.158582
v -0.184137 0.125850 0.167513
v -0.176446 0.123693 0.176506
v -0.167449 0.125850 0.184193
v -0.158515 0.131993 0.189402
v -0.151006 0.141187 0.191341
v -0.146063 0.152032 0.189716
v -0.144439 0.162876 0.184772
v -0.146382 0.172070 0.177263
v 0.278320 0.246192 0.278461
v 0.285631 0.244439 0.272215
v 0.292889 0.239448 0.267983
v 0.298991 0.231978 0.266407
v 0.303007 0.223167 0.267728
v 0.304326 0.214355 0.271745
v 0.302748 0.206885 0.277846
v 0.298511 0.201894 0.285102
v 0.292262 0.200141 0.292409
v 0.284952 0.201894 0.298655
v 0.277693 0.206885 0.302887
v 0.271591 0.214355 0.304463
v 0.267575 0.223167 0.303142
v 0.266256 0.231978 0.299125
v 0.267835 0.239448 0.293024
v 0.272071 0.244439 0.285768
v 0.280829 0.246392 0.264282
v 0.285003 0.245701 0.270531
v 0.283255 0.246999 0.267265
v 0.271832 0.248549 0.271969
v 0.274557 0.249084 0.274696
v 0.277124 0.247590 0.277263
v 0.289763 0.240249 0.259073
v 0.292827 0.240320 0.265969
v 0.291891 0.241060 0.262229
v 0.297272 0.231055 0.257133
v 0.299405 0.232268 0.264270
v 0.299151 0.232172 0.260354
v 0.302215 0.220210 0.258759
v 0.303734 0.222770 0.265694
v 0.303930 0.221688 0.261926
v 0.303839 0.209365 0.263703
v 0.305156 0.213272 0.270024
v 0.305499 0.211204 0.266705
v 0.301896 0.200172 0.271212
v 0.303454 0.205220 0.276600
v 0.303621 0.202317 0.273964
v 0.296682 0.194029 0.280143
v 0.298887 0.199840 0.284422
v 0.298580 0.196378 0.282598
v 0.288991 0.191872 0.289136
v 0.292151 0.197951 0.292299
v 0.291145 0.194293 0.291292
v 0.279993 0.194029 0.296823
v 0.284272 0.199840 0.299031
v 0.282447 0.196378 0.298723
v 0.271060 0.200172 0.302032
v 0.276447 0.205220 0.303593
v 0.273811 0.202317 0.303759
v 0.263550 0.209365 0.303972
v 0.269870 0.213272 0.305292
v 0.266551 0.211204 0.305634
v 0.258607 0.220210 0.302346
v 0.265541 0.222770 0.303868
v 0.261773 0.221688 0.304062
v 0.256984 0.231055 0.297402
v 0.264119 0.232268 0.299538
v 0.260203 0.232172 0.299283
v 0.258927 0.240249 0.289893
v 0.265821 0.240320 0.292961
v 0.262082 0.241060 0.292023
v 0.264141 0.246392 0.280962
v 0.270388 0.245701 0.285140
v 0.267122 0.246999 0.283390
v 0.179304 0.173333 0.148559
v 0.170371 0.179477 0.153768
v 0.161373 0.181634 0.161455
v 0.153682 0.179477 0.170448
v 0.191757 0.153295 0.148245
v 0.186814 0.164140 0.146619
v 0.193380 0.142450 0.153189
v 0.191437 0.133257 0.160698
v 0.186223 0.127113 0.169629
v 0.178532 0.124956 0.178622
v 0.169535 0.127113 0.186309
v 0.160601 0.133257 0.191518
v 0.153092 0.142450 0.193458
v 0.148149 0.153295 0.191832
v 0.146525 0.164140 0.186888
v 0.148468 0.173333 0.179379
v 0.177218 0.172070 0.146443
v 0.168285 0.178213 0.151652
v 0.159287 0.180370 0.159339
v 0.151596 0.178213 0.168332
v 0.189671 0.152032 0.146129
v 0.184728 0.162876 0.144503
v 0.191294 0.141187 0.151073
v 0.189351 0.131993 0.158582
v 0.184137 0.125850 0.167513
v 0.176446 0.123693 0.176506
v 0.167449 0.125850 0.184193
v 0.158515 0.131993 0.189402
v 0.151006 0.141187 0.191341
v 0.146063 0.152032 0.189716
v 0.144439 0.162876 0.184772
v 0.146382 0.172070 0.177263
v -0.278320 0.246192 -0.278461
v -0.285631 0.244439 -0.272215
v -0.292889 0.239448 -0.267983
v -0.298991 0.231978 -0.266407
v -0.303007 0.223167 -0.267728
v -0.304326 0.214355 -0.271745
v -0.302748 0.206885 -0.277846
v -0.298511 0.201894 -0.285102
v -0.292262 0.200141 -0.292409
v -0.284952 0.201894 -0.298655
v -0.277693 0.206885 -0.302887
v -0.271591 0.214355 -0.304463
v -0.267575 0.223167 -0.303142
v -0.266256 0.231978 -0.299125
v -0.267835 0.239448 -0.293024
v -0.272071 0.244439 -0.285768
v -0.280829 0.246392 -0.264282
v -0.285003 0.245701 -0.270531
v -0.283255 0.246999 -0.267265
v -0.271832 0.248549 -0.271969
v -0.274557 0.249084 -0.274696
v -0.277124 0.247590 -0.277263
v -0.289763 0.240249 -0.259073
v -0.292827 0.240320 -0.265969
v -0.291891 0.241060 -0.262229
v -0.297272 0.231055 -0.257133
v -0.299405 0.232268 -0.264270
v -0.299151 0.232172 -0.260354
v -0.302215 0.220210 -0.258759
v -0.303734 0.222770 -0.265694
v -0.303930 0.221688 -0.261926
v -0.303839 0.209365 -0.263703
v -0.305156 0.213272 -0.270024
v -0.305499 0.211204 -0.266705
v -0.301896 0.200172 -0.271212
v -0.303454 0.205220 -0.276600
v -0.303621 0.202317 -0.273964
v -0.296682 0.194029 -0.280143
v -0.298887 0.199840 -0.284422
v -0.298580 0.196378 -0.282598
v -0.288991 0.191872 -0.289136
v -0.292151 0.197951 -0.292299
v -0.291145 0.194293 -0.291292
v -0.279993 0.194029 -0.296823
v -0.284272 0.199840 -0.299031
v -0.282447 0.196378 -0.298723
v -0.271060 0.200172 -0.302032
v -0.276447 0.205220 -0.303593
v -0.273811 0.202317 -0.303759
v -0.263550 0.209365 -0.303972
v -0.269870 0.213272 -0.305292
v -0.266551 0.211204 -0.305634
v -0.258607 0.220210 -0.302346
v -0.265541 0.222770 -0.303868
v -0.261773 0.221688 -0.304062
v -0.256984 0.231055 -0.297402
v -0.264119 0.232268 -0.299538
v -0.260203 0.232172 -0.299283
v -0.258927 0.240249 -0.289893
v -0.265821 0.240320 -0.292961
v -0.262082 0.241060 -0.292023
v -0.264141 0.246392 -0.280962
v -0.270388 0.245701 -0.285140
v -0.267122 0.246999 -0.283390
v -0.179304 0.173333 -0.148559
v -0.170371 0.179477 -0.153768
v -0.161373 0.181634 -0.161455
v -0.153682 0.179477 -0.170448
v -0.191757 0.153295 -0.148245
v -0.186814 0.164140 -0.146619
v -0.193380 0.142450 -0.153189
v -0.191437 0.133257 -0.160698
v -0.186223 0.127113 -0.169629
v -0.178532 0.124956 -0.178622
v -0.169535 0.127113 -0.186309
v -0.160601 0.133257 -0.191518
v -0.153092 0.142450 -0.193458
v -0.148149 0.153295 -0.191832
v -0.146525 0.164140 -0.186888
v -0.148468 0.173333 -0.179379
v -0.177218 0.172070 -0.146443
v -0.168285 0.178213 -0.151652
v -0.159287 0.180370 -0.159339
v -0.151596 0.178213 -0.168332
v -0.189671 0.152032 -0.146129
v -0.184728 0.162876 -0.144503
v -0.191294 0.141187 -0.151073
v -0.189351 0.131993 -0.158582
v -0.184137 0.125850 -0.167513
v -0.176446 0.123693 -0.176506
v -0.167449 0.125850 -0.184193
v -0.158515 0.131993 -0.189402
v -0.151006 0.141187 -0.191341
v -0.146063 0.152032 -0.189716
v -0.144439 0.162876 -0.184772
v -0.146382 0.172070 -0.177263
v 0.278320 0.246192 -0.278461
v 0.285631 0.244439 -0.272215
v 0.292889 0.239448 -0.267983
v 0.298991 0.231978 -0.266407
v 0.303007 0.223167 -0.267728
v 0.304326 0.214355 -0.271745
v 0.302748 0.206885 -0.277846
v 0.298511 0.201894 -0.285102
v 0.292262 0.200141 -0.292409
v 0.284952 0.201894 -0.298655
v 0.277693 0.206885 -0.302887
v 0.271591 0.214355 -0.304463
v 0.267575 0.223167 -0.303142
v 0.266256 0.231978 -0.299125
v 0.267835 0.239448 -0.293024
v 0.272071 0.244439 -0.285768
v 0.280829 0.246392 -0.264282
v 0.285003 0.245701 -0.270531
v 0.283255 0.246999 -0.267265
v 0.271832 0.248549 -0.271969
v 0.274557 0.249084 -0.274696
v 0.277124 0.247590 -0.277263
v 0.289763 0.240249 -0.259073
v 0.292827 0.240320 -0.265969
v 0.291891 0.241060 -0.262229
v 0.297272 0.231055 -0.257133
v 0.299405 0.232268 -0.264270
v 0.299151 0.232172 -0.260354
v 0.302215 0.220210 -0.258759
v 0.303734 0.222770 -0.265694
v 0.303930 0.221688 -0.261926
v 0.303839 0.209365 -0.263703
v 0.305156 0.213272 -0.270024
v 0.305499 0.211204 -0.266705
v 0.301896 0.200172 -0.271212
v 0.303454 0.205220 -0.276600
v 0.303621 0.202317 -0.273964
v 0.296682 0.194029 -0.280143
v 0.298887 0.199840 -0.284422
v 0.298580 0.196378 -0.282598
v 0.288991 0.191872 -0.289136
v 0.292151 0.197951 -0.292299
v 0.291145 0.194293 -0.291292
v 0.279993 0.194029 -0.296823
v 0.284272 0.199840 -0.299031
v 0.282447 0.196378 -0.298723
v 0.271060 0.200172 -0.302032
v 0.276447 0.205220 -0.303593
v 0.273811 0.202317 -0.303759
v 0.263550 0.209365 -0.303972
v 0.269870 0.213272 -0.305292
v 0.266551 0.211204 -0.305634
v 0.258607 0.220210 -0.302346
v 0.265541 0.222770 -0.303868
v 0.261773 0.221688 -0.304062
v 0.256984 0.231055 -0.297402
v 0.264119 0.232268 -0.299538
v 0.260203 0.232172 -0.299283
v 0.258927 0.240249 -0.289893
v 0.265821 0.240320 -0.292961
v 0.262082 0.241060 -0.292023
v 0.264141 0.246392 -0.280962
v 0.270388 0.245701 -0.285140
v 0.267122 0.246999 -0.283390
v 0.179304 0.173333 -0.148559
v 0.170371 0.179477 -0.153768
v 0.161373 0.181634 -0.161455
v 0.153682 0.179477 -0.170448
v 0.191757 0.153295 -0.148245
v 0.186814 0.164140 -0.146619
v 0.193380 0.142450 -0.153189
v 0.191437 0.133257 -0.160698
v 0.186223 0.127113 -0.169629
v 0.178532 0.124956 -0.178622
v 0.169535 0.127113 -0.186309
v 0.160601 0.133257 -0.191518
v 0.153092 0.142450 -0.193458
v 0.148149 0.153295 -0.191832
v 0.146525 0.164140 -0.186888
v 0.148468 0.173333 -0.179379
v 0.177218 0.172070 -0.146443
v 0.168285 0.178213 -0.151652
v 0.159287 0.180370 -0.159339
v 0.151596 0.178213 -0.168332
v 0.189671 0.152032 -0.146129
v 0.184728 0.162876 -0.144503
v 0.191294 0.141187 -0.151073
v 0.189351 0.131993 -0.158582
v 0.184137 0.125850 -0.167513
v 0.176446 0.123693 -0.176506
v 0.167449 0.125850 -0.184193
v 0.158515 0.131993 -0.189402
v 0.151006 0.141187 -0.191341
v 0.146063 0.152032 -0.189716
v 0.144439 0.162876 -0.184772
v 0.146382 0.172070 -0.177263
v -0.278320 -0.246192 0.278461
v -0.285631 -0.244439 0.272215
v -0.292889 -0.239448 0.267983
v -0.298991 -0.231978 0.266407
v -0.303007 -0.223167 0.267728
v -0.304326 -0.214355 0.271745
v -0.302748 -0.206885 0.277846
v -0.298511 -0.201894 0.285102
v -0.292262 -0.200141 0.292409
v -0.284952 -0.201894 0.298655
v -0.277693 -0.206885 0.302887
v -0.271591 -0.214355 0.304463
v -0.267575 -0.223167 0.303142
v -0.266256 -0.231978 0.299125
v -0.267835 -0.239448 0.293024
v -0.272071 -0.244439 0.285768
v -0.280829 -0.246392 0.264282
v -0.285003 -0.245701 0.270531
v -0.283255 -0.246999 0.267265
v -0.271832 -0.248549 0.271969
v -0.274557 -0.249084 0.274696
v -0.277124 -0.247590 0.277263
v -0.289763 -0.240249 0.259073
v -0.292827 -0.240320 0.265969
v -0.291891 -0.241060 0.262229
v -0.297272 -0.231055 0.257133
v -0.299405 -0.232268 0.264270
v -0.299151 -0.232172 0.260354
v -0.302215 -0.220210 0.258759
v -0.303734 -0.222770 0.265694
v -0.303930 -0.221688 0.261926
v -0.303839 -0.209365 0.263703
v -0.305156 -0.213272 0.270024
v -0.305499 -0.211204 0.266705
v -0.301896 -0.200172 0.271212
v -0.303454 -0.205220 0.276600
v -0.303621 -0.202317 0.273964
v -0.296682 -0.194029 0.280143
v -0.298887 -0.199840 0.284422
v -0.298580 -0.196378 0.282598
v -0.288991 -0.191872 0.289136
v -0.292151 -0.197951 0.292299
v -0.291145 -0.194293 0.291292
v -0.279993 -0.194029 0.296823
v -0.284272 -0.199840 0.299031
v -0.282447 -0.196378 0.298723
v -0.271060 -0.200172 0.302032
v -0.276447 -0.205220 0.303593
v -0.273811 -0.202317 0.303759
v -0.263550 -0.209365 0.303972
v -0.269870 -0.213272 0.305292
v -0.266551 -0.211204 0.305634
v -0.258607 -0.220210 0.302346
v -0.265541 -0.222770 0.303868
v -0.261773 -0.221688 0.304062
v -0.256984 -0.231055 0.297402
v -0.264119 -0.232268 0.299538
v -0.260203 -0.232172 0.299283
v -0.258927 -0.240249 0.289893
v -0.265821 -0.240320 0.292961
v -0.262082 -0.241060 0.292023
v -0.264141 -0.246392 0.280962
v -0.270388 -0.245701 0.285140
v -0.267122 -0.246999 0.283390
v -0.179304 -0.173333 0.148559
v -0.170371 -0.179477 0.153768
v -0.161373 -0.181634 0.161455
v -0.153682 -0.179477 0.170448
v -0.191757 -0.153295 0.148245
v -0.186814 -0.164140 0.146619
v -0.193380 -0.142450 0.153189
v -0.191437 -0.133257 0.160698
v -0.186223 -0.127113 0.169629
v -0.178532 -0.124956 0.178622
v -0.169535 -0.127113 0.186309
v -0.160601 -0.133257 0.191518
v -0.153092 -0.142450 0.193458
v -0.148149 -0.153295 0.191832
v -0.146525 -0.164140 0.186888
v -0.148468 -0.173333 0.179379
v -0.177218 -0.172070 0.146443
v -0.168285 -0.178213 0.151652
v -0.159287 -0.180370 0.159339
v -0.151596 -0.178213 0.168332
v -0.189671 -0.152032 0.146129
v -0.184728 -0.162876 0.144503
v -0.191294 -0.141187 0.151073
v -0.189351 -0.131993 0.158582
v -0.184137 -0.125850 0.167513
v -0.176446 -0.123693 0.176506
v -0.167449 -0.125850 0.184193
v -0.158515 -0.131993 0.189402
v -0.151006 -0.141187 0.191341
v -0.146063 -0.152032 0.189716
v -0.144439 -0.162876 0.184772
v -0.146382 -0.172070 0.177263
v 0.278320 -0.246192 0.278461
v 0.285631 -0.244439 0.272215
v 0.292889 -0.239448 0.267983
v 0.298991 -0.231978 0.266407
v 0.303007 -0.223167 0.267728
v 0.304326 -0.214355 0.271745
v 0.302748 -0.206885 0.277846
v 0.298511 -0.201894 0.285102
v 0.292262 -0.200141 0.292409
v 0.284952 -0.201894 0.298655
v 0.277693 -0.206885 0.302887
v 0.271591 -0.214355 0.304463
v 0.267575 -0.223167 0.303142
v 0.266256 -0.231978 0.299125
v 0.267835 -0.239448 0.293024
v 0.272071 -0.244439 0.285768
v 0.280829 -0.246392 0.264282
v 0.285003 -0.245701 0.270531
v 0.283255 -0.246999 0.267265
v 0.271832 -0.248549 0.271969
v 0.274557 -0.249084 0.274696
v 0.277124 -0.247590 0.277263
v 0.289763 -0.240249 0.259073
v 0.292827 -0.240320 0.265969
v 0.291891 -0.241060 0.262229
v 0.297272 -0.231055 0.257133
v 0.299405 -0.232268 0.264270
v 0.299151 -0.232172 0.260354
v 0.302215 -0.220210 0.258759
v 0.303734 -0.222770 0.265694
v 0.303930 -0.221688 0.261926
v 0.303839 -0.209365 0.263703
v 0.305156 -0.213272 0.270024
v 0.305499 -0.211204 0.266705
v 0.301896 -0.200172 0.271212
v 0.303454 -0.205220 0.276600
v 0.303621 -0.202317 0.273964
v 0.296682 -0.194029 0.280143
v 0.298887 -0.199840 0.284422
v 0.298580 -0.196378 0.282598
v 0.288991 -0.191872 0.289136
v 0.292151 -0.197951 0.292299
v 0.291145 -0.194293 0.291292
v 0.279993 -0.194029 0.296823
v 0.284272 -0.199840 0.299031
v 0.282447 -0.196378 0.298723
v 0.271060 -0.200172 0.302032
v 0.276447 -0.205220 0.303593
v 0.273811 -0.202317 0.303759
v 0.263550 -0.209365 0.303972
v 0.269870 -0.213272 0.305292
v 0.266551 -0.211204 0.305634
v 0.258607 -0.220210 0.302346
v 0.265541 -0.222770 0.303868
v 0.261773 -0.221688 0.304062
v 0.256984 -0.231055 0.297402
v 0.264119 -0.232268 0.299538
v 0.260203 -0.232172 0.299283
v 0.258927 -0.240249 0.289893
v 0.265821 -0.240320 0.292961
v 0.262082 -0.241060 0.292023
v 0.264141 -0.246392 0.280962
v 0.270388 -0.245701 0.285140
v 0.267122 -0.246999 0.283390
v 0.179304 -0.173333 0.148559
v 0.170371 -0.179477 0.153768
v 0.161373 -0.181634 0.161455
v 0.153682 -0.179477 0.170448
v 0.191757 -0.153295 0.148245
v 0.186814 -0.164140 0.146619
v 0.193380 -0.142450 0.153189
v 0.191437 -0.133257 0.160698
v 0.186223 -0.127113 0.169629
v 0.178532 -0.124956 0.178622
v 0.169535 -0.127113 0.186309
v 0.160601 -0.133257 0.191518
v 0.153092 -0.142450 0.193458
v 0.148149 -0.153295 0.191832
v 0.146525 -0.164140 0.186888
v 0.148468 -0.173333 0.179379
v 0.177218 -0.172070 0.146443
v 0.168285 -0.178213 0.151652
v 0.159287 -0.180370 0.159339
v 0.151596 -0.178213 0.168332
v 0.189671 -0.152032 0.146129
v 0.184728 -0.162876 0.144503
v 0.191294 -0.141187 0.151073
v 0.189351 -0.131993 0.158582
v 0.184137 -0.125850 0.167513
v 0.176446 -0.123693 0.176506
v 0.167449 -0.125850 0.184193
v 0.158515 -0.131993 0.189402
v 0.151006 -0.141187 0.191341
v 0.146063 -0.152032 0.189716
v 0.144439 -0.162876 0.184772
v 0.146382 -0.172070 0.177263
v -0.278320 -0.246192 -0.278461
v -0.285631 -0.244439 -0.272215
v -0.292889 -0.239448 -0.267983
v -0.298991 -0.231978 -0.266407
v -0.303007 -0.223167 -0.267728
v -0.304326 -0.214355 -0.271745
v -0.302748 -0.206885 -0.277846
v -0.298511 -0.201894 -0.285102
v -0.292262 -0.200141 -0.292409
v -0.284952 -0.201894 -0.298655
v -0.277693 -0.206885 -0.302887
v -0.271591 -0.214355 -0.304463
v -0.267575 -0.223167 -0.303142
v -0.266256 -0.231978 -0.299125
v -0.267835 -0.239448 -0.293024
v -0.272071 -0.244439 -0.285768
v -0.280829 -0.246392 -0.264282
v -0.285003 -0.245701 -0.270531
v -0.283255 -0.246999 -0.267265
v -0.271832 -0.248549 -0.271969
v -0.274557 -0.249084 -0.274696
v -0.277124 -0.247590 -0.277263
v -0.289763 -0.240249 -0.259073
v -0.292827 -0.240320 -0.265969
v -0.291891 -0.241060 -0.262229
v -0.297272 -0.231055 -0.257133
v -0.299405 -0.232268 -0.264270
v -0.299151 -0.232172 -0.260354
v -0.302215 -0.220210 -0.258759
v -0.303734 -0.222770 -0.265694
v -0.303930 -0.221688 -0.261926
v -0.303839 -0.209365 -0.263703
v -0.305156 -0.213272 -0.270024
v -0.305499 -0.211204 -0.266705
v -0.301896 -0.200172 -0.271212
v -0.303454 -0.205220 -0.276600
v -0.303621 -0.202317 -0.273964
v -0.296682 -0.194029 -0.280143
v -0.298887 -0.199840 -0.284422
v -0.298580 -0.196378 -0.282598
v -0.288991 -0.191872 -0.289136
v -0.292151 -0.197951 -0.292299
v -0.291145 -0.194293 -0.291292
v -0.279993 -0.194029 -0.296823
v -0.284272 -0.199840 -0.299031
v -0.282447 -0.196378 -0.298723
v -0.271060 -0.200172 -0.302032
v -0.276447 -0.205220 -0.303593
v -0.273811 -0.202317 -0.303759
v -0.263550 -0.209365 -0.303972
v -0.269870 -0.213272 -0.305292
v -0.266551 -0.211204 -0.305634
v -0.258607 -0.220210 -0.302346
v -0.265541 -0.222770 -0.303868
v -0.261773 -0.221688 -0.304062
v -0.256984 -0.231055 -0.297402
v -0.264119 -0.232268 -0.299538
v -0.260203 -0.232172 -0.299283
v -0.258927 -0.240249 -0.289893
v -0.265821 -0.240320 -0.292961
v -0.262082 -0.241060 -0.292023
v -0.264141 -0.246392 -0.280962
v -0.270388 -0.245701 -0.285140
v -0.267122 -0.246999 -0.283390
v -0.179304 -0.173333 -0.148559
v -0.170371 -0.179477 -0.153768
v -0.161373 -0.181634 -0.161455
v -0.153682 -0.179477 -0.170448
v -0.191757 -0.153295 -0.148245
v -0.186814 -0.164140 -0.146619
v -0.193380 -0.142450 -0.153189
v -0.191437 -0.133257 -0.160698
v -0.186223 -0.127113 -0.169629
v -0.178532 -0.124956 -0.178622
v -0.169535 -0.127113 -0.186309
v -0.160601 -0.133257 -0.191518
v -0.153092 -0.142450 -0.193458
v -0.148149 -0.153295 -0.191832
v -0.146525 -0.164140 -0.186888
v -0.148468 -0.173333 -0.179379
v -0.177218 -0.172070 -0.146443
v -0.168285 -0.178213 -0.151652
v -0.159287 -0.180370 -0.159339
v -0.151596 -0.178213 -0.168332
v -0.189671 -0.152032 -0.146129
v -0.184728 -0.162876 -0.144503
v -0.191294 -0.141187 -0.151073
v -0.189351 -0.131993 -0.158582
v -0.184137 -0.125850 -0.167513
v -0.176446 -0.123693 -0.176506
v -0.167449 -0.125850 -0.184193
v -0.158515 -0.131993 -0.189402
v -0.151006 -0.141187 -0.191341
v -0.146063 -0.152032 -0.189716
v -0.144439 -0.162876 -0.184772
v -0.146382 -0.172070 -0.177263
v 0.278320 -0.246192 -0.278461
v 0.285631 -0.244439 -0.272215
v 0.292889 -0.239448 -0.267983
v 0.298991 -0.231978 -0.266407
v 0.303007 -0.223167 -0.267728
v 0.304326 -0.214355 -0.271745
v 0.302748 -0.206885 -0.277846
v 0.298511 -0.201894 -0.285102
v 0.292262 -0.200141 -0.292409
v 0.284952 -0.201894 -0.298655
v 0.277693 -0.206885 -0.302887
v 0.271591 -0.214355 -0.304463
v 0.267575 -0.223167 -0.303142
v 0.266256 -0.231978 -0.299125
v 0.267835 -0.239448 -0.293024
v 0.272071 -0.244439 -0.285768
v 0.280829 -0.246392 -0.264282
v 0.285003 -0.245701 -0.270531
v 0.283255 -0.246999 -0.267265
v 0.271832 -0.248549 -0.271969
v 0.274557 -0.249084 -0.274696
v 0.277124 -0.247590 -0.277263
v 0.289763 -0.240249 -0.259073
v 0.292827 -0.240320 -0.265969
v 0.291891 -0.241060 -0.262229
v 0.297272 -0.231055 -0.257133
v 0.299405 -0.232268 -0.264270
v 0.299151 -0.232172 -0.260354
v 0.302215 -0.220210 -0.258759
v 0.303734 -0.222770 -0.265694
v 0.303930 -0.221688 -0.261926
v 0.303839 -0.209365 -0.263703
v 0.305156 -0.213272 -0.270024
v 0.305499 -0.211204 -0.266705
v 0.301896 -0.200172 -0.271212
v 0.303454 -0.205220 -0.276600
v 0.303621 -0.202317 -0.273964
v 0.296682 -0.194029 -0.280143
v 0.298887 -0.199840 -0.284422
v 0.298580 -0.196378 -0.282598
v 0.288991 -0.191872 -0.289136
v 0.292151 -0.197951 -0.292299
v 0.291145 -0.194293 -0.291292
v 0.279993 -0.194029 -0.296823
v 0.284272 -0.199840 -0.299031
v 0.282447 -0.196378 -0.298723
v 0.271060 -0.200172 -0.302032
v 0.276447 -0.205220 -0.303593
v 0.273811 -0.202317 -0.303759
v 0.263550 -0.209365 -0.303972
v 0.269870 -0.213272 -0.305292
v 0.266551 -0.211204 -0.305634
v 0.258607 -0.220210 -0.302346
v 0.265541 -0.222770 -0.303868
v 0.261773 -0.221688 -0.304062
v 0.256984 -0.231055 -0.297402
v 0.264119 -0.232268 -0.299538
v 0.260203 -0.232172 -0.299283
v 0.258927 -0.240249 -0.289893
v 0.265821 -0.240320 -0.292961
v 0.262082 -0.241060 -0.292023
v 0.264141 -0.246392 -0.280962
v 0.270388 -0.245701 -0.285140
v 0.267122 -0.246999 -0.283390
v 0.179304 -0.173333 -0.148559
v 0.170371 -0.179477 -0.153768
v 0.161373 -0.181634 -0.161455
v 0.153682 -0.179477 -0.170448
v 0.191757 -0.153295 -0.148245
v 0.186814 -0.164140 -0.146619
v 0.193380 -0.142450 -0.153189
v 0.191437 -0.133257 -0.160698
v 0.186223 -0.127113 -0.169629
v 0.178532 -0.124956 -0.178622
v 0.169535 -0.127113 -0.186309
v 0.160601 -0.133257 -0.191518
v 0.153092 -0.142450 -0.193458
v 0.148149 -0.153295 -0.191832
v 0.146525 -0.164140 -0.186888
v 0.148468 -0.173333 -0.179379
v 0.177218 -0.172070 -0.146443
v 0.168285 -0.178213 -0.151652
v 0.159287 -0.180370 -0.159339
v 0.151596 -0.178213 -0.168332
v 0.189671 -0.152032 -0.146129
v 0.184728 -0.162876 -0.144503
v 0.191294 -0.141187 -0.151073
v 0.189351 -0.131993 -0.158582
v 0.184137 -0.125850 -0.167513
v 0.176446 -0.123693 -0.176506
v 0.167449 -0.125850 -0.184193
v 0.158515 -0.131993 -0.189402
v 0.151006 -0.141187 -0.191341
v 0.146063 -0.152032 -0.189716
v 0.144439 -0.162876 -0.184772
v 0.146382 -0.172070 -0.177263
v -0.176668 0.167683 0.154615
v -0.170253 0.172094 0.158356
v -0.163792 0.173643 0.163875
v -0.158270 0.172094 0.170333
v -0.185609 0.153295 0.154390
v -0.182060 0.161082 0.153223
v -0.186775 0.145508 0.157940
v -0.185380 0.138907 0.163332
v -0.181636 0.134496 0.169744
v -0.176113 0.132947 0.176202
v -0.169653 0.134496 0.181721
v -0.163238 0.138907 0.185462
v -0.157846 0.145508 0.186854
v -0.154297 0.153295 0.185687
v -0.153131 0.161082 0.182137
v -0.154526 0.167683 0.176745
v -0.165077 0.183364 0.143905
v -0.176455 0.175540 0.137270
v -0.153618 0.186112 0.153695
v -0.143822 0.183364 0.165149
v -0.186020 0.163831 0.134800
v -0.192315 0.150019 0.136871
v -0.194383 0.136206 0.143167
v -0.191908 0.124497 0.152731
v -0.185267 0.116673 0.164106
v -0.175472 0.113926 0.175560
v -0.164012 0.116673 0.185350
v -0.152634 0.124497 0.191985
v -0.143069 0.136206 0.194455
v -0.136774 0.150019 0.192384
v -0.134706 0.163831 0.186087
v -0.137181 0.175540 0.176524
v -0.169899 0.186286 0.148730
v -0.170472 0.185860 0.149801
v -0.158440 0.189033 0.158520
v -0.159282 0.188543 0.159362
v -0.148644 0.186286 0.169974
v -0.149715 0.185860 0.170548
v -0.190842 0.166752 0.139625
v -0.190925 0.166784 0.140909
v -0.181584 0.178219 0.143321
v -0.181277 0.178462 0.142095
v -0.197073 0.153295 0.142932
v -0.197138 0.152940 0.141696
v -0.199093 0.139806 0.149081
v -0.199205 0.139128 0.147992
v -0.196676 0.128371 0.158421
v -0.196730 0.127418 0.157556
v -0.190190 0.120730 0.169529
v -0.190090 0.119594 0.168931
v -0.180624 0.118047 0.180715
v -0.180294 0.116847 0.180385
v -0.169433 0.120730 0.190276
v -0.168835 0.119594 0.190175
v -0.158321 0.128371 0.196755
v -0.157457 0.127418 0.196810
v -0.148980 0.139806 0.199168
v -0.147892 0.139128 0.199280
v -0.142832 0.153295 0.197145
v -0.141596 0.152940 0.197209
v -0.140813 0.166784 0.190996
v -0.139529 0.166752 0.190912
v -0.143230 0.178219 0.181656
v -0.142004 0.178462 0.181349
v 0.176668 0.167683 0.154615
v 0.170253 0.172094 0.158356
v 0.163792 0.173643 0.163875
v 0.158270 0.172094 0.170333
v 0.185609 0.153295 0.154390
v 0.182060 0.161082 0.153223
v 0.186775 0.145508 0.157940
v 0.185380 0.138907 0.163332
v 0.181636 0.134496 0.169744
v 0.176113 0.132947 0.176202
v 0.169653 0.134496 0.181721
v 0.163238 0.138907 0.185462
v 0.157846 0.145508 0.186854
v 0.154297 0.153295 0.185687
v 0.153131 0.161082 0.182137
v 0.154526 0.167683 0.176745
v 0.165077 0.183364 0.143905
v 0.176455 0.175540 0.137270
v 0.153618 0.186112 0.153695
v 0.143822 0.183364 0.165149
v 0.186020 0.163831 0.134800
v 0.192315 0.150019 0.136871
v 0.194383 0.136206 0.143167
v 0.191908 0.124497 0.152731
v 0.185267 0.116673 0.164106
v 0.175472 0.113926 0.175560
v 0.164012 0.116673 0.185350
v 0.152634 0.124497 0.191985
v 0.143069 0.136206 0.194455
v 0.136774 0.150019 0.192384
v 0.134706 0.163831 0.186087
v 0.137181 0.175540 0.176524
v 0.169899 0.186286 0.148730
v 0.170472 0.185860 0.149801
v 0.158440 0.189033 0.158520
v 0.159282 0.188543 0.159362
v 0.148644 0.186286 0.169974
v 0.149715 0.185860 0.170548
v 0.190842 0.166752 0.139625
v 0.190925 0.166784 0.140909
v 0.181584 0.178219 0.143321
v 0.181277 0.178462 0.142095
v 0.197073 0.153295 0.142932
v 0.197138 0.152940 0.141696
v 0.199093 0.139806 0.149081
v 0.199205 0.139128 0.147992
v 0.196676 0.128371 0.158421
v 0.196730 0.127418 0.157556
v 0.190190 0.120730 0.169529
v 0.190090 0.119594 0.168931
v 0.180624 0.118047 0.180715
v 0.180294 0.116847 0.180385
v 0.169433 0.120730 0.190276
v 0.168835 0.119594 0.190175
v 0.158321 0.128371 0.196755
v 0.157457 0.127418 0.196810
v 0.148980 0.139806 0.199168
v 0.147892 0.139128 0.199280
v 0.142832 0.153295 0.197145
v 0.141596 0.152940 0.197209
v 0.140813 0.166784 0.190996
v 0.139529 0.166752 0.190912
v 0.143230 0.178219 0.181656
v 0.142004 0.178462 0.181349
v -0.176668 0.167683 -0.154615
v -0.170253 0.172094 -0.158356
v -0.163792 0.173643 -0.163875
v -0.158270 0.172094 -0.170333
v -0.185609 0.153295 -0.154390
v -0.182060 0.161082 -0.153223
v -0.186775 0.145508 -0.157940
v -0.185380 0.138907 -0.163332
v -0.181636 0.134496 -0.169744
v -0.176113 0.132947 -0.176202
v -0.169653 0.134496 -0.181721
v -0.163238 0.138907 -0.185462
v -0.157846 0.145508 -0.186854
v -0.154297 0.153295 -0.185687
v -0.153131 0.161082 -0.182137
v -0.154526 0.167683 -0.176745
v -0.165077 0.183364 -0.143905
v -0.176455 0.175540 -0.137270
v -0.153618 0.186112 -0.153695
v -0.143822 0.183364 -0.165149
v -0.186020 0.163831 -0.134800
v -0.192315 0.150019 -0.136871
v -0.194383 0.136206 -0.143167
v -0.191908 0.124497 -0.152731
v -0.185267 0.116673 -0.164106
v -0.175472 0.113926 -0.175560
v -0.164012 0.116673 -0.185350
v -0.152634 0.124497 -0.191985
v -0.143069 0.136206 -0.194455
v -0.136774 0.150019 -0.192384
v -0.134706 0.163831 -0.186087
v -0.137181 0.175540 -0.176524
v -0.169899 0.186286 -0.148730
v -0.170472 0.185860 -0.149801
v -0.158440 0.189033 -0.158520
v -0.159282 0.188543 -0.159362
v -0.148644 0.186286 -0.169974
v -0.149715 0.185860 -0.170548
v -0.190842 0.166752 -0.139625
v -0.190925 0.166784 -0.140909
v -0.181584 0.178219 -0.143321
v -0.181277 0.178462 -0.142095
v -0.197073 0.153295 -0.142932
v -0.197138 0.152940 -0.141696
v -0.199093 0.139806 -0.149081
v -0.199205 0.139128 -0.147992
v -0.196676 0.128371 -0.158421
v -0.196730 0.127418 -0.157556
v -0.190190 0.120730 -0.169529
v -0.190090 0.119594 -0.168931
v -0.180624 0.118047 -0.180715
v -0.180294 0.116847 -0.180385
v -0.169433 0.120730 -0.190276
v -0.168835 0.119594 -0.190175
v -0.158321 0.128371 -0.196755
v -0.157457 0.127418 -0.196810
v -0.148980 0.139806 -0.199168
v -0.147892 0.139128 -0.199280
v -0.142832 0.153295 -0.197145
v -0.141596 0.152940 -0.197209
v -0.140813 0.166784 -0.190996
v -0.139529 0.166752 -0.190912
v -0.143230 0.178219 -0.181656
v -0.142004 0.178462 -0.181349
v 0.176668 0.167683 -0.154615
v 0.170253 0.172094 -0.158356
v 0.163792 0.173643 -0.163875
v 0.158270 0.172094 -0.170333
v 0.185609 0.153295 -0.154390
v 0.182060 0.161082 -0.153223
v 0.186775 0.145508 -0.157940
v 0.185380 0.138907 -0.163332
v 0.181636 0.134496 -0.169744
v 0.176113 0.132947 -0.176202
v 0.169653 0.134496 -0.181721
v 0.163238 0.138907 -0.185462
v 0.157846 0.145508 -0.186854
v 0.154297 0.153295 -0.185687
v 0.153131 0.161082 -0.182137
v 0.154526 0.167683 -0.176745
v 0.165077 0.183364 -0.143905
v 0.176455 0.175540 -0.137270
v 0.153618 0.186112 -0.153695
v 0.143822 0.183364 -0.165149
v 0.186020 0.163831 -0.134800
v 0.192315 0.150019 -0.136871
v 0.194383 0.136206 -0.143167
v 0.191908 0.124497 -0.152731
v 0.185267 0.116673 -0.164106
v 0.175472 0.113926 -0.175560
v 0.164012 0.116673 -0.185350
v 0.152634 0.124497 -0.191985
v 0.143069 0.136206 -0.194455
v 0.136774 0.150019 -0.192384
v 0.134706 0.163831 -0.186087
v 0.137181 0.175540 -0.176524
v 0.169899 0.186286 -0.148730
v 0.170472 0.185860 -0.149801
v 0.158440 0.189033 -0.158520
v 0.159282 0.188543 -0.159362
v 0.148644 0.186286 -0.169974
v 0.149715 0.185860 -0.170548
v 0.190842 0.166752 -0.139625
v 0.190925 0.166784 -0.140909
v 0.181584 0.178219 -0.143321
v 0.181277 0.178462 -0.142095
v 0.197073 0.153295 -0.142932
v 0.197138 0.152940 -0.141696
v 0.199093 0.139806 -0.149081
v 0.199205 0.139128 -0.147992
v 0.196676 0.128371 -0.158421
v 0.196730 0.127418 -0.157556
v 0.190190 0.120730 -0.169529
v 0.190090 0.119594 -0.168931
v 0.180624 0.118047 -0.180715
v 0.180294 0.116847 -0.180385
v 0.169433 0.120730 -0.190276
v 0.168835 0.119594 -0.190175
v 0.158321 0.128371 -0.196755
v 0.157457 0.127418 -0.196810
v 0.148980 0.139806 -0.199168
v 0.147892 0.139128 -0.199280
v 0.142832 0.153295 -0.197145
v 0.141596 0.152940 -0.197209
v 0.140813 0.166784 -0.190996
v 0.139529 0.166752 -0.190912
v 0.143230 0.178219 -0.181656
v 0.142004 0.178462 -0.181349
v -0.176668 -0.167683 0.154615
v -0.170253 -0.172094 0.158356
v -0.163792 -0.173643 0.163875
v -0.158270 -0.172094 0.170333
v -0.185609 -0.153295 0.154390
v -0.182060 -0.161082 0.153223
v -0.186775 -0.145508 0.157940
v -0.185380 -0.138907 0.163332
v -0.181636 -0.134496 0.169744
v -0.176113 -0.132947 0.176202
v -0.169653 -0.134496 0.181721
v -0.163238 -0.138907 0.185462
v -0.157846 -0.145508 0.186854
v -0.154297 -0.153295 0.185687
v -0.153131 -0.161082 0.182137
v -0.154526 -0.167683 0.176745
v -0.165077 -0.183364 0.143905
v -0.176455 -0.175540 0.137270
v -0.153618 -0.186112 0.153695
v -0.143822 -0.183364 0.165149
v -0.186020 -0.163831 0.134800
v -0.192315 -0.150019 0.136871
v -0.194383 -0.136206 0.143167
v -0.191908 -0.124497 0.152731
v -0.185267 -0.116673 0.164106
v -0.175472 -0.113926 0.175560
v -0.164012 -0.116673 0.185350
v -0.152634 -0.124497 0.191985
v -0.143069 -0.136206 0.194455
v -0.136774 -0.150019 0.192384
v -0.134706 -0.163831 0.186087
v -0.137181 -0.175540 0.176524
v -0.169899 -0.186286 0.148730
v -0.170472 -0.185860 0.149801
v -0.158440 -0.189033 0.158520
v -0.159282 -0.188543 0.159362
v -0.148644 -0.186286 0.169974
v -0.149715 -0.185860 0.170548
v -0.190842 -0.166752 0.139625
v -0.190925 -0.166784 0.140909
v -0.181584 -0.178219 0.143321
v -0.181277 -0.178462 0.142095
v -0.197073 -0.153295 0.142932
v -0.197138 -0.152940 0.141696
v -0.199093 -0.139806 0.149081
v -0.199205 -0.139128 0.147992
v -0.196676 -0.128371 0.158421
v -0.196730 -0.127418 0.157556
v -0.190190 -0.120730 0.169529
v -0.190090 -0.119594 0.168931
v -0.180624 -0.118047 0.180715
v -0.180294 -0.116847 0.180385
v -0.169433 -0.120730 0.190276
v -0.168835 -0.119594 0.190175
v -0.158321 -0.128371 0.196755
v -0.157457 -0.127418 0.196810
v -0.148980 -0.139806 0.199168
v -0.147892 -0.139128 0.199280
v -0.142832 -0.153295 0.197145
v -0.141596 -0.152940 0.197209
v -0.140813 -0.166784 0.190996
v -0.139529 -0.166752 0.190912
v -0.143230 -0.178219 0.181656
v -0.142004 -0.178462 0.181349
v 0.176668 -0.167683 0.154615
v 0.170253 -0.172094 0.158356
v 0.163792 -0.173643 0.163875
v 0.158270 -0.172094 0.170333
v 0.185609 -0.153295 0.154390
v 0.182060 -0.161082 0.153223
v 0.186775 -0.145508 0.157940
v 0.185380 -0.138907 0.163332
v 0.181636 -0.134496 0.169744
v 0.176113 -0.132947 0.176202
v 0.169653 -0.134496 0.181721
v 0.163238 -0.138907 0.185462
v 0.157846 -0.145508 0.186854
v 0.154297 -0.153295 0.185687
v 0.153131 -0.161082 0.182137
v 0.154526 -0.167683 0.176745
v 0.165077 -0.183364 0.143905
v 0.176455 -0.175540 0.137270
v 0.153618 -0.186112 0.153695
v 0.143822 -0.183364 0.165149
v 0.186020 -0.163831 0.134800
v 0.192315 -0.150019 0.136871
v 0.194383 -0.136206 0.143167
v 0.191908 -0.124497 0.152731
v 0.185267 -0.116673 0.164106
v 0.175472 -0.113926 0.175560
v 0.164012 -0.116673 0.185350
v 0.152634 -0.124497 0.191985
v 0.143069 -0.136206 0.194455
v 0.136774 -0.150019 0.192384
v 0.134706 -0.163831 0.186087
v 0.137181 -0.175540 0.176524
v 0.169899 -0.186286 0.148730
v 0.170472 -0.185860 0.149801
v 0.158440 -0.189033 0.158520
v 0.159282 -0.188543 0.159362
v 0.148644 -0.186286 0.169974
v 0.149715 -0.185860 0.170548
v 0.190842 -0.166752 0.139625
v 0.190925 -0.166784 0.140909
v 0.181584 -0.178219 0.143321
v 0.181277 -0.178462 0.142095
v 0.197073 -0.153295 0.142932
v 0.197138 -0.152940 0.141696
v 0.199093 -0.139806 0.149081
v 0.199205 -0.139128 0.147992
v 0.196676 -0.128371 0.158421
v 0.196730 -0.127418 0.157556
v 0.190190 -0.120730 0.169529
v 0.190090 -0.119594 0.168931
v 0.180624 -0.118047 0.180715
v 0.180294 -0.116847 0.180385
v 0.169433 -0.120730 0.190276
v 0.168835 -0.119594 0.190175
v 0.158321 -0.128371 0.196755
v 0.157457 -0.127418 0.196810
v 0.148980 -0.139806 0.199168
v 0.147892 -0.139128 0.199280
v 0.142832 -0.153295 0.197145
v 0.141596 -0.152940 0.197209
v 0.140813 -0.166784 0.190996
v 0.139529 -0.166752 0.190912
v 0.143230 -0.178219 0.181656
v 0.142004 -0.178462 0.181349
v -0.176668 -0.167683 -0.154615
v -0.170253 -0.172094 -0.158356
v -0.163792 -0.173643 -0.163875
v -0.158270 -0.172094 -0.170333
v -0.185609 -0.153295 -0.154390
v -0.182060 -0.161082 -0.153223
v -0.186775 -0.145508 -0.157940
v -0.185380 -0.138907 -0.163332
v -0.181636 -0.134496 -0.169744
v -0.176113 -0.132947 -0.176202
v -0.169653 -0.134496 -0.181721
v -0.163238 -0.138907 -0.185462
v -0.157846 -0.145508 -0.186854
v -0.154297 -0.153295 -0.185687
v -0.153131 -0.161082 -0.182137
v -0.154526 -0.167683 -0.176745
v -0.165077 -0.183364 -0.143905
v -0.176455 -0.175540 -0.137270
v -0.153618 -0.186112 -0.153695
v -0.143822 -0.183364 -0.165149
v -0.186020 -0.163831 -0.134800
v -0.192315 -0.150019 -0.136871
v -0.194383 -0.136206 -0.143167
v -0.191908 -0.124497 -0.152731
v -0.185267 -0.116673 -0.164106
v -0.175472 -0.113926 -0.175560
v -0.164012 -0.116673 -0.185350
v -0.152634 -0.124497 -0.191985
v -0.143069 -0.136206 -0.194455
v -0.136774 -0.150019 -0.192384
v -0.134706 -0.163831 -0.186087
v -0.137181 -0.175540 -0.176524
v -0.169899 -0.186286 -0.148730
v -0.170472 -0.185860 -0.149801
v -0.158440 -0.189033 -0.158520
v -0.159282 -0.188543 -0.159362
v -0.148644 -0.186286 -0.169974
v -0.149715 -0.185860 -0.170548
v -0.190842 -0.166752 -0.139625
v -0.190925 -0.166784 -0.140909
v -0.181584 -0.178219 -0.143321
v -0.181277 -0.178462 -0.142095
v -0.197073 -0.153295 -0.142932
v -0.197138 -0.152940 -0.141696
v -0.199093 -0.139806 -0.149081
v -0.199205 -0.139128 -0.147992
v -0.196676 -0.128371 -0.158421
v -0.196730 -0.127418 -0.157556
v -0.190190 -0.120730 -0.169529
v -0.190090 -0.119594 -0.168931
v -0.180624 -0.118047 -0.180715
v -0.180294 -0.116847 -0.180385
v -0.169433 -0.120730 -0.190276
v -0.168835 -0.119594 -0.190175
v -0.158321 -0.128371 -0.196755
v -0.157457 -0.127418 -0.196810
v -0.148980 -0.139806 -0.199168
v -0.147892 -0.139128 -0.199280
v -0.142832 -0.153295 -0.197145
v -0.141596 -0.152940 -0.197209
v -0.140813 -0.166784 -0.190996
v -0.139529 -0.166752 -0.190912
v -0.143230 -0.178219 -0.181656
v -0.142004 -0.178462 -0.181349
v 0.176668 -0.167683 -0.154615
v 0.170253 -0.172094 -0.158356
v 0.163792 -0.173643 -0.163875
v 0.158270 -0.172094 -0.170333
v 0.185609 -0.153295 -0.154390
v 0.182060 -0.161082 -0.153223
v 0.186775 -0.145508 -0.157940
v 0.185380 -0.138907 -0.163332
v 0.181636 -0.134496 -0.169744
v 0.176113 -0.132947 -0.176202
v 0.169653 -0.134496 -0.181721
v 0.163238 -0.138907 -0.185462
v 0.157846 -0.145508 -0.186854
v 0.154297 -0.153295 -0.185687
v 0.153131 -0.161082 -0.182137
v 0.154526 -0.167683 -0.176745
v 0.165077 -0.183364 -0.143905
v 0.176455 -0.175540 -0.137270
v 0.153618 -0.186112 -0.153695
v 0.143822 -0.183364 -0.165149
v 0.186020 -0.163831 -0.134800
v 0.192315 -0.150019 -0.136871
v 0.194383 -0.136206 -0.143167
v 0.191908 -0.124497 -0.152731
v 0.185267 -0.116673 -0.164106
v 0.175472 -0.113926 -0.175560
v 0.164012 -0.116673 -0.185350
v 0.152634 -0.124497 -0.191985
v 0.143069 -0.136206 -0.194455
v 0.136774 -0.150019 -0.192384
v 0.134706 -0.163831 -0.186087
v 0.137181 -0.175540 -0.176524
v 0.169899 -0.186286 -0.148730
v 0.170472 -0.185860 -0.149801
v 0.158440 -0.189033 -0.158520
v 0.159282 -0.188543 -0.159362
v 0.148644 -0.186286 -0.169974
v 0.149715 -0.185860 -0.170548
v 0.190842 -0.166752 -0.139625
v 0.190925 -0.166784 -0.140909
v 0.181584 -0.178219 -0.143321
v 0.181277 -0.178462 -0.142095
v 0.197073 -0.153295 -0.142932
v 0.197138 -0.152940 -0.141696
v 0.199093 -0.139806 -0.149081
v 0.199205 -0.139128 -0.147992
v 0.196676 -0.128371 -0.158421
v 0.196730 -0.127418 -0.157556
v 0.190190 -0.120730 -0.169529
v 0.190090 -0.119594 -0.168931
v 0.180624 -0.118047 -0.180715
v 0.180294 -0.116847 -0.180385
v 0.169433 -0.120730 -0.190276
v 0.168835 -0.119594 -0.190175
v 0.158321 -0.128371 -0.196755
v 0.157457 -0.127418 -0.196810
v 0.148980 -0.139806 -0.199168
v 0.147892 -0.139128 -0.199280
v 0.142832 -0.153295 -0.197145
v 0.141596 -0.152940 -0.197209
v 0.140813 -0.166784 -0.190996
v 0.139529 -0.166752 -0.190912
v 0.143230 -0.178219 -0.181656
v 0.142004 -0.178462 -0.181349
vn -0.0000 -1.0000 -0.0000
vn 0.1381 -0.9900 0.0275
vn 0.1300 -0.9900 0.0539
vn 0.1408 -0.9900 -0.0000
vn 0.3879 0.9217 -0.0000
vn 0.2650 0.9642 -0.0000
vn 0.2599 0.9642 0.0517
vn 0.3804 0.9217 0.0757
vn 0.2449 0.9642 0.1014
vn 0.3584 0.9217 0.1484
vn 0.5598 0.8286 -0.0000
vn 0.5490 0.8286 0.1092
vn 0.7101 0.7041 -0.0000
vn 0.6965 0.7041 0.1385
vn 0.8333 0.5528 -0.0000
vn 0.8173 0.5528 0.1626
vn 0.9248 0.3805 -0.0000
vn 0.9070 0.3805 0.1804
vn 0.9810 0.1939 -0.0000
vn 0.9622 0.1939 0.1914
vn 0.7699 0.5528 0.3189
vn 0.8544 0.3805 0.3539
vn 0.9063 0.1939 0.3754
vn 0.1170 -0.9900 0.0782
vn 0.2204 0.9642 0.1472
vn 0.3225 0.9217 0.2155
vn 0.5172 0.8286 0.2142
vn 0.6561 0.7041 0.2718
vn 0.4654 0.8286 0.3110
vn 0.5905 0.7041 0.3945
vn 0.6929 0.5528 0.4630
vn 0.7689 0.3805 0.5138
vn 0.8157 0.1939 0.5450
vn 0.1874 0.9642 0.1874
vn 0.2743 0.9217 0.2743
vn 0.6539 0.3805 0.6539
vn 0.6937 0.1939 0.6937
vn 0.0995 -0.9900 0.0995
vn 0.1472 0.9642 0.2204
vn 0.2155 0.9217 0.3225
vn 0.3958 0.8286 0.3958
vn 0.5021 0.7041 0.5021
vn 0.5893 0.5528 0.5893
vn 0.3110 0.8286 0.4654
vn 0.3945 0.7041 0.5905
vn 0.4630 0.5528 0.6929
vn 0.5138 0.3805 0.7689
vn 0.5450 0.1939 0.8157
vn 0.0782 -0.9900 0.1170
vn 0.1014 0.9642 0.2449
vn 0.1484 0.9217 0.3584
vn 0.0539 -0.9900 0.1300
vn 0.0517 0.9642 0.2599
vn 0.0757 0.9217 0.3804
vn 0.2142 0.8286 0.5172
vn 0.2718 0.7041 0.6561
vn 0.3189 0.5528 0.7699
vn 0.3539 0.3805 0.8544
vn 0.3754 0.1939 0.9063
vn 0.1092 0.8286 0.5490
vn 0.1385 0.7041 0.6965
vn 0.1626 0.5528 0.8173
vn 0.1804 0.3805 0.9070
vn 0.1914 0.1939 0.9622
vn 0.0275 -0.9900 0.1381
vn -0.0000 0.9642 0.2650
vn -0.0000 0.9217 0.3879
vn -0.0000 -0.9900 0.1408
vn -0.0000 0.8286 0.5598
vn -0.0000 0.7041 0.7101
vn -0.0000 0.5528 0.8333
vn -0.0000 0.3805 0.9248
vn -0.0000 0.1939 0.9810
vn 0.2363 0.9717 -0.0000
vn 0.2318 0.9717 0.0461
vn 0.2183 0.9717 0.0904
vn 0.1965 0.9717 0.1313
vn 0.1671 0.9717 0.1671
vn 0.1313 0.9717 0.1965
vn 0.0904 0.9717 0.2183
vn 0.0461 0.9717 0.2318
vn -0.0000 0.9717 0.2363
vn 0.9994 -0.0358 -0.0000
vn 0.9802 -0.0358 0.1950
vn 0.7067 -0.0358 0.7067
vn 0.5552 -0.0358 0.8309
vn 0.9233 -0.0358 0.3824
vn 0.8309 -0.0358 0.5552
vn 0.3824 -0.0358 0.9233
vn 0.1950 -0.0358 0.9802
vn -0.0000 -0.0358 0.9994
vn 0.3778 -0.8453 0.3778
vn 0.2968 -0.8453 0.4442
vn 0.6376 -0.4324 0.6376
vn 0.5009 -0.4324 0.7497
vn 0.2045 -0.8453 0.4936
vn 0.3451 -0.4324 0.8330
vn 0.1042 -0.8453 0.5240
vn 0.1759 -0.4324 0.8844
vn -0.0000 -0.8453 0.5343
vn -0.0000 -0.4324 0.9017
vn 0.5240 -0.8453 0.1042
vn 0.4936 -0.8453 0.2045
vn 0.8844 -0.4324 0.1759
vn 0.8330 -0.4324 0.3451
vn 0.4442 -0.8453 0.2968
vn 0.7497 -0.4324 0.5009
vn 0.5343 -0.8453 -0.0000
vn 0.9017 -0.4324 -0.0000
vn -0.1300 -0.9900 0.0539
vn -0.1381 -0.9900 0.0275
vn -0.1408 -0.9900 -0.0000
vn -0.3879 0.9217 -0.0000
vn -0.3804 0.9217 0.0757
vn -0.2599 0.9642 0.0517
vn -0.2650 0.9642 -0.0000
vn -0.3584 0.9217 0.1484
vn -0.2449 0.9642 0.1014
vn -0.5598 0.8286 -0.0000
vn -0.5490 0.8286 0.1092
vn -0.7101 0.7041 -0.0000
vn -0.6965 0.7041 0.1385
vn -0.8333 0.5528 -0.0000
vn -0.8173 0.5528 0.1626
vn -0.9248 0.3805 -0.0000
vn -0.9070 0.3805 0.1804
vn -0.9810 0.1939 -0.0000
vn -0.9622 0.1939 0.1914
vn -0.8544 0.3805 0.3539
vn -0.7699 0.5528 0.3189
vn -0.9063 0.1939 0.3754
vn -0.1170 -0.9900 0.0782
vn -0.3225 0.9217 0.2155
vn -0.2204 0.9642 0.1472
vn -0.5172 0.8286 0.2142
vn -0.6561 0.7041 0.2718
vn -0.4654 0.8286 0.3110
vn -0.5905 0.7041 0.3945
vn -0.6929 0.5528 0.4630
vn -0.7689 0.3805 0.5138
vn -0.8157 0.1939 0.5450
vn -0.2743 0.9217 0.2743
vn -0.1874 0.9642 0.1874
vn -0.6937 0.1939 0.6937
vn -0.6539 0.3805 0.6539
vn -0.0995 -0.9900 0.0995
vn -0.2155 0.9217 0.3225
vn -0.1472 0.9642 0.2204
vn -0.3958 0.8286 0.3958
vn -0.5021 0.7041 0.5021
vn -0.5893 0.5528 0.5893
vn -0.3945 0.7041 0.5905
vn -0.3110 0.8286 0.4654
vn -0.4630 0.5528 0.6929
vn -0.5138 0.3805 0.7689
vn -0.5450 0.1939 0.8157
vn -0.0782 -0.9900 0.1170
vn -0.1484 0.9217 0.3584
vn -0.1014 0.9642 0.2449
vn -0.0539 -0.9900 0.1300
vn -0.0757 0.9217 0.3804
vn -0.0517 0.9642 0.2599
vn -0.2142 0.8286 0.5172
vn -0.2718 0.7041 0.6561
vn -0.3189 0.5528 0.7699
vn -0.3539 0.3805 0.8544
vn -0.3754 0.1939 0.9063
vn -0.1385 0.7041 0.6965
vn -0.1092 0.8286 0.5490
vn -0.1626 0.5528 0.8173
vn -0.1804 0.3805 0.9070
vn -0.1914 0.1939 0.9622
vn -0.0275 -0.9900 0.1381
vn -0.2363 0.9717 -0.0000
vn -0.2318 0.9717 0.0461
vn -0.2183 0.9717 0.0904
vn -0.1965 0.9717 0.1313
vn -0.1671 0.9717 0.1671
vn -0.1313 0.9717 0.1965
vn -0.0904 0.9717 0.2183
vn -0.0461 0.9717 0.2318
vn -0.9994 -0.0358 -0.0000
vn -0.9802 -0.0358 0.1950
vn -0.7067 -0.0358 0.7067
vn -0.5552 -0.0358 0.8309
vn -0.9233 -0.0358 0.3824
vn -0.8309 -0.0358 0.5552
vn -0.3824 -0.0358 0.9233
vn -0.1950 -0.0358 0.9802
vn -0.2968 -0.8453 0.4442
vn -0.3778 -0.8453 0.3778
vn -0.5009 -0.4324 0.7497
vn -0.6376 -0.4324 0.6376
vn -0.2045 -0.8453 0.4936
vn -0.3451 -0.4324 0.8330
vn -0.1042 -0.8453 0.5240
vn -0.1759 -0.4324 0.8844
vn -0.4936 -0.8453 0.2045
vn -0.5240 -0.8453 0.1042
vn -0.8330 -0.4324 0.3451
vn -0.8844 -0.4324 0.1759
vn -0.4442 -0.8453 0.2968
vn -0.7497 -0.4324 0.5009
vn -0.5343 -0.8453 -0.0000
vn -0.9017 -0.4324 -0.0000
vn 0.1300 -0.9900 -0.0539
vn 0.1381 -0.9900 -0.0275
vn 0.3804 0.9217 -0.0757
vn 0.2599 0.9642 -0.0517
vn 0.3584 0.9217 -0.1484
vn 0.2449 0.9642 -0.1014
vn 0.5490 0.8286 -0.1092
vn 0.6965 0.7041 -0.1385
vn 0.8173 0.5528 -0.1626
vn 0.9070 0.3805 -0.1804
vn 0.9622 0.1939 -0.1914
vn 0.8544 0.3805 -0.3539
vn 0.7699 0.5528 -0.3189
vn 0.9063 0.1939 -0.3754
vn 0.1170 -0.9900 -0.0782
vn 0.3225 0.9217 -0.2155
vn 0.2204 0.9642 -0.1472
vn 0.5172 0.8286 -0.2142
vn 0.6561 0.7041 -0.2718
vn 0.4654 0.8286 -0.3110
vn 0.5905 0.7041 -0.3945
vn 0.6929 0.5528 -0.4630
vn 0.7689 0.3805 -0.5138
vn 0.8157 0.1939 -0.5450
vn 0.2743 0.9217 -0.2743
vn 0.1874 0.9642 -0.1874
vn 0.6937 0.1939 -0.6937
vn 0.6539 0.3805 -0.6539
vn 0.0995 -0.9900 -0.0995
vn 0.2155 0.9217 -0.3225
vn 0.1472 0.9642 -0.2204
vn 0.3958 0.8286 -0.3958
vn 0.5021 0.7041 -0.5021
vn 0.5893 0.5528 -0.5893
vn 0.3945 0.7041 -0.5905
vn 0.3110 0.8286 -0.4654
vn 0.4630 0.5528 -0.6929
vn 0.5138 0.3805 -0.7689
vn 0.5450 0.1939 -0.8157
vn 0.0782 -0.9900 -0.1170
vn 0.1484 0.9217 -0.3584
vn 0.1014 0.9642 -0.2449
vn 0.0539 -0.9900 -0.1300
vn 0.0757 0.9217 -0.3804
vn 0.0517 0.9642 -0.2599
vn 0.2142 0.8286 -0.5172
vn 0.2718 0.7041 -0.6561
vn 0.3189 0.5528 -0.7699
vn 0.3539 0.3805 -0.8544
vn 0.3754 0.1939 -0.9063
vn 0.1385 0.7041 -0.6965
vn 0.1092 0.8286 -0.5490
vn 0.1626 0.5528 -0.8173
vn 0.1804 0.3805 -0.9070
vn 0.1914 0.1939 -0.9622
vn 0.0275 -0.9900 -0.1381
vn -0.0000 0.9217 -0.3879
vn -0.0000 0.9642 -0.2650
vn -0.0000 -0.9900 -0.1408
vn -0.0000 0.8286 -0.5598
vn -0.0000 0.7041 -0.7101
vn -0.0000 0.5528 -0.8333
vn -0.0000 0.3805 -0.9248
vn -0.0000 0.1939 -0.9810
vn 0.2318 0.9717 -0.0461
vn 0.2183 0.9717 -0.0904
vn 0.1965 0.9717 -0.1313
vn 0.1671 0.9717 -0.1671
vn 0.1313 0.9717 -0.1965
vn 0.0904 0.9717 -0.2183
vn 0.0461 0.9717 -0.2318
vn -0.0000 0.9717 -0.2363
vn 0.9802 -0.0358 -0.1950
vn 0.7067 -0.0358 -0.7067
vn 0.5552 -0.0358 -0.8309
vn 0.9233 -0.0358 -0.3824
vn 0.8309 -0.0358 -0.5552
vn 0.3824 -0.0358 -0.9233
vn 0.1950 -0.0358 -0.9802
vn -0.0000 -0.0358 -0.9994
vn 0.2968 -0.8453 -0.4442
vn 0.3778 -0.8453 -0.3778
vn 0.5009 -0.4324 -0.7497
vn 0.6376 -0.4324 -0.6376
vn 0.2045 -0.8453 -0.4936
vn 0.3451 -0.4324 -0.8330
vn 0.1042 -0.8453 -0.5240
vn 0.1759 -0.4324 -0.8844
vn -0.0000 -0.8453 -0.5343
vn -0.0000 -0.4324 -0.9017
vn 0.4936 -0.8453 -0.2045
vn 0.5240 -0.8453 -0.1042
vn 0.8330 -0.4324 -0.3451
vn 0.8844 -0.4324 -0.1759
vn 0.4442 -0.8453 -0.2968
vn 0.7497 -0.4324 -0.5009
vn -0.1381 -0.9900 -0.0275
vn -0.1300 -0.9900 -0.0539
vn -0.2599 0.9642 -0.0517
vn -0.3804 0.9217 -0.0757
vn -0.2449 0.9642 -0.1014
vn -0.3584 0.9217 -0.1484
vn -0.5490 0.8286 -0.1092
vn -0.6965 0.7041 -0.1385
vn -0.8173 0.5528 -0.1626
vn -0.9070 0.3805 -0.1804
vn -0.9622 0.1939 -0.1914
vn -0.7699 0.5528 -0.3189
vn -0.8544 0.3805 -0.3539
vn -0.9063 0.1939 -0.3754
vn -0.1170 -0.9900 -0.0782
vn -0.2204 0.9642 -0.1472
vn -0.3225 0.9217 -0.2155
vn -0.5172 0.8286 -0.2142
vn -0.6561 0.7041 -0.2718
vn -0.4654 0.8286 -0.3110
vn -0.5905 0.7041 -0.3945
vn -0.6929 0.5528 -0.4630
vn -0.7689 0.3805 -0.5138
vn -0.8157 0.1939 -0.5450
vn -0.1874 0.9642 -0.1874
vn -0.2743 0.9217 -0.2743
vn -0.6539 0.3805 -0.6539
vn -0.6937 0.1939 -0.6937
vn -0.0995 -0.9900 -0.0995
vn -0.1472 0.9642 -0.2204
vn -0.2155 0.9217 -0.3225
vn -0.3958 0.8286 -0.3958
vn -0.5021 0.7041 -0.5021
vn -0.5893 0.5528 -0.5893
vn -0.3110 0.8286 -0.4654
vn -0.3945 0.7041 -0.5905
vn -0.4630 0.5528 -0.6929
vn -0.5138 0.3805 -0.7689
vn -0.5450 0.1939 -0.8157
vn -0.0782 -0.9900 -0.1170
vn -0.1014 0.9642 -0.2449
vn -0.1484 0.9217 -0.3584
vn -0.0539 -0.9900 -0.1300
vn -0.0517 0.9642 -0.2599
vn -0.0757 0.9217 -0.3804
vn -0.2142 0.8286 -0.5172
vn -0.2718 0.7041 -0.6561
vn -0.3189 0.5528 -0.7699
vn -0.3539 0.3805 -0.8544
vn -0.3754 0.1939 -0.9063
vn -0.1092 0.8286 -0.5490
vn -0.1385 0.7041 -0.6965
vn -0.1626 0.5528 -0.8173
vn -0.1804 0.3805 -0.9070
vn -0.1914 0.1939 -0.9622
vn -0.0275 -0.9900 -0.1381
vn -0.2318 0.9717 -0.0461
vn -0.2183 0.9717 -0.0904
vn -0.1965 0.9717 -0.1313
vn -0.1671 0.9717 -0.1671
vn -0.1313 0.9717 -0.1965
vn -0.0904 0.9717 -0.2183
vn -0.0461 0.9717 -0.2318
vn -0.9802 -0.0358 -0.1950
vn -0.7067 -0.0358 -0.7067
vn -0.5552 -0.0358 -0.8309
vn -0.9233 -0.0358 -0.3824
vn -0.8309 -0.0358 -0.5552
vn -0.3824 -0.0358 -0.9233
vn -0.1950 -0.0358 -0.9802
vn -0.3778 -0.8453 -0.3778
vn -0.2968 -0.8453 -0.4442
vn -0.6376 -0.4324 -0.6376
vn -0.5009 -0.4324 -0.7497
vn -0.2045 -0.8453 -0.4936
vn -0.3451 -0.4324 -0.8330
vn -0.1042 -0.8453 -0.5240
vn -0.1759 -0.4324 -0.8844
vn -0.5240 -0.8453 -0.1042
vn -0.4936 -0.8453 -0.2045
vn -0.8844 -0.4324 -0.1759
vn -0.8330 -0.4324 -0.3451
vn -0.4442 -0.8453 -0.2968
vn -0.7497 -0.4324 -0.5009
vn -0.0000 1.0000 -0.0000
vn 0.1300 0.9900 0.0539
vn 0.1381 0.9900 0.0275
vn 0.1408 0.9900 -0.0000
vn 0.3879 -0.9217 -0.0000
vn 0.3804 -0.9217 0.0757
vn 0.2599 -0.9642 0.0517
vn 0.2650 -0.9642 -0.0000
vn 0.3584 -0.9217 0.1484
vn 0.2449 -0.9642 0.1014
vn 0.5598 -0.8286 -0.0000
vn 0.5490 -0.8286 0.1092
vn 0.7101 -0.7041 -0.0000
vn 0.6965 -0.7041 0.1385
vn 0.8333 -0.5528 -0.0000
vn 0.8173 -0.5528 0.1626
vn 0.9248 -0.3805 -0.0000
vn 0.9070 -0.3805 0.1804
vn 0.9810 -0.1939 -0.0000
vn 0.9622 -0.1939 0.1914
vn 0.8544 -0.3805 0.3539
vn 0.7699 -0.5528 0.3189
vn 0.9063 -0.1939 0.3754
vn 0.1170 0.9900 0.0782
vn 0.3225 -0.9217 0.2155
vn 0.2204 -0.9642 0.1472
vn 0.5172 -0.8286 0.2142
vn 0.6561 -0.7041 0.2718
vn 0.4654 -0.8286 0.3110
vn 0.5905 -0.7041 0.3945
vn 0.6929 -0.5528 0.4630
vn 0.7689 -0.3805 0.5138
vn 0.8157 -0.1939 0.5450
vn 0.2743 -0.9217 0.2743
vn 0.1874 -0.9642 0.1874
vn 0.6937 -0.1939 0.6937
vn 0.6539 -0.3805 0.6539
vn 0.0995 0.9900 0.0995
vn 0.2155 -0.9217 0.3225
vn 0.1472 -0.9642 0.2204
vn 0.3958 -0.8286 0.3958
vn 0.5021 -0.7041 0.5021
vn 0.5893 -0.5528 0.5893
vn 0.3945 -0.7041 0.5905
vn 0.3110 -0.8286 0.4654
vn 0.4630 -0.5528 0.6929
vn 0.5138 -0.3805 0.7689
vn 0.5450 -0.1939 0.8157
vn 0.0782 0.9900 0.1170
vn 0.1484 -0.9217 0.3584
vn 0.1014 -0.9642 0.2449
vn 0.0539 0.9900 0.1300
vn 0.0757 -0.9217 0.3804
vn 0.0517 -0.9642 0.2599
vn 0.2142 -0.8286 0.5172
vn 0.2718 -0.7041 0.6561
vn 0.3189 -0.5528 0.7699
vn 0.3539 -0.3805 0.8544
vn 0.3754 -0.1939 0.9063
vn 0.1385 -0.7041 0.6965
vn 0.1092 -0.8286 0.5490
vn 0.1626 -0.5528 0.8173
vn 0.1804 -0.3805 0.9070
vn 0.1914 -0.1939 0.9622
vn 0.0275 0.9900 0.1381
vn -0.0000 -0.9217 0.3879
vn -0.0000 -0.9642 0.2650
vn -0.0000 0.9900 0.1408
vn -0.0000 -0.8286 0.5598
vn -0.0000 -0.7041 0.7101
vn -0.0000 -0.5528 0.8333
vn -0.0000 -0.3805 0.9248
vn -0.0000 -0.1939 0.9810
vn 0.2363 -0.9717 -0.0000
vn 0.2318 -0.9717 0.0461
vn 0.2183 -0.9717 0.0904
vn 0.1965 -0.9717 0.1313
vn 0.1671 -0.9717 0.1671
vn 0.1313 -0.9717 0.1965
vn 0.0904 -0.9717 0.2183
vn 0.0461 -0.9717 0.2318
vn -0.0000 -0.9717 0.2363
vn 0.9994 0.0358 -0.0000
vn 0.9802 0.0358 0.1950
vn 0.7067 0.0358 0.7067
vn 0.5552 0.0358 0.8309
vn 0.9233 0.0358 0.3824
vn 0.8309 0.0358 0.5552
vn 0.3824 0.0358 0.9233
vn 0.1950 0.0358 0.9802
vn -0.0000 0.0358 0.9994
vn 0.2968 0.8453 0.4442
vn 0.3778 0.8453 0.3778
vn 0.5009 0.4324 0.7497
vn 0.6376 0.4324 0.6376
vn 0.2045 0.8453 0.4936
vn 0.3451 0.4324 0.8330
vn 0.1042 0.8453 0.5240
vn 0.1759 0.4324 0.8844
vn -0.0000 0.8453 0.5343
vn -0.0000 0.4324 0.9017
vn 0.4936 0.8453 0.2045
vn 0.5240 0.8453 0.1042
vn 0.8330 0.4324 0.3451
vn 0.8844 0.4324 0.1759
vn 0.4442 0.8453 0.2968
vn 0.7497 0.4324 0.5009
vn 0.5343 0.8453 -0.0000
vn 0.9017 0.4324 -0.0000
vn -0.1381 0.9900 0.0275
vn -0.1300 0.9900 0.0539
vn -0.1408 0.9900 -0.0000
vn -0.3879 -0.9217 -0.0000
vn -0.2650 -0.9642 -0.0000
vn -0.2599 -0.9642 0.0517
vn -0.3804 -0.9217 0.0757
vn -0.2449 -0.9642 0.1014
vn -0.3584 -0.9217 0.1484
vn -0.5598 -0.8286 -0.0000
vn -0.5490 -0.8286 0.1092
vn -0.7101 -0.7041 -0.0000
vn -0.6965 -0.7041 0.1385
vn -0.8333 -0.5528 -0.0000
vn -0.8173 -0.5528 0.1626
vn -0.9248 -0.3805 -0.0000
vn -0.9070 -0.3805 0.1804
vn -0.9810 -0.1939 -0.0000
vn -0.9622 -0.1939 0.1914
vn -0.7699 -0.5528 0.3189
vn -0.8544 -0.3805 0.3539
vn -0.9063 -0.1939 0.3754
vn -0.1170 0.9900 0.0782
vn -0.2204 -0.9642 0.1472
vn -0.3225 -0.9217 0.2155
vn -0.5172 -0.8286 0.2142
vn -0.6561 -0.7041 0.2718
vn -0.4654 -0.8286 0.3110
vn -0.5905 -0.7041 0.3945
vn -0.6929 -0.5528 0.4630
vn -0.7689 -0.3805 0.5138
vn -0.8157 -0.1939 0.5450
vn -0.1874 -0.9642 0.1874
vn -0.2743 -0.9217 0.2743
vn -0.6539 -0.3805 0.6539
vn -0.6937 -0.1939 0.6937
vn -0.0995 0.9900 0.0995
vn -0.1472 -0.9642 0.2204
vn -0.2155 -0.9217 0.3225
vn -0.3958 -0.8286 0.3958
vn -0.5021 -0.7041 0.5021
vn -0.5893 -0.5528 0.5893
vn -0.3110 -0.8286 0.4654
vn -0.3945 -0.7041 0.5905
vn -0.4630 -0.5528 0.6929
vn -0.5138 -0.3805 0.7689
vn -0.5450 -0.1939 0.8157
vn -0.0782 0.9900 0.1170
vn -0.1014 -0.9642 0.2449
vn -0.1484 -0.9217 0.3584
vn -0.0539 0.9900 0.1300
vn -0.0517 -0.9642 0.2599
vn -0.0757 -0.9217 0.3804
vn -0.2142 -0.8286 0.5172
vn -0.2718 -0.7041 0.6561
vn -0.3189 -0.5528 0.7699
vn -0.3539 -0.3805 0.8544
vn -0.3754 -0.1939 0.9063
vn -0.1092 -0.8286 0.5490
vn -0.1385 -0.7041 0.6965
vn -0.1626 -0.5528 0.8173
vn -0.1804 -0.3805 0.9070
vn -0.1914 -0.1939 0.9622
vn -0.0275 0.9900 0.1381
vn -0.2363 -0.9717 -0.0000
vn -0.2318 -0.9717 0.0461
vn -0.2183 -0.9717 0.0904
vn -0.1965 -0.9717 0.1313
vn -0.1671 -0.9717 0.1671
vn -0.1313 -0.9717 0.1965
vn -0.0904 -0.9717 0.2183
vn -0.0461 -0.9717 0.2318
vn -0.9994 0.0358 -0.0000
vn -0.9802 0.0358 0.1950
vn -0.7067 0.0358 0.7067
vn -0.5552 0.0358 0.8309
vn -0.9233 0.0358 0.3824
vn -0.8309 0.0358 0.5552
vn -0.3824 0.0358 0.9233
vn -0.1950 0.0358 0.9802
vn -0.3778 0.8453 0.3778
vn -0.2968 0.8453 0.4442
vn -0.6376 0.4324 0.6376
vn -0.5009 0.4324 0.7497
vn -0.2045 0.8453 0.4936
vn -0.3451 0.4324 0.8330
vn -0.1042 0.8453 0.5240
vn -0.1759 0.4324 0.8844
vn -0.5240 0.8453 0.1042
vn -0.4936 0.8453 0.2045
vn -0.8844 0.4324 0.1759
vn -0.8330 0.4324 0.3451
vn -0.4442 0.8453 0.2968
vn -0.7497 0.4324 0.5009
vn -0.5343 0.8453 -0.0000
vn -0.9017 0.4324 -0.0000
vn 0.1381 0.9900 -0.0275
vn 0.1300 0.9900 -0.0539
vn 0.2599 -0.9642 -0.0517
vn 0.3804 -0.9217 -0.0757
vn 0.2449 -0.9642 -0.1014
vn 0.3584 -0.9217 -0.1484
vn 0.5490 -0.8286 -0.1092
vn 0.6965 -0.7041 -0.1385
vn 0.8173 -0.5528 -0.1626
vn 0.9070 -0.3805 -0.1804
vn 0.9622 -0.1939 -0.1914
vn 0.7699 -0.5528 -0.3189
vn 0.8544 -0.3805 -0.3539
vn 0.9063 -0.1939 -0.3754
vn 0.1170 0.9900 -0.0782
vn 0.2204 -0.9642 -0.1472
vn 0.3225 -0.9217 -0.2155
vn 0.5172 -0.8286 -0.2142
vn 0.6561 -0.7041 -0.2718
vn 0.4654 -0.8286 -0.3110
vn 0.5905 -0.7041 -0.3945
vn 0.6929 -0.5528 -0.4630
vn 0.7689 -0.3805 -0.5138
vn 0.8157 -0.1939 -0.5450
vn 0.1874 -0.9642 -0.1874
vn 0.2743 -0.9217 -0.2743
vn 0.6539 -0.3805 -0.6539
vn 0.6937 -0.1939 -0.6937
vn 0.0995 0.9900 -0.0995
vn 0.1472 -0.9642 -0.2204
vn 0.2155 -0.9217 -0.3225
vn 0.3958 -0.8286 -0.3958
vn 0.5021 -0.7041 -0.5021
vn 0.5893 -0.5528 -0.5893
vn 0.3110 -0.8286 -0.4654
vn 0.3945 -0.7041 -0.5905
vn 0.4630 -0.5528 -0.6929
vn 0.5138 -0.3805 -0.7689
vn 0.5450 -0.1939 -0.8157
vn 0.0782 0.9900 -0.1170
vn 0.1014 -0.9642 -0.2449
vn 0.1484 -0.9217 -0.3584
vn 0.0539 0.9900 -0.1300
vn 0.0517 -0.9642 -0.2599
vn 0.0757 -0.9217 -0.3804
vn 0.2142 -0.8286 -0.5172
vn 0.2718 -0.7041 -0.6561
vn 0.3189 -0.5528 -0.7699
vn 0.3539 -0.3805 -0.8544
vn 0.3754 -0.1939 -0.9063
vn 0.1092 -0.8286 -0.5490
vn 0.1385 -0.7041 -0.6965
vn 0.1626 -0.5528 -0.8173
vn 0.1804 -0.3805 -0.9070
vn 0.1914 -0.1939 -0.9622
vn 0.0275 0.9900 -0.1381
vn -0.0000 -0.9642 -0.2650
vn -0.0000 -0.9217 -0.3879
vn -0.0000 0.9900 -0.1408
vn -0.0000 -0.8286 -0.5598
vn -0.0000 -0.7041 -0.7101
vn -0.0000 -0.5528 -0.8333
vn -0.0000 -0.3805 -0.9248
vn -0.0000 -0.1939 -0.9810
vn 0.2318 -0.9717 -0.0461
vn 0.2183 -0.9717 -0.0904
vn 0.1965 -0.9717 -0.1313
vn 0.1671 -0.9717 -0.1671
vn 0.1313 -0.9717 -0.1965
vn 0.0904 -0.9717 -0.2183
vn 0.0461 -0.9717 -0.2318
vn -0.0000 -0.9717 -0.2363
vn 0.9802 0.0358 -0.1950
vn 0.7067 0.0358 -0.7067
vn 0.5552 0.0358 -0.8309
vn 0.9233 0.0358 -0.3824
vn 0.8309 0.0358 -0.5552
vn 0.3824 0.0358 -0.9233
vn 0.1950 0.0358 -0.9802
vn -0.0000 0.0358 -0.9994
vn 0.3778 0.8453 -0.3778
vn 0.2968 0.8453 -0.4442
vn 0.6376 0.4324 -0.6376
vn 0.5009 0.4324 -0.7497
vn 0.2045 0.8453 -0.4936
vn 0.3451 0.4324 -0.8330
vn 0.1042 0.8453 -0.5240
vn 0.1759 0.4324 -0.8844
vn -0.0000 0.8453 -0.5343
vn -0.0000 0.4324 -0.9017
vn 0.5240 0.8453 -0.1042
vn 0.4936 0.8453 -0.2045
vn 0.8844 0.4324 -0.1759
vn 0.8330 0.4324 -0.3451
vn 0.4442 0.8453 -0.2968
vn 0.7497 0.4324 -0.5009
vn -0.1300 0.9900 -0.0539
vn -0.1381 0.9900 -0.0275
vn -0.3804 -0.9217 -0.0757
vn -0.2599 -0.9642 -0.0517
vn -0.3584 -0.9217 -0.1484
vn -0.2449 -0.9642 -0.1014
vn -0.5490 -0.8286 -0.1092
vn -0.6965 -0.7041 -0.1385
vn -0.8173 -0.5528 -0.1626
vn -0.9070 -0.3805 -0.1804
vn -0.9622 -0.1939 -0.1914
vn -0.8544 -0.3805 -0.3539
vn -0.7699 -0.5528 -0.3189
vn -0.9063 -0.1939 -0.3754
vn -0.1170 0.9900 -0.0782
vn -0.3225 -0.9217 -0.2155
vn -0.2204 -0.9642 -0.1472
vn -0.5172 -0.8286 -0.2142
vn -0.6561 -0.7041 -0.2718
vn -0.4654 -0.8286 -0.3110
vn -0.5905 -0.7041 -0.3945
vn -0.6929 -0.5528 -0.4630
vn -0.7689 -0.3805 -0.5138
vn -0.8157 -0.1939 -0.5450
vn -0.2743 -0.9217 -0.2743
vn -0.1874 -0.9642 -0.1874
vn -0.6937 -0.1939 -0.6937
vn -0.6539 -0.3805 -0.6539
vn -0.0995 0.9900 -0.0995
vn -0.2155 -0.9217 -0.3225
vn -0.1472 -0.9642 -0.2204
vn -0.3958 -0.8286 -0.3958
vn -0.5021 -0.7041 -0.5021
vn -0.5893 -0.5528 -0.5893
vn -0.3945 -0.7041 -0.5905
vn -0.3110 -0.8286 -0.4654
vn -0.4630 -0.5528 -0.6929
vn -0.5138 -0.3805 -0.7689
vn -0.5450 -0.1939 -0.8157
vn -0.0782 0.9900 -0.1170
vn -0.1484 -0.9217 -0.3584
vn -0.1014 -0.9642 -0.2449
vn -0.0539 0.9900 -0.1300
vn -0.0757 -0.9217 -0.3804
vn -0.0517 -0.9642 -0.2599
vn -0.2142 -0.8286 -0.5172
vn -0.2718 -0.7041 -0.6561
vn -0.3189 -0.5528 -0.7699
vn -0.3539 -0.3805 -0.8544
vn -0.3754 -0.1939 -0.9063
vn -0.1385 -0.7041 -0.6965
vn -0.1092 -0.8286 -0.5490
vn -0.1626 -0.5528 -0.8173
vn -0.1804 -0.3805 -0.9070
vn -0.1914 -0.1939 -0.9622
vn -0.0275 0.9900 -0.1381
vn -0.2318 -0.9717 -0.0461
vn -0.2183 -0.9717 -0.0904
vn -0.1965 -0.9717 -0.1313
vn -0.1671 -0.9717 -0.1671
vn -0.1313 -0.9717 -0.1965
vn -0.0904 -0.9717 -0.2183
vn -0.0461 -0.9717 -0.2318
vn -0.9802 0.0358 -0.1950
vn -0.7067 0.0358 -0.7067
vn -0.5552 0.0358 -0.8309
vn -0.9233 0.0358 -0.3824
vn -0.8309 0.0358 -0.5552
vn -0.3824 0.0358 -0.9233
vn -0.1950 0.0358 -0.9802
vn -0.2968 0.8453 -0.4442
vn -0.3778 0.8453 -0.3778
vn -0.5009 0.4324 -0.7497
vn -0.6376 0.4324 -0.6376
vn -0.2045 0.8453 -0.4936
vn -0.3451 0.4324 -0.8330
vn -0.1042 0.8453 -0.5240
vn -0.1759 0.4324 -0.8844
vn -0.4936 0.8453 -0.2045
vn -0.5240 0.8453 -0.1042
vn -0.8330 0.4324 -0.3451
vn -0.8844 0.4324 -0.1759
vn -0.4442 0.8453 -0.2968
vn -0.7497 0.4324 -0.5009
vn 0.8315 -0.0000 0.5556
vn 0.7071 -0.0000 0.7071
vn 0.5556 -0.0000 0.8315
vn 0.3827 -0.0000 0.9239
vn 0.1467 -0.0000 0.9892
vn -0.9892 -0.0000 0.1467
vn -0.9239 -0.0000 0.3827
vn 0.9892 -0.0000 -0.1467
vn 0.9239 -0.0000 -0.3827
vn -0.9892 -0.0000 -0.1467
vn -0.9239 -0.0000 -0.3827
vn 0.9239 -0.0000 0.3827
vn -0.8315 -0.0000 0.5556
vn -0.7071 -0.0000 0.7071
vn -0.5556 -0.0000 0.8315
vn -0.3827 -0.0000 0.9239
vn -0.1467 -0.0000 0.9892
vn 0.8315 -0.0000 -0.5556
vn 0.7071 -0.0000 -0.7071
vn 0.5556 -0.0000 -0.8315
vn 0.3827 -0.0000 -0.9239
vn 0.1467 -0.0000 -0.9892
vn -0.8315 -0.0000 -0.5556
vn -0.7071 -0.0000 -0.7071
vn -0.5556 -0.0000 -0.8315
vn -0.3827 -0.0000 -0.9239
vn -0.1467 -0.0000 -0.9892
vn 0.9892 -0.0000 0.1467
vn 0.1350 -0.9905 0.0269
vn 0.1272 -0.9905 0.0527
vn 1.0000 -0.0000 -0.0000
vn 0.9808 -0.0000 0.1951
vn 0.9724 -0.1303 0.1934
vn 0.9915 -0.1303 -0.0000
vn 0.1145 -0.9905 0.0765
vn 0.8244 -0.1303 0.5508
vn 0.9160 -0.1303 0.3794
vn 0.0974 -0.9905 0.0974
vn 0.0765 -0.9905 0.1145
vn 0.0527 -0.9905 0.1272
vn 0.3794 -0.1303 0.9160
vn 0.5508 -0.1303 0.8244
vn 0.0269 -0.9905 0.1350
vn -0.0000 -0.9905 0.1377
vn 0.1377 -0.9905 -0.0000
vn 0.7011 -0.1303 0.7011
vn 0.1951 -0.0000 0.9808
vn -0.0000 -0.0000 1.0000
vn -0.0000 -0.1303 0.9915
vn 0.1934 -0.1303 0.9724
vn 0.4239 -0.8603 0.2832
vn 0.3605 -0.8603 0.3605
vn 0.7224 -0.4952 0.4827
vn 0.6143 -0.4952 0.6143
vn 0.1951 -0.8603 0.4710
vn 0.0995 -0.8603 0.5000
vn 0.3325 -0.4952 0.8026
vn 0.1695 -0.4952 0.8521
vn 0.5098 -0.8603 -0.0000
vn 0.5000 -0.8603 0.0995
vn 0.8688 -0.4952 -0.0000
vn 0.8521 -0.4952 0.1695
vn 0.4710 -0.8603 0.1951
vn 0.8026 -0.4952 0.3325
vn 0.2832 -0.8603 0.4239
vn 0.4827 -0.4952 0.7224
vn -0.0000 -0.8603 0.5098
vn -0.0000 -0.4952 0.8688
vn -0.1272 -0.9905 0.0527
vn -0.1350 -0.9905 0.0269
vn -1.0000 -0.0000 -0.0000
vn -0.9915 -0.1303 -0.0000
vn -0.9724 -0.1303 0.1934
vn -0.9808 -0.0000 0.1951
vn -0.1145 -0.9905 0.0765
vn -0.9160 -0.1303 0.3794
vn -0.8244 -0.1303 0.5508
vn -0.0765 -0.9905 0.1145
vn -0.0974 -0.9905 0.0974
vn -0.0527 -0.9905 0.1272
vn -0.5508 -0.1303 0.8244
vn -0.3794 -0.1303 0.9160
vn -0.0269 -0.9905 0.1350
vn -0.1377 -0.9905 -0.0000
vn -0.7011 -0.1303 0.7011
vn -0.1951 -0.0000 0.9808
vn -0.1934 -0.1303 0.9724
vn -0.3605 -0.8603 0.3605
vn -0.4239 -0.8603 0.2832
vn -0.6143 -0.4952 0.6143
vn -0.7224 -0.4952 0.4827
vn -0.0995 -0.8603 0.5000
vn -0.1951 -0.8603 0.4710
vn -0.1695 -0.4952 0.8521
vn -0.3325 -0.4952 0.8026
vn -0.5000 -0.8603 0.0995
vn -0.5098 -0.8603 -0.0000
vn -0.8521 -0.4952 0.1695
vn -0.8688 -0.4952 -0.0000
vn -0.4710 -0.8603 0.1951
vn -0.8026 -0.4952 0.3325
vn -0.2832 -0.8603 0.4239
vn -0.4827 -0.4952 0.7224
vn 0.1272 -0.9905 -0.0527
vn 0.1350 -0.9905 -0.0269
vn 0.9724 -0.1303 -0.1934
vn 0.9808 -0.0000 -0.1951
vn 0.1145 -0.9905 -0.0765
vn 0.9160 -0.1303 -0.3794
vn 0.8244 -0.1303 -0.5508
vn 0.0765 -0.9905 -0.1145
vn 0.0974 -0.9905 -0.0974
vn 0.0527 -0.9905 -0.1272
vn 0.5508 -0.1303 -0.8244
vn 0.3794 -0.1303 -0.9160
vn -0.0000 -0.9905 -0.1377
vn 0.0269 -0.9905 -0.1350
vn 0.7011 -0.1303 -0.7011
vn 0.1951 -0.0000 -0.9808
vn 0.1934 -0.1303 -0.9724
vn -0.0000 -0.1303 -0.9915
vn -0.0000 -0.0000 -1.0000
vn 0.3605 -0.8603 -0.3605
vn 0.4239 -0.8603 -0.2832
vn 0.6143 -0.4952 -0.6143
vn 0.7224 -0.4952 -0.4827
vn 0.0995 -0.8603 -0.5000
vn 0.1951 -0.8603 -0.4710
vn 0.1695 -0.4952 -0.8521
vn 0.3325 -0.4952 -0.8026
vn 0.5000 -0.8603 -0.0995
vn 0.8521 -0.4952 -0.1695
vn 0.4710 -0.8603 -0.1951
vn 0.8026 -0.4952 -0.3325
vn 0.2832 -0.8603 -0.4239
vn 0.4827 -0.4952 -0.7224
vn -0.0000 -0.8603 -0.5098
vn -0.0000 -0.4952 -0.8688
vn -0.1350 -0.9905 -0.0269
vn -0.1272 -0.9905 -0.0527
vn -0.9808 -0.0000 -0.1951
vn -0.9724 -0.1303 -0.1934
vn -0.1145 -0.9905 -0.0765
vn -0.8244 -0.1303 -0.5508
vn -0.9160 -0.1303 -0.3794
vn -0.0974 -0.9905 -0.0974
vn -0.0765 -0.9905 -0.1145
vn -0.0527 -0.9905 -0.1272
vn -0.3794 -0.1303 -0.9160
vn -0.5508 -0.1303 -0.8244
vn -0.0269 -0.9905 -0.1350
vn -0.7011 -0.1303 -0.7011
vn -0.1951 -0.0000 -0.9808
vn -0.1934 -0.1303 -0.9724
vn -0.4239 -0.8603 -0.2832
vn -0.3605 -0.8603 -0.3605
vn -0.7224 -0.4952 -0.4827
vn -0.6143 -0.4952 -0.6143
vn -0.1951 -0.8603 -0.4710
vn -0.0995 -0.8603 -0.5000
vn -0.3325 -0.4952 -0.8026
vn -0.1695 -0.4952 -0.8521
vn -0.5000 -0.8603 -0.0995
vn -0.8521 -0.4952 -0.1695
vn -0.4710 -0.8603 -0.1951
vn -0.8026 -0.4952 -0.3325
vn -0.2832 -0.8603 -0.4239
vn -0.4827 -0.4952 -0.7224
vn 0.1272 0.9905 0.0527
vn 0.1350 0.9905 0.0269
vn 0.9915 0.1303 -0.0000
vn 0.9724 0.1303 0.1934
vn 0.1145 0.9905 0.0765
vn 0.9160 0.1303 0.3794
vn 0.8244 0.1303 0.5508
vn 0.0765 0.9905 0.1145
vn 0.0974 0.9905 0.0974
vn 0.0527 0.9905 0.1272
vn 0.5508 0.1303 0.8244
vn 0.3794 0.1303 0.9160
vn -0.0000 0.9905 0.1377
vn 0.0269 0.9905 0.1350
vn 0.1377 0.9905 -0.0000
vn 0.7011 0.1303 0.7011
vn 0.1934 0.1303 0.9724
vn -0.0000 0.1303 0.9915
vn 0.3605 0.8603 0.3605
vn 0.4239 0.8603 0.2832
vn 0.6143 0.4952 0.6143
vn 0.7224 0.4952 0.4827
vn 0.0995 0.8603 0.5000
vn 0.1951 0.8603 0.4710
vn 0.1695 0.4952 0.8521
vn 0.3325 0.4952 0.8026
vn 0.5000 0.8603 0.0995
vn 0.5098 0.8603 -0.0000
vn 0.8521 0.4952 0.1695
vn 0.8688 0.4952 -0.0000
vn 0.4710 0.8603 0.1951
vn 0.8026 0.4952 0.3325
vn 0.2832 0.8603 0.4239
vn 0.4827 0.4952 0.7224
vn -0.0000 0.8603 0.5098
vn -0.0000 0.4952 0.8688
vn -0.1350 0.9905 0.0269
vn -0.1272 0.9905 0.0527
vn -0.9724 0.1303 0.1934
vn -0.9915 0.1303 -0.0000
vn -0.1145 0.9905 0.0765
vn -0.8244 0.1303 0.5508
vn -0.9160 0.1303 0.3794
vn -0.0974 0.9905 0.0974
vn -0.0765 0.9905 0.1145
vn -0.0527 0.9905 0.1272
vn -0.3794 0.1303 0.9160
vn -0.5508 0.1303 0.8244
vn -0.0269 0.9905 0.1350
vn -0.1377 0.9905 -0.0000
vn -0.7011 0.1303 0.7011
vn -0.1934 0.1303 0.9724
vn -0.4239 0.8603 0.2832
vn -0.3605 0.8603 0.3605
vn -0.7224 0.4952 0.4827
vn -0.6143 0.4952 0.6143
vn -0.1951 0.8603 0.4710
vn -0.0995 0.8603 0.5000
vn -0.3325 0.4952 0.8026
vn -0.1695 0.4952 0.8521
vn -0.5098 0.8603 -0.0000
vn -0.5000 0.8603 0.0995
vn -0.8688 0.4952 -0.0000
vn -0.8521 0.4952 0.1695
vn -0.4710 0.8603 0.1951
vn -0.8026 0.4952 0.3325
vn -0.2832 0.8603 0.4239
vn -0.4827 0.4952 0.7224
vn 0.1350 0.9905 -0.0269
vn 0.1272 0.9905 -0.0527
vn 0.9724 0.1303 -0.1934
vn 0.1145 0.9905 -0.0765
vn 0.8244 0.1303 -0.5508
vn 0.9160 0.1303 -0.3794
vn 0.0974 0.9905 -0.0974
vn 0.0765 0.9905 -0.1145
vn 0.0527 0.9905 -0.1272
vn 0.3794 0.1303 -0.9160
vn 0.5508 0.1303 -0.8244
vn 0.0269 0.9905 -0.1350
vn -0.0000 0.9905 -0.1377
vn 0.7011 0.1303 -0.7011
vn -0.0000 0.1303 -0.9915
vn 0.1934 0.1303 -0.9724
vn 0.4239 0.8603 -0.2832
vn 0.3605 0.8603 -0.3605
vn 0.7224 0.4952 -0.4827
vn 0.6143 0.4952 -0.6143
vn 0.1951 0.8603 -0.4710
vn 0.0995 0.8603 -0.5000
vn 0.3325 0.4952 -0.8026
vn 0.1695 0.4952 -0.8521
vn 0.5000 0.8603 -0.0995
vn 0.8521 0.4952 -0.1695
vn 0.4710 0.8603 -0.1951
vn 0.8026 0.4952 -0.3325
vn 0.2832 0.8603 -0.4239
vn 0.4827 0.4952 -0.7224
vn -0.0000 0.8603 -0.5098
vn -0.0000 0.4952 -0.8688
vn -0.1272 0.9905 -0.0527
vn -0.1350 0.9905 -0.0269
vn -0.9724 0.1303 -0.1934
vn -0.1145 0.9905 -0.0765
vn -0.9160 0.1303 -0.3794
vn -0.8244 0.1303 -0.5508
vn -0.0765 0.9905 -0.1145
vn -0.0974 0.9905 -0.0974
vn -0.0527 0.9905 -0.1272
vn -0.5508 0.1303 -0.8244
vn -0.3794 0.1303 -0.9160
vn -0.0269 0.9905 -0.1350
vn -0.7011 0.1303 -0.7011
vn -0.1934 0.1303 -0.9724
vn -0.3605 0.8603 -0.3605
vn -0.4239 0.8603 -0.2832
vn -0.6143 0.4952 -0.6143
vn -0.7224 0.4952 -0.4827
vn -0.0995 0.8603 -0.5000
vn -0.1951 0.8603 -0.4710
vn -0.1695 0.4952 -0.8521
vn -0.3325 0.4952 -0.8026
vn -0.5000 0.8603 -0.0995
vn -0.8521 0.4952 -0.1695
vn -0.4710 0.8603 -0.1951
vn -0.8026 0.4952 -0.3325
vn -0.2832 0.8603 -0.4239
vn -0.4827 0.4952 -0.7224
vn 0.9720 0.1337 0.1933
vn 0.9156 0.1337 0.3792
vn 0.9720 0.1337 -0.1933
vn 0.9910 0.1337 -0.0000
vn 0.8240 0.1337 0.5506
vn 0.7008 0.1337 0.7008
vn 0.5506 0.1337 0.8240
vn 0.3792 0.1337 0.9156
vn 0.1933 0.1337 0.9720
vn -0.0000 0.1337 0.9910
vn -0.1933 0.1337 0.9720
vn -0.9156 0.1337 0.3792
vn -0.9720 0.1337 0.1933
vn -0.8240 0.1337 0.5506
vn -0.7008 0.1337 0.7008
vn -0.5506 0.1337 0.8240
vn -0.3792 0.1337 0.9156
vn 0.9156 0.1337 -0.3792
vn -0.9910 0.1337 -0.0000
vn -0.9720 0.1337 -0.1933
vn 0.8240 0.1337 -0.5506
vn 0.7008 0.1337 -0.7008
vn 0.5506 0.1337 -0.8240
vn 0.3792 0.1337 -0.9156
vn 0.1933 0.1337 -0.9720
vn -0.0000 0.1337 -0.9910
vn -0.1933 0.1337 -0.9720
vn -0.9156 0.1337 -0.3792
vn -0.8240 0.1337 -0.5506
vn -0.7008 0.1337 -0.7008
vn -0.5506 0.1337 -0.8240
vn -0.3792 0.1337 -0.9156
vn 0.1341 0.9910 -0.0000
vn 0.1315 0.9910 0.0262
vn 0.4912 0.8656 0.0977
vn 0.5008 0.8656 -0.0000
vn 0.8471 0.5041 0.1685
vn 0.8637 0.5041 -0.0000
vn 0.1239 0.9910 0.0513
vn 0.4627 0.8656 0.1916
vn 0.7979 0.5041 0.3305
vn 0.1115 0.9910 0.0745
vn 0.4164 0.8656 0.2782
vn 0.7181 0.5041 0.4798
vn 0.0948 0.9910 0.0948
vn 0.3541 0.8656 0.3541
vn 0.6107 0.5041 0.6107
vn 0.0745 0.9910 0.1115
vn 0.2782 0.8656 0.4164
vn 0.4798 0.5041 0.7181
vn 0.0513 0.9910 0.1239
vn 0.1916 0.8656 0.4627
vn 0.3305 0.5041 0.7979
vn 0.0262 0.9910 0.1315
vn 0.0977 0.8656 0.4912
vn 0.1685 0.5041 0.8471
vn -0.0000 0.9910 0.1341
vn -0.0000 0.8656 0.5008
vn -0.0000 0.5041 0.8637
vn -0.8471 0.5041 0.1685
vn -0.8637 0.5041 -0.0000
vn -0.4912 0.8656 0.0977
vn -0.5008 0.8656 -0.0000
vn -0.1315 0.9910 0.0262
vn -0.1341 0.9910 -0.0000
vn -0.7979 0.5041 0.3305
vn -0.4627 0.8656 0.1916
vn -0.1239 0.9910 0.0513
vn -0.7181 0.5041 0.4798
vn -0.4164 0.8656 0.2782
vn -0.1115 0.9910 0.0745
vn -0.6107 0.5041 0.6107
vn -0.3541 0.8656 0.3541
vn -0.0948 0.9910 0.0948
vn -0.4798 0.5041 0.7181
vn -0.2782 0.8656 0.4164
vn -0.0745 0.9910 0.1115
vn -0.3305 0.5041 0.7979
vn -0.1916 0.8656 0.4627
vn -0.0513 0.9910 0.1239
vn -0.1685 0.5041 0.8471
vn -0.0977 0.8656 0.4912
vn -0.0262 0.9910 0.1315
vn 0.8471 0.5041 -0.1685
vn 0.4912 0.8656 -0.0977
vn 0.1315 0.9910 -0.0262
vn 0.7979 0.5041 -0.3305
vn 0.4627 0.8656 -0.1916
vn 0.1239 0.9910 -0.0513
vn 0.7181 0.5041 -0.4798
vn 0.4164 0.8656 -0.2782
vn 0.1115 0.9910 -0.0745
vn 0.6107 0.5041 -0.6107
vn 0.3541 0.8656 -0.3541
vn 0.0948 0.9910 -0.0948
vn 0.4798 0.5041 -0.7181
vn 0.2782 0.8656 -0.4164
vn 0.0745 0.9910 -0.1115
vn 0.3305 0.5041 -0.7979
vn 0.1916 0.8656 -0.4627
vn 0.0513 0.9910 -0.1239
vn 0.1685 0.5041 -0.8471
vn 0.0977 0.8656 -0.4912
vn 0.0262 0.9910 -0.1315
vn -0.0000 0.5041 -0.8637
vn -0.0000 0.8656 -0.5008
vn -0.0000 0.9910 -0.1341
vn -0.1315 0.9910 -0.0262
vn -0.4912 0.8656 -0.0977
vn -0.8471 0.5041 -0.1685
vn -0.1239 0.9910 -0.0513
vn -0.4627 0.8656 -0.1916
vn -0.7979 0.5041 -0.3305
vn -0.1115 0.9910 -0.0745
vn -0.4164 0.8656 -0.2782
vn -0.7181 0.5041 -0.4798
vn -0.0948 0.9910 -0.0948
vn -0.3541 0.8656 -0.3541
vn -0.6107 0.5041 -0.6107
vn -0.0745 0.9910 -0.1115
vn -0.2782 0.8656 -0.4164
vn -0.4798 0.5041 -0.7181
vn -0.0513 0.9910 -0.1239
vn -0.1916 0.8656 -0.4627
vn -0.3305 0.5041 -0.7979
vn -0.0262 0.9910 -0.1315
vn -0.0977 0.8656 -0.4912
vn -0.1685 0.5041 -0.8471
vn 0.9156 -0.1337 0.3792
vn 0.9720 -0.1337 0.1933
vn 0.9910 -0.1337 -0.0000
vn 0.9720 -0.1337 -0.1933
vn 0.8240 -0.1337 0.5506
vn 0.7008 -0.1337 0.7008
vn 0.5506 -0.1337 0.8240
vn 0.3792 -0.1337 0.9156
vn 0.1933 -0.1337 0.9720
vn -0.0000 -0.1337 0.9910
vn -0.1933 -0.1337 0.9720
vn -0.9720 -0.1337 0.1933
vn -0.9156 -0.1337 0.3792
vn -0.8240 -0.1337 0.5506
vn -0.7008 -0.1337 0.7008
vn -0.5506 -0.1337 0.8240
vn -0.3792 -0.1337 0.9156
vn 0.9156 -0.1337 -0.3792
vn -0.9720 -0.1337 -0.1933
vn -0.9910 -0.1337 -0.0000
vn 0.8240 -0.1337 -0.5506
vn 0.7008 -0.1337 -0.7008
vn 0.5506 -0.1337 -0.8240
vn 0.3792 -0.1337 -0.9156
vn 0.1933 -0.1337 -0.9720
vn -0.0000 -0.1337 -0.9910
vn -0.1933 -0.1337 -0.9720
vn -0.8240 -0.1337 -0.5506
vn -0.9156 -0.1337 -0.3792
vn -0.7008 -0.1337 -0.7008
vn -0.5506 -0.1337 -0.8240
vn -0.3792 -0.1337 -0.9156
vn 0.1341 -0.9910 -0.0000
vn 0.5008 -0.8656 -0.0000
vn 0.4912 -0.8656 0.0977
vn 0.1315 -0.9910 0.0262
vn 0.8637 -0.5041 -0.0000
vn 0.8471 -0.5041 0.1685
vn 0.4627 -0.8656 0.1916
vn 0.1239 -0.9910 0.0513
vn 0.7979 -0.5041 0.3305
vn 0.4164 -0.8656 0.2782
vn 0.1115 -0.9910 0.0745
vn 0.7181 -0.5041 0.4798
vn 0.3541 -0.8656 0.3541
vn 0.0948 -0.9910 0.0948
vn 0.6107 -0.5041 0.6107
vn 0.2782 -0.8656 0.4164
vn 0.0745 -0.9910 0.1115
vn 0.4798 -0.5041 0.7181
vn 0.1916 -0.8656 0.4627
vn 0.0513 -0.9910 0.1239
vn 0.3305 -0.5041 0.7979
vn 0.0977 -0.8656 0.4912
vn 0.0262 -0.9910 0.1315
vn 0.1685 -0.5041 0.8471
vn -0.0000 -0.8656 0.5008
vn -0.0000 -0.9910 0.1341
vn -0.0000 -0.5041 0.8637
vn -0.8637 -0.5041 -0.0000
vn -0.8471 -0.5041 0.1685
vn -0.5008 -0.8656 -0.0000
vn -0.4912 -0.8656 0.0977
vn -0.1341 -0.9910 -0.0000
vn -0.1315 -0.9910 0.0262
vn -0.7979 -0.5041 0.3305
vn -0.4627 -0.8656 0.1916
vn -0.1239 -0.9910 0.0513
vn -0.7181 -0.5041 0.4798
vn -0.4164 -0.8656 0.2782
vn -0.1115 -0.9910 0.0745
vn -0.6107 -0.5041 0.6107
vn -0.3541 -0.8656 0.3541
vn -0.0948 -0.9910 0.0948
vn -0.4798 -0.5041 0.7181
vn -0.2782 -0.8656 0.4164
vn -0.0745 -0.9910 0.1115
vn -0.3305 -0.5041 0.7979
vn -0.1916 -0.8656 0.4627
vn -0.0513 -0.9910 0.1239
vn -0.1685 -0.5041 0.8471
vn -0.0977 -0.8656 0.4912
vn -0.0262 -0.9910 0.1315
vn 0.8471 -0.5041 -0.1685
vn 0.4912 -0.8656 -0.0977
vn 0.1315 -0.9910 -0.0262
vn 0.7979 -0.5041 -0.3305
vn 0.4627 -0.8656 -0.1916
vn 0.1239 -0.9910 -0.0513
vn 0.7181 -0.5041 -0.4798
vn 0.4164 -0.8656 -0.2782
vn 0.1115 -0.9910 -0.0745
vn 0.6107 -0.5041 -0.6107
vn 0.3541 -0.8656 -0.3541
vn 0.0948 -0.9910 -0.0948
vn 0.4798 -0.5041 -0.7181
vn 0.2782 -0.8656 -0.4164
vn 0.0745 -0.9910 -0.1115
vn 0.3305 -0.5041 -0.7979
vn 0.1916 -0.8656 -0.4627
vn 0.0513 -0.9910 -0.1239
vn 0.1685 -0.5041 -0.8471
vn 0.0977 -0.8656 -0.4912
vn 0.0262 -0.9910 -0.1315
vn -0.0000 -0.5041 -0.8637
vn -0.0000 -0.8656 -0.5008
vn -0.0000 -0.9910 -0.1341
vn -0.4912 -0.8656 -0.0977
vn -0.1315 -0.9910 -0.0262
vn -0.8471 -0.5041 -0.1685
vn -0.4627 -0.8656 -0.1916
vn -0.1239 -0.9910 -0.0513
vn -0.7979 -0.5041 -0.3305
vn -0.4164 -0.8656 -0.2782
vn -0.1115 -0.9910 -0.0745
vn -0.7181 -0.5041 -0.4798
vn -0.3541 -0.8656 -0.3541
vn -0.0948 -0.9910 -0.0948
vn -0.6107 -0.5041 -0.6107
vn -0.2782 -0.8656 -0.4164
vn -0.0745 -0.9910 -0.1115
vn -0.4798 -0.5041 -0.7181
vn -0.1916 -0.8656 -0.4627
vn -0.0513 -0.9910 -0.1239
vn -0.3305 -0.5041 -0.7979
vn -0.0977 -0.8656 -0.4912
vn -0.0262 -0.9910 -0.1315
vn -0.1685 -0.5041 -0.8471
vn -0.1684 -0.0000 -0.9857
vn -0.1670 0.1308 -0.9772
vn 0.2197 0.1308 -0.9668
vn 0.2216 -0.0000 -0.9751
vn -0.0583 0.9647 0.2566
vn 0.0443 0.9647 0.2594
vn -0.2227 0.9647 0.1402
vn -0.1521 0.9647 0.2148
vn -0.5328 -0.0000 -0.8462
vn -0.5282 0.1308 -0.8390
vn -0.8161 -0.0000 -0.5779
vn -0.8091 0.1308 -0.5730
vn 0.5779 -0.0000 -0.8161
vn 0.5730 0.1308 -0.8091
vn 0.8390 0.1308 -0.5282
vn 0.8462 -0.0000 -0.5328
vn 0.9772 0.1308 -0.1670
vn 0.9857 -0.0000 -0.1684
vn 0.9668 0.1308 0.2197
vn 0.9751 -0.0000 0.2216
vn 0.8091 0.1308 0.5730
vn 0.8161 -0.0000 0.5779
vn 0.5282 0.1308 0.8390
vn 0.5328 -0.0000 0.8462
vn 0.1670 0.1308 0.9772
vn 0.1684 -0.0000 0.9857
vn -0.2197 0.1308 0.9668
vn -0.2216 -0.0000 0.9751
vn -0.5730 0.1308 0.8091
vn -0.5779 -0.0000 0.8161
vn -0.8390 0.1308 0.5282
vn -0.8462 -0.0000 0.5328
vn -0.9772 0.1308 0.1670
vn -0.9857 -0.0000 0.1684
vn -0.9668 0.1308 -0.2197
vn -0.9751 -0.0000 -0.2216
vn -0.1402 0.9647 -0.2227
vn -0.0443 0.9647 -0.2594
vn -0.1007 0.8017 -0.5892
vn -0.3185 0.8017 -0.5058
vn -0.4637 0.4926 -0.7364
vn -0.1466 0.4926 -0.8578
vn 0.0583 0.9647 -0.2566
vn 0.1325 0.8017 -0.5829
vn 0.1929 0.4926 -0.8486
vn 0.1521 0.9647 -0.2148
vn 0.3455 0.8017 -0.4878
vn 0.5029 0.4926 -0.7102
vn 0.2227 0.9647 -0.1402
vn 0.5058 0.8017 -0.3185
vn 0.7364 0.4926 -0.4637
vn 0.2594 0.9647 -0.0443
vn 0.5892 0.8017 -0.1007
vn 0.8578 0.4926 -0.1466
vn 0.2566 0.9647 0.0583
vn 0.5829 0.8017 0.1325
vn 0.8486 0.4926 0.1929
vn 0.2148 0.9647 0.1521
vn 0.4878 0.8017 0.3455
vn 0.7102 0.4926 0.5029
vn 0.1402 0.9647 0.2227
vn 0.3185 0.8017 0.5058
vn 0.4637 0.4926 0.7364
vn 0.1007 0.8017 0.5892
vn 0.1466 0.4926 0.8578
vn -0.1325 0.8017 0.5829
vn -0.1929 0.4926 0.8486
vn -0.3455 0.8017 0.4878
vn -0.5029 0.4926 0.7102
vn -0.5058 0.8017 0.3185
vn -0.7364 0.4926 0.4637
vn -0.2594 0.9647 0.0443
vn -0.5892 0.8017 0.1007
vn -0.8578 0.4926 0.1466
vn -0.2566 0.9647 -0.0583
vn -0.5829 0.8017 -0.1325
vn -0.8486 0.4926 -0.1929
vn -0.2148 0.9647 -0.1521
vn -0.4878 0.8017 -0.3455
vn -0.7102 0.4926 -0.5029
vn 0.2197 -0.1308 -0.9668
vn -0.1670 -0.1308 -0.9772
vn -0.0583 -0.9647 0.2566
vn -0.1521 -0.9647 0.2148
vn -0.2227 -0.9647 0.1402
vn 0.0443 -0.9647 0.2594
vn -0.5282 -0.1308 -0.8390
vn -0.8091 -0.1308 -0.5730
vn 0.8390 -0.1308 -0.5282
vn 0.5730 -0.1308 -0.8091
vn 0.9772 -0.1308 -0.1670
vn 0.9668 -0.1308 0.2197
vn 0.8091 -0.1308 0.5730
vn 0.5282 -0.1308 0.8390
vn 0.1670 -0.1308 0.9772
vn -0.2197 -0.1308 0.9668
vn -0.5730 -0.1308 0.8091
vn -0.8390 -0.1308 0.5282
vn -0.9772 -0.1308 0.1670
vn -0.9668 -0.1308 -0.2197
vn -0.1402 -0.9647 -0.2227
vn -0.3185 -0.8017 -0.5058
vn -0.1007 -0.8017 -0.5892
vn -0.0443 -0.9647 -0.2594
vn -0.1466 -0.4926 -0.8578
vn -0.4637 -0.4926 -0.7364
vn 0.1325 -0.8017 -0.5829
vn 0.0583 -0.9647 -0.2566
vn 0.1929 -0.4926 -0.8486
vn 0.3455 -0.8017 -0.4878
vn 0.1521 -0.9647 -0.2148
vn 0.5029 -0.4926 -0.7102
vn 0.5058 -0.8017 -0.3185
vn 0.2227 -0.9647 -0.1402
vn 0.7364 -0.4926 -0.4637
vn 0.5892 -0.8017 -0.1007
vn 0.2594 -0.9647 -0.0443
vn 0.8578 -0.4926 -0.1466
vn 0.5829 -0.8017 0.1325
vn 0.2566 -0.9647 0.0583
vn 0.8486 -0.4926 0.1929
vn 0.4878 -0.8017 0.3455
vn 0.2148 -0.9647 0.1521
vn 0.7102 -0.4926 0.5029
vn 0.3185 -0.8017 0.5058
vn 0.1402 -0.9647 0.2227
vn 0.4637 -0.4926 0.7364
vn 0.1007 -0.8017 0.5892
vn 0.1466 -0.4926 0.8578
vn -0.1325 -0.8017 0.5829
vn -0.1929 -0.4926 0.8486
vn -0.3455 -0.8017 0.4878
vn -0.5029 -0.4926 0.7102
vn -0.5058 -0.8017 0.3185
vn -0.7364 -0.4926 0.4637
vn -0.5892 -0.8017 0.1007
vn -0.2594 -0.9647 0.0443
vn -0.8578 -0.4926 0.1466
vn -0.5829 -0.8017 -0.1325
vn -0.2566 -0.9647 -0.0583
vn -0.8486 -0.4926 -0.1929
vn -0.4878 -0.8017 -0.3455
vn -0.2148 -0.9647 -0.1521
vn -0.7102 -0.4926 -0.5029
vn -0.0149 0.8503 -0.5260
vn -0.3053 0.6514 -0.6946
vn -0.3858 0.6959 -0.6057
vn -0.0985 0.8935 -0.4382
vn -0.5471 0.2087 0.8106
vn -0.4830 0.2872 0.8272
vn -0.4408 0.3798 0.8133
vn -0.6234 0.1563 0.7661
vn 0.2777 0.9198 -0.2773
vn 0.1909 0.9629 -0.1910
vn 0.5280 0.8491 0.0136
vn 0.4382 0.8935 0.0982
vn -0.5492 0.3531 -0.7574
vn -0.7094 0.0011 -0.7048
vn -0.7862 0.0515 -0.6158
vn -0.6273 0.4003 -0.6681
vn -0.7615 -0.3511 -0.5448
vn -0.8384 -0.2973 -0.4568
vn -0.6977 -0.6497 -0.3018
vn -0.7759 -0.5929 -0.2153
vn -0.5276 -0.8494 -0.0129
vn -0.6083 -0.7905 0.0719
vn -0.2772 -0.9198 0.2779
vn -0.3609 -0.8598 0.3611
vn 0.0154 -0.8501 0.5264
vn -0.0716 -0.7905 0.6083
vn 0.3055 -0.6511 0.6947
vn 0.2157 -0.5929 0.7758
vn 0.5492 -0.3531 0.7574
vn 0.4572 -0.2973 0.8382
vn 0.7093 -0.0014 0.7049
vn 0.6162 0.0515 0.7859
vn 0.7615 0.3506 0.5451
vn 0.6684 0.4003 0.6269
vn 0.6979 0.6492 0.3024
vn 0.6059 0.6959 0.3854
vn -0.5537 0.6217 0.5540
vn -0.3546 0.8651 0.3548
vn -0.5291 0.8233 0.2058
vn -0.6305 0.6033 0.4884
vn -0.3319 0.9330 -0.1390
vn -0.0779 0.9939 0.0780
vn -0.7023 0.7041 0.1047
vn -0.7068 0.5509 0.4439
vn -0.5841 0.7596 -0.2861
vn -0.8479 0.5259 0.0671
vn -0.7709 0.4724 0.4273
vn -0.7961 0.5001 -0.3408
vn -0.9437 0.3156 0.0987
vn -0.8131 0.3798 0.4412
vn -0.9356 0.1939 -0.2949
vn -0.9752 0.1053 0.1945
vn -0.8269 0.2872 0.4834
vn -0.9815 -0.1122 -0.1553
vn -0.9375 -0.0729 0.3401
vn -0.8104 0.2087 0.5475
vn -0.9266 -0.3717 0.0566
vn -0.8365 -0.1921 0.5133
vn -0.7658 0.1563 0.6238
vn -0.7794 -0.5451 0.3087
vn -0.6873 -0.2339 0.6877
vn -0.7002 0.1379 0.7005
vn -0.5623 -0.6060 0.5626
vn -0.5129 -0.1921 0.8367
vn -0.3083 -0.5451 0.7796
vn -0.3396 -0.0729 0.9377
vn -0.0561 -0.3717 0.9266
vn -0.1940 0.1053 0.9753
vn 0.1558 -0.1122 0.9814
vn -0.0982 0.3156 0.9438
vn 0.2954 0.1939 0.9355
vn -0.0667 0.5259 0.8479
vn -0.4269 0.4724 0.7711
vn 0.3412 0.5001 0.7959
vn -0.1044 0.7041 0.7023
vn -0.4435 0.5509 0.7070
vn 0.2864 0.7596 0.5840
vn -0.2055 0.8233 0.5292
vn -0.4880 0.6033 0.6307
vn 0.1392 0.9330 0.3319
vn -0.5514 0.3545 -0.7552
vn -0.7113 0.0028 -0.7029
vn 0.3072 -0.6527 0.6925
vn 0.5514 -0.3545 0.7552
vn 0.5273 0.8496 0.0126
vn 0.2761 0.9203 -0.2773
vn 0.0162 -0.8514 0.5243
vn -0.0172 0.8510 -0.5250
vn -0.2772 -0.9203 0.2762
vn -0.3077 0.6523 -0.6927
vn -0.5283 -0.8490 -0.0139
vn 0.6984 0.6495 0.3007
vn -0.6989 -0.6484 -0.3018
vn 0.7631 0.3504 0.5431
vn -0.7631 -0.3493 -0.5437
vn 0.7115 -0.0022 0.7027
vn 0.0149 0.8503 -0.5260
vn 0.0985 0.8935 -0.4382
vn 0.3857 0.6959 -0.6057
vn 0.3053 0.6514 -0.6946
vn 0.5471 0.2087 0.8106
vn 0.6234 0.1563 0.7661
vn 0.4408 0.3798 0.8133
vn 0.4830 0.2872 0.8272
vn -0.2777 0.9198 -0.2773
vn -0.1909 0.9629 -0.1910
vn -0.5280 0.8491 0.0136
vn -0.4382 0.8935 0.0982
vn 0.5492 0.3531 -0.7574
vn 0.6273 0.4003 -0.6681
vn 0.7862 0.0515 -0.6158
vn 0.7094 0.0011 -0.7048
vn 0.8384 -0.2973 -0.4568
vn 0.7615 -0.3511 -0.5448
vn 0.7759 -0.5929 -0.2153
vn 0.6977 -0.6497 -0.3018
vn 0.6083 -0.7905 0.0719
vn 0.5276 -0.8494 -0.0129
vn 0.3609 -0.8598 0.3611
vn 0.2772 -0.9198 0.2779
vn 0.0716 -0.7905 0.6083
vn -0.0154 -0.8501 0.5264
vn -0.2157 -0.5929 0.7758
vn -0.3055 -0.6511 0.6947
vn -0.4572 -0.2973 0.8382
vn -0.5492 -0.3531 0.7574
vn -0.6162 0.0515 0.7859
vn -0.7093 -0.0014 0.7049
vn -0.6684 0.4003 0.6269
vn -0.7615 0.3506 0.5451
vn -0.6059 0.6959 0.3854
vn -0.6979 0.6492 0.3024
vn 0.5537 0.6217 0.5540
vn 0.6305 0.6033 0.4884
vn 0.5291 0.8233 0.2058
vn 0.3546 0.8651 0.3548
vn 0.0779 0.9939 0.0780
vn 0.3319 0.9330 -0.1390
vn 0.7068 0.5509 0.4439
vn 0.7023 0.7041 0.1047
vn 0.5841 0.7596 -0.2861
vn 0.7709 0.4724 0.4273
vn 0.8479 0.5259 0.0671
vn 0.7961 0.5001 -0.3408
vn 0.8131 0.3798 0.4412
vn 0.9437 0.3156 0.0987
vn 0.9356 0.1939 -0.2949
vn 0.8269 0.2872 0.4834
vn 0.9752 0.1053 0.1945
vn 0.9815 -0.1122 -0.1553
vn 0.8104 0.2087 0.5475
vn 0.9375 -0.0729 0.3401
vn 0.9266 -0.3717 0.0566
vn 0.7658 0.1563 0.6238
vn 0.8365 -0.1921 0.5133
vn 0.7794 -0.5451 0.3087
vn 0.7002 0.1379 0.7005
vn 0.6873 -0.2339 0.6877
vn 0.5623 -0.6060 0.5626
vn 0.5129 -0.1921 0.8367
vn 0.3083 -0.5451 0.7796
vn 0.3396 -0.0729 0.9377
vn 0.0561 -0.3717 0.9266
vn 0.1940 0.1053 0.9753
vn -0.1558 -0.1122 0.9814
vn 0.0982 0.3156 0.9438
vn -0.2954 0.1939 0.9355
vn 0.4269 0.4724 0.7711
vn 0.0667 0.5259 0.8479
vn -0.3412 0.5001 0.7959
vn 0.4435 0.5509 0.7070
vn 0.1044 0.7041 0.7023
vn -0.2864 0.7596 0.5840
vn 0.4880 0.6033 0.6307
vn 0.2055 0.8233 0.5292
vn -0.1392 0.9330 0.3319
vn 0.7113 0.0028 -0.7029
vn 0.5514 0.3545 -0.7552
vn -0.5514 -0.3545 0.7552
vn -0.3072 -0.6527 0.6925
vn -0.2761 0.9203 -0.2773
vn -0.5273 0.8496 0.0126
vn -0.0162 -0.8514 0.5243
vn 0.0172 0.8510 -0.5250
vn 0.2772 -0.9203 0.2762
vn 0.3077 0.6523 -0.6927
vn 0.5283 -0.8490 -0.0139
vn -0.6984 0.6495 0.3007
vn 0.6989 -0.6484 -0.3018
vn -0.7631 0.3504 0.5431
vn 0.7631 -0.3493 -0.5437
vn -0.7115 -0.0022 0.7027
vn -0.0149 0.8503 0.5260
vn -0.0985 0.8935 0.4382
vn -0.3857 0.6959 0.6057
vn -0.3053 0.6514 0.6946
vn -0.5471 0.2087 -0.8106
vn -0.6234 0.1563 -0.7661
vn -0.4408 0.3798 -0.8133
vn -0.4830 0.2872 -0.8272
vn 0.2777 0.9198 0.2773
vn 0.1909 0.9629 0.1910
vn 0.5280 0.8491 -0.0136
vn 0.4382 0.8935 -0.0982
vn -0.5492 0.3531 0.7574
vn -0.6273 0.4003 0.6681
vn -0.7862 0.0515 0.6158
vn -0.7094 0.0011 0.7048
vn -0.8384 -0.2973 0.4568
vn -0.7615 -0.3511 0.5448
vn -0.7759 -0.5929 0.2153
vn -0.6977 -0.6497 0.3018
vn -0.6083 -0.7905 -0.0719
vn -0.5276 -0.8494 0.0129
vn -0.3609 -0.8598 -0.3611
vn -0.2772 -0.9198 -0.2779
vn -0.0716 -0.7905 -0.6083
vn 0.0154 -0.8501 -0.5264
vn 0.2157 -0.5929 -0.7758
vn 0.3055 -0.6511 -0.6947
vn 0.4572 -0.2973 -0.8382
vn 0.5492 -0.3531 -0.7574
vn 0.6162 0.0515 -0.7859
vn 0.7093 -0.0014 -0.7049
vn 0.6684 0.4003 -0.6269
vn 0.7615 0.3506 -0.5451
vn 0.6059 0.6959 -0.3854
vn 0.6979 0.6492 -0.3024
vn -0.5537 0.6217 -0.5540
vn -0.6305 0.6033 -0.4884
vn -0.5291 0.8233 -0.2058
vn -0.3546 0.8651 -0.3548
vn -0.0779 0.9939 -0.0780
vn -0.3319 0.9330 0.1390
vn -0.7068 0.5509 -0.4439
vn -0.7023 0.7041 -0.1047
vn -0.5841 0.7596 0.2861
vn -0.7709 0.4724 -0.4273
vn -0.8479 0.5259 -0.0671
vn -0.7961 0.5001 0.3408
vn -0.8131 0.3798 -0.4412
vn -0.9437 0.3156 -0.0987
vn -0.9356 0.1939 0.2949
vn -0.8269 0.2872 -0.4834
vn -0.9752 0.1053 -0.1945
vn -0.9815 -0.1122 0.1553
vn -0.8104 0.2087 -0.5475
vn -0.9375 -0.0729 -0.3401
vn -0.9266 -0.3717 -0.0566
vn -0.7658 0.1563 -0.6238
vn -0.8365 -0.1921 -0.5133
vn -0.7794 -0.5451 -0.3087
vn -0.7002 0.1379 -0.7005
vn -0.6873 -0.2339 -0.6877
vn -0.5623 -0.6060 -0.5626
vn -0.5129 -0.1921 -0.8367
vn -0.3083 -0.5451 -0.7796
vn -0.3396 -0.0729 -0.9377
vn -0.0561 -0.3717 -0.9266
vn -0.1940 0.1053 -0.9753
vn 0.1558 -0.1122 -0.9814
vn -0.0982 0.3156 -0.9438
vn 0.2954 0.1939 -0.9355
vn -0.4269 0.4724 -0.7711
vn -0.0667 0.5259 -0.8479
vn 0.3412 0.5001 -0.7959
vn -0.4435 0.5509 -0.7070
vn -0.1044 0.7041 -0.7023
vn 0.2864 0.7596 -0.5840
vn -0.4880 0.6033 -0.6307
vn -0.2055 0.8233 -0.5292
vn 0.1392 0.9330 -0.3319
vn -0.7113 0.0028 0.7029
vn -0.5514 0.3545 0.7552
vn 0.5514 -0.3545 -0.7552
vn 0.3072 -0.6527 -0.6925
vn 0.2761 0.9203 0.2773
vn 0.5273 0.8496 -0.0126
vn 0.0162 -0.8514 -0.5243
vn -0.0172 0.8510 0.5250
vn -0.2772 -0.9203 -0.2762
vn -0.3077 0.6523 0.6927
vn -0.5283 -0.8490 0.0139
vn 0.6984 0.6495 -0.3007
vn -0.6989 -0.6484 0.3018
vn 0.7631 0.3504 -0.5431
vn -0.7631 -0.3493 0.5437
vn 0.7115 -0.0022 -0.7027
vn 0.0149 0.8503 0.5260
vn 0.3053 0.6514 0.6946
vn 0.3858 0.6959 0.6057
vn 0.0985 0.8935 0.4382
vn 0.5471 0.2087 -0.8106
vn 0.4830 0.2872 -0.8272
vn 0.4408 0.3798 -0.8133
vn 0.6234 0.1563 -0.7661
vn -0.2777 0.9198 0.2773
vn -0.1909 0.9629 0.1910
vn -0.5280 0.8491 -0.0136
vn -0.4382 0.8935 -0.0982
vn 0.5492 0.3531 0.7574
vn 0.7094 0.0011 0.7048
vn 0.7862 0.0515 0.6158
vn 0.6273 0.4003 0.6681
vn 0.7615 -0.3511 0.5448
vn 0.8384 -0.2973 0.4568
vn 0.6977 -0.6497 0.3018
vn 0.7759 -0.5929 0.2153
vn 0.5276 -0.8494 0.0129
vn 0.6083 -0.7905 -0.0719
vn 0.2772 -0.9198 -0.2779
vn 0.3609 -0.8598 -0.3611
vn -0.0154 -0.8501 -0.5264
vn 0.0716 -0.7905 -0.6083
vn -0.3055 -0.6511 -0.6947
vn -0.2157 -0.5929 -0.7758
vn -0.5492 -0.3531 -0.7574
vn -0.4572 -0.2973 -0.8382
vn -0.7093 -0.0014 -0.7049
vn -0.6162 0.0515 -0.7859
vn -0.7615 0.3506 -0.5451
vn -0.6684 0.4003 -0.6269
vn -0.6979 0.6492 -0.3024
vn -0.6059 0.6959 -0.3854
vn 0.5537 0.6217 -0.5540
vn 0.3546 0.8651 -0.3548
vn 0.5291 0.8233 -0.2058
vn 0.6305 0.6033 -0.4884
vn 0.3319 0.9330 0.1390
vn 0.0779 0.9939 -0.0780
vn 0.7023 0.7041 -0.1047
vn 0.7068 0.5509 -0.4439
vn 0.5841 0.7596 0.2861
vn 0.8479 0.5259 -0.0671
vn 0.7709 0.4724 -0.4273
vn 0.7961 0.5001 0.3408
vn 0.9437 0.3156 -0.0987
vn 0.8131 0.3798 -0.4412
vn 0.9356 0.1939 0.2949
vn 0.9752 0.1053 -0.1945
vn 0.8269 0.2872 -0.4834
vn 0.9815 -0.1122 0.1553
vn 0.9375 -0.0729 -0.3401
vn 0.8104 0.2087 -0.5475
vn 0.9266 -0.3717 -0.0566
vn 0.8365 -0.1921 -0.5133
vn 0.7658 0.1563 -0.6238
vn 0.7794 -0.5451 -0.3087
vn 0.6873 -0.2339 -0.6877
vn 0.7002 0.1379 -0.7005
vn 0.5623 -0.6060 -0.5626
vn 0.5129 -0.1921 -0.8367
vn 0.3083 -0.5451 -0.7796
vn 0.3396 -0.0729 -0.9377
vn 0.0561 -0.3717 -0.9266
vn 0.1940 0.1053 -0.9753
vn -0.1558 -0.1122 -0.9814
vn 0.0982 0.3156 -0.9438
vn -0.2954 0.1939 -0.9355
vn 0.0667 0.5259 -0.8479
vn 0.4269 0.4724 -0.7711
vn -0.3412 0.5001 -0.7959
vn 0.1044 0.7041 -0.7023
vn 0.4435 0.5509 -0.7070
vn -0.2864 0.7596 -0.5840
vn 0.2055 0.8233 -0.5292
vn 0.4880 0.6033 -0.6307
vn -0.1392 0.9330 -0.3319
vn 0.5514 0.3545 0.7552
vn 0.7113 0.0028 0.7029
vn -0.3072 -0.6527 -0.6925
vn -0.5514 -0.3545 -0.7552
vn -0.5273 0.8496 -0.0126
vn -0.2761 0.9203 0.2773
vn -0.0162 -0.8514 -0.5243
vn 0.0172 0.8510 0.5250
vn 0.2772 -0.9203 -0.2762
vn 0.3077 0.6523 0.6927
vn 0.5283 -0.8490 0.0139
vn -0.6984 0.6495 -0.3007
vn 0.6989 -0.6484 0.3018
vn -0.7631 0.3504 -0.5431
vn 0.7631 -0.3493 0.5437
vn -0.7115 -0.0022 -0.7027
vn -0.0149 -0.8503 -0.5260
vn -0.0985 -0.8935 -0.4382
vn -0.3857 -0.6959 -0.6057
vn -0.3053 -0.6514 -0.6946
vn -0.5471 -0.2087 0.8106
vn -0.6234 -0.1563 0.7661
vn -0.4408 -0.3798 0.8133
vn -0.4830 -0.2872 0.8272
vn 0.2777 -0.9198 -0.2773
vn 0.1909 -0.9629 -0.1910
vn 0.5280 -0.8491 0.0136
vn 0.4382 -0.8935 0.0982
vn -0.6273 -0.4003 -0.6681
vn -0.7862 -0.0515 -0.6158
vn -0.7094 -0.0011 -0.7048
vn -0.8384 0.2973 -0.4568
vn -0.7615 0.3511 -0.5448
vn -0.7759 0.5929 -0.2153
vn -0.6977 0.6497 -0.3018
vn -0.6083 0.7905 0.0719
vn -0.5276 0.8494 -0.0129
vn -0.3609 0.8598 0.3611
vn -0.2772 0.9198 0.2779
vn -0.0716 0.7905 0.6083
vn 0.0154 0.8501 0.5264
vn 0.2157 0.5929 0.7758
vn 0.3055 0.6511 0.6947
vn 0.4572 0.2973 0.8382
vn 0.6162 -0.0515 0.7859
vn 0.7093 0.0014 0.7049
vn 0.6684 -0.4003 0.6269
vn 0.7615 -0.3506 0.5451
vn 0.6059 -0.6959 0.3854
vn 0.6979 -0.6492 0.3024
vn -0.5537 -0.6217 0.5540
vn -0.6305 -0.6033 0.4884
vn -0.5291 -0.8233 0.2058
vn -0.3546 -0.8651 0.3548
vn -0.0779 -0.9939 0.0780
vn -0.3319 -0.9330 -0.1390
vn -0.7068 -0.5509 0.4439
vn -0.7023 -0.7041 0.1047
vn -0.5841 -0.7596 -0.2861
vn -0.7709 -0.4724 0.4273
vn -0.8479 -0.5259 0.0671
vn -0.7961 -0.5001 -0.3408
vn -0.8131 -0.3798 0.4412
vn -0.9437 -0.3156 0.0987
vn -0.9356 -0.1939 -0.2949
vn -0.8269 -0.2872 0.4834
vn -0.9752 -0.1053 0.1945
vn -0.9815 0.1122 -0.1553
vn -0.8104 -0.2087 0.5475
vn -0.9375 0.0729 0.3401
vn -0.9266 0.3717 0.0566
vn -0.7658 -0.1563 0.6238
vn -0.8365 0.1921 0.5133
vn -0.7794 0.5451 0.3087
vn -0.7002 -0.1379 0.7005
vn -0.6873 0.2339 0.6877
vn -0.5623 0.6060 0.5626
vn -0.5129 0.1921 0.8367
vn -0.3083 0.5451 0.7796
vn -0.3396 0.0729 0.9377
vn -0.0561 0.3717 0.9266
vn -0.1940 -0.1053 0.9753
vn 0.1558 0.1122 0.9814
vn -0.0982 -0.3156 0.9438
vn 0.2954 -0.1939 0.9355
vn -0.4269 -0.4724 0.7711
vn -0.0667 -0.5259 0.8479
vn 0.3412 -0.5001 0.7959
vn -0.4435 -0.5509 0.7070
vn -0.1044 -0.7041 0.7023
vn 0.2864 -0.7596 0.5840
vn -0.4880 -0.6033 0.6307
vn -0.2055 -0.8233 0.5292
vn 0.1392 -0.9330 0.3319
vn -0.7113 -0.0028 -0.7029
vn 0.3072 0.6527 0.6925
vn 0.2761 -0.9203 -0.2773
vn 0.5273 -0.8496 0.0126
vn 0.0162 0.8514 0.5243
vn -0.0172 -0.8510 -0.5250
vn -0.2772 0.9203 0.2762
vn -0.3077 -0.6523 -0.6927
vn -0.5283 0.8490 -0.0139
vn 0.6984 -0.6495 0.3007
vn -0.6989 0.6484 -0.3018
vn 0.7631 -0.3504 0.5431
vn -0.7631 0.3493 -0.5437
vn 0.7115 0.0022 0.7027
vn 0.0149 -0.8503 -0.5260
vn 0.3053 -0.6514 -0.6946
vn 0.3858 -0.6959 -0.6057
vn 0.0985 -0.8935 -0.4382
vn 0.5471 -0.2087 0.8106
vn 0.4830 -0.2872 0.8272
vn 0.4408 -0.3798 0.8133
vn 0.6234 -0.1563 0.7661
vn -0.2777 -0.9198 -0.2773
vn -0.1909 -0.9629 -0.1910
vn -0.5280 -0.8491 0.0136
vn -0.4382 -0.8935 0.0982
vn 0.7094 -0.0011 -0.7048
vn 0.7862 -0.0515 -0.6158
vn 0.6273 -0.4003 -0.6681
vn 0.7615 0.3511 -0.5448
vn 0.8384 0.2973 -0.4568
vn 0.6977 0.6497 -0.3018
vn 0.7759 0.5929 -0.2153
vn 0.5276 0.8494 -0.0129
vn 0.6083 0.7905 0.0719
vn 0.2772 0.9198 0.2779
vn 0.3609 0.8598 0.3611
vn -0.0154 0.8501 0.5264
vn 0.0716 0.7905 0.6083
vn -0.3055 0.6511 0.6947
vn -0.2157 0.5929 0.7758
vn -0.4572 0.2973 0.8382
vn -0.7093 0.0014 0.7049
vn -0.6162 -0.0515 0.7859
vn -0.7615 -0.3506 0.5451
vn -0.6684 -0.4003 0.6269
vn -0.6979 -0.6492 0.3024
vn -0.6059 -0.6959 0.3854
vn 0.5537 -0.6217 0.5540
vn 0.3546 -0.8651 0.3548
vn 0.5291 -0.8233 0.2058
vn 0.6305 -0.6033 0.4884
vn 0.3319 -0.9330 -0.1390
vn 0.0779 -0.9939 0.0780
vn 0.7023 -0.7041 0.1047
vn 0.7068 -0.5509 0.4439
vn 0.5841 -0.7596 -0.2861
vn 0.8479 -0.5259 0.0671
vn 0.7709 -0.4724 0.4273
vn 0.7961 -0.5001 -0.3408
vn 0.9437 -0.3156 0.0987
vn 0.8131 -0.3798 0.4412
vn 0.9356 -0.1939 -0.2949
vn 0.9752 -0.1053 0.1945
vn 0.8269 -0.2872 0.4834
vn 0.9815 0.1122 -0.1553
vn 0.9375 0.0729 0.3401
vn 0.8104 -0.2087 0.5475
vn 0.9266 0.3717 0.0566
vn 0.8365 0.1921 0.5133
vn 0.7658 -0.1563 0.6238
vn 0.7794 0.5451 0.3087
vn 0.6873 0.2339 0.6877
vn 0.7002 -0.1379 0.7005
vn 0.5623 0.6060 0.5626
vn 0.5129 0.1921 0.8367
vn 0.3083 0.5451 0.7796
vn 0.3396 0.0729 0.9377
vn 0.0561 0.3717 0.9266
vn 0.1940 -0.1053 0.9753
vn -0.1558 0.1122 0.9814
vn 0.0982 -0.3156 0.9438
vn -0.2954 -0.1939 0.9355
vn 0.0667 -0.5259 0.8479
vn 0.4269 -0.4724 0.7711
vn -0.3412 -0.5001 0.7959
vn 0.1044 -0.7041 0.7023
vn 0.4435 -0.5509 0.7070
vn -0.2864 -0.7596 0.5840
vn 0.2055 -0.8233 0.5292
vn 0.4880 -0.6033 0.6307
vn -0.1392 -0.9330 0.3319
vn 0.7113 -0.0028 -0.7029
vn -0.3072 0.6527 0.6925
vn -0.5273 -0.8496 0.0126
vn -0.2761 -0.9203 -0.2773
vn -0.0162 0.8514 0.5243
vn 0.0172 -0.8510 -0.5250
vn 0.2772 0.9203 0.2762
vn 0.3077 -0.6523 -0.6927
vn 0.5283 0.8490 -0.0139
vn -0.6984 -0.6495 0.3007
vn 0.6989 0.6484 -0.3018
vn -0.7631 -0.3504 0.5431
vn 0.7631 0.3493 -0.5437
vn -0.7115 0.0022 0.7027
vn -0.0149 -0.8503 0.5260
vn -0.3053 -0.6514 0.6946
vn -0.3858 -0.6959 0.6057
vn -0.0985 -0.8935 0.4382
vn -0.5471 -0.2087 -0.8106
vn -0.4830 -0.2872 -0.8272
vn -0.4408 -0.3798 -0.8133
vn -0.6234 -0.1563 -0.7661
vn 0.2777 -0.9198 0.2773
vn 0.1909 -0.9629 0.1910
vn 0.5280 -0.8491 -0.0136
vn 0.4382 -0.8935 -0.0982
vn -0.7094 -0.0011 0.7048
vn -0.7862 -0.0515 0.6158
vn -0.6273 -0.4003 0.6681
vn -0.7615 0.3511 0.5448
vn -0.8384 0.2973 0.4568
vn -0.6977 0.6497 0.3018
vn -0.7759 0.5929 0.2153
vn -0.5276 0.8494 0.0129
vn -0.6083 0.7905 -0.0719
vn -0.2772 0.9198 -0.2779
vn -0.3609 0.8598 -0.3611
vn 0.0154 0.8501 -0.5264
vn -0.0716 0.7905 -0.6083
vn 0.3055 0.6511 -0.6947
vn 0.2157 0.5929 -0.7758
vn 0.4572 0.2973 -0.8382
vn 0.7093 0.0014 -0.7049
vn 0.6162 -0.0515 -0.7859
vn 0.7615 -0.3506 -0.5451
vn 0.6684 -0.4003 -0.6269
vn 0.6979 -0.6492 -0.3024
vn 0.6059 -0.6959 -0.3854
vn -0.5537 -0.6217 -0.5540
vn -0.3546 -0.8651 -0.3548
vn -0.5291 -0.8233 -0.2058
vn -0.6305 -0.6033 -0.4884
vn -0.3319 -0.9330 0.1390
vn -0.0779 -0.9939 -0.0780
vn -0.7023 -0.7041 -0.1047
vn -0.7068 -0.5509 -0.4439
vn -0.5841 -0.7596 0.2861
vn -0.8479 -0.5259 -0.0671
vn -0.7709 -0.4724 -0.4273
vn -0.7961 -0.5001 0.3408
vn -0.9437 -0.3156 -0.0987
vn -0.8131 -0.3798 -0.4412
vn -0.9356 -0.1939 0.2949
vn -0.9752 -0.1053 -0.1945
vn -0.8269 -0.2872 -0.4834
vn -0.9815 0.1122 0.1553
vn -0.9375 0.0729 -0.3401
vn -0.8104 -0.2087 -0.5475
vn -0.9266 0.3717 -0.0566
vn -0.8365 0.1921 -0.5133
vn -0.7658 -0.1563 -0.6238
vn -0.7794 0.5451 -0.3087
vn -0.6873 0.2339 -0.6877
vn -0.7002 -0.1379 -0.7005
vn -0.5623 0.6060 -0.5626
vn -0.5129 0.1921 -0.8367
vn -0.3083 0.5451 -0.7796
vn -0.3396 0.0729 -0.9377
vn -0.0561 0.3717 -0.9266
vn -0.1940 -0.1053 -0.9753
vn 0.1558 0.1122 -0.9814
vn -0.0982 -0.3156 -0.9438
vn 0.2954 -0.1939 -0.9355
vn -0.0667 -0.5259 -0.8479
vn -0.4269 -0.4724 -0.7711
vn 0.3412 -0.5001 -0.7959
vn -0.1044 -0.7041 -0.7023
vn -0.4435 -0.5509 -0.7070
vn 0.2864 -0.7596 -0.5840
vn -0.2055 -0.8233 -0.5292
vn -0.4880 -0.6033 -0.6307
vn 0.1392 -0.9330 -0.3319
vn -0.7113 -0.0028 0.7029
vn 0.3072 0.6527 -0.6925
vn 0.5273 -0.8496 -0.0126
vn 0.2761 -0.9203 0.2773
vn 0.0162 0.8514 -0.5243
vn -0.0172 -0.8510 0.5250
vn -0.2772 0.9203 -0.2762
vn -0.3077 -0.6523 0.6927
vn -0.5283 0.8490 0.0139
vn 0.6984 -0.6495 -0.3007
vn -0.6989 0.6484 0.3018
vn 0.7631 -0.3504 -0.5431
vn -0.7631 0.3493 0.5437
vn 0.7115 0.0022 -0.7027
vn 0.0149 -0.8503 0.5260
vn 0.0985 -0.8935 0.4382
vn 0.3857 -0.6959 0.6057
vn 0.3053 -0.6514 0.6946
vn 0.5471 -0.2087 -0.8106
vn 0.6234 -0.1563 -0.7661
vn 0.4408 -0.3798 -0.8133
vn 0.4830 -0.2872 -0.8272
vn -0.2777 -0.9198 0.2773
vn -0.1909 -0.9629 0.1910
vn -0.5280 -0.8491 -0.0136
vn -0.4382 -0.8935 -0.0982
vn 0.6273 -0.4003 0.6681
vn 0.7862 -0.0515 0.6158
vn 0.7094 -0.0011 0.7048
vn 0.8384 0.2973 0.4568
vn 0.7615 0.3511 0.5448
vn 0.7759 0.5929 0.2153
vn 0.6977 0.6497 0.3018
vn 0.6083 0.7905 -0.0719
vn 0.5276 0.8494 0.0129
vn 0.3609 0.8598 -0.3611
vn 0.2772 0.9198 -0.2779
vn 0.0716 0.7905 -0.6083
vn -0.0154 0.8501 -0.5264
vn -0.2157 0.5929 -0.7758
vn -0.3055 0.6511 -0.6947
vn -0.4572 0.2973 -0.8382
vn -0.6162 -0.0515 -0.7859
vn -0.7093 0.0014 -0.7049
vn -0.6684 -0.4003 -0.6269
vn -0.7615 -0.3506 -0.5451
vn -0.6059 -0.6959 -0.3854
vn -0.6979 -0.6492 -0.3024
vn 0.5537 -0.6217 -0.5540
vn 0.6305 -0.6033 -0.4884
vn 0.5291 -0.8233 -0.2058
vn 0.3546 -0.8651 -0.3548
vn 0.0779 -0.9939 -0.0780
vn 0.3319 -0.9330 0.1390
vn 0.7068 -0.5509 -0.4439
vn 0.7023 -0.7041 -0.1047
vn 0.5841 -0.7596 0.2861
vn 0.7709 -0.4724 -0.4273
vn 0.8479 -0.5259 -0.0671
vn 0.7961 -0.5001 0.3408
vn 0.8131 -0.3798 -0.4412
vn 0.9437 -0.3156 -0.0987
vn 0.9356 -0.1939 0.2949
vn 0.8269 -0.2872 -0.4834
vn 0.9752 -0.1053 -0.1945
vn 0.9815 0.1122 0.1553
vn 0.8104 -0.2087 -0.5475
vn 0.9375 0.0729 -0.3401
vn 0.9266 0.3717 -0.0566
vn 0.7658 -0.1563 -0.6238
vn 0.8365 0.1921 -0.5133
vn 0.7794 0.5451 -0.3087
vn 0.7002 -0.1379 -0.7005
vn 0.6873 0.2339 -0.6877
vn 0.5623 0.6060 -0.5626
vn 0.5129 0.1921 -0.8367
vn 0.3083 0.5451 -0.7796
vn 0.3396 0.0729 -0.9377
vn 0.0561 0.3717 -0.9266
vn 0.1940 -0.1053 -0.9753
vn -0.1558 0.1122 -0.9814
vn 0.0982 -0.3156 -0.9438
vn -0.2954 -0.1939 -0.9355
vn 0.4269 -0.4724 -0.7711
vn 0.0667 -0.5259 -0.8479
vn -0.3412 -0.5001 -0.7959
vn 0.4435 -0.5509 -0.7070
vn 0.1044 -0.7041 -0.7023
vn -0.2864 -0.7596 -0.5840
vn 0.4880 -0.6033 -0.6307
vn 0.2055 -0.8233 -0.5292
vn -0.1392 -0.9330 -0.3319
vn 0.7113 -0.0028 0.7029
vn -0.3072 0.6527 -0.6925
vn -0.2761 -0.9203 0.2773
vn -0.5273 -0.8496 -0.0126
vn -0.0162 0.8514 -0.5243
vn 0.0172 -0.8510 0.5250
vn 0.2772 0.9203 -0.2762
vn 0.3077 -0.6523 0.6927
vn 0.5283 0.8490 0.0139
vn -0.6984 -0.6495 -0.3007
vn 0.6989 0.6484 0.3018
vn -0.7631 -0.3504 -0.5431
vn 0.7631 0.3493 0.5437
vn -0.7115 0.0022 -0.7027
vn -0.2783 -0.9193 0.2784
vn 0.0136 -0.8493 0.5278
vn -0.2285 -0.6426 0.7313
vn -0.4995 -0.7076 0.4998
vn 0.3033 -0.6500 0.6968
vn 0.0406 -0.4576 0.8882
vn 0.5469 -0.3518 0.7597
vn 0.2668 -0.1806 0.9467
vn 0.7073 -0.0000 0.7069
vn 0.4157 0.1460 0.8977
vn 0.7599 0.3518 0.5466
vn 0.4647 0.4727 0.7488
vn 0.6969 0.6500 0.3030
vn 0.4061 0.7497 0.5226
vn -0.6498 0.3937 0.6502
vn -0.4745 0.7413 0.4747
vn -0.5962 0.7121 0.3707
vn -0.8188 0.5045 0.2739
vn -0.8857 0.3578 0.2959
vn -0.2998 0.6290 0.7173
vn -0.3704 0.7121 0.5964
vn -0.2735 0.5045 0.8189
vn -0.2955 0.3578 0.8858
vn -0.3624 0.2110 0.9078
vn -0.4640 0.0866 0.8816
vn -0.5849 0.0034 0.8111
vn -0.7067 -0.0258 0.7071
vn -0.8108 0.0034 0.5853
vn -0.8814 0.0866 0.4645
vn -0.9076 0.2110 0.3628
vn -0.3033 0.6500 -0.6968
vn -0.5469 0.3518 -0.7597
vn -0.7490 0.4727 -0.4643
vn -0.5228 0.7497 -0.4058
vn -0.7171 0.6290 0.3002
vn 0.2783 0.9192 -0.2784
vn -0.0136 0.8493 -0.5278
vn -0.2537 0.9347 -0.2489
vn 0.0174 0.9997 -0.0174
vn -0.5278 -0.8493 -0.0133
vn -0.7312 -0.6426 0.2289
vn -0.6969 -0.6500 -0.3030
vn -0.8883 -0.4576 -0.0402
vn -0.7599 -0.3518 -0.5466
vn -0.9468 -0.1806 -0.2664
vn 0.5278 0.8493 0.0133
vn 0.2490 0.9347 0.2535
vn -0.7073 -0.0000 -0.7069
vn -0.8979 0.1460 -0.4153
vn 0.2783 -0.9193 0.2784
vn 0.4995 -0.7076 0.4998
vn 0.2285 -0.6426 0.7313
vn -0.0136 -0.8493 0.5278
vn -0.0406 -0.4576 0.8882
vn -0.3033 -0.6500 0.6968
vn -0.2668 -0.1806 0.9467
vn -0.5469 -0.3518 0.7597
vn -0.4157 0.1460 0.8977
vn -0.7073 -0.0000 0.7069
vn -0.4647 0.4727 0.7488
vn -0.7599 0.3518 0.5466
vn -0.4061 0.7497 0.5226
vn -0.6969 0.6500 0.3030
vn 0.6498 0.3937 0.6502
vn 0.5962 0.7121 0.3707
vn 0.4745 0.7413 0.4747
vn 0.8857 0.3578 0.2959
vn 0.8188 0.5045 0.2739
vn 0.3704 0.7121 0.5964
vn 0.2998 0.6290 0.7173
vn 0.2735 0.5045 0.8189
vn 0.2955 0.3578 0.8858
vn 0.3624 0.2110 0.9078
vn 0.4640 0.0866 0.8816
vn 0.5849 0.0034 0.8111
vn 0.7067 -0.0258 0.7071
vn 0.8108 0.0034 0.5853
vn 0.8814 0.0866 0.4645
vn 0.9076 0.2110 0.3628
vn 0.3033 0.6500 -0.6968
vn 0.5228 0.7497 -0.4058
vn 0.7490 0.4727 -0.4643
vn 0.5469 0.3518 -0.7597
vn 0.7171 0.6290 0.3002
vn -0.2783 0.9192 -0.2784
vn -0.0174 0.9997 -0.0174
vn 0.2537 0.9347 -0.2489
vn 0.0136 0.8493 -0.5278
vn 0.5278 -0.8493 -0.0133
vn 0.7312 -0.6426 0.2289
vn 0.6969 -0.6500 -0.3030
vn 0.8883 -0.4576 -0.0402
vn 0.7599 -0.3518 -0.5466
vn 0.9468 -0.1806 -0.2664
vn -0.2490 0.9347 0.2535
vn -0.5278 0.8493 0.0133
vn 0.8979 0.1460 -0.4153
vn 0.7073 -0.0000 -0.7069
vn -0.2783 -0.9193 -0.2784
vn -0.4995 -0.7076 -0.4998
vn -0.2285 -0.6426 -0.7313
vn 0.0136 -0.8493 -0.5278
vn 0.0406 -0.4576 -0.8882
vn 0.3033 -0.6500 -0.6968
vn 0.2668 -0.1806 -0.9467
vn 0.5469 -0.3518 -0.7597
vn 0.4157 0.1460 -0.8977
vn 0.4647 0.4727 -0.7488
vn 0.7599 0.3518 -0.5466
vn 0.4061 0.7497 -0.5226
vn 0.6969 0.6500 -0.3030
vn -0.6498 0.3937 -0.6502
vn -0.5962 0.7121 -0.3707
vn -0.4745 0.7413 -0.4747
vn -0.8857 0.3578 -0.2959
vn -0.8188 0.5045 -0.2739
vn -0.3704 0.7121 -0.5964
vn -0.2998 0.6290 -0.7173
vn -0.2735 0.5045 -0.8189
vn -0.2955 0.3578 -0.8858
vn -0.3624 0.2110 -0.9078
vn -0.4640 0.0866 -0.8816
vn -0.5849 0.0034 -0.8111
vn -0.7067 -0.0258 -0.7071
vn -0.8108 0.0034 -0.5853
vn -0.8814 0.0866 -0.4645
vn -0.9076 0.2110 -0.3628
vn -0.3033 0.6500 0.6968
vn -0.5228 0.7497 0.4058
vn -0.7490 0.4727 0.4643
vn -0.5469 0.3518 0.7597
vn -0.7171 0.6290 -0.3002
vn 0.2783 0.9192 0.2784
vn 0.0174 0.9997 0.0174
vn -0.2537 0.9347 0.2489
vn -0.0136 0.8493 0.5278
vn -0.5278 -0.8493 0.0133
vn -0.7312 -0.6426 -0.2289
vn -0.6969 -0.6500 0.3030
vn -0.8883 -0.4576 0.0402
vn -0.7599 -0.3518 0.5466
vn -0.9468 -0.1806 0.2664
vn 0.2490 0.9347 -0.2535
vn 0.5278 0.8493 -0.0133
vn -0.8979 0.1460 0.4153
vn 0.2783 -0.9193 -0.2784
vn -0.0136 -0.8493 -0.5278
vn 0.2285 -0.6426 -0.7313
vn 0.4995 -0.7076 -0.4998
vn -0.3033 -0.6500 -0.6968
vn -0.0406 -0.4576 -0.8882
vn -0.5469 -0.3518 -0.7597
vn -0.2668 -0.1806 -0.9467
vn -0.4157 0.1460 -0.8977
vn -0.7599 0.3518 -0.5466
vn -0.4647 0.4727 -0.7488
vn -0.6969 0.6500 -0.3030
vn -0.4061 0.7497 -0.5226
vn 0.6498 0.3937 -0.6502
vn 0.4745 0.7413 -0.4747
vn 0.5962 0.7121 -0.3707
vn 0.8188 0.5045 -0.2739
vn 0.8857 0.3578 -0.2959
vn 0.2998 0.6290 -0.7173
vn 0.3704 0.7121 -0.5964
vn 0.2735 0.5045 -0.8189
vn 0.2955 0.3578 -0.8858
vn 0.3624 0.2110 -0.9078
vn 0.4640 0.0866 -0.8816
vn 0.5849 0.0034 -0.8111
vn 0.7067 -0.0258 -0.7071
vn 0.8108 0.0034 -0.5853
vn 0.8814 0.0866 -0.4645
vn 0.9076 0.2110 -0.3628
vn 0.3033 0.6500 0.6968
vn 0.5469 0.3518 0.7597
vn 0.7490 0.4727 0.4643
vn 0.5228 0.7497 0.4058
vn 0.7171 0.6290 -0.3002
vn -0.2783 0.9192 0.2784
vn 0.0136 0.8493 0.5278
vn 0.2537 0.9347 0.2489
vn -0.0174 0.9997 0.0174
vn 0.5278 -0.8493 0.0133
vn 0.7312 -0.6426 -0.2289
vn 0.6969 -0.6500 0.3030
vn 0.8883 -0.4576 0.0402
vn 0.7599 -0.3518 0.5466
vn 0.9468 -0.1806 0.2664
vn -0.5278 0.8493 -0.0133
vn -0.2490 0.9347 -0.2535
vn 0.8979 0.1460 0.4153
vn -0.2783 0.9193 0.2784
vn -0.4995 0.7076 0.4998
vn -0.2285 0.6426 0.7313
vn 0.0406 0.4576 0.8882
vn 0.2668 0.1806 0.9467
vn 0.4157 -0.1460 0.8977
vn 0.4647 -0.4727 0.7488
vn 0.4061 -0.7497 0.5226
vn -0.6498 -0.3937 0.6502
vn -0.5962 -0.7121 0.3707
vn -0.4745 -0.7413 0.4747
vn -0.8857 -0.3578 0.2959
vn -0.8188 -0.5045 0.2739
vn -0.3704 -0.7121 0.5964
vn -0.2998 -0.6290 0.7173
vn -0.2735 -0.5045 0.8189
vn -0.2955 -0.3578 0.8858
vn -0.3624 -0.2110 0.9078
vn -0.4640 -0.0866 0.8816
vn -0.5849 -0.0034 0.8111
vn -0.7067 0.0258 0.7071
vn -0.8108 -0.0034 0.5853
vn -0.8814 -0.0866 0.4645
vn -0.9076 -0.2110 0.3628
vn -0.5228 -0.7497 -0.4058
vn -0.7490 -0.4727 -0.4643
vn -0.7171 -0.6290 0.3002
vn 0.2783 -0.9192 -0.2784
vn 0.0174 -0.9997 -0.0174
vn -0.2537 -0.9347 -0.2489
vn -0.7312 0.6426 0.2289
vn -0.8883 0.4576 -0.0402
vn -0.9468 0.1806 -0.2664
vn 0.2490 -0.9347 0.2535
vn -0.8979 -0.1460 -0.4153
vn 0.2783 0.9193 0.2784
vn 0.2285 0.6426 0.7313
vn 0.4995 0.7076 0.4998
vn -0.0406 0.4576 0.8882
vn -0.2668 0.1806 0.9467
vn -0.4157 -0.1460 0.8977
vn -0.4647 -0.4727 0.7488
vn -0.4061 -0.7497 0.5226
vn 0.6498 -0.3937 0.6502
vn 0.4745 -0.7413 0.4747
vn 0.5962 -0.7121 0.3707
vn 0.8188 -0.5045 0.2739
vn 0.8857 -0.3578 0.2959
vn 0.2998 -0.6290 0.7173
vn 0.3704 -0.7121 0.5964
vn 0.2735 -0.5045 0.8189
vn 0.2955 -0.3578 0.8858
vn 0.3624 -0.2110 0.9078
vn 0.4640 -0.0866 0.8816
vn 0.5849 -0.0034 0.8111
vn 0.7067 0.0258 0.7071
vn 0.8108 -0.0034 0.5853
vn 0.8814 -0.0866 0.4645
vn 0.9076 -0.2110 0.3628
vn 0.7490 -0.4727 -0.4643
vn 0.5228 -0.7497 -0.4058
vn 0.7171 -0.6290 0.3002
vn -0.2783 -0.9192 -0.2784
vn 0.2537 -0.9347 -0.2489
vn -0.0174 -0.9997 -0.0174
vn 0.7312 0.6426 0.2289
vn 0.8883 0.4576 -0.0402
vn 0.9468 0.1806 -0.2664
vn -0.2490 -0.9347 0.2535
vn 0.8979 -0.1460 -0.4153
vn -0.2783 0.9193 -0.2784
vn -0.2285 0.6426 -0.7313
vn -0.4995 0.7076 -0.4998
vn 0.0406 0.4576 -0.8882
vn 0.2668 0.1806 -0.9467
vn 0.4157 -0.1460 -0.8977
vn 0.4647 -0.4727 -0.7488
vn 0.4061 -0.7497 -0.5226
vn -0.6498 -0.3937 -0.6502
vn -0.4745 -0.7413 -0.4747
vn -0.5962 -0.7121 -0.3707
vn -0.8188 -0.5045 -0.2739
vn -0.8857 -0.3578 -0.2959
vn -0.2998 -0.6290 -0.7173
vn -0.3704 -0.7121 -0.5964
vn -0.2735 -0.5045 -0.8189
vn -0.2955 -0.3578 -0.8858
vn -0.3624 -0.2110 -0.9078
vn -0.4640 -0.0866 -0.8816
vn -0.5849 -0.0034 -0.8111
vn -0.7067 0.0258 -0.7071
vn -0.8108 -0.0034 -0.5853
vn -0.8814 -0.0866 -0.4645
vn -0.9076 -0.2110 -0.3628
vn -0.7490 -0.4727 0.4643
vn -0.5228 -0.7497 0.4058
vn -0.7171 -0.6290 -0.3002
vn 0.2783 -0.9192 0.2784
vn -0.2537 -0.9347 0.2489
vn 0.0174 -0.9997 0.0174
vn -0.7312 0.6426 -0.2289
vn -0.8883 0.4576 0.0402
vn -0.9468 0.1806 0.2664
vn 0.2490 -0.9347 -0.2535
vn -0.8979 -0.1460 0.4153
vn 0.2783 0.9193 -0.2784
vn 0.4995 0.7076 -0.4998
vn 0.2285 0.6426 -0.7313
vn -0.0406 0.4576 -0.8882
vn -0.2668 0.1806 -0.9467
vn -0.4157 -0.1460 -0.8977
vn -0.4647 -0.4727 -0.7488
vn -0.4061 -0.7497 -0.5226
vn 0.6498 -0.3937 -0.6502
vn 0.5962 -0.7121 -0.3707
vn 0.4745 -0.7413 -0.4747
vn 0.8857 -0.3578 -0.2959
vn 0.8188 -0.5045 -0.2739
vn 0.3704 -0.7121 -0.5964
vn 0.2998 -0.6290 -0.7173
vn 0.2735 -0.5045 -0.8189
vn 0.2955 -0.3578 -0.8858
vn 0.3624 -0.2110 -0.9078
vn 0.4640 -0.0866 -0.8816
vn 0.5849 -0.0034 -0.8111
vn 0.7067 0.0258 -0.7071
vn 0.8108 -0.0034 -0.5853
vn 0.8814 -0.0866 -0.4645
vn 0.9076 -0.2110 -0.3628
vn 0.5228 -0.7497 0.4058
vn 0.7490 -0.4727 0.4643
vn 0.7171 -0.6290 -0.3002
vn -0.2783 -0.9192 0.2784
vn -0.0174 -0.9997 0.0174
vn 0.2537 -0.9347 0.2489
vn 0.7312 0.6426 -0.2289
vn 0.8883 0.4576 0.0402
vn 0.9468 0.1806 0.2664
vn -0.2490 -0.9347 -0.2535
vn 0.8979 -0.1460 0.4153
vt 0.583883 0.449410
vt 0.606778 0.472308
vt 0.605261 0.474158
vt 0.582031 0.450931
vt 0.633699 0.490303
vt 0.632569 0.492419
vt 0.625329 0.712113
vt 0.625477 0.730587
vt 0.616073 0.731496
vt 0.612867 0.713218
vt 0.606924 0.733950
vt 0.600695 0.716346
vt 0.625249 0.679777
vt 0.607529 0.681190
vt 0.625410 0.647749
vt 0.602607 0.649401
vt 0.625563 0.614713
vt 0.597564 0.616759
vt 0.625897 0.580139
vt 0.592650 0.582243
vt 0.052817 0.649510
vt 0.087226 0.656819
vt 0.080963 0.688993
vt 0.046370 0.683061
vt 0.570139 0.623072
vt 0.559931 0.589504
vt 0.076133 0.721382
vt 0.041304 0.716867
vt 0.565898 0.422484
vt 0.563789 0.423614
vt 0.598257 0.737887
vt 0.589130 0.721497
vt 0.590172 0.685471
vt 0.580215 0.654658
vt 0.573599 0.692530
vt 0.558747 0.663408
vt 0.543904 0.633570
vt 0.528578 0.601773
vt 0.072533 0.754021
vt 0.037467 0.750858
vt 0.590323 0.743270
vt 0.578487 0.728545
vt 0.070192 0.786792
vt 0.035004 0.785000
vt 0.553509 0.392568
vt 0.551216 0.393264
vt 0.583383 0.750018
vt 0.569054 0.737356
vt 0.558223 0.702249
vt 0.538864 0.675599
vt 0.519362 0.648069
vt 0.499314 0.618762
vt 0.544423 0.714407
vt 0.520761 0.690758
vt 0.497121 0.666224
vt 0.472828 0.639996
vt 0.069130 0.819638
vt 0.033878 0.819222
vt 0.547194 0.360810
vt 0.544811 0.361046
vt 0.577638 0.757908
vt 0.561132 0.747796
vt 0.547197 0.328430
vt 0.544816 0.328198
vt 0.573330 0.766813
vt 0.554989 0.759696
vt 0.532516 0.728948
vt 0.504873 0.708835
vt 0.477578 0.687616
vt 0.449596 0.664882
vt 0.069356 0.852516
vt 0.034071 0.853484
vt 0.522912 0.745516
vt 0.491703 0.729537
vt 0.460899 0.711987
vt 0.429869 0.692823
vt 0.070894 0.885396
vt 0.035549 0.887792
vt 0.553513 0.296672
vt 0.551219 0.295977
vt 0.570679 0.776487
vt 0.550935 0.772691
vt 0.565908 0.266758
vt 0.563797 0.265632
vt 0.515906 0.764088
vt 0.481136 0.752836
vt 0.447184 0.738777
vt 0.413676 0.722989
vt 0.073829 0.918271
vt 0.038320 0.922342
vt 0.625718 0.749037
vt 0.619367 0.749603
vt 0.613225 0.751304
vt 0.607443 0.754013
vt 0.602189 0.757668
vt 0.597628 0.762184
vt 0.593916 0.767435
vt 0.591156 0.773272
vt 0.589539 0.779523
vt 0.020928 0.642736
vt 0.014317 0.677548
vt 0.002431 0.783356
vt 0.001275 0.818838
vt 0.008889 0.712600
vt 0.004965 0.747934
vt 0.001482 0.854328
vt 0.003001 0.889765
vt 0.005616 0.925080
vt 0.550013 0.393651
vt 0.543556 0.361192
vt 0.548814 0.393948
vt 0.542322 0.361249
vt 0.547598 0.394311
vt 0.541070 0.361369
vt 0.543562 0.328097
vt 0.542341 0.327913
vt 0.541070 0.327801
vt 0.549998 0.295620
vt 0.548821 0.295220
vt 0.547618 0.294851
vt 0.562677 0.265059
vt 0.561623 0.264424
vt 0.560491 0.263833
vt 0.604477 0.475147
vt 0.581070 0.451747
vt 0.603660 0.476078
vt 0.580086 0.452502
vt 0.602859 0.477073
vt 0.579111 0.453298
vt 0.562676 0.424224
vt 0.561562 0.424748
vt 0.560441 0.425361
vt 0.631981 0.493547
vt 0.631359 0.494625
vt 0.630762 0.495734
vt 0.727772 0.180244
vt 0.728004 0.177862
vt 0.760223 0.184268
vt 0.759530 0.186560
vt 0.790577 0.196833
vt 0.789447 0.198949
vt 0.664061 0.853827
vt 0.652781 0.859212
vt 0.646268 0.841895
vt 0.654803 0.837851
vt 0.640731 0.862711
vt 0.637147 0.844426
vt 0.680461 0.881695
vt 0.664467 0.889465
vt 0.696867 0.909219
vt 0.676367 0.919284
vt 0.713996 0.937506
vt 0.688798 0.950032
vt 0.731907 0.967130
vt 0.702159 0.982299
vt 0.320987 0.182205
vt 0.346702 0.159712
vt 0.369276 0.186586
vt 0.344658 0.208227
vt 0.670210 0.992719
vt 0.661905 0.958564
vt 0.373334 0.138282
vt 0.394804 0.166075
vt 0.695392 0.180243
vt 0.695155 0.177861
vt 0.628175 0.864156
vt 0.627705 0.845445
vt 0.647359 0.894613
vt 0.654455 0.926195
vt 0.629510 0.896963
vt 0.631513 0.929602
vt 0.633942 0.962870
vt 0.636919 0.998095
vt 0.400745 0.117820
vt 0.421169 0.146500
vt 0.615449 0.863494
vt 0.618162 0.844843
vt 0.428981 0.098467
vt 0.448281 0.127945
vt 0.663633 0.186560
vt 0.662937 0.184267
vt 0.602875 0.860696
vt 0.608783 0.842560
vt 0.611340 0.896400
vt 0.608143 0.929236
vt 0.605441 0.962848
vt 0.603045 0.998341
vt 0.584883 0.925226
vt 0.593307 0.892919
vt 0.576982 0.958484
vt 0.569356 0.993500
vt 0.457960 0.080230
vt 0.476105 0.110456
vt 0.633718 0.198951
vt 0.632589 0.196840
vt 0.590777 0.855728
vt 0.599853 0.838685
vt 0.606795 0.216940
vt 0.605275 0.215089
vt 0.579469 0.848600
vt 0.591648 0.833207
vt 0.575719 0.886424
vt 0.561973 0.917697
vt 0.549229 0.949935
vt 0.536612 0.983834
vt 0.487639 0.063110
vt 0.504606 0.094063
vt 0.540150 0.906550
vt 0.559002 0.877021
vt 0.522501 0.937357
vt 0.505315 0.969730
vt 0.518006 0.047077
vt 0.533770 0.078802
vt 0.583897 0.239835
vt 0.582044 0.238317
vt 0.569413 0.839468
vt 0.584480 0.826229
vt 0.543611 0.864586
vt 0.519438 0.891783
vt 0.496919 0.920956
vt 0.475830 0.951755
vt 0.549235 0.032039
vt 0.563635 0.064751
vt 0.645607 0.821873
vt 0.639859 0.824621
vt 0.633745 0.826361
vt 0.627419 0.826965
vt 0.621063 0.826484
vt 0.614866 0.824911
vt 0.609023 0.822275
vt 0.603705 0.818653
vt 0.599158 0.814096
vt 0.299050 0.158090
vt 0.325770 0.134819
vt 0.411128 0.071174
vt 0.441179 0.052274
vt 0.353296 0.112448
vt 0.381823 0.091234
vt 0.471926 0.034547
vt 0.503288 0.017980
vt 0.535099 0.002420
vt 0.631976 0.195740
vt 0.662556 0.183060
vt 0.631451 0.194622
vt 0.662259 0.181861
vt 0.630857 0.193500
vt 0.661895 0.180645
vt 0.604460 0.214116
vt 0.603728 0.213125
vt 0.602927 0.212140
vt 0.581057 0.237524
vt 0.580121 0.236704
vt 0.579143 0.235895
vt 0.728106 0.176607
vt 0.760577 0.183052
vt 0.728290 0.175386
vt 0.760996 0.181891
vt 0.728420 0.174124
vt 0.761368 0.180678
vt 0.695017 0.176598
vt 0.694960 0.175365
vt 0.694841 0.174102
vt 0.791165 0.195705
vt 0.791787 0.194627
vt 0.792384 0.193518
vt 0.695374 0.509008
vt 0.695141 0.511390
vt 0.662923 0.504984
vt 0.663617 0.502692
vt 0.637753 0.713066
vt 0.634882 0.731251
vt 0.649838 0.716002
vt 0.644007 0.733497
vt 0.642907 0.681259
vt 0.648074 0.649788
vt 0.653511 0.617234
vt 0.659107 0.582878
vt 0.060565 0.616236
vt 0.094582 0.624878
vt 0.691673 0.590852
vt 0.680730 0.624063
vt 0.069679 0.583290
vt 0.103334 0.593322
vt 0.727754 0.509008
vt 0.727991 0.511391
vt 0.661256 0.720893
vt 0.652650 0.737160
vt 0.660058 0.685526
vt 0.670179 0.655231
vt 0.676282 0.692502
vt 0.691195 0.664164
vt 0.706513 0.635099
vt 0.722656 0.603934
vt 0.079990 0.550675
vt 0.113313 0.562038
vt 0.671716 0.727573
vt 0.660583 0.742198
vt 0.091620 0.518482
vt 0.124494 0.531147
vt 0.759512 0.502691
vt 0.760209 0.504984
vt 0.680959 0.735859
vt 0.667557 0.748511
vt 0.691146 0.702019
vt 0.710429 0.676505
vt 0.730269 0.650133
vt 0.751276 0.621850
vt 0.727405 0.691781
vt 0.704291 0.713801
vt 0.751395 0.668879
vt 0.776783 0.644245
vt 0.104506 0.486766
vt 0.136871 0.500708
vt 0.789427 0.490300
vt 0.790557 0.492412
vt 0.688729 0.745554
vt 0.673458 0.755845
vt 0.816351 0.472312
vt 0.817871 0.474163
vt 0.694799 0.756390
vt 0.678081 0.764055
vt 0.715318 0.727587
vt 0.741893 0.709548
vt 0.769218 0.690876
vt 0.798427 0.670589
vt 0.118615 0.455570
vt 0.150429 0.470767
vt 0.753144 0.729568
vt 0.724041 0.742955
vt 0.783242 0.715543
vt 0.815617 0.700258
vt 0.133907 0.424928
vt 0.165156 0.441362
vt 0.839249 0.449417
vt 0.841101 0.450934
vt 0.699069 0.768057
vt 0.681278 0.772920
vt 0.857238 0.422494
vt 0.859349 0.423619
vt 0.730020 0.759589
vt 0.760952 0.751159
vt 0.792913 0.742284
vt 0.827826 0.732697
vt 0.150305 0.394856
vt 0.181051 0.412500
vt 0.632080 0.749437
vt 0.638267 0.750877
vt 0.644094 0.753404
vt 0.649441 0.756863
vt 0.654160 0.761167
vt 0.658123 0.766194
vt 0.661307 0.771750
vt 0.663442 0.777787
vt 0.029039 0.608244
vt 0.061192 0.506739
vt 0.074565 0.473851
vt 0.038328 0.574011
vt 0.049106 0.540134
vt 0.089204 0.441511
vt 0.105078 0.409772
vt 0.122152 0.378700
vt 0.791170 0.493512
vt 0.760589 0.506192
vt 0.791695 0.494630
vt 0.760887 0.507390
vt 0.792289 0.495751
vt 0.761250 0.508606
vt 0.818686 0.475136
vt 0.819417 0.476127
vt 0.820219 0.477112
vt 0.842090 0.451728
vt 0.843024 0.452547
vt 0.844003 0.453357
vt 0.860469 0.424193
vt 0.861523 0.424828
vt 0.862655 0.425419
vt 0.695040 0.512645
vt 0.662569 0.506199
vt 0.694856 0.513866
vt 0.662150 0.507361
vt 0.694726 0.515128
vt 0.661778 0.508574
vt 0.728128 0.512653
vt 0.728186 0.513887
vt 0.728305 0.515150
vt 0.839262 0.239842
vt 0.816368 0.216945
vt 0.817885 0.215094
vt 0.841115 0.238321
vt 0.662521 0.832458
vt 0.674275 0.846681
vt 0.669239 0.825883
vt 0.683187 0.837985
vt 0.694941 0.871451
vt 0.715450 0.895992
vt 0.736763 0.921095
vt 0.759092 0.947832
vt 0.320791 0.230693
vt 0.296167 0.205683
vt 0.756698 0.901371
vt 0.783053 0.924387
vt 0.297962 0.254170
vt 0.272319 0.230174
vt 0.857248 0.266767
vt 0.859357 0.265637
vt 0.674816 0.818317
vt 0.690528 0.827947
vt 0.707530 0.859027
vt 0.731701 0.879967
vt 0.717941 0.844744
vt 0.745220 0.861535
vt 0.773273 0.878720
vt 0.803081 0.897327
vt 0.275986 0.278570
vt 0.249363 0.255532
vt 0.679084 0.809929
vt 0.696134 0.816859
vt 0.254955 0.303809
vt 0.227434 0.281815
vt 0.869637 0.296684
vt 0.871930 0.295988
vt 0.681879 0.800933
vt 0.699874 0.805008
vt 0.725890 0.828971
vt 0.755424 0.841107
vt 0.786087 0.853623
vt 0.818611 0.867267
vt 0.731219 0.812123
vt 0.762396 0.819338
vt 0.794689 0.826697
vt 0.829136 0.834947
vt 0.234919 0.329852
vt 0.206552 0.308943
vt 0.875952 0.328442
vt 0.878335 0.328205
vt 0.683229 0.791607
vt 0.701626 0.792697
vt 0.875949 0.360821
vt 0.878330 0.361053
vt 0.683034 0.782181
vt 0.701333 0.780275
vt 0.733699 0.794620
vt 0.765746 0.796643
vt 0.798803 0.798688
vt 0.834317 0.801218
vt 0.215909 0.356664
vt 0.186736 0.336863
vt 0.733310 0.776948
vt 0.765124 0.773723
vt 0.798279 0.770262
vt 0.833946 0.766860
vt 0.197950 0.384215
vt 0.167996 0.365527
vt 0.869632 0.392579
vt 0.871927 0.393275
vt 0.650868 0.818291
vt 0.655398 0.813824
vt 0.659141 0.808665
vt 0.661994 0.802953
vt 0.663878 0.796836
vt 0.664742 0.790483
vt 0.664666 0.784074
vt 0.273361 0.182496
vt 0.201945 0.261469
vt 0.180296 0.289608
vt 0.248491 0.207787
vt 0.224679 0.234185
vt 0.159759 0.318563
vt 0.140365 0.348282
vt 0.873133 0.295601
vt 0.879590 0.328060
vt 0.874332 0.295304
vt 0.880824 0.328002
vt 0.875548 0.294941
vt 0.882076 0.327883
vt 0.879584 0.361154
vt 0.880805 0.361338
vt 0.882076 0.361451
vt 0.873148 0.393632
vt 0.874325 0.394031
vt 0.875528 0.394400
vt 0.818669 0.214105
vt 0.842075 0.237505
vt 0.819486 0.213174
vt 0.843059 0.236750
vt 0.820287 0.212179
vt 0.844035 0.235954
vt 0.860469 0.265028
vt 0.861584 0.264504
vt 0.862704 0.263891
vt 0.868190 0.359484
vt 0.870455 0.359704
vt 0.864384 0.390347
vt 0.862203 0.389688
vt 0.852453 0.419219
vt 0.850440 0.418146
vt 0.335876 0.658298
vt 0.347398 0.653453
vt 0.353083 0.671060
vt 0.344367 0.674695
vt 0.359601 0.650529
vt 0.362314 0.668964
vt 0.320815 0.629684
vt 0.337159 0.622681
vt 0.305732 0.601413
vt 0.326686 0.592331
vt 0.289963 0.572346
vt 0.315726 0.561029
vt 0.273476 0.541907
vt 0.303910 0.528164
vt 0.394628 0.224466
vt 0.420343 0.201973
vt 0.442918 0.228847
vt 0.418299 0.250487
vt 0.336317 0.519271
vt 0.342993 0.553780
vt 0.446976 0.180542
vt 0.468445 0.208335
vt 0.868170 0.328692
vt 0.870436 0.328466
vt 0.372211 0.649681
vt 0.371793 0.668394
vt 0.354492 0.618349
vt 0.348901 0.586467
vt 0.372432 0.616848
vt 0.371979 0.584151
vt 0.371129 0.550805
vt 0.369825 0.515478
vt 0.474387 0.160080
vt 0.494810 0.188760
vt 0.384891 0.650946
vt 0.381297 0.669447
vt 0.502622 0.140727
vt 0.521923 0.170205
vt 0.862143 0.298496
vt 0.864323 0.297832
vt 0.397318 0.654336
vt 0.390558 0.672172
vt 0.390555 0.618272
vt 0.395306 0.585624
vt 0.399597 0.552177
vt 0.403673 0.516838
vt 0.418349 0.590732
vt 0.408403 0.622603
vt 0.427817 0.557885
vt 0.437094 0.523270
vt 0.531602 0.122490
vt 0.549746 0.152716
vt 0.850342 0.270055
vt 0.852349 0.268980
vt 0.409167 0.659872
vt 0.399294 0.676466
vt 0.833219 0.244463
vt 0.834978 0.243017
vt 0.420125 0.667528
vt 0.407231 0.682326
vt 0.425663 0.629924
vt 0.440877 0.599338
vt 0.455134 0.567740
vt 0.469343 0.534477
vt 0.561280 0.105370
vt 0.578247 0.136324
vt 0.462147 0.611507
vt 0.441916 0.640109
vt 0.481236 0.581571
vt 0.499937 0.550049
vt 0.591647 0.089337
vt 0.607412 0.121063
vt 0.811432 0.222703
vt 0.812874 0.220940
vt 0.429737 0.677126
vt 0.414059 0.689636
vt 0.785818 0.205613
vt 0.786888 0.203604
vt 0.456700 0.653259
vt 0.482135 0.627239
vt 0.506011 0.599166
vt 0.528536 0.569401
vt 0.622876 0.074299
vt 0.637277 0.107011
vt 0.352795 0.691091
vt 0.358667 0.688618
vt 0.364856 0.687170
vt 0.371203 0.686866
vt 0.377529 0.687648
vt 0.383646 0.689512
vt 0.389356 0.692423
vt 0.394497 0.696293
vt 0.398823 0.701061
vt 0.372691 0.200351
vt 0.399412 0.177080
vt 0.484769 0.113434
vt 0.514821 0.094534
vt 0.426937 0.154708
vt 0.455464 0.133494
vt 0.545568 0.076807
vt 0.576929 0.060240
vt 0.608740 0.044681
vt 0.853394 0.268396
vt 0.865471 0.297469
vt 0.854457 0.267896
vt 0.866611 0.297186
vt 0.855524 0.267331
vt 0.867767 0.296839
vt 0.835903 0.242241
vt 0.836845 0.241545
vt 0.837781 0.240783
vt 0.813628 0.220000
vt 0.814407 0.219110
vt 0.815176 0.218180
vt 0.787432 0.202540
vt 0.788036 0.201537
vt 0.788597 0.200460
vt 0.871648 0.359800
vt 0.865539 0.390682
vt 0.872810 0.359974
vt 0.866644 0.391079
vt 0.874010 0.360097
vt 0.867798 0.391433
vt 0.871636 0.328334
vt 0.872809 0.328279
vt 0.874010 0.328165
vt 0.853526 0.419778
vt 0.854552 0.420369
vt 0.855607 0.420936
vt 0.612136 0.222820
vt 0.590376 0.244605
vt 0.588615 0.243164
vt 0.610689 0.221059
vt 0.573280 0.270217
vt 0.571267 0.269144
vt 0.367848 0.801688
vt 0.368575 0.783228
vt 0.378012 0.782766
vt 0.380348 0.801175
vt 0.387267 0.780748
vt 0.392655 0.798628
vt 0.366395 0.833991
vt 0.384163 0.833420
vt 0.364717 0.865976
vt 0.387573 0.865406
vt 0.362998 0.898967
vt 0.391063 0.898251
vt 0.361026 0.933487
vt 0.394335 0.932961
vt 0.126458 0.691770
vt 0.160868 0.699080
vt 0.154604 0.731253
vt 0.120012 0.725321
vt 0.418756 0.893245
vt 0.427362 0.927259
vt 0.149774 0.763642
vt 0.114946 0.759128
vt 0.637730 0.205700
vt 0.636654 0.203695
vt 0.396111 0.777226
vt 0.404451 0.794031
vt 0.401703 0.829967
vt 0.410188 0.861217
vt 0.418591 0.823701
vt 0.432047 0.853495
vt 0.445459 0.884003
vt 0.459261 0.916489
vt 0.146175 0.796282
vt 0.111108 0.793118
vt 0.404291 0.772225
vt 0.415416 0.787495
vt 0.143833 0.829052
vt 0.108645 0.827261
vt 0.666171 0.193899
vt 0.665508 0.191719
vt 0.411543 0.765814
vt 0.425256 0.779141
vt 0.434411 0.814722
vt 0.452485 0.842259
vt 0.470660 0.870683
vt 0.489297 0.900907
vt 0.448771 0.803231
vt 0.471287 0.827976
vt 0.493737 0.853602
vt 0.516759 0.880952
vt 0.142771 0.861898
vt 0.107520 0.861483
vt 0.696368 0.187875
vt 0.696142 0.185609
vt 0.417656 0.758205
vt 0.433664 0.769088
vt 0.727160 0.187857
vt 0.727379 0.185593
vt 0.422380 0.749514
vt 0.440364 0.757493
vt 0.461354 0.789271
vt 0.488013 0.810671
vt 0.514272 0.833160
vt 0.541145 0.857195
vt 0.142998 0.894776
vt 0.107712 0.895744
vt 0.471733 0.773177
vt 0.502150 0.790617
vt 0.532088 0.809608
vt 0.562174 0.830220
vt 0.144536 0.927657
vt 0.109191 0.930052
vt 0.757364 0.193845
vt 0.758024 0.191662
vt 0.425487 0.739977
vt 0.445029 0.744704
vt 0.479611 0.754958
vt 0.513809 0.767845
vt 0.547056 0.783497
vt 0.579779 0.800856
vt 0.147471 0.960531
vt 0.111962 0.964602
vt 0.369210 0.764787
vt 0.375580 0.764523
vt 0.381795 0.763115
vt 0.387699 0.760684
vt 0.393121 0.757281
vt 0.397891 0.752987
vt 0.401848 0.747917
vt 0.404881 0.742218
vt 0.406792 0.736050
vt 0.094570 0.684997
vt 0.087959 0.719808
vt 0.076073 0.825616
vt 0.074916 0.861098
vt 0.082531 0.754860
vt 0.078607 0.790194
vt 0.075123 0.896589
vt 0.076642 0.932025
vt 0.079258 0.967340
vt 0.665139 0.190576
vt 0.696002 0.184415
vt 0.664856 0.189436
vt 0.695947 0.183242
vt 0.664510 0.188280
vt 0.695833 0.182051
vt 0.727474 0.184400
vt 0.727648 0.183240
vt 0.727754 0.182030
vt 0.758362 0.190501
vt 0.758742 0.189381
vt 0.759092 0.188237
vt 0.587674 0.242419
vt 0.609912 0.220146
vt 0.586788 0.241643
vt 0.609193 0.219211
vt 0.585841 0.240882
vt 0.608436 0.218283
vt 0.636074 0.202637
vt 0.635575 0.201578
vt 0.634991 0.200512
vt 0.570194 0.268585
vt 0.569168 0.267994
vt 0.568113 0.267427
vt 0.811584 0.465544
vt 0.833344 0.443758
vt 0.835105 0.445199
vt 0.813031 0.467305
vt 0.336401 0.679716
vt 0.325335 0.664952
vt 0.329379 0.685965
vt 0.316021 0.673215
vt 0.305866 0.639230
vt 0.286543 0.613745
vt 0.266443 0.587659
vt 0.245407 0.559895
vt 0.394432 0.272953
vt 0.369809 0.247943
vt 0.245597 0.606417
vt 0.220362 0.582178
vt 0.371603 0.296431
vt 0.345961 0.272434
vt 0.785990 0.482664
vt 0.787066 0.484668
vt 0.323450 0.693258
vt 0.308212 0.682894
vt 0.292702 0.651043
vt 0.269551 0.628982
vt 0.281626 0.664817
vt 0.255173 0.646752
vt 0.227967 0.628257
vt 0.199073 0.608258
vt 0.349627 0.320830
vt 0.323004 0.297792
vt 0.318789 0.701435
vt 0.302087 0.693705
vt 0.328597 0.346069
vt 0.301076 0.324075
vt 0.757548 0.494464
vt 0.758212 0.496644
vt 0.315572 0.710288
vt 0.297789 0.705365
vt 0.272938 0.680196
vt 0.244013 0.666674
vt 0.213978 0.652718
vt 0.182136 0.637549
vt 0.266817 0.696772
vt 0.236016 0.688087
vt 0.204109 0.679206
vt 0.170092 0.669333
vt 0.308560 0.372113
vt 0.280194 0.351203
vt 0.727352 0.500488
vt 0.727578 0.502755
vt 0.313780 0.719539
vt 0.295456 0.717578
vt 0.696560 0.500506
vt 0.696342 0.502770
vt 0.313529 0.728964
vt 0.295160 0.730001
vt 0.263510 0.714138
vt 0.231595 0.710598
vt 0.198672 0.706988
vt 0.163318 0.702779
vt 0.289551 0.398925
vt 0.260378 0.379124
vt 0.263060 0.731809
vt 0.231130 0.733522
vt 0.197848 0.735407
vt 0.162060 0.737116
vt 0.271592 0.426476
vt 0.241637 0.407787
vt 0.666356 0.494518
vt 0.665696 0.496701
vt 0.314844 0.738298
vt 0.296842 0.742313
vt 0.637902 0.482751
vt 0.636832 0.484759
vt 0.265525 0.749304
vt 0.234228 0.756259
vt 0.201882 0.763608
vt 0.166554 0.771530
vt 0.254693 0.454761
vt 0.223947 0.437117
vt 0.347370 0.694419
vt 0.342634 0.698667
vt 0.338650 0.703642
vt 0.335529 0.709213
vt 0.333357 0.715233
vt 0.332194 0.721538
vt 0.331965 0.727944
vt 0.332891 0.734282
vt 0.347002 0.224756
vt 0.275586 0.303729
vt 0.253937 0.331868
vt 0.322133 0.250048
vt 0.298321 0.276446
vt 0.233401 0.360823
vt 0.214007 0.390542
vt 0.195794 0.420961
vt 0.758581 0.497787
vt 0.727718 0.503948
vt 0.758864 0.498927
vt 0.727773 0.505121
vt 0.759210 0.500083
vt 0.727887 0.506312
vt 0.696246 0.503963
vt 0.696072 0.505124
vt 0.695966 0.506333
vt 0.665358 0.497862
vt 0.664979 0.498982
vt 0.664628 0.500126
vt 0.636288 0.485824
vt 0.635684 0.486827
vt 0.635123 0.487903
vt 0.836046 0.445944
vt 0.813808 0.468217
vt 0.836932 0.446720
vt 0.814527 0.469153
vt 0.837878 0.447481
vt 0.815284 0.470080
vt 0.787646 0.485726
vt 0.788145 0.486785
vt 0.788729 0.487851
vt 0.555530 0.328879
vt 0.553265 0.328659
vt 0.559336 0.298017
vt 0.561516 0.298675
vt 0.355482 0.800148
vt 0.359213 0.782119
vt 0.343551 0.796643
vt 0.350204 0.779443
vt 0.348828 0.831675
vt 0.342175 0.862865
vt 0.335200 0.895125
vt 0.327983 0.929177
vt 0.134206 0.658496
vt 0.168223 0.667138
vt 0.295832 0.919669
vt 0.308336 0.887013
vt 0.143320 0.625550
vt 0.176976 0.635583
vt 0.555550 0.359671
vt 0.553284 0.359897
vt 0.332377 0.791216
vt 0.341744 0.775375
vt 0.331898 0.826599
vt 0.320353 0.856381
vt 0.316022 0.818863
vt 0.299783 0.846462
vt 0.283105 0.874768
vt 0.265503 0.905133
vt 0.153632 0.592935
vt 0.186955 0.604298
vt 0.322246 0.784047
vt 0.334059 0.769966
vt 0.165261 0.560742
vt 0.198135 0.573407
vt 0.561576 0.389868
vt 0.559397 0.390531
vt 0.313405 0.775332
vt 0.327392 0.763330
vt 0.301626 0.808651
vt 0.281156 0.833223
vt 0.260088 0.858625
vt 0.237764 0.885881
vt 0.264923 0.817159
vt 0.289055 0.796260
vt 0.239874 0.838899
vt 0.213348 0.862302
vt 0.178147 0.529026
vt 0.210513 0.542968
vt 0.573378 0.418308
vt 0.571371 0.419383
vt 0.306104 0.765280
vt 0.321846 0.755724
vt 0.590501 0.443900
vt 0.588742 0.445346
vt 0.300554 0.754168
vt 0.317617 0.747305
vt 0.278693 0.781967
vt 0.251293 0.798726
vt 0.223114 0.816082
vt 0.192977 0.834962
vt 0.192256 0.497830
vt 0.224071 0.513028
vt 0.241004 0.778196
vt 0.270709 0.766203
vt 0.210275 0.790778
vt 0.177212 0.804511
vt 0.207549 0.467188
vt 0.238798 0.483622
vt 0.612288 0.465660
vt 0.610846 0.467423
vt 0.362874 0.764086
vt 0.356762 0.762355
vt 0.351061 0.759554
vt 0.345884 0.755845
vt 0.341374 0.751323
vt 0.337653 0.746114
vt 0.334736 0.740413
vt 0.102680 0.650504
vt 0.134834 0.549000
vt 0.148207 0.516111
vt 0.111970 0.616272
vt 0.122748 0.582394
vt 0.162845 0.483772
vt 0.178720 0.452033
vt 0.570325 0.419967
vt 0.558249 0.390894
vt 0.569263 0.420467
vt 0.557109 0.391178
vt 0.568197 0.421032
vt 0.555953 0.391524
vt 0.587817 0.446122
vt 0.586875 0.446818
vt 0.585939 0.447581
vt 0.610092 0.468363
vt 0.609313 0.469253
vt 0.608544 0.470183
vt 0.552072 0.328563
vt 0.558181 0.297681
vt 0.550910 0.328389
vt 0.557076 0.297284
vt 0.549710 0.328267
vt 0.555922 0.296930
vt 0.552084 0.360029
vt 0.550911 0.360084
vt 0.549710 0.360198
vt 0.998837 0.935913
vt 0.956135 0.935913
vt 0.956135 0.904711
vt 0.998837 0.904711
vt 0.956135 0.873509
vt 0.998837 0.873509
vt 0.956135 0.842306
vt 0.998837 0.842307
vt 0.956135 0.811104
vt 0.998837 0.811104
vt 0.998837 0.561788
vt 0.998837 0.592990
vt 0.956135 0.592990
vt 0.956135 0.561788
vt 0.998837 0.063155
vt 0.998837 0.094357
vt 0.956135 0.094357
vt 0.956135 0.063155
vt 0.998837 0.499684
vt 0.956135 0.499684
vt 0.956135 0.468482
vt 0.998837 0.468482
vt 0.998837 0.967115
vt 0.956135 0.967115
vt 0.998837 0.624192
vt 0.998837 0.655394
vt 0.956135 0.655394
vt 0.956135 0.624192
vt 0.998837 0.686597
vt 0.956135 0.686597
vt 0.998837 0.717799
vt 0.956135 0.717799
vt 0.998837 0.749001
vt 0.956135 0.749001
vt 0.998837 0.125559
vt 0.998837 0.156761
vt 0.956135 0.156761
vt 0.956135 0.125559
vt 0.998837 0.187964
vt 0.956135 0.187964
vt 0.998837 0.219166
vt 0.956135 0.219166
vt 0.998837 0.250368
vt 0.956135 0.250368
vt 0.998837 0.437280
vt 0.956135 0.437280
vt 0.956135 0.406078
vt 0.998837 0.406078
vt 0.956135 0.374876
vt 0.998837 0.374876
vt 0.956135 0.343674
vt 0.998837 0.343674
vt 0.956135 0.312471
vt 0.998837 0.312471
vt 0.956135 0.001051
vt 0.998837 0.001051
vt 0.998837 0.998317
vt 0.956135 0.998317
vt 0.909784 0.284488
vt 0.894537 0.247110
vt 0.906010 0.241065
vt 0.922240 0.280768
vt 0.900611 0.190738
vt 0.926823 0.230002
vt 0.910672 0.238616
vt 0.886618 0.202043
vt 0.917526 0.324224
vt 0.930515 0.322973
vt 0.944907 0.273925
vt 0.954157 0.320643
vt 0.935779 0.322464
vt 0.927290 0.279256
vt 0.909412 0.404744
vt 0.917432 0.364827
vt 0.930448 0.366129
vt 0.921966 0.408571
vt 0.893712 0.442429
vt 0.905308 0.448654
vt 0.944858 0.415489
vt 0.926473 0.459949
vt 0.910022 0.451183
vt 0.927062 0.410121
vt 0.841719 0.505211
vt 0.870885 0.476377
vt 0.881053 0.484783
vt 0.850026 0.515463
vt 0.872458 0.213482
vt 0.882531 0.205344
vt 0.954179 0.368443
vt 0.935737 0.366654
vt 0.899674 0.500067
vt 0.865424 0.534477
vt 0.853401 0.519631
vt 0.885175 0.488201
vt 0.932261 0.322805
vt 0.932199 0.366304
vt 0.934015 0.322635
vt 0.933967 0.366480
vt 0.906868 0.449492
vt 0.882423 0.485920
vt 0.908439 0.450334
vt 0.883800 0.487061
vt 0.883890 0.204246
vt 0.907555 0.240255
vt 0.885255 0.203144
vt 0.909113 0.239436
vt 0.923910 0.280269
vt 0.925597 0.279764
vt 0.923655 0.409085
vt 0.925355 0.409603
vt 0.851144 0.516844
vt 0.852267 0.518230
vt 0.611973 0.526185
vt 0.605766 0.537605
vt 0.570268 0.513551
vt 0.578545 0.503572
vt 0.522147 0.497908
vt 0.536090 0.486545
vt 0.566914 0.517603
vt 0.555161 0.531630
vt 0.649261 0.541956
vt 0.645366 0.554401
vt 0.594402 0.558376
vt 0.603247 0.542236
vt 0.643783 0.559450
vt 0.638224 0.577047
vt 0.729583 0.550617
vt 0.730734 0.563659
vt 0.687559 0.563216
vt 0.688965 0.550234
vt 0.769603 0.543057
vt 0.773287 0.555666
vt 0.732775 0.587426
vt 0.731198 0.568953
vt 0.774781 0.560783
vt 0.779939 0.578653
vt 0.813586 0.539443
vt 0.807477 0.527766
vt 0.540163 0.483227
vt 0.550200 0.475048
vt 0.684945 0.586865
vt 0.686985 0.568484
vt 0.824660 0.560808
vt 0.816072 0.544180
vt 0.687369 0.564963
vt 0.644843 0.556069
vt 0.687177 0.566727
vt 0.644316 0.557753
vt 0.814411 0.541012
vt 0.773783 0.557361
vt 0.815240 0.542593
vt 0.774282 0.559069
vt 0.569157 0.514895
vt 0.538809 0.484331
vt 0.568038 0.516247
vt 0.537448 0.485438
vt 0.604931 0.539141
vt 0.604092 0.540684
vt 0.730889 0.565414
vt 0.731043 0.567180
vt 0.810915 0.162137
vt 0.817144 0.150737
vt 0.852557 0.174889
vt 0.844247 0.184830
vt 0.855924 0.170850
vt 0.867731 0.156864
vt 0.773676 0.146332
vt 0.777577 0.133895
vt 0.828554 0.129988
vt 0.819672 0.146112
vt 0.779162 0.128847
vt 0.784736 0.111247
vt 0.693341 0.137734
vt 0.692172 0.124681
vt 0.735380 0.125086
vt 0.733983 0.138075
vt 0.653271 0.145368
vt 0.649564 0.132738
vt 0.690108 0.100887
vt 0.691703 0.119381
vt 0.648062 0.127613
vt 0.642880 0.109714
vt 0.580969 0.183303
vt 0.572653 0.173043
vt 0.609183 0.149029
vt 0.615314 0.160741
vt 0.737986 0.101420
vt 0.735952 0.119815
vt 0.598082 0.127618
vt 0.606691 0.144281
vt 0.569270 0.168867
vt 0.557219 0.153991
vt 0.735569 0.123338
vt 0.778100 0.132228
vt 0.735761 0.121574
vt 0.778629 0.130543
vt 0.608357 0.147456
vt 0.649065 0.131039
vt 0.607525 0.145872
vt 0.648564 0.129329
vt 0.853672 0.173550
vt 0.854796 0.172202
vt 0.817981 0.149202
vt 0.818823 0.147662
vt 0.692016 0.122924
vt 0.691859 0.121156
vt 0.571532 0.171660
vt 0.570407 0.170271
vt 0.512647 0.404242
vt 0.527979 0.441533
vt 0.516538 0.447614
vt 0.500208 0.407979
vt 0.495765 0.458749
vt 0.511886 0.450078
vt 0.504890 0.364544
vt 0.491907 0.365794
vt 0.477552 0.414863
vt 0.468258 0.368128
vt 0.486642 0.366304
vt 0.495162 0.409499
vt 0.513109 0.284009
vt 0.505027 0.323951
vt 0.492005 0.322632
vt 0.500543 0.280161
vt 0.528883 0.246270
vt 0.517265 0.240023
vt 0.477627 0.273216
vt 0.496065 0.228699
vt 0.512543 0.237487
vt 0.495441 0.278605
vt 0.551782 0.212239
vt 0.541582 0.203812
vt 0.468258 0.320299
vt 0.486713 0.322102
vt 0.522915 0.188500
vt 0.537450 0.200388
vt 0.490161 0.365963
vt 0.490253 0.322456
vt 0.488407 0.366132
vt 0.488484 0.322278
vt 0.515702 0.239183
vt 0.540208 0.202673
vt 0.514128 0.238338
vt 0.538828 0.201530
vt 0.514997 0.448429
vt 0.513442 0.449253
vt 0.498539 0.408481
vt 0.496853 0.408988
vt 0.498852 0.279645
vt 0.497149 0.279125
vt 0.821947 0.210660
vt 0.828820 0.202244
vt 0.854224 0.227545
vt 0.845864 0.234441
vt 0.891297 0.247960
vt 0.878056 0.255105
vt 0.857614 0.224742
vt 0.869470 0.215057
vt 0.793759 0.191941
vt 0.798878 0.182315
vt 0.841390 0.186939
vt 0.831609 0.198831
vt 0.800957 0.178409
vt 0.808245 0.164795
vt 0.729035 0.172521
vt 0.730081 0.161611
vt 0.765540 0.168586
vt 0.762395 0.179050
vt 0.694924 0.172634
vt 0.693819 0.161685
vt 0.732041 0.141735
vt 0.730510 0.157183
vt 0.693373 0.157242
vt 0.691864 0.141735
vt 0.629668 0.192694
vt 0.624421 0.182976
vt 0.658130 0.168866
vt 0.661366 0.179432
vt 0.874188 0.257191
vt 0.864656 0.262334
vt 0.771320 0.149531
vt 0.766820 0.164341
vt 0.652300 0.149568
vt 0.656812 0.164582
vt 0.622287 0.179025
vt 0.614684 0.164953
vt 0.765964 0.167179
vt 0.799564 0.181025
vt 0.766393 0.165757
vt 0.800258 0.179722
vt 0.657692 0.167447
vt 0.693671 0.160212
vt 0.657252 0.166017
vt 0.693522 0.158729
vt 0.855347 0.226615
vt 0.875474 0.256497
vt 0.856478 0.225680
vt 0.876766 0.255801
vt 0.829745 0.201112
vt 0.830673 0.199974
vt 0.730223 0.160144
vt 0.730366 0.158666
vt 0.623715 0.181667
vt 0.623004 0.180353
vt 0.539758 0.363696
vt 0.546552 0.396770
vt 0.536191 0.399978
vt 0.528946 0.364842
vt 0.532899 0.442186
vt 0.517379 0.405876
vt 0.531982 0.401275
vt 0.546140 0.435040
vt 0.539497 0.329838
vt 0.528625 0.328871
vt 0.509258 0.366986
vt 0.508829 0.327155
vt 0.524219 0.328481
vt 0.524562 0.365309
vt 0.558538 0.264882
vt 0.545811 0.296469
vt 0.535310 0.293399
vt 0.548804 0.259806
vt 0.577240 0.236310
vt 0.568662 0.229407
vt 0.531043 0.250600
vt 0.552993 0.216865
vt 0.565175 0.226603
vt 0.544851 0.257748
vt 0.601235 0.211908
vt 0.594168 0.203428
vt 0.559539 0.427810
vt 0.550008 0.432954
vt 0.516153 0.287851
vt 0.531041 0.292154
vt 0.581204 0.187989
vt 0.591304 0.199982
vt 0.527163 0.328741
vt 0.533896 0.292986
vt 0.525696 0.328610
vt 0.532470 0.292570
vt 0.567508 0.228479
vt 0.593216 0.202282
vt 0.566346 0.227544
vt 0.592259 0.201132
vt 0.548721 0.433648
vt 0.534796 0.400407
vt 0.547430 0.434344
vt 0.533389 0.400840
vt 0.527496 0.364995
vt 0.526031 0.365151
vt 0.547494 0.259123
vt 0.546175 0.258437
vt 0.884434 0.326449
vt 0.877641 0.293375
vt 0.888003 0.290168
vt 0.895247 0.325303
vt 0.906815 0.284270
vt 0.892212 0.288870
vt 0.884695 0.360307
vt 0.895567 0.361275
vt 0.914934 0.323160
vt 0.915362 0.362991
vt 0.899973 0.361664
vt 0.899631 0.324837
vt 0.865652 0.425262
vt 0.878380 0.393675
vt 0.888881 0.396746
vt 0.875385 0.430338
vt 0.846949 0.453832
vt 0.855527 0.460735
vt 0.893146 0.439544
vt 0.871194 0.473278
vt 0.859013 0.463539
vt 0.879338 0.432395
vt 0.794523 0.497440
vt 0.822954 0.478231
vt 0.830020 0.486711
vt 0.799767 0.507157
vt 0.908037 0.402295
vt 0.893149 0.397991
vt 0.842982 0.502150
vt 0.809500 0.525180
vt 0.801900 0.511108
vt 0.832884 0.490156
vt 0.897028 0.361404
vt 0.890294 0.397159
vt 0.898496 0.361535
vt 0.891721 0.397575
vt 0.856681 0.461663
vt 0.830972 0.487857
vt 0.857843 0.462597
vt 0.831928 0.489007
vt 0.889398 0.289739
vt 0.890805 0.289305
vt 0.896697 0.325150
vt 0.898161 0.324994
vt 0.876695 0.431020
vt 0.878014 0.431707
vt 0.800473 0.508466
vt 0.801183 0.509780
vt 0.602251 0.479477
vt 0.595382 0.487893
vt 0.569974 0.462598
vt 0.578333 0.455701
vt 0.566585 0.465402
vt 0.554729 0.475089
vt 0.630444 0.498180
vt 0.625330 0.507807
vt 0.582816 0.503202
vt 0.592593 0.491307
vt 0.623253 0.511714
vt 0.615972 0.525329
vt 0.695171 0.517576
vt 0.694124 0.528485
vt 0.658671 0.521518
vt 0.661813 0.511054
vt 0.729277 0.517471
vt 0.730378 0.528420
vt 0.692165 0.548356
vt 0.693696 0.532913
vt 0.730823 0.532862
vt 0.732326 0.548364
vt 0.766061 0.521257
vt 0.762829 0.510695
vt 0.652899 0.540572
vt 0.657393 0.525763
vt 0.771883 0.540553
vt 0.767377 0.525541
vt 0.658247 0.522926
vt 0.624644 0.509097
vt 0.657820 0.524347
vt 0.623952 0.510401
vt 0.766498 0.522676
vt 0.730526 0.529892
vt 0.766937 0.524106
vt 0.730675 0.531374
vt 0.568851 0.463528
vt 0.567720 0.464464
vt 0.594457 0.489026
vt 0.593529 0.490164
vt 0.693983 0.529953
vt 0.693840 0.531430
vt 0.696100 0.192075
vt 0.707986 0.189758
vt 0.708147 0.191436
vt 0.696584 0.193693
vt 0.720080 0.189784
vt 0.731943 0.192162
vt 0.731453 0.193775
vt 0.719913 0.191461
vt 0.684861 0.196663
vt 0.685654 0.198159
vt 0.674715 0.203392
vt 0.675789 0.204705
vt 0.666088 0.211994
vt 0.667398 0.213068
vt 0.659346 0.222106
vt 0.660838 0.222901
vt 0.654714 0.233313
vt 0.656330 0.233802
vt 0.652344 0.245200
vt 0.654023 0.245365
vt 0.652345 0.257312
vt 0.654023 0.257147
vt 0.695869 0.310490
vt 0.684686 0.305850
vt 0.685481 0.304361
vt 0.696359 0.308877
vt 0.674602 0.299117
vt 0.675674 0.297810
vt 0.666007 0.290515
vt 0.667316 0.289442
vt 0.659277 0.280388
vt 0.660769 0.279595
vt 0.654683 0.269179
vt 0.656297 0.268693
vt 0.743127 0.196802
vt 0.742333 0.198290
vt 0.719824 0.312898
vt 0.707730 0.312870
vt 0.707897 0.311194
vt 0.719663 0.311220
vt 0.753214 0.203534
vt 0.752142 0.204842
vt 0.761811 0.212137
vt 0.760501 0.213210
vt 0.768541 0.222265
vt 0.767049 0.223059
vt 0.773136 0.233476
vt 0.771521 0.233962
vt 0.775473 0.245345
vt 0.773795 0.245509
vt 0.775473 0.257457
vt 0.773793 0.257292
vt 0.773101 0.269346
vt 0.771485 0.268857
vt 0.742949 0.305996
vt 0.731710 0.310582
vt 0.731226 0.308965
vt 0.742157 0.304500
vt 0.753096 0.299267
vt 0.752022 0.297954
vt 0.761725 0.290666
vt 0.760415 0.289591
vt 0.768468 0.280553
vt 0.766976 0.279758
vt 0.719499 0.195579
vt 0.708538 0.195555
vt 0.708406 0.194182
vt 0.719638 0.194199
vt 0.708276 0.192808
vt 0.719776 0.192824
vt 0.697771 0.197666
vt 0.697373 0.196339
vt 0.696977 0.195017
vt 0.687600 0.201835
vt 0.686949 0.200609
vt 0.686299 0.199383
vt 0.678427 0.207934
vt 0.677547 0.206858
vt 0.676671 0.205785
vt 0.670618 0.215713
vt 0.669542 0.214828
vt 0.668469 0.213946
vt 0.664498 0.224856
vt 0.663278 0.224204
vt 0.662059 0.223550
vt 0.660299 0.235003
vt 0.658973 0.234601
vt 0.657652 0.234200
vt 0.658151 0.245771
vt 0.656773 0.245635
vt 0.655397 0.245498
vt 0.696759 0.307558
vt 0.708035 0.309831
vt 0.697159 0.306238
vt 0.708173 0.308456
vt 0.697562 0.304914
vt 0.708312 0.307075
vt 0.686130 0.303143
vt 0.686780 0.301925
vt 0.687432 0.300708
vt 0.676550 0.296740
vt 0.677427 0.295670
vt 0.678309 0.294599
vt 0.668394 0.288560
vt 0.669464 0.287684
vt 0.670542 0.286803
vt 0.661990 0.278948
vt 0.663213 0.278298
vt 0.664437 0.277645
vt 0.657610 0.268299
vt 0.658931 0.267899
vt 0.660257 0.267500
vt 0.655395 0.257011
vt 0.656766 0.256878
vt 0.658143 0.256744
vt 0.731053 0.195095
vt 0.730653 0.196415
vt 0.730250 0.197739
vt 0.741684 0.199508
vt 0.741034 0.200727
vt 0.740382 0.201945
vt 0.751266 0.205912
vt 0.750389 0.206982
vt 0.749507 0.208053
vt 0.759423 0.214093
vt 0.758352 0.214968
vt 0.757275 0.215850
vt 0.765827 0.223705
vt 0.764604 0.224356
vt 0.763380 0.225008
vt 0.770208 0.234356
vt 0.768887 0.234756
vt 0.767561 0.235155
vt 0.772423 0.245645
vt 0.771051 0.245778
vt 0.769674 0.245912
vt 0.772420 0.257159
vt 0.771043 0.257023
vt 0.769665 0.256886
vt 0.719273 0.307101
vt 0.719404 0.308474
vt 0.719534 0.309848
vt 0.730039 0.304992
vt 0.730437 0.306319
vt 0.730833 0.307641
vt 0.740210 0.300823
vt 0.740862 0.302050
vt 0.741511 0.303276
vt 0.749384 0.294725
vt 0.750264 0.295801
vt 0.751140 0.296874
vt 0.757194 0.286946
vt 0.758271 0.287831
vt 0.759343 0.288713
vt 0.763316 0.277802
vt 0.764536 0.278455
vt 0.765755 0.279109
vt 0.767516 0.267655
vt 0.768842 0.268057
vt 0.770163 0.268458
vt 0.717395 0.216571
vt 0.710552 0.216560
vt 0.703836 0.217883
vt 0.697501 0.220492
vt 0.691793 0.224288
vt 0.686937 0.229126
vt 0.683122 0.234818
vt 0.680493 0.241142
vt 0.679148 0.247855
vt 0.703711 0.284739
vt 0.710419 0.286086
vt 0.697393 0.282109
vt 0.691705 0.278296
vt 0.686870 0.273445
vt 0.683073 0.267744
vt 0.680463 0.261415
vt 0.679139 0.254700
vt 0.724105 0.217916
vt 0.730423 0.220544
vt 0.736111 0.224357
vt 0.740946 0.229208
vt 0.744743 0.234910
vt 0.747353 0.241240
vt 0.748677 0.247954
vt 0.748666 0.254800
vt 0.717261 0.286099
vt 0.723976 0.284777
vt 0.730310 0.282167
vt 0.736017 0.278369
vt 0.740873 0.273529
vt 0.744691 0.267837
vt 0.747321 0.261513
vt 0.266815 0.932990
vt 0.265187 0.933149
vt 0.262970 0.921932
vt 0.264538 0.921460
vt 0.260054 0.910582
vt 0.258607 0.911351
vt 0.252260 0.901823
vt 0.253530 0.900786
vt 0.266815 0.944730
vt 0.265187 0.944570
vt 0.264547 0.956260
vt 0.262977 0.955786
vt 0.260067 0.967173
vt 0.258618 0.966401
vt 0.253515 0.976982
vt 0.252245 0.975940
vt 0.245186 0.985331
vt 0.244143 0.984061
vt 0.235367 0.991899
vt 0.234593 0.990448
vt 0.224457 0.996403
vt 0.223982 0.994830
vt 0.160544 0.976916
vt 0.161813 0.975879
vt 0.169890 0.983993
vt 0.168846 0.985258
vt 0.179404 0.990382
vt 0.178626 0.991828
vt 0.189994 0.994794
vt 0.189513 0.996365
vt 0.201249 0.997056
vt 0.201084 0.998691
vt 0.212727 0.997064
vt 0.212886 0.998699
vt 0.244182 0.893708
vt 0.245226 0.892443
vt 0.149537 0.956243
vt 0.151105 0.955771
vt 0.155467 0.966351
vt 0.154020 0.967120
vt 0.234667 0.887318
vt 0.235445 0.885872
vt 0.224076 0.882906
vt 0.224557 0.881335
vt 0.212820 0.880644
vt 0.212984 0.879008
vt 0.201339 0.880636
vt 0.201180 0.879000
vt 0.190081 0.882871
vt 0.189605 0.881297
vt 0.179474 0.887262
vt 0.178700 0.885812
vt 0.169927 0.893648
vt 0.168884 0.892378
vt 0.147260 0.932975
vt 0.148888 0.933135
vt 0.148888 0.944556
vt 0.147260 0.944714
vt 0.149528 0.921446
vt 0.151098 0.921920
vt 0.154007 0.910534
vt 0.155456 0.911306
vt 0.160558 0.900726
vt 0.161827 0.901768
vt 0.255048 0.913242
vt 0.256239 0.912608
vt 0.260402 0.922706
vt 0.259118 0.923093
vt 0.257423 0.911979
vt 0.261687 0.922317
vt 0.262523 0.933410
vt 0.261186 0.933541
vt 0.263855 0.933277
vt 0.262530 0.944312
vt 0.261193 0.944181
vt 0.263863 0.944441
vt 0.260409 0.955014
vt 0.259121 0.954625
vt 0.261692 0.955402
vt 0.256237 0.965133
vt 0.255044 0.964498
vt 0.257425 0.965766
vt 0.250171 0.974243
vt 0.249131 0.973391
vt 0.251212 0.975094
vt 0.242433 0.981979
vt 0.241578 0.980937
vt 0.243285 0.983016
vt 0.233326 0.988073
vt 0.232691 0.986883
vt 0.233961 0.989261
vt 0.156651 0.965723
vt 0.162853 0.975033
vt 0.157836 0.965095
vt 0.163893 0.974185
vt 0.159026 0.964461
vt 0.164931 0.973336
vt 0.170746 0.982960
vt 0.171601 0.981926
vt 0.172456 0.980887
vt 0.180042 0.989201
vt 0.180679 0.988019
vt 0.181316 0.986831
vt 0.190389 0.993509
vt 0.190781 0.992226
vt 0.191176 0.990932
vt 0.201385 0.995719
vt 0.201518 0.994378
vt 0.201653 0.993036
vt 0.212598 0.995726
vt 0.212469 0.994388
vt 0.212338 0.993046
vt 0.223596 0.993543
vt 0.223207 0.992258
vt 0.222816 0.990967
vt 0.251221 0.902669
vt 0.250181 0.903517
vt 0.249142 0.904366
vt 0.243327 0.894741
vt 0.242472 0.895775
vt 0.241616 0.896815
vt 0.234030 0.888499
vt 0.233392 0.889682
vt 0.232756 0.890869
vt 0.223681 0.884191
vt 0.223289 0.885475
vt 0.222894 0.886768
vt 0.212684 0.881981
vt 0.212550 0.883322
vt 0.212415 0.884664
vt 0.201468 0.881974
vt 0.201597 0.883313
vt 0.201728 0.884655
vt 0.190468 0.884157
vt 0.190856 0.885445
vt 0.191247 0.886736
vt 0.180106 0.888449
vt 0.180739 0.889636
vt 0.181375 0.890825
vt 0.153673 0.954998
vt 0.154956 0.954610
vt 0.152388 0.955386
vt 0.151552 0.944295
vt 0.152889 0.944164
vt 0.150220 0.944427
vt 0.151545 0.933393
vt 0.152882 0.933524
vt 0.150212 0.933264
vt 0.153665 0.922691
vt 0.154953 0.923081
vt 0.152382 0.922304
vt 0.157837 0.912573
vt 0.159029 0.913208
vt 0.156649 0.911941
vt 0.163902 0.903464
vt 0.164941 0.904316
vt 0.162860 0.902614
vt 0.171637 0.895729
vt 0.172492 0.896771
vt 0.170785 0.894692
vt 0.236977 0.922875
vt 0.239516 0.929017
vt 0.240808 0.935535
vt 0.240805 0.942179
vt 0.239506 0.948699
vt 0.236961 0.954845
vt 0.233265 0.960378
vt 0.228560 0.965083
vt 0.223023 0.968780
vt 0.180785 0.960359
vt 0.177096 0.954829
vt 0.185482 0.965064
vt 0.191010 0.968763
vt 0.197156 0.971313
vt 0.203684 0.972615
vt 0.210341 0.972619
vt 0.216871 0.971324
vt 0.233287 0.917345
vt 0.228589 0.912640
vt 0.223060 0.908940
vt 0.216913 0.906390
vt 0.210384 0.905087
vt 0.203726 0.905083
vt 0.197197 0.906379
vt 0.191046 0.908923
vt 0.174558 0.948687
vt 0.173265 0.942169
vt 0.173269 0.935525
vt 0.174567 0.929005
vt 0.177111 0.922859
vt 0.180806 0.917326
vt 0.185512 0.912621
vt 0.829088 0.607829
vt 0.950400 0.608795
vt 0.950295 0.618272
vt 0.829020 0.617532
vt 0.661649 0.011455
vt 0.677480 0.011529
vt 0.635862 0.028657
vt 0.647035 0.017458
vt 0.829176 0.598127
vt 0.950440 0.599301
vt 0.829284 0.588426
vt 0.950547 0.589767
vt 0.828967 0.627234
vt 0.950289 0.627731
vt 0.950252 0.637142
vt 0.828932 0.636939
vt 0.950259 0.646599
vt 0.828915 0.646646
vt 0.950289 0.656072
vt 0.828915 0.656356
vt 0.950339 0.665553
vt 0.828933 0.666068
vt 0.950410 0.675038
vt 0.828969 0.675782
vt 0.950507 0.684527
vt 0.829024 0.685499
vt 0.950647 0.694027
vt 0.829097 0.695219
vt 0.950878 0.703568
vt 0.829188 0.704942
vt 0.951408 0.713188
vt 0.829297 0.714667
vt 0.829697 0.559476
vt 0.951450 0.561351
vt 0.950921 0.570863
vt 0.829550 0.569028
vt 0.950679 0.580296
vt 0.829409 0.578727
vt 0.646854 0.085104
vt 0.661501 0.091278
vt 0.660768 0.094823
vt 0.644816 0.088105
vt 0.953627 0.599329
vt 0.953502 0.608821
vt 0.659409 0.101425
vt 0.641023 0.093582
vt 0.677362 0.091392
vt 0.678053 0.094961
vt 0.953463 0.618292
vt 0.679307 0.101441
vt 0.692033 0.085370
vt 0.694037 0.088384
vt 0.953372 0.627744
vt 0.697767 0.094002
vt 0.703292 0.074166
vt 0.706315 0.076178
vt 0.953370 0.637139
vt 0.711890 0.079842
vt 0.709367 0.059498
vt 0.712923 0.060195
vt 0.953389 0.646588
vt 0.719454 0.061438
vt 0.709380 0.043628
vt 0.712931 0.042926
vt 0.953424 0.656056
vt 0.719420 0.041588
vt 0.703338 0.028972
vt 0.706361 0.026959
vt 0.953476 0.665530
vt 0.711844 0.023323
vt 0.692127 0.017712
vt 0.694144 0.014705
vt 0.953547 0.675007
vt 0.697914 0.009123
vt 0.678206 0.007978
vt 0.953645 0.684484
vt 0.679480 0.001444
vt 0.660957 0.007912
vt 0.953788 0.693960
vt 0.659632 0.001427
vt 0.645028 0.014446
vt 0.954036 0.703438
vt 0.641398 0.008983
vt 0.632866 0.026644
vt 0.954547 0.712854
vt 0.627283 0.022911
vt 0.629783 0.043309
vt 0.626235 0.042592
vt 0.954547 0.561692
vt 0.954006 0.570984
vt 0.619719 0.041338
vt 0.629695 0.059145
vt 0.626144 0.059838
vt 0.953796 0.580348
vt 0.619719 0.061094
vt 0.635733 0.073781
vt 0.632715 0.075774
vt 0.953690 0.589796
vt 0.627156 0.079375
vt 0.003541 0.332059
vt 0.003397 0.321474
vt 0.137923 0.319647
vt 0.138466 0.330224
vt 0.046511 0.428956
vt 0.031035 0.422587
vt 0.019192 0.410715
vt 0.063268 0.428883
vt 0.003258 0.170890
vt 0.003396 0.160117
vt 0.138662 0.161973
vt 0.138057 0.172627
vt 0.003140 0.181660
vt 0.137784 0.183193
vt 0.003260 0.310727
vt 0.003141 0.299979
vt 0.137489 0.298627
vt 0.137650 0.309184
vt 0.003042 0.289231
vt 0.137409 0.288070
vt 0.002964 0.278483
vt 0.137366 0.277634
vt 0.002905 0.267732
vt 0.137304 0.267201
vt 0.002864 0.256980
vt 0.137270 0.256657
vt 0.002845 0.246226
vt 0.137313 0.246155
vt 0.002845 0.235470
vt 0.137312 0.235696
vt 0.002864 0.224712
vt 0.137336 0.225142
vt 0.002903 0.213952
vt 0.137436 0.214640
vt 0.002963 0.203191
vt 0.137496 0.204198
vt 0.003042 0.192427
vt 0.137613 0.193709
vt 0.030968 0.350814
vt 0.028832 0.347630
vt 0.045702 0.340506
vt 0.046462 0.344264
vt 0.142138 0.162347
vt 0.141554 0.172777
vt 0.044351 0.333601
vt 0.024841 0.341720
vt 0.063974 0.340406
vt 0.063237 0.344176
vt 0.141336 0.319509
vt 0.141953 0.329851
vt 0.065300 0.333568
vt 0.080880 0.347383
vt 0.078755 0.350572
vt 0.141118 0.309130
vt 0.084831 0.341439
vt 0.093880 0.360318
vt 0.090682 0.362456
vt 0.141023 0.298587
vt 0.099786 0.356442
vt 0.100865 0.377256
vt 0.097099 0.378008
vt 0.140880 0.288032
vt 0.107774 0.375936
vt 0.100929 0.395573
vt 0.097153 0.394823
vt 0.140774 0.277617
vt 0.107774 0.396922
vt 0.093854 0.412507
vt 0.090655 0.410375
vt 0.140772 0.267201
vt 0.099806 0.416466
vt 0.080930 0.425571
vt 0.078786 0.422374
vt 0.140795 0.256655
vt 0.084832 0.431467
vt 0.064021 0.432642
vt 0.140739 0.246155
vt 0.065361 0.439551
vt 0.045765 0.432704
vt 0.140786 0.235713
vt 0.044359 0.439568
vt 0.028896 0.425771
vt 0.140862 0.225158
vt 0.025047 0.431561
vt 0.015999 0.412830
vt 0.140859 0.214657
vt 0.010070 0.416793
vt 0.008965 0.395893
vt 0.012740 0.395153
vt 0.140954 0.204236
vt 0.002027 0.397213
vt 0.008969 0.377560
vt 0.012735 0.378311
vt 0.141084 0.193762
vt 0.002081 0.376147
vt 0.015893 0.360607
vt 0.019093 0.362744
vt 0.141262 0.183273
vt 0.010079 0.356761
vt 0.903271 0.003359
vt 0.911746 0.003409
vt 0.910999 0.120880
vt 0.902659 0.120823
vt 0.345249 0.709281
vt 0.353361 0.701096
vt 0.364028 0.696641
vt 0.340916 0.719943
vt 0.894798 0.003323
vt 0.894352 0.120821
vt 0.886325 0.003303
vt 0.886045 0.120755
vt 0.920221 0.003477
vt 0.928694 0.003559
vt 0.927545 0.121017
vt 0.919288 0.120933
vt 0.937168 0.003656
vt 0.935754 0.121153
vt 0.945639 0.003767
vt 0.943995 0.121347
vt 0.954113 0.003886
vt 0.952348 0.121832
vt 0.818575 0.003583
vt 0.827045 0.003512
vt 0.828102 0.121051
vt 0.819779 0.121472
vt 0.835514 0.003449
vt 0.836408 0.120856
vt 0.843979 0.003397
vt 0.844720 0.120778
vt 0.852446 0.003356
vt 0.852940 0.120752
vt 0.860915 0.003325
vt 0.861149 0.120715
vt 0.869383 0.003306
vt 0.869410 0.120718
vt 0.877853 0.003298
vt 0.877703 0.120738
vt 0.399125 0.720021
vt 0.401723 0.719500
vt 0.401751 0.732117
vt 0.399158 0.731605
vt 0.902646 0.123611
vt 0.894341 0.123539
vt 0.406499 0.733098
vt 0.406499 0.718586
vt 0.396933 0.743750
vt 0.394735 0.742289
vt 0.910989 0.123632
vt 0.400935 0.746477
vt 0.388024 0.752630
vt 0.386559 0.750438
vt 0.919271 0.123669
vt 0.390669 0.756684
vt 0.376384 0.757400
vt 0.375879 0.754809
vt 0.927518 0.123735
vt 0.377273 0.762158
vt 0.363793 0.757362
vt 0.364317 0.754774
vt 0.935698 0.123834
vt 0.362794 0.762096
vt 0.352182 0.752501
vt 0.353644 0.750306
vt 0.943875 0.124078
vt 0.349462 0.756490
vt 0.343268 0.743621
vt 0.345463 0.742150
vt 0.952048 0.124555
vt 0.339295 0.746288
vt 0.338449 0.731999
vt 0.341027 0.731479
vt 0.828194 0.123762
vt 0.820060 0.124183
vt 0.333667 0.732976
vt 0.338329 0.719441
vt 0.836451 0.123631
vt 0.333638 0.718540
vt 0.343060 0.707827
vt 0.844750 0.123510
vt 0.339015 0.705208
vt 0.351894 0.698905
vt 0.852952 0.123434
vt 0.349155 0.694917
vt 0.363513 0.694046
vt 0.861145 0.123436
vt 0.362512 0.689296
vt 0.376153 0.694018
vt 0.375630 0.696623
vt 0.869400 0.123456
vt 0.377055 0.689221
vt 0.387872 0.698870
vt 0.386394 0.701079
vt 0.877689 0.123491
vt 0.390615 0.694747
vt 0.396883 0.707805
vt 0.394675 0.709286
vt 0.886034 0.123545
vt 0.400964 0.705121
vt 0.920241 0.001202
vt 0.928713 0.001285
vt 0.843961 0.001123
vt 0.852436 0.001080
vt 0.886344 0.001029
vt 0.894819 0.001049
vt 0.835488 0.001175
vt 0.903294 0.001084
vt 0.827013 0.001238
vt 0.911767 0.001135
vt 0.818540 0.001309
vt 0.877867 0.001023
vt 0.945656 0.001492
vt 0.954130 0.001612
vt 0.869390 0.001031
vt 0.937185 0.001382
vt 0.860914 0.001050
vt 0.462801 0.425286
vt 0.325993 0.425416
vt 0.325946 0.415807
vt 0.462783 0.415417
vt 0.054056 0.936836
vt 0.062062 0.944855
vt 0.032163 0.932527
vt 0.043557 0.932494
vt 0.462801 0.435154
vt 0.326024 0.435128
vt 0.462784 0.445020
vt 0.326013 0.444851
vt 0.462744 0.405547
vt 0.325953 0.406156
vt 0.325887 0.396452
vt 0.462689 0.395677
vt 0.325814 0.386802
vt 0.462615 0.385809
vt 0.325704 0.377182
vt 0.462522 0.375941
vt 0.325469 0.367595
vt 0.462417 0.366076
vt 0.324947 0.357936
vt 0.462304 0.356207
vt 0.462299 0.513923
vt 0.324934 0.512367
vt 0.325456 0.502562
vt 0.462398 0.504161
vt 0.325696 0.492903
vt 0.462486 0.494326
vt 0.325797 0.483320
vt 0.462570 0.484471
vt 0.325911 0.473701
vt 0.462643 0.474608
vt 0.325938 0.464082
vt 0.462704 0.464746
vt 0.326002 0.454499
vt 0.462751 0.454884
vt 0.009166 0.967134
vt 0.013559 0.977698
vt 0.011389 0.979146
vt 0.006606 0.967644
vt 0.322766 0.435131
vt 0.322797 0.425413
vt 0.007436 0.981854
vt 0.001845 0.968606
vt 0.021637 0.985728
vt 0.020196 0.987888
vt 0.322799 0.415819
vt 0.017601 0.991878
vt 0.032154 0.990024
vt 0.031654 0.992580
vt 0.322711 0.406171
vt 0.030753 0.997214
vt 0.043541 0.989933
vt 0.044060 0.992482
vt 0.322684 0.396465
vt 0.045035 0.997225
vt 0.054076 0.985477
vt 0.055537 0.987645
vt 0.322630 0.386825
vt 0.058265 0.991594
vt 0.062101 0.977328
vt 0.064277 0.978769
vt 0.322538 0.377230
vt 0.068297 0.981368
vt 0.066405 0.966744
vt 0.068960 0.967247
vt 0.322335 0.367714
vt 0.073654 0.968117
vt 0.066370 0.955346
vt 0.068914 0.954840
vt 0.321801 0.358277
vt 0.073564 0.953872
vt 0.064216 0.943411
vt 0.321696 0.512023
vt 0.322265 0.502423
vt 0.068120 0.940810
vt 0.055488 0.934678
vt 0.322525 0.492837
vt 0.058160 0.930756
vt 0.044053 0.929944
vt 0.322662 0.483291
vt 0.045017 0.925274
vt 0.031639 0.929973
vt 0.322692 0.473678
vt 0.030733 0.925274
vt 0.021603 0.936933
vt 0.020136 0.934766
vt 0.322801 0.464061
vt 0.017488 0.930753
vt 0.013519 0.945081
vt 0.011339 0.943636
vt 0.322824 0.454497
vt 0.007290 0.940939
vt 0.009104 0.955671
vt 0.006529 0.955164
vt 0.322808 0.444859
vt 0.001856 0.954244
vt 0.465337 0.395666
vt 0.465394 0.405534
vt 0.465219 0.484492
vt 0.465130 0.494358
vt 0.465450 0.435140
vt 0.465433 0.445009
vt 0.465029 0.504199
vt 0.465450 0.425271
vt 0.464921 0.513967
vt 0.465431 0.415403
vt 0.464954 0.356194
vt 0.465066 0.366065
vt 0.465400 0.454878
vt 0.465171 0.375931
vt 0.465353 0.464748
vt 0.465263 0.385799
vt 0.465293 0.474620
vt 0.150725 0.091895
vt 0.288938 0.091764
vt 0.288986 0.101472
vt 0.150744 0.101866
vt 0.221581 0.917086
vt 0.228715 0.924231
vt 0.202074 0.913247
vt 0.212226 0.913218
vt 0.150725 0.081926
vt 0.288907 0.081952
vt 0.150742 0.071959
vt 0.288918 0.072129
vt 0.150783 0.111838
vt 0.288979 0.111222
vt 0.289046 0.121026
vt 0.150839 0.121809
vt 0.289120 0.130775
vt 0.150913 0.131778
vt 0.289230 0.140493
vt 0.151007 0.141747
vt 0.289468 0.150178
vt 0.151113 0.151713
vt 0.289995 0.159937
vt 0.151228 0.161684
vt 0.151233 0.002348
vt 0.290008 0.003920
vt 0.289481 0.013826
vt 0.151133 0.012210
vt 0.289238 0.023583
vt 0.151044 0.022146
vt 0.289136 0.033266
vt 0.150959 0.032103
vt 0.289022 0.042983
vt 0.150884 0.042066
vt 0.288994 0.052701
vt 0.150823 0.052030
vt 0.288929 0.062383
vt 0.150776 0.061993
vt 0.181584 0.944083
vt 0.185498 0.953495
vt 0.183565 0.954785
vt 0.179303 0.944537
vt 0.292199 0.081949
vt 0.292167 0.091767
vt 0.180042 0.957198
vt 0.175061 0.945394
vt 0.192695 0.960649
vt 0.191412 0.962574
vt 0.292166 0.101459
vt 0.189100 0.966129
vt 0.202066 0.964477
vt 0.201621 0.966754
vt 0.292254 0.111207
vt 0.200818 0.970883
vt 0.212212 0.964395
vt 0.212674 0.966667
vt 0.292281 0.121012
vt 0.213543 0.970893
vt 0.221599 0.960426
vt 0.222900 0.962357
vt 0.292336 0.130752
vt 0.225331 0.965876
vt 0.228749 0.953165
vt 0.230688 0.954449
vt 0.292429 0.140445
vt 0.234269 0.956765
vt 0.232584 0.943734
vt 0.234861 0.944182
vt 0.292634 0.150058
vt 0.239042 0.944957
vt 0.232552 0.933579
vt 0.234819 0.933128
vt 0.293173 0.159593
vt 0.238962 0.932265
vt 0.230633 0.922945
vt 0.293280 0.004268
vt 0.292705 0.013966
vt 0.234112 0.920627
vt 0.222857 0.915164
vt 0.292442 0.023650
vt 0.225238 0.911669
vt 0.212668 0.910946
vt 0.292304 0.033295
vt 0.213527 0.906784
vt 0.201608 0.910971
vt 0.292273 0.043007
vt 0.200800 0.906784
vt 0.192665 0.917173
vt 0.191358 0.915242
vt 0.292163 0.052722
vt 0.188999 0.911667
vt 0.185462 0.924433
vt 0.183520 0.923145
vt 0.292140 0.062384
vt 0.179912 0.920742
vt 0.181528 0.933869
vt 0.179234 0.933416
vt 0.292156 0.072121
vt 0.175071 0.932597
vt 0.148163 0.121820
vt 0.148106 0.111850
vt 0.148283 0.032081
vt 0.148373 0.022114
vt 0.148049 0.081941
vt 0.148067 0.071970
vt 0.148474 0.012172
vt 0.148049 0.091910
vt 0.148584 0.002303
vt 0.148068 0.101880
vt 0.148550 0.161697
vt 0.148437 0.151725
vt 0.148100 0.061999
vt 0.148331 0.141757
vt 0.148147 0.052028
vt 0.148238 0.131788
vt 0.148208 0.042055
vt 0.837830 0.786911
vt 0.837830 0.778731
vt 0.951214 0.778776
vt 0.951207 0.786826
vt 0.452660 0.331004
vt 0.442743 0.341012
vt 0.429701 0.346458
vt 0.457956 0.317970
vt 0.837845 0.795090
vt 0.951254 0.794844
vt 0.837874 0.803268
vt 0.951238 0.802862
vt 0.837847 0.770551
vt 0.837878 0.762372
vt 0.951240 0.762798
vt 0.951215 0.770773
vt 0.837924 0.754194
vt 0.951296 0.754866
vt 0.837984 0.746017
vt 0.951337 0.746898
vt 0.838057 0.737842
vt 0.951475 0.738928
vt 0.838139 0.729663
vt 0.951644 0.730963
vt 0.838226 0.721483
vt 0.952073 0.722871
vt 0.838288 0.852315
vt 0.838200 0.844140
vt 0.951636 0.842757
vt 0.952070 0.850839
vt 0.838117 0.835965
vt 0.951466 0.834810
vt 0.838040 0.827792
vt 0.951355 0.826888
vt 0.837973 0.819619
vt 0.951301 0.818916
vt 0.837918 0.811444
vt 0.951270 0.810913
vt 0.386794 0.317874
vt 0.383616 0.318512
vt 0.383583 0.303086
vt 0.386753 0.303712
vt 0.953899 0.786822
vt 0.953877 0.794839
vt 0.377777 0.301887
vt 0.377777 0.319629
vt 0.389473 0.288864
vt 0.392160 0.290650
vt 0.953870 0.778769
vt 0.384580 0.285531
vt 0.400364 0.278007
vt 0.402156 0.280688
vt 0.953858 0.770772
vt 0.397131 0.273052
vt 0.414595 0.272177
vt 0.415213 0.275344
vt 0.953868 0.762804
vt 0.413508 0.266359
vt 0.429988 0.272224
vt 0.429348 0.275386
vt 0.953893 0.754887
vt 0.431210 0.266435
vt 0.444183 0.278165
vt 0.442396 0.280849
vt 0.954001 0.746928
vt 0.447509 0.273289
vt 0.455081 0.289022
vt 0.452398 0.290820
vt 0.954072 0.738974
vt 0.459938 0.285762
vt 0.460972 0.303230
vt 0.457821 0.303866
vt 0.954275 0.731076
vt 0.466819 0.302036
vt 0.461120 0.318583
vt 0.954745 0.723155
vt 0.466854 0.319685
vt 0.455336 0.332782
vt 0.954262 0.842643
vt 0.954738 0.850553
vt 0.460281 0.335984
vt 0.444535 0.343690
vt 0.954051 0.834763
vt 0.447884 0.348566
vt 0.430330 0.349630
vt 0.953979 0.826869
vt 0.431555 0.355438
vt 0.414878 0.349664
vt 0.415517 0.346480
vt 0.953942 0.818908
vt 0.413775 0.355529
vt 0.400550 0.343733
vt 0.402358 0.341032
vt 0.953927 0.810911
vt 0.397197 0.348774
vt 0.389534 0.332810
vt 0.392234 0.330999
vt 0.953930 0.802857
vt 0.384544 0.336090
vt 0.835651 0.770544
vt 0.835683 0.762367
vt 0.836005 0.844168
vt 0.835921 0.835987
vt 0.835679 0.803263
vt 0.835649 0.795082
vt 0.836092 0.852347
vt 0.835635 0.786902
vt 0.835943 0.729655
vt 0.836029 0.721472
vt 0.835635 0.778723
vt 0.835862 0.737836
vt 0.835722 0.811444
vt 0.835790 0.746013
vt 0.835778 0.819625
vt 0.835729 0.754190
vt 0.835845 0.827805
vt 0.828638 0.434394
vt 0.717239 0.433115
vt 0.717403 0.425290
vt 0.828717 0.426390
vt 0.167008 0.237470
vt 0.157227 0.227674
vt 0.193754 0.242734
vt 0.179835 0.242774
vt 0.828550 0.442333
vt 0.716824 0.441073
vt 0.828606 0.322116
vt 0.717256 0.323453
vt 0.716825 0.315500
vt 0.828518 0.314090
vt 0.828788 0.418371
vt 0.717540 0.417445
vt 0.717599 0.409552
vt 0.828845 0.410347
vt 0.717652 0.401697
vt 0.828887 0.402323
vt 0.717697 0.393853
vt 0.828913 0.394300
vt 0.717720 0.386011
vt 0.828925 0.386278
vt 0.717728 0.378172
vt 0.828925 0.378258
vt 0.717723 0.370337
vt 0.828913 0.370238
vt 0.717709 0.362516
vt 0.828888 0.362218
vt 0.717654 0.354730
vt 0.828853 0.354197
vt 0.717629 0.346911
vt 0.828808 0.346176
vt 0.717537 0.339091
vt 0.828751 0.338156
vt 0.717454 0.331301
vt 0.828684 0.330137
vt 0.221847 0.200456
vt 0.216481 0.187551
vt 0.219132 0.185783
vt 0.224975 0.199833
vt 0.714196 0.440796
vt 0.714652 0.433006
vt 0.223961 0.182474
vt 0.230791 0.198658
vt 0.206613 0.177742
vt 0.208373 0.175103
vt 0.714848 0.425247
vt 0.211543 0.170228
vt 0.193765 0.172493
vt 0.194375 0.169371
vt 0.714906 0.417416
vt 0.195476 0.163710
vt 0.179854 0.172605
vt 0.179220 0.169491
vt 0.714993 0.409527
vt 0.178029 0.163696
vt 0.166984 0.178048
vt 0.165199 0.175400
vt 0.715055 0.401677
vt 0.161867 0.170575
vt 0.157179 0.188003
vt 0.154522 0.186242
vt 0.715103 0.393839
vt 0.149611 0.183068
vt 0.151922 0.200934
vt 0.148801 0.200319
vt 0.715127 0.386004
vt 0.143067 0.199256
vt 0.151965 0.214857
vt 0.148857 0.215475
vt 0.715136 0.378169
vt 0.143177 0.216658
vt 0.154597 0.229437
vt 0.715134 0.370337
vt 0.149827 0.232615
vt 0.165259 0.240106
vt 0.715130 0.362520
vt 0.161994 0.244897
vt 0.179229 0.245889
vt 0.715104 0.354748
vt 0.178051 0.251595
vt 0.194393 0.245854
vt 0.715013 0.346930
vt 0.195500 0.251595
vt 0.206654 0.237351
vt 0.208446 0.239998
vt 0.714988 0.339115
vt 0.211681 0.244901
vt 0.216530 0.227397
vt 0.219194 0.229163
vt 0.714877 0.331355
vt 0.224140 0.232458
vt 0.221924 0.214460
vt 0.225069 0.215080
vt 0.714665 0.323568
vt 0.230778 0.216204
vt 0.714198 0.315781
vt 0.830999 0.410366
vt 0.830941 0.418389
vt 0.831008 0.354187
vt 0.831043 0.362216
vt 0.830673 0.314052
vt 0.830761 0.322079
vt 0.831067 0.370243
vt 0.830778 0.434407
vt 0.830681 0.442347
vt 0.831079 0.378269
vt 0.830867 0.426406
vt 0.831079 0.386294
vt 0.830838 0.330104
vt 0.831066 0.394318
vt 0.830905 0.338129
vt 0.831040 0.402342
vt 0.830962 0.346157
vt 0.142006 0.012176
vt 0.142108 0.022026
vt 0.005561 0.023442
vt 0.005336 0.013773
vt 0.310496 0.030537
vt 0.321603 0.019328
vt 0.336210 0.013229
vt 0.304564 0.045135
vt 0.141890 0.002327
vt 0.004799 0.004026
vt 0.141960 0.150015
vt 0.141850 0.159872
vt 0.004681 0.158111
vt 0.005227 0.148360
vt 0.142191 0.031873
vt 0.142258 0.041720
vt 0.005781 0.042660
vt 0.005699 0.033064
vt 0.142306 0.051566
vt 0.005820 0.052209
vt 0.142338 0.061410
vt 0.005885 0.061805
vt 0.142353 0.071253
vt 0.005859 0.071406
vt 0.142353 0.081096
vt 0.005883 0.080986
vt 0.142338 0.090938
vt 0.005885 0.090672
vt 0.142308 0.100781
vt 0.005845 0.100354
vt 0.142264 0.110626
vt 0.005776 0.109918
vt 0.142208 0.120472
vt 0.005725 0.119462
vt 0.142139 0.130317
vt 0.005622 0.129061
vt 0.142056 0.140165
vt 0.005471 0.138688
vt 0.384266 0.045242
vt 0.387825 0.044528
vt 0.387862 0.061805
vt 0.384312 0.061103
vt 0.002136 0.013903
vt 0.001619 0.004363
vt 0.394365 0.063148
vt 0.394365 0.043277
vt 0.381265 0.077734
vt 0.378256 0.075733
vt 0.002379 0.023509
vt 0.386746 0.081467
vt 0.369067 0.089893
vt 0.367061 0.086891
vt 0.002523 0.033105
vt 0.372689 0.095443
vt 0.353128 0.096423
vt 0.352437 0.092877
vt 0.002618 0.042689
vt 0.354346 0.102939
vt 0.335888 0.096371
vt 0.336605 0.092829
vt 0.002692 0.052220
vt 0.334520 0.102854
vt 0.319990 0.089717
vt 0.321991 0.086711
vt 0.002672 0.061811
vt 0.316265 0.095178
vt 0.307784 0.077557
vt 0.310789 0.075543
vt 0.002725 0.071410
vt 0.302344 0.081209
vt 0.301186 0.061644
vt 0.304715 0.060932
vt 0.002697 0.080975
vt 0.294638 0.062981
vt 0.301021 0.044449
vt 0.002639 0.090666
vt 0.294598 0.043214
vt 0.307499 0.028545
vt 0.002662 0.100353
vt 0.301960 0.024960
vt 0.319595 0.016328
vt 0.002657 0.109901
vt 0.315845 0.010868
vt 0.335505 0.009676
vt 0.002563 0.119427
vt 0.334134 0.003171
vt 0.352812 0.009637
vt 0.352096 0.013204
vt 0.002445 0.129014
vt 0.354047 0.003068
vt 0.368859 0.016281
vt 0.366835 0.019306
vt 0.002287 0.138617
vt 0.372615 0.010635
vt 0.381197 0.028515
vt 0.378174 0.030543
vt 0.002026 0.148225
vt 0.386785 0.024840
vt 0.001499 0.157771
vt 0.144834 0.031853
vt 0.144900 0.041698
vt 0.144952 0.100784
vt 0.144910 0.110639
vt 0.144605 0.150061
vt 0.144496 0.159919
vt 0.144982 0.090932
vt 0.144533 0.002311
vt 0.144650 0.012159
vt 0.144996 0.081081
vt 0.144751 0.022008
vt 0.144996 0.071233
vt 0.144701 0.140205
vt 0.144980 0.061387
vt 0.144783 0.130350
vt 0.144949 0.051543
vt 0.144853 0.120496
vt 0.950393 0.856273
vt 0.950497 0.865077
vt 0.826979 0.866565
vt 0.826504 0.857721
vt 0.651256 0.804511
vt 0.643193 0.812648
vt 0.632589 0.817076
vt 0.655563 0.793913
vt 0.950538 0.989571
vt 0.950443 0.998382
vt 0.826482 0.997027
vt 0.826918 0.988238
vt 0.950614 0.980694
vt 0.827163 0.979514
vt 0.950587 0.873950
vt 0.950667 0.882841
vt 0.827322 0.883961
vt 0.827203 0.875284
vt 0.950731 0.891737
vt 0.827385 0.892592
vt 0.950779 0.900632
vt 0.827465 0.901263
vt 0.950813 0.909527
vt 0.827462 0.909940
vt 0.950832 0.918422
vt 0.827504 0.918596
vt 0.950838 0.927317
vt 0.827524 0.927350
vt 0.950831 0.936212
vt 0.827508 0.936100
vt 0.950811 0.945109
vt 0.827465 0.944743
vt 0.950780 0.954007
vt 0.827440 0.953370
vt 0.950737 0.962904
vt 0.827372 0.962049
vt 0.950682 0.971800
vt 0.827279 0.970758
vt 0.597702 0.793835
vt 0.595119 0.794354
vt 0.595092 0.781812
vt 0.597670 0.782321
vt 0.823583 0.996724
vt 0.824074 0.988127
vt 0.590372 0.780836
vt 0.590372 0.795262
vt 0.599881 0.770248
vt 0.602065 0.771700
vt 0.824098 0.866692
vt 0.823583 0.858032
vt 0.595903 0.767538
vt 0.608736 0.761421
vt 0.610193 0.763600
vt 0.824334 0.875347
vt 0.606107 0.757392
vt 0.620307 0.756680
vt 0.620809 0.759255
vt 0.824465 0.883999
vt 0.619423 0.751950
vt 0.632823 0.756718
vt 0.632302 0.759290
vt 0.824559 0.892609
vt 0.633816 0.752012
vt 0.644364 0.761549
vt 0.642911 0.763731
vt 0.824563 0.901275
vt 0.647068 0.757585
vt 0.653225 0.770376
vt 0.651043 0.771839
vt 0.824630 0.909949
vt 0.657174 0.767726
vt 0.658015 0.781929
vt 0.655453 0.782446
vt 0.824624 0.918593
vt 0.662768 0.780958
vt 0.658135 0.794412
vt 0.824591 0.927351
vt 0.662797 0.795308
vt 0.653432 0.805957
vt 0.824631 0.936106
vt 0.657453 0.808560
vt 0.644650 0.814825
vt 0.824645 0.944735
vt 0.647373 0.818790
vt 0.633101 0.819655
vt 0.824580 0.953345
vt 0.634096 0.824377
vt 0.620536 0.819683
vt 0.621056 0.817094
vt 0.824497 0.962016
vt 0.619640 0.824452
vt 0.608887 0.814860
vt 0.610357 0.812664
vt 0.824391 0.970715
vt 0.606161 0.818959
vt 0.599931 0.805979
vt 0.602125 0.804506
vt 0.824244 0.979457
vt 0.595874 0.808646
vt 0.952971 0.873926
vt 0.953054 0.882816
vt 0.953221 0.936209
vt 0.953202 0.945115
vt 0.952999 0.980730
vt 0.952912 0.989609
vt 0.953227 0.927305
vt 0.952809 0.998424
vt 0.953221 0.918404
vt 0.952869 0.865056
vt 0.952757 0.856251
vt 0.953201 0.909504
vt 0.953070 0.971832
vt 0.953167 0.900606
vt 0.953126 0.962928
vt 0.953118 0.891710
vt 0.953170 0.954023
vt 0.596598 0.329570
vt 0.707882 0.330722
vt 0.707805 0.338523
vt 0.596525 0.337588
vt 0.698902 0.273726
vt 0.691546 0.266359
vt 0.719016 0.277685
vt 0.708548 0.277715
vt 0.596678 0.321568
vt 0.708055 0.322852
vt 0.596765 0.313629
vt 0.708486 0.314898
vt 0.596466 0.345612
vt 0.707703 0.346366
vt 0.707663 0.354259
vt 0.596422 0.353638
vt 0.707625 0.362115
vt 0.596393 0.361662
vt 0.707593 0.369958
vt 0.596379 0.369686
vt 0.707582 0.377800
vt 0.596379 0.377707
vt 0.707587 0.385639
vt 0.596392 0.385727
vt 0.707604 0.393473
vt 0.596417 0.393747
vt 0.707631 0.401295
vt 0.596453 0.401767
vt 0.707701 0.409079
vt 0.596501 0.409787
vt 0.707744 0.416899
vt 0.596559 0.417807
vt 0.707872 0.424722
vt 0.596627 0.425827
vt 0.708038 0.432538
vt 0.596705 0.433849
vt 0.708460 0.440476
vt 0.596790 0.441872
vt 0.740143 0.245889
vt 0.736108 0.236184
vt 0.738101 0.234854
vt 0.742495 0.245421
vt 0.710662 0.322956
vt 0.710466 0.330772
vt 0.741733 0.232366
vt 0.746870 0.244537
vt 0.728686 0.228807
vt 0.730010 0.226823
vt 0.710359 0.338546
vt 0.732394 0.223156
vt 0.719024 0.224860
vt 0.719483 0.222512
vt 0.710338 0.346385
vt 0.720311 0.218254
vt 0.708562 0.224944
vt 0.708086 0.222602
vt 0.710270 0.354278
vt 0.707190 0.218244
vt 0.698883 0.229037
vt 0.697541 0.227046
vt 0.710222 0.362130
vt 0.695035 0.223417
vt 0.691510 0.236524
vt 0.689511 0.235200
vt 0.710187 0.369968
vt 0.685818 0.232813
vt 0.687556 0.246248
vt 0.685209 0.245786
vt 0.710176 0.377804
vt 0.680897 0.244987
vt 0.687589 0.256720
vt 0.685251 0.257184
vt 0.710179 0.385638
vt 0.680979 0.258074
vt 0.689568 0.267685
vt 0.710193 0.393470
vt 0.685981 0.270075
vt 0.697586 0.275708
vt 0.710210 0.401285
vt 0.695131 0.279311
vt 0.708092 0.280058
vt 0.710250 0.409056
vt 0.707207 0.284349
vt 0.719497 0.280031
vt 0.710360 0.416870
vt 0.720329 0.284349
vt 0.728717 0.273636
vt 0.730065 0.275627
vt 0.710422 0.424678
vt 0.732498 0.279314
vt 0.736145 0.266151
vt 0.738148 0.267479
vt 0.710620 0.432428
vt 0.741868 0.269956
vt 0.740201 0.256421
vt 0.742566 0.256888
vt 0.711081 0.440197
vt 0.746859 0.257732
vt 0.711081 0.315172
vt 0.594268 0.353622
vt 0.594312 0.345598
vt 0.594346 0.409801
vt 0.594299 0.401772
vt 0.594539 0.321558
vt 0.594633 0.313618
vt 0.594263 0.393745
vt 0.594448 0.329559
vt 0.594238 0.385719
vt 0.594372 0.337576
vt 0.594226 0.377694
vt 0.594635 0.441910
vt 0.594551 0.433884
vt 0.594226 0.369670
vt 0.594473 0.425857
vt 0.594239 0.361646
vt 0.594404 0.417830
vt 0.595268 0.245106
vt 0.608606 0.239478
vt 0.610002 0.245955
vt 0.599006 0.250508
vt 0.623184 0.239340
vt 0.621983 0.245912
vt 0.636840 0.244894
vt 0.633144 0.250580
vt 0.647538 0.255416
vt 0.641595 0.259282
vt 0.652588 0.269351
vt 0.646247 0.270480
vt 0.652588 0.283937
vt 0.645952 0.282626
vt 0.618566 0.292873
vt 0.624889 0.290520
vt 0.631514 0.301282
vt 0.620562 0.305265
vt 0.601273 0.285126
vt 0.605799 0.289918
vt 0.598577 0.299847
vt 0.590898 0.291535
vt 0.629802 0.285882
vt 0.632569 0.279737
vt 0.644922 0.282381
vt 0.640070 0.293160
vt 0.632677 0.273011
vt 0.645195 0.270684
vt 0.630196 0.266737
vt 0.640731 0.259858
vt 0.625500 0.261892
vt 0.632548 0.251447
vt 0.619323 0.259239
vt 0.621775 0.246948
vt 0.612635 0.259174
vt 0.610203 0.246961
vt 0.606458 0.261675
vt 0.599585 0.251373
vt 0.601719 0.266335
vt 0.591504 0.259458
vt 0.599105 0.272418
vt 0.587151 0.269870
vt 0.598934 0.278992
vt 0.586902 0.281069
vt 0.607043 0.312121
vt 0.594032 0.305870
vt 0.597976 0.300676
vt 0.608736 0.305728
vt 0.611863 0.292640
vt 0.608988 0.304710
vt 0.635519 0.308046
vt 0.621610 0.312922
vt 0.620719 0.306299
vt 0.632071 0.302164
vt 0.585205 0.255363
vt 0.590659 0.258885
vt 0.579929 0.268465
vt 0.586175 0.269655
vt 0.579921 0.282277
vt 0.585894 0.281244
vt 0.646821 0.297948
vt 0.640933 0.293773
vt 0.584567 0.295309
vt 0.590052 0.292068
vt 0.321541 0.484414
vt 0.314539 0.485741
vt 0.309546 0.473793
vt 0.315573 0.469844
vt 0.300219 0.464654
vt 0.304309 0.458619
vt 0.287985 0.459723
vt 0.289466 0.452460
vt 0.274695 0.460055
vt 0.273022 0.452460
vt 0.262461 0.465243
vt 0.258337 0.459446
vt 0.253534 0.475056
vt 0.246950 0.471013
vt 0.266839 0.503721
vt 0.255823 0.511613
vt 0.250407 0.500222
vt 0.263791 0.497077
vt 0.286280 0.511007
vt 0.289375 0.524081
vt 0.276873 0.524703
vt 0.279010 0.511253
vt 0.263540 0.489779
vt 0.250028 0.487623
vt 0.254511 0.475656
vt 0.266101 0.482908
vt 0.263139 0.466197
vt 0.271180 0.477570
vt 0.274931 0.461168
vt 0.277922 0.474581
vt 0.287785 0.460868
vt 0.285289 0.474397
vt 0.299605 0.465598
vt 0.292126 0.477055
vt 0.308601 0.474434
vt 0.297386 0.482118
vt 0.313444 0.485975
vt 0.300282 0.488789
vt 0.313574 0.498383
vt 0.300420 0.496015
vt 0.309216 0.509901
vt 0.297824 0.502729
vt 0.300747 0.518894
vt 0.292890 0.507999
vt 0.260846 0.527480
vt 0.264495 0.521237
vt 0.276702 0.525824
vt 0.275594 0.532623
vt 0.272202 0.508699
vt 0.265111 0.520268
vt 0.242564 0.502072
vt 0.249313 0.500496
vt 0.254912 0.512288
vt 0.248744 0.516767
vt 0.321527 0.499931
vt 0.314669 0.498567
vt 0.315842 0.514019
vt 0.310163 0.510490
vt 0.305683 0.525459
vt 0.301387 0.519809
vt 0.248904 0.487420
vt 0.241694 0.486430
vt 0.289641 0.525155
vt 0.291403 0.532478
vt 0.341025 0.954878
vt 0.334623 0.956092
vt 0.330058 0.945168
vt 0.335569 0.941557
vt 0.321531 0.936812
vt 0.325270 0.931294
vt 0.310345 0.932304
vt 0.311699 0.925663
vt 0.298194 0.932607
vt 0.296664 0.925663
vt 0.287009 0.937350
vt 0.283238 0.932050
vt 0.278847 0.946323
vt 0.272827 0.942626
vt 0.291012 0.972531
vt 0.280940 0.979747
vt 0.275988 0.969331
vt 0.288224 0.966456
vt 0.308786 0.979192
vt 0.311616 0.991145
vt 0.300185 0.991714
vt 0.302139 0.979417
vt 0.287995 0.959784
vt 0.275641 0.957812
vt 0.279740 0.946871
vt 0.290337 0.953501
vt 0.287628 0.938223
vt 0.294980 0.948621
vt 0.298410 0.933625
vt 0.301145 0.945888
vt 0.310162 0.933351
vt 0.307880 0.945720
vt 0.320969 0.937675
vt 0.314131 0.948150
vt 0.329194 0.945754
vt 0.318940 0.952779
vt 0.333622 0.956305
vt 0.321588 0.958878
vt 0.333741 0.967650
vt 0.321714 0.965485
vt 0.329756 0.978181
vt 0.319340 0.971624
vt 0.322013 0.986403
vt 0.314830 0.976442
vt 0.285532 0.994253
vt 0.288868 0.988545
vt 0.300029 0.992739
vt 0.299016 0.998955
vt 0.295915 0.977082
vt 0.289431 0.987659
vt 0.268817 0.971023
vt 0.274987 0.969582
vt 0.280107 0.980364
vt 0.274467 0.984459
vt 0.341012 0.969065
vt 0.334742 0.967819
vt 0.335815 0.981946
vt 0.330622 0.978720
vt 0.326526 0.992405
vt 0.322598 0.987240
vt 0.274613 0.957627
vt 0.268021 0.956722
vt 0.311859 0.992128
vt 0.313470 0.998823
vt 0.789714 0.247373
vt 0.802646 0.241916
vt 0.804000 0.248196
vt 0.793339 0.252610
vt 0.816781 0.241782
vt 0.815616 0.248154
vt 0.830021 0.247167
vt 0.826437 0.252680
vt 0.840394 0.257369
vt 0.834632 0.261117
vt 0.845289 0.270880
vt 0.839141 0.271975
vt 0.845289 0.285022
vt 0.838856 0.283751
vt 0.812303 0.293687
vt 0.818434 0.291404
vt 0.824858 0.301839
vt 0.814239 0.305701
vt 0.795536 0.286175
vt 0.799925 0.290821
vt 0.792922 0.300448
vt 0.785478 0.292388
vt 0.823197 0.286907
vt 0.825880 0.280950
vt 0.837857 0.283513
vt 0.833153 0.293965
vt 0.825984 0.274428
vt 0.838122 0.272172
vt 0.823580 0.268346
vt 0.833794 0.261676
vt 0.819027 0.263648
vt 0.825860 0.253521
vt 0.813037 0.261076
vt 0.815415 0.249158
vt 0.806553 0.261013
vt 0.804195 0.249171
vt 0.800564 0.263438
vt 0.793900 0.253449
vt 0.795969 0.267956
vt 0.786065 0.261288
vt 0.793435 0.273854
vt 0.781844 0.271383
vt 0.793269 0.280228
vt 0.781603 0.282242
vt 0.801131 0.312348
vt 0.788516 0.306288
vt 0.792340 0.301252
vt 0.802772 0.306150
vt 0.805804 0.293460
vt 0.803016 0.305163
vt 0.828740 0.308397
vt 0.815255 0.313125
vt 0.814390 0.306703
vt 0.825397 0.302694
vt 0.779958 0.257318
vt 0.785246 0.260733
vt 0.774842 0.270021
vt 0.780899 0.271175
vt 0.774834 0.283412
vt 0.780626 0.282411
vt 0.839698 0.298607
vt 0.833990 0.294559
vt 0.779339 0.296047
vt 0.784657 0.292906
vt 0.404374 0.970280
vt 0.410674 0.969086
vt 0.415166 0.979835
vt 0.409743 0.983387
vt 0.423556 0.988056
vt 0.419877 0.993486
vt 0.434562 0.992492
vt 0.433229 0.999026
vt 0.446518 0.992194
vt 0.448023 0.999026
vt 0.457523 0.987527
vt 0.461233 0.992742
vt 0.465555 0.978698
vt 0.471478 0.982335
vt 0.453585 0.952911
vt 0.463495 0.945811
vt 0.468367 0.956059
vt 0.456327 0.958889
vt 0.436096 0.946357
vt 0.433312 0.934596
vt 0.444559 0.934036
vt 0.442636 0.946135
vt 0.456553 0.965453
vt 0.468709 0.967394
vt 0.464675 0.978159
vt 0.454249 0.971635
vt 0.456914 0.986668
vt 0.449680 0.976437
vt 0.446306 0.991192
vt 0.443615 0.979126
vt 0.434742 0.991462
vt 0.436988 0.979292
vt 0.424109 0.987207
vt 0.430837 0.976901
vt 0.416015 0.979258
vt 0.426105 0.972345
vt 0.411659 0.968876
vt 0.423500 0.966344
vt 0.411542 0.957713
vt 0.423375 0.959844
vt 0.415462 0.947352
vt 0.425711 0.953803
vt 0.423081 0.939261
vt 0.430149 0.949063
vt 0.458976 0.931537
vt 0.455694 0.937153
vt 0.444713 0.933027
vt 0.445709 0.926911
vt 0.448761 0.948433
vt 0.455140 0.938026
vt 0.475423 0.954395
vt 0.469352 0.955813
vt 0.464315 0.945204
vt 0.469864 0.941175
vt 0.404388 0.956321
vt 0.410557 0.957547
vt 0.409502 0.943647
vt 0.414611 0.946821
vt 0.418641 0.933356
vt 0.422505 0.938438
vt 0.469720 0.967575
vt 0.476206 0.968466
vt 0.433073 0.933629
vt 0.431487 0.927041
vt 0.813033 0.639923
vt 0.800694 0.645129
vt 0.799402 0.639137
vt 0.809574 0.634926
vt 0.787207 0.645257
vt 0.788318 0.639177
vt 0.774575 0.640119
vt 0.777994 0.634859
vt 0.764677 0.630385
vt 0.770175 0.626809
vt 0.760006 0.617493
vt 0.765872 0.616449
vt 0.760006 0.604000
vt 0.766145 0.605213
vt 0.791480 0.595733
vt 0.785630 0.597910
vt 0.779501 0.587954
vt 0.789633 0.584269
vt 0.807478 0.602900
vt 0.803290 0.598467
vt 0.809972 0.589281
vt 0.817075 0.596972
vt 0.781085 0.602201
vt 0.778525 0.607886
vt 0.767098 0.605440
vt 0.771586 0.595468
vt 0.778426 0.614108
vt 0.766845 0.616261
vt 0.780720 0.619912
vt 0.770975 0.626276
vt 0.785065 0.624394
vt 0.778544 0.634057
vt 0.790779 0.626848
vt 0.788511 0.638219
vt 0.796966 0.626908
vt 0.799217 0.638207
vt 0.802681 0.624595
vt 0.809039 0.634125
vt 0.807065 0.620283
vt 0.816515 0.626646
vt 0.809483 0.614656
vt 0.820542 0.617014
vt 0.809641 0.608574
vt 0.820772 0.606653
vt 0.802140 0.577927
vt 0.814176 0.583709
vt 0.810528 0.588514
vt 0.800574 0.583841
vt 0.797680 0.595949
vt 0.800341 0.584783
vt 0.775796 0.581697
vt 0.788663 0.577186
vt 0.789488 0.583313
vt 0.778986 0.587138
vt 0.822342 0.630434
vt 0.817296 0.627175
vt 0.827223 0.618313
vt 0.821444 0.617212
vt 0.827231 0.605536
vt 0.821705 0.606491
vt 0.765341 0.591038
vt 0.770788 0.594901
vt 0.822932 0.593480
vt 0.817858 0.596478
vt 0.941103 0.554315
vt 0.929137 0.559364
vt 0.927884 0.553553
vt 0.937749 0.549469
vt 0.916057 0.559488
vt 0.917135 0.553592
vt 0.903806 0.554505
vt 0.907122 0.549404
vt 0.894208 0.545065
vt 0.899540 0.541597
vt 0.889678 0.532563
vt 0.895367 0.531550
vt 0.889678 0.519477
vt 0.895631 0.520654
vt 0.920201 0.511460
vt 0.914528 0.513572
vt 0.908584 0.503916
vt 0.918410 0.500343
vt 0.935716 0.518411
vt 0.931654 0.514112
vt 0.938134 0.505203
vt 0.945023 0.512661
vt 0.910120 0.517733
vt 0.907638 0.523246
vt 0.896555 0.520874
vt 0.900908 0.511203
vt 0.907541 0.529280
vt 0.896310 0.531368
vt 0.909766 0.534908
vt 0.900315 0.541081
vt 0.913980 0.539256
vt 0.907656 0.548626
vt 0.919521 0.541635
vt 0.917322 0.552663
vt 0.925521 0.541694
vt 0.927704 0.552651
vt 0.931063 0.539450
vt 0.937230 0.548692
vt 0.935315 0.535269
vt 0.944480 0.541439
vt 0.937660 0.529811
vt 0.948385 0.532098
vt 0.937814 0.523914
vt 0.948608 0.522050
vt 0.930539 0.494192
vt 0.942211 0.499800
vt 0.938673 0.504460
vt 0.929020 0.499927
vt 0.926214 0.511670
vt 0.928794 0.500841
vt 0.904991 0.497848
vt 0.917469 0.493473
vt 0.918270 0.499415
vt 0.908085 0.503125
vt 0.950131 0.545113
vt 0.945237 0.541953
vt 0.954864 0.533358
vt 0.949260 0.532291
vt 0.954872 0.520967
vt 0.949513 0.521893
vt 0.894852 0.506907
vt 0.900134 0.510653
vt 0.950703 0.509275
vt 0.945782 0.512183
vt 0.721248 0.061056
vt 0.729699 0.059454
vt 0.735725 0.073874
vt 0.728450 0.078640
vt 0.746980 0.084903
vt 0.742045 0.092187
vt 0.761745 0.090854
vt 0.759957 0.099620
vt 0.777785 0.090454
vt 0.779804 0.099620
vt 0.792548 0.084193
vt 0.797525 0.091189
vt 0.803322 0.072350
vt 0.811268 0.077229
vt 0.787265 0.037756
vt 0.800560 0.028231
vt 0.807095 0.041979
vt 0.790944 0.045775
vt 0.763802 0.028963
vt 0.760068 0.013185
vt 0.775156 0.012434
vt 0.772577 0.028666
vt 0.791247 0.054581
vt 0.807554 0.057184
vt 0.802142 0.071626
vt 0.788155 0.062874
vt 0.791731 0.083041
vt 0.782027 0.069316
vt 0.777499 0.089110
vt 0.773889 0.072924
vt 0.761986 0.089473
vt 0.764999 0.073146
vt 0.747722 0.083764
vt 0.756748 0.069938
vt 0.736865 0.073101
vt 0.750400 0.063827
vt 0.731020 0.059173
vt 0.746905 0.055777
vt 0.730864 0.044198
vt 0.746738 0.047057
vt 0.736122 0.030298
vt 0.749872 0.038953
vt 0.746343 0.019445
vt 0.755825 0.032594
vt 0.794497 0.009083
vt 0.790094 0.016617
vt 0.775362 0.011081
vt 0.776699 0.002876
vt 0.780793 0.031749
vt 0.789350 0.017787
vt 0.816561 0.039747
vt 0.808416 0.041648
vt 0.801658 0.027417
vt 0.809103 0.022011
vt 0.721266 0.042330
vt 0.729542 0.043976
vt 0.728126 0.025328
vt 0.734980 0.029586
vt 0.740387 0.011522
vt 0.745571 0.018341
vt 0.808910 0.057428
vt 0.817611 0.058623
vt 0.759747 0.011889
vt 0.757620 0.003051
s 1
usemtl Bomb_1
f 66/1/1 65/2/1 97/3/2 102/4/3
f 65/2/1 64/5/1 74/6/4 97/3/2
f 1/7/5 55/8/6 56/9/7 7/10/8
f 7/10/8 56/9/7 57/11/9 13/12/10
f 2/13/11 1/7/5 7/10/8 8/14/12
f 3/15/13 2/13/11 8/14/12 9/16/14
f 4/17/15 3/15/13 9/16/14 10/18/16
f 5/19/17 4/17/15 10/18/16 11/20/18
f 6/21/19 5/22/17 11/23/18 12/24/20
f 11/20/18 10/18/16 16/25/21 17/26/22
f 12/24/20 11/23/18 17/27/22 18/28/23
f 67/29/1 66/1/1 102/4/3 106/30/24
f 13/12/10 57/11/9 58/31/25 19/32/26
f 8/14/12 7/10/8 13/12/10 14/33/27
f 9/16/14 8/14/12 14/33/27 15/34/28
f 10/18/16 9/16/14 15/34/28 16/25/21
f 14/33/27 13/12/10 19/32/26 20/35/29
f 15/34/28 14/33/27 20/35/29 21/36/30
f 16/25/21 15/34/28 21/36/30 22/37/31
f 17/26/22 16/25/21 22/37/31 23/38/32
f 18/28/23 17/27/22 23/39/32 24/40/33
f 19/32/26 58/31/25 59/41/34 25/42/35
f 24/40/33 23/39/32 29/43/36 30/44/37
f 68/45/1 67/29/1 106/30/24 77/46/38
f 25/42/35 59/41/34 60/47/39 31/48/40
f 20/35/29 19/32/26 25/42/35 26/49/41
f 21/36/30 20/35/29 26/49/41 27/50/42
f 22/37/31 21/36/30 27/50/42 28/51/43
f 23/38/32 22/37/31 28/51/43 29/52/36
f 27/50/42 26/49/41 32/53/44 33/54/45
f 28/51/43 27/50/42 33/54/45 34/55/46
f 29/52/36 28/51/43 34/55/46 35/56/47
f 30/44/37 29/43/36 35/57/47 36/58/48
f 69/59/1 68/45/1 77/46/38 82/60/49
f 31/48/40 60/47/39 61/61/50 37/62/51
f 26/49/41 25/42/35 31/48/40 32/53/44
f 70/63/1 69/59/1 82/60/49 86/64/52
f 37/62/51 61/61/50 62/65/53 43/66/54
f 32/53/44 31/48/40 37/62/51 38/67/55
f 33/54/45 32/53/44 38/67/55 39/68/56
f 34/55/46 33/54/45 39/68/56 40/69/57
f 35/56/47 34/55/46 40/69/57 41/70/58
f 36/58/48 35/57/47 41/71/58 42/72/59
f 39/68/56 38/67/55 44/73/60 45/74/61
f 40/69/57 39/68/56 45/74/61 46/75/62
f 41/70/58 40/69/57 46/75/62 47/76/63
f 42/72/59 41/71/58 47/77/63 48/78/64
f 71/79/1 70/63/1 86/64/52 90/80/65
f 43/66/54 62/65/53 63/81/66 49/82/67
f 38/67/55 37/62/51 43/66/54 44/73/60
f 72/83/1 71/79/1 90/80/65 94/84/68
f 44/73/60 43/66/54 49/82/67 50/85/69
f 45/74/61 44/73/60 50/85/69 51/86/70
f 46/75/62 45/74/61 51/86/70 52/87/71
f 47/76/63 46/75/62 52/87/71 53/88/72
f 48/78/64 47/77/63 53/89/72 54/90/73
f 385/91/74 386/92/75 56/9/7 55/8/6
f 57/11/9 56/9/7 386/92/75 387/93/76
f 58/31/25 57/11/9 387/93/76 388/94/77
f 59/41/34 58/31/25 388/94/77 389/95/78
f 60/47/39 59/41/34 389/95/78 390/96/79
f 61/61/50 60/47/39 390/96/79 391/97/80
f 62/65/53 61/61/50 391/97/80 392/98/81
f 63/81/66 62/65/53 392/98/81 393/99/82
f 73/100/83 6/21/19 12/24/20 98/101/84
f 78/102/85 30/44/37 36/58/48 81/103/86
f 98/101/84 12/24/20 18/28/23 101/104/87
f 101/104/87 18/28/23 24/40/33 105/105/88
f 81/103/86 36/58/48 42/72/59 85/106/89
f 105/105/88 24/40/33 30/44/37 78/102/85
f 85/106/89 42/72/59 48/78/64 89/107/90
f 89/107/90 48/78/64 54/90/73 93/108/91
f 82/60/49 77/46/38 79/109/92 84/110/93
f 84/110/93 79/109/92 80/111/94 83/112/95
f 83/112/95 80/111/94 78/113/85 81/114/86
f 86/64/52 82/60/49 84/110/93 88/115/96
f 88/115/96 84/110/93 83/112/95 87/116/97
f 87/116/97 83/112/95 81/114/86 85/117/89
f 90/80/65 86/64/52 88/115/96 92/118/98
f 92/118/98 88/115/96 87/116/97 91/119/99
f 91/119/99 87/116/97 85/117/89 89/120/90
f 94/84/68 90/80/65 92/118/98 96/121/100
f 96/121/100 92/118/98 91/119/99 95/122/101
f 95/122/101 91/119/99 89/120/90 93/123/91
f 102/4/3 97/3/2 99/124/102 104/125/103
f 104/125/103 99/124/102 100/126/104 103/127/105
f 103/127/105 100/126/104 98/128/84 101/129/87
f 106/30/24 102/4/3 104/125/103 108/130/106
f 108/130/106 104/125/103 103/127/105 107/131/107
f 107/131/107 103/127/105 101/129/87 105/132/88
f 97/3/2 74/6/4 76/133/108 99/124/102
f 99/124/102 76/133/108 75/134/109 100/126/104
f 100/126/104 75/134/109 73/135/83 98/128/84
f 77/46/38 106/30/24 108/130/106 79/109/92
f 79/109/92 108/130/106 107/131/107 80/111/94
f 80/111/94 107/131/107 105/132/88 78/113/85
f 167/136/1 198/137/110 193/138/111 166/139/1
f 166/139/1 193/138/111 174/140/112 165/141/1
f 109/142/113 115/143/114 158/144/115 157/145/116
f 115/143/114 121/146/117 159/147/118 158/144/115
f 110/148/119 116/149/120 115/143/114 109/142/113
f 111/150/121 117/151/122 116/149/120 110/148/119
f 112/152/123 118/153/124 117/151/122 111/150/121
f 113/154/125 119/155/126 118/153/124 112/152/123
f 114/156/127 120/157/128 119/158/126 113/159/125
f 119/155/126 125/160/129 124/161/130 118/153/124
f 120/157/128 126/162/131 125/163/129 119/158/126
f 168/164/1 202/165/132 198/137/110 167/136/1
f 121/146/117 127/166/133 160/167/134 159/147/118
f 116/149/120 122/168/135 121/146/117 115/143/114
f 117/151/122 123/169/136 122/168/135 116/149/120
f 118/153/124 124/161/130 123/169/136 117/151/122
f 122/168/135 128/170/137 127/166/133 121/146/117
f 123/169/136 129/171/138 128/170/137 122/168/135
f 124/161/130 130/172/139 129/171/138 123/169/136
f 125/160/129 131/173/140 130/172/139 124/161/130
f 126/162/131 132/174/141 131/175/140 125/163/129
f 127/166/133 133/176/142 161/177/143 160/167/134
f 132/174/141 138/178/144 137/179/145 131/175/140
f 169/180/1 177/181/146 202/165/132 168/164/1
f 133/176/142 139/182/147 162/183/148 161/177/143
f 128/170/137 134/184/149 133/176/142 127/166/133
f 129/171/138 135/185/150 134/184/149 128/170/137
f 130/172/139 136/186/151 135/185/150 129/171/138
f 131/173/140 137/187/145 136/186/151 130/172/139
f 135/185/150 141/188/152 140/189/153 134/184/149
f 136/186/151 142/190/154 141/188/152 135/185/150
f 137/187/145 143/191/155 142/190/154 136/186/151
f 138/178/144 144/192/156 143/193/155 137/179/145
f 170/194/1 182/195/157 177/181/146 169/180/1
f 139/182/147 145/196/158 163/197/159 162/183/148
f 134/184/149 140/189/153 139/182/147 133/176/142
f 171/198/1 186/199/160 182/195/157 170/194/1
f 145/196/158 151/200/161 164/201/162 163/197/159
f 140/189/153 146/202/163 145/196/158 139/182/147
f 141/188/152 147/203/164 146/202/163 140/189/153
f 142/190/154 148/204/165 147/203/164 141/188/152
f 143/191/155 149/205/166 148/204/165 142/190/154
f 144/192/156 150/206/167 149/207/166 143/193/155
f 147/203/164 153/208/168 152/209/169 146/202/163
f 148/204/165 154/210/170 153/208/168 147/203/164
f 149/205/166 155/211/171 154/210/170 148/204/165
f 150/206/167 156/212/172 155/213/171 149/207/166
f 172/214/1 190/215/173 186/199/160 171/198/1
f 151/200/161 49/216/67 63/217/66 164/201/162
f 146/202/163 152/209/169 151/200/161 145/196/158
f 72/83/1 94/84/68 190/215/173 172/214/1
f 152/209/169 50/218/69 49/216/67 151/200/161
f 153/208/168 51/219/70 50/218/69 152/209/169
f 154/210/170 52/220/71 51/219/70 153/208/168
f 155/211/171 53/221/72 52/220/71 154/210/170
f 156/212/172 54/222/73 53/223/72 155/213/171
f 394/224/174 157/145/116 158/144/115 395/225/175
f 159/147/118 396/226/176 395/225/175 158/144/115
f 160/167/134 397/227/177 396/226/176 159/147/118
f 161/177/143 398/228/178 397/227/177 160/167/134
f 162/183/148 399/229/179 398/228/178 161/177/143
f 163/197/159 400/230/180 399/229/179 162/183/148
f 164/201/162 401/231/181 400/230/180 163/197/159
f 63/217/66 393/232/82 401/231/181 164/201/162
f 173/233/182 194/234/183 120/157/128 114/156/127
f 178/235/184 181/236/185 144/192/156 138/178/144
f 194/234/183 197/237/186 126/162/131 120/157/128
f 197/237/186 201/238/187 132/174/141 126/162/131
f 181/236/185 185/239/188 150/206/167 144/192/156
f 201/238/187 178/235/184 138/178/144 132/174/141
f 185/239/188 189/240/189 156/212/172 150/206/167
f 189/240/189 93/241/91 54/222/73 156/212/172
f 182/195/157 184/242/190 179/243/191 177/181/146
f 184/242/190 183/244/192 180/245/193 179/243/191
f 183/244/192 181/246/185 178/247/184 180/245/193
f 186/199/160 188/248/194 184/242/190 182/195/157
f 188/248/194 187/249/195 183/244/192 184/242/190
f 187/249/195 185/250/188 181/246/185 183/244/192
f 190/215/173 192/251/196 188/248/194 186/199/160
f 192/251/196 191/252/197 187/249/195 188/248/194
f 191/252/197 189/253/189 185/250/188 187/249/195
f 94/84/68 96/121/100 192/251/196 190/215/173
f 96/121/100 95/122/101 191/252/197 192/251/196
f 95/122/101 93/123/91 189/253/189 191/252/197
f 198/137/110 200/254/198 195/255/199 193/138/111
f 200/254/198 199/256/200 196/257/201 195/255/199
f 199/256/200 197/258/186 194/259/183 196/257/201
f 202/165/132 204/260/202 200/254/198 198/137/110
f 204/260/202 203/261/203 199/256/200 200/254/198
f 203/261/203 201/262/187 197/258/186 199/256/200
f 193/138/111 195/255/199 176/263/204 174/140/112
f 195/255/199 196/257/201 175/264/205 176/263/204
f 196/257/201 194/259/183 173/265/182 175/264/205
f 177/181/146 179/243/191 204/260/202 202/165/132
f 179/243/191 180/245/193 203/261/203 204/260/202
f 180/245/193 178/247/184 201/262/187 203/261/203
f 262/266/1 294/267/206 289/268/207 261/269/1
f 261/269/1 289/268/207 74/6/4 64/5/1
f 1/7/5 205/270/208 253/271/209 55/8/6
f 205/270/208 211/272/210 254/273/211 253/271/209
f 2/13/11 206/274/212 205/270/208 1/7/5
f 3/15/13 207/275/213 206/274/212 2/13/11
f 4/17/15 208/276/214 207/275/213 3/15/13
f 5/19/17 209/277/215 208/276/214 4/17/15
f 6/21/19 210/278/216 209/279/215 5/22/17
f 209/277/215 215/280/217 214/281/218 208/276/214
f 210/278/216 216/282/219 215/283/217 209/279/215
f 263/284/1 298/285/220 294/267/206 262/266/1
f 211/272/210 217/286/221 255/287/222 254/273/211
f 206/274/212 212/288/223 211/272/210 205/270/208
f 207/275/213 213/289/224 212/288/223 206/274/212
f 208/276/214 214/281/218 213/289/224 207/275/213
f 212/288/223 218/290/225 217/286/221 211/272/210
f 213/289/224 219/291/226 218/290/225 212/288/223
f 214/281/218 220/292/227 219/291/226 213/289/224
f 215/280/217 221/293/228 220/292/227 214/281/218
f 216/282/219 222/294/229 221/295/228 215/283/217
f 217/286/221 223/296/230 256/297/231 255/287/222
f 222/294/229 228/298/232 227/299/233 221/295/228
f 264/300/1 269/301/234 298/285/220 263/284/1
f 223/296/230 229/302/235 257/303/236 256/297/231
f 218/290/225 224/304/237 223/296/230 217/286/221
f 219/291/226 225/305/238 224/304/237 218/290/225
f 220/292/227 226/306/239 225/305/238 219/291/226
f 221/293/228 227/307/233 226/306/239 220/292/227
f 225/305/238 231/308/240 230/309/241 224/304/237
f 226/306/239 232/310/242 231/308/240 225/305/238
f 227/307/233 233/311/243 232/310/242 226/306/239
f 228/298/232 234/312/244 233/313/243 227/299/233
f 265/314/1 274/315/245 269/301/234 264/300/1
f 229/302/235 235/316/246 258/317/247 257/303/236
f 224/304/237 230/309/241 229/302/235 223/296/230
f 266/318/1 278/319/248 274/315/245 265/314/1
f 235/316/246 241/320/249 259/321/250 258/317/247
f 230/309/241 236/322/251 235/316/246 229/302/235
f 231/308/240 237/323/252 236/322/251 230/309/241
f 232/310/242 238/324/253 237/323/252 231/308/240
f 233/311/243 239/325/254 238/324/253 232/310/242
f 234/312/244 240/326/255 239/327/254 233/313/243
f 237/323/252 243/328/256 242/329/257 236/322/251
f 238/324/253 244/330/258 243/328/256 237/323/252
f 239/325/254 245/331/259 244/330/258 238/324/253
f 240/326/255 246/332/260 245/333/259 239/327/254
f 267/334/1 282/335/261 278/319/248 266/318/1
f 241/320/249 247/336/262 260/337/263 259/321/250
f 236/322/251 242/329/257 241/320/249 235/316/246
f 268/338/1 286/339/264 282/335/261 267/334/1
f 242/329/257 248/340/265 247/336/262 241/320/249
f 243/328/256 249/341/266 248/340/265 242/329/257
f 244/330/258 250/342/267 249/341/266 243/328/256
f 245/331/259 251/343/268 250/342/267 244/330/258
f 246/332/260 252/344/269 251/345/268 245/333/259
f 385/91/74 55/8/6 253/271/209 402/346/270
f 254/273/211 403/347/271 402/346/270 253/271/209
f 255/287/222 404/348/272 403/347/271 254/273/211
f 256/297/231 405/349/273 404/348/272 255/287/222
f 257/303/236 406/350/274 405/349/273 256/297/231
f 258/317/247 407/351/275 406/350/274 257/303/236
f 259/321/250 408/352/276 407/351/275 258/317/247
f 260/337/263 409/353/277 408/352/276 259/321/250
f 73/100/83 290/354/278 210/278/216 6/21/19
f 270/355/279 273/356/280 234/312/244 228/298/232
f 290/354/278 293/357/281 216/282/219 210/278/216
f 293/357/281 297/358/282 222/294/229 216/282/219
f 273/356/280 277/359/283 240/326/255 234/312/244
f 297/358/282 270/355/279 228/298/232 222/294/229
f 277/359/283 281/360/284 246/332/260 240/326/255
f 281/360/284 285/361/285 252/344/269 246/332/260
f 274/315/245 276/362/286 271/363/287 269/301/234
f 276/362/286 275/364/288 272/365/289 271/363/287
f 275/364/288 273/366/280 270/367/279 272/365/289
f 278/319/248 280/368/290 276/362/286 274/315/245
f 280/368/290 279/369/291 275/364/288 276/362/286
f 279/369/291 277/370/283 273/366/280 275/364/288
f 282/335/261 284/371/292 280/368/290 278/319/248
f 284/371/292 283/372/293 279/369/291 280/368/290
f 283/372/293 281/373/284 277/370/283 279/369/291
f 286/339/264 288/374/294 284/371/292 282/335/261
f 288/374/294 287/375/295 283/372/293 284/371/292
f 287/375/295 285/376/285 281/373/284 283/372/293
f 294/267/206 296/377/296 291/378/297 289/268/207
f 296/377/296 295/379/298 292/380/299 291/378/297
f 295/379/298 293/381/281 290/382/278 292/380/299
f 298/285/220 300/383/300 296/377/296 294/267/206
f 300/383/300 299/384/301 295/379/298 296/377/296
f 299/384/301 297/385/282 293/381/281 295/379/298
f 289/268/207 291/378/297 76/133/108 74/6/4
f 291/378/297 292/380/299 75/134/109 76/133/108
f 292/380/299 290/382/278 73/135/83 75/134/109
f 269/301/234 271/363/287 300/383/300 298/285/220
f 271/363/287 272/365/289 299/384/301 300/383/300
f 272/365/289 270/367/279 297/385/282 299/384/301
f 351/386/1 350/387/1 373/388/302 378/389/303
f 350/387/1 165/141/1 174/140/112 373/388/302
f 109/142/113 157/145/116 343/390/304 301/391/305
f 301/391/305 343/390/304 344/392/306 307/393/307
f 110/148/119 109/142/113 301/391/305 302/394/308
f 111/150/121 110/148/119 302/394/308 303/395/309
f 112/152/123 111/150/121 303/395/309 304/396/310
f 113/154/125 112/152/123 304/396/310 305/397/311
f 114/156/127 113/159/125 305/398/311 306/399/312
f 305/397/311 304/396/310 310/400/313 311/401/314
f 306/399/312 305/398/311 311/402/314 312/403/315
f 352/404/1 351/386/1 378/389/303 382/405/316
f 307/393/307 344/392/306 345/406/317 313/407/318
f 302/394/308 301/391/305 307/393/307 308/408/319
f 303/395/309 302/394/308 308/408/319 309/409/320
f 304/396/310 303/395/309 309/409/320 310/400/313
f 308/408/319 307/393/307 313/407/318 314/410/321
f 309/409/320 308/408/319 314/410/321 315/411/322
f 310/400/313 309/409/320 315/411/322 316/412/323
f 311/401/314 310/400/313 316/412/323 317/413/324
f 312/403/315 311/402/314 317/414/324 318/415/325
f 313/407/318 345/406/317 346/416/326 319/417/327
f 318/415/325 317/414/324 323/418/328 324/419/329
f 353/420/1 352/404/1 382/405/316 357/421/330
f 319/417/327 346/416/326 347/422/331 325/423/332
f 314/410/321 313/407/318 319/417/327 320/424/333
f 315/411/322 314/410/321 320/424/333 321/425/334
f 316/412/323 315/411/322 321/425/334 322/426/335
f 317/413/324 316/412/323 322/426/335 323/427/328
f 321/425/334 320/424/333 326/428/336 327/429/337
f 322/426/335 321/425/334 327/429/337 328/430/338
f 323/427/328 322/426/335 328/430/338 329/431/339
f 324/419/329 323/418/328 329/432/339 330/433/340
f 354/434/1 353/420/1 357/421/330 362/435/341
f 325/423/332 347/422/331 348/436/342 331/437/343
f 320/424/333 319/417/327 325/423/332 326/428/336
f 355/438/1 354/434/1 362/435/341 366/439/344
f 331/437/343 348/436/342 349/440/345 337/441/346
f 326/428/336 325/423/332 331/437/343 332/442/347
f 327/429/337 326/428/336 332/442/347 333/443/348
f 328/430/338 327/429/337 333/443/348 334/444/349
f 329/431/339 328/430/338 334/444/349 335/445/350
f 330/433/340 329/432/339 335/446/350 336/447/351
f 333/443/348 332/442/347 338/448/352 339/449/353
f 334/444/349 333/443/348 339/449/353 340/450/354
f 335/445/350 334/444/349 340/450/354 341/451/355
f 336/447/351 335/446/350 341/452/355 342/453/356
f 356/454/1 355/438/1 366/439/344 370/455/357
f 337/441/346 349/440/345 260/337/263 247/336/262
f 332/442/347 331/437/343 337/441/346 338/448/352
f 268/338/1 356/454/1 370/455/357 286/339/264
f 338/448/352 337/441/346 247/336/262 248/340/265
f 339/449/353 338/448/352 248/340/265 249/341/266
f 340/450/354 339/449/353 249/341/266 250/342/267
f 341/451/355 340/450/354 250/342/267 251/343/268
f 342/453/356 341/452/355 251/345/268 252/344/269
f 394/224/174 410/456/358 343/390/304 157/145/116
f 344/392/306 343/390/304 410/456/358 411/457/359
f 345/406/317 344/392/306 411/457/359 412/458/360
f 346/416/326 345/406/317 412/458/360 413/459/361
f 347/422/331 346/416/326 413/459/361 414/460/362
f 348/436/342 347/422/331 414/460/362 415/461/363
f 349/440/345 348/436/342 415/461/363 416/462/364
f 260/337/263 349/440/345 416/462/364 409/353/277
f 173/233/182 114/156/127 306/399/312 374/463/365
f 358/464/366 324/419/329 330/433/340 361/465/367
f 374/463/365 306/399/312 312/403/315 377/466/368
f 377/466/368 312/403/315 318/415/325 381/467/369
f 361/465/367 330/433/340 336/447/351 365/468/370
f 381/467/369 318/415/325 324/419/329 358/464/366
f 365/468/370 336/447/351 342/453/356 369/469/371
f 369/469/371 342/453/356 252/344/269 285/361/285
f 362/435/341 357/421/330 359/470/372 364/471/373
f 364/471/373 359/470/372 360/472/374 363/473/375
f 363/473/375 360/472/374 358/474/366 361/475/367
f 366/439/344 362/435/341 364/471/373 368/476/376
f 368/476/376 364/471/373 363/473/375 367/477/377
f 367/477/377 363/473/375 361/475/367 365/478/370
f 370/455/357 366/439/344 368/476/376 372/479/378
f 372/479/378 368/476/376 367/477/377 371/480/379
f 371/480/379 367/477/377 365/478/370 369/481/371
f 286/339/264 370/455/357 372/479/378 288/374/294
f 288/374/294 372/479/378 371/480/379 287/375/295
f 287/375/295 371/480/379 369/481/371 285/376/285
f 378/389/303 373/388/302 375/482/380 380/483/381
f 380/483/381 375/482/380 376/484/382 379/485/383
f 379/485/383 376/484/382 374/486/365 377/487/368
f 382/405/316 378/389/303 380/483/381 384/488/384
f 384/488/384 380/483/381 379/485/383 383/489/385
f 383/489/385 379/485/383 377/487/368 381/490/369
f 373/388/302 174/140/112 176/263/204 375/482/380
f 375/482/380 176/263/204 175/264/205 376/484/382
f 376/484/382 175/264/205 173/265/182 374/486/365
f 357/421/330 382/405/316 384/488/384 359/470/372
f 359/470/372 384/488/384 383/489/385 360/472/374
f 360/472/374 383/489/385 381/490/369 358/474/366
f 482/491/386 518/492/387 513/493/388 481/494/386
f 481/494/386 513/493/388 490/495/389 480/496/386
f 417/497/390 423/498/391 472/499/392 471/500/393
f 423/498/391 429/501/394 473/502/395 472/499/392
f 418/503/396 424/504/397 423/498/391 417/497/390
f 419/505/398 425/506/399 424/504/397 418/503/396
f 420/507/400 426/508/401 425/506/399 419/505/398
f 421/509/402 427/510/403 426/508/401 420/507/400
f 422/511/404 428/512/405 427/513/403 421/514/402
f 427/510/403 433/515/406 432/516/407 426/508/401
f 428/512/405 434/517/408 433/518/406 427/513/403
f 483/519/386 522/520/409 518/492/387 482/491/386
f 429/501/394 435/521/410 474/522/411 473/502/395
f 424/504/397 430/523/412 429/501/394 423/498/391
f 425/506/399 431/524/413 430/523/412 424/504/397
f 426/508/401 432/516/407 431/524/413 425/506/399
f 430/523/412 436/525/414 435/521/410 429/501/394
f 431/524/413 437/526/415 436/525/414 430/523/412
f 432/516/407 438/527/416 437/526/415 431/524/413
f 433/515/406 439/528/417 438/527/416 432/516/407
f 434/517/408 440/529/418 439/530/417 433/518/406
f 435/521/410 441/531/419 475/532/420 474/522/411
f 440/529/418 446/533/421 445/534/422 439/530/417
f 484/535/386 493/536/423 522/520/409 483/519/386
f 441/531/419 447/537/424 476/538/425 475/532/420
f 436/525/414 442/539/426 441/531/419 435/521/410
f 437/526/415 443/540/427 442/539/426 436/525/414
f 438/527/416 444/541/428 443/540/427 437/526/415
f 439/528/417 445/542/422 444/541/428 438/527/416
f 443/540/427 449/543/429 448/544/430 442/539/426
f 444/541/428 450/545/431 449/543/429 443/540/427
f 445/542/422 451/546/432 450/545/431 444/541/428
f 446/533/421 452/547/433 451/548/432 445/534/422
f 485/549/386 498/550/434 493/536/423 484/535/386
f 447/537/424 453/551/435 477/552/436 476/538/425
f 442/539/426 448/544/430 447/537/424 441/531/419
f 486/553/386 502/554/437 498/550/434 485/549/386
f 453/551/435 459/555/438 478/556/439 477/552/436
f 448/544/430 454/557/440 453/551/435 447/537/424
f 449/543/429 455/558/441 454/557/440 448/544/430
f 450/545/431 456/559/442 455/558/441 449/543/429
f 451/546/432 457/560/443 456/559/442 450/545/431
f 452/547/433 458/561/444 457/562/443 451/548/432
f 455/558/441 461/563/445 460/564/446 454/557/440
f 456/559/442 462/565/447 461/563/445 455/558/441
f 457/560/443 463/566/448 462/565/447 456/559/442
f 458/561/444 464/567/449 463/568/448 457/562/443
f 487/569/386 506/570/450 502/554/437 486/553/386
f 459/555/438 465/571/451 479/572/452 478/556/439
f 454/557/440 460/564/446 459/555/438 453/551/435
f 488/573/386 510/574/453 506/570/450 487/569/386
f 460/564/446 466/575/454 465/571/451 459/555/438
f 461/563/445 467/576/455 466/575/454 460/564/446
f 462/565/447 468/577/456 467/576/455 461/563/445
f 463/566/448 469/578/457 468/577/456 462/565/447
f 464/567/449 470/579/458 469/580/457 463/568/448
f 801/581/459 471/500/393 472/499/392 802/582/460
f 473/502/395 803/583/461 802/582/460 472/499/392
f 474/522/411 804/584/462 803/583/461 473/502/395
f 475/532/420 805/585/463 804/584/462 474/522/411
f 476/538/425 806/586/464 805/585/463 475/532/420
f 477/552/436 807/587/465 806/586/464 476/538/425
f 478/556/439 808/588/466 807/587/465 477/552/436
f 479/572/452 809/589/467 808/588/466 478/556/439
f 489/590/468 514/591/469 428/512/405 422/511/404
f 494/592/470 497/593/471 452/547/433 446/533/421
f 514/591/469 517/594/472 434/517/408 428/512/405
f 517/594/472 521/595/473 440/529/418 434/517/408
f 497/593/471 501/596/474 458/561/444 452/547/433
f 521/595/473 494/592/470 446/533/421 440/529/418
f 501/596/474 505/597/475 464/567/449 458/561/444
f 505/597/475 509/598/476 470/579/458 464/567/449
f 498/550/434 500/599/477 495/600/478 493/536/423
f 500/599/477 499/601/479 496/602/480 495/600/478
f 499/601/479 497/603/471 494/604/470 496/602/480
f 502/554/437 504/605/481 500/599/477 498/550/434
f 504/605/481 503/606/482 499/601/479 500/599/477
f 503/606/482 501/607/474 497/603/471 499/601/479
f 506/570/450 508/608/483 504/605/481 502/554/437
f 508/608/483 507/609/484 503/606/482 504/605/481
f 507/609/484 505/610/475 501/607/474 503/606/482
f 510/574/453 512/611/485 508/608/483 506/570/450
f 512/611/485 511/612/486 507/609/484 508/608/483
f 511/612/486 509/613/476 505/610/475 507/609/484
f 518/492/387 520/614/487 515/615/488 513/493/388
f 520/614/487 519/616/489 516/617/490 515/615/488
f 519/616/489 517/618/472 514/619/469 516/617/490
f 522/520/409 524/620/491 520/614/487 518/492/387
f 524/620/491 523/621/492 519/616/489 520/614/487
f 523/621/492 521/622/473 517/618/472 519/616/489
f 513/493/388 515/615/488 492/623/493 490/495/389
f 515/615/488 516/617/490 491/624/494 492/623/493
f 516/617/490 514/619/469 489/625/468 491/624/494
f 493/536/423 495/600/478 524/620/491 522/520/409
f 495/600/478 496/602/480 523/621/492 524/620/491
f 496/602/480 494/604/470 521/622/473 523/621/492
f 583/626/386 582/627/386 609/628/495 614/629/496
f 582/627/386 581/630/386 590/631/497 609/628/495
f 525/632/498 573/633/499 574/634/500 531/635/501
f 531/635/501 574/634/500 575/636/502 537/637/503
f 526/638/504 525/632/498 531/635/501 532/639/505
f 527/640/506 526/638/504 532/639/505 533/641/507
f 528/642/508 527/640/506 533/641/507 534/643/509
f 529/644/510 528/642/508 534/643/509 535/645/511
f 530/646/512 529/647/510 535/648/511 536/649/513
f 535/645/511 534/643/509 540/650/514 541/651/515
f 536/649/513 535/648/511 541/652/515 542/653/516
f 584/654/386 583/626/386 614/629/496 618/655/517
f 537/637/503 575/636/502 576/656/518 543/657/519
f 532/639/505 531/635/501 537/637/503 538/658/520
f 533/641/507 532/639/505 538/658/520 539/659/521
f 534/643/509 533/641/507 539/659/521 540/650/514
f 538/658/520 537/637/503 543/657/519 544/660/522
f 539/659/521 538/658/520 544/660/522 545/661/523
f 540/650/514 539/659/521 545/661/523 546/662/524
f 541/651/515 540/650/514 546/662/524 547/663/525
f 542/653/516 541/652/515 547/664/525 548/665/526
f 543/657/519 576/656/518 577/666/527 549/667/528
f 548/665/526 547/664/525 553/668/529 554/669/530
f 585/670/386 584/654/386 618/655/517 593/671/531
f 549/667/528 577/666/527 578/672/532 555/673/533
f 544/660/522 543/657/519 549/667/528 550/674/534
f 545/661/523 544/660/522 550/674/534 551/675/535
f 546/662/524 545/661/523 551/675/535 552/676/536
f 547/663/525 546/662/524 552/676/536 553/677/529
f 551/675/535 550/674/534 556/678/537 557/679/538
f 552/676/536 551/675/535 557/679/538 558/680/539
f 553/677/529 552/676/536 558/680/539 559/681/540
f 554/669/530 553/668/529 559/682/540 560/683/541
f 586/684/386 585/670/386 593/671/531 598/685/542
f 555/673/533 578/672/532 579/686/543 561/687/544
f 550/674/534 549/667/528 555/673/533 556/678/537
f 587/688/386 586/684/386 598/685/542 602/689/545
f 561/687/544 579/686/543 580/690/546 567/691/547
f 556/678/537 555/673/533 561/687/544 562/692/548
f 557/679/538 556/678/537 562/692/548 563/693/549
f 558/680/539 557/679/538 563/693/549 564/694/550
f 559/681/540 558/680/539 564/694/550 565/695/551
f 560/683/541 559/682/540 565/696/551 566/697/552
f 563/693/549 562/692/548 568/698/553 569/699/554
f 564/694/550 563/693/549 569/699/554 570/700/555
f 565/695/551 564/694/550 570/700/555 571/701/556
f 566/697/552 565/696/551 571/702/556 572/703/557
f 588/704/386 587/688/386 602/689/545 606/705/558
f 567/691/547 580/690/546 479/706/452 465/707/451
f 562/692/548 561/687/544 567/691/547 568/698/553
f 488/573/386 588/704/386 606/705/558 510/574/453
f 568/698/553 567/691/547 465/707/451 466/708/454
f 569/699/554 568/698/553 466/708/454 467/709/455
f 570/700/555 569/699/554 467/709/455 468/710/456
f 571/701/556 570/700/555 468/710/456 469/711/457
f 572/703/557 571/702/556 469/712/457 470/713/458
f 810/714/559 811/715/560 574/634/500 573/633/499
f 575/636/502 574/634/500 811/715/560 812/716/561
f 576/656/518 575/636/502 812/716/561 813/717/562
f 577/666/527 576/656/518 813/717/562 814/718/563
f 578/672/532 577/666/527 814/718/563 815/719/564
f 579/686/543 578/672/532 815/719/564 816/720/565
f 580/690/546 579/686/543 816/720/565 817/721/566
f 479/706/452 580/690/546 817/721/566 809/722/467
f 589/723/567 530/646/512 536/649/513 610/724/568
f 594/725/569 554/669/530 560/683/541 597/726/570
f 610/724/568 536/649/513 542/653/516 613/727/571
f 613/727/571 542/653/516 548/665/526 617/728/572
f 597/726/570 560/683/541 566/697/552 601/729/573
f 617/728/572 548/665/526 554/669/530 594/725/569
f 601/729/573 566/697/552 572/703/557 605/730/574
f 605/730/574 572/703/557 470/713/458 509/731/476
f 598/685/542 593/671/531 595/732/575 600/733/576
f 600/733/576 595/732/575 596/734/577 599/735/578
f 599/735/578 596/734/577 594/736/569 597/737/570
f 602/689/545 598/685/542 600/733/576 604/738/579
f 604/738/579 600/733/576 599/735/578 603/739/580
f 603/739/580 599/735/578 597/737/570 601/740/573
f 606/705/558 602/689/545 604/738/579 608/741/581
f 608/741/581 604/738/579 603/739/580 607/742/582
f 607/742/582 603/739/580 601/740/573 605/743/574
f 510/574/453 606/705/558 608/741/581 512/611/485
f 512/611/485 608/741/581 607/742/582 511/612/486
f 511/612/486 607/742/582 605/743/574 509/613/476
f 614/629/496 609/628/495 611/744/583 616/745/584
f 616/745/584 611/744/583 612/746/585 615/747/586
f 615/747/586 612/746/585 610/748/568 613/749/571
f 618/655/517 614/629/496 616/745/584 620/750/587
f 620/750/587 616/745/584 615/747/586 619/751/588
f 619/751/588 615/747/586 613/749/571 617/752/572
f 609/628/495 590/631/497 592/753/589 611/744/583
f 611/744/583 592/753/589 591/754/590 612/746/585
f 612/746/585 591/754/590 589/755/567 610/748/568
f 593/671/531 618/655/517 620/750/587 595/732/575
f 595/732/575 620/750/587 619/751/588 596/734/577
f 596/734/577 619/751/588 617/752/572 594/736/569
f 678/756/386 677/757/386 705/758/591 710/759/592
f 677/757/386 480/496/386 490/495/389 705/758/591
f 417/497/390 471/500/393 669/760/593 621/761/594
f 621/761/594 669/760/593 670/762/595 627/763/596
f 418/503/396 417/497/390 621/761/594 622/764/597
f 419/505/398 418/503/396 622/764/597 623/765/598
f 420/507/400 419/505/398 623/765/598 624/766/599
f 421/509/402 420/507/400 624/766/599 625/767/600
f 422/511/404 421/514/402 625/768/600 626/769/601
f 625/767/600 624/766/599 630/770/602 631/771/603
f 626/769/601 625/768/600 631/772/603 632/773/604
f 679/774/386 678/756/386 710/759/592 714/775/605
f 627/763/596 670/762/595 671/776/606 633/777/607
f 622/764/597 621/761/594 627/763/596 628/778/608
f 623/765/598 622/764/597 628/778/608 629/779/609
f 624/766/599 623/765/598 629/779/609 630/770/602
f 628/778/608 627/763/596 633/777/607 634/780/610
f 629/779/609 628/778/608 634/780/610 635/781/611
f 630/770/602 629/779/609 635/781/611 636/782/612
f 631/771/603 630/770/602 636/782/612 637/783/613
f 632/773/604 631/772/603 637/784/613 638/785/614
f 633/777/607 671/776/606 672/786/615 639/787/616
f 638/785/614 637/784/613 643/788/617 644/789/618
f 680/790/386 679/774/386 714/775/605 685/791/619
f 639/787/616 672/786/615 673/792/620 645/793/621
f 634/780/610 633/777/607 639/787/616 640/794/622
f 635/781/611 634/780/610 640/794/622 641/795/623
f 636/782/612 635/781/611 641/795/623 642/796/624
f 637/783/613 636/782/612 642/796/624 643/797/617
f 641/795/623 640/794/622 646/798/625 647/799/626
f 642/796/624 641/795/623 647/799/626 648/800/627
f 643/797/617 642/796/624 648/800/627 649/801/628
f 644/789/618 643/788/617 649/802/628 650/803/629
f 681/804/386 680/790/386 685/791/619 690/805/630
f 645/793/621 673/792/620 674/806/631 651/807/632
f 640/794/622 639/787/616 645/793/621 646/798/625
f 682/808/386 681/804/386 690/805/630 694/809/633
f 651/807/632 674/806/631 675/810/634 657/811/635
f 646/798/625 645/793/621 651/807/632 652/812/636
f 647/799/626 646/798/625 652/812/636 653/813/637
f 648/800/627 647/799/626 653/813/637 654/814/638
f 649/801/628 648/800/627 654/814/638 655/815/639
f 650/803/629 649/802/628 655/816/639 656/817/640
f 653/813/637 652/812/636 658/818/641 659/819/642
f 654/814/638 653/813/637 659/819/642 660/820/643
f 655/815/639 654/814/638 660/820/643 661/821/644
f 656/817/640 655/816/639 661/822/644 662/823/645
f 683/824/386 682/808/386 694/809/633 698/825/646
f 657/811/635 675/810/634 676/826/647 663/827/648
f 652/812/636 651/807/632 657/811/635 658/818/641
f 684/828/386 683/824/386 698/825/646 702/829/649
f 658/818/641 657/811/635 663/827/648 664/830/650
f 659/819/642 658/818/641 664/830/650 665/831/651
f 660/820/643 659/819/642 665/831/651 666/832/652
f 661/821/644 660/820/643 666/832/652 667/833/653
f 662/823/645 661/822/644 667/834/653 668/835/654
f 801/581/459 818/836/655 669/760/593 471/500/393
f 670/762/595 669/760/593 818/836/655 819/837/656
f 671/776/606 670/762/595 819/837/656 820/838/657
f 672/786/615 671/776/606 820/838/657 821/839/658
f 673/792/620 672/786/615 821/839/658 822/840/659
f 674/806/631 673/792/620 822/840/659 823/841/660
f 675/810/634 674/806/631 823/841/660 824/842/661
f 676/826/647 675/810/634 824/842/661 825/843/662
f 489/590/468 422/511/404 626/769/601 706/844/663
f 686/845/664 644/789/618 650/803/629 689/846/665
f 706/844/663 626/769/601 632/773/604 709/847/666
f 709/847/666 632/773/604 638/785/614 713/848/667
f 689/846/665 650/803/629 656/817/640 693/849/668
f 713/848/667 638/785/614 644/789/618 686/845/664
f 693/849/668 656/817/640 662/823/645 697/850/669
f 697/850/669 662/823/645 668/835/654 701/851/670
f 690/805/630 685/791/619 687/852/671 692/853/672
f 692/853/672 687/852/671 688/854/673 691/855/674
f 691/855/674 688/854/673 686/856/664 689/857/665
f 694/809/633 690/805/630 692/853/672 696/858/675
f 696/858/675 692/853/672 691/855/674 695/859/676
f 695/859/676 691/855/674 689/857/665 693/860/668
f 698/825/646 694/809/633 696/858/675 700/861/677
f 700/861/677 696/858/675 695/859/676 699/862/678
f 699/862/678 695/859/676 693/860/668 697/863/669
f 702/829/649 698/825/646 700/861/677 704/864/679
f 704/864/679 700/861/677 699/862/678 703/865/680
f 703/865/680 699/862/678 697/863/669 701/866/670
f 710/759/592 705/758/591 707/867/681 712/868/682
f 712/868/682 707/867/681 708/869/683 711/870/684
f 711/870/684 708/869/683 706/871/663 709/872/666
f 714/775/605 710/759/592 712/868/682 716/873/685
f 716/873/685 712/868/682 711/870/684 715/874/686
f 715/874/686 711/870/684 709/872/666 713/875/667
f 705/758/591 490/495/389 492/623/493 707/867/681
f 707/867/681 492/623/493 491/624/494 708/869/683
f 708/869/683 491/624/494 489/625/468 706/871/663
f 685/791/619 714/775/605 716/873/685 687/852/671
f 687/852/671 716/873/685 715/874/686 688/854/673
f 688/854/673 715/874/686 713/875/667 686/856/664
f 767/876/386 794/877/687 789/878/688 766/879/386
f 766/879/386 789/878/688 590/631/497 581/630/386
f 525/632/498 717/880/689 759/881/690 573/633/499
f 717/880/689 723/882/691 760/883/692 759/881/690
f 526/638/504 718/884/693 717/880/689 525/632/498
f 527/640/506 719/885/694 718/884/693 526/638/504
f 528/642/508 720/886/695 719/885/694 527/640/506
f 529/644/510 721/887/696 720/886/695 528/642/508
f 530/646/512 722/888/697 721/889/696 529/647/510
f 721/887/696 727/890/698 726/891/699 720/886/695
f 722/888/697 728/892/700 727/893/698 721/889/696
f 768/894/386 798/895/701 794/877/687 767/876/386
f 723/882/691 729/896/702 761/897/703 760/883/692
f 718/884/693 724/898/704 723/882/691 717/880/689
f 719/885/694 725/899/705 724/898/704 718/884/693
f 720/886/695 726/891/699 725/899/705 719/885/694
f 724/898/704 730/900/706 729/896/702 723/882/691
f 725/899/705 731/901/707 730/900/706 724/898/704
f 726/891/699 732/902/708 731/901/707 725/899/705
f 727/890/698 733/903/709 732/902/708 726/891/699
f 728/892/700 734/904/710 733/905/709 727/893/698
f 729/896/702 735/906/711 762/907/712 761/897/703
f 734/904/710 740/908/713 739/909/714 733/905/709
f 769/910/386 773/911/715 798/895/701 768/894/386
f 735/906/711 741/912/716 763/913/717 762/907/712
f 730/900/706 736/914/718 735/906/711 729/896/702
f 731/901/707 737/915/719 736/914/718 730/900/706
f 732/902/708 738/916/720 737/915/719 731/901/707
f 733/903/709 739/917/714 738/916/720 732/902/708
f 737/915/719 743/918/721 742/919/722 736/914/718
f 738/916/720 744/920/723 743/918/721 737/915/719
f 739/917/714 745/921/724 744/920/723 738/916/720
f 740/908/713 746/922/725 745/923/724 739/909/714
f 770/924/386 778/925/726 773/911/715 769/910/386
f 741/912/716 747/926/727 764/927/728 763/913/717
f 736/914/718 742/919/722 741/912/716 735/906/711
f 771/928/386 782/929/729 778/925/726 770/924/386
f 747/926/727 753/930/730 765/931/731 764/927/728
f 742/919/722 748/932/732 747/926/727 741/912/716
f 743/918/721 749/933/733 748/932/732 742/919/722
f 744/920/723 750/934/734 749/933/733 743/918/721
f 745/921/724 751/935/735 750/934/734 744/920/723
f 746/922/725 752/936/736 751/937/735 745/923/724
f 749/933/733 755/938/737 754/939/738 748/932/732
f 750/934/734 756/940/739 755/938/737 749/933/733
f 751/935/735 757/941/740 756/940/739 750/934/734
f 752/936/736 758/942/741 757/943/740 751/937/735
f 772/944/386 786/945/742 782/929/729 771/928/386
f 753/930/730 663/827/648 676/826/647 765/931/731
f 748/932/732 754/939/738 753/930/730 747/926/727
f 684/828/386 702/829/649 786/945/742 772/944/386
f 754/939/738 664/830/650 663/827/648 753/930/730
f 755/938/737 665/831/651 664/830/650 754/939/738
f 756/940/739 666/832/652 665/831/651 755/938/737
f 757/941/740 667/833/653 666/832/652 756/940/739
f 758/942/741 668/835/654 667/834/653 757/943/740
f 810/714/559 573/633/499 759/881/690 826/946/743
f 760/883/692 827/947/744 826/946/743 759/881/690
f 761/897/703 828/948/745 827/947/744 760/883/692
f 762/907/712 829/949/746 828/948/745 761/897/703
f 763/913/717 830/950/747 829/949/746 762/907/712
f 764/927/728 831/951/748 830/950/747 763/913/717
f 765/931/731 832/952/749 831/951/748 764/927/728
f 676/826/647 825/843/662 832/952/749 765/931/731
f 589/723/567 790/953/750 722/888/697 530/646/512
f 774/954/751 777/955/752 746/922/725 740/908/713
f 790/953/750 793/956/753 728/892/700 722/888/697
f 793/956/753 797/957/754 734/904/710 728/892/700
f 777/955/752 781/958/755 752/936/736 746/922/725
f 797/957/754 774/954/751 740/908/713 734/904/710
f 781/958/755 785/959/756 758/942/741 752/936/736
f 785/959/756 701/851/670 668/835/654 758/942/741
f 778/925/726 780/960/757 775/961/758 773/911/715
f 780/960/757 779/962/759 776/963/760 775/961/758
f 779/962/759 777/964/752 774/965/751 776/963/760
f 782/929/729 784/966/761 780/960/757 778/925/726
f 784/966/761 783/967/762 779/962/759 780/960/757
f 783/967/762 781/968/755 777/964/752 779/962/759
f 786/945/742 788/969/763 784/966/761 782/929/729
f 788/969/763 787/970/764 783/967/762 784/966/761
f 787/970/764 785/971/756 781/968/755 783/967/762
f 702/829/649 704/864/679 788/969/763 786/945/742
f 704/864/679 703/865/680 787/970/764 788/969/763
f 703/865/680 701/866/670 785/971/756 787/970/764
f 794/877/687 796/972/765 791/973/766 789/878/688
f 796/972/765 795/974/767 792/975/768 791/973/766
f 795/974/767 793/976/753 790/977/750 792/975/768
f 798/895/701 800/978/769 796/972/765 794/877/687
f 800/978/769 799/979/770 795/974/767 796/972/765
f 799/979/770 797/980/754 793/976/753 795/974/767
f 789/878/688 791/973/766 592/753/589 590/631/497
f 791/973/766 792/975/768 591/754/590 592/753/589
f 792/975/768 790/977/750 589/755/567 591/754/590
f 773/911/715 775/961/758 800/978/769 798/895/701
f 775/961/758 776/963/760 799/979/770 800/978/769
f 776/963/760 774/965/751 797/980/754 799/979/770
f 863/981/771 835/982/771 836/983/772 864/984/772
f 864/984/772 836/983/772 837/985/773 865/986/773
f 865/986/773 837/985/773 838/987/774 866/988/774
f 866/988/774 838/987/774 839/989/775 867/990/775
f 868/991/776 869/992/777 841/993/777 840/994/776
f 875/995/778 876/996/779 848/997/779 847/998/778
f 882/999/780 854/1000/780 855/1001/781 883/1002/781
f 862/1003/782 834/1004/782 835/982/771 863/981/771
f 870/1005/783 871/1006/784 843/1007/784 842/1008/783
f 871/1006/784 872/1009/785 844/1010/785 843/1007/784
f 872/1009/785 873/1011/786 845/1012/786 844/1010/785
f 873/1011/786 874/1013/787 846/1014/787 845/1012/786
f 874/1013/787 867/990/775 839/989/775 846/1014/787
f 869/992/777 870/1005/783 842/1008/783 841/993/777
f 877/1015/788 878/1016/789 850/1017/789 849/1018/788
f 878/1016/789 879/1019/790 851/1020/790 850/1017/789
f 879/1019/790 880/1021/791 852/1022/791 851/1020/790
f 880/1021/791 881/1023/792 853/1024/792 852/1022/791
f 868/991/776 840/994/776 854/1000/780 882/999/780
f 876/996/779 877/1015/788 849/1018/788 848/997/779
f 884/1025/793 856/1026/793 857/1027/794 885/1028/794
f 885/1028/794 857/1027/794 858/1029/795 886/1030/795
f 886/1030/795 858/1029/795 859/1031/796 887/1032/796
f 887/1032/796 859/1031/796 860/1033/797 888/1034/797
f 888/1034/797 860/1033/797 853/1024/792 881/1023/792
f 883/1002/781 855/1001/781 856/1026/793 884/1025/793
f 833/1035/798 861/1036/798 875/995/778 847/998/778
f 861/1037/798 833/1038/798 834/1004/782 862/1003/782
f 900/1039/1 899/1040/1 908/1041/799 932/1042/800
f 889/1043/801 890/1044/802 907/1045/803 927/1046/804
f 901/1047/1 900/1039/1 932/1042/800 911/1048/805
f 891/1049/782 892/1050/771 912/1051/806 931/1052/807
f 903/1053/1 902/1054/1 916/1055/808 936/1056/809
f 904/1057/1 903/1053/1 936/1056/809 919/1058/810
f 894/1059/773 895/1060/774 920/1061/811 935/1062/812
f 906/1063/1 905/1064/1 924/1065/813 939/1066/814
f 890/1044/802 891/1049/782 931/1052/807 907/1045/803
f 902/1054/1 901/1047/1 911/1048/805 916/1055/808
f 899/1040/1 898/1067/1 928/1068/815 908/1041/799
f 893/1069/772 894/1059/773 935/1062/812 915/1070/816
f 892/1050/771 893/1069/772 915/1070/816 912/1051/806
f 905/1064/1 904/1057/1 919/1058/810 924/1065/813
f 896/1071/817 897/1072/818 940/1073/819 923/1074/820
f 895/1060/774 896/1071/817 923/1074/820 920/1061/811
f 916/1055/808 911/1048/805 913/1075/821 918/1076/822
f 918/1076/822 913/1075/821 914/1077/823 917/1078/824
f 917/1078/824 914/1077/823 912/1051/806 915/1070/816
f 924/1065/813 919/1058/810 921/1079/825 926/1080/826
f 926/1080/826 921/1079/825 922/1081/827 925/1082/828
f 925/1082/828 922/1081/827 920/1061/811 923/1074/820
f 908/1041/799 928/1068/815 930/1083/829 910/1084/830
f 910/1084/830 930/1083/829 929/1085/831 909/1086/832
f 909/1086/832 929/1085/831 927/1046/804 907/1045/803
f 932/1042/800 908/1041/799 910/1084/830 934/1087/833
f 934/1087/833 910/1084/830 909/1086/832 933/1088/834
f 933/1088/834 909/1086/832 907/1045/803 931/1052/807
f 911/1048/805 932/1042/800 934/1087/833 913/1075/821
f 913/1075/821 934/1087/833 933/1088/834 914/1077/823
f 914/1077/823 933/1088/834 931/1052/807 912/1051/806
f 936/1056/809 916/1055/808 918/1076/822 938/1089/835
f 938/1089/835 918/1076/822 917/1078/824 937/1090/836
f 937/1090/836 917/1078/824 915/1070/816 935/1062/812
f 919/1058/810 936/1056/809 938/1089/835 921/1079/825
f 921/1079/825 938/1089/835 937/1090/836 922/1081/827
f 922/1081/827 937/1090/836 935/1062/812 920/1061/811
f 939/1066/814 924/1065/813 926/1080/826 941/1091/837
f 941/1091/837 926/1080/826 925/1082/828 942/1092/838
f 942/1092/838 925/1082/828 923/1074/820 940/1073/819
f 953/1093/1 984/1094/839 960/1095/840 952/1096/1
f 943/1097/841 979/1098/842 959/1099/843 944/1100/844
f 954/1101/1 963/1102/845 984/1094/839 953/1093/1
f 945/1103/777 983/1104/846 964/1105/847 946/1106/783
f 956/1107/1 988/1108/848 968/1109/849 955/1110/1
f 957/1111/1 971/1112/850 988/1108/848 956/1107/1
f 948/1113/785 987/1114/851 972/1115/852 949/1116/786
f 906/1063/1 939/1066/814 976/1117/853 958/1118/1
f 944/1100/844 959/1099/843 983/1104/846 945/1103/777
f 955/1110/1 968/1109/849 963/1102/845 954/1101/1
f 952/1096/1 960/1095/840 980/1119/854 951/1120/1
f 947/1121/784 967/1122/855 987/1114/851 948/1113/785
f 946/1106/783 964/1105/847 967/1122/855 947/1121/784
f 958/1118/1 976/1117/853 971/1112/850 957/1111/1
f 950/1123/856 975/1124/857 940/1073/819 897/1072/818
f 949/1116/786 972/1115/852 975/1124/857 950/1123/856
f 968/1109/849 970/1125/858 965/1126/859 963/1102/845
f 970/1125/858 969/1127/860 966/1128/861 965/1126/859
f 969/1127/860 967/1122/855 964/1105/847 966/1128/861
f 976/1117/853 978/1129/862 973/1130/863 971/1112/850
f 978/1129/862 977/1131/864 974/1132/865 973/1130/863
f 977/1131/864 975/1124/857 972/1115/852 974/1132/865
f 960/1095/840 962/1133/866 982/1134/867 980/1119/854
f 962/1133/866 961/1135/868 981/1136/869 982/1134/867
f 961/1135/868 959/1099/843 979/1098/842 981/1136/869
f 984/1094/839 986/1137/870 962/1133/866 960/1095/840
f 986/1137/870 985/1138/871 961/1135/868 962/1133/866
f 985/1138/871 983/1104/846 959/1099/843 961/1135/868
f 963/1102/845 965/1126/859 986/1137/870 984/1094/839
f 965/1126/859 966/1128/861 985/1138/871 986/1137/870
f 966/1128/861 964/1105/847 983/1104/846 985/1138/871
f 988/1108/848 990/1139/872 970/1125/858 968/1109/849
f 990/1139/872 989/1140/873 969/1127/860 970/1125/858
f 989/1140/873 987/1114/851 967/1122/855 969/1127/860
f 971/1112/850 973/1130/863 990/1139/872 988/1108/848
f 973/1130/863 974/1132/865 989/1140/873 990/1139/872
f 974/1132/865 972/1115/852 987/1114/851 989/1140/873
f 939/1066/814 941/1091/837 978/1129/862 976/1117/853
f 941/1091/837 942/1092/838 977/1131/864 978/1129/862
f 942/1092/838 940/1073/819 975/1124/857 977/1131/864
f 1000/1141/1 1028/1142/874 1008/1143/875 999/1144/1
f 889/1043/801 927/1046/804 1007/1145/876 991/1146/877
f 1001/1147/1 1011/1148/878 1028/1142/874 1000/1141/1
f 992/1149/779 1027/1150/879 1012/1151/880 993/1152/788
f 1003/1153/1 1032/1154/881 1016/1155/882 1002/1156/1
f 1004/1157/1 1019/1158/883 1032/1154/881 1003/1153/1
f 995/1159/790 1031/1160/884 1020/1161/885 996/1162/791
f 1006/1163/1 1035/1164/886 1024/1165/887 1005/1166/1
f 991/1146/877 1007/1145/876 1027/1150/879 992/1149/779
f 1002/1156/1 1016/1155/882 1011/1148/878 1001/1147/1
f 999/1144/1 1008/1143/875 928/1068/815 898/1067/1
f 994/1167/789 1015/1168/888 1031/1160/884 995/1159/790
f 993/1152/788 1012/1151/880 1015/1168/888 994/1167/789
f 1005/1166/1 1024/1165/887 1019/1158/883 1004/1157/1
f 997/1169/889 1023/1170/890 1036/1171/891 998/1172/892
f 996/1162/791 1020/1161/885 1023/1170/890 997/1169/889
f 1016/1155/882 1018/1173/893 1013/1174/894 1011/1148/878
f 1018/1173/893 1017/1175/895 1014/1176/896 1013/1174/894
f 1017/1175/895 1015/1168/888 1012/1151/880 1014/1176/896
f 1024/1165/887 1026/1177/897 1021/1178/898 1019/1158/883
f 1026/1177/897 1025/1179/899 1022/1180/900 1021/1178/898
f 1025/1179/899 1023/1170/890 1020/1161/885 1022/1180/900
f 1008/1143/875 1010/1181/901 930/1083/829 928/1068/815
f 1010/1181/901 1009/1182/902 929/1085/831 930/1083/829
f 1009/1182/902 1007/1145/876 927/1046/804 929/1085/831
f 1028/1142/874 1030/1183/903 1010/1181/901 1008/1143/875
f 1030/1183/903 1029/1184/904 1009/1182/902 1010/1181/901
f 1029/1184/904 1027/1150/879 1007/1145/876 1009/1182/902
f 1011/1148/878 1013/1174/894 1030/1183/903 1028/1142/874
f 1013/1174/894 1014/1176/896 1029/1184/904 1030/1183/903
f 1014/1176/896 1012/1151/880 1027/1150/879 1029/1184/904
f 1032/1154/881 1034/1185/905 1018/1173/893 1016/1155/882
f 1034/1185/905 1033/1186/906 1017/1175/895 1018/1173/893
f 1033/1186/906 1031/1160/884 1015/1168/888 1017/1175/895
f 1019/1158/883 1021/1178/898 1034/1185/905 1032/1154/881
f 1021/1178/898 1022/1180/900 1033/1186/906 1034/1185/905
f 1022/1180/900 1020/1161/885 1031/1160/884 1033/1186/906
f 1035/1164/886 1037/1187/907 1026/1177/897 1024/1165/887
f 1037/1187/907 1038/1188/908 1025/1179/899 1026/1177/897
f 1038/1188/908 1036/1171/891 1023/1170/890 1025/1179/899
f 1047/1189/1 1046/1190/1 1054/1191/909 1074/1192/910
f 943/1097/841 1039/1193/911 1053/1194/912 979/1098/842
f 1048/1195/1 1047/1189/1 1074/1192/910 1057/1196/913
f 1040/1197/781 1041/1198/793 1058/1199/914 1073/1200/915
f 1050/1201/1 1049/1202/1 1062/1203/916 1078/1204/917
f 1051/1205/1 1050/1201/1 1078/1204/917 1065/1206/918
f 1043/1207/795 1044/1208/796 1066/1209/919 1077/1210/920
f 1006/1163/1 1052/1211/1 1070/1212/921 1035/1164/886
f 1039/1193/911 1040/1197/781 1073/1200/915 1053/1194/912
f 1049/1202/1 1048/1195/1 1057/1196/913 1062/1203/916
f 1046/1190/1 951/1120/1 980/1119/854 1054/1191/909
f 1042/1213/794 1043/1207/795 1077/1210/920 1061/1214/922
f 1041/1198/793 1042/1213/794 1061/1214/922 1058/1199/914
f 1052/1211/1 1051/1205/1 1065/1206/918 1070/1212/921
f 1045/1215/923 998/1172/892 1036/1171/891 1069/1216/924
f 1044/1208/796 1045/1215/923 1069/1216/924 1066/1209/919
f 1062/1203/916 1057/1196/913 1059/1217/925 1064/1218/926
f 1064/1218/926 1059/1217/925 1060/1219/927 1063/1220/928
f 1063/1220/928 1060/1219/927 1058/1199/914 1061/1214/922
f 1070/1212/921 1065/1206/918 1067/1221/929 1072/1222/930
f 1072/1222/930 1067/1221/929 1068/1223/931 1071/1224/932
f 1071/1224/932 1068/1223/931 1066/1209/919 1069/1216/924
f 1054/1191/909 980/1119/854 982/1134/867 1056/1225/933
f 1056/1225/933 982/1134/867 981/1136/869 1055/1226/934
f 1055/1226/934 981/1136/869 979/1098/842 1053/1194/912
f 1074/1192/910 1054/1191/909 1056/1225/933 1076/1227/935
f 1076/1227/935 1056/1225/933 1055/1226/934 1075/1228/936
f 1075/1228/936 1055/1226/934 1053/1194/912 1073/1200/915
f 1057/1196/913 1074/1192/910 1076/1227/935 1059/1217/925
f 1059/1217/925 1076/1227/935 1075/1228/936 1060/1219/927
f 1060/1219/927 1075/1228/936 1073/1200/915 1058/1199/914
f 1078/1204/917 1062/1203/916 1064/1218/926 1080/1229/937
f 1080/1229/937 1064/1218/926 1063/1220/928 1079/1230/938
f 1079/1230/938 1063/1220/928 1061/1214/922 1077/1210/920
f 1065/1206/918 1078/1204/917 1080/1229/937 1067/1221/929
f 1067/1221/929 1080/1229/937 1079/1230/938 1068/1223/931
f 1068/1223/931 1079/1230/938 1077/1210/920 1066/1209/919
f 1035/1164/886 1070/1212/921 1072/1222/930 1037/1187/907
f 1037/1187/907 1072/1222/930 1071/1224/932 1038/1188/908
f 1038/1188/908 1071/1224/932 1069/1216/924 1036/1171/891
f 1092/1231/386 1124/1232/939 1100/1233/940 1091/1234/386
f 1081/1235/801 1119/1236/941 1099/1237/942 1082/1238/802
f 1093/1239/386 1103/1240/943 1124/1232/939 1092/1231/386
f 1083/1241/782 1123/1242/944 1104/1243/945 1084/1244/771
f 1095/1245/386 1128/1246/946 1108/1247/947 1094/1248/386
f 1096/1249/386 1111/1250/948 1128/1246/946 1095/1245/386
f 1086/1251/773 1127/1252/949 1112/1253/950 1087/1254/774
f 1098/1255/386 1131/1256/951 1116/1257/952 1097/1258/386
f 1082/1238/802 1099/1237/942 1123/1242/944 1083/1241/782
f 1094/1248/386 1108/1247/947 1103/1240/943 1093/1239/386
f 1091/1234/386 1100/1233/940 1120/1259/953 1090/1260/386
f 1085/1261/772 1107/1262/954 1127/1252/949 1086/1251/773
f 1084/1244/771 1104/1243/945 1107/1262/954 1085/1261/772
f 1097/1258/386 1116/1257/952 1111/1250/948 1096/1249/386
f 1088/1263/817 1115/1264/955 1132/1265/956 1089/1266/818
f 1087/1254/774 1112/1253/950 1115/1264/955 1088/1263/817
f 1108/1247/947 1110/1267/957 1105/1268/958 1103/1240/943
f 1110/1267/957 1109/1269/959 1106/1270/960 1105/1268/958
f 1109/1269/959 1107/1262/954 1104/1243/945 1106/1270/960
f 1116/1257/952 1118/1271/961 1113/1272/962 1111/1250/948
f 1118/1271/961 1117/1273/963 1114/1274/964 1113/1272/962
f 1117/1273/963 1115/1264/955 1112/1253/950 1114/1274/964
f 1100/1233/940 1102/1275/965 1122/1276/966 1120/1259/953
f 1102/1275/965 1101/1277/967 1121/1278/968 1122/1276/966
f 1101/1277/967 1099/1237/942 1119/1236/941 1121/1278/968
f 1124/1232/939 1126/1279/969 1102/1275/965 1100/1233/940
f 1126/1279/969 1125/1280/970 1101/1277/967 1102/1275/965
f 1125/1280/970 1123/1242/944 1099/1237/942 1101/1277/967
f 1103/1240/943 1105/1268/958 1126/1279/969 1124/1232/939
f 1105/1268/958 1106/1270/960 1125/1280/970 1126/1279/969
f 1106/1270/960 1104/1243/945 1123/1242/944 1125/1280/970
f 1128/1246/946 1130/1281/971 1110/1267/957 1108/1247/947
f 1130/1281/971 1129/1282/972 1109/1269/959 1110/1267/957
f 1129/1282/972 1127/1252/949 1107/1262/954 1109/1269/959
f 1111/1250/948 1113/1272/962 1130/1281/971 1128/1246/946
f 1113/1272/962 1114/1274/964 1129/1282/972 1130/1281/971
f 1114/1274/964 1112/1253/950 1127/1252/949 1129/1282/972
f 1131/1256/951 1133/1283/973 1118/1271/961 1116/1257/952
f 1133/1283/973 1134/1284/974 1117/1273/963 1118/1271/961
f 1134/1284/974 1132/1265/956 1115/1264/955 1117/1273/963
f 1145/1285/386 1144/1286/386 1152/1287/975 1176/1288/976
f 1135/1289/841 1136/1290/844 1151/1291/977 1171/1292/978
f 1146/1293/386 1145/1285/386 1176/1288/976 1155/1294/979
f 1137/1295/777 1138/1296/783 1156/1297/980 1175/1298/981
f 1148/1299/386 1147/1300/386 1160/1301/982 1180/1302/983
f 1149/1303/386 1148/1299/386 1180/1302/983 1163/1304/984
f 1140/1305/785 1141/1306/786 1164/1307/985 1179/1308/986
f 1098/1255/386 1150/1309/386 1168/1310/987 1131/1256/951
f 1136/1290/844 1137/1295/777 1175/1298/981 1151/1291/977
f 1147/1300/386 1146/1293/386 1155/1294/979 1160/1301/982
f 1144/1286/386 1143/1311/386 1172/1312/988 1152/1287/975
f 1139/1313/784 1140/1305/785 1179/1308/986 1159/1314/989
f 1138/1296/783 1139/1313/784 1159/1314/989 1156/1297/980
f 1150/1309/386 1149/1303/386 1163/1304/984 1168/1310/987
f 1142/1315/856 1089/1266/818 1132/1265/956 1167/1316/990
f 1141/1306/786 1142/1315/856 1167/1316/990 1164/1307/985
f 1160/1301/982 1155/1294/979 1157/1317/991 1162/1318/992
f 1162/1318/992 1157/1317/991 1158/1319/993 1161/1320/994
f 1161/1320/994 1158/1319/993 1156/1297/980 1159/1314/989
f 1168/1310/987 1163/1304/984 1165/1321/995 1170/1322/996
f 1170/1322/996 1165/1321/995 1166/1323/997 1169/1324/998
f 1169/1324/998 1166/1323/997 1164/1307/985 1167/1316/990
f 1152/1287/975 1172/1312/988 1174/1325/999 1154/1326/1000
f 1154/1326/1000 1174/1325/999 1173/1327/1001 1153/1328/1002
f 1153/1328/1002 1173/1327/1001 1171/1292/978 1151/1291/977
f 1176/1288/976 1152/1287/975 1154/1326/1000 1178/1329/1003
f 1178/1329/1003 1154/1326/1000 1153/1328/1002 1177/1330/1004
f 1177/1330/1004 1153/1328/1002 1151/1291/977 1175/1298/981
f 1155/1294/979 1176/1288/976 1178/1329/1003 1157/1317/991
f 1157/1317/991 1178/1329/1003 1177/1330/1004 1158/1319/993
f 1158/1319/993 1177/1330/1004 1175/1298/981 1156/1297/980
f 1180/1302/983 1160/1301/982 1162/1318/992 1182/1331/1005
f 1182/1331/1005 1162/1318/992 1161/1320/994 1181/1332/1006
f 1181/1332/1006 1161/1320/994 1159/1314/989 1179/1308/986
f 1163/1304/984 1180/1302/983 1182/1331/1005 1165/1321/995
f 1165/1321/995 1182/1331/1005 1181/1332/1006 1166/1323/997
f 1166/1323/997 1181/1332/1006 1179/1308/986 1164/1307/985
f 1131/1256/951 1168/1310/987 1170/1322/996 1133/1283/973
f 1133/1283/973 1170/1322/996 1169/1324/998 1134/1284/974
f 1134/1284/974 1169/1324/998 1167/1316/990 1132/1265/956
f 1192/1333/386 1191/1334/386 1200/1335/1007 1220/1336/1008
f 1081/1235/801 1183/1337/877 1199/1338/1009 1119/1236/941
f 1193/1339/386 1192/1333/386 1220/1336/1008 1203/1340/1010
f 1184/1341/779 1185/1342/788 1204/1343/1011 1219/1344/1012
f 1195/1345/386 1194/1346/386 1208/1347/1013 1224/1348/1014
f 1196/1349/386 1195/1345/386 1224/1348/1014 1211/1350/1015
f 1187/1351/790 1188/1352/791 1212/1353/1016 1223/1354/1017
f 1198/1355/386 1197/1356/386 1216/1357/1018 1227/1358/1019
f 1183/1337/877 1184/1341/779 1219/1344/1012 1199/1338/1009
f 1194/1346/386 1193/1339/386 1203/1340/1010 1208/1347/1013
f 1191/1334/386 1090/1260/386 1120/1259/953 1200/1335/1007
f 1186/1359/789 1187/1351/790 1223/1354/1017 1207/1360/1020
f 1185/1342/788 1186/1359/789 1207/1360/1020 1204/1343/1011
f 1197/1356/386 1196/1349/386 1211/1350/1015 1216/1357/1018
f 1189/1361/889 1190/1362/892 1228/1363/1021 1215/1364/1022
f 1188/1352/791 1189/1361/889 1215/1364/1022 1212/1353/1016
f 1208/1347/1013 1203/1340/1010 1205/1365/1023 1210/1366/1024
f 1210/1366/1024 1205/1365/1023 1206/1367/1025 1209/1368/1026
f 1209/1368/1026 1206/1367/1025 1204/1343/1011 1207/1360/1020
f 1216/1357/1018 1211/1350/1015 1213/1369/1027 1218/1370/1028
f 1218/1370/1028 1213/1369/1027 1214/1371/1029 1217/1372/1030
f 1217/1372/1030 1214/1371/1029 1212/1353/1016 1215/1364/1022
f 1200/1335/1007 1120/1259/953 1122/1276/966 1202/1373/1031
f 1202/1373/1031 1122/1276/966 1121/1278/968 1201/1374/1032
f 1201/1374/1032 1121/1278/968 1119/1236/941 1199/1338/1009
f 1220/1336/1008 1200/1335/1007 1202/1373/1031 1222/1375/1033
f 1222/1375/1033 1202/1373/1031 1201/1374/1032 1221/1376/1034
f 1221/1376/1034 1201/1374/1032 1199/1338/1009 1219/1344/1012
f 1203/1340/1010 1220/1336/1008 1222/1375/1033 1205/1365/1023
f 1205/1365/1023 1222/1375/1033 1221/1376/1034 1206/1367/1025
f 1206/1367/1025 1221/1376/1034 1219/1344/1012 1204/1343/1011
f 1224/1348/1014 1208/1347/1013 1210/1366/1024 1226/1377/1035
f 1226/1377/1035 1210/1366/1024 1209/1368/1026 1225/1378/1036
f 1225/1378/1036 1209/1368/1026 1207/1360/1020 1223/1354/1017
f 1211/1350/1015 1224/1348/1014 1226/1377/1035 1213/1369/1027
f 1213/1369/1027 1226/1377/1035 1225/1378/1036 1214/1371/1029
f 1214/1371/1029 1225/1378/1036 1223/1354/1017 1212/1353/1016
f 1227/1358/1019 1216/1357/1018 1218/1370/1028 1229/1379/1037
f 1229/1379/1037 1218/1370/1028 1217/1372/1030 1230/1380/1038
f 1230/1380/1038 1217/1372/1030 1215/1364/1022 1228/1363/1021
f 1239/1381/386 1266/1382/1039 1246/1383/1040 1238/1384/386
f 1135/1289/841 1171/1292/978 1245/1385/1041 1231/1386/911
f 1240/1387/386 1249/1388/1042 1266/1382/1039 1239/1381/386
f 1232/1389/781 1265/1390/1043 1250/1391/1044 1233/1392/793
f 1242/1393/386 1270/1394/1045 1254/1395/1046 1241/1396/386
f 1243/1397/386 1257/1398/1047 1270/1394/1045 1242/1393/386
f 1235/1399/795 1269/1400/1048 1258/1401/1049 1236/1402/796
f 1198/1355/386 1227/1358/1019 1262/1403/1050 1244/1404/386
f 1231/1386/911 1245/1385/1041 1265/1390/1043 1232/1389/781
f 1241/1396/386 1254/1395/1046 1249/1388/1042 1240/1387/386
f 1238/1384/386 1246/1383/1040 1172/1312/988 1143/1311/386
f 1234/1405/794 1253/1406/1051 1269/1400/1048 1235/1399/795
f 1233/1392/793 1250/1391/1044 1253/1406/1051 1234/1405/794
f 1244/1404/386 1262/1403/1050 1257/1398/1047 1243/1397/386
f 1237/1407/923 1261/1408/1052 1228/1363/1021 1190/1362/892
f 1236/1402/796 1258/1401/1049 1261/1408/1052 1237/1407/923
f 1254/1395/1046 1256/1409/1053 1251/1410/1054 1249/1388/1042
f 1256/1409/1053 1255/1411/1055 1252/1412/1056 1251/1410/1054
f 1255/1411/1055 1253/1406/1051 1250/1391/1044 1252/1412/1056
f 1262/1403/1050 1264/1413/1057 1259/1414/1058 1257/1398/1047
f 1264/1413/1057 1263/1415/1059 1260/1416/1060 1259/1414/1058
f 1263/1415/1059 1261/1408/1052 1258/1401/1049 1260/1416/1060
f 1246/1383/1040 1248/1417/1061 1174/1325/999 1172/1312/988
f 1248/1417/1061 1247/1418/1062 1173/1327/1001 1174/1325/999
f 1247/1418/1062 1245/1385/1041 1171/1292/978 1173/1327/1001
f 1266/1382/1039 1268/1419/1063 1248/1417/1061 1246/1383/1040
f 1268/1419/1063 1267/1420/1064 1247/1418/1062 1248/1417/1061
f 1267/1420/1064 1265/1390/1043 1245/1385/1041 1247/1418/1062
f 1249/1388/1042 1251/1410/1054 1268/1419/1063 1266/1382/1039
f 1251/1410/1054 1252/1412/1056 1267/1420/1064 1268/1419/1063
f 1252/1412/1056 1250/1391/1044 1265/1390/1043 1267/1420/1064
f 1270/1394/1045 1272/1421/1065 1256/1409/1053 1254/1395/1046
f 1272/1421/1065 1271/1422/1066 1255/1411/1055 1256/1409/1053
f 1271/1422/1066 1269/1400/1048 1253/1406/1051 1255/1411/1055
f 1257/1398/1047 1259/1414/1058 1272/1421/1065 1270/1394/1045
f 1259/1414/1058 1260/1416/1060 1271/1422/1066 1272/1421/1065
f 1260/1416/1060 1258/1401/1049 1269/1400/1048 1271/1422/1066
f 1227/1358/1019 1229/1379/1037 1264/1413/1057 1262/1403/1050
f 1229/1379/1037 1230/1380/1038 1263/1415/1059 1264/1413/1057
f 1230/1380/1038 1228/1363/1021 1261/1408/1052 1263/1415/1059
f 1275/1423/782 1274/1424/802 1310/1425/1067 1314/1426/1068
f 1273/1427/801 1290/1428/877 1373/1429/1069 1305/1430/1070
f 1276/1431/771 1275/1423/782 1314/1426/1068 1318/1432/1071
f 1277/1433/772 1276/1431/771 1318/1432/1071 1322/1434/1072
f 1278/1435/773 1277/1433/772 1322/1434/1072 1326/1436/1073
f 1279/1437/774 1278/1435/773 1326/1436/1073 1330/1438/1074
f 1280/1439/817 1279/1437/774 1330/1438/1074 1334/1440/1075
f 1281/1441/818 1280/1439/817 1334/1440/1075 1338/1442/1076
f 1289/1443/856 1281/1441/818 1338/1442/1076 1369/1444/1077
f 1283/1445/844 1284/1446/777 1349/1447/1078 1345/1448/1079
f 1284/1446/777 1285/1449/783 1353/1450/1080 1349/1447/1078
f 1285/1449/783 1286/1451/784 1357/1452/1081 1353/1450/1080
f 1286/1451/784 1287/1453/785 1361/1454/1082 1357/1452/1081
f 1287/1453/785 1288/1455/786 1365/1456/1083 1361/1454/1082
f 1288/1455/786 1289/1443/856 1369/1444/1077 1365/1456/1083
f 1290/1428/877 1291/1457/779 1377/1458/1084 1373/1429/1069
f 1298/1459/911 1282/1460/841 1342/1461/1085 1406/1462/1086
f 1291/1457/779 1292/1463/788 1381/1464/1087 1377/1458/1084
f 1292/1463/788 1293/1465/789 1385/1466/1088 1381/1464/1087
f 1293/1465/789 1294/1467/790 1389/1468/1089 1385/1466/1088
f 1294/1467/790 1295/1469/791 1393/1470/1090 1389/1468/1089
f 1295/1469/791 1296/1471/889 1397/1472/1091 1393/1470/1090
f 1296/1471/889 1297/1473/892 1401/1474/1092 1397/1472/1091
f 1297/1473/892 1304/1475/923 1430/1476/1093 1401/1474/1092
f 1282/1460/841 1283/1445/844 1345/1448/1079 1342/1461/1085
f 1300/1477/793 1299/1478/781 1410/1479/1094 1414/1480/1095
f 1301/1481/794 1300/1477/793 1414/1480/1095 1418/1482/1096
f 1302/1483/795 1301/1481/794 1418/1482/1096 1422/1484/1097
f 1303/1485/796 1302/1483/795 1422/1484/1097 1426/1486/1098
f 1304/1475/923 1303/1485/796 1426/1486/1098 1430/1476/1093
f 1299/1478/781 1298/1459/911 1406/1462/1086 1410/1479/1094
f 1433/1487/1099 1434/1488/1100 1311/1489/1101 1308/1490/1102
f 1308/1490/1102 1311/1489/1101 1312/1491/1103 1307/1492/1104
f 1307/1492/1104 1312/1491/1103 1310/1425/1067 1305/1430/1070
f 1434/1488/1100 1435/1493/1105 1315/1494/1106 1311/1489/1101
f 1311/1489/1101 1315/1494/1106 1316/1495/1107 1312/1491/1103
f 1312/1491/1103 1316/1495/1107 1314/1426/1068 1310/1425/1067
f 1435/1493/1105 1436/1496/1108 1319/1497/1109 1315/1494/1106
f 1315/1494/1106 1319/1497/1109 1320/1498/1110 1316/1495/1107
f 1316/1495/1107 1320/1498/1110 1318/1432/1071 1314/1426/1068
f 1436/1496/1108 1437/1499/1111 1323/1500/1112 1319/1497/1109
f 1319/1497/1109 1323/1500/1112 1324/1501/1113 1320/1498/1110
f 1320/1498/1110 1324/1501/1113 1322/1434/1072 1318/1432/1071
f 1437/1499/1111 1438/1502/1114 1327/1503/1115 1323/1500/1112
f 1323/1500/1112 1327/1503/1115 1328/1504/1116 1324/1501/1113
f 1324/1501/1113 1328/1504/1116 1326/1436/1073 1322/1434/1072
f 1438/1502/1114 1439/1505/1117 1331/1506/1118 1327/1503/1115
f 1327/1503/1115 1331/1506/1118 1332/1507/1119 1328/1504/1116
f 1328/1504/1116 1332/1507/1119 1330/1438/1074 1326/1436/1073
f 1439/1505/1117 1440/1508/1120 1335/1509/1121 1331/1506/1118
f 1331/1506/1118 1335/1509/1121 1336/1510/1122 1332/1507/1119
f 1332/1507/1119 1336/1510/1122 1334/1440/1075 1330/1438/1074
f 1440/1508/1120 1441/1511/1123 1339/1512/1124 1335/1509/1121
f 1335/1509/1121 1339/1512/1124 1340/1513/1125 1336/1510/1122
f 1336/1510/1122 1340/1513/1125 1338/1442/1076 1334/1440/1075
f 1342/1461/1085 1345/1448/1079 1347/1514/1126 1344/1515/1127
f 1344/1515/1127 1347/1514/1126 1348/1516/1128 1343/1517/1129
f 1343/1517/1129 1348/1516/1128 1442/1518/1130 1443/1519/1131
f 1345/1448/1079 1349/1447/1078 1351/1520/1132 1347/1514/1126
f 1347/1514/1126 1351/1520/1132 1352/1521/1133 1348/1516/1128
f 1348/1516/1128 1352/1521/1133 1444/1522/1134 1442/1518/1130
f 1349/1447/1078 1353/1450/1080 1355/1523/1135 1351/1520/1132
f 1351/1520/1132 1355/1523/1135 1356/1524/1136 1352/1521/1133
f 1352/1521/1133 1356/1524/1136 1445/1525/1137 1444/1522/1134
f 1353/1450/1080 1357/1452/1081 1359/1526/1138 1355/1523/1135
f 1355/1523/1135 1359/1526/1138 1360/1527/1139 1356/1524/1136
f 1356/1524/1136 1360/1527/1139 1446/1528/1140 1445/1525/1137
f 1357/1452/1081 1361/1454/1082 1363/1529/1141 1359/1526/1138
f 1359/1526/1138 1363/1529/1141 1364/1530/1142 1360/1527/1139
f 1360/1527/1139 1364/1530/1142 1447/1531/1143 1446/1528/1140
f 1361/1454/1082 1365/1456/1083 1367/1532/1144 1363/1529/1141
f 1363/1529/1141 1367/1532/1144 1368/1533/1145 1364/1530/1142
f 1364/1530/1142 1368/1533/1145 1448/1534/1146 1447/1531/1143
f 1365/1456/1083 1369/1444/1077 1371/1535/1147 1367/1532/1144
f 1367/1532/1144 1371/1535/1147 1372/1536/1148 1368/1533/1145
f 1368/1533/1145 1372/1536/1148 1449/1537/1149 1448/1534/1146
f 1369/1444/1077 1338/1442/1076 1340/1513/1125 1371/1535/1147
f 1371/1535/1147 1340/1513/1125 1339/1512/1124 1372/1536/1148
f 1372/1536/1148 1339/1512/1124 1441/1511/1123 1449/1537/1149
f 1305/1430/1070 1373/1429/1069 1375/1538/1150 1307/1492/1104
f 1307/1492/1104 1375/1538/1150 1376/1539/1151 1308/1490/1102
f 1308/1490/1102 1376/1539/1151 1450/1540/1152 1433/1487/1099
f 1373/1429/1069 1377/1458/1084 1379/1541/1153 1375/1538/1150
f 1375/1538/1150 1379/1541/1153 1380/1542/1154 1376/1539/1151
f 1376/1539/1151 1380/1542/1154 1451/1543/1155 1450/1540/1152
f 1377/1458/1084 1381/1464/1087 1383/1544/1156 1379/1541/1153
f 1379/1541/1153 1383/1544/1156 1384/1545/1157 1380/1542/1154
f 1380/1542/1154 1384/1545/1157 1452/1546/1158 1451/1543/1155
f 1381/1464/1087 1385/1466/1088 1387/1547/1159 1383/1544/1156
f 1383/1544/1156 1387/1547/1159 1388/1548/1160 1384/1545/1157
f 1384/1545/1157 1388/1548/1160 1453/1549/1161 1452/1546/1158
f 1385/1466/1088 1389/1468/1089 1391/1550/1162 1387/1547/1159
f 1387/1547/1159 1391/1550/1162 1392/1551/1163 1388/1548/1160
f 1388/1548/1160 1392/1551/1163 1454/1552/1164 1453/1549/1161
f 1389/1468/1089 1393/1470/1090 1395/1553/1165 1391/1550/1162
f 1391/1550/1162 1395/1553/1165 1396/1554/1166 1392/1551/1163
f 1392/1551/1163 1396/1554/1166 1455/1555/1167 1454/1552/1164
f 1393/1470/1090 1397/1472/1091 1399/1556/1168 1395/1553/1165
f 1395/1553/1165 1399/1556/1168 1400/1557/1169 1396/1554/1166
f 1396/1554/1166 1400/1557/1169 1456/1558/1170 1455/1555/1167
f 1397/1472/1091 1401/1474/1092 1403/1559/1171 1399/1556/1168
f 1399/1556/1168 1403/1559/1171 1404/1560/1172 1400/1557/1169
f 1400/1557/1169 1404/1560/1172 1457/1561/1173 1456/1558/1170
f 1443/1519/1131 1458/1562/1174 1407/1563/1175 1343/1517/1129
f 1343/1517/1129 1407/1563/1175 1408/1564/1176 1344/1515/1127
f 1344/1515/1127 1408/1564/1176 1406/1462/1086 1342/1461/1085
f 1458/1562/1174 1459/1565/1177 1411/1566/1178 1407/1563/1175
f 1407/1563/1175 1411/1566/1178 1412/1567/1179 1408/1564/1176
f 1408/1564/1176 1412/1567/1179 1410/1479/1094 1406/1462/1086
f 1459/1565/1177 1460/1568/1180 1415/1569/1181 1411/1566/1178
f 1411/1566/1178 1415/1569/1181 1416/1570/1182 1412/1567/1179
f 1412/1567/1179 1416/1570/1182 1414/1480/1095 1410/1479/1094
f 1460/1568/1180 1461/1571/1183 1419/1572/1184 1415/1569/1181
f 1415/1569/1181 1419/1572/1184 1420/1573/1185 1416/1570/1182
f 1416/1570/1182 1420/1573/1185 1418/1482/1096 1414/1480/1095
f 1461/1571/1183 1462/1574/1186 1423/1575/1187 1419/1572/1184
f 1419/1572/1184 1423/1575/1187 1424/1576/1188 1420/1573/1185
f 1420/1573/1185 1424/1576/1188 1422/1484/1097 1418/1482/1096
f 1462/1574/1186 1463/1577/1189 1427/1578/1190 1423/1575/1187
f 1423/1575/1187 1427/1578/1190 1428/1579/1191 1424/1576/1188
f 1424/1576/1188 1428/1579/1191 1426/1486/1098 1422/1484/1097
f 1463/1577/1189 1464/1580/1192 1431/1581/1193 1427/1578/1190
f 1427/1578/1190 1431/1581/1193 1432/1582/1194 1428/1579/1191
f 1428/1579/1191 1432/1582/1194 1430/1476/1093 1426/1486/1098
f 1464/1580/1192 1457/1561/1173 1404/1560/1172 1431/1581/1193
f 1431/1581/1193 1404/1560/1172 1403/1559/1171 1432/1582/1194
f 1432/1582/1194 1403/1559/1171 1401/1474/1092 1430/1476/1093
f 1274/1424/802 1273/1427/801 1305/1430/1070 1310/1425/1067
f 1306/1583/386 1309/1584/386 1434/1488/1100 1433/1487/1099
f 1309/1584/386 1313/1585/386 1435/1493/1105 1434/1488/1100
f 1313/1585/386 1317/1586/386 1436/1496/1108 1435/1493/1105
f 1317/1586/386 1321/1587/386 1437/1499/1111 1436/1496/1108
f 1321/1587/386 1325/1588/386 1438/1502/1114 1437/1499/1111
f 1325/1588/386 1329/1589/386 1439/1505/1117 1438/1502/1114
f 1329/1589/386 1333/1590/386 1440/1508/1120 1439/1505/1117
f 1333/1590/386 1337/1591/386 1441/1511/1123 1440/1508/1120
f 1346/1592/386 1341/1593/386 1443/1519/1131 1442/1518/1130
f 1350/1594/386 1346/1592/386 1442/1518/1130 1444/1522/1134
f 1354/1595/386 1350/1594/386 1444/1522/1134 1445/1525/1137
f 1358/1596/386 1354/1595/386 1445/1525/1137 1446/1528/1140
f 1362/1597/386 1358/1596/386 1446/1528/1140 1447/1531/1143
f 1366/1598/386 1362/1597/386 1447/1531/1143 1448/1534/1146
f 1370/1599/386 1366/1598/386 1448/1534/1146 1449/1537/1149
f 1337/1591/386 1370/1599/386 1449/1537/1149 1441/1511/1123
f 1374/1600/386 1306/1583/386 1433/1487/1099 1450/1540/1152
f 1378/1601/386 1374/1600/386 1450/1540/1152 1451/1543/1155
f 1382/1602/386 1378/1601/386 1451/1543/1155 1452/1546/1158
f 1386/1603/386 1382/1602/386 1452/1546/1158 1453/1549/1161
f 1390/1604/386 1386/1603/386 1453/1549/1161 1454/1552/1164
f 1394/1605/386 1390/1604/386 1454/1552/1164 1455/1555/1167
f 1398/1606/386 1394/1605/386 1455/1555/1167 1456/1558/1170
f 1402/1607/386 1398/1606/386 1456/1558/1170 1457/1561/1173
f 1341/1593/386 1405/1608/386 1458/1562/1174 1443/1519/1131
f 1405/1608/386 1409/1609/386 1459/1565/1177 1458/1562/1174
f 1409/1609/386 1413/1610/386 1460/1568/1180 1459/1565/1177
f 1413/1610/386 1417/1611/386 1461/1571/1183 1460/1568/1180
f 1417/1611/386 1421/1612/386 1462/1574/1186 1461/1571/1183
f 1421/1612/386 1425/1613/386 1463/1577/1189 1462/1574/1186
f 1425/1613/386 1429/1614/386 1464/1580/1192 1463/1577/1189
f 1429/1614/386 1402/1607/386 1457/1561/1173 1464/1580/1192
f 1467/1615/782 1506/1616/1195 1502/1617/1196 1466/1618/802
f 1465/1619/801 1497/1620/1197 1565/1621/1198 1482/1622/877
f 1468/1623/771 1510/1624/1199 1506/1616/1195 1467/1615/782
f 1469/1625/772 1514/1626/1200 1510/1624/1199 1468/1623/771
f 1470/1627/773 1518/1628/1201 1514/1626/1200 1469/1625/772
f 1471/1629/774 1522/1630/1202 1518/1628/1201 1470/1627/773
f 1472/1631/817 1526/1632/1203 1522/1630/1202 1471/1629/774
f 1473/1633/818 1530/1634/1204 1526/1632/1203 1472/1631/817
f 1481/1635/856 1561/1636/1205 1530/1634/1204 1473/1633/818
f 1475/1637/844 1537/1638/1206 1541/1639/1207 1476/1640/777
f 1476/1640/777 1541/1639/1207 1545/1641/1208 1477/1642/783
f 1477/1642/783 1545/1641/1208 1549/1643/1209 1478/1644/784
f 1478/1644/784 1549/1643/1209 1553/1645/1210 1479/1646/785
f 1479/1646/785 1553/1645/1210 1557/1647/1211 1480/1648/786
f 1480/1648/786 1557/1647/1211 1561/1636/1205 1481/1635/856
f 1482/1622/877 1565/1621/1198 1569/1649/1212 1483/1650/779
f 1490/1651/911 1598/1652/1213 1534/1653/1214 1474/1654/841
f 1483/1650/779 1569/1649/1212 1573/1655/1215 1484/1656/788
f 1484/1656/788 1573/1655/1215 1577/1657/1216 1485/1658/789
f 1485/1658/789 1577/1657/1216 1581/1659/1217 1486/1660/790
f 1486/1660/790 1581/1659/1217 1585/1661/1218 1487/1662/791
f 1487/1662/791 1585/1661/1218 1589/1663/1219 1488/1664/889
f 1488/1664/889 1589/1663/1219 1593/1665/1220 1489/1666/892
f 1489/1666/892 1593/1665/1220 1622/1667/1221 1496/1668/923
f 1474/1654/841 1534/1653/1214 1537/1638/1206 1475/1637/844
f 1492/1669/793 1606/1670/1222 1602/1671/1223 1491/1672/781
f 1493/1673/794 1610/1674/1224 1606/1670/1222 1492/1669/793
f 1494/1675/795 1614/1676/1225 1610/1674/1224 1493/1673/794
f 1495/1677/796 1618/1678/1226 1614/1676/1225 1494/1675/795
f 1496/1668/923 1622/1667/1221 1618/1678/1226 1495/1677/796
f 1491/1672/781 1602/1671/1223 1598/1652/1213 1490/1651/911
f 1625/1679/1227 1500/1680/1228 1503/1681/1229 1626/1682/1230
f 1500/1680/1228 1499/1683/1231 1504/1684/1232 1503/1681/1229
f 1499/1683/1231 1497/1620/1197 1502/1617/1196 1504/1684/1232
f 1626/1682/1230 1503/1681/1229 1507/1685/1233 1627/1686/1234
f 1503/1681/1229 1504/1684/1232 1508/1687/1235 1507/1685/1233
f 1504/1684/1232 1502/1617/1196 1506/1616/1195 1508/1687/1235
f 1627/1686/1234 1507/1685/1233 1511/1688/1236 1628/1689/1237
f 1507/1685/1233 1508/1687/1235 1512/1690/1238 1511/1688/1236
f 1508/1687/1235 1506/1616/1195 1510/1624/1199 1512/1690/1238
f 1628/1689/1237 1511/1688/1236 1515/1691/1239 1629/1692/1240
f 1511/1688/1236 1512/1690/1238 1516/1693/1241 1515/1691/1239
f 1512/1690/1238 1510/1624/1199 1514/1626/1200 1516/1693/1241
f 1629/1692/1240 1515/1691/1239 1519/1694/1242 1630/1695/1243
f 1515/1691/1239 1516/1693/1241 1520/1696/1244 1519/1694/1242
f 1516/1693/1241 1514/1626/1200 1518/1628/1201 1520/1696/1244
f 1630/1695/1243 1519/1694/1242 1523/1697/1245 1631/1698/1246
f 1519/1694/1242 1520/1696/1244 1524/1699/1247 1523/1697/1245
f 1520/1696/1244 1518/1628/1201 1522/1630/1202 1524/1699/1247
f 1631/1698/1246 1523/1697/1245 1527/1700/1248 1632/1701/1249
f 1523/1697/1245 1524/1699/1247 1528/1702/1250 1527/1700/1248
f 1524/1699/1247 1522/1630/1202 1526/1632/1203 1528/1702/1250
f 1632/1701/1249 1527/1700/1248 1531/1703/1251 1633/1704/1252
f 1527/1700/1248 1528/1702/1250 1532/1705/1253 1531/1703/1251
f 1528/1702/1250 1526/1632/1203 1530/1634/1204 1532/1705/1253
f 1534/1653/1214 1536/1706/1254 1539/1707/1255 1537/1638/1206
f 1536/1706/1254 1535/1708/1256 1540/1709/1257 1539/1707/1255
f 1535/1708/1256 1635/1710/1258 1634/1711/1259 1540/1709/1257
f 1537/1638/1206 1539/1707/1255 1543/1712/1260 1541/1639/1207
f 1539/1707/1255 1540/1709/1257 1544/1713/1261 1543/1712/1260
f 1540/1709/1257 1634/1711/1259 1636/1714/1262 1544/1713/1261
f 1541/1639/1207 1543/1712/1260 1547/1715/1263 1545/1641/1208
f 1543/1712/1260 1544/1713/1261 1548/1716/1264 1547/1715/1263
f 1544/1713/1261 1636/1714/1262 1637/1717/1265 1548/1716/1264
f 1545/1641/1208 1547/1715/1263 1551/1718/1266 1549/1643/1209
f 1547/1715/1263 1548/1716/1264 1552/1719/1267 1551/1718/1266
f 1548/1716/1264 1637/1717/1265 1638/1720/1268 1552/1719/1267
f 1549/1643/1209 1551/1718/1266 1555/1721/1269 1553/1645/1210
f 1551/1718/1266 1552/1719/1267 1556/1722/1270 1555/1721/1269
f 1552/1719/1267 1638/1720/1268 1639/1723/1271 1556/1722/1270
f 1553/1645/1210 1555/1721/1269 1559/1724/1272 1557/1647/1211
f 1555/1721/1269 1556/1722/1270 1560/1725/1273 1559/1724/1272
f 1556/1722/1270 1639/1723/1271 1640/1726/1274 1560/1725/1273
f 1557/1647/1211 1559/1724/1272 1563/1727/1275 1561/1636/1205
f 1559/1724/1272 1560/1725/1273 1564/1728/1276 1563/1727/1275
f 1560/1725/1273 1640/1726/1274 1641/1729/1277 1564/1728/1276
f 1561/1636/1205 1563/1727/1275 1532/1705/1253 1530/1634/1204
f 1563/1727/1275 1564/1728/1276 1531/1703/1251 1532/1705/1253
f 1564/1728/1276 1641/1729/1277 1633/1704/1252 1531/1703/1251
f 1497/1620/1197 1499/1683/1231 1567/1730/1278 1565/1621/1198
f 1499/1683/1231 1500/1680/1228 1568/1731/1279 1567/1730/1278
f 1500/1680/1228 1625/1679/1227 1642/1732/1280 1568/1731/1279
f 1565/1621/1198 1567/1730/1278 1571/1733/1281 1569/1649/1212
f 1567/1730/1278 1568/1731/1279 1572/1734/1282 1571/1733/1281
f 1568/1731/1279 1642/1732/1280 1643/1735/1283 1572/1734/1282
f 1569/1649/1212 1571/1733/1281 1575/1736/1284 1573/1655/1215
f 1571/1733/1281 1572/1734/1282 1576/1737/1285 1575/1736/1284
f 1572/1734/1282 1643/1735/1283 1644/1738/1286 1576/1737/1285
f 1573/1655/1215 1575/1736/1284 1579/1739/1287 1577/1657/1216
f 1575/1736/1284 1576/1737/1285 1580/1740/1288 1579/1739/1287
f 1576/1737/1285 1644/1738/1286 1645/1741/1289 1580/1740/1288
f 1577/1657/1216 1579/1739/1287 1583/1742/1290 1581/1659/1217
f 1579/1739/1287 1580/1740/1288 1584/1743/1291 1583/1742/1290
f 1580/1740/1288 1645/1741/1289 1646/1744/1292 1584/1743/1291
f 1581/1659/1217 1583/1742/1290 1587/1745/1293 1585/1661/1218
f 1583/1742/1290 1584/1743/1291 1588/1746/1294 1587/1745/1293
f 1584/1743/1291 1646/1744/1292 1647/1747/1295 1588/1746/1294
f 1585/1661/1218 1587/1745/1293 1591/1748/1296 1589/1663/1219
f 1587/1745/1293 1588/1746/1294 1592/1749/1297 1591/1748/1296
f 1588/1746/1294 1647/1747/1295 1648/1750/1298 1592/1749/1297
f 1589/1663/1219 1591/1748/1296 1595/1751/1299 1593/1665/1220
f 1591/1748/1296 1592/1749/1297 1596/1752/1300 1595/1751/1299
f 1592/1749/1297 1648/1750/1298 1649/1753/1301 1596/1752/1300
f 1635/1710/1258 1535/1708/1256 1599/1754/1302 1650/1755/1303
f 1535/1708/1256 1536/1706/1254 1600/1756/1304 1599/1754/1302
f 1536/1706/1254 1534/1653/1214 1598/1652/1213 1600/1756/1304
f 1650/1755/1303 1599/1754/1302 1603/1757/1305 1651/1758/1306
f 1599/1754/1302 1600/1756/1304 1604/1759/1307 1603/1757/1305
f 1600/1756/1304 1598/1652/1213 1602/1671/1223 1604/1759/1307
f 1651/1758/1306 1603/1757/1305 1607/1760/1308 1652/1761/1309
f 1603/1757/1305 1604/1759/1307 1608/1762/1310 1607/1760/1308
f 1604/1759/1307 1602/1671/1223 1606/1670/1222 1608/1762/1310
f 1652/1761/1309 1607/1760/1308 1611/1763/1311 1653/1764/1312
f 1607/1760/1308 1608/1762/1310 1612/1765/1313 1611/1763/1311
f 1608/1762/1310 1606/1670/1222 1610/1674/1224 1612/1765/1313
f 1653/1764/1312 1611/1763/1311 1615/1766/1314 1654/1767/1315
f 1611/1763/1311 1612/1765/1313 1616/1768/1316 1615/1766/1314
f 1612/1765/1313 1610/1674/1224 1614/1676/1225 1616/1768/1316
f 1654/1767/1315 1615/1766/1314 1619/1769/1317 1655/1770/1318
f 1615/1766/1314 1616/1768/1316 1620/1771/1319 1619/1769/1317
f 1616/1768/1316 1614/1676/1225 1618/1678/1226 1620/1771/1319
f 1655/1770/1318 1619/1769/1317 1623/1772/1320 1656/1773/1321
f 1619/1769/1317 1620/1771/1319 1624/1774/1322 1623/1772/1320
f 1620/1771/1319 1618/1678/1226 1622/1667/1221 1624/1774/1322
f 1656/1773/1321 1623/1772/1320 1596/1752/1300 1649/1753/1301
f 1623/1772/1320 1624/1774/1322 1595/1751/1299 1596/1752/1300
f 1624/1774/1322 1622/1667/1221 1593/1665/1220 1595/1751/1299
f 1466/1618/802 1502/1617/1196 1497/1620/1197 1465/1619/801
f 1498/1775/1 1625/1679/1227 1626/1682/1230 1501/1776/1
f 1501/1776/1 1626/1682/1230 1627/1686/1234 1505/1777/1
f 1505/1777/1 1627/1686/1234 1628/1689/1237 1509/1778/1
f 1509/1778/1 1628/1689/1237 1629/1692/1240 1513/1779/1
f 1513/1779/1 1629/1692/1240 1630/1695/1243 1517/1780/1
f 1517/1780/1 1630/1695/1243 1631/1698/1246 1521/1781/1
f 1521/1781/1 1631/1698/1246 1632/1701/1249 1525/1782/1
f 1525/1782/1 1632/1701/1249 1633/1704/1252 1529/1783/1
f 1538/1784/1 1634/1711/1259 1635/1710/1258 1533/1785/1
f 1542/1786/1 1636/1714/1262 1634/1711/1259 1538/1784/1
f 1546/1787/1 1637/1717/1265 1636/1714/1262 1542/1786/1
f 1550/1788/1 1638/1720/1268 1637/1717/1265 1546/1787/1
f 1554/1789/1 1639/1723/1271 1638/1720/1268 1550/1788/1
f 1558/1790/1 1640/1726/1274 1639/1723/1271 1554/1789/1
f 1562/1791/1 1641/1729/1277 1640/1726/1274 1558/1790/1
f 1529/1783/1 1633/1704/1252 1641/1729/1277 1562/1791/1
f 1566/1792/1 1642/1732/1280 1625/1679/1227 1498/1775/1
f 1570/1793/1 1643/1735/1283 1642/1732/1280 1566/1792/1
f 1574/1794/1 1644/1738/1286 1643/1735/1283 1570/1793/1
f 1578/1795/1 1645/1741/1289 1644/1738/1286 1574/1794/1
f 1582/1796/1 1646/1744/1292 1645/1741/1289 1578/1795/1
f 1586/1797/1 1647/1747/1295 1646/1744/1292 1582/1796/1
f 1590/1798/1 1648/1750/1298 1647/1747/1295 1586/1797/1
f 1594/1799/1 1649/1753/1301 1648/1750/1298 1590/1798/1
f 1533/1785/1 1635/1710/1258 1650/1755/1303 1597/1800/1
f 1597/1800/1 1650/1755/1303 1651/1758/1306 1601/1801/1
f 1601/1801/1 1651/1758/1306 1652/1761/1309 1605/1802/1
f 1605/1802/1 1652/1761/1309 1653/1764/1312 1609/1803/1
f 1609/1803/1 1653/1764/1312 1654/1767/1315 1613/1804/1
f 1613/1804/1 1654/1767/1315 1655/1770/1318 1617/1805/1
f 1617/1805/1 1655/1770/1318 1656/1773/1321 1621/1806/1
f 1621/1806/1 1656/1773/1321 1649/1753/1301 1594/1799/1
f 1659/1807/1323 1689/1808/1324 1695/1809/1325 1661/1810/1326
f 1678/1811/1327 1676/1812/1328 1682/1813/1329 1680/1814/1330
f 1657/1815/1331 1692/1816/1332 1689/1808/1324 1659/1807/1323
f 1687/1817/1333 1734/1818/1334 1692/1816/1332 1657/1815/1331
f 1663/1819/1335 1698/1820/1336 1701/1821/1337 1665/1822/1338
f 1665/1822/1338 1701/1821/1337 1704/1823/1339 1667/1824/1340
f 1667/1824/1340 1704/1823/1339 1707/1825/1341 1669/1826/1342
f 1669/1826/1342 1707/1825/1341 1710/1827/1343 1671/1828/1344
f 1671/1828/1344 1710/1827/1343 1713/1829/1345 1673/1830/1346
f 1673/1830/1346 1713/1829/1345 1716/1831/1347 1675/1832/1348
f 1675/1832/1348 1716/1831/1347 1719/1833/1349 1677/1834/1350
f 1677/1834/1350 1719/1833/1349 1722/1835/1351 1679/1836/1352
f 1679/1836/1352 1722/1835/1351 1725/1837/1353 1681/1838/1354
f 1681/1839/1354 1725/1840/1353 1728/1841/1355 1683/1842/1356
f 1683/1842/1356 1728/1841/1355 1731/1843/1357 1685/1844/1358
f 1685/1844/1358 1731/1843/1357 1734/1818/1334 1687/1817/1333
f 1658/1845/1359 1660/1846/1360 1690/1847/1361 1694/1848/1362
f 1661/1810/1326 1695/1809/1325 1698/1820/1336 1663/1819/1335
f 1689/1808/1324 1692/1816/1332 1693/1849/1363 1691/1850/1364
f 1691/1851/1364 1693/1852/1363 1694/1848/1362 1690/1847/1361
f 1660/1846/1360 1662/1853/1365 1696/1854/1366 1690/1847/1361
f 1695/1809/1325 1689/1808/1324 1691/1850/1364 1697/1855/1367
f 1697/1856/1367 1691/1851/1364 1690/1847/1361 1696/1854/1366
f 1662/1853/1365 1664/1857/1368 1699/1858/1369 1696/1854/1366
f 1698/1820/1336 1695/1809/1325 1697/1855/1367 1700/1859/1370
f 1700/1860/1370 1697/1856/1367 1696/1854/1366 1699/1858/1369
f 1664/1857/1368 1666/1861/1371 1702/1862/1372 1699/1858/1369
f 1701/1821/1337 1698/1820/1336 1700/1859/1370 1703/1863/1373
f 1703/1864/1373 1700/1860/1370 1699/1858/1369 1702/1862/1372
f 1666/1861/1371 1668/1865/1374 1705/1866/1375 1702/1862/1372
f 1704/1823/1339 1701/1821/1337 1703/1863/1373 1706/1867/1376
f 1706/1868/1376 1703/1864/1373 1702/1862/1372 1705/1866/1375
f 1668/1865/1374 1670/1869/1377 1708/1870/1378 1705/1866/1375
f 1707/1825/1341 1704/1823/1339 1706/1867/1376 1709/1871/1379
f 1709/1872/1379 1706/1868/1376 1705/1866/1375 1708/1870/1378
f 1670/1869/1377 1672/1873/1380 1711/1874/1381 1708/1870/1378
f 1710/1827/1343 1707/1825/1341 1709/1871/1379 1712/1875/1382
f 1712/1876/1382 1709/1872/1379 1708/1870/1378 1711/1874/1381
f 1672/1873/1380 1674/1877/1383 1714/1878/1384 1711/1874/1381
f 1713/1829/1345 1710/1827/1343 1712/1875/1382 1715/1879/1385
f 1715/1880/1385 1712/1876/1382 1711/1874/1381 1714/1878/1384
f 1674/1877/1383 1676/1812/1328 1717/1881/1386 1714/1878/1384
f 1716/1831/1347 1713/1829/1345 1715/1879/1385 1718/1882/1387
f 1718/1883/1387 1715/1880/1385 1714/1878/1384 1717/1881/1386
f 1676/1812/1328 1678/1811/1327 1720/1884/1388 1717/1881/1386
f 1719/1833/1349 1716/1831/1347 1718/1882/1387 1721/1885/1389
f 1721/1886/1389 1718/1883/1387 1717/1881/1386 1720/1884/1388
f 1678/1811/1327 1680/1814/1330 1723/1887/1390 1720/1884/1388
f 1722/1835/1351 1719/1833/1349 1721/1885/1389 1724/1888/1391
f 1724/1889/1391 1721/1886/1389 1720/1884/1388 1723/1887/1390
f 1680/1814/1330 1682/1813/1329 1726/1890/1392 1723/1887/1390
f 1725/1837/1353 1722/1835/1351 1724/1888/1391 1727/1891/1393
f 1727/1892/1393 1724/1889/1391 1723/1887/1390 1726/1890/1392
f 1682/1813/1329 1684/1893/1394 1729/1894/1395 1726/1890/1392
f 1728/1841/1355 1725/1840/1353 1727/1895/1393 1730/1896/1396
f 1730/1897/1396 1727/1892/1393 1726/1890/1392 1729/1894/1395
f 1684/1893/1394 1686/1898/1397 1732/1899/1398 1729/1894/1395
f 1731/1843/1357 1728/1841/1355 1730/1896/1396 1733/1900/1399
f 1733/1901/1399 1730/1897/1396 1729/1894/1395 1732/1899/1398
f 1686/1898/1397 1688/1902/1400 1735/1903/1401 1732/1899/1398
f 1734/1818/1334 1731/1843/1357 1733/1900/1399 1736/1904/1402
f 1736/1905/1402 1733/1901/1399 1732/1899/1398 1735/1903/1401
f 1688/1902/1400 1658/1845/1359 1694/1848/1362 1735/1903/1401
f 1692/1816/1332 1734/1818/1334 1736/1904/1402 1693/1849/1363
f 1693/1852/1363 1736/1905/1402 1735/1903/1401 1694/1848/1362
f 1684/1893/1394 1682/1813/1329 1676/1812/1328 1674/1877/1383
f 1686/1898/1397 1684/1893/1394 1674/1877/1383 1672/1873/1380
f 1688/1902/1400 1686/1898/1397 1672/1873/1380 1670/1869/1377
f 1658/1845/1359 1688/1902/1400 1670/1869/1377 1668/1865/1374
f 1660/1846/1360 1658/1845/1359 1668/1865/1374 1666/1861/1371
f 1662/1853/1365 1660/1846/1360 1666/1861/1371 1664/1857/1368
f 1739/1906/1323 1741/1907/1326 1775/1908/1403 1769/1909/1404
f 1758/1910/1405 1760/1911/1406 1762/1912/1407 1756/1913/1408
f 1737/1914/1331 1739/1915/1323 1769/1916/1404 1772/1917/1409
f 1767/1918/1333 1737/1914/1331 1772/1917/1409 1814/1919/1410
f 1743/1920/1335 1745/1921/1338 1781/1922/1411 1778/1923/1412
f 1745/1921/1338 1747/1924/1340 1784/1925/1413 1781/1922/1411
f 1747/1924/1340 1749/1926/1342 1787/1927/1414 1784/1925/1413
f 1749/1926/1342 1751/1928/1344 1790/1929/1415 1787/1927/1414
f 1751/1928/1344 1753/1930/1346 1793/1931/1416 1790/1929/1415
f 1753/1930/1346 1755/1932/1348 1796/1933/1417 1793/1931/1416
f 1755/1932/1348 1757/1934/1350 1799/1935/1418 1796/1933/1417
f 1757/1934/1350 1759/1936/1352 1802/1937/1419 1799/1935/1418
f 1759/1936/1352 1761/1938/1354 1805/1939/1420 1802/1937/1419
f 1761/1938/1354 1763/1940/1356 1808/1941/1421 1805/1939/1420
f 1763/1940/1356 1765/1942/1358 1811/1943/1422 1808/1941/1421
f 1765/1942/1358 1767/1918/1333 1814/1919/1410 1811/1943/1422
f 1738/1944/1423 1774/1945/1424 1770/1946/1425 1740/1947/1426
f 1741/1907/1326 1743/1920/1335 1778/1923/1412 1775/1908/1403
f 1769/1916/1404 1771/1948/1427 1773/1949/1428 1772/1917/1409
f 1771/1950/1427 1770/1946/1425 1774/1945/1424 1773/1951/1428
f 1740/1947/1426 1770/1946/1425 1776/1952/1429 1742/1953/1430
f 1775/1908/1403 1777/1954/1431 1771/1955/1427 1769/1909/1404
f 1777/1956/1431 1776/1952/1429 1770/1946/1425 1771/1950/1427
f 1742/1953/1430 1776/1952/1429 1779/1957/1432 1744/1958/1433
f 1778/1923/1412 1780/1959/1434 1777/1954/1431 1775/1908/1403
f 1780/1960/1434 1779/1957/1432 1776/1952/1429 1777/1956/1431
f 1744/1958/1433 1779/1957/1432 1782/1961/1435 1746/1962/1436
f 1781/1922/1411 1783/1963/1437 1780/1959/1434 1778/1923/1412
f 1783/1964/1437 1782/1961/1435 1779/1957/1432 1780/1960/1434
f 1746/1962/1436 1782/1961/1435 1785/1965/1438 1748/1966/1439
f 1784/1925/1413 1786/1967/1440 1783/1963/1437 1781/1922/1411
f 1786/1968/1440 1785/1965/1438 1782/1961/1435 1783/1964/1437
f 1748/1966/1439 1785/1965/1438 1788/1969/1441 1750/1970/1442
f 1787/1927/1414 1789/1971/1443 1786/1967/1440 1784/1925/1413
f 1789/1972/1443 1788/1969/1441 1785/1965/1438 1786/1968/1440
f 1750/1970/1442 1788/1969/1441 1791/1973/1444 1752/1974/1445
f 1790/1929/1415 1792/1975/1446 1789/1971/1443 1787/1927/1414
f 1792/1976/1446 1791/1973/1444 1788/1969/1441 1789/1972/1443
f 1752/1974/1445 1791/1973/1444 1794/1977/1447 1754/1978/1448
f 1793/1931/1416 1795/1979/1449 1792/1975/1446 1790/1929/1415
f 1795/1980/1449 1794/1977/1447 1791/1973/1444 1792/1976/1446
f 1754/1978/1448 1794/1977/1447 1797/1981/1450 1756/1913/1408
f 1796/1933/1417 1798/1982/1451 1795/1979/1449 1793/1931/1416
f 1798/1983/1451 1797/1981/1450 1794/1977/1447 1795/1980/1449
f 1756/1913/1408 1797/1981/1450 1800/1984/1452 1758/1910/1405
f 1799/1935/1418 1801/1985/1453 1798/1982/1451 1796/1933/1417
f 1801/1986/1453 1800/1984/1452 1797/1981/1450 1798/1983/1451
f 1758/1910/1405 1800/1984/1452 1803/1987/1454 1760/1911/1406
f 1802/1937/1419 1804/1988/1455 1801/1985/1453 1799/1935/1418
f 1804/1989/1455 1803/1987/1454 1800/1984/1452 1801/1986/1453
f 1760/1911/1406 1803/1987/1454 1806/1990/1456 1762/1912/1407
f 1805/1939/1420 1807/1991/1457 1804/1988/1455 1802/1937/1419
f 1807/1992/1457 1806/1990/1456 1803/1987/1454 1804/1989/1455
f 1762/1912/1407 1806/1990/1456 1809/1993/1458 1764/1994/1459
f 1808/1941/1421 1810/1995/1460 1807/1991/1457 1805/1939/1420
f 1810/1996/1460 1809/1993/1458 1806/1990/1456 1807/1992/1457
f 1764/1994/1459 1809/1993/1458 1812/1997/1461 1766/1998/1462
f 1811/1943/1422 1813/1999/1463 1810/1995/1460 1808/1941/1421
f 1813/2000/1463 1812/1997/1461 1809/1993/1458 1810/1996/1460
f 1766/1998/1462 1812/1997/1461 1815/2001/1464 1768/2002/1465
f 1814/1919/1410 1816/2003/1466 1813/1999/1463 1811/1943/1422
f 1816/2004/1466 1815/2001/1464 1812/1997/1461 1813/2000/1463
f 1768/2002/1465 1815/2001/1464 1774/1945/1424 1738/1944/1423
f 1772/1917/1409 1773/1949/1428 1816/2003/1466 1814/1919/1410
f 1773/1951/1428 1774/1945/1424 1815/2001/1464 1816/2004/1466
f 1764/1994/1459 1754/1978/1448 1756/1913/1408 1762/1912/1407
f 1766/1998/1462 1752/1974/1445 1754/1978/1448 1764/1994/1459
f 1768/2002/1465 1750/1970/1442 1752/1974/1445 1766/1998/1462
f 1738/1944/1423 1748/1966/1439 1750/1970/1442 1768/2002/1465
f 1740/1947/1426 1746/1962/1436 1748/1966/1439 1738/1944/1423
f 1742/1953/1430 1744/1958/1433 1746/1962/1436 1740/1947/1426
f 1882/2005/1467 1881/2006/1468 1839/2007/1469 1833/2008/1470
f 1827/2009/1471 1828/2010/1472 1829/2011/1473 1826/2012/1474
f 1883/2013/1475 1882/2005/1467 1833/2008/1470 1836/2014/1476
f 1884/2015/1477 1883/2013/1475 1836/2014/1476 1878/2016/1478
f 1886/2017/1479 1885/2018/1480 1845/2019/1481 1842/2020/1482
f 1885/2018/1480 1887/2021/1483 1848/2022/1484 1845/2019/1481
f 1887/2021/1483 1888/2023/1485 1851/2024/1486 1848/2022/1484
f 1888/2023/1485 1889/2025/1487 1854/2026/1488 1851/2024/1486
f 1889/2027/1487 1890/2028/1489 1857/2029/1490 1854/2030/1488
f 1890/2028/1489 1891/2031/1491 1860/2032/1492 1857/2029/1490
f 1891/2031/1491 1892/2033/1493 1863/2034/1494 1860/2032/1492
f 1892/2033/1493 1893/2035/1495 1866/2036/1496 1863/2034/1494
f 1893/2035/1495 1894/2037/1497 1869/2038/1498 1866/2036/1496
f 1894/2037/1497 1895/2039/1499 1872/2040/1500 1869/2038/1498
f 1895/2039/1499 1896/2041/1501 1875/2042/1502 1872/2040/1500
f 1896/2041/1501 1884/2015/1477 1878/2016/1478 1875/2042/1502
f 1817/2043/1503 1838/2044/1504 1834/2045/1505 1818/2046/1506
f 1881/2006/1468 1886/2017/1479 1842/2020/1482 1839/2007/1469
f 1833/2008/1470 1835/2047/1507 1837/2048/1508 1836/2014/1476
f 1835/2049/1507 1834/2045/1505 1838/2044/1504 1837/2050/1508
f 1818/2046/1506 1834/2045/1505 1840/2051/1509 1819/2052/1510
f 1839/2007/1469 1841/2053/1511 1835/2047/1507 1833/2008/1470
f 1841/2054/1511 1840/2051/1509 1834/2045/1505 1835/2049/1507
f 1819/2052/1510 1840/2051/1509 1843/2055/1512 1820/2056/1513
f 1842/2020/1482 1844/2057/1514 1841/2053/1511 1839/2007/1469
f 1844/2058/1514 1843/2055/1512 1840/2051/1509 1841/2054/1511
f 1820/2056/1513 1843/2055/1512 1846/2059/1515 1821/2060/1516
f 1845/2019/1481 1847/2061/1517 1844/2057/1514 1842/2020/1482
f 1847/2062/1517 1846/2059/1515 1843/2055/1512 1844/2058/1514
f 1821/2060/1516 1846/2059/1515 1849/2063/1518 1822/2064/1519
f 1848/2022/1484 1850/2065/1520 1847/2061/1517 1845/2019/1481
f 1850/2066/1520 1849/2063/1518 1846/2059/1515 1847/2062/1517
f 1822/2064/1519 1849/2063/1518 1852/2067/1521 1823/2068/1522
f 1851/2024/1486 1853/2069/1523 1850/2065/1520 1848/2022/1484
f 1853/2070/1523 1852/2067/1521 1849/2063/1518 1850/2066/1520
f 1823/2068/1522 1852/2067/1521 1855/2071/1524 1824/2072/1525
f 1854/2026/1488 1856/2073/1526 1853/2069/1523 1851/2024/1486
f 1856/2074/1526 1855/2071/1524 1852/2067/1521 1853/2070/1523
f 1824/2072/1525 1855/2071/1524 1858/2075/1527 1825/2076/1528
f 1857/2029/1490 1859/2077/1529 1856/2078/1526 1854/2030/1488
f 1859/2079/1529 1858/2075/1527 1855/2071/1524 1856/2074/1526
f 1825/2076/1528 1858/2075/1527 1861/2080/1530 1826/2012/1474
f 1860/2032/1492 1862/2081/1531 1859/2077/1529 1857/2029/1490
f 1862/2082/1531 1861/2080/1530 1858/2075/1527 1859/2079/1529
f 1826/2012/1474 1861/2080/1530 1864/2083/1532 1827/2009/1471
f 1863/2034/1494 1865/2084/1533 1862/2081/1531 1860/2032/1492
f 1865/2085/1533 1864/2083/1532 1861/2080/1530 1862/2082/1531
f 1827/2009/1471 1864/2083/1532 1867/2086/1534 1828/2010/1472
f 1866/2036/1496 1868/2087/1535 1865/2084/1533 1863/2034/1494
f 1868/2088/1535 1867/2086/1534 1864/2083/1532 1865/2085/1533
f 1828/2010/1472 1867/2086/1534 1870/2089/1536 1829/2011/1473
f 1869/2038/1498 1871/2090/1537 1868/2087/1535 1866/2036/1496
f 1871/2091/1537 1870/2089/1536 1867/2086/1534 1868/2088/1535
f 1829/2011/1473 1870/2089/1536 1873/2092/1538 1830/2093/1539
f 1872/2040/1500 1874/2094/1540 1871/2090/1537 1869/2038/1498
f 1874/2095/1540 1873/2092/1538 1870/2089/1536 1871/2091/1537
f 1830/2093/1539 1873/2092/1538 1876/2096/1541 1831/2097/1542
f 1875/2042/1502 1877/2098/1543 1874/2094/1540 1872/2040/1500
f 1877/2099/1543 1876/2096/1541 1873/2092/1538 1874/2095/1540
f 1831/2097/1542 1876/2096/1541 1879/2100/1544 1832/2101/1545
f 1878/2016/1478 1880/2102/1546 1877/2098/1543 1875/2042/1502
f 1880/2103/1546 1879/2100/1544 1876/2096/1541 1877/2099/1543
f 1832/2101/1545 1879/2100/1544 1838/2044/1504 1817/2043/1503
f 1836/2014/1476 1837/2048/1508 1880/2102/1546 1878/2016/1478
f 1837/2050/1508 1838/2044/1504 1879/2100/1544 1880/2103/1546
f 1830/2093/1539 1825/2076/1528 1826/2012/1474 1829/2011/1473
f 1831/2097/1542 1824/2072/1525 1825/2076/1528 1830/2093/1539
f 1832/2101/1545 1823/2068/1522 1824/2072/1525 1831/2097/1542
f 1817/2043/1503 1822/2064/1519 1823/2068/1522 1832/2101/1545
f 1818/2046/1506 1821/2060/1516 1822/2064/1519 1817/2043/1503
f 1819/2052/1510 1820/2056/1513 1821/2060/1516 1818/2046/1506
f 1885/2018/1480 1886/2017/1479 1902/2104/1547 1901/2105/1548
f 1893/2035/1495 1892/2033/1493 1908/2106/1549 1909/2107/1550
f 1883/2013/1475 1884/2015/1477 1900/2108/1551 1899/2109/1552
f 1892/2033/1493 1891/2031/1491 1907/2110/1553 1908/2106/1549
f 1882/2005/1467 1883/2013/1475 1899/2109/1552 1898/2111/1554
f 1891/2031/1491 1890/2028/1489 1906/2112/1555 1907/2110/1553
f 1886/2017/1479 1881/2006/1468 1897/2113/1556 1902/2104/1547
f 1881/2006/1468 1882/2005/1467 1898/2111/1554 1897/2113/1556
f 1890/2028/1489 1889/2027/1487 1905/2114/1557 1906/2112/1555
f 1884/2015/1477 1896/2041/1501 1912/2115/1558 1900/2108/1551
f 1889/2025/1487 1888/2023/1485 1904/2116/1559 1905/2117/1557
f 1896/2041/1501 1895/2039/1499 1911/2118/1560 1912/2115/1558
f 1888/2023/1485 1887/2021/1483 1903/2119/1561 1904/2116/1559
f 1895/2039/1499 1894/2037/1497 1910/2120/1562 1911/2118/1560
f 1887/2021/1483 1885/2018/1480 1901/2105/1548 1903/2119/1561
f 1894/2037/1497 1893/2035/1495 1909/2107/1550 1910/2120/1562
f 1978/2121/1563 1929/2122/1564 1935/2123/1565 1977/2124/1566
f 1923/2125/1567 1922/2126/1568 1925/2127/1569 1924/2128/1570
f 1979/2129/1571 1932/2130/1572 1929/2122/1564 1978/2121/1563
f 1980/2131/1573 1974/2132/1574 1932/2130/1572 1979/2129/1571
f 1982/2133/1575 1938/2134/1576 1941/2135/1577 1981/2136/1578
f 1981/2136/1578 1941/2135/1577 1944/2137/1579 1983/2138/1580
f 1983/2138/1580 1944/2137/1579 1947/2139/1581 1984/2140/1582
f 1984/2140/1582 1947/2139/1581 1950/2141/1583 1985/2142/1584
f 1985/2142/1584 1950/2141/1583 1953/2143/1585 1986/2144/1586
f 1986/2145/1586 1953/2146/1585 1956/2147/1587 1987/2148/1588
f 1987/2148/1588 1956/2147/1587 1959/2149/1589 1988/2150/1590
f 1988/2150/1590 1959/2149/1589 1962/2151/1591 1989/2152/1592
f 1989/2152/1592 1962/2151/1591 1965/2153/1593 1990/2154/1594
f 1990/2154/1594 1965/2153/1593 1968/2155/1595 1991/2156/1596
f 1991/2156/1596 1968/2155/1595 1971/2157/1597 1992/2158/1598
f 1992/2158/1598 1971/2157/1597 1974/2132/1574 1980/2131/1573
f 1913/2159/1599 1914/2160/1600 1930/2161/1601 1934/2162/1602
f 1977/2124/1566 1935/2123/1565 1938/2134/1576 1982/2133/1575
f 1929/2122/1564 1932/2130/1572 1933/2163/1603 1931/2164/1604
f 1931/2165/1604 1933/2166/1603 1934/2162/1602 1930/2161/1601
f 1914/2160/1600 1915/2167/1605 1936/2168/1606 1930/2161/1601
f 1935/2123/1565 1929/2122/1564 1931/2164/1604 1937/2169/1607
f 1937/2170/1607 1931/2165/1604 1930/2161/1601 1936/2168/1606
f 1915/2167/1605 1916/2171/1608 1939/2172/1609 1936/2168/1606
f 1938/2134/1576 1935/2123/1565 1937/2169/1607 1940/2173/1610
f 1940/2174/1610 1937/2170/1607 1936/2168/1606 1939/2172/1609
f 1916/2171/1608 1917/2175/1611 1942/2176/1612 1939/2172/1609
f 1941/2135/1577 1938/2134/1576 1940/2173/1610 1943/2177/1613
f 1943/2178/1613 1940/2174/1610 1939/2172/1609 1942/2176/1612
f 1917/2175/1611 1918/2179/1614 1945/2180/1615 1942/2176/1612
f 1944/2137/1579 1941/2135/1577 1943/2177/1613 1946/2181/1616
f 1946/2182/1616 1943/2178/1613 1942/2176/1612 1945/2180/1615
f 1918/2179/1614 1919/2183/1617 1948/2184/1618 1945/2180/1615
f 1947/2139/1581 1944/2137/1579 1946/2181/1616 1949/2185/1619
f 1949/2186/1619 1946/2182/1616 1945/2180/1615 1948/2184/1618
f 1919/2183/1617 1920/2187/1620 1951/2188/1621 1948/2184/1618
f 1950/2141/1583 1947/2139/1581 1949/2185/1619 1952/2189/1622
f 1952/2190/1622 1949/2186/1619 1948/2184/1618 1951/2188/1621
f 1920/2187/1620 1921/2191/1623 1954/2192/1624 1951/2188/1621
f 1953/2143/1585 1950/2141/1583 1952/2189/1622 1955/2193/1625
f 1955/2194/1625 1952/2190/1622 1951/2188/1621 1954/2192/1624
f 1921/2191/1623 1922/2126/1568 1957/2195/1626 1954/2192/1624
f 1956/2147/1587 1953/2146/1585 1955/2196/1625 1958/2197/1627
f 1958/2198/1627 1955/2194/1625 1954/2192/1624 1957/2195/1626
f 1922/2126/1568 1923/2125/1567 1960/2199/1628 1957/2195/1626
f 1959/2149/1589 1956/2147/1587 1958/2197/1627 1961/2200/1629
f 1961/2201/1629 1958/2198/1627 1957/2195/1626 1960/2199/1628
f 1923/2125/1567 1924/2128/1570 1963/2202/1630 1960/2199/1628
f 1962/2151/1591 1959/2149/1589 1961/2200/1629 1964/2203/1631
f 1964/2204/1631 1961/2201/1629 1960/2199/1628 1963/2202/1630
f 1924/2128/1570 1925/2127/1569 1966/2205/1632 1963/2202/1630
f 1965/2153/1593 1962/2151/1591 1964/2203/1631 1967/2206/1633
f 1967/2207/1633 1964/2204/1631 1963/2202/1630 1966/2205/1632
f 1925/2127/1569 1926/2208/1634 1969/2209/1635 1966/2205/1632
f 1968/2155/1595 1965/2153/1593 1967/2206/1633 1970/2210/1636
f 1970/2211/1636 1967/2207/1633 1966/2205/1632 1969/2209/1635
f 1926/2208/1634 1927/2212/1637 1972/2213/1638 1969/2209/1635
f 1971/2157/1597 1968/2155/1595 1970/2210/1636 1973/2214/1639
f 1973/2215/1639 1970/2211/1636 1969/2209/1635 1972/2213/1638
f 1927/2212/1637 1928/2216/1640 1975/2217/1641 1972/2213/1638
f 1974/2132/1574 1971/2157/1597 1973/2214/1639 1976/2218/1642
f 1976/2219/1642 1973/2215/1639 1972/2213/1638 1975/2217/1641
f 1928/2216/1640 1913/2159/1599 1934/2162/1602 1975/2217/1641
f 1932/2130/1572 1974/2132/1574 1976/2218/1642 1933/2163/1603
f 1933/2166/1603 1976/2219/1642 1975/2217/1641 1934/2162/1602
f 1926/2208/1634 1925/2127/1569 1922/2126/1568 1921/2191/1623
f 1927/2212/1637 1926/2208/1634 1921/2191/1623 1920/2187/1620
f 1928/2216/1640 1927/2212/1637 1920/2187/1620 1919/2183/1617
f 1913/2159/1599 1928/2216/1640 1919/2183/1617 1918/2179/1614
f 1914/2160/1600 1913/2159/1599 1918/2179/1614 1917/2175/1611
f 1915/2167/1605 1914/2160/1600 1917/2175/1611 1916/2171/1608
f 1981/2136/1578 1997/2220/1643 1998/2221/1644 1982/2133/1575
f 1989/2152/1592 2005/2222/1645 2004/2223/1646 1988/2150/1590
f 1979/2129/1571 1995/2224/1647 1996/2225/1648 1980/2131/1573
f 1988/2150/1590 2004/2223/1646 2003/2226/1649 1987/2148/1588
f 1978/2121/1563 1994/2227/1650 1995/2224/1647 1979/2129/1571
f 1987/2148/1588 2003/2226/1649 2002/2228/1651 1986/2145/1586
f 1982/2133/1575 1998/2221/1644 1993/2229/1652 1977/2124/1566
f 1977/2124/1566 1993/2229/1652 1994/2227/1650 1978/2121/1563
f 1986/2144/1586 2002/2230/1651 2001/2231/1653 1985/2142/1584
f 1980/2131/1573 1996/2225/1648 2008/2232/1654 1992/2158/1598
f 1985/2142/1584 2001/2231/1653 2000/2233/1655 1984/2140/1582
f 1992/2158/1598 2008/2232/1654 2007/2234/1656 1991/2156/1596
f 1984/2140/1582 2000/2233/1655 1999/2235/1657 1983/2138/1580
f 1991/2156/1596 2007/2234/1656 2006/2236/1658 1990/2154/1594
f 1983/2138/1580 1999/2235/1657 1997/2220/1643 1981/2136/1578
f 1990/2154/1594 2006/2236/1658 2005/2222/1645 1989/2152/1592
f 2074/2237/1659 2025/2238/1660 2031/2239/1661 2073/2240/1662
f 2019/2241/1663 2018/2242/1664 2021/2243/1665 2020/2244/1666
f 2075/2245/1667 2028/2246/1668 2025/2238/1660 2074/2237/1659
f 2076/2247/1669 2070/2248/1670 2028/2246/1668 2075/2245/1667
f 2078/2249/1671 2034/2250/1672 2037/2251/1673 2077/2252/1674
f 2077/2252/1674 2037/2251/1673 2040/2253/1675 2079/2254/1676
f 2079/2254/1676 2040/2253/1675 2043/2255/1677 2080/2256/1678
f 2080/2256/1678 2043/2255/1677 2046/2257/1679 2081/2258/1680
f 2081/2258/1680 2046/2257/1679 2049/2259/1681 2082/2260/1682
f 2082/2261/1682 2049/2262/1681 2052/2263/1683 2083/2264/1684
f 2083/2264/1684 2052/2263/1683 2055/2265/1685 2084/2266/1686
f 2084/2266/1686 2055/2265/1685 2058/2267/1687 2085/2268/1688
f 2085/2268/1688 2058/2267/1687 2061/2269/1689 2086/2270/1690
f 2086/2270/1690 2061/2269/1689 2064/2271/1691 2087/2272/1692
f 2087/2272/1692 2064/2271/1691 2067/2273/1693 2088/2274/1694
f 2088/2274/1694 2067/2273/1693 2070/2248/1670 2076/2247/1669
f 2009/2275/1695 2010/2276/1696 2026/2277/1697 2030/2278/1698
f 2073/2240/1662 2031/2239/1661 2034/2250/1672 2078/2249/1671
f 2025/2238/1660 2028/2246/1668 2029/2279/1699 2027/2280/1700
f 2027/2281/1700 2029/2282/1699 2030/2278/1698 2026/2277/1697
f 2010/2276/1696 2011/2283/1701 2032/2284/1702 2026/2277/1697
f 2031/2239/1661 2025/2238/1660 2027/2280/1700 2033/2285/1703
f 2033/2286/1703 2027/2281/1700 2026/2277/1697 2032/2284/1702
f 2011/2283/1701 2012/2287/1704 2035/2288/1705 2032/2284/1702
f 2034/2250/1672 2031/2239/1661 2033/2285/1703 2036/2289/1706
f 2036/2290/1706 2033/2286/1703 2032/2284/1702 2035/2288/1705
f 2012/2287/1704 2013/2291/1707 2038/2292/1708 2035/2288/1705
f 2037/2251/1673 2034/2250/1672 2036/2289/1706 2039/2293/1709
f 2039/2294/1709 2036/2290/1706 2035/2288/1705 2038/2292/1708
f 2013/2291/1707 2014/2295/1710 2041/2296/1711 2038/2292/1708
f 2040/2253/1675 2037/2251/1673 2039/2293/1709 2042/2297/1712
f 2042/2298/1712 2039/2294/1709 2038/2292/1708 2041/2296/1711
f 2014/2295/1710 2015/2299/1713 2044/2300/1714 2041/2296/1711
f 2043/2255/1677 2040/2253/1675 2042/2297/1712 2045/2301/1715
f 2045/2302/1715 2042/2298/1712 2041/2296/1711 2044/2300/1714
f 2015/2299/1713 2016/2303/1716 2047/2304/1717 2044/2300/1714
f 2046/2257/1679 2043/2255/1677 2045/2301/1715 2048/2305/1718
f 2048/2306/1718 2045/2302/1715 2044/2300/1714 2047/2304/1717
f 2016/2303/1716 2017/2307/1719 2050/2308/1720 2047/2304/1717
f 2049/2259/1681 2046/2257/1679 2048/2305/1718 2051/2309/1721
f 2051/2310/1721 2048/2306/1718 2047/2304/1717 2050/2308/1720
f 2017/2307/1719 2018/2242/1664 2053/2311/1722 2050/2308/1720
f 2052/2263/1683 2049/2262/1681 2051/2312/1721 2054/2313/1723
f 2054/2314/1723 2051/2310/1721 2050/2308/1720 2053/2311/1722
f 2018/2242/1664 2019/2241/1663 2056/2315/1724 2053/2311/1722
f 2055/2265/1685 2052/2263/1683 2054/2313/1723 2057/2316/1725
f 2057/2317/1725 2054/2314/1723 2053/2311/1722 2056/2315/1724
f 2019/2241/1663 2020/2244/1666 2059/2318/1726 2056/2315/1724
f 2058/2267/1687 2055/2265/1685 2057/2316/1725 2060/2319/1727
f 2060/2320/1727 2057/2317/1725 2056/2315/1724 2059/2318/1726
f 2020/2244/1666 2021/2243/1665 2062/2321/1728 2059/2318/1726
f 2061/2269/1689 2058/2267/1687 2060/2319/1727 2063/2322/1729
f 2063/2323/1729 2060/2320/1727 2059/2318/1726 2062/2321/1728
f 2021/2243/1665 2022/2324/1730 2065/2325/1731 2062/2321/1728
f 2064/2271/1691 2061/2269/1689 2063/2322/1729 2066/2326/1732
f 2066/2327/1732 2063/2323/1729 2062/2321/1728 2065/2325/1731
f 2022/2324/1730 2023/2328/1733 2068/2329/1734 2065/2325/1731
f 2067/2273/1693 2064/2271/1691 2066/2326/1732 2069/2330/1735
f 2069/2331/1735 2066/2327/1732 2065/2325/1731 2068/2329/1734
f 2023/2328/1733 2024/2332/1736 2071/2333/1737 2068/2329/1734
f 2070/2248/1670 2067/2273/1693 2069/2330/1735 2072/2334/1738
f 2072/2335/1738 2069/2331/1735 2068/2329/1734 2071/2333/1737
f 2024/2332/1736 2009/2275/1695 2030/2278/1698 2071/2333/1737
f 2028/2246/1668 2070/2248/1670 2072/2334/1738 2029/2279/1699
f 2029/2282/1699 2072/2335/1738 2071/2333/1737 2030/2278/1698
f 2022/2324/1730 2021/2243/1665 2018/2242/1664 2017/2307/1719
f 2023/2328/1733 2022/2324/1730 2017/2307/1719 2016/2303/1716
f 2024/2332/1736 2023/2328/1733 2016/2303/1716 2015/2299/1713
f 2009/2275/1695 2024/2332/1736 2015/2299/1713 2014/2295/1710
f 2010/2276/1696 2009/2275/1695 2014/2295/1710 2013/2291/1707
f 2011/2283/1701 2010/2276/1696 2013/2291/1707 2012/2287/1704
f 2077/2252/1674 2093/2336/1739 2094/2337/1740 2078/2249/1671
f 2085/2268/1688 2101/2338/1741 2100/2339/1742 2084/2266/1686
f 2075/2245/1667 2091/2340/1743 2092/2341/1744 2076/2247/1669
f 2084/2266/1686 2100/2339/1742 2099/2342/1745 2083/2264/1684
f 2074/2237/1659 2090/2343/1746 2091/2340/1743 2075/2245/1667
f 2083/2264/1684 2099/2342/1745 2098/2344/1747 2082/2261/1682
f 2078/2249/1671 2094/2337/1740 2089/2345/1748 2073/2240/1662
f 2073/2240/1662 2089/2345/1748 2090/2343/1746 2074/2237/1659
f 2082/2260/1682 2098/2346/1747 2097/2347/1749 2081/2258/1680
f 2076/2247/1669 2092/2341/1744 2104/2348/1750 2088/2274/1694
f 2081/2258/1680 2097/2347/1749 2096/2349/1751 2080/2256/1678
f 2088/2274/1694 2104/2348/1750 2103/2350/1752 2087/2272/1692
f 2080/2256/1678 2096/2349/1751 2095/2351/1753 2079/2254/1676
f 2087/2272/1692 2103/2350/1752 2102/2352/1754 2086/2270/1690
f 2079/2254/1676 2095/2351/1753 2093/2336/1739 2077/2252/1674
f 2086/2270/1690 2102/2352/1754 2101/2338/1741 2085/2268/1688
f 2170/2353/1755 2169/2354/1756 2127/2355/1757 2121/2356/1758
f 2115/2357/1759 2116/2358/1760 2117/2359/1761 2114/2360/1762
f 2171/2361/1763 2170/2353/1755 2121/2356/1758 2124/2362/1764
f 2172/2363/1765 2171/2361/1763 2124/2362/1764 2166/2364/1766
f 2174/2365/1767 2173/2366/1768 2133/2367/1769 2130/2368/1770
f 2173/2366/1768 2175/2369/1771 2136/2370/1772 2133/2367/1769
f 2175/2369/1771 2176/2371/1773 2139/2372/1774 2136/2370/1772
f 2176/2371/1773 2177/2373/1775 2142/2374/1776 2139/2372/1774
f 2177/2373/1775 2178/2375/1777 2145/2376/1778 2142/2374/1776
f 2178/2375/1777 2179/2377/1779 2148/2378/1780 2145/2376/1778
f 2179/2379/1779 2180/2380/1781 2151/2381/1782 2148/2382/1780
f 2180/2380/1781 2181/2383/1783 2154/2384/1784 2151/2381/1782
f 2181/2383/1783 2182/2385/1785 2157/2386/1786 2154/2384/1784
f 2182/2385/1785 2183/2387/1787 2160/2388/1788 2157/2386/1786
f 2183/2387/1787 2184/2389/1789 2163/2390/1790 2160/2388/1788
f 2184/2389/1789 2172/2363/1765 2166/2364/1766 2163/2390/1790
f 2105/2391/1791 2126/2392/1792 2122/2393/1793 2106/2394/1794
f 2169/2354/1756 2174/2365/1767 2130/2368/1770 2127/2355/1757
f 2121/2356/1758 2123/2395/1795 2125/2396/1796 2124/2362/1764
f 2123/2397/1795 2122/2393/1793 2126/2392/1792 2125/2398/1796
f 2106/2394/1794 2122/2393/1793 2128/2399/1797 2107/2400/1798
f 2127/2355/1757 2129/2401/1799 2123/2395/1795 2121/2356/1758
f 2129/2402/1799 2128/2399/1797 2122/2393/1793 2123/2397/1795
f 2107/2400/1798 2128/2399/1797 2131/2403/1800 2108/2404/1801
f 2130/2368/1770 2132/2405/1802 2129/2401/1799 2127/2355/1757
f 2132/2406/1802 2131/2403/1800 2128/2399/1797 2129/2402/1799
f 2108/2404/1801 2131/2403/1800 2134/2407/1803 2109/2408/1804
f 2133/2367/1769 2135/2409/1805 2132/2405/1802 2130/2368/1770
f 2135/2410/1805 2134/2407/1803 2131/2403/1800 2132/2406/1802
f 2109/2408/1804 2134/2407/1803 2137/2411/1806 2110/2412/1807
f 2136/2370/1772 2138/2413/1808 2135/2409/1805 2133/2367/1769
f 2138/2414/1808 2137/2411/1806 2134/2407/1803 2135/2410/1805
f 2110/2412/1807 2137/2411/1806 2140/2415/1809 2111/2416/1810
f 2139/2372/1774 2141/2417/1811 2138/2413/1808 2136/2370/1772
f 2141/2418/1811 2140/2415/1809 2137/2411/1806 2138/2414/1808
f 2111/2416/1810 2140/2415/1809 2143/2419/1812 2112/2420/1813
f 2142/2374/1776 2144/2421/1814 2141/2417/1811 2139/2372/1774
f 2144/2422/1814 2143/2419/1812 2140/2415/1809 2141/2418/1811
f 2112/2420/1813 2143/2419/1812 2146/2423/1815 2113/2424/1816
f 2145/2376/1778 2147/2425/1817 2144/2421/1814 2142/2374/1776
f 2147/2426/1817 2146/2423/1815 2143/2419/1812 2144/2422/1814
f 2113/2424/1816 2146/2423/1815 2149/2427/1818 2114/2360/1762
f 2148/2378/1780 2150/2428/1819 2147/2425/1817 2145/2376/1778
f 2150/2429/1819 2149/2427/1818 2146/2423/1815 2147/2426/1817
f 2114/2360/1762 2149/2427/1818 2152/2430/1820 2115/2357/1759
f 2151/2381/1782 2153/2431/1821 2150/2432/1819 2148/2382/1780
f 2153/2433/1821 2152/2430/1820 2149/2427/1818 2150/2429/1819
f 2115/2357/1759 2152/2430/1820 2155/2434/1822 2116/2358/1760
f 2154/2384/1784 2156/2435/1823 2153/2431/1821 2151/2381/1782
f 2156/2436/1823 2155/2434/1822 2152/2430/1820 2153/2433/1821
f 2116/2358/1760 2155/2434/1822 2158/2437/1824 2117/2359/1761
f 2157/2386/1786 2159/2438/1825 2156/2435/1823 2154/2384/1784
f 2159/2439/1825 2158/2437/1824 2155/2434/1822 2156/2436/1823
f 2117/2359/1761 2158/2437/1824 2161/2440/1826 2118/2441/1827
f 2160/2388/1788 2162/2442/1828 2159/2438/1825 2157/2386/1786
f 2162/2443/1828 2161/2440/1826 2158/2437/1824 2159/2439/1825
f 2118/2441/1827 2161/2440/1826 2164/2444/1829 2119/2445/1830
f 2163/2390/1790 2165/2446/1831 2162/2442/1828 2160/2388/1788
f 2165/2447/1831 2164/2444/1829 2161/2440/1826 2162/2443/1828
f 2119/2445/1830 2164/2444/1829 2167/2448/1832 2120/2449/1833
f 2166/2364/1766 2168/2450/1834 2165/2446/1831 2163/2390/1790
f 2168/2451/1834 2167/2448/1832 2164/2444/1829 2165/2447/1831
f 2120/2449/1833 2167/2448/1832 2126/2392/1792 2105/2391/1791
f 2124/2362/1764 2125/2396/1796 2168/2450/1834 2166/2364/1766
f 2125/2398/1796 2126/2392/1792 2167/2448/1832 2168/2451/1834
f 2118/2441/1827 2113/2424/1816 2114/2360/1762 2117/2359/1761
f 2119/2445/1830 2112/2420/1813 2113/2424/1816 2118/2441/1827
f 2120/2449/1833 2111/2416/1810 2112/2420/1813 2119/2445/1830
f 2105/2391/1791 2110/2412/1807 2111/2416/1810 2120/2449/1833
f 2106/2394/1794 2109/2408/1804 2110/2412/1807 2105/2391/1791
f 2107/2400/1798 2108/2404/1801 2109/2408/1804 2106/2394/1794
f 2173/2366/1768 2174/2365/1767 2190/2452/1835 2189/2453/1836
f 2181/2383/1783 2180/2380/1781 2196/2454/1837 2197/2455/1838
f 2171/2361/1763 2172/2363/1765 2188/2456/1839 2187/2457/1840
f 2180/2380/1781 2179/2379/1779 2195/2458/1841 2196/2454/1837
f 2170/2353/1755 2171/2361/1763 2187/2457/1840 2186/2459/1842
f 2179/2377/1779 2178/2375/1777 2194/2460/1843 2195/2461/1841
f 2174/2365/1767 2169/2354/1756 2185/2462/1844 2190/2452/1835
f 2169/2354/1756 2170/2353/1755 2186/2459/1842 2185/2462/1844
f 2178/2375/1777 2177/2373/1775 2193/2463/1845 2194/2460/1843
f 2172/2363/1765 2184/2389/1789 2200/2464/1846 2188/2456/1839
f 2177/2373/1775 2176/2371/1773 2192/2465/1847 2193/2463/1845
f 2184/2389/1789 2183/2387/1787 2199/2466/1848 2200/2464/1846
f 2176/2371/1773 2175/2369/1771 2191/2467/1849 2192/2465/1847
f 2183/2387/1787 2182/2385/1785 2198/2468/1850 2199/2466/1848
f 2175/2369/1771 2173/2366/1768 2189/2453/1836 2191/2467/1849
f 2182/2385/1785 2181/2383/1783 2197/2455/1838 2198/2468/1850
f 2266/2469/1851 2217/2470/1852 2223/2471/1853 2265/2472/1854
f 2211/2473/1855 2210/2474/1856 2213/2475/1857 2212/2476/1858
f 2267/2477/1859 2220/2478/1860 2217/2470/1852 2266/2469/1851
f 2268/2479/1861 2262/2480/1862 2220/2481/1860 2267/2482/1859
f 2270/2483/1783 2226/2484/1863 2229/2485/1864 2269/2486/1865
f 2269/2486/1865 2229/2485/1864 2232/2487/1866 2271/2488/1867
f 2271/2488/1867 2232/2487/1866 2235/2489/1868 2272/2490/1869
f 2272/2490/1869 2235/2489/1868 2238/2491/1870 2273/2492/1871
f 2273/2492/1871 2238/2491/1870 2241/2493/1872 2274/2494/1873
f 2274/2494/1873 2241/2493/1872 2244/2495/1874 2275/2496/1875
f 2275/2496/1875 2244/2495/1874 2247/2497/1876 2276/2498/1877
f 2276/2498/1877 2247/2497/1876 2250/2499/1878 2277/2500/1767
f 2277/2500/1767 2250/2499/1878 2253/2501/1879 2278/2502/1880
f 2278/2502/1880 2253/2501/1879 2256/2503/1881 2279/2504/1882
f 2279/2504/1882 2256/2503/1881 2259/2505/1883 2280/2506/1884
f 2280/2506/1884 2259/2505/1883 2262/2480/1862 2268/2479/1861
f 2201/2507/1885 2202/2508/1886 2218/2509/1887 2222/2510/1888
f 2265/2472/1854 2223/2471/1853 2226/2484/1863 2270/2483/1783
f 2217/2470/1852 2220/2478/1860 2221/2511/1889 2219/2512/1890
f 2219/2513/1890 2221/2514/1889 2222/2510/1888 2218/2509/1887
f 2202/2508/1886 2203/2515/1891 2224/2516/1892 2218/2509/1887
f 2223/2471/1853 2217/2470/1852 2219/2512/1890 2225/2517/1893
f 2225/2518/1893 2219/2513/1890 2218/2509/1887 2224/2516/1892
f 2203/2515/1891 2204/2519/1894 2227/2520/1895 2224/2516/1892
f 2226/2484/1863 2223/2471/1853 2225/2517/1893 2228/2521/1896
f 2228/2522/1896 2225/2518/1893 2224/2516/1892 2227/2520/1895
f 2204/2519/1894 2205/2523/1897 2230/2524/1898 2227/2520/1895
f 2229/2485/1864 2226/2484/1863 2228/2521/1896 2231/2525/1899
f 2231/2526/1899 2228/2522/1896 2227/2520/1895 2230/2524/1898
f 2205/2523/1897 2206/2527/1900 2233/2528/1901 2230/2524/1898
f 2232/2487/1866 2229/2485/1864 2231/2525/1899 2234/2529/1902
f 2234/2530/1902 2231/2526/1899 2230/2524/1898 2233/2528/1901
f 2206/2527/1900 2207/2531/1903 2236/2532/1904 2233/2528/1901
f 2235/2489/1868 2232/2487/1866 2234/2529/1902 2237/2533/1905
f 2237/2534/1905 2234/2530/1902 2233/2528/1901 2236/2532/1904
f 2207/2531/1903 2208/2535/1906 2239/2536/1907 2236/2532/1904
f 2238/2491/1870 2235/2489/1868 2237/2533/1905 2240/2537/1908
f 2240/2538/1908 2237/2534/1905 2236/2532/1904 2239/2536/1907
f 2208/2535/1906 2209/2539/1909 2242/2540/1910 2239/2536/1907
f 2241/2493/1872 2238/2491/1870 2240/2537/1908 2243/2541/1911
f 2243/2542/1911 2240/2538/1908 2239/2536/1907 2242/2540/1910
f 2209/2539/1909 2210/2474/1856 2245/2543/1912 2242/2540/1910
f 2244/2495/1874 2241/2493/1872 2243/2541/1911 2246/2544/1913
f 2246/2545/1913 2243/2542/1911 2242/2540/1910 2245/2543/1912
f 2210/2474/1856 2211/2473/1855 2248/2546/1914 2245/2543/1912
f 2247/2497/1876 2244/2495/1874 2246/2544/1913 2249/2547/1915
f 2249/2548/1915 2246/2545/1913 2245/2543/1912 2248/2546/1914
f 2211/2473/1855 2212/2476/1858 2251/2549/1916 2248/2546/1914
f 2250/2499/1878 2247/2497/1876 2249/2547/1915 2252/2550/1917
f 2252/2551/1917 2249/2548/1915 2248/2546/1914 2251/2549/1916
f 2212/2476/1858 2213/2475/1857 2254/2552/1918 2251/2549/1916
f 2253/2501/1879 2250/2499/1878 2252/2550/1917 2255/2553/1919
f 2255/2554/1919 2252/2551/1917 2251/2549/1916 2254/2552/1918
f 2213/2475/1857 2214/2555/1920 2257/2556/1921 2254/2552/1918
f 2256/2503/1881 2253/2501/1879 2255/2553/1919 2258/2557/1922
f 2258/2558/1922 2255/2554/1919 2254/2552/1918 2257/2556/1921
f 2214/2555/1920 2215/2559/1923 2260/2560/1924 2257/2556/1921
f 2259/2505/1883 2256/2503/1881 2258/2557/1922 2261/2561/1925
f 2261/2562/1925 2258/2558/1922 2257/2556/1921 2260/2560/1924
f 2215/2559/1923 2216/2563/1926 2263/2564/1927 2260/2560/1924
f 2262/2480/1862 2259/2505/1883 2261/2561/1925 2264/2565/1928
f 2264/2566/1928 2261/2562/1925 2260/2560/1924 2263/2564/1927
f 2216/2563/1926 2201/2507/1885 2222/2510/1888 2263/2564/1927
f 2220/2481/1860 2262/2480/1862 2264/2565/1928 2221/2567/1889
f 2221/2514/1889 2264/2566/1928 2263/2564/1927 2222/2510/1888
f 2214/2555/1920 2213/2475/1857 2210/2474/1856 2209/2539/1909
f 2215/2559/1923 2214/2555/1920 2209/2539/1909 2208/2535/1906
f 2216/2563/1926 2215/2559/1923 2208/2535/1906 2207/2531/1903
f 2201/2507/1885 2216/2563/1926 2207/2531/1903 2206/2527/1900
f 2202/2508/1886 2201/2507/1885 2206/2527/1900 2205/2523/1897
f 2203/2515/1891 2202/2508/1886 2205/2523/1897 2204/2519/1894
f 2269/2486/1865 2285/2568/1929 2286/2569/1838 2270/2483/1783
f 2277/2500/1767 2293/2570/1835 2292/2571/1930 2276/2498/1877
f 2267/2482/1859 2283/2572/1931 2284/2573/1932 2268/2479/1861
f 2276/2498/1877 2292/2571/1930 2291/2574/1933 2275/2496/1875
f 2266/2469/1851 2282/2575/1934 2283/2576/1931 2267/2477/1859
f 2275/2496/1875 2291/2574/1933 2290/2577/1935 2274/2494/1873
f 2270/2483/1783 2286/2569/1838 2281/2578/1936 2265/2472/1854
f 2265/2472/1854 2281/2578/1936 2282/2575/1934 2266/2469/1851
f 2274/2494/1873 2290/2577/1935 2289/2579/1937 2273/2492/1871
f 2268/2479/1861 2284/2573/1932 2296/2580/1938 2280/2506/1884
f 2273/2492/1871 2289/2579/1937 2288/2581/1939 2272/2490/1869
f 2280/2506/1884 2296/2580/1938 2295/2582/1940 2279/2504/1882
f 2272/2490/1869 2288/2581/1939 2287/2583/1941 2271/2488/1867
f 2279/2504/1882 2295/2582/1940 2294/2584/1942 2278/2502/1880
f 2271/2488/1867 2287/2583/1941 2285/2568/1929 2269/2486/1865
f 2278/2502/1880 2294/2584/1942 2293/2570/1835 2277/2500/1767
f 2362/2585/1943 2361/2586/1944 2319/2587/1945 2313/2588/1946
f 2307/2589/1947 2308/2590/1948 2309/2591/1949 2306/2592/1950
f 2363/2593/1951 2362/2585/1943 2313/2588/1946 2316/2594/1952
f 2364/2595/1953 2363/2596/1951 2316/2597/1952 2358/2598/1954
f 2366/2599/1688 2365/2600/1955 2325/2601/1956 2322/2602/1957
f 2365/2600/1955 2367/2603/1958 2328/2604/1959 2325/2601/1956
f 2367/2603/1958 2368/2605/1960 2331/2606/1961 2328/2604/1959
f 2368/2605/1960 2369/2607/1962 2334/2608/1963 2331/2606/1961
f 2369/2607/1962 2370/2609/1964 2337/2610/1965 2334/2608/1963
f 2370/2609/1964 2371/2611/1966 2340/2612/1967 2337/2610/1965
f 2371/2611/1966 2372/2613/1968 2343/2614/1969 2340/2612/1967
f 2372/2613/1968 2373/2615/1671 2346/2616/1970 2343/2614/1969
f 2373/2615/1671 2374/2617/1971 2349/2618/1972 2346/2616/1970
f 2374/2617/1971 2375/2619/1973 2352/2620/1974 2349/2618/1972
f 2375/2619/1973 2376/2621/1975 2355/2622/1976 2352/2620/1974
f 2376/2621/1975 2364/2595/1953 2358/2598/1954 2355/2622/1976
f 2297/2623/1977 2318/2624/1978 2314/2625/1979 2298/2626/1980
f 2361/2586/1944 2366/2599/1688 2322/2602/1957 2319/2587/1945
f 2313/2588/1946 2315/2627/1981 2317/2628/1982 2316/2594/1952
f 2315/2629/1981 2314/2625/1979 2318/2624/1978 2317/2630/1982
f 2298/2626/1980 2314/2625/1979 2320/2631/1983 2299/2632/1984
f 2319/2587/1945 2321/2633/1985 2315/2627/1981 2313/2588/1946
f 2321/2634/1985 2320/2631/1983 2314/2625/1979 2315/2629/1981
f 2299/2632/1984 2320/2631/1983 2323/2635/1986 2300/2636/1987
f 2322/2602/1957 2324/2637/1988 2321/2633/1985 2319/2587/1945
f 2324/2638/1988 2323/2635/1986 2320/2631/1983 2321/2634/1985
f 2300/2636/1987 2323/2635/1986 2326/2639/1989 2301/2640/1990
f 2325/2601/1956 2327/2641/1991 2324/2637/1988 2322/2602/1957
f 2327/2642/1991 2326/2639/1989 2323/2635/1986 2324/2638/1988
f 2301/2640/1990 2326/2639/1989 2329/2643/1992 2302/2644/1993
f 2328/2604/1959 2330/2645/1994 2327/2641/1991 2325/2601/1956
f 2330/2646/1994 2329/2643/1992 2326/2639/1989 2327/2642/1991
f 2302/2644/1993 2329/2643/1992 2332/2647/1995 2303/2648/1996
f 2331/2606/1961 2333/2649/1997 2330/2645/1994 2328/2604/1959
f 2333/2650/1997 2332/2647/1995 2329/2643/1992 2330/2646/1994
f 2303/2648/1996 2332/2647/1995 2335/2651/1998 2304/2652/1999
f 2334/2608/1963 2336/2653/2000 2333/2649/1997 2331/2606/1961
f 2336/2654/2000 2335/2651/1998 2332/2647/1995 2333/2650/1997
f 2304/2652/1999 2335/2651/1998 2338/2655/2001 2305/2656/2002
f 2337/2610/1965 2339/2657/2003 2336/2653/2000 2334/2608/1963
f 2339/2658/2003 2338/2655/2001 2335/2651/1998 2336/2654/2000
f 2305/2656/2002 2338/2655/2001 2341/2659/2004 2306/2592/1950
f 2340/2612/1967 2342/2660/2005 2339/2657/2003 2337/2610/1965
f 2342/2661/2005 2341/2659/2004 2338/2655/2001 2339/2658/2003
f 2306/2592/1950 2341/2659/2004 2344/2662/2006 2307/2589/1947
f 2343/2614/1969 2345/2663/2007 2342/2660/2005 2340/2612/1967
f 2345/2664/2007 2344/2662/2006 2341/2659/2004 2342/2661/2005
f 2307/2589/1947 2344/2662/2006 2347/2665/2008 2308/2590/1948
f 2346/2616/1970 2348/2666/2009 2345/2663/2007 2343/2614/1969
f 2348/2667/2009 2347/2665/2008 2344/2662/2006 2345/2664/2007
f 2308/2590/1948 2347/2665/2008 2350/2668/2010 2309/2591/1949
f 2349/2618/1972 2351/2669/2011 2348/2666/2009 2346/2616/1970
f 2351/2670/2011 2350/2668/2010 2347/2665/2008 2348/2667/2009
f 2309/2591/1949 2350/2668/2010 2353/2671/2012 2310/2672/2013
f 2352/2620/1974 2354/2673/2014 2351/2669/2011 2349/2618/1972
f 2354/2674/2014 2353/2671/2012 2350/2668/2010 2351/2670/2011
f 2310/2672/2013 2353/2671/2012 2356/2675/2015 2311/2676/2016
f 2355/2622/1976 2357/2677/2017 2354/2673/2014 2352/2620/1974
f 2357/2678/2017 2356/2675/2015 2353/2671/2012 2354/2674/2014
f 2311/2676/2016 2356/2675/2015 2359/2679/2018 2312/2680/2019
f 2358/2598/1954 2360/2681/2020 2357/2677/2017 2355/2622/1976
f 2360/2682/2020 2359/2679/2018 2356/2675/2015 2357/2678/2017
f 2312/2680/2019 2359/2679/2018 2318/2624/1978 2297/2623/1977
f 2316/2597/1952 2317/2683/1982 2360/2681/2020 2358/2598/1954
f 2317/2630/1982 2318/2624/1978 2359/2679/2018 2360/2682/2020
f 2310/2672/2013 2305/2656/2002 2306/2592/1950 2309/2591/1949
f 2311/2676/2016 2304/2652/1999 2305/2656/2002 2310/2672/2013
f 2312/2680/2019 2303/2648/1996 2304/2652/1999 2311/2676/2016
f 2297/2623/1977 2302/2644/1993 2303/2648/1996 2312/2680/2019
f 2298/2626/1980 2301/2640/1990 2302/2644/1993 2297/2623/1977
f 2299/2632/1984 2300/2636/1987 2301/2640/1990 2298/2626/1980
f 2365/2600/1955 2366/2599/1688 2382/2684/1741 2381/2685/2021
f 2373/2615/1671 2372/2613/1968 2388/2686/2022 2389/2687/1740
f 2363/2596/1951 2364/2595/1953 2380/2688/2023 2379/2689/2024
f 2372/2613/1968 2371/2611/1966 2387/2690/2025 2388/2686/2022
f 2362/2585/1943 2363/2593/1951 2379/2691/2024 2378/2692/2026
f 2371/2611/1966 2370/2609/1964 2386/2693/2027 2387/2690/2025
f 2366/2599/1688 2361/2586/1944 2377/2694/2028 2382/2684/1741
f 2361/2586/1944 2362/2585/1943 2378/2692/2026 2377/2694/2028
f 2370/2609/1964 2369/2607/1962 2385/2695/2029 2386/2693/2027
f 2364/2595/1953 2376/2621/1975 2392/2696/2030 2380/2688/2023
f 2369/2607/1962 2368/2605/1960 2384/2697/2031 2385/2695/2029
f 2376/2621/1975 2375/2619/1973 2391/2698/2032 2392/2696/2030
f 2368/2605/1960 2367/2603/1958 2383/2699/2033 2384/2697/2031
f 2375/2619/1973 2374/2617/1971 2390/2700/2034 2391/2698/2032
f 2367/2603/1958 2365/2600/1955 2381/2685/2021 2383/2699/2033
f 2374/2617/1971 2373/2615/1671 2389/2687/1740 2390/2700/2034
f 2458/2701/2035 2457/2702/2036 2415/2703/2037 2409/2704/2038
f 2403/2705/2039 2404/2706/2040 2405/2707/2041 2402/2708/2042
f 2459/2709/2043 2458/2710/2035 2409/2711/2038 2412/2712/2044
f 2460/2713/2045 2459/2709/2043 2412/2712/2044 2454/2714/2046
f 2462/2715/1592 2461/2716/2047 2421/2717/2048 2418/2718/2049
f 2461/2716/2047 2463/2719/2050 2424/2720/2051 2421/2717/2048
f 2463/2719/2050 2464/2721/2052 2427/2722/2053 2424/2720/2051
f 2464/2721/2052 2465/2723/2054 2430/2724/2055 2427/2722/2053
f 2465/2723/2054 2466/2725/2056 2433/2726/2057 2430/2724/2055
f 2466/2725/2056 2467/2727/2058 2436/2728/2059 2433/2726/2057
f 2467/2727/2058 2468/2729/2060 2439/2730/2061 2436/2728/2059
f 2468/2729/2060 2469/2731/1575 2442/2732/2062 2439/2730/2061
f 2469/2731/1575 2470/2733/2063 2445/2734/2064 2442/2732/2062
f 2470/2733/2063 2471/2735/2065 2448/2736/2066 2445/2734/2064
f 2471/2735/2065 2472/2737/2067 2451/2738/2068 2448/2736/2066
f 2472/2737/2067 2460/2713/2045 2454/2714/2046 2451/2738/2068
f 2393/2739/2069 2414/2740/2070 2410/2741/2071 2394/2742/2072
f 2457/2702/2036 2462/2715/1592 2418/2718/2049 2415/2703/2037
f 2409/2711/2038 2411/2743/2073 2413/2744/2074 2412/2712/2044
f 2411/2745/2073 2410/2741/2071 2414/2740/2070 2413/2746/2074
f 2394/2742/2072 2410/2741/2071 2416/2747/2075 2395/2748/2076
f 2415/2703/2037 2417/2749/2077 2411/2750/2073 2409/2704/2038
f 2417/2751/2077 2416/2747/2075 2410/2741/2071 2411/2745/2073
f 2395/2748/2076 2416/2747/2075 2419/2752/2078 2396/2753/2079
f 2418/2718/2049 2420/2754/2080 2417/2749/2077 2415/2703/2037
f 2420/2755/2080 2419/2752/2078 2416/2747/2075 2417/2751/2077
f 2396/2753/2079 2419/2752/2078 2422/2756/2081 2397/2757/2082
f 2421/2717/2048 2423/2758/2083 2420/2754/2080 2418/2718/2049
f 2423/2759/2083 2422/2756/2081 2419/2752/2078 2420/2755/2080
f 2397/2757/2082 2422/2756/2081 2425/2760/2084 2398/2761/2085
f 2424/2720/2051 2426/2762/2086 2423/2758/2083 2421/2717/2048
f 2426/2763/2086 2425/2760/2084 2422/2756/2081 2423/2759/2083
f 2398/2761/2085 2425/2760/2084 2428/2764/2087 2399/2765/2088
f 2427/2722/2053 2429/2766/2089 2426/2762/2086 2424/2720/2051
f 2429/2767/2089 2428/2764/2087 2425/2760/2084 2426/2763/2086
f 2399/2765/2088 2428/2764/2087 2431/2768/2090 2400/2769/2091
f 2430/2724/2055 2432/2770/2092 2429/2766/2089 2427/2722/2053
f 2432/2771/2092 2431/2768/2090 2428/2764/2087 2429/2767/2089
f 2400/2769/2091 2431/2768/2090 2434/2772/2093 2401/2773/2094
f 2433/2726/2057 2435/2774/2095 2432/2770/2092 2430/2724/2055
f 2435/2775/2095 2434/2772/2093 2431/2768/2090 2432/2771/2092
f 2401/2773/2094 2434/2772/2093 2437/2776/2096 2402/2708/2042
f 2436/2728/2059 2438/2777/2097 2435/2774/2095 2433/2726/2057
f 2438/2778/2097 2437/2776/2096 2434/2772/2093 2435/2775/2095
f 2402/2708/2042 2437/2776/2096 2440/2779/2098 2403/2705/2039
f 2439/2730/2061 2441/2780/2099 2438/2777/2097 2436/2728/2059
f 2441/2781/2099 2440/2779/2098 2437/2776/2096 2438/2778/2097
f 2403/2705/2039 2440/2779/2098 2443/2782/2100 2404/2706/2040
f 2442/2732/2062 2444/2783/2101 2441/2780/2099 2439/2730/2061
f 2444/2784/2101 2443/2782/2100 2440/2779/2098 2441/2781/2099
f 2404/2706/2040 2443/2782/2100 2446/2785/2102 2405/2707/2041
f 2445/2734/2064 2447/2786/2103 2444/2783/2101 2442/2732/2062
f 2447/2787/2103 2446/2785/2102 2443/2782/2100 2444/2784/2101
f 2405/2707/2041 2446/2785/2102 2449/2788/2104 2406/2789/2105
f 2448/2736/2066 2450/2790/2106 2447/2786/2103 2445/2734/2064
f 2450/2791/2106 2449/2788/2104 2446/2785/2102 2447/2787/2103
f 2406/2789/2105 2449/2788/2104 2452/2792/2107 2407/2793/2108
f 2451/2738/2068 2453/2794/2109 2450/2790/2106 2448/2736/2066
f 2453/2795/2109 2452/2792/2107 2449/2788/2104 2450/2791/2106
f 2407/2793/2108 2452/2792/2107 2455/2796/2110 2408/2797/2111
f 2454/2714/2046 2456/2798/2112 2453/2794/2109 2451/2738/2068
f 2456/2799/2112 2455/2796/2110 2452/2792/2107 2453/2795/2109
f 2408/2797/2111 2455/2796/2110 2414/2740/2070 2393/2739/2069
f 2412/2712/2044 2413/2744/2074 2456/2798/2112 2454/2714/2046
f 2413/2746/2074 2414/2740/2070 2455/2796/2110 2456/2799/2112
f 2406/2789/2105 2401/2773/2094 2402/2708/2042 2405/2707/2041
f 2407/2793/2108 2400/2769/2091 2401/2773/2094 2406/2789/2105
f 2408/2797/2111 2399/2765/2088 2400/2769/2091 2407/2793/2108
f 2393/2739/2069 2398/2761/2085 2399/2765/2088 2408/2797/2111
f 2394/2742/2072 2397/2757/2082 2398/2761/2085 2393/2739/2069
f 2395/2748/2076 2396/2753/2079 2397/2757/2082 2394/2742/2072
f 2461/2716/2047 2462/2715/1592 2478/2800/1645 2477/2801/2113
f 2469/2731/1575 2468/2729/2060 2484/2802/2114 2485/2803/1644
f 2459/2709/2043 2460/2713/2045 2476/2804/2115 2475/2805/2116
f 2468/2729/2060 2467/2727/2058 2483/2806/2117 2484/2802/2114
f 2458/2710/2035 2459/2709/2043 2475/2805/2116 2474/2807/2118
f 2467/2727/2058 2466/2725/2056 2482/2808/2119 2483/2806/2117
f 2462/2715/1592 2457/2702/2036 2473/2809/2120 2478/2800/1645
f 2457/2702/2036 2458/2701/2035 2474/2810/2118 2473/2809/2120
f 2466/2725/2056 2465/2723/2054 2481/2811/2121 2482/2808/2119
f 2460/2713/2045 2472/2737/2067 2488/2812/2122 2476/2804/2115
f 2465/2723/2054 2464/2721/2052 2480/2813/2123 2481/2811/2121
f 2472/2737/2067 2471/2735/2065 2487/2814/2124 2488/2812/2122
f 2464/2721/2052 2463/2719/2050 2479/2815/2125 2480/2813/2123
f 2471/2735/2065 2470/2733/2063 2486/2816/2126 2487/2814/2124
f 2463/2719/2050 2461/2716/2047 2477/2801/2113 2479/2815/2125
f 2470/2733/2063 2469/2731/1575 2485/2803/1644 2486/2816/2126
f 2554/2817/2127 2505/2818/2128 2511/2819/2129 2553/2820/2130
f 2499/2821/2131 2498/2822/2132 2501/2823/2133 2500/2824/2134
f 2555/2825/2135 2508/2826/2136 2505/2818/2128 2554/2817/2127
f 2556/2827/2137 2550/2828/2138 2508/2826/2136 2555/2825/2135
f 2558/2829/1495 2514/2830/2139 2517/2831/2140 2557/2832/2141
f 2557/2832/2141 2517/2831/2140 2520/2833/2142 2559/2834/2143
f 2559/2834/2143 2520/2833/2142 2523/2835/2144 2560/2836/2145
f 2560/2836/2145 2523/2835/2144 2526/2837/2146 2561/2838/2147
f 2561/2838/2147 2526/2837/2146 2529/2839/2148 2562/2840/2149
f 2562/2840/2149 2529/2839/2148 2532/2841/2150 2563/2842/2151
f 2563/2842/2151 2532/2841/2150 2535/2843/2152 2564/2844/2153
f 2564/2844/2153 2535/2843/2152 2538/2845/2154 2565/2846/1479
f 2565/2846/1479 2538/2845/2154 2541/2847/2155 2566/2848/2156
f 2566/2848/2156 2541/2847/2155 2544/2849/2157 2567/2850/2158
f 2567/2850/2158 2544/2849/2157 2547/2851/2159 2568/2852/2160
f 2568/2852/2160 2547/2851/2159 2550/2853/2138 2556/2854/2137
f 2489/2855/2161 2490/2856/2162 2506/2857/2163 2510/2858/2164
f 2553/2820/2130 2511/2819/2129 2514/2830/2139 2558/2829/1495
f 2505/2818/2128 2508/2826/2136 2509/2859/2165 2507/2860/2166
f 2507/2861/2166 2509/2862/2165 2510/2858/2164 2506/2857/2163
f 2490/2856/2162 2491/2863/2167 2512/2864/2168 2506/2857/2163
f 2511/2819/2129 2505/2818/2128 2507/2860/2166 2513/2865/2169
f 2513/2866/2169 2507/2861/2166 2506/2857/2163 2512/2864/2168
f 2491/2863/2167 2492/2867/2170 2515/2868/2171 2512/2864/2168
f 2514/2830/2139 2511/2819/2129 2513/2865/2169 2516/2869/2172
f 2516/2870/2172 2513/2866/2169 2512/2864/2168 2515/2868/2171
f 2492/2867/2170 2493/2871/2173 2518/2872/2174 2515/2868/2171
f 2517/2831/2140 2514/2830/2139 2516/2869/2172 2519/2873/2175
f 2519/2874/2175 2516/2870/2172 2515/2868/2171 2518/2872/2174
f 2493/2871/2173 2494/2875/2176 2521/2876/2177 2518/2872/2174
f 2520/2833/2142 2517/2831/2140 2519/2873/2175 2522/2877/2178
f 2522/2878/2178 2519/2874/2175 2518/2872/2174 2521/2876/2177
f 2494/2875/2176 2495/2879/2179 2524/2880/2180 2521/2876/2177
f 2523/2835/2144 2520/2833/2142 2522/2877/2178 2525/2881/2181
f 2525/2882/2181 2522/2878/2178 2521/2876/2177 2524/2880/2180
f 2495/2879/2179 2496/2883/2182 2527/2884/2183 2524/2880/2180
f 2526/2837/2146 2523/2835/2144 2525/2881/2181 2528/2885/2184
f 2528/2886/2184 2525/2882/2181 2524/2880/2180 2527/2884/2183
f 2496/2883/2182 2497/2887/2185 2530/2888/2186 2527/2884/2183
f 2529/2839/2148 2526/2837/2146 2528/2885/2184 2531/2889/2187
f 2531/2890/2187 2528/2886/2184 2527/2884/2183 2530/2888/2186
f 2497/2887/2185 2498/2822/2132 2533/2891/2188 2530/2888/2186
f 2532/2841/2150 2529/2839/2148 2531/2889/2187 2534/2892/2189
f 2534/2893/2189 2531/2890/2187 2530/2888/2186 2533/2891/2188
f 2498/2822/2132 2499/2821/2131 2536/2894/2190 2533/2891/2188
f 2535/2843/2152 2532/2841/2150 2534/2892/2189 2537/2895/2191
f 2537/2896/2191 2534/2893/2189 2533/2891/2188 2536/2894/2190
f 2499/2821/2131 2500/2824/2134 2539/2897/2192 2536/2894/2190
f 2538/2845/2154 2535/2843/2152 2537/2895/2191 2540/2898/2193
f 2540/2899/2193 2537/2896/2191 2536/2894/2190 2539/2897/2192
f 2500/2824/2134 2501/2823/2133 2542/2900/2194 2539/2897/2192
f 2541/2847/2155 2538/2845/2154 2540/2898/2193 2543/2901/2195
f 2543/2902/2195 2540/2899/2193 2539/2897/2192 2542/2900/2194
f 2501/2823/2133 2502/2903/2196 2545/2904/2197 2542/2900/2194
f 2544/2849/2157 2541/2847/2155 2543/2901/2195 2546/2905/2198
f 2546/2906/2198 2543/2902/2195 2542/2900/2194 2545/2904/2197
f 2502/2903/2196 2503/2907/2199 2548/2908/2200 2545/2904/2197
f 2547/2851/2159 2544/2849/2157 2546/2905/2198 2549/2909/2201
f 2549/2910/2201 2546/2906/2198 2545/2904/2197 2548/2908/2200
f 2503/2907/2199 2504/2911/2202 2551/2912/2203 2548/2908/2200
f 2550/2853/2138 2547/2851/2159 2549/2909/2201 2552/2913/2204
f 2552/2914/2204 2549/2910/2201 2548/2908/2200 2551/2912/2203
f 2504/2911/2202 2489/2855/2161 2510/2858/2164 2551/2912/2203
f 2508/2826/2136 2550/2828/2138 2552/2915/2204 2509/2859/2165
f 2509/2862/2165 2552/2914/2204 2551/2912/2203 2510/2858/2164
f 2502/2903/2196 2501/2823/2133 2498/2822/2132 2497/2887/2185
f 2503/2907/2199 2502/2903/2196 2497/2887/2185 2496/2883/2182
f 2504/2911/2202 2503/2907/2199 2496/2883/2182 2495/2879/2179
f 2489/2855/2161 2504/2911/2202 2495/2879/2179 2494/2875/2176
f 2490/2856/2162 2489/2855/2161 2494/2875/2176 2493/2871/2173
f 2491/2863/2167 2490/2856/2162 2493/2871/2173 2492/2867/2170
f 2557/2832/2141 2573/2916/2205 2574/2917/1550 2558/2829/1495
f 2565/2846/1479 2581/2918/1547 2580/2919/2206 2564/2844/2153
f 2555/2825/2135 2571/2920/2207 2572/2921/2208 2556/2827/2137
f 2564/2844/2153 2580/2919/2206 2579/2922/2209 2563/2842/2151
f 2554/2817/2127 2570/2923/2210 2571/2920/2207 2555/2825/2135
f 2563/2842/2151 2579/2922/2209 2578/2924/2211 2562/2840/2149
f 2558/2829/1495 2574/2917/1550 2569/2925/2212 2553/2820/2130
f 2553/2820/2130 2569/2925/2212 2570/2923/2210 2554/2817/2127
f 2562/2840/2149 2578/2924/2211 2577/2926/2213 2561/2838/2147
f 2556/2854/2137 2572/2927/2208 2584/2928/2214 2568/2852/2160
f 2561/2838/2147 2577/2926/2213 2576/2929/2215 2560/2836/2145
f 2568/2852/2160 2584/2928/2214 2583/2930/2216 2567/2850/2158
f 2560/2836/2145 2576/2929/2215 2575/2931/2217 2559/2834/2143
f 2567/2850/2158 2583/2930/2216 2582/2932/2218 2566/2848/2156
f 2559/2834/2143 2575/2931/2217 2573/2916/2205 2557/2832/2141
f 2566/2848/2156 2582/2932/2218 2581/2918/1547 2565/2846/1479
f 2610/2933/2219 2611/2934/2220 2638/2935/2221 2636/2936/2222
f 2611/2934/2220 2612/2937/2223 2640/2938/2224 2638/2935/2221
f 2612/2937/2223 2613/2939/2225 2642/2940/2226 2640/2938/2224
f 2613/2939/2225 2614/2941/2227 2644/2942/2228 2642/2940/2226
f 2614/2941/2227 2615/2943/2229 2646/2944/2230 2644/2942/2228
f 2615/2943/2229 2616/2945/2231 2648/2946/2232 2646/2944/2230
f 2586/2947/2233 2587/2948/2233 2620/2949/2234 2618/2950/2235
f 2589/2951/2233 2590/2952/2233 2624/2953/2236 2627/2954/2237
f 2588/2955/2233 2600/2956/2233 2647/2957/2238 2622/2958/2239
f 2600/2956/2233 2599/2959/2233 2645/2960/2240 2647/2957/2238
f 2599/2959/2233 2598/2961/2233 2643/2962/2241 2645/2960/2240
f 2598/2961/2233 2597/2963/2233 2641/2964/2242 2643/2962/2241
f 2597/2963/2233 2596/2965/2233 2639/2966/2243 2641/2964/2242
f 2596/2965/2233 2595/2967/2233 2637/2968/2244 2639/2966/2243
f 2595/2967/2233 2594/2969/2233 2635/2970/2245 2637/2968/2244
f 2594/2969/2233 2593/2971/2233 2633/2972/2246 2635/2970/2245
f 2593/2971/2233 2592/2973/2233 2631/2974/2247 2633/2972/2246
f 2592/2973/2233 2591/2975/2233 2629/2976/2248 2631/2974/2247
f 2591/2975/2233 2589/2951/2233 2627/2954/2237 2629/2976/2248
f 2602/2977/2249 2605/2978/2250 2623/2979/2251 2626/2980/2252
f 2587/2948/2233 2588/2955/2233 2622/2958/2239 2620/2949/2234
f 2585/2981/2233 2586/2947/2233 2618/2950/2235 2625/2982/2253
f 2603/2983/2254 2601/2984/2255 2617/2985/2256 2619/2986/2257
f 2609/2987/2258 2610/2933/2219 2636/2936/2222 2634/2988/2259
f 2608/2989/2260 2609/2987/2258 2634/2988/2259 2632/2990/2261
f 2607/2991/2262 2608/2989/2260 2632/2990/2261 2630/2992/2263
f 2590/2952/2233 2585/2981/2233 2625/2982/2253 2624/2953/2236
f 2616/2945/2231 2604/2993/2264 2621/2994/2265 2648/2946/2232
f 2604/2993/2264 2603/2983/2254 2619/2986/2257 2621/2994/2265
f 2605/2978/2250 2606/2995/2266 2628/2996/2267 2623/2979/2251
f 2606/2995/2266 2607/2991/2262 2630/2992/2263 2628/2996/2267
f 2624/2953/2236 2625/2982/2253 2626/2980/2252 2623/2979/2251
f 2622/2958/2239 2647/2957/2238 2648/2946/2232 2621/2994/2265
f 2647/2957/2238 2645/2960/2240 2646/2944/2230 2648/2946/2232
f 2645/2960/2240 2643/2962/2241 2644/2942/2228 2646/2944/2230
f 2643/2962/2241 2641/2964/2242 2642/2940/2226 2644/2942/2228
f 2641/2964/2242 2639/2966/2243 2640/2938/2224 2642/2940/2226
f 2639/2966/2243 2637/2968/2244 2638/2935/2221 2640/2938/2224
f 2637/2968/2244 2635/2970/2245 2636/2936/2222 2638/2935/2221
f 2635/2970/2245 2633/2972/2246 2634/2988/2259 2636/2936/2222
f 2633/2972/2246 2631/2974/2247 2632/2990/2261 2634/2988/2259
f 2631/2974/2247 2629/2976/2248 2630/2992/2263 2632/2990/2261
f 2629/2976/2248 2627/2954/2237 2628/2996/2267 2630/2992/2263
f 2627/2954/2237 2624/2953/2236 2623/2979/2251 2628/2996/2267
f 2620/2949/2234 2622/2958/2239 2621/2994/2265 2619/2986/2257
f 2618/2950/2235 2620/2949/2234 2619/2986/2257 2617/2985/2256
f 2625/2982/2253 2618/2950/2235 2617/2985/2256 2626/2980/2252
f 2601/2984/2255 2602/2977/2249 2626/2980/2252 2617/2985/2256
f 2674/2997/2268 2700/2998/2269 2702/2999/2270 2675/3000/2271
f 2675/3000/2271 2702/2999/2270 2704/3001/2272 2676/3002/2273
f 2676/3002/2273 2704/3001/2272 2706/3003/2274 2677/3004/2275
f 2677/3004/2275 2706/3003/2274 2708/3005/2276 2678/3006/2277
f 2678/3006/2277 2708/3005/2276 2710/3007/2278 2679/3008/2279
f 2679/3008/2279 2710/3007/2278 2712/3009/2280 2680/3010/2281
f 2650/3011/2282 2682/3012/2283 2684/3013/2284 2651/3014/2282
f 2653/3015/2282 2691/3016/2285 2688/3017/2286 2654/3018/2282
f 2652/3019/2282 2686/3020/2287 2711/3021/2288 2664/3022/2282
f 2664/3022/2282 2711/3021/2288 2709/3023/2289 2663/3024/2282
f 2663/3024/2282 2709/3023/2289 2707/3025/2290 2662/3026/2282
f 2662/3026/2282 2707/3025/2290 2705/3027/2291 2661/3028/2282
f 2661/3028/2282 2705/3027/2291 2703/3029/2292 2660/3030/2282
f 2660/3030/2282 2703/3029/2292 2701/3031/2293 2659/3032/2282
f 2659/3032/2282 2701/3031/2293 2699/3033/2294 2658/3034/2282
f 2658/3034/2282 2699/3033/2294 2697/3035/2295 2657/3036/2282
f 2657/3036/2282 2697/3035/2295 2695/3037/2296 2656/3038/2282
f 2656/3038/2282 2695/3037/2296 2693/3039/2297 2655/3040/2282
f 2655/3040/2282 2693/3039/2297 2691/3016/2285 2653/3015/2282
f 2666/3041/2298 2690/3042/2299 2687/3043/2300 2669/3044/2301
f 2651/3014/2282 2684/3013/2284 2686/3020/2287 2652/3019/2282
f 2649/3045/2282 2689/3046/2302 2682/3012/2283 2650/3011/2282
f 2667/3047/2303 2683/3048/2304 2681/3049/2305 2665/3050/2306
f 2673/3051/2307 2698/3052/2308 2700/2998/2269 2674/2997/2268
f 2672/3053/2309 2696/3054/2310 2698/3052/2308 2673/3051/2307
f 2671/3055/2311 2694/3056/2312 2696/3054/2310 2672/3053/2309
f 2654/3018/2282 2688/3017/2286 2689/3046/2302 2649/3045/2282
f 2680/3010/2281 2712/3009/2280 2685/3057/2313 2668/3058/2314
f 2668/3058/2314 2685/3057/2313 2683/3048/2304 2667/3047/2303
f 2669/3044/2301 2687/3043/2300 2692/3059/2315 2670/3060/2316
f 2670/3060/2316 2692/3059/2315 2694/3056/2312 2671/3055/2311
f 2688/3017/2286 2687/3043/2300 2690/3042/2299 2689/3046/2302
f 2686/3020/2287 2685/3057/2313 2712/3009/2280 2711/3021/2288
f 2711/3021/2288 2712/3009/2280 2710/3007/2278 2709/3023/2289
f 2709/3023/2289 2710/3007/2278 2708/3005/2276 2707/3025/2290
f 2707/3025/2290 2708/3005/2276 2706/3003/2274 2705/3027/2291
f 2705/3027/2291 2706/3003/2274 2704/3001/2272 2703/3029/2292
f 2703/3029/2292 2704/3001/2272 2702/2999/2270 2701/3031/2293
f 2701/3031/2293 2702/2999/2270 2700/2998/2269 2699/3033/2294
f 2699/3033/2294 2700/2998/2269 2698/3052/2308 2697/3035/2295
f 2697/3035/2295 2698/3052/2308 2696/3054/2310 2695/3037/2296
f 2695/3037/2296 2696/3054/2310 2694/3056/2312 2693/3039/2297
f 2693/3039/2297 2694/3056/2312 2692/3059/2315 2691/3016/2285
f 2691/3016/2285 2692/3059/2315 2687/3043/2300 2688/3017/2286
f 2684/3013/2284 2683/3048/2304 2685/3057/2313 2686/3020/2287
f 2682/3012/2283 2681/3049/2305 2683/3048/2304 2684/3013/2284
f 2689/3046/2302 2690/3042/2299 2681/3049/2305 2682/3012/2283
f 2665/3050/2306 2681/3049/2305 2690/3042/2299 2666/3041/2298
f 2738/3061/2317 2764/3062/2318 2766/3063/2319 2739/3064/2320
f 2739/3064/2320 2766/3063/2319 2768/3065/2321 2740/3066/2322
f 2740/3066/2322 2768/3065/2321 2770/3067/2323 2741/3068/2324
f 2741/3068/2324 2770/3067/2323 2772/3069/2325 2742/3070/2316
f 2742/3070/2316 2772/3069/2325 2774/3071/2326 2743/3072/2327
f 2743/3072/2327 2774/3071/2326 2776/3073/2328 2744/3074/2329
f 2714/3075/2330 2746/3076/2331 2748/3077/2332 2715/3078/2330
f 2717/3079/2330 2755/3080/2333 2752/3081/2334 2718/3082/2330
f 2716/3083/2330 2750/3084/2335 2775/3085/2336 2728/3086/2330
f 2728/3086/2330 2775/3085/2336 2773/3087/2337 2727/3088/2330
f 2727/3088/2330 2773/3087/2337 2771/3089/2338 2726/3090/2330
f 2726/3090/2330 2771/3089/2338 2769/3091/2339 2725/3092/2330
f 2725/3092/2330 2769/3091/2339 2767/3093/2340 2724/3094/2330
f 2724/3094/2330 2767/3093/2340 2765/3095/2341 2723/3096/2330
f 2723/3096/2330 2765/3095/2341 2763/3097/2342 2722/3098/2330
f 2722/3098/2330 2763/3097/2342 2761/3099/2343 2721/3100/2330
f 2721/3100/2330 2761/3099/2343 2759/3101/2344 2720/3102/2330
f 2720/3102/2330 2759/3101/2344 2757/3103/2345 2719/3104/2330
f 2719/3104/2330 2757/3103/2345 2755/3080/2333 2717/3079/2330
f 2730/3105/2346 2754/3106/2347 2751/3107/2348 2733/3108/2349
f 2715/3078/2330 2748/3077/2332 2750/3084/2335 2716/3083/2330
f 2713/3109/2330 2753/3110/2350 2746/3076/2331 2714/3075/2330
f 2731/3111/2351 2747/3112/2352 2745/3113/2353 2729/3114/2354
f 2737/3115/2355 2762/3116/2356 2764/3062/2318 2738/3061/2317
f 2736/3117/2357 2760/3118/2358 2762/3116/2356 2737/3115/2355
f 2735/3119/2359 2758/3120/2360 2760/3118/2358 2736/3117/2357
f 2718/3082/2330 2752/3081/2334 2753/3110/2350 2713/3109/2330
f 2744/3074/2329 2776/3073/2328 2749/3121/2361 2732/3122/2362
f 2732/3122/2362 2749/3121/2361 2747/3112/2352 2731/3111/2351
f 2733/3108/2349 2751/3107/2348 2756/3123/2363 2734/3124/2277
f 2734/3124/2277 2756/3123/2363 2758/3120/2360 2735/3119/2359
f 2752/3081/2334 2751/3107/2348 2754/3106/2347 2753/3110/2350
f 2750/3084/2335 2749/3121/2361 2776/3073/2328 2775/3085/2336
f 2775/3085/2336 2776/3073/2328 2774/3071/2326 2773/3087/2337
f 2773/3087/2337 2774/3071/2326 2772/3069/2325 2771/3089/2338
f 2771/3089/2338 2772/3069/2325 2770/3067/2323 2769/3091/2339
f 2769/3091/2339 2770/3067/2323 2768/3065/2321 2767/3093/2340
f 2767/3093/2340 2768/3065/2321 2766/3063/2319 2765/3095/2341
f 2765/3095/2341 2766/3063/2319 2764/3062/2318 2763/3097/2342
f 2763/3097/2342 2764/3062/2318 2762/3116/2356 2761/3099/2343
f 2761/3099/2343 2762/3116/2356 2760/3118/2358 2759/3101/2344
f 2759/3101/2344 2760/3118/2358 2758/3120/2360 2757/3103/2345
f 2757/3103/2345 2758/3120/2360 2756/3123/2363 2755/3080/2333
f 2755/3080/2333 2756/3123/2363 2751/3107/2348 2752/3081/2334
f 2748/3077/2332 2747/3112/2352 2749/3121/2361 2750/3084/2335
f 2746/3076/2331 2745/3113/2353 2747/3112/2352 2748/3077/2332
f 2753/3110/2350 2754/3106/2347 2745/3113/2353 2746/3076/2331
f 2729/3114/2354 2745/3113/2353 2754/3106/2347 2730/3105/2346
f 2802/3125/2364 2803/3126/2365 2830/3127/2366 2828/3128/2367
f 2803/3126/2365 2804/3129/2368 2832/3130/2369 2830/3127/2366
f 2804/3129/2368 2805/3131/2370 2834/3132/2371 2832/3130/2369
f 2805/3131/2370 2806/3133/2266 2836/3134/2372 2834/3132/2371
f 2806/3133/2266 2807/3135/2373 2838/3136/2374 2836/3134/2372
f 2807/3135/2373 2808/3137/2375 2840/3138/2376 2838/3136/2374
f 2778/3139/2377 2779/3140/2377 2812/3141/2378 2810/3142/2379
f 2781/3143/2377 2782/3144/2377 2816/3145/2380 2819/3146/2381
f 2780/3147/2377 2792/3148/2377 2839/3149/2382 2814/3150/2383
f 2792/3148/2377 2791/3151/2377 2837/3152/2384 2839/3149/2382
f 2791/3151/2377 2790/3153/2377 2835/3154/2385 2837/3152/2384
f 2790/3153/2377 2789/3155/2377 2833/3156/2386 2835/3154/2385
f 2789/3155/2377 2788/3157/2377 2831/3158/2387 2833/3156/2386
f 2788/3157/2377 2787/3159/2377 2829/3160/2388 2831/3158/2387
f 2787/3159/2377 2786/3161/2377 2827/3162/2389 2829/3160/2388
f 2786/3161/2377 2785/3163/2377 2825/3164/2390 2827/3162/2389
f 2785/3163/2377 2784/3165/2377 2823/3166/2391 2825/3164/2390
f 2784/3165/2377 2783/3167/2377 2821/3168/2392 2823/3166/2391
f 2783/3167/2377 2781/3143/2377 2819/3146/2381 2821/3168/2392
f 2794/3169/2393 2797/3170/2394 2815/3171/2395 2818/3172/2396
f 2779/3140/2377 2780/3147/2377 2814/3150/2383 2812/3141/2378
f 2777/3173/2377 2778/3139/2377 2810/3142/2379 2817/3174/2397
f 2795/3175/2398 2793/3176/2399 2809/3177/2400 2811/3178/2401
f 2801/3179/2402 2802/3125/2364 2828/3128/2367 2826/3180/2403
f 2800/3181/2404 2801/3179/2402 2826/3180/2403 2824/3182/2405
f 2799/3183/2406 2800/3181/2404 2824/3182/2405 2822/3184/2407
f 2782/3144/2377 2777/3173/2377 2817/3174/2397 2816/3145/2380
f 2808/3137/2375 2796/3185/2408 2813/3186/2409 2840/3138/2376
f 2796/3185/2408 2795/3175/2398 2811/3178/2401 2813/3186/2409
f 2797/3170/2394 2798/3187/2227 2820/3188/2410 2815/3171/2395
f 2798/3187/2227 2799/3183/2406 2822/3184/2407 2820/3188/2410
f 2816/3145/2380 2817/3174/2397 2818/3172/2396 2815/3171/2395
f 2814/3150/2383 2839/3149/2382 2840/3138/2376 2813/3186/2409
f 2839/3149/2382 2837/3152/2384 2838/3136/2374 2840/3138/2376
f 2837/3152/2384 2835/3154/2385 2836/3134/2372 2838/3136/2374
f 2835/3154/2385 2833/3156/2386 2834/3132/2371 2836/3134/2372
f 2833/3156/2386 2831/3158/2387 2832/3130/2369 2834/3132/2371
f 2831/3158/2387 2829/3160/2388 2830/3127/2366 2832/3130/2369
f 2829/3160/2388 2827/3162/2389 2828/3128/2367 2830/3127/2366
f 2827/3162/2389 2825/3164/2390 2826/3180/2403 2828/3128/2367
f 2825/3164/2390 2823/3166/2391 2824/3182/2405 2826/3180/2403
f 2823/3166/2391 2821/3168/2392 2822/3184/2407 2824/3182/2405
f 2821/3168/2392 2819/3146/2381 2820/3188/2410 2822/3184/2407
f 2819/3146/2381 2816/3145/2380 2815/3171/2395 2820/3188/2410
f 2812/3141/2378 2814/3150/2383 2813/3186/2409 2811/3178/2401
f 2810/3142/2379 2812/3141/2378 2811/3178/2401 2809/3177/2400
f 2817/3174/2397 2810/3142/2379 2809/3177/2400 2818/3172/2396
f 2793/3176/2399 2794/3169/2393 2818/3172/2396 2809/3177/2400
f 2866/3189/2411 2892/3190/2412 2894/3191/2413 2867/3192/2399
f 2867/3192/2399 2894/3191/2413 2896/3193/2414 2868/3194/2393
f 2868/3194/2393 2896/3193/2414 2898/3195/2415 2869/3196/2394
f 2869/3196/2394 2898/3195/2415 2900/3197/2416 2870/3198/2227
f 2870/3198/2227 2900/3197/2416 2902/3199/2417 2871/3200/2406
f 2871/3200/2406 2902/3199/2417 2904/3201/2418 2872/3202/2404
f 2842/3203/2419 2874/3204/2420 2876/3205/2421 2843/3206/2419
f 2845/3207/2419 2883/3208/2422 2880/3209/2423 2846/3210/2419
f 2844/3211/2419 2878/3212/2424 2903/3213/2425 2856/3214/2419
f 2856/3214/2419 2903/3213/2425 2901/3215/2426 2855/3216/2419
f 2855/3216/2419 2901/3215/2426 2899/3217/2427 2854/3218/2419
f 2854/3218/2419 2899/3217/2427 2897/3219/2428 2853/3220/2419
f 2853/3220/2419 2897/3219/2428 2895/3221/2429 2852/3222/2419
f 2852/3222/2419 2895/3221/2429 2893/3223/2430 2851/3224/2419
f 2851/3224/2419 2893/3223/2430 2891/3225/2431 2850/3226/2419
f 2850/3226/2419 2891/3225/2431 2889/3227/2432 2849/3228/2419
f 2849/3228/2419 2889/3227/2432 2887/3229/2433 2848/3230/2419
f 2848/3230/2419 2887/3229/2433 2885/3231/2434 2847/3232/2419
f 2847/3232/2419 2885/3231/2434 2883/3208/2422 2845/3207/2419
f 2858/3233/2368 2882/3234/2435 2879/3235/2436 2861/3236/2370
f 2843/3206/2419 2876/3205/2421 2878/3212/2424 2844/3211/2419
f 2841/3237/2419 2881/3238/2437 2874/3204/2420 2842/3203/2419
f 2859/3239/2438 2875/3240/2439 2873/3241/2440 2857/3242/2365
f 2865/3243/2408 2890/3244/2441 2892/3190/2412 2866/3189/2411
f 2864/3245/2375 2888/3246/2442 2890/3244/2441 2865/3243/2408
f 2863/3247/2373 2886/3248/2443 2888/3246/2442 2864/3245/2375
f 2846/3210/2419 2880/3209/2423 2881/3238/2437 2841/3237/2419
f 2872/3202/2404 2904/3201/2418 2877/3249/2444 2860/3250/2402
f 2860/3250/2402 2877/3249/2444 2875/3240/2439 2859/3239/2438
f 2861/3236/2370 2879/3235/2436 2884/3251/2445 2862/3252/2266
f 2862/3252/2266 2884/3251/2445 2886/3248/2443 2863/3247/2373
f 2880/3209/2423 2879/3235/2436 2882/3234/2435 2881/3238/2437
f 2878/3212/2424 2877/3249/2444 2904/3201/2418 2903/3213/2425
f 2903/3213/2425 2904/3201/2418 2902/3199/2417 2901/3215/2426
f 2901/3215/2426 2902/3199/2417 2900/3197/2416 2899/3217/2427
f 2899/3217/2427 2900/3197/2416 2898/3195/2415 2897/3219/2428
f 2897/3219/2428 2898/3195/2415 2896/3193/2414 2895/3221/2429
f 2895/3221/2429 2896/3193/2414 2894/3191/2413 2893/3223/2430
f 2893/3223/2430 2894/3191/2413 2892/3190/2412 2891/3225/2431
f 2891/3225/2431 2892/3190/2412 2890/3244/2441 2889/3227/2432
f 2889/3227/2432 2890/3244/2441 2888/3246/2442 2887/3229/2433
f 2887/3229/2433 2888/3246/2442 2886/3248/2443 2885/3231/2434
f 2885/3231/2434 2886/3248/2443 2884/3251/2445 2883/3208/2422
f 2883/3208/2422 2884/3251/2445 2879/3235/2436 2880/3209/2423
f 2876/3205/2421 2875/3240/2439 2877/3249/2444 2878/3212/2424
f 2874/3204/2420 2873/3241/2440 2875/3240/2439 2876/3205/2421
f 2881/3238/2437 2882/3234/2435 2873/3241/2440 2874/3204/2420
f 2857/3242/2365 2873/3241/2440 2882/3234/2435 2858/3233/2368
f 2930/3253/2446 2931/3254/2354 2958/3255/2447 2956/3256/2448
f 2931/3254/2354 2932/3257/2346 2960/3258/2449 2958/3255/2447
f 2932/3257/2346 2933/3259/2349 2962/3260/2450 2960/3258/2449
f 2933/3259/2349 2934/3261/2277 2964/3262/2451 2962/3260/2450
f 2934/3261/2277 2935/3263/2359 2966/3264/2452 2964/3262/2451
f 2935/3263/2359 2936/3265/2357 2968/3266/2453 2966/3264/2452
f 2906/3267/2454 2907/3268/2454 2940/3269/2455 2938/3270/2456
f 2909/3271/2454 2910/3272/2454 2944/3273/2457 2947/3274/2458
f 2908/3275/2454 2920/3276/2454 2967/3277/2459 2942/3278/2460
f 2920/3276/2454 2919/3279/2454 2965/3280/2461 2967/3277/2459
f 2919/3279/2454 2918/3281/2454 2963/3282/2462 2965/3280/2461
f 2918/3281/2454 2917/3283/2454 2961/3284/2463 2963/3282/2462
f 2917/3283/2454 2916/3285/2454 2959/3286/2464 2961/3284/2463
f 2916/3285/2454 2915/3287/2454 2957/3288/2465 2959/3286/2464
f 2915/3287/2454 2914/3289/2454 2955/3290/2466 2957/3288/2465
f 2914/3289/2454 2913/3291/2454 2953/3292/2467 2955/3290/2466
f 2913/3291/2454 2912/3293/2454 2951/3294/2468 2953/3292/2467
f 2912/3293/2454 2911/3295/2454 2949/3296/2469 2951/3294/2468
f 2911/3295/2454 2909/3271/2454 2947/3274/2458 2949/3296/2469
f 2922/3297/2322 2925/3298/2324 2943/3299/2470 2946/3300/2471
f 2907/3268/2454 2908/3275/2454 2942/3278/2460 2940/3269/2455
f 2905/3301/2454 2906/3267/2454 2938/3270/2456 2945/3302/2472
f 2923/3303/2473 2921/3304/2320 2937/3305/2474 2939/3306/2475
f 2929/3307/2362 2930/3253/2446 2956/3256/2448 2954/3308/2476
f 2928/3309/2329 2929/3307/2362 2954/3308/2476 2952/3310/2477
f 2927/3311/2327 2928/3309/2329 2952/3310/2477 2950/3312/2478
f 2910/3272/2454 2905/3301/2454 2945/3302/2472 2944/3273/2457
f 2936/3265/2357 2924/3313/2355 2941/3314/2479 2968/3266/2453
f 2924/3313/2355 2923/3303/2473 2939/3306/2475 2941/3314/2479
f 2925/3298/2324 2926/3315/2316 2948/3316/2480 2943/3299/2470
f 2926/3315/2316 2927/3311/2327 2950/3312/2478 2948/3316/2480
f 2944/3273/2457 2945/3302/2472 2946/3300/2471 2943/3299/2470
f 2942/3278/2460 2967/3277/2459 2968/3266/2453 2941/3314/2479
f 2967/3277/2459 2965/3280/2461 2966/3264/2452 2968/3266/2453
f 2965/3280/2461 2963/3282/2462 2964/3262/2451 2966/3264/2452
f 2963/3282/2462 2961/3284/2463 2962/3260/2450 2964/3262/2451
f 2961/3284/2463 2959/3286/2464 2960/3258/2449 2962/3260/2450
f 2959/3286/2464 2957/3288/2465 2958/3255/2447 2960/3258/2449
f 2957/3288/2465 2955/3290/2466 2956/3256/2448 2958/3255/2447
f 2955/3290/2466 2953/3292/2467 2954/3308/2476 2956/3256/2448
f 2953/3292/2467 2951/3294/2468 2952/3310/2477 2954/3308/2476
f 2951/3294/2468 2949/3296/2469 2950/3312/2478 2952/3310/2477
f 2949/3296/2469 2947/3274/2458 2948/3316/2480 2950/3312/2478
f 2947/3274/2458 2944/3273/2457 2943/3299/2470 2948/3316/2480
f 2940/3269/2455 2942/3278/2460 2941/3314/2479 2939/3306/2475
f 2938/3270/2456 2940/3269/2455 2939/3306/2475 2937/3305/2474
f 2945/3302/2472 2938/3270/2456 2937/3305/2474 2946/3300/2471
f 2921/3304/2320 2922/3297/2322 2946/3300/2471 2937/3305/2474
f 2994/3317/2481 2995/3318/2306 3022/3319/2482 3020/3320/2483
f 2995/3318/2306 2996/3321/2298 3024/3322/2484 3022/3319/2482
f 2996/3321/2298 2997/3323/2301 3026/3324/2485 3024/3322/2484
f 2997/3323/2301 2998/3325/2316 3028/3326/2486 3026/3324/2485
f 2998/3325/2316 2999/3327/2311 3030/3328/2487 3028/3326/2486
f 2999/3327/2311 3000/3329/2309 3032/3330/2488 3030/3328/2487
f 2970/3331/2489 2971/3332/2489 3004/3333/2490 3002/3334/2491
f 2973/3335/2489 2974/3336/2489 3008/3337/2492 3011/3338/2493
f 2972/3339/2489 2984/3340/2489 3031/3341/2494 3006/3342/2495
f 2984/3340/2489 2983/3343/2489 3029/3344/2496 3031/3341/2494
f 2983/3343/2489 2982/3345/2489 3027/3346/2497 3029/3344/2496
f 2982/3345/2489 2981/3347/2489 3025/3348/2498 3027/3346/2497
f 2981/3347/2489 2980/3349/2489 3023/3350/2499 3025/3348/2498
f 2980/3349/2489 2979/3351/2489 3021/3352/2500 3023/3350/2499
f 2979/3351/2489 2978/3353/2489 3019/3354/2501 3021/3352/2500
f 2978/3353/2489 2977/3355/2489 3017/3356/2502 3019/3354/2501
f 2977/3355/2489 2976/3357/2489 3015/3358/2503 3017/3356/2502
f 2976/3357/2489 2975/3359/2489 3013/3360/2504 3015/3358/2503
f 2975/3359/2489 2973/3335/2489 3011/3338/2493 3013/3360/2504
f 2986/3361/2273 2989/3362/2275 3007/3363/2505 3010/3364/2506
f 2971/3332/2489 2972/3339/2489 3006/3342/2495 3004/3333/2490
f 2969/3365/2489 2970/3331/2489 3002/3334/2491 3009/3366/2507
f 2987/3367/2508 2985/3368/2271 3001/3369/2509 3003/3370/2510
f 2993/3371/2314 2994/3317/2481 3020/3320/2483 3018/3372/2511
f 2992/3373/2281 2993/3371/2314 3018/3372/2511 3016/3374/2512
f 2991/3375/2279 2992/3373/2281 3016/3374/2512 3014/3376/2513
f 2974/3336/2489 2969/3365/2489 3009/3366/2507 3008/3337/2492
f 3000/3329/2309 2988/3377/2307 3005/3378/2514 3032/3330/2488
f 2988/3377/2307 2987/3367/2508 3003/3370/2510 3005/3378/2514
f 2989/3362/2275 2990/3379/2277 3012/3380/2515 3007/3363/2505
f 2990/3379/2277 2991/3375/2279 3014/3376/2513 3012/3380/2515
f 3008/3337/2492 3009/3366/2507 3010/3364/2506 3007/3363/2505
f 3006/3342/2495 3031/3341/2494 3032/3330/2488 3005/3378/2514
f 3031/3341/2494 3029/3344/2496 3030/3328/2487 3032/3330/2488
f 3029/3344/2496 3027/3346/2497 3028/3326/2486 3030/3328/2487
f 3027/3346/2497 3025/3348/2498 3026/3324/2485 3028/3326/2486
f 3025/3348/2498 3023/3350/2499 3024/3322/2484 3026/3324/2485
f 3023/3350/2499 3021/3352/2500 3022/3319/2482 3024/3322/2484
f 3021/3352/2500 3019/3354/2501 3020/3320/2483 3022/3319/2482
f 3019/3354/2501 3017/3356/2502 3018/3372/2511 3020/3320/2483
f 3017/3356/2502 3015/3358/2503 3016/3374/2512 3018/3372/2511
f 3015/3358/2503 3013/3360/2504 3014/3376/2513 3016/3374/2512
f 3013/3360/2504 3011/3338/2493 3012/3380/2515 3014/3376/2513
f 3011/3338/2493 3008/3337/2492 3007/3363/2505 3012/3380/2515
f 3004/3333/2490 3006/3342/2495 3005/3378/2514 3003/3370/2510
f 3002/3334/2491 3004/3333/2490 3003/3370/2510 3001/3369/2509
f 3009/3366/2507 3002/3334/2491 3001/3369/2509 3010/3364/2506
f 2985/3368/2271 2986/3361/2273 3010/3364/2506 3001/3369/2509
f 3058/3381/2516 3084/3382/2517 3086/3383/2518 3059/3384/2255
f 3059/3384/2255 3086/3383/2518 3088/3385/2519 3060/3386/2249
f 3060/3386/2249 3088/3385/2519 3090/3387/2520 3061/3388/2250
f 3061/3388/2250 3090/3387/2520 3092/3389/2521 3062/3390/2266
f 3062/3390/2266 3092/3389/2521 3094/3391/2522 3063/3392/2262
f 3063/3392/2262 3094/3391/2522 3096/3393/2523 3064/3394/2260
f 3034/3395/2524 3066/3396/2525 3068/3397/2526 3035/3398/2524
f 3037/3399/2524 3075/3400/2527 3072/3401/2528 3038/3402/2524
f 3036/3403/2524 3070/3404/2529 3095/3405/2530 3048/3406/2524
f 3048/3406/2524 3095/3405/2530 3093/3407/2531 3047/3408/2524
f 3047/3408/2524 3093/3407/2531 3091/3409/2532 3046/3410/2524
f 3046/3410/2524 3091/3409/2532 3089/3411/2533 3045/3412/2524
f 3045/3412/2524 3089/3411/2533 3087/3413/2534 3044/3414/2524
f 3044/3414/2524 3087/3413/2534 3085/3415/2535 3043/3416/2524
f 3043/3416/2524 3085/3415/2535 3083/3417/2536 3042/3418/2524
f 3042/3418/2524 3083/3417/2536 3081/3419/2537 3041/3420/2524
f 3041/3420/2524 3081/3419/2537 3079/3421/2538 3040/3422/2524
f 3040/3422/2524 3079/3421/2538 3077/3423/2539 3039/3424/2524
f 3039/3424/2524 3077/3423/2539 3075/3400/2527 3037/3399/2524
f 3050/3425/2223 3074/3426/2540 3071/3427/2541 3053/3428/2225
f 3035/3398/2524 3068/3397/2526 3070/3404/2529 3036/3403/2524
f 3033/3429/2524 3073/3430/2542 3066/3396/2525 3034/3395/2524
f 3051/3431/2543 3067/3432/2544 3065/3433/2545 3049/3434/2220
f 3057/3435/2264 3082/3436/2546 3084/3382/2517 3058/3381/2516
f 3056/3437/2231 3080/3438/2547 3082/3436/2546 3057/3435/2264
f 3055/3439/2229 3078/3440/2548 3080/3438/2547 3056/3437/2231
f 3038/3402/2524 3072/3401/2528 3073/3430/2542 3033/3429/2524
f 3064/3394/2260 3096/3393/2523 3069/3441/2549 3052/3442/2258
f 3052/3442/2258 3069/3441/2549 3067/3432/2544 3051/3431/2543
f 3053/3428/2225 3071/3427/2541 3076/3443/2550 3054/3444/2227
f 3054/3444/2227 3076/3443/2550 3078/3440/2548 3055/3439/2229
f 3072/3401/2528 3071/3427/2541 3074/3426/2540 3073/3430/2542
f 3070/3404/2529 3069/3441/2549 3096/3393/2523 3095/3405/2530
f 3095/3405/2530 3096/3393/2523 3094/3391/2522 3093/3407/2531
f 3093/3407/2531 3094/3391/2522 3092/3389/2521 3091/3409/2532
f 3091/3409/2532 3092/3389/2521 3090/3387/2520 3089/3411/2533
f 3089/3411/2533 3090/3387/2520 3088/3385/2519 3087/3413/2534
f 3087/3413/2534 3088/3385/2519 3086/3383/2518 3085/3415/2535
f 3085/3415/2535 3086/3383/2518 3084/3382/2517 3083/3417/2536
f 3083/3417/2536 3084/3382/2517 3082/3436/2546 3081/3419/2537
f 3081/3419/2537 3082/3436/2546 3080/3438/2547 3079/3421/2538
f 3079/3421/2538 3080/3438/2547 3078/3440/2548 3077/3423/2539
f 3077/3423/2539 3078/3440/2548 3076/3443/2550 3075/3400/2527
f 3075/3400/2527 3076/3443/2550 3071/3427/2541 3072/3401/2528
f 3068/3397/2526 3067/3432/2544 3069/3441/2549 3070/3404/2529
f 3066/3396/2525 3065/3433/2545 3067/3432/2544 3068/3397/2526
f 3073/3430/2542 3074/3426/2540 3065/3433/2545 3066/3396/2525
f 3049/3434/2220 3065/3433/2545 3074/3426/2540 3050/3425/2223
