# Blender 4.0.2
# www.blender.org
mtllib Bomb_3.mtl
o Bomb_3
v -0.188037 0.000000 -0.281417
v -0.066030 0.000000 -0.331954
v -0.233297 0.181873 0.121523
v -0.188037 0.054902 -0.276010
v -0.129522 0.061004 -0.306686
v -0.066030 0.064761 -0.325576
v -0.188037 0.107694 -0.259995
v -0.129522 0.119663 -0.288891
v -0.066030 0.127033 -0.306686
v -0.188037 0.156347 -0.233990
v -0.129522 0.173723 -0.259995
v -0.066030 0.184424 -0.276010
v -0.233297 0.202086 0.083707
v -0.188037 0.198992 -0.198992
v -0.129522 0.221108 -0.221108
v -0.066030 0.234727 -0.234727
v -0.188037 0.233990 -0.156347
v -0.129522 0.259995 -0.173723
v -0.066030 0.276010 -0.184424
v -0.188037 0.259995 -0.107694
v -0.129522 0.288891 -0.119663
v -0.066030 0.306686 -0.127033
v -0.233297 0.214533 0.042673
v -0.188037 0.276010 -0.054902
v -0.129522 0.306686 -0.061004
v -0.066030 0.325576 -0.064761
v -0.188037 0.281417 0.000000
v -0.129522 0.312694 -0.000000
v -0.066030 0.331954 0.000000
v -0.188037 0.276010 0.054902
v -0.129522 0.306686 0.061004
v -0.066030 0.325576 0.064761
v -0.233297 0.218736 -0.000000
v -0.188037 0.259995 0.107694
v -0.129522 0.288891 0.119663
v -0.066030 0.306685 0.127033
v -0.188037 0.233990 0.156347
v -0.129522 0.259995 0.173723
v -0.066030 0.276010 0.184424
v -0.188037 0.198992 0.198992
v -0.129522 0.221108 0.221108
v -0.066030 0.234727 0.234727
v -0.233297 0.214533 -0.042673
v -0.188037 0.156347 0.233990
v -0.129522 0.173723 0.259995
v -0.066030 0.184424 0.276010
v -0.188037 0.107694 0.259995
v -0.129522 0.119663 0.288891
v -0.066030 0.127033 0.306685
v -0.233297 0.202086 -0.083707
v -0.188037 0.054902 0.276010
v -0.129522 0.061004 0.306685
v -0.066030 0.064761 0.325576
v -0.188037 0.000000 0.281417
v -0.129522 0.000000 0.312694
v -0.066030 -0.000000 0.331954
v -0.188037 -0.054902 0.276010
v -0.129522 -0.061003 0.306685
v -0.066030 -0.064761 0.325576
v -0.188037 -0.107694 0.259995
v -0.129522 -0.119663 0.288891
v -0.066030 -0.127033 0.306685
v -0.233297 0.181873 -0.121523
v -0.188037 -0.156347 0.233990
v -0.129522 -0.173723 0.259995
v -0.066030 -0.184424 0.276010
v -0.188037 -0.198992 0.198992
v -0.129522 -0.221108 0.221108
v -0.066030 -0.234727 0.234727
v -0.188037 -0.233990 0.156347
v -0.129522 -0.259995 0.173723
v -0.066030 -0.276010 0.184424
v -0.233297 0.154670 -0.154670
v -0.188037 -0.259995 0.107694
v -0.129522 -0.288891 0.119663
v -0.066030 -0.306685 0.127033
v -0.188037 -0.276010 0.054902
v -0.129522 -0.306685 0.061004
v -0.066030 -0.325576 0.064761
v -0.188037 -0.281417 -0.000000
v -0.129522 -0.312694 -0.000000
v -0.066030 -0.331954 -0.000000
v -0.233297 0.121523 -0.181873
v -0.188037 -0.276009 -0.054902
v -0.129522 -0.306685 -0.061004
v -0.066030 -0.325575 -0.064761
v -0.188037 -0.259995 -0.107694
v -0.129522 -0.288891 -0.119663
v -0.066030 -0.306685 -0.127033
v -0.188037 -0.233989 -0.156347
v -0.129522 -0.259995 -0.173723
v -0.066030 -0.276009 -0.184424
v -0.188037 -0.198992 -0.198992
v -0.129522 -0.221108 -0.221108
v -0.066030 -0.234727 -0.234727
v -0.188037 -0.156347 -0.233990
v -0.129522 -0.173723 -0.259995
v -0.066030 -0.184424 -0.276010
v -0.233297 0.042673 -0.214533
v -0.188037 -0.107693 -0.259995
v -0.129522 -0.119663 -0.288891
v -0.066030 -0.127033 -0.306685
v -0.233297 0.083707 -0.202086
v -0.188037 -0.054902 -0.276010
v -0.129522 -0.061003 -0.306685
v -0.066030 -0.064761 -0.325575
v -0.129522 0.000000 -0.312694
v -0.023294 0.000000 -0.303802
v -0.023294 0.059269 -0.297965
v -0.023294 0.116260 -0.280677
v -0.023294 0.168784 -0.252602
v -0.023294 0.214821 -0.214821
v -0.023294 0.252602 -0.168784
v -0.023294 0.280677 -0.116260
v -0.023294 0.297965 -0.059269
v -0.023294 0.303802 0.000000
v -0.023294 0.297965 0.059269
v -0.023294 0.280677 0.116260
v -0.023294 0.252602 0.168784
v -0.023294 0.214821 0.214821
v -0.023294 0.168783 0.252602
v -0.023294 0.116260 0.280677
v -0.023294 0.059269 0.297965
v -0.023294 -0.000000 0.303802
v -0.023294 -0.059269 0.297965
v -0.023294 -0.116260 0.280677
v -0.023294 -0.168784 0.252602
v -0.023294 -0.214821 0.214821
v -0.023294 -0.252602 0.168783
v -0.023294 -0.280677 0.116260
v -0.023294 -0.297965 0.059269
v -0.023294 -0.303802 -0.000000
v -0.023294 -0.297965 -0.059269
v -0.023294 -0.280677 -0.116260
v -0.023294 -0.252602 -0.168784
v -0.023294 -0.214820 -0.214821
v -0.023294 -0.168783 -0.252602
v -0.023294 -0.116260 -0.280677
v -0.023294 -0.059269 -0.297965
v -0.032265 0.000000 -0.335280
v -0.024063 0.000000 -0.328515
v -0.026771 0.000000 -0.333603
v -0.024063 0.064090 -0.322203
v -0.032265 0.065410 -0.328837
v -0.026771 0.065083 -0.327193
v -0.024063 0.125717 -0.303508
v -0.032265 0.128306 -0.309758
v -0.026771 0.127664 -0.308209
v -0.024063 0.182513 -0.273150
v -0.032265 0.186271 -0.278775
v -0.026771 0.185340 -0.277381
v -0.024063 0.232295 -0.232295
v -0.032265 0.237078 -0.237078
v -0.026771 0.235893 -0.235893
v -0.024063 0.273150 -0.182513
v -0.032265 0.278775 -0.186271
v -0.026771 0.277381 -0.185340
v -0.024063 0.303508 -0.125717
v -0.032265 0.309758 -0.128306
v -0.026771 0.308209 -0.127664
v -0.024063 0.322203 -0.064090
v -0.032265 0.328837 -0.065410
v -0.026771 0.327193 -0.065083
v -0.024063 0.328515 0.000000
v -0.032265 0.335279 0.000000
v -0.026771 0.333603 0.000000
v -0.024063 0.322203 0.064090
v -0.032265 0.328837 0.065410
v -0.026771 0.327193 0.065083
v -0.024063 0.303508 0.125717
v -0.032265 0.309758 0.128306
v -0.026771 0.308209 0.127664
v -0.024063 0.273150 0.182513
v -0.032265 0.278775 0.186271
v -0.026771 0.277380 0.185340
v -0.024063 0.232295 0.232295
v -0.032265 0.237078 0.237078
v -0.026771 0.235893 0.235893
v -0.024063 0.182513 0.273150
v -0.032266 0.186271 0.278775
v -0.026771 0.185340 0.277380
v -0.024063 0.125717 0.303508
v -0.032266 0.128306 0.309758
v -0.026771 0.127664 0.308209
v -0.024063 0.064090 0.322203
v -0.032266 0.065410 0.328837
v -0.026771 0.065083 0.327193
v -0.024063 -0.000000 0.328515
v -0.032266 -0.000000 0.335279
v -0.026771 -0.000000 0.333603
v -0.024063 -0.064090 0.322202
v -0.032266 -0.065410 0.328837
v -0.026771 -0.065083 0.327192
v -0.024063 -0.125717 0.303508
v -0.032266 -0.128306 0.309758
v -0.026771 -0.127664 0.308209
v -0.024063 -0.182513 0.273150
v -0.032266 -0.186271 0.278774
v -0.026771 -0.185340 0.277380
v -0.024063 -0.232295 0.232295
v -0.032266 -0.237078 0.237078
v -0.026771 -0.235893 0.235893
v -0.024063 -0.273150 0.182513
v -0.032266 -0.278775 0.186271
v -0.026771 -0.277380 0.185340
v -0.024063 -0.303508 0.125717
v -0.032266 -0.309758 0.128306
v -0.026771 -0.308209 0.127664
v -0.024063 -0.322202 0.064090
v -0.032266 -0.328837 0.065410
v -0.026771 -0.327192 0.065083
v -0.024063 -0.328515 -0.000000
v -0.032266 -0.335279 -0.000000
v -0.026771 -0.333602 -0.000000
v -0.024063 -0.322202 -0.064090
v -0.032266 -0.328837 -0.065410
v -0.026771 -0.327192 -0.065083
v -0.024063 -0.303508 -0.125717
v -0.032266 -0.309758 -0.128306
v -0.026771 -0.308208 -0.127664
v -0.024063 -0.273150 -0.182513
v -0.032266 -0.278774 -0.186271
v -0.026771 -0.277380 -0.185340
v -0.024063 -0.232295 -0.232295
v -0.032266 -0.237078 -0.237078
v -0.026771 -0.235892 -0.235893
v -0.024063 -0.182513 -0.273150
v -0.032266 -0.186271 -0.278775
v -0.026771 -0.185339 -0.277380
v -0.024063 -0.125717 -0.303508
v -0.032265 -0.128306 -0.309758
v -0.026771 -0.127664 -0.308208
v -0.024063 -0.064090 -0.322202
v -0.032265 -0.065410 -0.328837
v -0.026771 -0.065082 -0.327192
v -0.233362 0.047645 -0.239527
v -0.233362 0.093459 -0.225629
v -0.233362 0.135681 -0.203061
v -0.233362 0.172689 -0.172689
v -0.233362 0.203061 -0.135681
v -0.233362 0.225629 -0.093459
v -0.233362 0.239527 -0.047645
v -0.233362 0.244219 -0.000000
v -0.233362 0.239527 0.047645
v -0.233362 0.225629 0.093459
v -0.233363 0.203061 0.135681
v -0.233363 0.172689 0.172689
v -0.233363 0.135681 0.203061
v -0.233363 0.093459 0.225629
v -0.233363 0.047645 0.239527
v -0.233363 0.000000 0.244219
v -0.233363 -0.047645 0.239527
v -0.233363 -0.093459 0.225629
v -0.233363 -0.135681 0.203061
v -0.233363 -0.172689 0.172689
v -0.233363 -0.203061 0.135681
v -0.233363 -0.225629 0.093459
v -0.233363 -0.239527 0.047645
v -0.233363 -0.244219 -0.000000
v -0.233363 -0.239526 -0.047645
v -0.233363 -0.225629 -0.093459
v -0.233363 -0.203061 -0.135681
v -0.233363 -0.172689 -0.172689
v -0.233363 -0.135681 -0.203061
v -0.233363 -0.093459 -0.225629
v -0.233363 -0.047645 -0.239527
v -0.233363 0.000000 -0.244219
v -0.233297 0.154670 0.154670
v -0.233297 0.121523 0.181873
v -0.233297 0.083707 0.202086
v -0.233297 0.042673 0.214533
v -0.233297 0.000000 0.218736
v -0.233297 -0.042673 0.214533
v -0.233297 -0.083707 0.202086
v -0.233297 -0.121523 0.181873
v -0.233297 -0.154670 0.154670
v -0.233297 -0.181872 0.121523
v -0.233297 -0.202086 0.083707
v -0.233297 -0.214533 0.042673
v -0.233297 -0.218736 -0.000000
v -0.233297 -0.214533 -0.042673
v -0.233297 -0.202086 -0.083707
v -0.233297 -0.181872 -0.121523
v -0.233297 -0.154670 -0.154670
v -0.233297 -0.121523 -0.181873
v -0.233297 -0.083707 -0.202086
v -0.233297 -0.042673 -0.214533
v -0.233297 0.000000 -0.218736
v 0.188037 0.000000 -0.281417
v 0.066030 0.000000 -0.331954
v 0.233297 0.181873 0.121523
v 0.188037 0.054902 -0.276010
v 0.129522 0.061004 -0.306686
v 0.066030 0.064761 -0.325576
v 0.188037 0.107694 -0.259995
v 0.129522 0.119663 -0.288891
v 0.066030 0.127033 -0.306686
v 0.188037 0.156347 -0.233990
v 0.129522 0.173723 -0.259995
v 0.066030 0.184424 -0.276010
v 0.233297 0.202086 0.083707
v 0.188037 0.198992 -0.198992
v 0.129522 0.221108 -0.221108
v 0.066030 0.234727 -0.234727
v 0.188037 0.233990 -0.156347
v 0.129522 0.259995 -0.173723
v 0.066030 0.276010 -0.184424
v 0.188037 0.259995 -0.107694
v 0.129522 0.288891 -0.119663
v 0.066030 0.306686 -0.127033
v 0.233297 0.214533 0.042673
v 0.188037 0.276010 -0.054902
v 0.129522 0.306686 -0.061004
v 0.066030 0.325576 -0.064761
v 0.188037 0.281417 0.000000
v 0.129522 0.312694 -0.000000
v 0.066030 0.331954 0.000000
v 0.188037 0.276010 0.054902
v 0.129522 0.306686 0.061004
v 0.066030 0.325576 0.064761
v 0.233297 0.218736 -0.000000
v 0.188037 0.259995 0.107694
v 0.129522 0.288891 0.119663
v 0.066030 0.306685 0.127033
v 0.188037 0.233990 0.156347
v 0.129522 0.259995 0.173723
v 0.066030 0.276010 0.184424
v 0.188037 0.198992 0.198992
v 0.129522 0.221108 0.221108
v 0.066030 0.234727 0.234727
v 0.233297 0.214533 -0.042673
v 0.188037 0.156347 0.233990
v 0.129522 0.173723 0.259995
v 0.066030 0.184424 0.276010
v 0.188037 0.107694 0.259995
v 0.129522 0.119663 0.288891
v 0.066030 0.127033 0.306685
v 0.233297 0.202086 -0.083707
v 0.188037 0.054902 0.276010
v 0.129522 0.061004 0.306685
v 0.066030 0.064761 0.325576
v 0.188037 0.000000 0.281417
v 0.129522 0.000000 0.312694
v 0.066030 -0.000000 0.331954
v 0.188037 -0.054902 0.276010
v 0.129522 -0.061003 0.306685
v 0.066030 -0.064761 0.325576
v 0.188037 -0.107694 0.259995
v 0.129522 -0.119663 0.288891
v 0.066030 -0.127033 0.306685
v 0.233297 0.181873 -0.121523
v 0.188037 -0.156347 0.233990
v 0.129522 -0.173723 0.259995
v 0.066030 -0.184424 0.276010
v 0.188037 -0.198992 0.198992
v 0.129522 -0.221108 0.221108
v 0.066030 -0.234727 0.234727
v 0.188037 -0.233990 0.156347
v 0.129522 -0.259995 0.173723
v 0.066030 -0.276010 0.184424
v 0.233297 0.154670 -0.154670
v 0.188037 -0.259995 0.107694
v 0.129522 -0.288891 0.119663
v 0.066030 -0.306685 0.127033
v 0.188037 -0.276010 0.054902
v 0.129522 -0.306685 0.061004
v 0.066030 -0.325576 0.064761
v 0.188037 -0.281417 -0.000000
v 0.129522 -0.312694 -0.000000
v 0.066030 -0.331954 -0.000000
v 0.233297 0.121523 -0.181873
v 0.188037 -0.276009 -0.054902
v 0.129522 -0.306685 -0.061004
v 0.066030 -0.325575 -0.064761
v 0.188037 -0.259995 -0.107694
v 0.129522 -0.288891 -0.119663
v 0.066030 -0.306685 -0.127033
v 0.188037 -0.233989 -0.156347
v 0.129522 -0.259995 -0.173723
v 0.066030 -0.276009 -0.184424
v 0.188037 -0.198992 -0.198992
v 0.129522 -0.221108 -0.221108
v 0.066030 -0.234727 -0.234727
v 0.188037 -0.156347 -0.233990
v 0.129522 -0.173723 -0.259995
v 0.066030 -0.184424 -0.276010
v 0.233297 0.042673 -0.214533
v 0.188037 -0.107693 -0.259995
v 0.129522 -0.119663 -0.288891
v 0.066030 -0.127033 -0.306685
v 0.233297 0.083707 -0.202086
v 0.188037 -0.054902 -0.276010
v 0.129522 -0.061003 -0.306685
v 0.066030 -0.064761 -0.325575
v 0.129522 0.000000 -0.312694
v 0.023294 0.000000 -0.303802
v 0.023294 0.059269 -0.297965
v 0.023294 0.116260 -0.280677
v 0.023294 0.168784 -0.252602
v 0.023294 0.214821 -0.214821
v 0.023294 0.252602 -0.168784
v 0.023294 0.280677 -0.116260
v 0.023294 0.297965 -0.059269
v 0.023294 0.303802 0.000000
v 0.023294 0.297965 0.059269
v 0.023294 0.280677 0.116260
v 0.023294 0.252602 0.168784
v 0.023294 0.214821 0.214821
v 0.023294 0.168783 0.252602
v 0.023294 0.116260 0.280677
v 0.023294 0.059269 0.297965
v 0.023294 -0.000000 0.303802
v 0.023294 -0.059269 0.297965
v 0.023294 -0.116260 0.280677
v 0.023294 -0.168784 0.252602
v 0.023294 -0.214821 0.214821
v 0.023294 -0.252602 0.168783
v 0.023294 -0.280677 0.116260
v 0.023294 -0.297965 0.059269
v 0.023294 -0.303802 -0.000000
v 0.023294 -0.297965 -0.059269
v 0.023294 -0.280677 -0.116260
v 0.023294 -0.252602 -0.168784
v 0.023294 -0.214820 -0.214821
v 0.023294 -0.168783 -0.252602
v 0.023294 -0.116260 -0.280677
v 0.023294 -0.059269 -0.297965
v 0.032265 0.000000 -0.335280
v 0.024063 0.000000 -0.328515
v 0.026771 0.000000 -0.333603
v 0.024063 0.064090 -0.322203
v 0.032265 0.065410 -0.328837
v 0.026771 0.065083 -0.327193
v 0.024063 0.125717 -0.303508
v 0.032265 0.128306 -0.309758
v 0.026771 0.127664 -0.308209
v 0.024063 0.182513 -0.273150
v 0.032265 0.186271 -0.278775
v 0.026771 0.185340 -0.277381
v 0.024063 0.232295 -0.232295
v 0.032265 0.237078 -0.237078
v 0.026771 0.235893 -0.235893
v 0.024063 0.273150 -0.182513
v 0.032265 0.278775 -0.186271
v 0.026771 0.277381 -0.185340
v 0.024063 0.303508 -0.125717
v 0.032265 0.309758 -0.128306
v 0.026771 0.308209 -0.127664
v 0.024063 0.322203 -0.064090
v 0.032265 0.328837 -0.065410
v 0.026771 0.327193 -0.065083
v 0.024063 0.328515 0.000000
v 0.032265 0.335279 0.000000
v 0.026771 0.333603 0.000000
v 0.024063 0.322203 0.064090
v 0.032265 0.328837 0.065410
v 0.026771 0.327193 0.065083
v 0.024063 0.303508 0.125717
v 0.032265 0.309758 0.128306
v 0.026771 0.308209 0.127664
v 0.024063 0.273150 0.182513
v 0.032265 0.278775 0.186271
v 0.026771 0.277380 0.185340
v 0.024063 0.232295 0.232295
v 0.032265 0.237078 0.237078
v 0.026771 0.235893 0.235893
v 0.024063 0.182513 0.273150
v 0.032266 0.186271 0.278775
v 0.026771 0.185340 0.277380
v 0.024063 0.125717 0.303508
v 0.032266 0.128306 0.309758
v 0.026771 0.127664 0.308209
v 0.024063 0.064090 0.322203
v 0.032266 0.065410 0.328837
v 0.026771 0.065083 0.327193
v 0.024063 -0.000000 0.328515
v 0.032266 -0.000000 0.335279
v 0.026771 -0.000000 0.333603
v 0.024063 -0.064090 0.322202
v 0.032266 -0.065410 0.328837
v 0.026771 -0.065083 0.327192
v 0.024063 -0.125717 0.303508
v 0.032266 -0.128306 0.309758
v 0.026771 -0.127664 0.308209
v 0.024063 -0.182513 0.273150
v 0.032266 -0.186271 0.278774
v 0.026771 -0.185340 0.277380
v 0.024063 -0.232295 0.232295
v 0.032266 -0.237078 0.237078
v 0.026771 -0.235893 0.235893
v 0.024063 -0.273150 0.182513
v 0.032266 -0.278775 0.186271
v 0.026771 -0.277380 0.185340
v 0.024063 -0.303508 0.125717
v 0.032266 -0.309758 0.128306
v 0.026771 -0.308209 0.127664
v 0.024063 -0.322202 0.064090
v 0.032266 -0.328837 0.065410
v 0.026771 -0.327192 0.065083
v 0.024063 -0.328515 -0.000000
v 0.032266 -0.335279 -0.000000
v 0.026771 -0.333602 -0.000000
v 0.024063 -0.322202 -0.064090
v 0.032266 -0.328837 -0.065410
v 0.026771 -0.327192 -0.065083
v 0.024063 -0.303508 -0.125717
v 0.032266 -0.309758 -0.128306
v 0.026771 -0.308208 -0.127664
v 0.024063 -0.273150 -0.182513
v 0.032266 -0.278774 -0.186271
v 0.026771 -0.277380 -0.185340
v 0.024063 -0.232295 -0.232295
v 0.032266 -0.237078 -0.237078
v 0.026771 -0.235892 -0.235893
v 0.024063 -0.182513 -0.273150
v 0.032266 -0.186271 -0.278775
v 0.026771 -0.185339 -0.277380
v 0.024063 -0.125717 -0.303508
v 0.032265 -0.128306 -0.309758
v 0.026771 -0.127664 -0.308208
v 0.024063 -0.064090 -0.322202
v 0.032265 -0.065410 -0.328837
v 0.026771 -0.065082 -0.327192
v 0.233362 0.047645 -0.239527
v 0.233362 0.093459 -0.225629
v 0.233362 0.135681 -0.203061
v 0.233362 0.172689 -0.172689
v 0.233362 0.203061 -0.135681
v 0.233362 0.225629 -0.093459
v 0.233362 0.239527 -0.047645
v 0.233362 0.244219 -0.000000
v 0.233362 0.239527 0.047645
v 0.233362 0.225629 0.093459
v 0.233363 0.203061 0.135681
v 0.233363 0.172689 0.172689
v 0.233363 0.135681 0.203061
v 0.233363 0.093459 0.225629
v 0.233363 0.047645 0.239527
v 0.233363 0.000000 0.244219
v 0.233363 -0.047645 0.239527
v 0.233363 -0.093459 0.225629
v 0.233363 -0.135681 0.203061
v 0.233363 -0.172689 0.172689
v 0.233363 -0.203061 0.135681
v 0.233363 -0.225629 0.093459
v 0.233363 -0.239527 0.047645
v 0.233363 -0.244219 -0.000000
v 0.233363 -0.239526 -0.047645
v 0.233363 -0.225629 -0.093459
v 0.233363 -0.203061 -0.135681
v 0.233363 -0.172689 -0.172689
v 0.233363 -0.135681 -0.203061
v 0.233363 -0.093459 -0.225629
v 0.233363 -0.047645 -0.239527
v 0.233363 0.000000 -0.244219
v 0.233297 0.154670 0.154670
v 0.233297 0.121523 0.181873
v 0.233297 0.083707 0.202086
v 0.233297 0.042673 0.214533
v 0.233297 0.000000 0.218736
v 0.233297 -0.042673 0.214533
v 0.233297 -0.083707 0.202086
v 0.233297 -0.121523 0.181873
v 0.233297 -0.154670 0.154670
v 0.233297 -0.181872 0.121523
v 0.233297 -0.202086 0.083707
v 0.233297 -0.214533 0.042673
v 0.233297 -0.218736 -0.000000
v 0.233297 -0.214533 -0.042673
v 0.233297 -0.202086 -0.083707
v 0.233297 -0.181872 -0.121523
v 0.233297 -0.154670 -0.154670
v 0.233297 -0.121523 -0.181873
v 0.233297 -0.083707 -0.202086
v 0.233297 -0.042673 -0.214533
v 0.233297 0.000000 -0.218736
v -0.149764 0.067509 0.289435
v -0.154878 0.055922 0.299319
v -0.131236 0.064205 0.299022
v -0.139530 0.053185 0.307261
v -0.114521 0.054616 0.307671
v -0.125685 0.045242 0.314425
v -0.101256 0.039681 0.314534
v -0.114697 0.032870 0.320110
v -0.092740 0.020862 0.318941
v -0.107642 0.017281 0.323761
v -0.089805 -0.000000 0.320459
v -0.105212 -0.000000 0.325018
v -0.092740 -0.020862 0.318941
v -0.107642 -0.017281 0.323761
v -0.101256 -0.039681 0.314534
v -0.114697 -0.032870 0.320110
v -0.114521 -0.054616 0.307671
v -0.125685 -0.045242 0.314425
v -0.131236 -0.064205 0.299022
v -0.139530 -0.053185 0.307261
v -0.149764 -0.067510 0.289435
v -0.154878 -0.055922 0.299319
v -0.168292 -0.064205 0.279848
v -0.170226 -0.053185 0.291378
v -0.185006 -0.054616 0.271199
v -0.184072 -0.045242 0.284213
v -0.198271 -0.039681 0.264335
v -0.195059 -0.032870 0.278528
v -0.206787 -0.020862 0.259929
v -0.202114 -0.017281 0.274878
v -0.209722 -0.000000 0.258410
v -0.204545 -0.000000 0.273620
v -0.206787 0.020862 0.259929
v -0.202114 0.017281 0.274878
v -0.198271 0.039681 0.264335
v -0.195059 0.032870 0.278528
v -0.185006 0.054616 0.271199
v -0.184072 0.045242 0.284213
v -0.168292 0.064205 0.279848
v -0.170226 0.053185 0.291378
v -0.136350 0.064205 0.308906
v -0.154878 0.067509 0.299319
v -0.119636 0.054616 0.317555
v -0.106371 0.039681 0.324419
v -0.097854 0.020862 0.328825
v -0.094920 -0.000000 0.330344
v -0.097854 -0.020862 0.328825
v -0.106371 -0.039681 0.324419
v -0.119636 -0.054616 0.317555
v -0.136350 -0.064205 0.308906
v -0.154878 -0.067510 0.299319
v -0.173406 -0.064205 0.289732
v -0.190121 -0.054616 0.281083
v -0.203386 -0.039681 0.274220
v -0.211902 -0.020862 0.269813
v -0.214837 -0.000000 0.268295
v -0.211902 0.020862 0.269813
v -0.203386 0.039681 0.274220
v -0.190121 0.054616 0.281083
v -0.173406 0.064205 0.289732
v -0.199742 0.028353 0.470939
v -0.176103 0.028353 0.425254
v -0.259582 0.039024 0.439975
v -0.235943 0.039024 0.394291
v -0.247639 -0.045875 0.446155
v -0.224001 -0.045875 0.400471
v -0.193657 0.014906 0.474087
v -0.170018 0.014906 0.428403
v -0.210762 0.048236 0.407321
v -0.234401 0.048236 0.453005
v -0.247639 0.045875 0.446155
v -0.224001 0.045875 0.400471
v -0.245421 -0.028353 0.389387
v -0.269060 -0.028353 0.435071
v -0.259582 -0.039024 0.439975
v -0.235943 -0.039024 0.394291
v -0.170018 -0.014906 0.428403
v -0.193657 -0.014906 0.474087
v -0.191560 -0.000000 0.475172
v -0.167921 -0.000000 0.429488
v -0.210762 -0.048236 0.407321
v -0.234401 -0.048236 0.453005
v -0.245421 0.028353 0.389387
v -0.269060 0.028353 0.435071
v -0.185581 0.039024 0.420350
v -0.209219 0.039024 0.466035
v -0.197523 -0.045875 0.414171
v -0.221162 -0.045875 0.459855
v -0.251506 0.014906 0.386238
v -0.275145 0.014906 0.431923
v -0.197523 0.045875 0.414171
v -0.221162 0.045875 0.459855
v -0.185581 -0.039024 0.420350
v -0.209219 -0.039024 0.466035
v -0.253603 -0.000000 0.385153
v -0.277242 -0.000000 0.430838
v -0.176103 -0.028353 0.425254
v -0.199742 -0.028353 0.470939
v -0.251506 -0.014906 0.386238
v -0.275145 -0.014906 0.431923
v -0.275561 -0.032870 0.434106
v -0.271756 -0.030558 0.433676
v -0.274041 -0.032193 0.433196
v -0.248117 -0.030558 0.387992
v -0.249964 -0.032870 0.384637
v -0.249829 -0.032193 0.386403
v -0.257019 -0.017281 0.380987
v -0.254676 -0.016065 0.384598
v -0.256738 -0.016925 0.382828
v -0.278315 -0.016065 0.430282
v -0.282616 -0.017281 0.430456
v -0.280950 -0.016925 0.429621
v -0.188144 -0.017281 0.479339
v -0.190487 -0.016065 0.475728
v -0.188425 -0.016925 0.477497
v -0.166848 -0.016065 0.430043
v -0.162547 -0.017281 0.429870
v -0.164212 -0.016925 0.430704
v -0.169602 -0.032870 0.426219
v -0.173407 -0.030558 0.426650
v -0.171122 -0.032193 0.427129
v -0.197045 -0.030558 0.472334
v -0.195199 -0.032870 0.475689
v -0.195334 -0.032193 0.473922
v -0.259449 -0.000000 0.379729
v -0.256936 -0.000000 0.383429
v -0.259119 -0.000000 0.381596
v -0.280574 -0.000000 0.429113
v -0.285047 -0.000000 0.429198
v -0.283331 -0.000000 0.428389
v -0.180589 -0.045242 0.420534
v -0.183622 -0.042060 0.421364
v -0.181883 -0.044310 0.421561
v -0.207260 -0.042060 0.467048
v -0.206187 -0.045242 0.470003
v -0.206096 -0.044310 0.468354
v -0.235380 0.055922 0.454897
v -0.234401 0.051989 0.453005
v -0.234688 0.054770 0.453559
v -0.210762 0.051989 0.407321
v -0.209783 0.055922 0.405428
v -0.210475 0.054770 0.406766
v -0.194435 0.053185 0.413370
v -0.196494 0.049444 0.414704
v -0.195443 0.052089 0.414544
v -0.220132 0.049444 0.460388
v -0.220032 0.053185 0.462839
v -0.219656 0.052089 0.461337
v -0.257019 0.017281 0.380987
v -0.254676 0.016065 0.384598
v -0.256738 0.016925 0.382828
v -0.278315 0.016065 0.430282
v -0.282616 0.017281 0.430456
v -0.280950 0.016925 0.429621
v -0.194435 -0.053185 0.413370
v -0.196494 -0.049444 0.414704
v -0.195443 -0.052089 0.414544
v -0.220132 -0.049444 0.460388
v -0.220032 -0.053185 0.462839
v -0.219656 -0.052089 0.461337
v -0.180589 0.045242 0.420534
v -0.183622 0.042060 0.421364
v -0.181883 0.044310 0.421561
v -0.207260 0.042060 0.467048
v -0.206187 0.045242 0.470003
v -0.206096 0.044310 0.468354
v -0.249964 0.032870 0.384637
v -0.248117 0.030558 0.387992
v -0.249829 0.032193 0.386403
v -0.271756 0.030558 0.433676
v -0.275561 0.032870 0.434106
v -0.274041 0.032193 0.433196
v -0.209783 -0.055922 0.405428
v -0.210762 -0.051989 0.407321
v -0.210475 -0.054770 0.406766
v -0.234401 -0.051989 0.453005
v -0.235380 -0.055922 0.454897
v -0.234688 -0.054770 0.453559
v -0.169602 0.032870 0.426219
v -0.173407 0.030558 0.426650
v -0.171122 0.032193 0.427129
v -0.197045 0.030558 0.472334
v -0.195199 0.032870 0.475689
v -0.195334 0.032193 0.473922
v -0.238976 0.045242 0.390323
v -0.237902 0.042060 0.393277
v -0.239067 0.044310 0.391972
v -0.261541 0.042060 0.438962
v -0.264573 0.045242 0.439792
v -0.263279 0.044310 0.438765
v -0.225131 -0.053185 0.397487
v -0.225030 -0.049444 0.399938
v -0.225507 -0.052089 0.398988
v -0.248669 -0.049444 0.445622
v -0.250728 -0.053185 0.446956
v -0.249719 -0.052089 0.445781
v -0.162547 0.017281 0.429870
v -0.166848 0.016065 0.430043
v -0.164212 0.016925 0.430704
v -0.190487 0.016065 0.475728
v -0.188144 0.017281 0.479339
v -0.188425 0.016925 0.477497
v -0.225131 0.053185 0.397487
v -0.225030 0.049444 0.399938
v -0.225507 0.052089 0.398988
v -0.248669 0.049444 0.445622
v -0.250728 0.053185 0.446956
v -0.249719 0.052089 0.445781
v -0.238976 -0.045242 0.390323
v -0.237902 -0.042060 0.393277
v -0.239067 -0.044310 0.391972
v -0.261541 -0.042060 0.438962
v -0.264573 -0.045242 0.439792
v -0.263279 -0.044310 0.438765
v -0.160116 -0.000000 0.431127
v -0.164588 -0.000000 0.431213
v -0.161832 -0.000000 0.431936
v -0.188227 -0.000000 0.476897
v -0.185713 -0.000000 0.480597
v -0.186044 -0.000000 0.478729
v -0.245246 -0.000000 0.473965
v -0.228285 0.053185 0.478788
v -0.229946 0.051379 0.480723
v -0.243632 0.055922 0.470846
v -0.244773 0.054024 0.473051
v -0.214439 0.045242 0.485952
v -0.216571 0.043706 0.487644
v -0.203451 0.032870 0.491638
v -0.205956 0.031754 0.493137
v -0.196397 0.017281 0.495288
v -0.199141 0.016694 0.496663
v -0.193966 -0.000000 0.496546
v -0.196792 -0.000000 0.497878
v -0.196397 -0.017281 0.495288
v -0.199141 -0.016694 0.496663
v -0.203451 -0.032870 0.491638
v -0.205956 -0.031754 0.493137
v -0.214439 -0.045242 0.485952
v -0.216571 -0.043706 0.487644
v -0.228285 -0.053185 0.478788
v -0.229946 -0.051380 0.480723
v -0.243632 -0.055922 0.470846
v -0.244773 -0.054024 0.473051
v -0.258980 -0.053185 0.462905
v -0.259600 -0.051380 0.465379
v -0.272826 -0.045242 0.455741
v -0.272976 -0.043706 0.458458
v -0.283814 -0.032870 0.450055
v -0.283591 -0.031754 0.452966
v -0.290868 -0.017281 0.446405
v -0.290406 -0.016694 0.449439
v -0.293299 -0.000000 0.445147
v -0.292754 -0.000000 0.448224
v -0.290868 0.017281 0.446405
v -0.290406 0.016694 0.449439
v -0.283814 0.032870 0.450055
v -0.283591 0.031754 0.452966
v -0.272826 0.045242 0.455741
v -0.272976 0.043706 0.458458
v -0.258980 0.053185 0.462905
v -0.259600 0.051380 0.465379
v -0.245246 0.049441 0.473965
v -0.231677 0.047022 0.480986
v -0.219436 0.039999 0.487320
v -0.209721 0.029061 0.492346
v -0.203484 0.015278 0.495574
v -0.201335 -0.000000 0.496686
v -0.203484 -0.015278 0.495574
v -0.209721 -0.029061 0.492346
v -0.219436 -0.039999 0.487320
v -0.231677 -0.047022 0.480986
v -0.245246 -0.049441 0.473965
v -0.258815 -0.047022 0.466943
v -0.271056 -0.039999 0.460609
v -0.280771 -0.029061 0.455583
v -0.287008 -0.015278 0.452355
v -0.289157 -0.000000 0.451243
v -0.287008 0.015278 0.452355
v -0.280771 0.029061 0.455583
v -0.271056 0.039999 0.460609
v -0.258815 0.047022 0.466943
v 0.149764 0.067509 0.289435
v 0.154878 0.055922 0.299319
v 0.131236 0.064205 0.299022
v 0.139530 0.053185 0.307261
v 0.114521 0.054616 0.307671
v 0.125685 0.045242 0.314425
v 0.101256 0.039681 0.314534
v 0.114697 0.032870 0.320110
v 0.092740 0.020862 0.318941
v 0.107642 0.017281 0.323761
v 0.089805 -0.000000 0.320459
v 0.105212 -0.000000 0.325018
v 0.092740 -0.020862 0.318941
v 0.107642 -0.017281 0.323761
v 0.101256 -0.039681 0.314534
v 0.114697 -0.032870 0.320110
v 0.114521 -0.054616 0.307671
v 0.125685 -0.045242 0.314425
v 0.131236 -0.064205 0.299022
v 0.139530 -0.053185 0.307261
v 0.149764 -0.067510 0.289435
v 0.154878 -0.055922 0.299319
v 0.168292 -0.064205 0.279848
v 0.170226 -0.053185 0.291378
v 0.185006 -0.054616 0.271199
v 0.184072 -0.045242 0.284213
v 0.198271 -0.039681 0.264335
v 0.195059 -0.032870 0.278528
v 0.206787 -0.020862 0.259929
v 0.202114 -0.017281 0.274878
v 0.209722 -0.000000 0.258410
v 0.204545 -0.000000 0.273620
v 0.206787 0.020862 0.259929
v 0.202114 0.017281 0.274878
v 0.198271 0.039681 0.264335
v 0.195059 0.032870 0.278528
v 0.185006 0.054616 0.271199
v 0.184072 0.045242 0.284213
v 0.168292 0.064205 0.279848
v 0.170226 0.053185 0.291378
v 0.136350 0.064205 0.308906
v 0.154878 0.067509 0.299319
v 0.119636 0.054616 0.317555
v 0.106371 0.039681 0.324419
v 0.097854 0.020862 0.328825
v 0.094920 -0.000000 0.330344
v 0.097854 -0.020862 0.328825
v 0.106371 -0.039681 0.324419
v 0.119636 -0.054616 0.317555
v 0.136350 -0.064205 0.308906
v 0.154878 -0.067510 0.299319
v 0.173406 -0.064205 0.289732
v 0.190121 -0.054616 0.281083
v 0.203386 -0.039681 0.274220
v 0.211902 -0.020862 0.269813
v 0.214837 -0.000000 0.268295
v 0.211902 0.020862 0.269813
v 0.203386 0.039681 0.274220
v 0.190121 0.054616 0.281083
v 0.173406 0.064205 0.289732
v 0.199742 0.028353 0.470939
v 0.176103 0.028353 0.425254
v 0.259582 0.039024 0.439975
v 0.235943 0.039024 0.394291
v 0.247639 -0.045875 0.446155
v 0.224001 -0.045875 0.400471
v 0.193657 0.014906 0.474087
v 0.170018 0.014906 0.428403
v 0.210762 0.048236 0.407321
v 0.234401 0.048236 0.453005
v 0.247639 0.045875 0.446155
v 0.224001 0.045875 0.400471
v 0.245421 -0.028353 0.389387
v 0.269060 -0.028353 0.435071
v 0.259582 -0.039024 0.439975
v 0.235943 -0.039024 0.394291
v 0.170018 -0.014906 0.428403
v 0.193657 -0.014906 0.474087
v 0.191560 -0.000000 0.475172
v 0.167921 -0.000000 0.429488
v 0.210762 -0.048236 0.407321
v 0.234401 -0.048236 0.453005
v 0.245421 0.028353 0.389387
v 0.269060 0.028353 0.435071
v 0.185581 0.039024 0.420350
v 0.209219 0.039024 0.466035
v 0.197523 -0.045875 0.414171
v 0.221162 -0.045875 0.459855
v 0.251506 0.014906 0.386238
v 0.275145 0.014906 0.431923
v 0.197523 0.045875 0.414171
v 0.221162 0.045875 0.459855
v 0.185581 -0.039024 0.420350
v 0.209219 -0.039024 0.466035
v 0.253603 -0.000000 0.385153
v 0.277242 -0.000000 0.430838
v 0.176103 -0.028353 0.425254
v 0.199742 -0.028353 0.470939
v 0.251506 -0.014906 0.386238
v 0.275145 -0.014906 0.431923
v 0.275561 -0.032870 0.434106
v 0.271756 -0.030558 0.433676
v 0.274041 -0.032193 0.433196
v 0.248117 -0.030558 0.387992
v 0.249964 -0.032870 0.384637
v 0.249829 -0.032193 0.386403
v 0.257019 -0.017281 0.380987
v 0.254676 -0.016065 0.384598
v 0.256738 -0.016925 0.382828
v 0.278315 -0.016065 0.430282
v 0.282616 -0.017281 0.430456
v 0.280950 -0.016925 0.429621
v 0.188144 -0.017281 0.479339
v 0.190487 -0.016065 0.475728
v 0.188425 -0.016925 0.477497
v 0.166848 -0.016065 0.430043
v 0.162547 -0.017281 0.429870
v 0.164212 -0.016925 0.430704
v 0.169602 -0.032870 0.426219
v 0.173407 -0.030558 0.426650
v 0.171122 -0.032193 0.427129
v 0.197045 -0.030558 0.472334
v 0.195199 -0.032870 0.475689
v 0.195334 -0.032193 0.473922
v 0.259449 -0.000000 0.379729
v 0.256936 -0.000000 0.383429
v 0.259119 -0.000000 0.381596
v 0.280574 -0.000000 0.429113
v 0.285047 -0.000000 0.429198
v 0.283331 -0.000000 0.428389
v 0.180589 -0.045242 0.420534
v 0.183622 -0.042060 0.421364
v 0.181883 -0.044310 0.421561
v 0.207260 -0.042060 0.467048
v 0.206187 -0.045242 0.470003
v 0.206096 -0.044310 0.468354
v 0.235380 0.055922 0.454897
v 0.234401 0.051989 0.453005
v 0.234688 0.054770 0.453559
v 0.210762 0.051989 0.407321
v 0.209783 0.055922 0.405428
v 0.210475 0.054770 0.406766
v 0.194435 0.053185 0.413370
v 0.196494 0.049444 0.414704
v 0.195443 0.052089 0.414544
v 0.220132 0.049444 0.460388
v 0.220032 0.053185 0.462839
v 0.219656 0.052089 0.461337
v 0.257019 0.017281 0.380987
v 0.254676 0.016065 0.384598
v 0.256738 0.016925 0.382828
v 0.278315 0.016065 0.430282
v 0.282616 0.017281 0.430456
v 0.280950 0.016925 0.429621
v 0.194435 -0.053185 0.413370
v 0.196494 -0.049444 0.414704
v 0.195443 -0.052089 0.414544
v 0.220132 -0.049444 0.460388
v 0.220032 -0.053185 0.462839
v 0.219656 -0.052089 0.461337
v 0.180589 0.045242 0.420534
v 0.183622 0.042060 0.421364
v 0.181883 0.044310 0.421561
v 0.207260 0.042060 0.467048
v 0.206187 0.045242 0.470003
v 0.206096 0.044310 0.468354
v 0.249964 0.032870 0.384637
v 0.248117 0.030558 0.387992
v 0.249829 0.032193 0.386403
v 0.271756 0.030558 0.433676
v 0.275561 0.032870 0.434106
v 0.274041 0.032193 0.433196
v 0.209783 -0.055922 0.405428
v 0.210762 -0.051989 0.407321
v 0.210475 -0.054770 0.406766
v 0.234401 -0.051989 0.453005
v 0.235380 -0.055922 0.454897
v 0.234688 -0.054770 0.453559
v 0.169602 0.032870 0.426219
v 0.173407 0.030558 0.426650
v 0.171122 0.032193 0.427129
v 0.197045 0.030558 0.472334
v 0.195199 0.032870 0.475689
v 0.195334 0.032193 0.473922
v 0.238976 0.045242 0.390323
v 0.237902 0.042060 0.393277
v 0.239067 0.044310 0.391972
v 0.261541 0.042060 0.438962
v 0.264573 0.045242 0.439792
v 0.263279 0.044310 0.438765
v 0.225131 -0.053185 0.397487
v 0.225030 -0.049444 0.399938
v 0.225507 -0.052089 0.398988
v 0.248669 -0.049444 0.445622
v 0.250728 -0.053185 0.446956
v 0.249719 -0.052089 0.445781
v 0.162547 0.017281 0.429870
v 0.166848 0.016065 0.430043
v 0.164212 0.016925 0.430704
v 0.190487 0.016065 0.475728
v 0.188144 0.017281 0.479339
v 0.188425 0.016925 0.477497
v 0.225131 0.053185 0.397487
v 0.225030 0.049444 0.399938
v 0.225507 0.052089 0.398988
v 0.248669 0.049444 0.445622
v 0.250728 0.053185 0.446956
v 0.249719 0.052089 0.445781
v 0.238976 -0.045242 0.390323
v 0.237902 -0.042060 0.393277
v 0.239067 -0.044310 0.391972
v 0.261541 -0.042060 0.438962
v 0.264573 -0.045242 0.439792
v 0.263279 -0.044310 0.438765
v 0.160116 -0.000000 0.431127
v 0.164588 -0.000000 0.431213
v 0.161832 -0.000000 0.431936
v 0.188227 -0.000000 0.476897
v 0.185713 -0.000000 0.480597
v 0.186044 -0.000000 0.478729
v 0.245246 -0.000000 0.473965
v 0.228285 0.053185 0.478788
v 0.229946 0.051379 0.480723
v 0.243632 0.055922 0.470846
v 0.244773 0.054024 0.473051
v 0.214439 0.045242 0.485952
v 0.216571 0.043706 0.487644
v 0.203451 0.032870 0.491638
v 0.205956 0.031754 0.493137
v 0.196397 0.017281 0.495288
v 0.199141 0.016694 0.496663
v 0.193966 -0.000000 0.496546
v 0.196792 -0.000000 0.497878
v 0.196397 -0.017281 0.495288
v 0.199141 -0.016694 0.496663
v 0.203451 -0.032870 0.491638
v 0.205956 -0.031754 0.493137
v 0.214439 -0.045242 0.485952
v 0.216571 -0.043706 0.487644
v 0.228285 -0.053185 0.478788
v 0.229946 -0.051380 0.480723
v 0.243632 -0.055922 0.470846
v 0.244773 -0.054024 0.473051
v 0.258980 -0.053185 0.462905
v 0.259600 -0.051380 0.465379
v 0.272826 -0.045242 0.455741
v 0.272976 -0.043706 0.458458
v 0.283814 -0.032870 0.450055
v 0.283591 -0.031754 0.452966
v 0.290868 -0.017281 0.446405
v 0.290406 -0.016694 0.449439
v 0.293299 -0.000000 0.445147
v 0.292754 -0.000000 0.448224
v 0.290868 0.017281 0.446405
v 0.290406 0.016694 0.449439
v 0.283814 0.032870 0.450055
v 0.283591 0.031754 0.452966
v 0.272826 0.045242 0.455741
v 0.272976 0.043706 0.458458
v 0.258980 0.053185 0.462905
v 0.259600 0.051380 0.465379
v 0.245246 0.049441 0.473965
v 0.231677 0.047022 0.480986
v 0.219436 0.039999 0.487320
v 0.209721 0.029061 0.492346
v 0.203484 0.015278 0.495574
v 0.201335 -0.000000 0.496686
v 0.203484 -0.015278 0.495574
v 0.209721 -0.029061 0.492346
v 0.219436 -0.039999 0.487320
v 0.231677 -0.047022 0.480986
v 0.245246 -0.049441 0.473965
v 0.258815 -0.047022 0.466943
v 0.271056 -0.039999 0.460609
v 0.280771 -0.029061 0.455583
v 0.287008 -0.015278 0.452355
v 0.289157 -0.000000 0.451243
v 0.287008 0.015278 0.452355
v 0.280771 0.029061 0.455583
v 0.271056 0.039999 0.460609
v 0.258815 0.047022 0.466943
v -0.149764 0.067510 -0.289435
v -0.154878 0.055922 -0.299319
v -0.131236 0.064205 -0.299022
v -0.139530 0.053185 -0.307261
v -0.114521 0.054616 -0.307671
v -0.125685 0.045242 -0.314425
v -0.101256 0.039681 -0.314534
v -0.114697 0.032870 -0.320110
v -0.092740 0.020862 -0.318941
v -0.107642 0.017281 -0.323761
v -0.089805 0.000000 -0.320459
v -0.105212 0.000000 -0.325018
v -0.092740 -0.020862 -0.318941
v -0.107642 -0.017281 -0.323761
v -0.101256 -0.039681 -0.314534
v -0.114697 -0.032870 -0.320110
v -0.114521 -0.054616 -0.307671
v -0.125685 -0.045242 -0.314425
v -0.131236 -0.064205 -0.299022
v -0.139530 -0.053185 -0.307261
v -0.149764 -0.067509 -0.289435
v -0.154878 -0.055922 -0.299319
v -0.168292 -0.064205 -0.279848
v -0.170226 -0.053185 -0.291378
v -0.185006 -0.054616 -0.271199
v -0.184072 -0.045242 -0.284213
v -0.198271 -0.039681 -0.264335
v -0.195059 -0.032870 -0.278528
v -0.206787 -0.020862 -0.259929
v -0.202114 -0.017281 -0.274878
v -0.209722 0.000000 -0.258410
v -0.204545 0.000000 -0.273620
v -0.206787 0.020862 -0.259929
v -0.202114 0.017281 -0.274878
v -0.198271 0.039681 -0.264335
v -0.195059 0.032870 -0.278528
v -0.185006 0.054616 -0.271199
v -0.184072 0.045242 -0.284213
v -0.168292 0.064205 -0.279848
v -0.170226 0.053185 -0.291378
v -0.136350 0.064205 -0.308906
v -0.154878 0.067510 -0.299319
v -0.119636 0.054616 -0.317555
v -0.106371 0.039681 -0.324419
v -0.097854 0.020862 -0.328825
v -0.094920 0.000000 -0.330344
v -0.097854 -0.020862 -0.328825
v -0.106371 -0.039681 -0.324419
v -0.119636 -0.054616 -0.317555
v -0.136350 -0.064205 -0.308906
v -0.154878 -0.067509 -0.299319
v -0.173406 -0.064205 -0.289732
v -0.190121 -0.054616 -0.281083
v -0.203386 -0.039681 -0.274220
v -0.211902 -0.020862 -0.269813
v -0.214837 0.000000 -0.268295
v -0.211902 0.020862 -0.269813
v -0.203386 0.039681 -0.274220
v -0.190121 0.054616 -0.281083
v -0.173406 0.064205 -0.289732
v -0.199742 0.028353 -0.470939
v -0.176103 0.028353 -0.425254
v -0.259582 0.039024 -0.439975
v -0.235943 0.039024 -0.394291
v -0.247639 -0.045875 -0.446155
v -0.224001 -0.045875 -0.400471
v -0.193657 0.014906 -0.474087
v -0.170018 0.014906 -0.428403
v -0.210762 0.048236 -0.407321
v -0.234401 0.048236 -0.453005
v -0.247639 0.045875 -0.446155
v -0.224001 0.045875 -0.400471
v -0.245421 -0.028353 -0.389387
v -0.269060 -0.028353 -0.435071
v -0.259582 -0.039024 -0.439975
v -0.235943 -0.039024 -0.394291
v -0.170018 -0.014906 -0.428403
v -0.193657 -0.014906 -0.474087
v -0.191560 0.000000 -0.475172
v -0.167921 0.000000 -0.429488
v -0.210762 -0.048236 -0.407321
v -0.234401 -0.048236 -0.453005
v -0.245421 0.028353 -0.389387
v -0.269060 0.028353 -0.435071
v -0.185581 0.039024 -0.420350
v -0.209219 0.039024 -0.466035
v -0.197523 -0.045875 -0.414171
v -0.221162 -0.045875 -0.459855
v -0.251506 0.014906 -0.386238
v -0.275145 0.014906 -0.431923
v -0.197523 0.045875 -0.414171
v -0.221162 0.045875 -0.459855
v -0.185581 -0.039024 -0.420350
v -0.209219 -0.039024 -0.466035
v -0.253603 0.000000 -0.385153
v -0.277242 0.000000 -0.430838
v -0.176103 -0.028353 -0.425254
v -0.199742 -0.028353 -0.470939
v -0.251506 -0.014906 -0.386238
v -0.275145 -0.014906 -0.431923
v -0.275561 -0.032870 -0.434106
v -0.271756 -0.030558 -0.433676
v -0.274041 -0.032193 -0.433196
v -0.248117 -0.030558 -0.387992
v -0.249964 -0.032870 -0.384637
v -0.249829 -0.032193 -0.386403
v -0.257019 -0.017281 -0.380987
v -0.254676 -0.016065 -0.384598
v -0.256738 -0.016925 -0.382828
v -0.278315 -0.016065 -0.430282
v -0.282616 -0.017281 -0.430456
v -0.280950 -0.016925 -0.429621
v -0.188144 -0.017281 -0.479339
v -0.190487 -0.016065 -0.475728
v -0.188425 -0.016925 -0.477497
v -0.166848 -0.016065 -0.430043
v -0.162547 -0.017281 -0.429870
v -0.164212 -0.016925 -0.430704
v -0.169602 -0.032870 -0.426219
v -0.173407 -0.030558 -0.426650
v -0.171122 -0.032193 -0.427129
v -0.197045 -0.030558 -0.472334
v -0.195199 -0.032870 -0.475689
v -0.195334 -0.032193 -0.473922
v -0.259449 0.000000 -0.379729
v -0.256936 0.000000 -0.383429
v -0.259119 0.000000 -0.381596
v -0.280574 0.000000 -0.429113
v -0.285047 0.000000 -0.429198
v -0.283331 0.000000 -0.428389
v -0.180589 -0.045242 -0.420534
v -0.183622 -0.042060 -0.421364
v -0.181883 -0.044310 -0.421561
v -0.207260 -0.042060 -0.467048
v -0.206187 -0.045242 -0.470003
v -0.206096 -0.044310 -0.468354
v -0.235380 0.055922 -0.454897
v -0.234401 0.051989 -0.453005
v -0.234688 0.054770 -0.453559
v -0.210762 0.051989 -0.407321
v -0.209783 0.055922 -0.405428
v -0.210475 0.054770 -0.406766
v -0.194435 0.053185 -0.413370
v -0.196494 0.049444 -0.414704
v -0.195443 0.052089 -0.414544
v -0.220132 0.049444 -0.460388
v -0.220032 0.053185 -0.462839
v -0.219656 0.052089 -0.461337
v -0.257019 0.017281 -0.380987
v -0.254676 0.016065 -0.384598
v -0.256738 0.016925 -0.382828
v -0.278315 0.016065 -0.430282
v -0.282616 0.017281 -0.430456
v -0.280950 0.016925 -0.429621
v -0.194435 -0.053185 -0.413370
v -0.196494 -0.049444 -0.414704
v -0.195443 -0.052089 -0.414544
v -0.220132 -0.049444 -0.460388
v -0.220032 -0.053185 -0.462839
v -0.219656 -0.052089 -0.461337
v -0.180589 0.045242 -0.420534
v -0.183622 0.042060 -0.421364
v -0.181883 0.044310 -0.421561
v -0.207260 0.042060 -0.467048
v -0.206187 0.045242 -0.470003
v -0.206096 0.044310 -0.468354
v -0.249964 0.032870 -0.384637
v -0.248117 0.030558 -0.387992
v -0.249829 0.032193 -0.386403
v -0.271756 0.030558 -0.433676
v -0.275561 0.032870 -0.434106
v -0.274041 0.032193 -0.433196
v -0.209783 -0.055922 -0.405428
v -0.210762 -0.051989 -0.407321
v -0.210475 -0.054770 -0.406766
v -0.234401 -0.051989 -0.453005
v -0.235380 -0.055922 -0.454897
v -0.234688 -0.054770 -0.453559
v -0.169602 0.032870 -0.426219
v -0.173407 0.030558 -0.426650
v -0.171122 0.032193 -0.427129
v -0.197045 0.030558 -0.472334
v -0.195199 0.032870 -0.475689
v -0.195334 0.032193 -0.473922
v -0.238976 0.045242 -0.390323
v -0.237902 0.042060 -0.393277
v -0.239067 0.044310 -0.391972
v -0.261541 0.042060 -0.438962
v -0.264573 0.045242 -0.439792
v -0.263279 0.044310 -0.438765
v -0.225131 -0.053185 -0.397487
v -0.225030 -0.049444 -0.399938
v -0.225507 -0.052089 -0.398988
v -0.248669 -0.049444 -0.445622
v -0.250728 -0.053185 -0.446956
v -0.249719 -0.052089 -0.445781
v -0.162547 0.017281 -0.429870
v -0.166848 0.016065 -0.430043
v -0.164212 0.016925 -0.430704
v -0.190487 0.016065 -0.475728
v -0.188144 0.017281 -0.479339
v -0.188425 0.016925 -0.477497
v -0.225131 0.053185 -0.397487
v -0.225030 0.049444 -0.399938
v -0.225507 0.052089 -0.398988
v -0.248669 0.049444 -0.445622
v -0.250728 0.053185 -0.446956
v -0.249719 0.052089 -0.445781
v -0.238976 -0.045242 -0.390323
v -0.237902 -0.042060 -0.393277
v -0.239067 -0.044310 -0.391972
v -0.261541 -0.042060 -0.438962
v -0.264573 -0.045242 -0.439792
v -0.263279 -0.044310 -0.438765
v -0.160116 0.000000 -0.431127
v -0.164588 0.000000 -0.431213
v -0.161832 0.000000 -0.431936
v -0.188227 0.000000 -0.476897
v -0.185713 0.000000 -0.480597
v -0.186044 0.000000 -0.478729
v -0.245246 0.000000 -0.473965
v -0.228285 0.053185 -0.478788
v -0.229946 0.051380 -0.480723
v -0.243632 0.055922 -0.470846
v -0.244773 0.054024 -0.473051
v -0.214439 0.045242 -0.485952
v -0.216571 0.043706 -0.487644
v -0.203451 0.032870 -0.491638
v -0.205956 0.031754 -0.493137
v -0.196397 0.017281 -0.495288
v -0.199141 0.016694 -0.496663
v -0.193966 0.000000 -0.496546
v -0.196792 0.000000 -0.497878
v -0.196397 -0.017281 -0.495288
v -0.199141 -0.016694 -0.496663
v -0.203451 -0.032870 -0.491638
v -0.205956 -0.031754 -0.493137
v -0.214439 -0.045242 -0.485952
v -0.216571 -0.043706 -0.487644
v -0.228285 -0.053185 -0.478788
v -0.229946 -0.051379 -0.480723
v -0.243632 -0.055922 -0.470846
v -0.244773 -0.054024 -0.473051
v -0.258980 -0.053185 -0.462905
v -0.259600 -0.051379 -0.465379
v -0.272826 -0.045242 -0.455741
v -0.272976 -0.043706 -0.458458
v -0.283814 -0.032870 -0.450055
v -0.283591 -0.031754 -0.452966
v -0.290868 -0.017281 -0.446405
v -0.290406 -0.016694 -0.449439
v -0.293299 0.000000 -0.445147
v -0.292754 0.000000 -0.448224
v -0.290868 0.017281 -0.446405
v -0.290406 0.016694 -0.449439
v -0.283814 0.032870 -0.450055
v -0.283591 0.031754 -0.452966
v -0.272826 0.045242 -0.455741
v -0.272976 0.043706 -0.458458
v -0.258980 0.053185 -0.462905
v -0.259600 0.051380 -0.465379
v -0.245246 0.049441 -0.473965
v -0.231677 0.047022 -0.480986
v -0.219436 0.039999 -0.487320
v -0.209721 0.029061 -0.492346
v -0.203484 0.015278 -0.495574
v -0.201335 0.000000 -0.496686
v -0.203484 -0.015278 -0.495574
v -0.209721 -0.029061 -0.492346
v -0.219436 -0.039999 -0.487320
v -0.231677 -0.047022 -0.480986
v -0.245246 -0.049441 -0.473965
v -0.258815 -0.047022 -0.466943
v -0.271056 -0.039999 -0.460609
v -0.280771 -0.029061 -0.455583
v -0.287008 -0.015278 -0.452355
v -0.289157 0.000000 -0.451243
v -0.287008 0.015278 -0.452355
v -0.280771 0.029061 -0.455583
v -0.271056 0.039999 -0.460609
v -0.258815 0.047022 -0.466943
v 0.149764 0.067510 -0.289435
v 0.154878 0.055922 -0.299319
v 0.131236 0.064205 -0.299022
v 0.139530 0.053185 -0.307261
v 0.114521 0.054616 -0.307671
v 0.125685 0.045242 -0.314425
v 0.101256 0.039681 -0.314534
v 0.114697 0.032870 -0.320110
v 0.092740 0.020862 -0.318941
v 0.107642 0.017281 -0.323761
v 0.089805 0.000000 -0.320459
v 0.105212 0.000000 -0.325018
v 0.092740 -0.020862 -0.318941
v 0.107642 -0.017281 -0.323761
v 0.101256 -0.039681 -0.314534
v 0.114697 -0.032870 -0.320110
v 0.114521 -0.054616 -0.307671
v 0.125685 -0.045242 -0.314425
v 0.131236 -0.064205 -0.299022
v 0.139530 -0.053185 -0.307261
v 0.149764 -0.067509 -0.289435
v 0.154878 -0.055922 -0.299319
v 0.168292 -0.064205 -0.279848
v 0.170226 -0.053185 -0.291378
v 0.185006 -0.054616 -0.271199
v 0.184072 -0.045242 -0.284213
v 0.198271 -0.039681 -0.264335
v 0.195059 -0.032870 -0.278528
v 0.206787 -0.020862 -0.259929
v 0.202114 -0.017281 -0.274878
v 0.209722 0.000000 -0.258410
v 0.204545 0.000000 -0.273620
v 0.206787 0.020862 -0.259929
v 0.202114 0.017281 -0.274878
v 0.198271 0.039681 -0.264335
v 0.195059 0.032870 -0.278528
v 0.185006 0.054616 -0.271199
v 0.184072 0.045242 -0.284213
v 0.168292 0.064205 -0.279848
v 0.170226 0.053185 -0.291378
v 0.136350 0.064205 -0.308906
v 0.154878 0.067510 -0.299319
v 0.119636 0.054616 -0.317555
v 0.106371 0.039681 -0.324419
v 0.097854 0.020862 -0.328825
v 0.094920 0.000000 -0.330344
v 0.097854 -0.020862 -0.328825
v 0.106371 -0.039681 -0.324419
v 0.119636 -0.054616 -0.317555
v 0.136350 -0.064205 -0.308906
v 0.154878 -0.067509 -0.299319
v 0.173406 -0.064205 -0.289732
v 0.190121 -0.054616 -0.281083
v 0.203386 -0.039681 -0.274220
v 0.211902 -0.020862 -0.269813
v 0.214837 0.000000 -0.268295
v 0.211902 0.020862 -0.269813
v 0.203386 0.039681 -0.274220
v 0.190121 0.054616 -0.281083
v 0.173406 0.064205 -0.289732
v 0.199742 0.028353 -0.470939
v 0.176103 0.028353 -0.425254
v 0.259582 0.039024 -0.439975
v 0.235943 0.039024 -0.394291
v 0.247639 -0.045875 -0.446155
v 0.224001 -0.045875 -0.400471
v 0.193657 0.014906 -0.474087
v 0.170018 0.014906 -0.428403
v 0.210762 0.048236 -0.407321
v 0.234401 0.048236 -0.453005
v 0.247639 0.045875 -0.446155
v 0.224001 0.045875 -0.400471
v 0.245421 -0.028353 -0.389387
v 0.269060 -0.028353 -0.435071
v 0.259582 -0.039024 -0.439975
v 0.235943 -0.039024 -0.394291
v 0.170018 -0.014906 -0.428403
v 0.193657 -0.014906 -0.474087
v 0.191560 0.000000 -0.475172
v 0.167921 0.000000 -0.429488
v 0.210762 -0.048236 -0.407321
v 0.234401 -0.048236 -0.453005
v 0.245421 0.028353 -0.389387
v 0.269060 0.028353 -0.435071
v 0.185581 0.039024 -0.420350
v 0.209219 0.039024 -0.466035
v 0.197523 -0.045875 -0.414171
v 0.221162 -0.045875 -0.459855
v 0.251506 0.014906 -0.386238
v 0.275145 0.014906 -0.431923
v 0.197523 0.045875 -0.414171
v 0.221162 0.045875 -0.459855
v 0.185581 -0.039024 -0.420350
v 0.209219 -0.039024 -0.466035
v 0.253603 0.000000 -0.385153
v 0.277242 0.000000 -0.430838
v 0.176103 -0.028353 -0.425254
v 0.199742 -0.028353 -0.470939
v 0.251506 -0.014906 -0.386238
v 0.275145 -0.014906 -0.431923
v 0.275561 -0.032870 -0.434106
v 0.271756 -0.030558 -0.433676
v 0.274041 -0.032193 -0.433196
v 0.248117 -0.030558 -0.387992
v 0.249964 -0.032870 -0.384637
v 0.249829 -0.032193 -0.386403
v 0.257019 -0.017281 -0.380987
v 0.254676 -0.016065 -0.384598
v 0.256738 -0.016925 -0.382828
v 0.278315 -0.016065 -0.430282
v 0.282616 -0.017281 -0.430456
v 0.280950 -0.016925 -0.429621
v 0.188144 -0.017281 -0.479339
v 0.190487 -0.016065 -0.475728
v 0.188425 -0.016925 -0.477497
v 0.166848 -0.016065 -0.430043
v 0.162547 -0.017281 -0.429870
v 0.164212 -0.016925 -0.430704
v 0.169602 -0.032870 -0.426219
v 0.173407 -0.030558 -0.426650
v 0.171122 -0.032193 -0.427129
v 0.197045 -0.030558 -0.472334
v 0.195199 -0.032870 -0.475689
v 0.195334 -0.032193 -0.473922
v 0.259449 0.000000 -0.379729
v 0.256936 0.000000 -0.383429
v 0.259119 0.000000 -0.381596
v 0.280574 0.000000 -0.429113
v 0.285047 0.000000 -0.429198
v 0.283331 0.000000 -0.428389
v 0.180589 -0.045242 -0.420534
v 0.183622 -0.042060 -0.421364
v 0.181883 -0.044310 -0.421561
v 0.207260 -0.042060 -0.467048
v 0.206187 -0.045242 -0.470003
v 0.206096 -0.044310 -0.468354
v 0.235380 0.055922 -0.454897
v 0.234401 0.051989 -0.453005
v 0.234688 0.054770 -0.453559
v 0.210762 0.051989 -0.407321
v 0.209783 0.055922 -0.405428
v 0.210475 0.054770 -0.406766
v 0.194435 0.053185 -0.413370
v 0.196494 0.049444 -0.414704
v 0.195443 0.052089 -0.414544
v 0.220132 0.049444 -0.460388
v 0.220032 0.053185 -0.462839
v 0.219656 0.052089 -0.461337
v 0.257019 0.017281 -0.380987
v 0.254676 0.016065 -0.384598
v 0.256738 0.016925 -0.382828
v 0.278315 0.016065 -0.430282
v 0.282616 0.017281 -0.430456
v 0.280950 0.016925 -0.429621
v 0.194435 -0.053185 -0.413370
v 0.196494 -0.049444 -0.414704
v 0.195443 -0.052089 -0.414544
v 0.220132 -0.049444 -0.460388
v 0.220032 -0.053185 -0.462839
v 0.219656 -0.052089 -0.461337
v 0.180589 0.045242 -0.420534
v 0.183622 0.042060 -0.421364
v 0.181883 0.044310 -0.421561
v 0.207260 0.042060 -0.467048
v 0.206187 0.045242 -0.470003
v 0.206096 0.044310 -0.468354
v 0.249964 0.032870 -0.384637
v 0.248117 0.030558 -0.387992
v 0.249829 0.032193 -0.386403
v 0.271756 0.030558 -0.433676
v 0.275561 0.032870 -0.434106
v 0.274041 0.032193 -0.433196
v 0.209783 -0.055922 -0.405428
v 0.210762 -0.051989 -0.407321
v 0.210475 -0.054770 -0.406766
v 0.234401 -0.051989 -0.453005
v 0.235380 -0.055922 -0.454897
v 0.234688 -0.054770 -0.453559
v 0.169602 0.032870 -0.426219
v 0.173407 0.030558 -0.426650
v 0.171122 0.032193 -0.427129
v 0.197045 0.030558 -0.472334
v 0.195199 0.032870 -0.475689
v 0.195334 0.032193 -0.473922
v 0.238976 0.045242 -0.390323
v 0.237902 0.042060 -0.393277
v 0.239067 0.044310 -0.391972
v 0.261541 0.042060 -0.438962
v 0.264573 0.045242 -0.439792
v 0.263279 0.044310 -0.438765
v 0.225131 -0.053185 -0.397487
v 0.225030 -0.049444 -0.399938
v 0.225507 -0.052089 -0.398988
v 0.248669 -0.049444 -0.445622
v 0.250728 -0.053185 -0.446956
v 0.249719 -0.052089 -0.445781
v 0.162547 0.017281 -0.429870
v 0.166848 0.016065 -0.430043
v 0.164212 0.016925 -0.430704
v 0.190487 0.016065 -0.475728
v 0.188144 0.017281 -0.479339
v 0.188425 0.016925 -0.477497
v 0.225131 0.053185 -0.397487
v 0.225030 0.049444 -0.399938
v 0.225507 0.052089 -0.398988
v 0.248669 0.049444 -0.445622
v 0.250728 0.053185 -0.446956
v 0.249719 0.052089 -0.445781
v 0.238976 -0.045242 -0.390323
v 0.237902 -0.042060 -0.393277
v 0.239067 -0.044310 -0.391972
v 0.261541 -0.042060 -0.438962
v 0.264573 -0.045242 -0.439792
v 0.263279 -0.044310 -0.438765
v 0.160116 0.000000 -0.431127
v 0.164588 0.000000 -0.431213
v 0.161832 0.000000 -0.431936
v 0.188227 0.000000 -0.476897
v 0.185713 0.000000 -0.480597
v 0.186044 0.000000 -0.478729
v 0.245246 0.000000 -0.473965
v 0.228285 0.053185 -0.478788
v 0.229946 0.051380 -0.480723
v 0.243632 0.055922 -0.470846
v 0.244773 0.054024 -0.473051
v 0.214439 0.045242 -0.485952
v 0.216571 0.043706 -0.487644
v 0.203451 0.032870 -0.491638
v 0.205956 0.031754 -0.493137
v 0.196397 0.017281 -0.495288
v 0.199141 0.016694 -0.496663
v 0.193966 0.000000 -0.496546
v 0.196792 0.000000 -0.497878
v 0.196397 -0.017281 -0.495288
v 0.199141 -0.016694 -0.496663
v 0.203451 -0.032870 -0.491638
v 0.205956 -0.031754 -0.493137
v 0.214439 -0.045242 -0.485952
v 0.216571 -0.043706 -0.487644
v 0.228285 -0.053185 -0.478788
v 0.229946 -0.051379 -0.480723
v 0.243632 -0.055922 -0.470846
v 0.244773 -0.054024 -0.473051
v 0.258980 -0.053185 -0.462905
v 0.259600 -0.051379 -0.465379
v 0.272826 -0.045242 -0.455741
v 0.272976 -0.043706 -0.458458
v 0.283814 -0.032870 -0.450055
v 0.283591 -0.031754 -0.452966
v 0.290868 -0.017281 -0.446405
v 0.290406 -0.016694 -0.449439
v 0.293299 0.000000 -0.445147
v 0.292754 0.000000 -0.448224
v 0.290868 0.017281 -0.446405
v 0.290406 0.016694 -0.449439
v 0.283814 0.032870 -0.450055
v 0.283591 0.031754 -0.452966
v 0.272826 0.045242 -0.455741
v 0.272976 0.043706 -0.458458
v 0.258980 0.053185 -0.462905
v 0.259600 0.051380 -0.465379
v 0.245246 0.049441 -0.473965
v 0.231677 0.047022 -0.480986
v 0.219436 0.039999 -0.487320
v 0.209721 0.029061 -0.492346
v 0.203484 0.015278 -0.495574
v 0.201335 0.000000 -0.496686
v 0.203484 -0.015278 -0.495574
v 0.209721 -0.029061 -0.492346
v 0.219436 -0.039999 -0.487320
v 0.231677 -0.047022 -0.480986
v 0.245246 -0.049441 -0.473965
v 0.258815 -0.047022 -0.466943
v 0.271056 -0.039999 -0.460609
v 0.280771 -0.029061 -0.455583
v 0.287008 -0.015278 -0.452355
v 0.289157 0.000000 -0.451243
v 0.287008 0.015278 -0.452355
v 0.280771 0.029061 -0.455583
v 0.271056 0.039999 -0.460609
v 0.258815 0.047022 -0.466943
v -0.149764 0.289435 -0.067509
v -0.154878 0.299319 -0.055922
v -0.131236 0.299022 -0.064205
v -0.139530 0.307261 -0.053185
v -0.114521 0.307671 -0.054616
v -0.125685 0.314425 -0.045242
v -0.101256 0.314534 -0.039681
v -0.114697 0.320110 -0.032870
v -0.092740 0.318941 -0.020862
v -0.107642 0.323761 -0.017281
v -0.089805 0.320459 -0.000000
v -0.105212 0.325018 -0.000000
v -0.092740 0.318941 0.020862
v -0.107642 0.323761 0.017281
v -0.101256 0.314534 0.039681
v -0.114697 0.320110 0.032870
v -0.114521 0.307671 0.054616
v -0.125685 0.314425 0.045242
v -0.131236 0.299022 0.064205
v -0.139530 0.307261 0.053185
v -0.149764 0.289435 0.067509
v -0.154878 0.299319 0.055922
v -0.168292 0.279848 0.064205
v -0.170226 0.291378 0.053185
v -0.185006 0.271199 0.054616
v -0.184072 0.284213 0.045242
v -0.198271 0.264335 0.039681
v -0.195059 0.278528 0.032870
v -0.206787 0.259929 0.020862
v -0.202114 0.274878 0.017281
v -0.209722 0.258410 -0.000000
v -0.204545 0.273620 -0.000000
v -0.206787 0.259929 -0.020862
v -0.202114 0.274878 -0.017281
v -0.198271 0.264335 -0.039681
v -0.195059 0.278528 -0.032870
v -0.185006 0.271199 -0.054616
v -0.184072 0.284213 -0.045242
v -0.168292 0.279848 -0.064205
v -0.170226 0.291378 -0.053185
v -0.136350 0.308906 -0.064205
v -0.154878 0.299319 -0.067509
v -0.119636 0.317555 -0.054616
v -0.106371 0.324419 -0.039681
v -0.097854 0.328825 -0.020862
v -0.094920 0.330344 -0.000000
v -0.097854 0.328825 0.020862
v -0.106371 0.324419 0.039681
v -0.119636 0.317555 0.054616
v -0.136350 0.308906 0.064205
v -0.154878 0.299319 0.067509
v -0.173406 0.289732 0.064205
v -0.190121 0.281083 0.054616
v -0.203386 0.274220 0.039681
v -0.211902 0.269813 0.020862
v -0.214837 0.268295 -0.000000
v -0.211902 0.269813 -0.020862
v -0.203386 0.274220 -0.039681
v -0.190121 0.281083 -0.054616
v -0.173406 0.289732 -0.064205
v -0.199742 0.470939 -0.028353
v -0.176103 0.425254 -0.028353
v -0.259582 0.439975 -0.039024
v -0.235943 0.394291 -0.039024
v -0.247639 0.446155 0.045875
v -0.224001 0.400471 0.045875
v -0.193657 0.474087 -0.014906
v -0.170018 0.428403 -0.014906
v -0.210762 0.407321 -0.048236
v -0.234401 0.453005 -0.048236
v -0.247639 0.446155 -0.045875
v -0.224001 0.400471 -0.045875
v -0.245421 0.389387 0.028353
v -0.269060 0.435071 0.028353
v -0.259582 0.439975 0.039024
v -0.235943 0.394291 0.039024
v -0.170018 0.428403 0.014906
v -0.193657 0.474087 0.014906
v -0.191560 0.475172 -0.000000
v -0.167921 0.429488 -0.000000
v -0.210762 0.407321 0.048236
v -0.234401 0.453005 0.048236
v -0.245421 0.389387 -0.028353
v -0.269060 0.435071 -0.028353
v -0.185581 0.420350 -0.039024
v -0.209219 0.466035 -0.039024
v -0.197523 0.414171 0.045875
v -0.221162 0.459855 0.045875
v -0.251506 0.386238 -0.014906
v -0.275145 0.431923 -0.014906
v -0.197523 0.414171 -0.045875
v -0.221162 0.459855 -0.045875
v -0.185581 0.420350 0.039024
v -0.209219 0.466035 0.039024
v -0.253603 0.385153 -0.000000
v -0.277242 0.430838 -0.000000
v -0.176103 0.425254 0.028353
v -0.199742 0.470939 0.028353
v -0.251506 0.386238 0.014906
v -0.275145 0.431923 0.014906
v -0.275561 0.434106 0.032870
v -0.271756 0.433676 0.030558
v -0.274041 0.433196 0.032193
v -0.248117 0.387992 0.030558
v -0.249964 0.384637 0.032870
v -0.249829 0.386403 0.032193
v -0.257019 0.380987 0.017281
v -0.254676 0.384598 0.016065
v -0.256738 0.382828 0.016925
v -0.278315 0.430282 0.016065
v -0.282616 0.430456 0.017281
v -0.280950 0.429621 0.016925
v -0.188144 0.479339 0.017281
v -0.190487 0.475728 0.016065
v -0.188425 0.477497 0.016925
v -0.166848 0.430043 0.016065
v -0.162547 0.429870 0.017281
v -0.164212 0.430704 0.016925
v -0.169602 0.426219 0.032870
v -0.173407 0.426650 0.030558
v -0.171122 0.427129 0.032193
v -0.197045 0.472334 0.030558
v -0.195199 0.475689 0.032870
v -0.195334 0.473922 0.032193
v -0.259449 0.379729 -0.000000
v -0.256936 0.383429 -0.000000
v -0.259119 0.381596 -0.000000
v -0.280574 0.429113 -0.000000
v -0.285047 0.429198 -0.000000
v -0.283331 0.428389 -0.000000
v -0.180589 0.420534 0.045242
v -0.183622 0.421364 0.042060
v -0.181883 0.421561 0.044310
v -0.207260 0.467048 0.042060
v -0.206187 0.470003 0.045242
v -0.206096 0.468354 0.044310
v -0.235380 0.454897 -0.055922
v -0.234401 0.453005 -0.051989
v -0.234688 0.453559 -0.054770
v -0.210762 0.407321 -0.051989
v -0.209783 0.405428 -0.055922
v -0.210475 0.406766 -0.054770
v -0.194435 0.413370 -0.053185
v -0.196494 0.414704 -0.049444
v -0.195443 0.414544 -0.052089
v -0.220132 0.460388 -0.049444
v -0.220032 0.462839 -0.053185
v -0.219656 0.461337 -0.052089
v -0.257019 0.380987 -0.017281
v -0.254676 0.384598 -0.016065
v -0.256738 0.382828 -0.016925
v -0.278315 0.430282 -0.016065
v -0.282616 0.430456 -0.017281
v -0.280950 0.429621 -0.016925
v -0.194435 0.413370 0.053185
v -0.196494 0.414704 0.049444
v -0.195443 0.414544 0.052089
v -0.220132 0.460388 0.049444
v -0.220032 0.462839 0.053185
v -0.219656 0.461337 0.052089
v -0.180589 0.420534 -0.045242
v -0.183622 0.421364 -0.042060
v -0.181883 0.421561 -0.044310
v -0.207260 0.467048 -0.042060
v -0.206187 0.470003 -0.045242
v -0.206096 0.468354 -0.044310
v -0.249964 0.384637 -0.032870
v -0.248117 0.387992 -0.030558
v -0.249829 0.386403 -0.032193
v -0.271756 0.433676 -0.030558
v -0.275561 0.434106 -0.032870
v -0.274041 0.433196 -0.032193
v -0.209783 0.405428 0.055922
v -0.210762 0.407321 0.051989
v -0.210475 0.406766 0.054770
v -0.234401 0.453005 0.051989
v -0.235380 0.454897 0.055922
v -0.234688 0.453559 0.054770
v -0.169602 0.426219 -0.032870
v -0.173407 0.426650 -0.030558
v -0.171122 0.427129 -0.032193
v -0.197045 0.472334 -0.030558
v -0.195199 0.475689 -0.032870
v -0.195334 0.473922 -0.032193
v -0.238976 0.390323 -0.045242
v -0.237902 0.393277 -0.042060
v -0.239067 0.391972 -0.044310
v -0.261541 0.438962 -0.042060
v -0.264573 0.439792 -0.045242
v -0.263279 0.438765 -0.044310
v -0.225131 0.397487 0.053185
v -0.225030 0.399938 0.049444
v -0.225507 0.398988 0.052089
v -0.248669 0.445622 0.049444
v -0.250728 0.446956 0.053185
v -0.249719 0.445781 0.052089
v -0.162547 0.429870 -0.017281
v -0.166848 0.430043 -0.016065
v -0.164212 0.430704 -0.016925
v -0.190487 0.475728 -0.016065
v -0.188144 0.479339 -0.017281
v -0.188425 0.477497 -0.016925
v -0.225131 0.397487 -0.053185
v -0.225030 0.399938 -0.049444
v -0.225507 0.398988 -0.052089
v -0.248669 0.445622 -0.049444
v -0.250728 0.446956 -0.053185
v -0.249719 0.445781 -0.052089
v -0.238976 0.390323 0.045242
v -0.237902 0.393277 0.042060
v -0.239067 0.391972 0.044310
v -0.261541 0.438962 0.042060
v -0.264573 0.439792 0.045242
v -0.263279 0.438765 0.044310
v -0.160116 0.431127 -0.000000
v -0.164588 0.431213 -0.000000
v -0.161832 0.431936 -0.000000
v -0.188227 0.476897 -0.000000
v -0.185713 0.480597 -0.000000
v -0.186044 0.478729 -0.000000
v -0.245246 0.473965 -0.000000
v -0.228285 0.478788 -0.053185
v -0.229946 0.480723 -0.051380
v -0.243632 0.470846 -0.055922
v -0.244773 0.473051 -0.054024
v -0.214439 0.485952 -0.045242
v -0.216571 0.487644 -0.043706
v -0.203451 0.491638 -0.032870
v -0.205956 0.493137 -0.031754
v -0.196397 0.495288 -0.017281
v -0.199141 0.496663 -0.016694
v -0.193966 0.496546 -0.000000
v -0.196792 0.497878 -0.000000
v -0.196397 0.495288 0.017281
v -0.199141 0.496663 0.016694
v -0.203451 0.491638 0.032870
v -0.205956 0.493137 0.031754
v -0.214439 0.485952 0.045242
v -0.216571 0.487644 0.043706
v -0.228285 0.478788 0.053185
v -0.229946 0.480723 0.051380
v -0.243632 0.470846 0.055922
v -0.244773 0.473051 0.054024
v -0.258980 0.462905 0.053185
v -0.259600 0.465379 0.051380
v -0.272826 0.455741 0.045242
v -0.272976 0.458458 0.043706
v -0.283814 0.450055 0.032870
v -0.283591 0.452966 0.031754
v -0.290868 0.446405 0.017281
v -0.290406 0.449439 0.016694
v -0.293299 0.445147 -0.000000
v -0.292754 0.448224 -0.000000
v -0.290868 0.446405 -0.017281
v -0.290406 0.449439 -0.016694
v -0.283814 0.450055 -0.032870
v -0.283591 0.452966 -0.031754
v -0.272826 0.455741 -0.045242
v -0.272976 0.458458 -0.043706
v -0.258980 0.462905 -0.053185
v -0.259600 0.465379 -0.051380
v -0.245246 0.473965 -0.049441
v -0.231677 0.480986 -0.047022
v -0.219436 0.487320 -0.039999
v -0.209721 0.492346 -0.029061
v -0.203484 0.495574 -0.015278
v -0.201335 0.496686 -0.000000
v -0.203484 0.495574 0.015278
v -0.209721 0.492346 0.029061
v -0.219436 0.487320 0.039999
v -0.231677 0.480986 0.047022
v -0.245246 0.473965 0.049441
v -0.258815 0.466943 0.047022
v -0.271056 0.460609 0.039999
v -0.280771 0.455583 0.029061
v -0.287008 0.452355 0.015278
v -0.289157 0.451243 -0.000000
v -0.287008 0.452355 -0.015278
v -0.280771 0.455583 -0.029061
v -0.271056 0.460609 -0.039999
v -0.258815 0.466943 -0.047022
v 0.149764 0.289435 -0.067509
v 0.154878 0.299319 -0.055922
v 0.131236 0.299022 -0.064205
v 0.139530 0.307261 -0.053185
v 0.114521 0.307671 -0.054616
v 0.125685 0.314425 -0.045242
v 0.101256 0.314534 -0.039681
v 0.114697 0.320110 -0.032870
v 0.092740 0.318941 -0.020862
v 0.107642 0.323761 -0.017281
v 0.089805 0.320459 -0.000000
v 0.105212 0.325018 -0.000000
v 0.092740 0.318941 0.020862
v 0.107642 0.323761 0.017281
v 0.101256 0.314534 0.039681
v 0.114697 0.320110 0.032870
v 0.114521 0.307671 0.054616
v 0.125685 0.314425 0.045242
v 0.131236 0.299022 0.064205
v 0.139530 0.307261 0.053185
v 0.149764 0.289435 0.067509
v 0.154878 0.299319 0.055922
v 0.168292 0.279848 0.064205
v 0.170226 0.291378 0.053185
v 0.185006 0.271199 0.054616
v 0.184072 0.284213 0.045242
v 0.198271 0.264335 0.039681
v 0.195059 0.278528 0.032870
v 0.206787 0.259929 0.020862
v 0.202114 0.274878 0.017281
v 0.209722 0.258410 -0.000000
v 0.204545 0.273620 -0.000000
v 0.206787 0.259929 -0.020862
v 0.202114 0.274878 -0.017281
v 0.198271 0.264335 -0.039681
v 0.195059 0.278528 -0.032870
v 0.185006 0.271199 -0.054616
v 0.184072 0.284213 -0.045242
v 0.168292 0.279848 -0.064205
v 0.170226 0.291378 -0.053185
v 0.136350 0.308906 -0.064205
v 0.154878 0.299319 -0.067509
v 0.119636 0.317555 -0.054616
v 0.106371 0.324419 -0.039681
v 0.097854 0.328825 -0.020862
v 0.094920 0.330344 -0.000000
v 0.097854 0.328825 0.020862
v 0.106371 0.324419 0.039681
v 0.119636 0.317555 0.054616
v 0.136350 0.308906 0.064205
v 0.154878 0.299319 0.067509
v 0.173406 0.289732 0.064205
v 0.190121 0.281083 0.054616
v 0.203386 0.274220 0.039681
v 0.211902 0.269813 0.020862
v 0.214837 0.268295 -0.000000
v 0.211902 0.269813 -0.020862
v 0.203386 0.274220 -0.039681
v 0.190121 0.281083 -0.054616
v 0.173406 0.289732 -0.064205
v 0.199742 0.470939 -0.028353
v 0.176103 0.425254 -0.028353
v 0.259582 0.439975 -0.039024
v 0.235943 0.394291 -0.039024
v 0.247639 0.446155 0.045875
v 0.224001 0.400471 0.045875
v 0.193657 0.474087 -0.014906
v 0.170018 0.428403 -0.014906
v 0.210762 0.407321 -0.048236
v 0.234401 0.453005 -0.048236
v 0.247639 0.446155 -0.045875
v 0.224001 0.400471 -0.045875
v 0.245421 0.389387 0.028353
v 0.269060 0.435071 0.028353
v 0.259582 0.439975 0.039024
v 0.235943 0.394291 0.039024
v 0.170018 0.428403 0.014906
v 0.193657 0.474087 0.014906
v 0.191560 0.475172 -0.000000
v 0.167921 0.429488 -0.000000
v 0.210762 0.407321 0.048236
v 0.234401 0.453005 0.048236
v 0.245421 0.389387 -0.028353
v 0.269060 0.435071 -0.028353
v 0.185581 0.420350 -0.039024
v 0.209219 0.466035 -0.039024
v 0.197523 0.414171 0.045875
v 0.221162 0.459855 0.045875
v 0.251506 0.386238 -0.014906
v 0.275145 0.431923 -0.014906
v 0.197523 0.414171 -0.045875
v 0.221162 0.459855 -0.045875
v 0.185581 0.420350 0.039024
v 0.209219 0.466035 0.039024
v 0.253603 0.385153 -0.000000
v 0.277242 0.430838 -0.000000
v 0.176103 0.425254 0.028353
v 0.199742 0.470939 0.028353
v 0.251506 0.386238 0.014906
v 0.275145 0.431923 0.014906
v 0.275561 0.434106 0.032870
v 0.271756 0.433676 0.030558
v 0.274041 0.433196 0.032193
v 0.248117 0.387992 0.030558
v 0.249964 0.384637 0.032870
v 0.249829 0.386403 0.032193
v 0.257019 0.380987 0.017281
v 0.254676 0.384598 0.016065
v 0.256738 0.382828 0.016925
v 0.278315 0.430282 0.016065
v 0.282616 0.430456 0.017281
v 0.280950 0.429621 0.016925
v 0.188144 0.479339 0.017281
v 0.190487 0.475728 0.016065
v 0.188425 0.477497 0.016925
v 0.166848 0.430043 0.016065
v 0.162547 0.429870 0.017281
v 0.164212 0.430704 0.016925
v 0.169602 0.426219 0.032870
v 0.173407 0.426650 0.030558
v 0.171122 0.427129 0.032193
v 0.197045 0.472334 0.030558
v 0.195199 0.475689 0.032870
v 0.195334 0.473922 0.032193
v 0.259449 0.379729 -0.000000
v 0.256936 0.383429 -0.000000
v 0.259119 0.381596 -0.000000
v 0.280574 0.429113 -0.000000
v 0.285047 0.429198 -0.000000
v 0.283331 0.428389 -0.000000
v 0.180589 0.420534 0.045242
v 0.183622 0.421364 0.042060
v 0.181883 0.421561 0.044310
v 0.207260 0.467048 0.042060
v 0.206187 0.470003 0.045242
v 0.206096 0.468354 0.044310
v 0.235380 0.454897 -0.055922
v 0.234401 0.453005 -0.051989
v 0.234688 0.453559 -0.054770
v 0.210762 0.407321 -0.051989
v 0.209783 0.405428 -0.055922
v 0.210475 0.406766 -0.054770
v 0.194435 0.413370 -0.053185
v 0.196494 0.414704 -0.049444
v 0.195443 0.414544 -0.052089
v 0.220132 0.460388 -0.049444
v 0.220032 0.462839 -0.053185
v 0.219656 0.461337 -0.052089
v 0.257019 0.380987 -0.017281
v 0.254676 0.384598 -0.016065
v 0.256738 0.382828 -0.016925
v 0.278315 0.430282 -0.016065
v 0.282616 0.430456 -0.017281
v 0.280950 0.429621 -0.016925
v 0.194435 0.413370 0.053185
v 0.196494 0.414704 0.049444
v 0.195443 0.414544 0.052089
v 0.220132 0.460388 0.049444
v 0.220032 0.462839 0.053185
v 0.219656 0.461337 0.052089
v 0.180589 0.420534 -0.045242
v 0.183622 0.421364 -0.042060
v 0.181883 0.421561 -0.044310
v 0.207260 0.467048 -0.042060
v 0.206187 0.470003 -0.045242
v 0.206096 0.468354 -0.044310
v 0.249964 0.384637 -0.032870
v 0.248117 0.387992 -0.030558
v 0.249829 0.386403 -0.032193
v 0.271756 0.433676 -0.030558
v 0.275561 0.434106 -0.032870
v 0.274041 0.433196 -0.032193
v 0.209783 0.405428 0.055922
v 0.210762 0.407321 0.051989
v 0.210475 0.406766 0.054770
v 0.234401 0.453005 0.051989
v 0.235380 0.454897 0.055922
v 0.234688 0.453559 0.054770
v 0.169602 0.426219 -0.032870
v 0.173407 0.426650 -0.030558
v 0.171122 0.427129 -0.032193
v 0.197045 0.472334 -0.030558
v 0.195199 0.475689 -0.032870
v 0.195334 0.473922 -0.032193
v 0.238976 0.390323 -0.045242
v 0.237902 0.393277 -0.042060
v 0.239067 0.391972 -0.044310
v 0.261541 0.438962 -0.042060
v 0.264573 0.439792 -0.045242
v 0.263279 0.438765 -0.044310
v 0.225131 0.397487 0.053185
v 0.225030 0.399938 0.049444
v 0.225507 0.398988 0.052089
v 0.248669 0.445622 0.049444
v 0.250728 0.446956 0.053185
v 0.249719 0.445781 0.052089
v 0.162547 0.429870 -0.017281
v 0.166848 0.430043 -0.016065
v 0.164212 0.430704 -0.016925
v 0.190487 0.475728 -0.016065
v 0.188144 0.479339 -0.017281
v 0.188425 0.477497 -0.016925
v 0.225131 0.397487 -0.053185
v 0.225030 0.399938 -0.049444
v 0.225507 0.398988 -0.052089
v 0.248669 0.445622 -0.049444
v 0.250728 0.446956 -0.053185
v 0.249719 0.445781 -0.052089
v 0.238976 0.390323 0.045242
v 0.237902 0.393277 0.042060
v 0.239067 0.391972 0.044310
v 0.261541 0.438962 0.042060
v 0.264573 0.439792 0.045242
v 0.263279 0.438765 0.044310
v 0.160116 0.431127 -0.000000
v 0.164588 0.431213 -0.000000
v 0.161832 0.431936 -0.000000
v 0.188227 0.476897 -0.000000
v 0.185713 0.480597 -0.000000
v 0.186044 0.478729 -0.000000
v 0.245246 0.473965 -0.000000
v 0.228285 0.478788 -0.053185
v 0.229946 0.480723 -0.051380
v 0.243632 0.470846 -0.055922
v 0.244773 0.473051 -0.054024
v 0.214439 0.485952 -0.045242
v 0.216571 0.487644 -0.043706
v 0.203451 0.491638 -0.032870
v 0.205956 0.493137 -0.031754
v 0.196397 0.495288 -0.017281
v 0.199141 0.496663 -0.016694
v 0.193966 0.496546 -0.000000
v 0.196792 0.497878 -0.000000
v 0.196397 0.495288 0.017281
v 0.199141 0.496663 0.016694
v 0.203451 0.491638 0.032870
v 0.205956 0.493137 0.031754
v 0.214439 0.485952 0.045242
v 0.216571 0.487644 0.043706
v 0.228285 0.478788 0.053185
v 0.229946 0.480723 0.051380
v 0.243632 0.470846 0.055922
v 0.244773 0.473051 0.054024
v 0.258980 0.462905 0.053185
v 0.259600 0.465379 0.051380
v 0.272826 0.455741 0.045242
v 0.272976 0.458458 0.043706
v 0.283814 0.450055 0.032870
v 0.283591 0.452966 0.031754
v 0.290868 0.446405 0.017281
v 0.290406 0.449439 0.016694
v 0.293299 0.445147 -0.000000
v 0.292754 0.448224 -0.000000
v 0.290868 0.446405 -0.017281
v 0.290406 0.449439 -0.016694
v 0.283814 0.450055 -0.032870
v 0.283591 0.452966 -0.031754
v 0.272826 0.455741 -0.045242
v 0.272976 0.458458 -0.043706
v 0.258980 0.462905 -0.053185
v 0.259600 0.465379 -0.051380
v 0.245246 0.473965 -0.049441
v 0.231677 0.480986 -0.047022
v 0.219436 0.487320 -0.039999
v 0.209721 0.492346 -0.029061
v 0.203484 0.495574 -0.015278
v 0.201335 0.496686 -0.000000
v 0.203484 0.495574 0.015278
v 0.209721 0.492346 0.029061
v 0.219436 0.487320 0.039999
v 0.231677 0.480986 0.047022
v 0.245246 0.473965 0.049441
v 0.258815 0.466943 0.047022
v 0.271056 0.460609 0.039999
v 0.280771 0.455583 0.029061
v 0.287008 0.452355 0.015278
v 0.289157 0.451243 -0.000000
v 0.287008 0.452355 -0.015278
v 0.280771 0.455583 -0.029061
v 0.271056 0.460609 -0.039999
v 0.258815 0.466943 -0.047022
v -0.149764 -0.289435 -0.067509
v -0.154878 -0.299319 -0.055922
v -0.131236 -0.299022 -0.064205
v -0.139530 -0.307261 -0.053185
v -0.114521 -0.307671 -0.054616
v -0.125685 -0.314425 -0.045242
v -0.101256 -0.314534 -0.039681
v -0.114697 -0.320110 -0.032870
v -0.092740 -0.318941 -0.020862
v -0.107642 -0.323761 -0.017281
v -0.089805 -0.320459 -0.000000
v -0.105212 -0.325018 -0.000000
v -0.092740 -0.318941 0.020862
v -0.107642 -0.323761 0.017281
v -0.101256 -0.314534 0.039681
v -0.114697 -0.320110 0.032870
v -0.114521 -0.307671 0.054616
v -0.125685 -0.314425 0.045242
v -0.131236 -0.299022 0.064205
v -0.139530 -0.307261 0.053185
v -0.149764 -0.289435 0.067509
v -0.154878 -0.299319 0.055922
v -0.168292 -0.279848 0.064205
v -0.170226 -0.291378 0.053185
v -0.185006 -0.271199 0.054616
v -0.184072 -0.284213 0.045242
v -0.198271 -0.264335 0.039681
v -0.195059 -0.278528 0.032870
v -0.206787 -0.259929 0.020862
v -0.202114 -0.274878 0.017281
v -0.209722 -0.258410 -0.000000
v -0.204545 -0.273620 -0.000000
v -0.206787 -0.259929 -0.020862
v -0.202114 -0.274878 -0.017281
v -0.198271 -0.264335 -0.039681
v -0.195059 -0.278528 -0.032870
v -0.185006 -0.271199 -0.054616
v -0.184072 -0.284213 -0.045242
v -0.168292 -0.279848 -0.064205
v -0.170226 -0.291378 -0.053185
v -0.136350 -0.308906 -0.064205
v -0.154878 -0.299319 -0.067509
v -0.119636 -0.317555 -0.054616
v -0.106371 -0.324419 -0.039681
v -0.097854 -0.328825 -0.020862
v -0.094920 -0.330344 -0.000000
v -0.097854 -0.328825 0.020862
v -0.106371 -0.324419 0.039681
v -0.119636 -0.317555 0.054616
v -0.136350 -0.308906 0.064205
v -0.154878 -0.299319 0.067509
v -0.173406 -0.289732 0.064205
v -0.190121 -0.281083 0.054616
v -0.203386 -0.274220 0.039681
v -0.211902 -0.269813 0.020862
v -0.214837 -0.268295 -0.000000
v -0.211902 -0.269813 -0.020862
v -0.203386 -0.274220 -0.039681
v -0.190121 -0.281083 -0.054616
v -0.173406 -0.289732 -0.064205
v -0.199742 -0.470939 -0.028353
v -0.176103 -0.425254 -0.028353
v -0.259582 -0.439975 -0.039024
v -0.235943 -0.394291 -0.039024
v -0.247639 -0.446155 0.045875
v -0.224001 -0.400471 0.045875
v -0.193657 -0.474087 -0.014906
v -0.170018 -0.428403 -0.014906
v -0.210762 -0.407321 -0.048236
v -0.234401 -0.453005 -0.048236
v -0.247639 -0.446155 -0.045875
v -0.224001 -0.400471 -0.045875
v -0.245421 -0.389387 0.028353
v -0.269060 -0.435071 0.028353
v -0.259582 -0.439975 0.039024
v -0.235943 -0.394291 0.039024
v -0.170018 -0.428403 0.014906
v -0.193657 -0.474087 0.014906
v -0.191560 -0.475172 -0.000000
v -0.167921 -0.429488 -0.000000
v -0.210762 -0.407321 0.048236
v -0.234401 -0.453005 0.048236
v -0.245421 -0.389387 -0.028353
v -0.269060 -0.435071 -0.028353
v -0.185581 -0.420350 -0.039024
v -0.209219 -0.466035 -0.039024
v -0.197523 -0.414171 0.045875
v -0.221162 -0.459855 0.045875
v -0.251506 -0.386238 -0.014906
v -0.275145 -0.431923 -0.014906
v -0.197523 -0.414171 -0.045875
v -0.221162 -0.459855 -0.045875
v -0.185581 -0.420350 0.039024
v -0.209219 -0.466035 0.039024
v -0.253603 -0.385153 -0.000000
v -0.277242 -0.430838 -0.000000
v -0.176103 -0.425254 0.028353
v -0.199742 -0.470939 0.028353
v -0.251506 -0.386238 0.014906
v -0.275145 -0.431923 0.014906
v -0.275561 -0.434106 0.032870
v -0.271756 -0.433676 0.030558
v -0.274041 -0.433196 0.032193
v -0.248117 -0.387992 0.030558
v -0.249964 -0.384637 0.032870
v -0.249829 -0.386403 0.032193
v -0.257019 -0.380987 0.017281
v -0.254676 -0.384598 0.016065
v -0.256738 -0.382828 0.016925
v -0.278315 -0.430282 0.016065
v -0.282616 -0.430456 0.017281
v -0.280950 -0.429621 0.016925
v -0.188144 -0.479339 0.017281
v -0.190487 -0.475728 0.016065
v -0.188425 -0.477497 0.016925
v -0.166848 -0.430043 0.016065
v -0.162547 -0.429870 0.017281
v -0.164212 -0.430704 0.016925
v -0.169602 -0.426219 0.032870
v -0.173407 -0.426650 0.030558
v -0.171122 -0.427129 0.032193
v -0.197045 -0.472334 0.030558
v -0.195199 -0.475689 0.032870
v -0.195334 -0.473922 0.032193
v -0.259449 -0.379729 -0.000000
v -0.256936 -0.383429 -0.000000
v -0.259119 -0.381596 -0.000000
v -0.280574 -0.429113 -0.000000
v -0.285047 -0.429198 -0.000000
v -0.283331 -0.428389 -0.000000
v -0.180589 -0.420534 0.045242
v -0.183622 -0.421364 0.042060
v -0.181883 -0.421561 0.044310
v -0.207260 -0.467048 0.042060
v -0.206187 -0.470003 0.045242
v -0.206096 -0.468354 0.044310
v -0.235380 -0.454897 -0.055922
v -0.234401 -0.453005 -0.051989
v -0.234688 -0.453559 -0.054770
v -0.210762 -0.407321 -0.051989
v -0.209783 -0.405428 -0.055922
v -0.210475 -0.406766 -0.054770
v -0.194435 -0.413370 -0.053185
v -0.196494 -0.414704 -0.049444
v -0.195443 -0.414544 -0.052089
v -0.220132 -0.460388 -0.049444
v -0.220032 -0.462839 -0.053185
v -0.219656 -0.461337 -0.052089
v -0.257019 -0.380987 -0.017281
v -0.254676 -0.384598 -0.016065
v -0.256738 -0.382828 -0.016925
v -0.278315 -0.430282 -0.016065
v -0.282616 -0.430456 -0.017281
v -0.280950 -0.429621 -0.016925
v -0.194435 -0.413370 0.053185
v -0.196494 -0.414704 0.049444
v -0.195443 -0.414544 0.052089
v -0.220132 -0.460388 0.049444
v -0.220032 -0.462839 0.053185
v -0.219656 -0.461337 0.052089
v -0.180589 -0.420534 -0.045242
v -0.183622 -0.421364 -0.042060
v -0.181883 -0.421561 -0.044310
v -0.207260 -0.467048 -0.042060
v -0.206187 -0.470003 -0.045242
v -0.206096 -0.468354 -0.044310
v -0.249964 -0.384637 -0.032870
v -0.248117 -0.387992 -0.030558
v -0.249829 -0.386403 -0.032193
v -0.271756 -0.433676 -0.030558
v -0.275561 -0.434106 -0.032870
v -0.274041 -0.433196 -0.032193
v -0.209783 -0.405428 0.055922
v -0.210762 -0.407321 0.051989
v -0.210475 -0.406766 0.054770
v -0.234401 -0.453005 0.051989
v -0.235380 -0.454897 0.055922
v -0.234688 -0.453559 0.054770
v -0.169602 -0.426219 -0.032870
v -0.173407 -0.426650 -0.030558
v -0.171122 -0.427129 -0.032193
v -0.197045 -0.472334 -0.030558
v -0.195199 -0.475689 -0.032870
v -0.195334 -0.473922 -0.032193
v -0.238976 -0.390323 -0.045242
v -0.237902 -0.393277 -0.042060
v -0.239067 -0.391972 -0.044310
v -0.261541 -0.438962 -0.042060
v -0.264573 -0.439792 -0.045242
v -0.263279 -0.438765 -0.044310
v -0.225131 -0.397487 0.053185
v -0.225030 -0.399938 0.049444
v -0.225507 -0.398988 0.052089
v -0.248669 -0.445622 0.049444
v -0.250728 -0.446956 0.053185
v -0.249719 -0.445781 0.052089
v -0.162547 -0.429870 -0.017281
v -0.166848 -0.430043 -0.016065
v -0.164212 -0.430704 -0.016925
v -0.190487 -0.475728 -0.016065
v -0.188144 -0.479339 -0.017281
v -0.188425 -0.477497 -0.016925
v -0.225131 -0.397487 -0.053185
v -0.225030 -0.399938 -0.049444
v -0.225507 -0.398988 -0.052089
v -0.248669 -0.445622 -0.049444
v -0.250728 -0.446956 -0.053185
v -0.249719 -0.445781 -0.052089
v -0.238976 -0.390323 0.045242
v -0.237902 -0.393277 0.042060
v -0.239067 -0.391972 0.044310
v -0.261541 -0.438962 0.042060
v -0.264573 -0.439792 0.045242
v -0.263279 -0.438765 0.044310
v -0.160116 -0.431127 -0.000000
v -0.164588 -0.431213 -0.000000
v -0.161832 -0.431936 -0.000000
v -0.188227 -0.476897 -0.000000
v -0.185713 -0.480597 -0.000000
v -0.186044 -0.478729 -0.000000
v -0.245246 -0.473965 -0.000000
v -0.228285 -0.478788 -0.053185
v -0.229946 -0.480723 -0.051380
v -0.243632 -0.470846 -0.055922
v -0.244773 -0.473051 -0.054024
v -0.214439 -0.485952 -0.045242
v -0.216571 -0.487644 -0.043706
v -0.203451 -0.491638 -0.032870
v -0.205956 -0.493137 -0.031754
v -0.196397 -0.495288 -0.017281
v -0.199141 -0.496663 -0.016694
v -0.193966 -0.496546 -0.000000
v -0.196792 -0.497878 -0.000000
v -0.196397 -0.495288 0.017281
v -0.199141 -0.496663 0.016694
v -0.203451 -0.491638 0.032870
v -0.205956 -0.493137 0.031754
v -0.214439 -0.485952 0.045242
v -0.216571 -0.487644 0.043706
v -0.228285 -0.478788 0.053185
v -0.229946 -0.480723 0.051380
v -0.243632 -0.470846 0.055922
v -0.244773 -0.473051 0.054024
v -0.258980 -0.462905 0.053185
v -0.259600 -0.465379 0.051380
v -0.272826 -0.455741 0.045242
v -0.272976 -0.458458 0.043706
v -0.283814 -0.450055 0.032870
v -0.283591 -0.452966 0.031754
v -0.290868 -0.446405 0.017281
v -0.290406 -0.449439 0.016694
v -0.293299 -0.445147 -0.000000
v -0.292754 -0.448224 -0.000000
v -0.290868 -0.446405 -0.017281
v -0.290406 -0.449439 -0.016694
v -0.283814 -0.450055 -0.032870
v -0.283591 -0.452966 -0.031754
v -0.272826 -0.455741 -0.045242
v -0.272976 -0.458458 -0.043706
v -0.258980 -0.462905 -0.053185
v -0.259600 -0.465379 -0.051380
v -0.245246 -0.473965 -0.049441
v -0.231677 -0.480986 -0.047022
v -0.219436 -0.487320 -0.039999
v -0.209721 -0.492346 -0.029061
v -0.203484 -0.495574 -0.015278
v -0.201335 -0.496686 -0.000000
v -0.203484 -0.495574 0.015278
v -0.209721 -0.492346 0.029061
v -0.219436 -0.487320 0.039999
v -0.231677 -0.480986 0.047022
v -0.245246 -0.473965 0.049441
v -0.258815 -0.466943 0.047022
v -0.271056 -0.460609 0.039999
v -0.280771 -0.455583 0.029061
v -0.287008 -0.452355 0.015278
v -0.289157 -0.451243 -0.000000
v -0.287008 -0.452355 -0.015278
v -0.280771 -0.455583 -0.029061
v -0.271056 -0.460609 -0.039999
v -0.258815 -0.466943 -0.047022
v 0.149764 -0.289435 -0.067509
v 0.154878 -0.299319 -0.055922
v 0.131236 -0.299022 -0.064205
v 0.139530 -0.307261 -0.053185
v 0.114521 -0.307671 -0.054616
v 0.125685 -0.314425 -0.045242
v 0.101256 -0.314534 -0.039681
v 0.114697 -0.320110 -0.032870
v 0.092740 -0.318941 -0.020862
v 0.107642 -0.323761 -0.017281
v 0.089805 -0.320459 -0.000000
v 0.105212 -0.325018 -0.000000
v 0.092740 -0.318941 0.020862
v 0.107642 -0.323761 0.017281
v 0.101256 -0.314534 0.039681
v 0.114697 -0.320110 0.032870
v 0.114521 -0.307671 0.054616
v 0.125685 -0.314425 0.045242
v 0.131236 -0.299022 0.064205
v 0.139530 -0.307261 0.053185
v 0.149764 -0.289435 0.067509
v 0.154878 -0.299319 0.055922
v 0.168292 -0.279848 0.064205
v 0.170226 -0.291378 0.053185
v 0.185006 -0.271199 0.054616
v 0.184072 -0.284213 0.045242
v 0.198271 -0.264335 0.039681
v 0.195059 -0.278528 0.032870
v 0.206787 -0.259929 0.020862
v 0.202114 -0.274878 0.017281
v 0.209722 -0.258410 -0.000000
v 0.204545 -0.273620 -0.000000
v 0.206787 -0.259929 -0.020862
v 0.202114 -0.274878 -0.017281
v 0.198271 -0.264335 -0.039681
v 0.195059 -0.278528 -0.032870
v 0.185006 -0.271199 -0.054616
v 0.184072 -0.284213 -0.045242
v 0.168292 -0.279848 -0.064205
v 0.170226 -0.291378 -0.053185
v 0.136350 -0.308906 -0.064205
v 0.154878 -0.299319 -0.067509
v 0.119636 -0.317555 -0.054616
v 0.106371 -0.324419 -0.039681
v 0.097854 -0.328825 -0.020862
v 0.094920 -0.330344 -0.000000
v 0.097854 -0.328825 0.020862
v 0.106371 -0.324419 0.039681
v 0.119636 -0.317555 0.054616
v 0.136350 -0.308906 0.064205
v 0.154878 -0.299319 0.067509
v 0.173406 -0.289732 0.064205
v 0.190121 -0.281083 0.054616
v 0.203386 -0.274220 0.039681
v 0.211902 -0.269813 0.020862
v 0.214837 -0.268295 -0.000000
v 0.211902 -0.269813 -0.020862
v 0.203386 -0.274220 -0.039681
v 0.190121 -0.281083 -0.054616
v 0.173406 -0.289732 -0.064205
v 0.199742 -0.470939 -0.028353
v 0.176103 -0.425254 -0.028353
v 0.259582 -0.439975 -0.039024
v 0.235943 -0.394291 -0.039024
v 0.247639 -0.446155 0.045875
v 0.224001 -0.400471 0.045875
v 0.193657 -0.474087 -0.014906
v 0.170018 -0.428403 -0.014906
v 0.210762 -0.407321 -0.048236
v 0.234401 -0.453005 -0.048236
v 0.247639 -0.446155 -0.045875
v 0.224001 -0.400471 -0.045875
v 0.245421 -0.389387 0.028353
v 0.269060 -0.435071 0.028353
v 0.259582 -0.439975 0.039024
v 0.235943 -0.394291 0.039024
v 0.170018 -0.428403 0.014906
v 0.193657 -0.474087 0.014906
v 0.191560 -0.475172 -0.000000
v 0.167921 -0.429488 -0.000000
v 0.210762 -0.407321 0.048236
v 0.234401 -0.453005 0.048236
v 0.245421 -0.389387 -0.028353
v 0.269060 -0.435071 -0.028353
v 0.185581 -0.420350 -0.039024
v 0.209219 -0.466035 -0.039024
v 0.197523 -0.414171 0.045875
v 0.221162 -0.459855 0.045875
v 0.251506 -0.386238 -0.014906
v 0.275145 -0.431923 -0.014906
v 0.197523 -0.414171 -0.045875
v 0.221162 -0.459855 -0.045875
v 0.185581 -0.420350 0.039024
v 0.209219 -0.466035 0.039024
v 0.253603 -0.385153 -0.000000
v 0.277242 -0.430838 -0.000000
v 0.176103 -0.425254 0.028353
v 0.199742 -0.470939 0.028353
v 0.251506 -0.386238 0.014906
v 0.275145 -0.431923 0.014906
v 0.275561 -0.434106 0.032870
v 0.271756 -0.433676 0.030558
v 0.274041 -0.433196 0.032193
v 0.248117 -0.387992 0.030558
v 0.249964 -0.384637 0.032870
v 0.249829 -0.386403 0.032193
v 0.257019 -0.380987 0.017281
v 0.254676 -0.384598 0.016065
v 0.256738 -0.382828 0.016925
v 0.278315 -0.430282 0.016065
v 0.282616 -0.430456 0.017281
v 0.280950 -0.429621 0.016925
v 0.188144 -0.479339 0.017281
v 0.190487 -0.475728 0.016065
v 0.188425 -0.477497 0.016925
v 0.166848 -0.430043 0.016065
v 0.162547 -0.429870 0.017281
v 0.164212 -0.430704 0.016925
v 0.169602 -0.426219 0.032870
v 0.173407 -0.426650 0.030558
v 0.171122 -0.427129 0.032193
v 0.197045 -0.472334 0.030558
v 0.195199 -0.475689 0.032870
v 0.195334 -0.473922 0.032193
v 0.259449 -0.379729 -0.000000
v 0.256936 -0.383429 -0.000000
v 0.259119 -0.381596 -0.000000
v 0.280574 -0.429113 -0.000000
v 0.285047 -0.429198 -0.000000
v 0.283331 -0.428389 -0.000000
v 0.180589 -0.420534 0.045242
v 0.183622 -0.421364 0.042060
v 0.181883 -0.421561 0.044310
v 0.207260 -0.467048 0.042060
v 0.206187 -0.470003 0.045242
v 0.206096 -0.468354 0.044310
v 0.235380 -0.454897 -0.055922
v 0.234401 -0.453005 -0.051989
v 0.234688 -0.453559 -0.054770
v 0.210762 -0.407321 -0.051989
v 0.209783 -0.405428 -0.055922
v 0.210475 -0.406766 -0.054770
v 0.194435 -0.413370 -0.053185
v 0.196494 -0.414704 -0.049444
v 0.195443 -0.414544 -0.052089
v 0.220132 -0.460388 -0.049444
v 0.220032 -0.462839 -0.053185
v 0.219656 -0.461337 -0.052089
v 0.257019 -0.380987 -0.017281
v 0.254676 -0.384598 -0.016065
v 0.256738 -0.382828 -0.016925
v 0.278315 -0.430282 -0.016065
v 0.282616 -0.430456 -0.017281
v 0.280950 -0.429621 -0.016925
v 0.194435 -0.413370 0.053185
v 0.196494 -0.414704 0.049444
v 0.195443 -0.414544 0.052089
v 0.220132 -0.460388 0.049444
v 0.220032 -0.462839 0.053185
v 0.219656 -0.461337 0.052089
v 0.180589 -0.420534 -0.045242
v 0.183622 -0.421364 -0.042060
v 0.181883 -0.421561 -0.044310
v 0.207260 -0.467048 -0.042060
v 0.206187 -0.470003 -0.045242
v 0.206096 -0.468354 -0.044310
v 0.249964 -0.384637 -0.032870
v 0.248117 -0.387992 -0.030558
v 0.249829 -0.386403 -0.032193
v 0.271756 -0.433676 -0.030558
v 0.275561 -0.434106 -0.032870
v 0.274041 -0.433196 -0.032193
v 0.209783 -0.405428 0.055922
v 0.210762 -0.407321 0.051989
v 0.210475 -0.406766 0.054770
v 0.234401 -0.453005 0.051989
v 0.235380 -0.454897 0.055922
v 0.234688 -0.453559 0.054770
v 0.169602 -0.426219 -0.032870
v 0.173407 -0.426650 -0.030558
v 0.171122 -0.427129 -0.032193
v 0.197045 -0.472334 -0.030558
v 0.195199 -0.475689 -0.032870
v 0.195334 -0.473922 -0.032193
v 0.238976 -0.390323 -0.045242
v 0.237902 -0.393277 -0.042060
v 0.239067 -0.391972 -0.044310
v 0.261541 -0.438962 -0.042060
v 0.264573 -0.439792 -0.045242
v 0.263279 -0.438765 -0.044310
v 0.225131 -0.397487 0.053185
v 0.225030 -0.399938 0.049444
v 0.225507 -0.398988 0.052089
v 0.248669 -0.445622 0.049444
v 0.250728 -0.446956 0.053185
v 0.249719 -0.445781 0.052089
v 0.162547 -0.429870 -0.017281
v 0.166848 -0.430043 -0.016065
v 0.164212 -0.430704 -0.016925
v 0.190487 -0.475728 -0.016065
v 0.188144 -0.479339 -0.017281
v 0.188425 -0.477497 -0.016925
v 0.225131 -0.397487 -0.053185
v 0.225030 -0.399938 -0.049444
v 0.225507 -0.398988 -0.052089
v 0.248669 -0.445622 -0.049444
v 0.250728 -0.446956 -0.053185
v 0.249719 -0.445781 -0.052089
v 0.238976 -0.390323 0.045242
v 0.237902 -0.393277 0.042060
v 0.239067 -0.391972 0.044310
v 0.261541 -0.438962 0.042060
v 0.264573 -0.439792 0.045242
v 0.263279 -0.438765 0.044310
v 0.160116 -0.431127 -0.000000
v 0.164588 -0.431213 -0.000000
v 0.161832 -0.431936 -0.000000
v 0.188227 -0.476897 -0.000000
v 0.185713 -0.480597 -0.000000
v 0.186044 -0.478729 -0.000000
v 0.245246 -0.473965 -0.000000
v 0.228285 -0.478788 -0.053185
v 0.229946 -0.480723 -0.051380
v 0.243632 -0.470846 -0.055922
v 0.244773 -0.473051 -0.054024
v 0.214439 -0.485952 -0.045242
v 0.216571 -0.487644 -0.043706
v 0.203451 -0.491638 -0.032870
v 0.205956 -0.493137 -0.031754
v 0.196397 -0.495288 -0.017281
v 0.199141 -0.496663 -0.016694
v 0.193966 -0.496546 -0.000000
v 0.196792 -0.497878 -0.000000
v 0.196397 -0.495288 0.017281
v 0.199141 -0.496663 0.016694
v 0.203451 -0.491638 0.032870
v 0.205956 -0.493137 0.031754
v 0.214439 -0.485952 0.045242
v 0.216571 -0.487644 0.043706
v 0.228285 -0.478788 0.053185
v 0.229946 -0.480723 0.051380
v 0.243632 -0.470846 0.055922
v 0.244773 -0.473051 0.054024
v 0.258980 -0.462905 0.053185
v 0.259600 -0.465379 0.051380
v 0.272826 -0.455741 0.045242
v 0.272976 -0.458458 0.043706
v 0.283814 -0.450055 0.032870
v 0.283591 -0.452966 0.031754
v 0.290868 -0.446405 0.017281
v 0.290406 -0.449439 0.016694
v 0.293299 -0.445147 -0.000000
v 0.292754 -0.448224 -0.000000
v 0.290868 -0.446405 -0.017281
v 0.290406 -0.449439 -0.016694
v 0.283814 -0.450055 -0.032870
v 0.283591 -0.452966 -0.031754
v 0.272826 -0.455741 -0.045242
v 0.272976 -0.458458 -0.043706
v 0.258980 -0.462905 -0.053185
v 0.259600 -0.465379 -0.051380
v 0.245246 -0.473965 -0.049441
v 0.231677 -0.480986 -0.047022
v 0.219436 -0.487320 -0.039999
v 0.209721 -0.492346 -0.029061
v 0.203484 -0.495574 -0.015278
v 0.201335 -0.496686 -0.000000
v 0.203484 -0.495574 0.015278
v 0.209721 -0.492346 0.029061
v 0.219436 -0.487320 0.039999
v 0.231677 -0.480986 0.047022
v 0.245246 -0.473965 0.049441
v 0.258815 -0.466943 0.047022
v 0.271056 -0.460609 0.039999
v 0.280771 -0.455583 0.029061
v 0.287008 -0.452355 0.015278
v 0.289157 -0.451243 -0.000000
v 0.287008 -0.452355 -0.015278
v 0.280771 -0.455583 -0.029061
v 0.271056 -0.460609 -0.039999
v 0.258815 -0.466943 -0.047022
v -0.231587 0.197732 0.132120
v -0.238703 0.193597 0.129357
v -0.243656 0.210137 0.087041
v -0.231587 0.219708 0.091006
v -0.238703 0.215113 0.089103
v -0.243656 0.223080 0.044373
v -0.231587 0.233241 0.046394
v -0.238703 0.228363 0.045424
v -0.243656 0.227450 -0.000000
v -0.231587 0.237810 -0.000000
v -0.238703 0.232837 -0.000000
v -0.243656 0.223080 -0.044373
v -0.231587 0.233241 -0.046394
v -0.238703 0.228363 -0.045424
v -0.231587 0.219708 -0.091006
v -0.238703 0.215113 -0.089103
v -0.243656 0.210137 -0.087042
v -0.243656 0.189118 -0.126365
v -0.231587 0.197732 -0.132120
v -0.238703 0.193597 -0.129357
v -0.243656 0.160832 -0.160832
v -0.231587 0.168157 -0.168157
v -0.238703 0.164640 -0.164640
v -0.243656 0.126365 -0.189118
v -0.231587 0.132120 -0.197732
v -0.238703 0.129357 -0.193597
v -0.243656 0.044373 -0.223080
v -0.243656 0.087042 -0.210137
v -0.238703 0.045424 -0.228363
v -0.231587 0.046395 -0.233241
v -0.231587 0.091006 -0.219708
v -0.238703 0.089103 -0.215113
v -0.281417 0.036684 -0.184424
v -0.281417 0.000000 -0.188037
v -0.281417 0.071959 -0.173723
v -0.281417 0.104468 -0.156347
v -0.281417 0.132962 -0.132962
v -0.281417 0.156347 -0.104468
v -0.281417 0.173723 -0.071959
v -0.281417 0.184424 -0.036684
v -0.281417 0.188037 -0.000000
v -0.281417 0.184424 0.036684
v -0.281417 0.173723 0.071959
v -0.281417 0.156347 0.104468
v -0.281417 0.132962 0.132962
v -0.281417 0.104468 0.156347
v -0.281417 0.071959 0.173723
v -0.281417 0.036684 0.184424
v -0.281417 0.000000 0.188037
v -0.281417 -0.036684 0.184424
v -0.281417 -0.071959 0.173723
v -0.281417 -0.104468 0.156347
v -0.281417 -0.132962 0.132962
v -0.281417 -0.156347 0.104468
v -0.281417 -0.173723 0.071958
v -0.281417 -0.184424 0.036684
v -0.281417 -0.188037 -0.000000
v -0.281417 -0.184424 -0.036684
v -0.281417 -0.173723 -0.071959
v -0.281417 -0.156347 -0.104468
v -0.281417 -0.132962 -0.132962
v -0.281417 -0.104467 -0.156347
v -0.281417 -0.071958 -0.173723
v -0.281417 -0.036684 -0.184424
v -0.263388 0.000000 -0.000000
v -0.281417 0.000000 -0.161466
v -0.272957 0.000000 -0.152965
v -0.278939 0.000000 -0.155455
v -0.272957 0.029842 -0.150026
v -0.281417 0.031500 -0.158363
v -0.278939 0.030328 -0.152468
v -0.272957 0.058537 -0.141321
v -0.281417 0.061790 -0.149175
v -0.278939 0.059490 -0.143622
v -0.272957 0.084983 -0.127186
v -0.281417 0.089706 -0.134254
v -0.278939 0.086366 -0.129256
v -0.272957 0.108163 -0.108163
v -0.281417 0.114174 -0.114174
v -0.278939 0.109923 -0.109923
v -0.272957 0.127186 -0.084983
v -0.281417 0.134254 -0.089706
v -0.278939 0.129256 -0.086366
v -0.272957 0.141321 -0.058537
v -0.281417 0.149175 -0.061790
v -0.278939 0.143622 -0.059490
v -0.272957 0.150026 -0.029842
v -0.281417 0.158363 -0.031500
v -0.278939 0.152468 -0.030328
v -0.272957 0.152965 -0.000000
v -0.281417 0.161466 -0.000000
v -0.278939 0.155455 -0.000000
v -0.272957 0.150026 0.029842
v -0.281417 0.158363 0.031500
v -0.278939 0.152468 0.030328
v -0.272957 0.141321 0.058537
v -0.281417 0.149175 0.061790
v -0.278939 0.143622 0.059490
v -0.272957 0.127186 0.084983
v -0.281417 0.134254 0.089706
v -0.278939 0.129256 0.086366
v -0.272957 0.108163 0.108162
v -0.281417 0.114174 0.114174
v -0.278939 0.109923 0.109923
v -0.272957 0.084983 0.127186
v -0.281417 0.089706 0.134254
v -0.278939 0.086366 0.129256
v -0.272957 0.058537 0.141321
v -0.281417 0.061790 0.149175
v -0.278939 0.059490 0.143621
v -0.272957 0.029842 0.150026
v -0.281417 0.031500 0.158363
v -0.278939 0.030328 0.152468
v -0.272957 0.000000 0.152965
v -0.281417 0.000000 0.161466
v -0.278939 0.000000 0.155455
v -0.272957 -0.029842 0.150026
v -0.281417 -0.031500 0.158363
v -0.278939 -0.030328 0.152468
v -0.272957 -0.058537 0.141321
v -0.281417 -0.061790 0.149175
v -0.278939 -0.059490 0.143621
v -0.272957 -0.084983 0.127186
v -0.281417 -0.089706 0.134254
v -0.278939 -0.086366 0.129256
v -0.272957 -0.108162 0.108162
v -0.281417 -0.114174 0.114174
v -0.278939 -0.109923 0.109923
v -0.272957 -0.127186 0.084983
v -0.281417 -0.134254 0.089706
v -0.278939 -0.129256 0.086366
v -0.272957 -0.141321 0.058537
v -0.281417 -0.149175 0.061790
v -0.278939 -0.143621 0.059490
v -0.272957 -0.150026 0.029842
v -0.281417 -0.158363 0.031500
v -0.278939 -0.152468 0.030328
v -0.272957 -0.152965 -0.000000
v -0.281417 -0.161466 -0.000000
v -0.278939 -0.155455 -0.000000
v -0.272957 -0.150026 -0.029842
v -0.281417 -0.158363 -0.031500
v -0.278939 -0.152468 -0.030328
v -0.272957 -0.141321 -0.058537
v -0.281417 -0.149175 -0.061790
v -0.278939 -0.143621 -0.059490
v -0.272957 -0.127185 -0.084983
v -0.281417 -0.134254 -0.089706
v -0.278939 -0.129256 -0.086366
v -0.272957 -0.108162 -0.108162
v -0.281417 -0.114173 -0.114174
v -0.278939 -0.109923 -0.109923
v -0.272957 -0.084983 -0.127186
v -0.281417 -0.089705 -0.134254
v -0.278939 -0.086366 -0.129256
v -0.272957 -0.058537 -0.141321
v -0.281417 -0.061790 -0.149175
v -0.278939 -0.059490 -0.143621
v -0.272957 -0.029842 -0.150026
v -0.281417 -0.031500 -0.158363
v -0.278939 -0.030327 -0.152468
v -0.243656 0.189118 0.126365
v -0.238703 0.164640 0.164640
v -0.231587 0.168157 0.168157
v -0.243656 0.160832 0.160832
v -0.238703 0.129357 0.193597
v -0.231587 0.132120 0.197732
v -0.243656 0.126365 0.189118
v -0.238703 0.089103 0.215113
v -0.231587 0.091006 0.219708
v -0.243656 0.087042 0.210137
v -0.238703 0.045424 0.228363
v -0.231587 0.046394 0.233241
v -0.243656 0.044373 0.223080
v -0.238703 0.000000 0.232837
v -0.231587 0.000000 0.237810
v -0.243656 0.000000 0.227450
v -0.243656 -0.044373 0.223080
v -0.238703 -0.045424 0.228363
v -0.231587 -0.046394 0.233241
v -0.238703 -0.089103 0.215113
v -0.231587 -0.091006 0.219708
v -0.243656 -0.087041 0.210137
v -0.243656 -0.126365 0.189118
v -0.238703 -0.129357 0.193597
v -0.231587 -0.132120 0.197732
v -0.238703 -0.164640 0.164640
v -0.231587 -0.168157 0.168157
v -0.243656 -0.160832 0.160832
v -0.238703 -0.193597 0.129357
v -0.231587 -0.197732 0.132120
v -0.243656 -0.189118 0.126365
v -0.238703 -0.215113 0.089103
v -0.231587 -0.219708 0.091006
v -0.243656 -0.210137 0.087041
v -0.238703 -0.228363 0.045424
v -0.231587 -0.233241 0.046394
v -0.243656 -0.223080 0.044373
v -0.238703 -0.232837 -0.000000
v -0.231587 -0.237810 -0.000000
v -0.243656 -0.227450 -0.000000
v -0.238703 -0.228363 -0.045424
v -0.231587 -0.233241 -0.046394
v -0.243656 -0.223080 -0.044373
v -0.238703 -0.215113 -0.089103
v -0.231587 -0.219708 -0.091006
v -0.243656 -0.210137 -0.087042
v -0.238703 -0.193597 -0.129357
v -0.231587 -0.197732 -0.132120
v -0.243656 -0.189118 -0.126365
v -0.238703 -0.164640 -0.164640
v -0.231587 -0.168157 -0.168157
v -0.243656 -0.160832 -0.160832
v -0.238703 -0.129357 -0.193597
v -0.231587 -0.132120 -0.197732
v -0.243656 -0.126365 -0.189118
v -0.243656 -0.087041 -0.210137
v -0.238703 -0.089103 -0.215113
v -0.231587 -0.091006 -0.219708
v -0.238703 -0.045424 -0.228363
v -0.231587 -0.046394 -0.233241
v -0.243656 -0.044373 -0.223080
v -0.243656 0.000000 -0.227450
v -0.238703 0.000000 -0.232837
v -0.231587 0.000000 -0.237810
v -0.243964 0.044998 -0.226219
v -0.245945 0.045117 -0.226816
v -0.244652 0.045251 -0.227493
v -0.245945 0.088499 -0.213656
v -0.243964 0.088266 -0.213094
v -0.244652 0.088763 -0.214294
v -0.245945 0.128481 -0.192285
v -0.243964 0.128143 -0.191779
v -0.244652 0.128865 -0.192859
v -0.245945 0.163525 -0.163525
v -0.243964 0.163095 -0.163095
v -0.244652 0.164013 -0.164013
v -0.245945 0.192285 -0.128481
v -0.243964 0.191779 -0.128143
v -0.244652 0.192859 -0.128865
v -0.245945 0.213656 -0.088499
v -0.243964 0.213094 -0.088266
v -0.244652 0.214294 -0.088763
v -0.245945 0.226816 -0.045116
v -0.243964 0.226219 -0.044998
v -0.244652 0.227493 -0.045251
v -0.245945 0.231259 -0.000000
v -0.243964 0.230651 -0.000000
v -0.244652 0.231950 -0.000000
v -0.245945 0.226816 0.045116
v -0.243964 0.226219 0.044998
v -0.244652 0.227493 0.045251
v -0.245945 0.213656 0.088499
v -0.243964 0.213094 0.088266
v -0.244652 0.214294 0.088763
v -0.245945 0.192285 0.128481
v -0.243964 0.191779 0.128143
v -0.244652 0.192859 0.128864
v -0.245945 0.163525 0.163525
v -0.243964 0.163095 0.163095
v -0.244652 0.164013 0.164013
v -0.245945 0.128481 0.192285
v -0.243964 0.128143 0.191779
v -0.244652 0.128864 0.192859
v -0.245945 0.088499 0.213656
v -0.243964 0.088266 0.213093
v -0.244652 0.088763 0.214294
v -0.245945 0.045116 0.226816
v -0.243964 0.044998 0.226219
v -0.244652 0.045251 0.227493
v -0.245945 0.000000 0.231259
v -0.243964 0.000000 0.230651
v -0.244652 0.000000 0.231950
v -0.245945 -0.045116 0.226816
v -0.243964 -0.044998 0.226219
v -0.244652 -0.045251 0.227493
v -0.245945 -0.088499 0.213656
v -0.243964 -0.088266 0.213093
v -0.244652 -0.088763 0.214294
v -0.245945 -0.128481 0.192285
v -0.243964 -0.128143 0.191779
v -0.244652 -0.128864 0.192859
v -0.245945 -0.163525 0.163525
v -0.243964 -0.163095 0.163095
v -0.244652 -0.164013 0.164013
v -0.245945 -0.192285 0.128481
v -0.243964 -0.191779 0.128143
v -0.244652 -0.192859 0.128864
v -0.245945 -0.213656 0.088499
v -0.243964 -0.213093 0.088266
v -0.244652 -0.214294 0.088763
v -0.245945 -0.226816 0.045116
v -0.243964 -0.226219 0.044998
v -0.244652 -0.227493 0.045251
v -0.245945 -0.231259 -0.000000
v -0.243964 -0.230651 -0.000000
v -0.244652 -0.231950 -0.000000
v -0.245945 -0.226816 -0.045116
v -0.243964 -0.226219 -0.044998
v -0.244652 -0.227493 -0.045251
v -0.245945 -0.213656 -0.088499
v -0.243964 -0.213093 -0.088266
v -0.244652 -0.214294 -0.088763
v -0.245945 -0.192285 -0.128481
v -0.243964 -0.191779 -0.128143
v -0.244652 -0.192859 -0.128864
v -0.245945 -0.163525 -0.163525
v -0.243964 -0.163095 -0.163095
v -0.244652 -0.164013 -0.164013
v -0.245945 -0.128481 -0.192285
v -0.243964 -0.128143 -0.191779
v -0.244652 -0.128864 -0.192859
v -0.245945 -0.088499 -0.213656
v -0.243964 -0.088266 -0.213093
v -0.244652 -0.088763 -0.214294
v -0.245945 -0.045116 -0.226816
v -0.243964 -0.044998 -0.226219
v -0.244652 -0.045251 -0.227493
v -0.245945 0.000000 -0.231259
v -0.243964 0.000000 -0.230651
v -0.244652 0.000000 -0.231950
v 0.232896 0.197732 0.132120
v 0.238703 0.193597 0.129357
v 0.243656 0.210137 0.087041
v 0.232896 0.219708 0.091006
v 0.238703 0.215113 0.089103
v 0.243656 0.223080 0.044373
v 0.232896 0.233241 0.046394
v 0.238703 0.228363 0.045424
v 0.243656 0.227450 -0.000000
v 0.232896 0.237810 -0.000000
v 0.238703 0.232837 -0.000000
v 0.243656 0.223080 -0.044373
v 0.232896 0.233241 -0.046394
v 0.238703 0.228363 -0.045424
v 0.232896 0.219708 -0.091006
v 0.238703 0.215113 -0.089103
v 0.243656 0.210137 -0.087042
v 0.243656 0.189118 -0.126365
v 0.232896 0.197732 -0.132120
v 0.238703 0.193597 -0.129357
v 0.243656 0.160832 -0.160832
v 0.232896 0.168157 -0.168157
v 0.238703 0.164640 -0.164640
v 0.243656 0.126365 -0.189118
v 0.232896 0.132120 -0.197732
v 0.238703 0.129357 -0.193597
v 0.243656 0.044373 -0.223080
v 0.243656 0.087042 -0.210137
v 0.238703 0.045424 -0.228363
v 0.232896 0.046395 -0.233241
v 0.232896 0.091006 -0.219708
v 0.238703 0.089103 -0.215113
v 0.281417 0.036684 -0.184424
v 0.281417 0.000000 -0.188037
v 0.281417 0.071959 -0.173723
v 0.281417 0.104468 -0.156347
v 0.281417 0.132962 -0.132962
v 0.281417 0.156347 -0.104468
v 0.281417 0.173723 -0.071959
v 0.281417 0.184424 -0.036684
v 0.281417 0.188037 -0.000000
v 0.281417 0.184424 0.036684
v 0.281417 0.173723 0.071959
v 0.281417 0.156347 0.104468
v 0.281417 0.132962 0.132962
v 0.281417 0.104468 0.156347
v 0.281417 0.071959 0.173723
v 0.281417 0.036684 0.184424
v 0.281417 0.000000 0.188037
v 0.281417 -0.036684 0.184424
v 0.281417 -0.071959 0.173723
v 0.281417 -0.104468 0.156347
v 0.281417 -0.132962 0.132962
v 0.281417 -0.156347 0.104468
v 0.281417 -0.173723 0.071958
v 0.281417 -0.184424 0.036684
v 0.281417 -0.188037 -0.000000
v 0.281417 -0.184424 -0.036684
v 0.281417 -0.173723 -0.071959
v 0.281417 -0.156347 -0.104468
v 0.281417 -0.132962 -0.132962
v 0.281417 -0.104467 -0.156347
v 0.281417 -0.071958 -0.173723
v 0.281417 -0.036684 -0.184424
v 0.263388 0.000000 -0.000000
v 0.281417 0.000000 -0.161466
v 0.272957 0.000000 -0.152965
v 0.278939 0.000000 -0.155455
v 0.272957 0.029842 -0.150026
v 0.281417 0.031500 -0.158363
v 0.278939 0.030328 -0.152468
v 0.272957 0.058537 -0.141321
v 0.281417 0.061790 -0.149175
v 0.278939 0.059490 -0.143622
v 0.272957 0.084983 -0.127186
v 0.281417 0.089706 -0.134254
v 0.278939 0.086366 -0.129256
v 0.272957 0.108163 -0.108163
v 0.281417 0.114174 -0.114174
v 0.278939 0.109923 -0.109923
v 0.272957 0.127186 -0.084983
v 0.281417 0.134254 -0.089706
v 0.278939 0.129256 -0.086366
v 0.272957 0.141321 -0.058537
v 0.281417 0.149175 -0.061790
v 0.278939 0.143622 -0.059490
v 0.272957 0.150026 -0.029842
v 0.281417 0.158363 -0.031500
v 0.278939 0.152468 -0.030328
v 0.272957 0.152965 -0.000000
v 0.281417 0.161466 -0.000000
v 0.278939 0.155455 -0.000000
v 0.272957 0.150026 0.029842
v 0.281417 0.158363 0.031500
v 0.278939 0.152468 0.030328
v 0.272957 0.141321 0.058537
v 0.281417 0.149175 0.061790
v 0.278939 0.143622 0.059490
v 0.272957 0.127186 0.084983
v 0.281417 0.134254 0.089706
v 0.278939 0.129256 0.086366
v 0.272957 0.108163 0.108162
v 0.281417 0.114174 0.114174
v 0.278939 0.109923 0.109923
v 0.272957 0.084983 0.127186
v 0.281417 0.089706 0.134254
v 0.278939 0.086366 0.129256
v 0.272957 0.058537 0.141321
v 0.281417 0.061790 0.149175
v 0.278939 0.059490 0.143621
v 0.272957 0.029842 0.150026
v 0.281417 0.031500 0.158363
v 0.278939 0.030328 0.152468
v 0.272957 0.000000 0.152965
v 0.281417 0.000000 0.161466
v 0.278939 0.000000 0.155455
v 0.272957 -0.029842 0.150026
v 0.281417 -0.031500 0.158363
v 0.278939 -0.030328 0.152468
v 0.272957 -0.058537 0.141321
v 0.281417 -0.061790 0.149175
v 0.278939 -0.059490 0.143621
v 0.272957 -0.084983 0.127186
v 0.281417 -0.089706 0.134254
v 0.278939 -0.086366 0.129256
v 0.272957 -0.108162 0.108162
v 0.281417 -0.114174 0.114174
v 0.278939 -0.109923 0.109923
v 0.272957 -0.127186 0.084983
v 0.281417 -0.134254 0.089706
v 0.278939 -0.129256 0.086366
v 0.272957 -0.141321 0.058537
v 0.281417 -0.149175 0.061790
v 0.278939 -0.143621 0.059490
v 0.272957 -0.150026 0.029842
v 0.281417 -0.158363 0.031500
v 0.278939 -0.152468 0.030328
v 0.272957 -0.152965 -0.000000
v 0.281417 -0.161466 -0.000000
v 0.278939 -0.155455 -0.000000
v 0.272957 -0.150026 -0.029842
v 0.281417 -0.158363 -0.031500
v 0.278939 -0.152468 -0.030328
v 0.272957 -0.141321 -0.058537
v 0.281417 -0.149175 -0.061790
v 0.278939 -0.143621 -0.059490
v 0.272957 -0.127185 -0.084983
v 0.281417 -0.134254 -0.089706
v 0.278939 -0.129256 -0.086366
v 0.272957 -0.108162 -0.108162
v 0.281417 -0.114173 -0.114174
v 0.278939 -0.109923 -0.109923
v 0.272957 -0.084983 -0.127186
v 0.281417 -0.089705 -0.134254
v 0.278939 -0.086366 -0.129256
v 0.272957 -0.058537 -0.141321
v 0.281417 -0.061790 -0.149175
v 0.278939 -0.059490 -0.143621
v 0.272957 -0.029842 -0.150026
v 0.281417 -0.031500 -0.158363
v 0.278939 -0.030327 -0.152468
v 0.243656 0.189118 0.126365
v 0.238703 0.164640 0.164640
v 0.232896 0.168157 0.168157
v 0.243656 0.160832 0.160832
v 0.238703 0.129357 0.193597
v 0.232896 0.132120 0.197732
v 0.243656 0.126365 0.189118
v 0.238703 0.089103 0.215113
v 0.232896 0.091006 0.219708
v 0.243656 0.087042 0.210137
v 0.238703 0.045424 0.228363
v 0.232896 0.046394 0.233241
v 0.243656 0.044373 0.223080
v 0.238703 0.000000 0.232837
v 0.232896 0.000000 0.237810
v 0.243656 0.000000 0.227450
v 0.243656 -0.044373 0.223080
v 0.238703 -0.045424 0.228363
v 0.232896 -0.046394 0.233241
v 0.238703 -0.089103 0.215113
v 0.232896 -0.091006 0.219708
v 0.243656 -0.087041 0.210137
v 0.243656 -0.126365 0.189118
v 0.238703 -0.129357 0.193597
v 0.232896 -0.132120 0.197732
v 0.238703 -0.164640 0.164640
v 0.232896 -0.168157 0.168157
v 0.243656 -0.160832 0.160832
v 0.238703 -0.193597 0.129357
v 0.232896 -0.197732 0.132120
v 0.243656 -0.189118 0.126365
v 0.238703 -0.215113 0.089103
v 0.232896 -0.219708 0.091006
v 0.243656 -0.210137 0.087041
v 0.238703 -0.228363 0.045424
v 0.232896 -0.233241 0.046394
v 0.243656 -0.223080 0.044373
v 0.238703 -0.232837 -0.000000
v 0.232896 -0.237810 -0.000000
v 0.243656 -0.227450 -0.000000
v 0.238703 -0.228363 -0.045424
v 0.232896 -0.233241 -0.046394
v 0.243656 -0.223080 -0.044373
v 0.238703 -0.215113 -0.089103
v 0.232896 -0.219708 -0.091006
v 0.243656 -0.210137 -0.087042
v 0.238703 -0.193597 -0.129357
v 0.232896 -0.197732 -0.132120
v 0.243656 -0.189118 -0.126365
v 0.238703 -0.164640 -0.164640
v 0.232896 -0.168157 -0.168157
v 0.243656 -0.160832 -0.160832
v 0.238703 -0.129357 -0.193597
v 0.232896 -0.132120 -0.197732
v 0.243656 -0.126365 -0.189118
v 0.243656 -0.087041 -0.210137
v 0.238703 -0.089103 -0.215113
v 0.232896 -0.091006 -0.219708
v 0.238703 -0.045424 -0.228363
v 0.232896 -0.046394 -0.233241
v 0.243656 -0.044373 -0.223080
v 0.243656 0.000000 -0.227450
v 0.238703 0.000000 -0.232837
v 0.232896 0.000000 -0.237810
v 0.243964 0.044998 -0.226219
v 0.245945 0.045117 -0.226816
v 0.244652 0.045251 -0.227493
v 0.245945 0.088499 -0.213656
v 0.243964 0.088266 -0.213094
v 0.244652 0.088763 -0.214294
v 0.245945 0.128481 -0.192285
v 0.243964 0.128143 -0.191779
v 0.244652 0.128865 -0.192859
v 0.245945 0.163525 -0.163525
v 0.243964 0.163095 -0.163095
v 0.244652 0.164013 -0.164013
v 0.245945 0.192285 -0.128481
v 0.243964 0.191779 -0.128143
v 0.244652 0.192859 -0.128865
v 0.245945 0.213656 -0.088499
v 0.243964 0.213094 -0.088266
v 0.244652 0.214294 -0.088763
v 0.245945 0.226816 -0.045116
v 0.243964 0.226219 -0.044998
v 0.244652 0.227493 -0.045251
v 0.245945 0.231259 -0.000000
v 0.243964 0.230651 -0.000000
v 0.244652 0.231950 -0.000000
v 0.245945 0.226816 0.045116
v 0.243964 0.226219 0.044998
v 0.244652 0.227493 0.045251
v 0.245945 0.213656 0.088499
v 0.243964 0.213094 0.088266
v 0.244652 0.214294 0.088763
v 0.245945 0.192285 0.128481
v 0.243964 0.191779 0.128143
v 0.244652 0.192859 0.128864
v 0.245945 0.163525 0.163525
v 0.243964 0.163095 0.163095
v 0.244652 0.164013 0.164013
v 0.245945 0.128481 0.192285
v 0.243964 0.128143 0.191779
v 0.244652 0.128864 0.192859
v 0.245945 0.088499 0.213656
v 0.243964 0.088266 0.213093
v 0.244652 0.088763 0.214294
v 0.245945 0.045116 0.226816
v 0.243964 0.044998 0.226219
v 0.244652 0.045251 0.227493
v 0.245945 0.000000 0.231259
v 0.243964 0.000000 0.230651
v 0.244652 0.000000 0.231950
v 0.245945 -0.045116 0.226816
v 0.243964 -0.044998 0.226219
v 0.244652 -0.045251 0.227493
v 0.245945 -0.088499 0.213656
v 0.243964 -0.088266 0.213093
v 0.244652 -0.088763 0.214294
v 0.245945 -0.128481 0.192285
v 0.243964 -0.128143 0.191779
v 0.244652 -0.128864 0.192859
v 0.245945 -0.163525 0.163525
v 0.243964 -0.163095 0.163095
v 0.244652 -0.164013 0.164013
v 0.245945 -0.192285 0.128481
v 0.243964 -0.191779 0.128143
v 0.244652 -0.192859 0.128864
v 0.245945 -0.213656 0.088499
v 0.243964 -0.213093 0.088266
v 0.244652 -0.214294 0.088763
v 0.245945 -0.226816 0.045116
v 0.243964 -0.226219 0.044998
v 0.244652 -0.227493 0.045251
v 0.245945 -0.231259 -0.000000
v 0.243964 -0.230651 -0.000000
v 0.244652 -0.231950 -0.000000
v 0.245945 -0.226816 -0.045116
v 0.243964 -0.226219 -0.044998
v 0.244652 -0.227493 -0.045251
v 0.245945 -0.213656 -0.088499
v 0.243964 -0.213093 -0.088266
v 0.244652 -0.214294 -0.088763
v 0.245945 -0.192285 -0.128481
v 0.243964 -0.191779 -0.128143
v 0.244652 -0.192859 -0.128864
v 0.245945 -0.163525 -0.163525
v 0.243964 -0.163095 -0.163095
v 0.244652 -0.164013 -0.164013
v 0.245945 -0.128481 -0.192285
v 0.243964 -0.128143 -0.191779
v 0.244652 -0.128864 -0.192859
v 0.245945 -0.088499 -0.213656
v 0.243964 -0.088266 -0.213093
v 0.244652 -0.088763 -0.214294
v 0.245945 -0.045116 -0.226816
v 0.243964 -0.044998 -0.226219
v 0.244652 -0.045251 -0.227493
v 0.245945 0.000000 -0.231259
v 0.243964 0.000000 -0.230651
v 0.244652 0.000000 -0.231950
v 0.263388 0.029842 -0.150026
v 0.263388 0.000000 -0.152965
v 0.263388 0.058537 -0.141321
v 0.263388 0.084983 -0.127186
v 0.263388 0.108163 -0.108163
v 0.263388 0.127186 -0.084983
v 0.263388 0.141321 -0.058537
v 0.263388 0.150026 -0.029842
v 0.263388 0.152965 -0.000000
v 0.263388 0.150026 0.029842
v 0.263388 0.141321 0.058537
v 0.263388 0.127186 0.084983
v 0.263388 0.108163 0.108162
v 0.263388 0.084983 0.127186
v 0.263388 0.058537 0.141321
v 0.263388 0.029842 0.150026
v 0.263388 0.000000 0.152965
v 0.263388 -0.029842 0.150026
v 0.263388 -0.058537 0.141321
v 0.263388 -0.084983 0.127186
v 0.263388 -0.108162 0.108162
v 0.263388 -0.127186 0.084983
v 0.263388 -0.141321 0.058537
v 0.263388 -0.150026 0.029842
v 0.263388 -0.152965 -0.000000
v 0.263388 -0.150026 -0.029842
v 0.263388 -0.141321 -0.058537
v 0.263388 -0.127185 -0.084983
v 0.263388 -0.108162 -0.108162
v 0.263388 -0.084983 -0.127186
v 0.263388 -0.058537 -0.141321
v 0.263388 -0.029842 -0.150026
v -0.263388 0.029842 -0.150026
v -0.263388 0.000000 -0.152965
v -0.263388 0.058537 -0.141321
v -0.263388 0.084983 -0.127186
v -0.263388 0.108163 -0.108163
v -0.263388 0.127186 -0.084983
v -0.263388 0.141321 -0.058537
v -0.263388 0.150026 -0.029842
v -0.263388 0.152965 -0.000000
v -0.263388 0.150026 0.029842
v -0.263388 0.141321 0.058537
v -0.263388 0.127186 0.084983
v -0.263388 0.108163 0.108162
v -0.263388 0.084983 0.127186
v -0.263388 0.058537 0.141321
v -0.263388 0.029842 0.150026
v -0.263388 0.000000 0.152965
v -0.263388 -0.029842 0.150026
v -0.263388 -0.058537 0.141321
v -0.263388 -0.084983 0.127186
v -0.263388 -0.108162 0.108162
v -0.263388 -0.127186 0.084983
v -0.263388 -0.141321 0.058537
v -0.263388 -0.150026 0.029842
v -0.263388 -0.152965 -0.000000
v -0.263388 -0.150026 -0.029842
v -0.263388 -0.141321 -0.058537
v -0.263388 -0.127185 -0.084983
v -0.263388 -0.108162 -0.108162
v -0.263388 -0.084983 -0.127186
v -0.263388 -0.058537 -0.141321
v -0.263388 -0.029842 -0.150026
v -0.025282 0.000000 -0.320707
v 0.000000 0.000000 -0.323150
v -0.025282 0.062567 -0.314545
v 0.000000 0.063043 -0.316941
v -0.025282 0.122729 -0.296295
v 0.000000 0.123664 -0.298551
v -0.025282 0.178175 -0.266658
v 0.000000 0.179532 -0.268689
v -0.025282 0.226774 -0.226774
v 0.000000 0.228501 -0.228501
v -0.025282 0.266658 -0.178175
v 0.000000 0.268689 -0.179532
v -0.025282 0.296295 -0.122729
v 0.000000 0.298551 -0.123664
v -0.025282 0.314545 -0.062567
v 0.000000 0.316940 -0.063043
v -0.025282 0.320707 0.000000
v 0.000000 0.323150 0.000000
v -0.025282 0.314545 0.062567
v 0.000000 0.316940 0.063043
v -0.025282 0.296295 0.122729
v 0.000000 0.298551 0.123664
v -0.025282 0.266658 0.178175
v 0.000000 0.268689 0.179532
v -0.025282 0.226774 0.226774
v 0.000000 0.228501 0.228501
v -0.025282 0.178175 0.266658
v 0.000000 0.179532 0.268689
v -0.025282 0.122729 0.296295
v 0.000000 0.123664 0.298551
v -0.025282 0.062567 0.314545
v 0.000000 0.063043 0.316940
v -0.025282 -0.000000 0.320707
v 0.000000 -0.000000 0.323150
v -0.025282 -0.062567 0.314545
v 0.000000 -0.063043 0.316940
v -0.025282 -0.122729 0.296294
v 0.000000 -0.123664 0.298551
v -0.025282 -0.178175 0.266658
v 0.000000 -0.179532 0.268689
v -0.025282 -0.226774 0.226774
v 0.000000 -0.228501 0.228501
v -0.025282 -0.266658 0.178175
v 0.000000 -0.268689 0.179532
v -0.025282 -0.296295 0.122729
v 0.000000 -0.298551 0.123664
v -0.025282 -0.314544 0.062567
v 0.000000 -0.316940 0.063043
v -0.025282 -0.320707 -0.000000
v 0.000000 -0.323149 -0.000000
v -0.025282 -0.314544 -0.062567
v 0.000000 -0.316940 -0.063043
v -0.025282 -0.296294 -0.122729
v 0.000000 -0.298551 -0.123664
v -0.025282 -0.266658 -0.178175
v 0.000000 -0.268689 -0.179532
v -0.025282 -0.226774 -0.226774
v 0.000000 -0.228501 -0.228501
v -0.025282 -0.178175 -0.266658
v 0.000000 -0.179532 -0.268689
v -0.025282 -0.122729 -0.296294
v 0.000000 -0.123664 -0.298551
v -0.025282 -0.062567 -0.314544
v 0.000000 -0.063043 -0.316940
v 0.025282 0.000000 -0.320707
v 0.025282 0.062567 -0.314545
v 0.025282 0.122729 -0.296295
v 0.025282 0.178175 -0.266658
v 0.025282 0.226774 -0.226774
v 0.025282 0.266658 -0.178175
v 0.025282 0.296295 -0.122729
v 0.025282 0.314545 -0.062567
v 0.025282 0.320707 0.000000
v 0.025282 0.314545 0.062567
v 0.025282 0.296295 0.122729
v 0.025282 0.266658 0.178175
v 0.025282 0.226774 0.226774
v 0.025282 0.178175 0.266658
v 0.025282 0.122729 0.296295
v 0.025282 0.062567 0.314545
v 0.025282 -0.000000 0.320707
v 0.025282 -0.062567 0.314545
v 0.025282 -0.122729 0.296294
v 0.025282 -0.178175 0.266658
v 0.025282 -0.226774 0.226774
v 0.025282 -0.266658 0.178175
v 0.025282 -0.296295 0.122729
v 0.025282 -0.314544 0.062567
v 0.025282 -0.320707 -0.000000
v 0.025282 -0.314544 -0.062567
v 0.025282 -0.296294 -0.122729
v 0.025282 -0.266658 -0.178175
v 0.025282 -0.226774 -0.226774
v 0.025282 -0.178175 -0.266658
v 0.025282 -0.122729 -0.296294
v 0.025282 -0.062567 -0.314544
vn -0.5528 0.1626 -0.8173
vn -0.6344 0.1508 -0.7582
vn -0.6344 0.2958 -0.7142
vn -0.5528 0.3189 -0.7699
vn -0.3805 -0.0000 -0.9248
vn -0.5528 -0.0000 -0.8333
vn -0.3805 0.1804 -0.9070
vn -0.1939 -0.0000 -0.9810
vn -0.1939 0.1914 -0.9622
vn 0.0977 -0.1942 -0.9761
vn -0.1939 -0.1914 -0.9622
vn 0.0977 -0.0000 -0.9952
vn -0.6344 -0.0000 -0.7730
vn -0.3805 0.3539 -0.8544
vn -0.1939 0.3754 -0.9063
vn 0.9995 0.0119 -0.0287
vn 0.9995 0.0061 -0.0305
vn 0.9628 0.0527 -0.2652
vn 0.9628 0.1035 -0.2498
vn 0.9995 0.0173 -0.0259
vn 0.9628 0.1502 -0.2248
vn -0.6344 0.4295 -0.6427
vn -0.5528 0.4630 -0.6929
vn -0.3805 0.5138 -0.7689
vn -0.1939 0.5450 -0.8157
vn -0.6344 0.5466 -0.5466
vn -0.5528 0.5893 -0.5893
vn -0.3805 0.6539 -0.6539
vn -0.1939 0.6937 -0.6937
vn 0.9995 0.0220 -0.0220
vn 0.9628 0.1912 -0.1912
vn 0.9995 0.0259 -0.0173
vn 0.9628 0.2248 -0.1502
vn -0.6344 0.6427 -0.4295
vn -0.5528 0.6929 -0.4630
vn -0.3805 0.7689 -0.5138
vn -0.1939 0.8157 -0.5450
vn -0.5528 0.7699 -0.3189
vn -0.3805 0.8544 -0.3539
vn -0.1939 0.9063 -0.3754
vn 0.9995 0.0287 -0.0119
vn 0.9628 0.2498 -0.1035
vn -0.6344 0.7142 -0.2958
vn -0.6344 0.7582 -0.1508
vn -0.5528 0.8173 -0.1626
vn -0.3805 0.9070 -0.1804
vn -0.1939 0.9622 -0.1914
vn 0.9995 0.0305 -0.0061
vn 0.9628 0.2652 -0.0527
vn -0.5528 0.8333 -0.0000
vn -0.3805 0.9248 -0.0000
vn -0.1939 0.9810 -0.0000
vn 0.9995 0.0311 -0.0000
vn 0.9628 0.2704 -0.0000
vn -0.6344 0.7730 -0.0000
vn -0.6344 0.7582 0.1508
vn -0.5528 0.8173 0.1626
vn -0.3805 0.9070 0.1804
vn -0.1939 0.9622 0.1914
vn 0.9995 0.0305 0.0061
vn 0.9628 0.2652 0.0527
vn -0.5528 0.7699 0.3189
vn -0.3805 0.8544 0.3539
vn -0.1939 0.9063 0.3754
vn 0.9995 0.0287 0.0119
vn 0.9628 0.2498 0.1035
vn -0.6344 0.7142 0.2958
vn -0.6344 0.6427 0.4295
vn -0.5528 0.6929 0.4630
vn -0.3805 0.7689 0.5138
vn -0.1939 0.8157 0.5450
vn 0.9995 0.0259 0.0173
vn 0.9628 0.2248 0.1502
vn -0.3805 0.6539 0.6539
vn -0.1939 0.6937 0.6937
vn 0.9995 0.0220 0.0220
vn 0.9628 0.1912 0.1912
vn -0.6344 0.5466 0.5466
vn -0.5528 0.5893 0.5893
vn -0.6344 0.4295 0.6427
vn -0.5528 0.4630 0.6929
vn -0.3805 0.5138 0.7689
vn -0.1939 0.5450 0.8157
vn 0.9995 0.0173 0.0259
vn 0.9628 0.1502 0.2248
vn -0.3805 0.3539 0.8544
vn -0.1939 0.3754 0.9063
vn 0.9995 0.0119 0.0287
vn 0.9628 0.1035 0.2498
vn -0.6344 0.2958 0.7142
vn -0.5528 0.3189 0.7699
vn -0.6344 0.1508 0.7582
vn -0.5528 0.1626 0.8173
vn -0.3805 0.1804 0.9070
vn -0.1939 0.1914 0.9622
vn 0.9995 0.0061 0.0305
vn 0.9628 0.0527 0.2652
vn 0.9995 -0.0000 0.0311
vn 0.9628 -0.0000 0.2704
vn -0.6344 -0.0000 0.7730
vn -0.5528 -0.0000 0.8333
vn -0.3805 -0.0000 0.9248
vn -0.1939 -0.0000 0.9810
vn -0.5528 -0.1626 0.8173
vn -0.3805 -0.1804 0.9070
vn -0.1939 -0.1914 0.9622
vn 0.9995 -0.0061 0.0305
vn 0.9628 -0.0527 0.2652
vn -0.6344 -0.1508 0.7582
vn -0.6344 -0.2958 0.7142
vn -0.5528 -0.3189 0.7699
vn -0.3805 -0.3539 0.8544
vn -0.1939 -0.3754 0.9063
vn 0.9995 -0.0119 0.0287
vn 0.9628 -0.1035 0.2498
vn -0.5528 -0.4630 0.6929
vn -0.3805 -0.5138 0.7689
vn -0.1939 -0.5450 0.8157
vn 0.9995 -0.0173 0.0259
vn 0.9628 -0.1502 0.2248
vn -0.6344 -0.4295 0.6427
vn -0.6344 -0.5466 0.5466
vn -0.5528 -0.5893 0.5893
vn -0.3805 -0.6539 0.6539
vn -0.1939 -0.6937 0.6937
vn 0.9995 -0.0220 0.0220
vn 0.9628 -0.1912 0.1912
vn -0.5528 -0.6929 0.4630
vn -0.3805 -0.7689 0.5138
vn -0.1939 -0.8157 0.5450
vn 0.9995 -0.0259 0.0173
vn 0.9628 -0.2248 0.1502
vn -0.6344 -0.6427 0.4295
vn -0.6344 -0.7142 0.2958
vn -0.5528 -0.7699 0.3189
vn -0.3805 -0.8544 0.3539
vn -0.1939 -0.9063 0.3754
vn 0.9995 -0.0287 0.0119
vn 0.9628 -0.2498 0.1035
vn -0.5528 -0.8173 0.1626
vn -0.3805 -0.9070 0.1804
vn -0.1939 -0.9622 0.1914
vn 0.9995 -0.0305 0.0061
vn 0.9628 -0.2652 0.0527
vn -0.6344 -0.7582 0.1508
vn -0.6344 -0.7730 -0.0000
vn -0.5528 -0.8333 -0.0000
vn -0.3805 -0.9248 -0.0000
vn -0.1939 -0.9810 -0.0000
vn 0.9995 -0.0311 -0.0000
vn 0.9628 -0.2704 -0.0000
vn -0.3805 -0.9070 -0.1804
vn -0.1939 -0.9622 -0.1914
vn 0.9995 -0.0305 -0.0061
vn 0.9628 -0.2652 -0.0527
vn -0.6344 -0.7582 -0.1508
vn -0.5528 -0.8173 -0.1626
vn -0.6344 -0.7142 -0.2958
vn -0.5528 -0.7699 -0.3189
vn -0.3805 -0.8544 -0.3539
vn -0.1939 -0.9063 -0.3754
vn 0.9995 -0.0287 -0.0119
vn 0.9628 -0.2498 -0.1035
vn 0.9995 -0.0259 -0.0173
vn 0.9628 -0.2248 -0.1502
vn -0.6344 -0.6427 -0.4295
vn -0.5528 -0.6929 -0.4630
vn -0.3805 -0.7689 -0.5138
vn -0.1939 -0.8157 -0.5450
vn -0.6344 -0.5466 -0.5466
vn -0.5528 -0.5893 -0.5893
vn -0.3805 -0.6539 -0.6539
vn -0.1939 -0.6937 -0.6937
vn 0.9995 -0.0220 -0.0220
vn 0.9628 -0.1912 -0.1912
vn 0.9995 -0.0173 -0.0259
vn 0.9628 -0.1502 -0.2248
vn -0.6344 -0.4295 -0.6427
vn -0.5528 -0.4630 -0.6929
vn -0.3805 -0.5138 -0.7689
vn -0.1939 -0.5450 -0.8157
vn -0.5528 -0.3189 -0.7699
vn -0.3805 -0.3539 -0.8544
vn -0.1939 -0.3754 -0.9063
vn 0.9995 -0.0119 -0.0287
vn 0.9628 -0.1035 -0.2498
vn -0.6344 -0.2958 -0.7142
vn -0.6344 -0.1508 -0.7582
vn -0.5528 -0.1626 -0.8173
vn -0.3805 -0.1804 -0.9070
vn 0.0977 0.1942 0.9761
vn 0.0977 -0.0000 0.9952
vn 0.0977 -0.1942 0.9761
vn 0.0977 -0.3809 0.9195
vn 0.0977 -0.5529 0.8275
vn 0.0977 -0.7037 0.7037
vn 0.0977 -0.8275 0.5529
vn 0.0977 -0.9195 0.3809
vn 0.0977 -0.9761 0.1942
vn 0.0977 -0.9952 -0.0000
vn 0.0977 -0.9761 -0.1942
vn 0.0977 -0.9195 -0.3809
vn 0.0977 -0.8275 -0.5529
vn 0.9995 -0.0000 -0.0311
vn 0.9628 -0.0000 -0.2704
vn 0.0977 -0.7037 -0.7037
vn 0.0977 0.1942 -0.9761
vn 0.0977 0.3809 -0.9195
vn 0.0977 -0.5529 -0.8275
vn 0.0977 0.5529 -0.8275
vn 0.0977 -0.3809 -0.9195
vn 0.0977 0.7037 -0.7037
vn 0.0977 0.8275 -0.5529
vn 0.0977 0.9195 -0.3809
vn 0.0977 0.9761 -0.1942
vn 0.0977 0.9952 -0.0000
vn 0.0977 0.9761 0.1942
vn 0.0977 0.9195 0.3809
vn 0.0977 0.8275 0.5529
vn 0.0977 0.7037 0.7037
vn 0.0977 0.5529 0.8275
vn 0.0977 0.3809 0.9195
vn 0.6242 -0.0000 -0.7813
vn 0.6242 -0.1524 -0.7662
vn 0.9628 -0.0527 -0.2652
vn 0.6242 -0.2990 -0.7218
vn 0.6242 -0.4340 -0.6496
vn 0.6242 -0.5524 -0.5524
vn 0.6242 -0.6496 -0.4340
vn 0.6242 -0.7218 -0.2990
vn 0.6242 -0.7662 -0.1524
vn 0.6242 -0.7813 -0.0000
vn 0.6242 -0.7662 0.1524
vn 0.6242 -0.7218 0.2990
vn 0.6242 -0.6496 0.4340
vn 0.6242 -0.5524 0.5524
vn 0.6242 -0.4340 0.6496
vn 0.6242 -0.2990 0.7218
vn 0.6242 -0.1524 0.7662
vn 0.6242 -0.0000 0.7813
vn 0.6242 0.1524 0.7662
vn 0.6242 0.2990 0.7218
vn 0.6242 0.4340 0.6496
vn 0.6242 0.5524 0.5524
vn 0.6242 0.6496 0.4340
vn 0.6242 0.7218 0.2990
vn 0.6242 0.7662 0.1524
vn 0.6242 0.7813 -0.0000
vn 0.6242 0.7663 -0.1524
vn 0.6242 0.7218 -0.2990
vn 0.6242 0.6496 -0.4340
vn 0.6242 0.5524 -0.5524
vn 0.6242 0.4340 -0.6496
vn 0.6242 0.2990 -0.7218
vn 0.6242 0.1524 -0.7663
vn 0.9995 -0.0061 -0.0305
vn -1.0000 0.0024 -0.0010
vn -1.0000 0.0025 -0.0005
vn -1.0000 0.0021 0.0014
vn -1.0000 0.0018 0.0018
vn -1.0000 -0.0025 -0.0005
vn -1.0000 -0.0024 -0.0010
vn -1.0000 -0.0010 -0.0024
vn -1.0000 -0.0005 -0.0025
vn -1.0000 0.0021 -0.0014
vn -1.0000 0.0024 0.0010
vn -1.0000 -0.0014 0.0021
vn -1.0000 -0.0018 0.0018
vn -1.0000 0.0005 0.0025
vn -1.0000 -0.0000 0.0026
vn -1.0000 -0.0026 -0.0000
vn -1.0000 -0.0014 -0.0021
vn -1.0000 0.0010 0.0024
vn -1.0000 -0.0000 -0.0026
vn -1.0000 0.0005 -0.0025
vn -1.0000 0.0025 0.0005
vn -1.0000 -0.0010 0.0024
vn -1.0000 0.0014 -0.0021
vn -1.0000 0.0018 -0.0018
vn -1.0000 -0.0025 0.0005
vn -1.0000 -0.0018 -0.0018
vn -1.0000 0.0026 -0.0000
vn -1.0000 -0.0005 0.0025
vn -1.0000 0.0014 0.0021
vn -1.0000 -0.0024 0.0010
vn -1.0000 -0.0021 -0.0014
vn -1.0000 0.0010 -0.0024
vn -1.0000 -0.0021 0.0014
vn 0.5528 0.1626 -0.8173
vn 0.5528 0.3189 -0.7699
vn 0.6344 0.2958 -0.7142
vn 0.6344 0.1508 -0.7582
vn 0.3805 -0.0000 -0.9248
vn 0.3805 0.1804 -0.9070
vn 0.5528 -0.0000 -0.8333
vn 0.1939 -0.0000 -0.9810
vn 0.1939 0.1914 -0.9622
vn -0.0977 -0.1942 -0.9761
vn -0.0977 -0.0000 -0.9952
vn 0.1939 -0.1914 -0.9622
vn 0.6344 -0.0000 -0.7730
vn 0.3805 0.3539 -0.8544
vn 0.1939 0.3754 -0.9063
vn -0.9995 0.0119 -0.0287
vn -0.9628 0.1035 -0.2498
vn -0.9628 0.0527 -0.2652
vn -0.9995 0.0061 -0.0305
vn -0.9995 0.0173 -0.0259
vn -0.9628 0.1502 -0.2248
vn 0.5528 0.4630 -0.6929
vn 0.6344 0.4295 -0.6427
vn 0.3805 0.5138 -0.7689
vn 0.1939 0.5450 -0.8157
vn 0.5528 0.5893 -0.5893
vn 0.6344 0.5466 -0.5466
vn 0.3805 0.6539 -0.6539
vn 0.1939 0.6937 -0.6937
vn -0.9995 0.0220 -0.0220
vn -0.9628 0.1912 -0.1912
vn -0.9995 0.0259 -0.0173
vn -0.9628 0.2248 -0.1502
vn 0.5528 0.6929 -0.4630
vn 0.6344 0.6427 -0.4295
vn 0.3805 0.7689 -0.5138
vn 0.1939 0.8157 -0.5450
vn 0.3805 0.8544 -0.3539
vn 0.5528 0.7699 -0.3189
vn 0.1939 0.9063 -0.3754
vn -0.9995 0.0287 -0.0119
vn -0.9628 0.2498 -0.1035
vn 0.6344 0.7142 -0.2958
vn 0.5528 0.8173 -0.1626
vn 0.6344 0.7582 -0.1508
vn 0.3805 0.9070 -0.1804
vn 0.1939 0.9622 -0.1914
vn -0.9995 0.0305 -0.0061
vn -0.9628 0.2652 -0.0527
vn 0.3805 0.9248 -0.0000
vn 0.5528 0.8333 -0.0000
vn 0.1939 0.9810 -0.0000
vn -0.9995 0.0311 -0.0000
vn -0.9628 0.2704 -0.0000
vn 0.6344 0.7730 -0.0000
vn 0.5528 0.8173 0.1626
vn 0.6344 0.7582 0.1508
vn 0.3805 0.9070 0.1804
vn 0.1939 0.9622 0.1914
vn -0.9995 0.0305 0.0061
vn -0.9628 0.2652 0.0527
vn 0.3805 0.8544 0.3539
vn 0.5528 0.7699 0.3189
vn 0.1939 0.9063 0.3754
vn -0.9995 0.0287 0.0119
vn -0.9628 0.2498 0.1035
vn 0.6344 0.7142 0.2958
vn 0.5528 0.6929 0.4630
vn 0.6344 0.6427 0.4295
vn 0.3805 0.7689 0.5138
vn 0.1939 0.8157 0.5450
vn -0.9995 0.0259 0.0173
vn -0.9628 0.2248 0.1502
vn 0.1939 0.6937 0.6937
vn 0.3805 0.6539 0.6539
vn -0.9995 0.0220 0.0220
vn -0.9628 0.1912 0.1912
vn 0.5528 0.5893 0.5893
vn 0.6344 0.5466 0.5466
vn 0.5528 0.4630 0.6929
vn 0.6344 0.4295 0.6427
vn 0.3805 0.5138 0.7689
vn 0.1939 0.5450 0.8157
vn -0.9995 0.0173 0.0259
vn -0.9628 0.1502 0.2248
vn 0.1939 0.3754 0.9063
vn 0.3805 0.3539 0.8544
vn -0.9995 0.0119 0.0287
vn -0.9628 0.1035 0.2498
vn 0.5528 0.3189 0.7699
vn 0.6344 0.2958 0.7142
vn 0.5528 0.1626 0.8173
vn 0.6344 0.1508 0.7582
vn 0.3805 0.1804 0.9070
vn 0.1939 0.1914 0.9622
vn -0.9995 0.0061 0.0305
vn -0.9628 0.0527 0.2652
vn -0.9995 -0.0000 0.0311
vn -0.9628 -0.0000 0.2704
vn 0.5528 -0.0000 0.8333
vn 0.6344 -0.0000 0.7730
vn 0.3805 -0.0000 0.9248
vn 0.1939 -0.0000 0.9810
vn 0.3805 -0.1804 0.9070
vn 0.5528 -0.1626 0.8173
vn 0.1939 -0.1914 0.9622
vn -0.9995 -0.0061 0.0305
vn -0.9628 -0.0527 0.2652
vn 0.6344 -0.1508 0.7582
vn 0.5528 -0.3189 0.7699
vn 0.6344 -0.2958 0.7142
vn 0.3805 -0.3539 0.8544
vn 0.1939 -0.3754 0.9063
vn -0.9995 -0.0119 0.0287
vn -0.9628 -0.1035 0.2498
vn 0.3805 -0.5138 0.7689
vn 0.5528 -0.4630 0.6929
vn 0.1939 -0.5450 0.8157
vn -0.9995 -0.0173 0.0259
vn -0.9628 -0.1502 0.2248
vn 0.6344 -0.4295 0.6427
vn 0.5528 -0.5893 0.5893
vn 0.6344 -0.5466 0.5466
vn 0.3805 -0.6539 0.6539
vn 0.1939 -0.6937 0.6937
vn -0.9995 -0.0220 0.0220
vn -0.9628 -0.1912 0.1912
vn 0.3805 -0.7689 0.5138
vn 0.5528 -0.6929 0.4630
vn 0.1939 -0.8157 0.5450
vn -0.9995 -0.0259 0.0173
vn -0.9628 -0.2248 0.1502
vn 0.6344 -0.6427 0.4295
vn 0.5528 -0.7699 0.3189
vn 0.6344 -0.7142 0.2958
vn 0.3805 -0.8544 0.3539
vn 0.1939 -0.9063 0.3754
vn -0.9995 -0.0287 0.0119
vn -0.9628 -0.2498 0.1035
vn 0.3805 -0.9070 0.1804
vn 0.5528 -0.8173 0.1626
vn 0.1939 -0.9622 0.1914
vn -0.9995 -0.0305 0.0061
vn -0.9628 -0.2652 0.0527
vn 0.6344 -0.7582 0.1508
vn 0.5528 -0.8333 -0.0000
vn 0.6344 -0.7730 -0.0000
vn 0.3805 -0.9248 -0.0000
vn 0.1939 -0.9810 -0.0000
vn -0.9995 -0.0311 -0.0000
vn -0.9628 -0.2704 -0.0000
vn 0.1939 -0.9622 -0.1914
vn 0.3805 -0.9070 -0.1804
vn -0.9995 -0.0305 -0.0061
vn -0.9628 -0.2652 -0.0527
vn 0.5528 -0.8173 -0.1626
vn 0.6344 -0.7582 -0.1508
vn 0.5528 -0.7699 -0.3189
vn 0.6344 -0.7142 -0.2958
vn 0.3805 -0.8544 -0.3539
vn 0.1939 -0.9063 -0.3754
vn -0.9995 -0.0287 -0.0119
vn -0.9628 -0.2498 -0.1035
vn -0.9995 -0.0259 -0.0173
vn -0.9628 -0.2248 -0.1502
vn 0.5528 -0.6929 -0.4630
vn 0.6344 -0.6427 -0.4295
vn 0.3805 -0.7689 -0.5138
vn 0.1939 -0.8157 -0.5450
vn 0.5528 -0.5893 -0.5893
vn 0.6344 -0.5466 -0.5466
vn 0.3805 -0.6539 -0.6539
vn 0.1939 -0.6937 -0.6937
vn -0.9995 -0.0220 -0.0220
vn -0.9628 -0.1912 -0.1912
vn -0.9995 -0.0173 -0.0259
vn -0.9628 -0.1502 -0.2248
vn 0.5528 -0.4630 -0.6929
vn 0.6344 -0.4295 -0.6427
vn 0.3805 -0.5138 -0.7689
vn 0.1939 -0.5450 -0.8157
vn 0.3805 -0.3539 -0.8544
vn 0.5528 -0.3189 -0.7699
vn 0.1939 -0.3754 -0.9063
vn -0.9995 -0.0119 -0.0287
vn -0.9628 -0.1035 -0.2498
vn 0.6344 -0.2958 -0.7142
vn 0.5528 -0.1626 -0.8173
vn 0.6344 -0.1508 -0.7582
vn 0.3805 -0.1804 -0.9070
vn -0.0977 0.1942 0.9761
vn -0.0977 -0.0000 0.9952
vn -0.0977 -0.1942 0.9761
vn -0.0977 -0.3809 0.9195
vn -0.0977 -0.5529 0.8275
vn -0.0977 -0.7037 0.7037
vn -0.0977 -0.8275 0.5529
vn -0.0977 -0.9195 0.3809
vn -0.0977 -0.9761 0.1942
vn -0.0977 -0.9952 -0.0000
vn -0.0977 -0.9761 -0.1942
vn -0.0977 -0.9195 -0.3809
vn -0.0977 -0.8275 -0.5529
vn -0.9628 -0.0000 -0.2704
vn -0.9995 -0.0000 -0.0311
vn -0.0977 -0.7037 -0.7037
vn -0.0977 0.1942 -0.9761
vn -0.0977 0.3809 -0.9195
vn -0.0977 -0.5529 -0.8275
vn -0.0977 0.5529 -0.8275
vn -0.0977 -0.3809 -0.9195
vn -0.0977 0.7037 -0.7037
vn -0.0977 0.8275 -0.5529
vn -0.0977 0.9195 -0.3809
vn -0.0977 0.9761 -0.1942
vn -0.0977 0.9952 -0.0000
vn -0.0977 0.9761 0.1942
vn -0.0977 0.9195 0.3809
vn -0.0977 0.8275 0.5529
vn -0.0977 0.7037 0.7037
vn -0.0977 0.5529 0.8275
vn -0.0977 0.3809 0.9195
vn -0.6242 -0.1524 -0.7662
vn -0.6242 -0.0000 -0.7813
vn -0.9628 -0.0527 -0.2652
vn -0.6242 -0.2990 -0.7218
vn -0.6242 -0.4340 -0.6496
vn -0.6242 -0.5524 -0.5524
vn -0.6242 -0.6496 -0.4340
vn -0.6242 -0.7218 -0.2990
vn -0.6242 -0.7662 -0.1524
vn -0.6242 -0.7813 -0.0000
vn -0.6242 -0.7662 0.1524
vn -0.6242 -0.7218 0.2990
vn -0.6242 -0.6496 0.4340
vn -0.6242 -0.5524 0.5524
vn -0.6242 -0.4340 0.6496
vn -0.6242 -0.2990 0.7218
vn -0.6242 -0.1524 0.7662
vn -0.6242 -0.0000 0.7813
vn -0.6242 0.1524 0.7662
vn -0.6242 0.2990 0.7218
vn -0.6242 0.4340 0.6496
vn -0.6242 0.5524 0.5524
vn -0.6242 0.6496 0.4340
vn -0.6242 0.7218 0.2990
vn -0.6242 0.7662 0.1524
vn -0.6242 0.7813 -0.0000
vn -0.6242 0.7663 -0.1524
vn -0.6242 0.7218 -0.2990
vn -0.6242 0.6496 -0.4340
vn -0.6242 0.5524 -0.5524
vn -0.6242 0.4340 -0.6496
vn -0.6242 0.2990 -0.7218
vn -0.6242 0.1524 -0.7663
vn -0.9995 -0.0061 -0.0305
vn 1.0000 0.0024 -0.0010
vn 1.0000 0.0025 -0.0005
vn 1.0000 0.0021 0.0014
vn 1.0000 0.0018 0.0018
vn 1.0000 -0.0025 -0.0005
vn 1.0000 -0.0024 -0.0010
vn 1.0000 -0.0010 -0.0024
vn 1.0000 -0.0005 -0.0025
vn 1.0000 0.0021 -0.0014
vn 1.0000 0.0024 0.0010
vn 1.0000 -0.0014 0.0021
vn 1.0000 -0.0018 0.0018
vn 1.0000 0.0005 0.0025
vn 1.0000 -0.0000 0.0026
vn 1.0000 -0.0026 -0.0000
vn 1.0000 -0.0014 -0.0021
vn 1.0000 0.0010 0.0024
vn 1.0000 -0.0000 -0.0026
vn 1.0000 0.0005 -0.0025
vn 1.0000 0.0025 0.0005
vn 1.0000 -0.0010 0.0024
vn 1.0000 0.0014 -0.0021
vn 1.0000 0.0018 -0.0018
vn 1.0000 -0.0025 0.0005
vn 1.0000 -0.0018 -0.0018
vn 1.0000 0.0026 -0.0000
vn 1.0000 -0.0005 0.0025
vn 1.0000 0.0014 0.0021
vn 1.0000 -0.0024 0.0010
vn 1.0000 -0.0021 -0.0014
vn 1.0000 0.0010 -0.0024
vn 1.0000 -0.0021 0.0014
vn -0.0000 1.0000 -0.0000
vn 0.2745 0.9511 0.1420
vn 0.5220 0.8090 0.2701
vn 0.7185 0.5878 0.3718
vn 0.8447 0.3090 0.4371
vn 0.8881 -0.0000 0.4596
vn 0.8447 -0.3090 0.4371
vn 0.7185 -0.5878 0.3718
vn 0.5220 -0.8090 0.2701
vn 0.2745 -0.9511 0.1420
vn -0.0000 -1.0000 -0.0000
vn -0.2745 -0.9511 -0.1420
vn -0.5220 -0.8090 -0.2701
vn -0.7185 -0.5878 -0.3718
vn -0.8447 -0.3090 -0.4371
vn -0.8881 -0.0000 -0.4596
vn -0.8447 0.3090 -0.4371
vn -0.7185 0.5878 -0.3718
vn -0.5220 0.8090 -0.2701
vn -0.5584 -0.0374 0.8287
vn -0.5431 -0.0711 0.8366
vn -0.4596 -0.0000 0.8882
vn -0.2745 0.9511 -0.1420
vn -0.4596 -0.0000 0.8881
vn 0.6392 0.7688 -0.0198
vn 0.4039 0.9038 -0.1415
vn 0.1178 0.9038 0.4114
vn 0.3530 0.7688 0.5332
vn -0.3692 -0.0711 0.9266
vn -0.3540 -0.0374 0.9345
vn -0.3487 -0.0000 0.9372
vn 0.3487 -0.0000 -0.9372
vn 0.3540 0.0374 -0.9345
vn 0.4596 -0.0000 -0.8882
vn -0.4230 0.1151 0.8988
vn -0.4562 0.1210 0.8816
vn 0.5194 -0.0979 -0.8489
vn 0.4894 -0.1151 -0.8644
vn 0.4596 -0.0000 -0.8881
vn 0.4562 0.1210 -0.8816
vn 0.4894 0.1151 -0.8644
vn 0.3692 0.0711 -0.9266
vn 0.4562 -0.1210 -0.8816
vn 0.5194 0.0979 -0.8489
vn 0.5431 0.0711 -0.8366
vn 0.3930 0.0979 -0.9143
vn 0.4230 -0.1151 -0.8988
vn 0.5584 0.0374 -0.8287
vn 0.4230 0.1151 -0.8988
vn 0.3930 -0.0979 -0.9143
vn 0.5637 -0.0000 -0.8260
vn -0.4039 0.9038 0.1415
vn -0.1431 0.9503 0.2765
vn -0.6392 -0.7688 0.0198
vn -0.8259 -0.5586 -0.0768
vn 0.7010 -0.0000 0.7132
vn 0.6597 -0.2937 0.6918
vn 0.5431 -0.0711 -0.8366
vn 0.3540 -0.0374 -0.9345
vn -0.3540 0.0374 0.9345
vn -0.5194 -0.0979 0.8489
vn -0.4894 -0.1151 0.8644
vn -0.4894 0.1151 0.8644
vn -0.5194 0.0979 0.8489
vn -0.3692 0.0711 0.9266
vn -0.4562 -0.1210 0.8816
vn -0.5431 0.0711 0.8366
vn -0.3930 0.0979 0.9143
vn -0.4230 -0.1151 0.8988
vn -0.5584 0.0374 0.8287
vn -0.4595 -0.0000 0.8882
vn -0.3930 -0.0979 0.9143
vn -0.5637 -0.0000 0.8260
vn 0.5584 -0.0374 -0.8287
vn 0.8259 -0.5586 0.0768
vn 0.9458 -0.2937 0.1389
vn 0.5398 -0.5586 0.6298
vn 0.3692 -0.0711 -0.9266
vn -0.7010 -0.0000 -0.7132
vn -0.6596 -0.2937 -0.6918
vn -0.9458 -0.2937 -0.1389
vn -0.9871 -0.0000 -0.1602
vn 0.9458 0.2937 0.1389
vn 0.8259 0.5586 0.0768
vn 0.5398 0.5586 0.6298
vn 0.6597 0.2937 0.6918
vn 0.3531 -0.7688 0.5332
vn 0.1178 -0.9038 0.4114
vn -0.4039 -0.9038 0.1415
vn 0.1431 -0.9503 -0.2765
vn 0.4039 -0.9038 -0.1415
vn -0.1431 -0.9503 0.2765
vn -0.5398 -0.5586 -0.6298
vn -0.3530 -0.7688 -0.5332
vn 0.6392 -0.7688 -0.0198
vn 0.3530 -0.7688 0.5332
vn -0.8259 0.5586 -0.0768
vn -0.6392 0.7688 0.0198
vn -0.1178 0.9038 -0.4114
vn -0.3530 0.7688 -0.5332
vn 0.3531 0.7688 0.5332
vn -0.6596 0.2937 -0.6918
vn -0.9458 0.2937 -0.1389
vn 0.1431 0.9503 -0.2765
vn 0.9871 -0.0000 0.1602
vn -0.5398 0.5586 -0.6298
vn -0.1178 -0.9038 -0.4114
vn 0.8551 -0.1738 -0.4885
vn 0.8795 -0.0000 -0.4758
vn 0.1196 -0.0000 0.9928
vn 0.0952 -0.1738 0.9802
vn -0.0242 -0.3306 -0.9435
vn 0.0863 -0.4551 -0.8863
vn -0.6736 -0.4551 0.5824
vn -0.7841 -0.3306 0.5252
vn 0.3800 0.5625 -0.7343
vn 0.2256 0.5350 -0.8142
vn -0.5343 0.5350 0.6544
vn -0.3800 0.5625 0.7343
vn 0.8551 0.1738 -0.4885
vn 0.0952 0.1738 0.9802
vn 0.2256 -0.5350 -0.8142
vn -0.5343 -0.5350 0.6544
vn 0.0863 0.4551 -0.8863
vn -0.6736 0.4551 0.5824
vn 0.7841 0.3306 -0.5252
vn 0.0242 0.3306 0.9435
vn 0.3800 -0.5625 -0.7343
vn -0.3800 -0.5625 0.7343
vn -0.0242 0.3306 -0.9435
vn -0.7841 0.3306 0.5252
vn 0.6736 0.4551 -0.5824
vn -0.0863 0.4551 0.8863
vn 0.5343 -0.5349 -0.6545
vn -0.2256 -0.5350 0.8142
vn -0.0951 0.1738 -0.9802
vn -0.8551 0.1738 0.4885
vn 0.5343 0.5349 -0.6545
vn -0.2256 0.5350 0.8142
vn 0.6736 -0.4551 -0.5824
vn -0.0863 -0.4551 0.8863
vn -0.1196 -0.0000 -0.9928
vn -0.8795 -0.0000 0.4758
vn 0.7841 -0.3306 -0.5252
vn 0.0242 -0.3306 0.9435
vn -0.0951 -0.1738 -0.9802
vn -0.8551 -0.1738 0.4885
vn -0.2745 0.9511 0.1420
vn -0.5220 0.8090 0.2701
vn -0.7185 0.5878 0.3718
vn -0.8447 0.3090 0.4371
vn -0.8881 -0.0000 0.4596
vn -0.8447 -0.3090 0.4371
vn -0.7185 -0.5878 0.3718
vn -0.5220 -0.8090 0.2701
vn -0.2745 -0.9511 0.1420
vn 0.2745 -0.9511 -0.1420
vn 0.5220 -0.8090 -0.2701
vn 0.7185 -0.5878 -0.3718
vn 0.8447 -0.3090 -0.4371
vn 0.8881 -0.0000 -0.4596
vn 0.8447 0.3090 -0.4371
vn 0.7185 0.5878 -0.3718
vn 0.5220 0.8090 -0.2701
vn 0.5584 -0.0374 0.8287
vn 0.4596 -0.0000 0.8882
vn 0.5431 -0.0711 0.8366
vn 0.2745 0.9511 -0.1420
vn 0.4596 -0.0000 0.8881
vn -0.6392 0.7688 -0.0198
vn -0.3530 0.7688 0.5332
vn -0.1178 0.9038 0.4114
vn -0.4039 0.9038 -0.1415
vn 0.3692 -0.0711 0.9266
vn 0.3540 -0.0374 0.9345
vn 0.3487 -0.0000 0.9372
vn -0.3487 -0.0000 -0.9372
vn -0.4596 -0.0000 -0.8882
vn -0.3540 0.0374 -0.9345
vn 0.4230 0.1151 0.8988
vn 0.4562 0.1210 0.8816
vn -0.5194 -0.0979 -0.8489
vn -0.4596 -0.0000 -0.8881
vn -0.4894 -0.1151 -0.8644
vn -0.4562 0.1210 -0.8816
vn -0.4894 0.1151 -0.8644
vn -0.3692 0.0711 -0.9266
vn -0.4562 -0.1210 -0.8816
vn -0.5194 0.0979 -0.8489
vn -0.5431 0.0711 -0.8366
vn -0.3930 0.0979 -0.9143
vn -0.4230 -0.1151 -0.8988
vn -0.5584 0.0374 -0.8287
vn -0.4230 0.1151 -0.8988
vn -0.3930 -0.0979 -0.9143
vn -0.5637 -0.0000 -0.8260
vn 0.1431 0.9503 0.2765
vn 0.4039 0.9038 0.1415
vn 0.8259 -0.5586 -0.0768
vn 0.6392 -0.7688 0.0198
vn -0.6597 -0.2937 0.6918
vn -0.7010 -0.0000 0.7132
vn -0.5431 -0.0711 -0.8366
vn -0.3540 -0.0374 -0.9345
vn 0.3540 0.0374 0.9345
vn 0.5194 -0.0979 0.8489
vn 0.4894 -0.1151 0.8644
vn 0.4894 0.1151 0.8644
vn 0.5194 0.0979 0.8489
vn 0.3692 0.0711 0.9266
vn 0.4562 -0.1210 0.8816
vn 0.5431 0.0711 0.8366
vn 0.3930 0.0979 0.9143
vn 0.4230 -0.1151 0.8988
vn 0.4595 -0.0000 0.8882
vn 0.5584 0.0374 0.8287
vn 0.3930 -0.0979 0.9143
vn 0.5637 -0.0000 0.8260
vn -0.5584 -0.0374 -0.8287
vn -0.8259 -0.5586 0.0768
vn -0.5398 -0.5586 0.6298
vn -0.9458 -0.2937 0.1389
vn -0.3692 -0.0711 -0.9266
vn 0.7010 -0.0000 -0.7132
vn 0.9871 -0.0000 -0.1602
vn 0.9458 -0.2937 -0.1389
vn 0.6596 -0.2937 -0.6918
vn -0.9458 0.2937 0.1389
vn -0.6597 0.2937 0.6918
vn -0.5398 0.5586 0.6298
vn -0.8259 0.5586 0.0768
vn -0.1178 -0.9038 0.4114
vn -0.3531 -0.7688 0.5332
vn 0.4039 -0.9038 0.1415
vn -0.1431 -0.9503 -0.2765
vn 0.1431 -0.9503 0.2765
vn -0.4039 -0.9038 -0.1415
vn 0.5398 -0.5586 -0.6298
vn 0.3530 -0.7688 -0.5332
vn -0.6392 -0.7688 -0.0198
vn -0.3530 -0.7688 0.5332
vn 0.6392 0.7688 0.0198
vn 0.8259 0.5586 -0.0768
vn 0.1178 0.9038 -0.4114
vn 0.3530 0.7688 -0.5332
vn -0.3531 0.7688 0.5332
vn 0.6596 0.2937 -0.6918
vn 0.9458 0.2937 -0.1389
vn -0.1431 0.9503 -0.2765
vn -0.9871 -0.0000 0.1602
vn 0.5398 0.5586 -0.6298
vn 0.1178 -0.9038 -0.4114
vn -0.8795 -0.0000 -0.4758
vn -0.8551 -0.1738 -0.4885
vn -0.0952 -0.1738 0.9802
vn -0.1196 -0.0000 0.9928
vn -0.0863 -0.4551 -0.8863
vn 0.0242 -0.3306 -0.9435
vn 0.7841 -0.3306 0.5252
vn 0.6736 -0.4551 0.5824
vn -0.2256 0.5350 -0.8142
vn -0.3800 0.5625 -0.7343
vn 0.3800 0.5625 0.7343
vn 0.5343 0.5350 0.6544
vn -0.8551 0.1738 -0.4885
vn -0.0952 0.1738 0.9802
vn -0.2256 -0.5350 -0.8142
vn 0.5343 -0.5350 0.6544
vn -0.0863 0.4551 -0.8863
vn 0.6736 0.4551 0.5824
vn -0.7841 0.3306 -0.5252
vn -0.0242 0.3306 0.9435
vn -0.3800 -0.5625 -0.7343
vn 0.3800 -0.5625 0.7343
vn 0.0242 0.3306 -0.9435
vn 0.7841 0.3306 0.5252
vn -0.6736 0.4551 -0.5824
vn 0.0863 0.4551 0.8863
vn -0.5343 -0.5349 -0.6545
vn 0.2256 -0.5350 0.8142
vn 0.0951 0.1738 -0.9802
vn 0.8551 0.1738 0.4885
vn -0.5343 0.5349 -0.6545
vn 0.2256 0.5350 0.8142
vn -0.6736 -0.4551 -0.5824
vn 0.0863 -0.4551 0.8863
vn 0.1196 -0.0000 -0.9928
vn 0.8795 -0.0000 0.4758
vn -0.7841 -0.3306 -0.5252
vn -0.0242 -0.3306 0.9435
vn 0.0951 -0.1738 -0.9802
vn 0.8551 -0.1738 0.4885
vn 0.6597 -0.2937 -0.6918
vn -0.4595 -0.0000 -0.8882
vn -0.6596 -0.2937 0.6918
vn 0.6597 0.2937 -0.6918
vn 0.3531 -0.7688 -0.5332
vn 0.3531 0.7688 -0.5332
vn -0.6596 0.2937 0.6918
vn 0.0952 -0.1738 -0.9802
vn -0.5343 0.5350 -0.6544
vn 0.0952 0.1738 -0.9802
vn -0.5343 -0.5350 -0.6544
vn 0.5343 -0.5349 0.6545
vn -0.0951 0.1738 0.9802
vn 0.5343 0.5349 0.6545
vn -0.0951 -0.1738 0.9802
vn -0.5343 -0.5350 -0.6545
vn -0.6597 -0.2937 -0.6918
vn 0.4595 -0.0000 -0.8882
vn 0.6596 -0.2937 0.6918
vn -0.6597 0.2937 -0.6918
vn -0.3531 -0.7688 -0.5332
vn -0.3531 0.7688 -0.5332
vn 0.6596 0.2937 0.6918
vn -0.0952 -0.1738 -0.9802
vn 0.5343 0.5350 -0.6544
vn -0.0952 0.1738 -0.9802
vn 0.5343 -0.5350 -0.6544
vn -0.5343 -0.5349 0.6545
vn 0.0951 0.1738 0.9802
vn -0.5343 0.5349 0.6545
vn 0.0951 -0.1738 0.9802
vn -0.0000 -0.0000 -1.0000
vn 0.2745 0.1420 -0.9511
vn 0.5220 0.2701 -0.8090
vn 0.7185 0.3718 -0.5878
vn 0.8447 0.4371 -0.3090
vn 0.8881 0.4596 -0.0000
vn 0.8447 0.4371 0.3090
vn 0.7185 0.3718 0.5878
vn 0.5220 0.2701 0.8090
vn 0.2745 0.1420 0.9511
vn -0.0000 -0.0000 1.0000
vn -0.2745 -0.1420 0.9511
vn -0.5220 -0.2701 0.8090
vn -0.7185 -0.3718 0.5878
vn -0.8447 -0.4371 0.3090
vn -0.8881 -0.4596 -0.0000
vn -0.8447 -0.4371 -0.3090
vn -0.7185 -0.3718 -0.5878
vn -0.5220 -0.2701 -0.8090
vn -0.5584 0.8287 0.0374
vn -0.5431 0.8366 0.0711
vn -0.4596 0.8882 -0.0000
vn -0.2745 -0.1420 -0.9511
vn -0.4596 0.8881 -0.0000
vn 0.6392 -0.0198 -0.7688
vn 0.4039 -0.1415 -0.9038
vn 0.1178 0.4114 -0.9038
vn 0.3530 0.5332 -0.7688
vn -0.3692 0.9266 0.0711
vn -0.3540 0.9345 0.0374
vn -0.3487 0.9372 -0.0000
vn 0.3487 -0.9372 -0.0000
vn 0.3540 -0.9345 -0.0374
vn 0.4596 -0.8881 -0.0000
vn -0.4230 0.8988 -0.1151
vn -0.4562 0.8816 -0.1210
vn 0.5194 -0.8489 0.0979
vn 0.4894 -0.8644 0.1151
vn 0.4562 -0.8816 -0.1210
vn 0.4894 -0.8644 -0.1151
vn 0.3692 -0.9266 -0.0711
vn 0.4595 -0.8882 -0.0000
vn 0.4562 -0.8816 0.1210
vn 0.5194 -0.8489 -0.0979
vn 0.5431 -0.8366 -0.0711
vn 0.3930 -0.9143 -0.0979
vn 0.4596 -0.8882 -0.0000
vn 0.4230 -0.8988 0.1151
vn 0.5584 -0.8287 -0.0374
vn 0.4230 -0.8988 -0.1151
vn 0.3930 -0.9143 0.0979
vn 0.5637 -0.8260 -0.0000
vn -0.4039 0.1415 -0.9038
vn -0.1431 0.2765 -0.9503
vn -0.6392 0.0198 0.7688
vn -0.8259 -0.0768 0.5586
vn 0.7010 0.7132 -0.0000
vn 0.6597 0.6918 0.2937
vn 0.5431 -0.8366 0.0711
vn 0.3540 -0.9345 0.0374
vn -0.3540 0.9345 -0.0374
vn -0.5194 0.8489 0.0979
vn -0.4894 0.8644 0.1151
vn -0.4894 0.8644 -0.1151
vn -0.5194 0.8489 -0.0979
vn -0.3692 0.9266 -0.0711
vn -0.4562 0.8816 0.1210
vn -0.5431 0.8366 -0.0711
vn -0.3930 0.9143 -0.0979
vn -0.4230 0.8988 0.1151
vn -0.5584 0.8287 -0.0374
vn -0.3930 0.9143 0.0979
vn -0.5637 0.8260 -0.0000
vn -0.4595 0.8882 -0.0000
vn 0.5584 -0.8287 0.0374
vn 0.8259 0.0768 0.5586
vn 0.9458 0.1389 0.2937
vn 0.6596 0.6918 0.2937
vn 0.5398 0.6298 0.5586
vn 0.3692 -0.9266 0.0711
vn -0.7010 -0.7132 -0.0000
vn -0.6596 -0.6918 0.2937
vn -0.9458 -0.1389 0.2937
vn -0.9871 -0.1602 -0.0000
vn 0.9458 0.1389 -0.2937
vn 0.8259 0.0768 -0.5586
vn 0.5398 0.6298 -0.5586
vn 0.6597 0.6918 -0.2937
vn 0.3530 0.5332 0.7688
vn 0.1178 0.4114 0.9038
vn -0.4039 0.1415 0.9038
vn 0.1431 -0.2765 0.9503
vn 0.4039 -0.1415 0.9038
vn -0.1431 0.2765 0.9503
vn -0.5398 -0.6298 0.5586
vn -0.3530 -0.5332 0.7688
vn 0.6392 -0.0198 0.7688
vn -0.8259 -0.0768 -0.5586
vn -0.6392 0.0198 -0.7688
vn -0.1178 -0.4114 -0.9038
vn -0.3530 -0.5332 -0.7688
vn 0.3531 0.5332 -0.7688
vn -0.6596 -0.6918 -0.2937
vn -0.9458 -0.1389 -0.2937
vn 0.1431 -0.2765 -0.9503
vn 0.9871 0.1602 -0.0000
vn -0.5398 -0.6298 -0.5586
vn -0.1178 -0.4114 0.9038
vn 0.8551 -0.4885 0.1738
vn 0.8795 -0.4758 -0.0000
vn 0.1196 0.9928 -0.0000
vn 0.0952 0.9802 0.1738
vn -0.0242 -0.9435 0.3306
vn 0.0863 -0.8863 0.4551
vn -0.6736 0.5824 0.4551
vn -0.7841 0.5252 0.3306
vn 0.3800 -0.7343 -0.5625
vn 0.2256 -0.8142 -0.5350
vn -0.5343 0.6544 -0.5350
vn -0.3800 0.7343 -0.5625
vn 0.8551 -0.4885 -0.1738
vn 0.0952 0.9802 -0.1738
vn 0.2256 -0.8142 0.5350
vn -0.5343 0.6544 0.5350
vn 0.0863 -0.8863 -0.4551
vn -0.6736 0.5824 -0.4551
vn 0.7841 -0.5252 -0.3306
vn 0.0242 0.9435 -0.3306
vn 0.3800 -0.7343 0.5625
vn -0.3800 0.7343 0.5625
vn -0.0242 -0.9435 -0.3306
vn -0.7841 0.5252 -0.3306
vn 0.6736 -0.5824 -0.4551
vn -0.0863 0.8863 -0.4551
vn 0.5343 -0.6545 0.5349
vn -0.2256 0.8142 0.5350
vn -0.0951 -0.9802 -0.1738
vn -0.8551 0.4885 -0.1738
vn 0.5343 -0.6545 -0.5349
vn -0.2256 0.8142 -0.5350
vn 0.6736 -0.5824 0.4551
vn -0.0863 0.8863 0.4551
vn -0.1196 -0.9928 -0.0000
vn -0.8795 0.4758 -0.0000
vn 0.7841 -0.5252 0.3306
vn 0.0242 0.9435 0.3306
vn -0.0951 -0.9802 0.1738
vn -0.8551 0.4885 0.1738
vn 0.0951 0.9802 -0.1738
vn -0.2745 0.1420 -0.9511
vn -0.5220 0.2701 -0.8090
vn -0.7185 0.3718 -0.5878
vn -0.8447 0.4371 -0.3090
vn -0.8881 0.4596 -0.0000
vn -0.8447 0.4371 0.3090
vn -0.7185 0.3718 0.5878
vn -0.5220 0.2701 0.8090
vn -0.2745 0.1420 0.9511
vn 0.2745 -0.1420 0.9511
vn 0.5220 -0.2701 0.8090
vn 0.7185 -0.3718 0.5878
vn 0.8447 -0.4371 0.3090
vn 0.8881 -0.4596 -0.0000
vn 0.8447 -0.4371 -0.3090
vn 0.7185 -0.3718 -0.5878
vn 0.5220 -0.2701 -0.8090
vn 0.5584 0.8287 0.0374
vn 0.4596 0.8882 -0.0000
vn 0.4596 0.8881 -0.0000
vn 0.5431 0.8366 0.0711
vn 0.2745 -0.1420 -0.9511
vn -0.6392 -0.0198 -0.7688
vn -0.3530 0.5332 -0.7688
vn -0.1178 0.4114 -0.9038
vn -0.4039 -0.1415 -0.9038
vn 0.3692 0.9266 0.0711
vn 0.3540 0.9345 0.0374
vn 0.3487 0.9372 -0.0000
vn -0.3487 -0.9372 -0.0000
vn -0.4596 -0.8881 -0.0000
vn -0.3540 -0.9345 -0.0374
vn 0.4230 0.8988 -0.1151
vn 0.4562 0.8816 -0.1210
vn -0.5194 -0.8489 0.0979
vn -0.4894 -0.8644 0.1151
vn -0.4562 -0.8816 -0.1210
vn -0.4894 -0.8644 -0.1151
vn -0.4596 -0.8882 -0.0000
vn -0.3692 -0.9266 -0.0711
vn -0.4562 -0.8816 0.1210
vn -0.5194 -0.8489 -0.0979
vn -0.5431 -0.8366 -0.0711
vn -0.3930 -0.9143 -0.0979
vn -0.4230 -0.8988 0.1151
vn -0.5584 -0.8287 -0.0374
vn -0.4230 -0.8988 -0.1151
vn -0.3930 -0.9143 0.0979
vn -0.5637 -0.8260 -0.0000
vn 0.1431 0.2765 -0.9503
vn 0.4039 0.1415 -0.9038
vn 0.8259 -0.0768 0.5586
vn 0.6392 0.0198 0.7688
vn -0.6597 0.6918 0.2937
vn -0.7010 0.7132 -0.0000
vn -0.5431 -0.8366 0.0711
vn -0.3540 -0.9345 0.0374
vn 0.3540 0.9345 -0.0374
vn 0.5194 0.8489 0.0979
vn 0.4894 0.8644 0.1151
vn 0.4894 0.8644 -0.1151
vn 0.5194 0.8489 -0.0979
vn 0.3692 0.9266 -0.0711
vn 0.4562 0.8816 0.1210
vn 0.5431 0.8366 -0.0711
vn 0.3930 0.9143 -0.0979
vn 0.4230 0.8988 0.1151
vn 0.4595 0.8882 -0.0000
vn 0.5584 0.8287 -0.0374
vn 0.3930 0.9143 0.0979
vn 0.5637 0.8260 -0.0000
vn -0.5584 -0.8287 0.0374
vn -0.8259 0.0768 0.5586
vn -0.5398 0.6298 0.5586
vn -0.6596 0.6918 0.2937
vn -0.9458 0.1389 0.2937
vn -0.3692 -0.9266 0.0711
vn 0.7010 -0.7132 -0.0000
vn 0.9871 -0.1602 -0.0000
vn 0.9458 -0.1389 0.2937
vn 0.6596 -0.6918 0.2937
vn -0.9458 0.1389 -0.2937
vn -0.6596 0.6918 -0.2937
vn -0.5398 0.6298 -0.5586
vn -0.8259 0.0768 -0.5586
vn -0.1178 0.4114 0.9038
vn -0.3530 0.5332 0.7688
vn 0.4039 0.1415 0.9038
vn -0.1431 -0.2765 0.9503
vn 0.1431 0.2765 0.9503
vn -0.4039 -0.1415 0.9038
vn 0.5398 -0.6298 0.5586
vn 0.3530 -0.5332 0.7688
vn -0.6392 -0.0198 0.7688
vn 0.6392 0.0198 -0.7688
vn 0.8259 -0.0768 -0.5586
vn 0.1178 -0.4114 -0.9038
vn 0.3530 -0.5332 -0.7688
vn -0.3531 0.5332 -0.7688
vn -0.6597 0.6918 -0.2937
vn 0.6596 -0.6918 -0.2937
vn 0.9458 -0.1389 -0.2937
vn -0.1431 -0.2765 -0.9503
vn -0.9871 0.1602 -0.0000
vn 0.5398 -0.6298 -0.5586
vn 0.1178 -0.4114 0.9038
vn -0.8795 -0.4758 -0.0000
vn -0.8551 -0.4885 0.1738
vn -0.0952 0.9802 0.1738
vn -0.1196 0.9928 -0.0000
vn -0.0863 -0.8863 0.4551
vn 0.0242 -0.9435 0.3306
vn 0.7841 0.5252 0.3306
vn 0.6736 0.5824 0.4551
vn -0.2256 -0.8142 -0.5350
vn -0.3800 -0.7343 -0.5625
vn 0.3800 0.7343 -0.5625
vn 0.5343 0.6544 -0.5350
vn -0.8551 -0.4885 -0.1738
vn -0.0952 0.9802 -0.1738
vn -0.2256 -0.8142 0.5350
vn 0.5343 0.6544 0.5350
vn -0.0863 -0.8863 -0.4551
vn 0.6736 0.5824 -0.4551
vn -0.7841 -0.5252 -0.3306
vn -0.0242 0.9435 -0.3306
vn -0.3800 -0.7343 0.5625
vn 0.3800 0.7343 0.5625
vn 0.0242 -0.9435 -0.3306
vn 0.7841 0.5252 -0.3306
vn -0.6736 -0.5824 -0.4551
vn 0.0863 0.8863 -0.4551
vn -0.5343 -0.6545 0.5349
vn 0.2256 0.8142 0.5350
vn 0.0952 -0.9802 -0.1738
vn 0.8551 0.4885 -0.1738
vn -0.5343 -0.6545 -0.5349
vn 0.2256 0.8142 -0.5350
vn -0.6736 -0.5824 0.4551
vn 0.0863 0.8863 0.4551
vn 0.1196 -0.9928 -0.0000
vn 0.8795 0.4758 -0.0000
vn -0.7841 -0.5252 0.3306
vn -0.0242 0.9435 0.3306
vn 0.0951 -0.9802 0.1738
vn 0.8551 0.4885 0.1738
vn -0.0951 0.9802 -0.1738
vn -0.0951 0.9802 0.1738
vn 0.6597 -0.6918 0.2937
vn -0.4595 -0.8882 -0.0000
vn 0.3531 -0.5332 -0.7688
vn 0.6597 -0.6918 -0.2937
vn 0.0952 -0.9802 0.1738
vn -0.5343 -0.6544 -0.5350
vn -0.5343 -0.6544 0.5350
vn 0.5343 0.6545 0.5349
vn 0.5343 0.6545 -0.5349
vn 0.0951 -0.9802 -0.1738
vn -0.6597 -0.6918 0.2937
vn -0.6597 -0.6918 -0.2937
vn -0.3531 -0.5332 -0.7688
vn 0.6596 0.6918 -0.2937
vn -0.0952 -0.9802 0.1738
vn 0.5343 -0.6544 -0.5350
vn -0.0952 -0.9802 -0.1738
vn 0.5343 -0.6544 0.5350
vn -0.5343 0.6545 0.5349
vn -0.5343 0.6545 -0.5349
vn 0.0951 0.9802 0.1738
vn 0.9544 0.1658 -0.2481
vn 0.9544 0.2110 -0.2110
vn 0.9954 0.0677 -0.0677
vn 0.9954 0.0532 -0.0796
vn 0.9544 0.1142 -0.2757
vn 0.9954 0.0366 -0.0884
vn 0.9544 0.2481 -0.1658
vn 0.9954 0.0796 -0.0532
vn 0.9544 0.2757 -0.1142
vn 0.9954 0.0884 -0.0366
vn 0.9544 0.2927 -0.0582
vn 0.9954 0.0939 -0.0187
vn 0.9544 0.2984 -0.0000
vn 0.9954 0.0957 -0.0000
vn 0.9544 0.2927 0.0582
vn 0.9954 0.0939 0.0187
vn 0.9544 0.2757 0.1142
vn 0.9954 0.0884 0.0366
vn 0.9544 0.2481 0.1658
vn 0.9954 0.0796 0.0532
vn 0.9544 0.2110 0.2110
vn 0.9954 0.0677 0.0677
vn 0.9544 0.1658 0.2481
vn 0.9954 0.0532 0.0796
vn 0.9544 0.1142 0.2757
vn 0.9954 0.0366 0.0884
vn 0.9544 0.0582 0.2927
vn 0.9954 0.0187 0.0939
vn 0.9544 -0.0000 0.2984
vn 0.9954 -0.0000 0.0957
vn 0.9544 -0.0582 0.2927
vn 0.9954 -0.0187 0.0939
vn 0.9544 -0.1142 0.2757
vn 0.9954 -0.0366 0.0884
vn 0.9544 -0.1658 0.2481
vn 0.9954 -0.0532 0.0796
vn 0.9544 -0.2110 0.2110
vn 0.9954 -0.0677 0.0677
vn 0.9544 -0.2481 0.1658
vn 0.9954 -0.0796 0.0532
vn 0.9544 -0.2757 0.1142
vn 0.9954 -0.0884 0.0366
vn 0.9544 -0.2927 0.0582
vn 0.9954 -0.0939 0.0187
vn 0.9544 -0.2984 -0.0000
vn 0.9954 -0.0957 -0.0000
vn 0.9544 -0.2927 -0.0582
vn 0.9954 -0.0939 -0.0187
vn 0.9544 -0.2757 -0.1142
vn 0.9954 -0.0884 -0.0366
vn 0.9544 -0.2481 -0.1658
vn 0.9954 -0.0796 -0.0532
vn 0.9544 -0.2110 -0.2110
vn 0.9954 -0.0677 -0.0677
vn 0.9544 -0.1658 -0.2481
vn 0.9954 -0.0532 -0.0796
vn 0.9544 -0.1142 -0.2757
vn 0.9954 -0.0366 -0.0884
vn 0.9544 -0.0582 -0.2927
vn 0.9954 -0.0187 -0.0939
vn 0.9544 -0.0000 -0.2984
vn 0.9954 -0.0000 -0.0957
vn -0.5729 0.3137 -0.7573
vn -0.5729 0.1599 -0.8039
vn -0.6550 0.1474 -0.7411
vn -0.6550 0.2892 -0.6981
vn -0.9832 0.0356 0.1790
vn -0.9832 -0.0000 0.1825
vn -1.0000 -0.0000 -0.0000
vn -0.1983 -0.0000 0.9801
vn -0.1983 0.1912 0.9613
vn -0.0000 0.1951 0.9808
vn -0.1983 -0.5445 0.8150
vn -0.1983 -0.3751 0.9055
vn -0.0000 -0.3827 0.9239
vn -0.0000 -0.5556 0.8315
vn -0.1983 -0.6931 0.6931
vn -0.0000 -0.7071 0.7071
vn -0.1983 -0.8150 0.5445
vn -0.0000 -0.8315 0.5556
vn -0.1983 -0.9055 0.3751
vn -0.0000 -0.9239 0.3827
vn -0.1983 -0.9613 0.1912
vn -0.0000 -0.9808 0.1951
vn -0.1983 -0.9801 -0.0000
vn -0.1983 -0.9613 -0.1912
vn -0.0000 -0.9808 -0.1951
vn -0.1983 -0.9055 -0.3751
vn -0.0000 -0.9239 -0.3827
vn -0.1983 -0.8150 -0.5445
vn -0.0000 -0.8315 -0.5556
vn -0.1983 -0.6931 -0.6931
vn -0.0000 -0.7071 -0.7071
vn -0.1983 -0.5445 -0.8150
vn -0.0000 -0.5556 -0.8315
vn -0.1983 -0.3751 -0.9055
vn -0.0000 -0.3827 -0.9239
vn -0.1983 -0.1912 -0.9613
vn -0.0000 -0.1951 -0.9808
vn -0.1983 -0.0000 -0.9801
vn -0.1983 0.1912 -0.9613
vn -0.0000 0.1951 -0.9808
vn -0.1983 0.3751 -0.9055
vn -0.0000 0.3827 -0.9239
vn -0.1983 0.5445 -0.8150
vn -0.0000 0.5556 -0.8315
vn -0.1983 0.6931 -0.6931
vn -0.0000 0.7071 -0.7071
vn -0.1983 0.8150 -0.5445
vn -0.0000 0.8315 -0.5556
vn -0.1983 0.9055 -0.3751
vn -0.0000 0.9239 -0.3827
vn -0.1983 0.9613 -0.1912
vn -0.0000 0.9808 -0.1951
vn -0.1983 0.9801 -0.0000
vn -0.1983 0.9613 0.1912
vn -0.0000 0.9808 0.1951
vn -0.1983 0.9055 0.3751
vn -0.0000 0.9239 0.3827
vn -0.1983 0.8150 0.5445
vn -0.0000 0.8315 0.5556
vn -0.1983 0.6931 0.6931
vn -0.0000 0.7071 0.7071
vn -0.1983 0.5445 0.8150
vn -0.0000 0.5556 0.8315
vn -0.1983 0.3751 0.9055
vn -0.0000 0.3827 0.9239
vn -0.1983 -0.1912 0.9613
vn -0.0000 -0.1951 0.9808
vn -0.9832 0.0698 -0.1686
vn -0.9832 0.1014 -0.1518
vn -0.9832 -0.1518 0.1014
vn -0.9832 -0.1686 0.0698
vn -0.9832 0.1291 -0.1291
vn -0.9832 -0.1790 0.0356
vn -0.9832 0.1518 -0.1014
vn -0.9832 -0.1825 -0.0000
vn -0.9832 0.1686 -0.0698
vn -0.9832 -0.1790 -0.0356
vn -0.9832 0.1790 -0.0356
vn -0.9832 -0.1686 -0.0698
vn -0.9832 0.1825 -0.0000
vn -0.9832 -0.1518 -0.1014
vn -0.9832 0.1790 0.0356
vn -0.9832 -0.1291 -0.1291
vn -0.9832 0.1686 0.0698
vn -0.9832 -0.1014 -0.1518
vn -0.9832 0.1518 0.1014
vn -0.9832 -0.0698 -0.1686
vn -0.9832 -0.0356 0.1790
vn -0.9832 0.1291 0.1291
vn -0.9832 -0.0356 -0.1790
vn -0.9832 -0.0698 0.1686
vn -0.9832 0.1014 0.1518
vn -0.9832 -0.0000 -0.1825
vn -0.9832 -0.1014 0.1518
vn -0.9832 0.0698 0.1686
vn -0.9832 0.0356 -0.1790
vn -0.9832 -0.1291 0.1291
vn -0.7205 -0.0000 0.6935
vn -0.7205 -0.1353 0.6802
vn -0.7205 -0.2654 0.6407
vn -0.7205 -0.3853 0.5766
vn -0.7205 -0.4904 0.4904
vn -0.7205 -0.5766 0.3853
vn -0.7205 -0.6407 0.2654
vn -0.7205 -0.6802 0.1353
vn -0.7205 -0.6935 -0.0000
vn -0.7205 -0.6802 -0.1353
vn -0.7205 -0.6407 -0.2654
vn -0.7205 -0.5766 -0.3853
vn -0.7205 -0.4904 -0.4904
vn -0.7205 -0.3853 -0.5766
vn -0.7205 -0.2654 -0.6407
vn -0.7205 -0.1353 -0.6802
vn -0.7205 -0.0000 -0.6935
vn -0.7205 0.1353 -0.6802
vn -0.7205 0.2654 -0.6407
vn -0.7205 0.3853 -0.5766
vn -0.7205 0.4904 -0.4904
vn -0.7205 0.5766 -0.3853
vn -0.7205 0.6407 -0.2654
vn -0.7205 0.6802 -0.1353
vn -0.7205 0.6935 -0.0000
vn -0.7205 0.6802 0.1353
vn -0.7205 0.6407 0.2654
vn -0.7205 0.5766 0.3853
vn -0.7205 0.4904 0.4904
vn -0.7205 0.3853 0.5766
vn -0.7205 0.2654 0.6407
vn -0.7205 0.1353 0.6802
vn -0.6283 0.7188 0.2977
vn -0.7730 0.5861 0.2428
vn -0.7730 0.5275 0.3525
vn -0.6283 0.6469 0.4322
vn -0.6283 -0.0000 0.7780
vn -0.7730 -0.0000 0.6344
vn -0.7730 -0.1238 0.6222
vn -0.6283 -0.1518 0.7630
vn -0.6283 0.1518 0.7630
vn -0.7730 0.1238 0.6222
vn -0.6283 -0.5501 0.5501
vn -0.7730 -0.4486 0.4486
vn -0.7730 -0.5275 0.3524
vn -0.6283 -0.6469 0.4322
vn -0.6283 0.6469 -0.4322
vn -0.7730 0.5275 -0.3525
vn -0.7730 0.5861 -0.2428
vn -0.6283 0.7188 -0.2977
vn -0.6283 -0.7630 -0.1518
vn -0.7730 -0.6222 -0.1238
vn -0.7730 -0.5861 -0.2428
vn -0.6283 -0.7188 -0.2977
vn -0.6283 0.5501 -0.5501
vn -0.7730 0.4486 -0.4486
vn -0.6283 -0.1518 -0.7630
vn -0.7730 -0.1238 -0.6222
vn -0.7730 -0.0000 -0.6344
vn -0.6283 -0.0000 -0.7780
vn -0.6283 -0.2977 -0.7188
vn -0.7730 -0.2428 -0.5861
vn -0.6283 0.7630 0.1518
vn -0.7730 0.6222 0.1238
vn -0.6283 0.2977 0.7188
vn -0.7730 0.2428 0.5861
vn -0.6283 -0.4322 0.6469
vn -0.7730 -0.3524 0.5275
vn -0.6283 -0.7780 -0.0000
vn -0.7730 -0.6344 -0.0000
vn -0.6283 0.4322 -0.6469
vn -0.7730 0.3525 -0.5275
vn -0.6283 0.7780 -0.0000
vn -0.7730 0.6344 -0.0000
vn -0.6283 0.4322 0.6469
vn -0.7730 0.3524 0.5275
vn -0.6283 -0.7630 0.1518
vn -0.7730 -0.6222 0.1238
vn -0.6283 0.2977 -0.7188
vn -0.7730 0.2428 -0.5861
vn -0.6283 -0.4322 -0.6469
vn -0.7730 -0.3524 -0.5275
vn -0.6283 -0.5501 -0.5501
vn -0.7730 -0.4486 -0.4486
vn -0.6283 0.7630 -0.1518
vn -0.7730 0.6222 -0.1238
vn -0.6283 0.5501 0.5501
vn -0.7730 0.4486 0.4486
vn -0.6283 -0.2977 0.7188
vn -0.7730 -0.2428 0.5861
vn -0.6283 -0.7188 0.2977
vn -0.7730 -0.5861 0.2428
vn 0.9544 0.0582 -0.2927
vn 0.9954 0.0187 -0.0939
vn -0.6283 -0.6469 -0.4322
vn -0.7730 -0.5275 -0.3524
vn -0.7730 0.1238 -0.6222
vn -0.6283 0.1518 -0.7630
vn -0.7361 0.1321 -0.6639
vn -0.7361 0.2590 -0.6254
vn -0.5729 0.4554 -0.6815
vn -0.6550 0.4198 -0.6283
vn -0.7361 0.3761 -0.5628
vn -0.5729 0.5796 -0.5796
vn -0.6550 0.5343 -0.5343
vn -0.7361 0.4786 -0.4786
vn -0.5729 0.6815 -0.4554
vn -0.6550 0.6283 -0.4198
vn -0.7361 0.5628 -0.3760
vn -0.7361 0.6253 -0.2590
vn -0.6550 0.6981 -0.2892
vn -0.5728 0.7573 -0.3137
vn -0.5728 0.8039 -0.1599
vn -0.6550 0.7411 -0.1474
vn -0.7361 0.6639 -0.1321
vn -0.5729 0.8197 -0.0000
vn -0.6550 0.7556 -0.0000
vn -0.7361 0.6769 -0.0000
vn -0.5729 0.8039 0.1599
vn -0.6550 0.7411 0.1474
vn -0.7361 0.6639 0.1321
vn -0.5729 0.7573 0.3137
vn -0.6550 0.6981 0.2892
vn -0.7361 0.6254 0.2590
vn -0.5729 0.6815 0.4554
vn -0.6550 0.6283 0.4198
vn -0.7361 0.5628 0.3761
vn -0.5729 0.5796 0.5796
vn -0.6550 0.5343 0.5343
vn -0.7361 0.4786 0.4786
vn -0.5729 0.4554 0.6815
vn -0.6550 0.4198 0.6283
vn -0.7361 0.3761 0.5628
vn -0.5729 0.3137 0.7573
vn -0.6550 0.2892 0.6981
vn -0.7361 0.2590 0.6253
vn -0.5728 0.1599 0.8039
vn -0.6550 0.1474 0.7411
vn -0.7361 0.1321 0.6639
vn -0.5729 -0.0000 0.8197
vn -0.6550 -0.0000 0.7556
vn -0.7361 -0.0000 0.6769
vn -0.7361 -0.1321 0.6639
vn -0.6550 -0.1474 0.7411
vn -0.5729 -0.1599 0.8039
vn -0.5729 -0.3137 0.7573
vn -0.6550 -0.2892 0.6981
vn -0.7361 -0.2590 0.6253
vn -0.7361 -0.3761 0.5628
vn -0.6550 -0.4198 0.6283
vn -0.5729 -0.4554 0.6815
vn -0.5729 -0.5796 0.5796
vn -0.6550 -0.5343 0.5343
vn -0.7361 -0.4786 0.4786
vn -0.5729 -0.6815 0.4554
vn -0.6550 -0.6283 0.4198
vn -0.7361 -0.5628 0.3761
vn -0.5729 -0.7573 0.3137
vn -0.6550 -0.6981 0.2892
vn -0.7361 -0.6253 0.2590
vn -0.5729 -0.8039 0.1599
vn -0.6550 -0.7411 0.1474
vn -0.7361 -0.6639 0.1321
vn -0.5728 -0.8197 -0.0000
vn -0.6550 -0.7556 -0.0000
vn -0.7361 -0.6769 -0.0000
vn -0.5728 -0.8039 -0.1599
vn -0.6550 -0.7411 -0.1474
vn -0.7361 -0.6639 -0.1321
vn -0.5728 -0.7573 -0.3137
vn -0.6550 -0.6981 -0.2892
vn -0.7361 -0.6253 -0.2590
vn -0.5729 -0.6815 -0.4554
vn -0.6550 -0.6283 -0.4198
vn -0.7361 -0.5628 -0.3761
vn -0.5729 -0.5796 -0.5796
vn -0.6550 -0.5343 -0.5343
vn -0.7361 -0.4786 -0.4786
vn -0.5729 -0.4554 -0.6815
vn -0.6550 -0.4198 -0.6283
vn -0.7361 -0.3761 -0.5628
vn -0.7361 -0.2590 -0.6253
vn -0.6550 -0.2892 -0.6981
vn -0.5728 -0.3137 -0.7573
vn -0.5729 -0.1599 -0.8039
vn -0.6550 -0.1474 -0.7411
vn -0.7361 -0.1321 -0.6639
vn -0.7361 -0.0000 -0.6769
vn -0.6550 -0.0000 -0.7556
vn -0.5729 -0.0000 -0.8197
vn -0.4710 0.3376 -0.8150
vn -0.4710 0.1721 -0.8652
vn 0.8837 0.0913 -0.4591
vn 0.8837 0.1791 -0.4325
vn -0.4710 0.4901 -0.7335
vn 0.8837 0.2601 -0.3892
vn -0.4710 0.6238 -0.6238
vn 0.8837 0.3310 -0.3310
vn -0.4710 0.7335 -0.4901
vn 0.8837 0.3892 -0.2601
vn -0.4710 0.8150 -0.3376
vn 0.8837 0.4325 -0.1791
vn -0.4710 0.8652 -0.1721
vn 0.8837 0.4591 -0.0913
vn -0.4710 0.8821 -0.0000
vn 0.8837 0.4681 -0.0000
vn -0.4710 0.8652 0.1721
vn 0.8837 0.4591 0.0913
vn -0.4710 0.8150 0.3376
vn 0.8837 0.4324 0.1791
vn -0.4710 0.7335 0.4901
vn 0.8837 0.3892 0.2600
vn -0.4710 0.6238 0.6238
vn 0.8837 0.3310 0.3310
vn -0.4710 0.4901 0.7335
vn 0.8837 0.2601 0.3892
vn -0.4710 0.3376 0.8150
vn 0.8837 0.1791 0.4324
vn -0.4710 0.1721 0.8652
vn 0.8837 0.0913 0.4591
vn -0.4710 -0.0000 0.8821
vn 0.8837 -0.0000 0.4681
vn -0.4710 -0.1721 0.8652
vn 0.8837 -0.0913 0.4591
vn -0.4710 -0.3376 0.8150
vn 0.8837 -0.1791 0.4325
vn -0.4710 -0.4901 0.7335
vn 0.8837 -0.2601 0.3892
vn -0.4710 -0.6238 0.6238
vn 0.8837 -0.3310 0.3310
vn -0.4710 -0.7335 0.4901
vn 0.8837 -0.3892 0.2601
vn -0.4710 -0.8150 0.3376
vn 0.8837 -0.4324 0.1791
vn -0.4710 -0.8652 0.1721
vn 0.8837 -0.4591 0.0913
vn -0.4710 -0.8821 -0.0000
vn 0.8837 -0.4681 -0.0000
vn -0.4710 -0.8652 -0.1721
vn 0.8837 -0.4591 -0.0913
vn -0.4710 -0.8150 -0.3376
vn 0.8837 -0.4325 -0.1791
vn -0.4710 -0.7335 -0.4901
vn 0.8837 -0.3892 -0.2600
vn -0.4710 -0.6238 -0.6238
vn 0.8837 -0.3310 -0.3310
vn -0.4710 -0.4901 -0.7335
vn 0.8837 -0.2601 -0.3892
vn -0.4710 -0.3376 -0.8150
vn 0.8837 -0.1791 -0.4325
vn -0.4710 -0.1721 -0.8652
vn 0.8837 -0.0913 -0.4591
vn -0.4710 -0.0000 -0.8821
vn 0.8837 -0.0000 -0.4681
vn -0.9544 0.1658 -0.2481
vn -0.9954 0.0532 -0.0796
vn -0.9954 0.0677 -0.0677
vn -0.9544 0.2110 -0.2110
vn -0.9544 0.1142 -0.2757
vn -0.9954 0.0366 -0.0884
vn -0.9954 0.0796 -0.0532
vn -0.9544 0.2481 -0.1658
vn -0.9954 0.0884 -0.0366
vn -0.9544 0.2757 -0.1142
vn -0.9954 0.0939 -0.0187
vn -0.9544 0.2927 -0.0582
vn -0.9954 0.0957 -0.0000
vn -0.9544 0.2984 -0.0000
vn -0.9954 0.0939 0.0187
vn -0.9544 0.2927 0.0582
vn -0.9954 0.0884 0.0366
vn -0.9544 0.2757 0.1142
vn -0.9954 0.0796 0.0532
vn -0.9544 0.2481 0.1658
vn -0.9954 0.0677 0.0677
vn -0.9544 0.2110 0.2110
vn -0.9954 0.0532 0.0796
vn -0.9544 0.1658 0.2481
vn -0.9954 0.0366 0.0884
vn -0.9544 0.1142 0.2757
vn -0.9954 0.0187 0.0939
vn -0.9544 0.0582 0.2927
vn -0.9954 -0.0000 0.0957
vn -0.9544 -0.0000 0.2984
vn -0.9954 -0.0187 0.0939
vn -0.9544 -0.0582 0.2927
vn -0.9954 -0.0366 0.0884
vn -0.9544 -0.1142 0.2757
vn -0.9954 -0.0532 0.0796
vn -0.9544 -0.1658 0.2481
vn -0.9954 -0.0677 0.0677
vn -0.9544 -0.2110 0.2110
vn -0.9954 -0.0796 0.0532
vn -0.9544 -0.2481 0.1658
vn -0.9954 -0.0884 0.0366
vn -0.9544 -0.2757 0.1142
vn -0.9954 -0.0939 0.0187
vn -0.9544 -0.2927 0.0582
vn -0.9954 -0.0957 -0.0000
vn -0.9544 -0.2984 -0.0000
vn -0.9954 -0.0939 -0.0187
vn -0.9544 -0.2927 -0.0582
vn -0.9954 -0.0884 -0.0366
vn -0.9544 -0.2757 -0.1142
vn -0.9954 -0.0796 -0.0532
vn -0.9544 -0.2481 -0.1658
vn -0.9954 -0.0677 -0.0677
vn -0.9544 -0.2110 -0.2110
vn -0.9954 -0.0532 -0.0796
vn -0.9544 -0.1658 -0.2481
vn -0.9954 -0.0366 -0.0884
vn -0.9544 -0.1142 -0.2757
vn -0.9954 -0.0187 -0.0939
vn -0.9544 -0.0582 -0.2927
vn -0.9954 -0.0000 -0.0957
vn -0.9544 -0.0000 -0.2984
vn 0.6505 0.2907 -0.7017
vn 0.6927 0.2760 -0.6664
vn 0.6927 0.1407 -0.7074
vn 0.6505 0.1482 -0.7449
vn 0.9832 0.0356 0.1790
vn 1.0000 -0.0000 -0.0000
vn 0.9832 -0.0000 0.1825
vn 0.1983 -0.0000 0.9801
vn 0.1983 0.1912 0.9613
vn 0.1983 -0.5445 0.8150
vn 0.1983 -0.3751 0.9055
vn 0.1983 -0.6931 0.6931
vn 0.1983 -0.8150 0.5445
vn 0.1983 -0.9055 0.3751
vn 0.1983 -0.9613 0.1912
vn 0.1983 -0.9801 -0.0000
vn 0.1983 -0.9613 -0.1912
vn 0.1983 -0.9055 -0.3751
vn 0.1983 -0.8150 -0.5445
vn 0.1983 -0.6931 -0.6931
vn 0.1983 -0.5445 -0.8150
vn 0.1983 -0.3751 -0.9055
vn 0.1983 -0.1912 -0.9613
vn 0.1983 -0.0000 -0.9801
vn 0.1983 0.1912 -0.9613
vn 0.1983 0.3751 -0.9055
vn 0.1983 0.5445 -0.8150
vn 0.1983 0.6931 -0.6931
vn 0.1983 0.8150 -0.5445
vn 0.1983 0.9055 -0.3751
vn 0.1983 0.9613 -0.1912
vn 0.1983 0.9801 -0.0000
vn 0.1983 0.9613 0.1912
vn 0.1983 0.9055 0.3751
vn 0.1983 0.8150 0.5445
vn 0.1983 0.6931 0.6931
vn 0.1983 0.5445 0.8150
vn 0.1983 0.3751 0.9055
vn 0.1983 -0.1912 0.9613
vn 0.9832 0.0698 -0.1686
vn 0.9832 0.1014 -0.1518
vn 0.9832 -0.1518 0.1014
vn 0.9832 -0.1686 0.0698
vn 0.9832 0.1291 -0.1291
vn 0.9832 -0.1790 0.0356
vn 0.9832 0.1518 -0.1014
vn 0.9832 -0.1825 -0.0000
vn 0.9832 0.1686 -0.0698
vn 0.9832 -0.1790 -0.0356
vn 0.9832 0.1790 -0.0356
vn 0.9832 -0.1686 -0.0698
vn 0.9832 0.1825 -0.0000
vn 0.9832 -0.1518 -0.1014
vn 0.9832 0.1790 0.0356
vn 0.9832 -0.1291 -0.1291
vn 0.9832 0.1686 0.0698
vn 0.9832 -0.1014 -0.1518
vn 0.9832 0.1518 0.1014
vn 0.9832 -0.0698 -0.1686
vn 0.9832 -0.0356 0.1790
vn 0.9832 0.1291 0.1291
vn 0.9832 -0.0356 -0.1790
vn 0.9832 -0.0698 0.1686
vn 0.9832 0.1014 0.1518
vn 0.9832 -0.0000 -0.1825
vn 0.9832 -0.1014 0.1518
vn 0.9832 0.0698 0.1686
vn 0.9832 0.0356 -0.1790
vn 0.9832 -0.1291 0.1291
vn 0.7205 -0.1353 0.6802
vn 0.7205 -0.0000 0.6935
vn 0.7205 -0.2654 0.6407
vn 0.7205 -0.3853 0.5766
vn 0.7205 -0.4904 0.4904
vn 0.7205 -0.5766 0.3853
vn 0.7205 -0.6407 0.2654
vn 0.7205 -0.6802 0.1353
vn 0.7205 -0.6935 -0.0000
vn 0.7205 -0.6802 -0.1353
vn 0.7205 -0.6407 -0.2654
vn 0.7205 -0.5766 -0.3853
vn 0.7205 -0.4904 -0.4904
vn 0.7205 -0.3853 -0.5766
vn 0.7205 -0.2654 -0.6407
vn 0.7205 -0.1353 -0.6802
vn 0.7205 -0.0000 -0.6935
vn 0.7205 0.1353 -0.6802
vn 0.7205 0.2654 -0.6407
vn 0.7205 0.3853 -0.5766
vn 0.7205 0.4904 -0.4904
vn 0.7205 0.5766 -0.3853
vn 0.7205 0.6407 -0.2654
vn 0.7205 0.6802 -0.1353
vn 0.7205 0.6935 -0.0000
vn 0.7205 0.6802 0.1353
vn 0.7205 0.6407 0.2654
vn 0.7205 0.5766 0.3853
vn 0.7205 0.4904 0.4904
vn 0.7205 0.3853 0.5766
vn 0.7205 0.2654 0.6407
vn 0.7205 0.1353 0.6802
vn 0.6283 0.7188 0.2977
vn 0.6283 0.6469 0.4322
vn 0.7730 0.5275 0.3525
vn 0.7730 0.5861 0.2428
vn 0.6283 -0.0000 0.7780
vn 0.6283 -0.1518 0.7630
vn 0.7730 -0.1238 0.6222
vn 0.7730 -0.0000 0.6344
vn 0.6283 0.1518 0.7630
vn 0.7730 0.1238 0.6222
vn 0.6283 -0.5501 0.5501
vn 0.6283 -0.6469 0.4322
vn 0.7730 -0.5275 0.3524
vn 0.7730 -0.4486 0.4486
vn 0.6283 0.6469 -0.4322
vn 0.6283 0.7188 -0.2977
vn 0.7730 0.5861 -0.2428
vn 0.7730 0.5275 -0.3525
vn 0.6283 -0.7630 -0.1518
vn 0.6283 -0.7188 -0.2977
vn 0.7730 -0.5861 -0.2428
vn 0.7730 -0.6222 -0.1238
vn 0.6283 0.5501 -0.5501
vn 0.7730 0.4486 -0.4486
vn 0.6283 -0.1518 -0.7630
vn 0.6283 -0.0000 -0.7780
vn 0.7730 -0.0000 -0.6344
vn 0.7730 -0.1238 -0.6222
vn 0.6283 -0.2977 -0.7188
vn 0.7730 -0.2428 -0.5861
vn 0.6283 0.7630 0.1518
vn 0.7730 0.6222 0.1238
vn 0.6283 0.2977 0.7188
vn 0.7730 0.2428 0.5861
vn 0.6283 -0.4322 0.6469
vn 0.7730 -0.3524 0.5275
vn 0.6283 -0.7780 -0.0000
vn 0.7730 -0.6344 -0.0000
vn 0.6283 0.4322 -0.6469
vn 0.7730 0.3525 -0.5275
vn 0.6283 0.7780 -0.0000
vn 0.7730 0.6344 -0.0000
vn 0.6283 0.4322 0.6469
vn 0.7730 0.3524 0.5275
vn 0.6283 -0.7630 0.1518
vn 0.7730 -0.6222 0.1238
vn 0.6283 0.2977 -0.7188
vn 0.7730 0.2428 -0.5861
vn 0.6283 -0.4322 -0.6469
vn 0.7730 -0.3524 -0.5275
vn 0.6283 -0.5501 -0.5501
vn 0.7730 -0.4486 -0.4486
vn 0.6283 0.7630 -0.1518
vn 0.7730 0.6222 -0.1238
vn 0.6283 0.5501 0.5501
vn 0.7730 0.4486 0.4486
vn 0.6283 -0.2977 0.7188
vn 0.7730 -0.2428 0.5861
vn 0.6283 -0.7188 0.2977
vn 0.7730 -0.5861 0.2428
vn -0.9954 0.0187 -0.0939
vn -0.9544 0.0582 -0.2927
vn 0.6283 -0.6469 -0.4322
vn 0.7730 -0.5275 -0.3524
vn 0.6283 0.1518 -0.7630
vn 0.7730 0.1238 -0.6222
vn 0.7361 0.2590 -0.6254
vn 0.7361 0.1321 -0.6639
vn 0.6505 0.4220 -0.6315
vn 0.6927 0.4007 -0.5997
vn 0.7361 0.3761 -0.5628
vn 0.6505 0.5371 -0.5371
vn 0.6927 0.5100 -0.5100
vn 0.7361 0.4786 -0.4786
vn 0.6505 0.6315 -0.4220
vn 0.6927 0.5997 -0.4007
vn 0.7361 0.5628 -0.3760
vn 0.6927 0.6664 -0.2760
vn 0.7361 0.6253 -0.2590
vn 0.6505 0.7017 -0.2907
vn 0.6505 0.7449 -0.1482
vn 0.6927 0.7074 -0.1407
vn 0.7361 0.6639 -0.1321
vn 0.6505 0.7595 -0.0000
vn 0.6927 0.7213 -0.0000
vn 0.7361 0.6769 -0.0000
vn 0.6505 0.7449 0.1482
vn 0.6927 0.7074 0.1407
vn 0.7361 0.6639 0.1321
vn 0.6505 0.7017 0.2907
vn 0.6927 0.6664 0.2760
vn 0.7361 0.6254 0.2590
vn 0.6505 0.6315 0.4220
vn 0.6927 0.5997 0.4007
vn 0.7361 0.5628 0.3761
vn 0.6505 0.5371 0.5371
vn 0.6927 0.5100 0.5100
vn 0.7361 0.4786 0.4786
vn 0.6505 0.4220 0.6315
vn 0.6927 0.4007 0.5997
vn 0.7361 0.3761 0.5628
vn 0.6505 0.2907 0.7017
vn 0.6927 0.2760 0.6664
vn 0.7361 0.2590 0.6253
vn 0.6505 0.1482 0.7449
vn 0.6927 0.1407 0.7074
vn 0.7361 0.1321 0.6639
vn 0.6505 -0.0000 0.7595
vn 0.6927 -0.0000 0.7213
vn 0.7361 -0.0000 0.6769
vn 0.6927 -0.1407 0.7074
vn 0.7361 -0.1321 0.6639
vn 0.6505 -0.1482 0.7449
vn 0.6505 -0.2907 0.7017
vn 0.6927 -0.2760 0.6664
vn 0.7361 -0.2590 0.6253
vn 0.6927 -0.4007 0.5997
vn 0.7361 -0.3761 0.5628
vn 0.6505 -0.4220 0.6315
vn 0.6505 -0.5371 0.5371
vn 0.6927 -0.5100 0.5100
vn 0.7361 -0.4786 0.4786
vn 0.6505 -0.6315 0.4220
vn 0.6927 -0.5997 0.4007
vn 0.7361 -0.5628 0.3761
vn 0.6505 -0.7017 0.2907
vn 0.6927 -0.6664 0.2760
vn 0.7361 -0.6253 0.2590
vn 0.6505 -0.7449 0.1482
vn 0.6927 -0.7074 0.1407
vn 0.7361 -0.6639 0.1321
vn 0.6505 -0.7595 -0.0000
vn 0.6927 -0.7213 -0.0000
vn 0.7361 -0.6769 -0.0000
vn 0.6505 -0.7449 -0.1482
vn 0.6927 -0.7074 -0.1407
vn 0.7361 -0.6639 -0.1321
vn 0.6505 -0.7017 -0.2907
vn 0.6927 -0.6664 -0.2760
vn 0.7361 -0.6253 -0.2590
vn 0.6505 -0.6315 -0.4220
vn 0.6927 -0.5997 -0.4007
vn 0.7361 -0.5628 -0.3761
vn 0.6505 -0.5371 -0.5371
vn 0.6927 -0.5100 -0.5100
vn 0.7361 -0.4786 -0.4786
vn 0.6505 -0.4220 -0.6315
vn 0.6927 -0.4007 -0.5997
vn 0.7361 -0.3761 -0.5628
vn 0.6927 -0.2760 -0.6664
vn 0.7361 -0.2590 -0.6253
vn 0.6505 -0.2907 -0.7017
vn 0.6505 -0.1482 -0.7449
vn 0.6927 -0.1407 -0.7074
vn 0.7361 -0.1321 -0.6639
vn 0.6927 -0.0000 -0.7213
vn 0.7361 -0.0000 -0.6769
vn 0.6505 -0.0000 -0.7595
vn 0.4710 0.1721 -0.8652
vn 0.4710 0.3376 -0.8150
vn -0.8837 0.0913 -0.4591
vn -0.8837 0.1791 -0.4325
vn 0.4710 0.4901 -0.7335
vn -0.8837 0.2601 -0.3892
vn 0.4710 0.6238 -0.6238
vn -0.8837 0.3310 -0.3310
vn 0.4710 0.7335 -0.4901
vn -0.8837 0.3892 -0.2601
vn 0.4710 0.8150 -0.3376
vn -0.8837 0.4325 -0.1791
vn 0.4710 0.8652 -0.1721
vn -0.8837 0.4591 -0.0913
vn 0.4710 0.8821 -0.0000
vn -0.8837 0.4681 -0.0000
vn 0.4710 0.8652 0.1721
vn -0.8837 0.4591 0.0913
vn 0.4710 0.8150 0.3376
vn -0.8837 0.4324 0.1791
vn 0.4710 0.7335 0.4901
vn -0.8837 0.3892 0.2600
vn 0.4710 0.6238 0.6238
vn -0.8837 0.3310 0.3310
vn 0.4710 0.4901 0.7335
vn -0.8837 0.2601 0.3892
vn 0.4710 0.3376 0.8150
vn -0.8837 0.1791 0.4324
vn 0.4710 0.1721 0.8652
vn -0.8837 0.0913 0.4591
vn 0.4710 -0.0000 0.8821
vn -0.8837 -0.0000 0.4681
vn 0.4710 -0.1721 0.8652
vn -0.8837 -0.0913 0.4591
vn 0.4710 -0.3376 0.8150
vn -0.8837 -0.1791 0.4324
vn 0.4710 -0.4901 0.7335
vn -0.8837 -0.2601 0.3892
vn 0.4710 -0.6238 0.6238
vn -0.8837 -0.3310 0.3310
vn 0.4710 -0.7335 0.4901
vn -0.8837 -0.3892 0.2601
vn 0.4710 -0.8150 0.3376
vn -0.8837 -0.4324 0.1791
vn 0.4710 -0.8652 0.1721
vn -0.8837 -0.4591 0.0913
vn 0.4710 -0.8821 -0.0000
vn -0.8837 -0.4681 -0.0000
vn 0.4710 -0.8652 -0.1721
vn -0.8837 -0.4591 -0.0913
vn 0.4710 -0.8150 -0.3376
vn -0.8837 -0.4325 -0.1791
vn 0.4710 -0.7335 -0.4901
vn -0.8837 -0.3892 -0.2600
vn 0.4710 -0.6238 -0.6238
vn -0.8837 -0.3310 -0.3310
vn 0.4710 -0.4901 -0.7335
vn -0.8837 -0.2601 -0.3892
vn 0.4710 -0.3376 -0.8150
vn -0.8837 -0.1791 -0.4325
vn 0.4710 -0.1721 -0.8652
vn -0.8837 -0.0913 -0.4591
vn 0.4710 -0.0000 -0.8821
vn -0.8837 -0.0000 -0.4681
vn -0.0962 -0.1942 -0.9762
vn -0.0962 -0.0000 -0.9954
vn -0.0962 -0.3809 -0.9196
vn -0.0962 -0.5530 -0.8276
vn -0.0962 -0.7038 -0.7038
vn -0.0962 -0.8276 -0.5530
vn -0.0962 -0.9196 -0.3809
vn -0.0962 -0.9762 -0.1942
vn -0.0962 -0.9954 -0.0000
vn -0.0962 -0.9762 0.1942
vn -0.0962 -0.9196 0.3809
vn -0.0962 -0.8276 0.5530
vn -0.0962 -0.7038 0.7038
vn -0.0962 -0.5530 0.8276
vn -0.0962 -0.3809 0.9196
vn -0.0962 -0.1942 0.9762
vn -0.0962 -0.0000 0.9954
vn -0.0962 0.1942 0.9762
vn -0.0962 0.3809 0.9196
vn -0.0962 0.5530 0.8276
vn -0.0962 0.7038 0.7038
vn -0.0962 0.8276 0.5530
vn -0.0962 0.9196 0.3809
vn -0.0962 0.9762 0.1942
vn -0.0962 0.9954 -0.0000
vn -0.0962 0.9762 -0.1942
vn -0.0962 0.9196 -0.3809
vn -0.0962 0.8276 -0.5530
vn -0.0962 0.7038 -0.7038
vn -0.0962 0.5530 -0.8276
vn -0.0962 0.3809 -0.9196
vn -0.0962 0.1942 -0.9762
vn 0.0962 -0.0000 -0.9954
vn 0.0962 -0.1942 -0.9762
vn 0.0962 -0.3809 -0.9196
vn 0.0962 -0.5530 -0.8276
vn 0.0962 -0.7038 -0.7038
vn 0.0962 -0.8276 -0.5530
vn 0.0962 -0.9196 -0.3809
vn 0.0962 -0.9762 -0.1942
vn 0.0962 -0.9954 -0.0000
vn 0.0962 -0.9762 0.1942
vn 0.0962 -0.9196 0.3809
vn 0.0962 -0.8276 0.5530
vn 0.0962 -0.7038 0.7038
vn 0.0962 -0.5530 0.8276
vn 0.0962 -0.3809 0.9196
vn 0.0962 -0.1942 0.9762
vn 0.0962 -0.0000 0.9954
vn 0.0962 0.1942 0.9762
vn 0.0962 0.3809 0.9196
vn 0.0962 0.5530 0.8276
vn 0.0962 0.7038 0.7038
vn 0.0962 0.8276 0.5530
vn 0.0962 0.9196 0.3809
vn 0.0962 0.9762 0.1942
vn 0.0962 0.9954 -0.0000
vn 0.0962 0.9762 -0.1942
vn 0.0962 0.9196 -0.3809
vn 0.0962 0.8276 -0.5530
vn 0.0962 0.7038 -0.7038
vn 0.0962 0.5530 -0.8276
vn 0.0962 0.3809 -0.9196
vn 0.0962 0.1942 -0.9762
vt 0.854453 0.701119
vt 0.823801 0.685838
vt 0.835674 0.659393
vt 0.867521 0.672727
vt 0.871828 0.747319
vt 0.839759 0.728756
vt 0.887736 0.717601
vt 0.903542 0.765698
vt 0.920550 0.733782
vt 0.900255 0.806910
vt 0.884342 0.796283
vt 0.920069 0.775293
vt 0.809718 0.711289
vt 0.901643 0.686978
vt 0.935381 0.700947
vt 0.508955 0.477585
vt 0.531833 0.468106
vt 0.536680 0.477169
vt 0.511941 0.487437
vt 0.484650 0.482423
vt 0.485653 0.492674
vt 0.846282 0.632506
vt 0.878439 0.643560
vt 0.913385 0.655480
vt 0.948059 0.667189
vt 0.854529 0.605012
vt 0.887506 0.613825
vt 0.923119 0.623360
vt 0.958471 0.632598
vt 0.459877 0.482422
vt 0.458863 0.492676
vt 0.435602 0.477591
vt 0.432619 0.487436
vt 0.860914 0.576943
vt 0.894514 0.583548
vt 0.930646 0.590665
vt 0.966513 0.597482
vt 0.899534 0.552876
vt 0.935935 0.557587
vt 0.972050 0.561962
vt 0.412749 0.468118
vt 0.407906 0.477193
vt 0.865431 0.548412
vt 0.868628 0.519836
vt 0.902350 0.522054
vt 0.938979 0.524313
vt 0.975190 0.526276
vt 0.392162 0.454359
vt 0.385638 0.462309
vt 0.903245 0.491199
vt 0.939834 0.490997
vt 0.976067 0.490548
vt 0.374642 0.436838
vt 0.366672 0.443376
vt 0.869389 0.491360
vt 0.868204 0.462862
vt 0.902011 0.460398
vt 0.938463 0.457744
vt 0.974533 0.454888
vt 0.360884 0.416242
vt 0.351808 0.421092
vt 0.898709 0.429757
vt 0.934883 0.424692
vt 0.970663 0.419487
vt 0.351428 0.393376
vt 0.341590 0.396357
vt 0.865102 0.434481
vt 0.860103 0.406330
vt 0.893388 0.399390
vt 0.929122 0.391951
vt 0.964451 0.384388
vt 0.346618 0.369129
vt 0.336396 0.370136
vt 0.921206 0.359679
vt 0.955896 0.349759
vt 0.346626 0.344420
vt 0.336412 0.343414
vt 0.853232 0.378496
vt 0.886132 0.369419
vt 0.845144 0.351140
vt 0.876815 0.340169
vt 0.911157 0.328094
vt 0.945044 0.315896
vt 0.351455 0.320157
vt 0.341601 0.317173
vt 0.899069 0.297334
vt 0.931983 0.282922
vt 0.360918 0.297283
vt 0.351847 0.292439
vt 0.834875 0.324835
vt 0.865730 0.311640
vt 0.822818 0.299276
vt 0.852720 0.283995
vt 0.884970 0.267500
vt 0.916789 0.250957
vt 0.374680 0.276686
vt 0.366714 0.270149
vt 0.392185 0.259170
vt 0.385654 0.251218
vt 0.809056 0.274580
vt 0.837876 0.257309
vt 0.868932 0.238709
vt 0.899550 0.220123
vt 0.821284 0.231673
vt 0.851037 0.211065
vt 0.880375 0.190539
vt 0.412750 0.245424
vt 0.407898 0.236363
vt 0.793654 0.250854
vt 0.776669 0.228185
vt 0.803022 0.207167
vt 0.831354 0.184642
vt 0.859276 0.162237
vt 0.435596 0.235951
vt 0.432610 0.226124
vt 0.783197 0.183860
vt 0.809962 0.159553
vt 0.836329 0.135348
vt 0.459864 0.231116
vt 0.458848 0.220869
vt 0.758147 0.206644
vt 0.738692 0.186117
vt 0.761801 0.162071
vt 0.786956 0.135943
vt 0.811723 0.110067
vt 0.484613 0.231100
vt 0.485615 0.220871
vt 0.739029 0.141670
vt 0.762423 0.113832
vt 0.785616 0.086372
vt 0.508893 0.235923
vt 0.511879 0.226063
vt 0.717685 0.167520
vt 0.695272 0.150509
vt 0.714667 0.122865
vt 0.736275 0.093174
vt 0.758020 0.064101
vt 0.531773 0.245390
vt 0.536616 0.236312
vt 0.688564 0.105750
vt 0.708294 0.073866
vt 0.728866 0.042930
vt 0.552354 0.259127
vt 0.558869 0.251181
vt 0.671474 0.135326
vt 0.646262 0.122399
vt 0.660389 0.090629
vt 0.677858 0.055701
vt 0.697990 0.022231
vt 0.569863 0.276621
vt 0.577821 0.270083
vt 0.698954 0.971142
vt 0.678704 0.936782
vt 0.709428 0.918334
vt 0.730825 0.949861
vt 0.583624 0.297198
vt 0.592692 0.292343
vt 0.660515 0.901290
vt 0.646262 0.869204
vt 0.671685 0.855960
vt 0.689225 0.885703
vt 0.695658 0.840170
vt 0.715702 0.868047
vt 0.737947 0.898392
vt 0.760760 0.927921
vt 0.593100 0.320048
vt 0.602926 0.317063
vt 0.597936 0.344306
vt 0.608171 0.343297
vt 0.718257 0.822393
vt 0.740400 0.848566
vt 0.764572 0.876928
vt 0.788948 0.904701
vt 0.739487 0.802932
vt 0.763484 0.827422
vt 0.789482 0.853897
vt 0.815493 0.879898
vt 0.597950 0.369063
vt 0.608196 0.370069
vt 0.593131 0.393365
vt 0.603001 0.396352
vt 0.759307 0.781977
vt 0.784986 0.804746
vt 0.812698 0.829323
vt 0.840326 0.853466
vt 0.804882 0.780665
vt 0.834162 0.803297
vt 0.863280 0.825547
vt 0.583663 0.416263
vt 0.592748 0.421109
vt 0.777652 0.759667
vt 0.794463 0.736092
vt 0.823152 0.755302
vt 0.853841 0.775901
vt 0.933409 0.242271
vt 0.915529 0.210381
vt 0.895706 0.179799
vt 0.873873 0.150506
vt 0.850092 0.122671
vt 0.824629 0.096570
vt 0.797735 0.072133
vt 0.769460 0.049156
vt 0.739813 0.027308
vt 0.709091 0.005800
vt 0.710319 0.988165
vt 0.742274 0.965869
vt 0.772808 0.943147
vt 0.801745 0.919135
vt 0.552405 0.454359
vt 0.558937 0.462320
vt 0.829133 0.893459
vt 0.937718 0.742286
vt 0.953106 0.708284
vt 0.854810 0.866054
vt 0.966236 0.673258
vt 0.878507 0.837139
vt 0.976987 0.637391
vt 0.985223 0.601059
vt 0.990939 0.564337
vt 0.994202 0.527339
vt 0.995026 0.490277
vt 0.993384 0.453355
vt 0.989374 0.416749
vt 0.982942 0.380406
vt 0.974047 0.344513
vt 0.962755 0.309461
vt 0.949182 0.275340
vt 0.922950 0.776964
vt 0.902968 0.808735
vt 0.579716 0.444907
vt 0.560458 0.464175
vt 0.577852 0.443377
vt 0.881124 0.839147
vt 0.594871 0.422243
vt 0.857303 0.868236
vt 0.605305 0.397049
vt 0.831498 0.895824
vt 0.610591 0.370301
vt 0.803924 0.921606
vt 0.610563 0.343058
vt 0.774876 0.945771
vt 0.605225 0.316363
vt 0.744261 0.968625
vt 0.594811 0.291209
vt 0.712356 0.990911
vt 0.579678 0.268555
vt 0.711054 0.003161
vt 0.741727 0.024646
vt 0.560392 0.249321
vt 0.771442 0.046601
vt 0.537749 0.234191
vt 0.799815 0.069715
vt 0.512575 0.223761
vt 0.826861 0.094254
vt 0.485849 0.218478
vt 0.852476 0.120491
vt 0.458610 0.218477
vt 0.876421 0.148473
vt 0.431910 0.223825
vt 0.898334 0.177973
vt 0.406764 0.234244
vt 0.918290 0.208712
vt 0.384133 0.249363
vt 0.936281 0.240781
vt 0.364849 0.268619
vt 0.952153 0.274041
vt 0.349724 0.291307
vt 0.965814 0.308360
vt 0.339299 0.316477
vt 0.977184 0.343618
vt 0.334022 0.343181
vt 0.986162 0.379723
vt 0.334011 0.370370
vt 0.992575 0.416292
vt 0.339290 0.397051
vt 0.996635 0.453103
vt 0.349685 0.422223
vt 0.998298 0.490240
vt 0.364810 0.444902
vt 0.997478 0.527518
vt 0.384108 0.464175
vt 0.994200 0.564733
vt 0.406773 0.479314
vt 0.988455 0.601675
vt 0.431921 0.489731
vt 0.980181 0.638229
vt 0.458625 0.495070
vt 0.969396 0.674323
vt 0.485889 0.495070
vt 0.956135 0.709536
vt 0.512642 0.489745
vt 0.940683 0.743745
vt 0.537815 0.479289
vt 0.569906 0.436855
vt 0.365882 0.324471
vt 0.361631 0.345844
vt 0.348743 0.344574
vt 0.353489 0.320711
vt 0.386328 0.427261
vt 0.401738 0.442670
vt 0.393522 0.452681
vt 0.376317 0.435476
vt 0.578635 0.324471
vt 0.570296 0.304338
vt 0.581717 0.298233
vt 0.591028 0.320711
vt 0.504528 0.250363
vt 0.483155 0.246112
vt 0.484424 0.233223
vt 0.508287 0.237970
vt 0.374221 0.304338
vt 0.362800 0.298233
vt 0.374221 0.409141
vt 0.362800 0.415246
vt 0.542780 0.442670
vt 0.558189 0.427261
vt 0.568200 0.435477
vt 0.550996 0.452681
vt 0.461363 0.467367
vt 0.483154 0.467367
vt 0.484424 0.480256
vt 0.460093 0.480256
vt 0.582887 0.345844
vt 0.595775 0.344574
vt 0.524661 0.258702
vt 0.530765 0.247281
vt 0.439990 0.463116
vt 0.436230 0.475509
vt 0.461363 0.246112
vt 0.439990 0.250363
vt 0.436230 0.237970
vt 0.460093 0.233223
vt 0.365882 0.389008
vt 0.353489 0.392768
vt 0.524661 0.454777
vt 0.530765 0.466198
vt 0.401738 0.270809
vt 0.386328 0.286218
vt 0.376317 0.278003
vt 0.393522 0.260798
vt 0.582886 0.367635
vt 0.595775 0.368905
vt 0.542780 0.270809
vt 0.550996 0.260798
vt 0.361631 0.367635
vt 0.348743 0.368905
vt 0.504528 0.463116
vt 0.508287 0.475509
vt 0.419857 0.454777
vt 0.413752 0.466198
vt 0.578635 0.389009
vt 0.591028 0.392768
vt 0.558189 0.286218
vt 0.568200 0.278003
vt 0.419857 0.258702
vt 0.413752 0.247281
vt 0.570296 0.409142
vt 0.581717 0.415246
vt 0.639511 0.295784
vt 0.652279 0.324122
vt 0.621033 0.337125
vt 0.608810 0.311090
vt 0.656992 0.249718
vt 0.672727 0.279485
vt 0.624870 0.268153
vt 0.688829 0.231548
vt 0.705581 0.263523
vt 0.685862 0.190264
vt 0.705439 0.222094
vt 0.669821 0.200787
vt 0.594748 0.285585
vt 0.686380 0.310076
vt 0.720156 0.296445
vt 0.552354 0.732337
vt 0.558888 0.740308
vt 0.536604 0.755157
vt 0.531761 0.746088
vt 0.569879 0.714825
vt 0.577835 0.721365
vt 0.663145 0.353125
vt 0.630951 0.363922
vt 0.697990 0.341457
vt 0.732590 0.330130
vt 0.671946 0.382785
vt 0.639039 0.391377
vt 0.707455 0.373517
vt 0.742721 0.364559
vt 0.583647 0.694232
vt 0.592725 0.699094
vt 0.593132 0.671345
vt 0.602979 0.674337
vt 0.678715 0.412965
vt 0.645271 0.419341
vt 0.714714 0.406101
vt 0.750356 0.399553
vt 0.719803 0.439056
vt 0.683472 0.443523
vt 0.755778 0.434871
vt 0.597962 0.647071
vt 0.608196 0.648081
vt 0.649627 0.447690
vt 0.686269 0.474313
vt 0.652104 0.476332
vt 0.722701 0.472221
vt 0.758804 0.470430
vt 0.597958 0.622343
vt 0.608183 0.621338
vt 0.723382 0.505425
vt 0.686884 0.505082
vt 0.759466 0.506023
vt 0.593128 0.598060
vt 0.602984 0.595071
vt 0.653272 0.504911
vt 0.685598 0.535747
vt 0.652027 0.533206
vt 0.721881 0.538514
vt 0.757801 0.541478
vt 0.583661 0.575188
vt 0.592732 0.570343
vt 0.718178 0.571421
vt 0.682198 0.566215
vt 0.753791 0.576773
vt 0.569924 0.554631
vt 0.577864 0.548118
vt 0.648846 0.561387
vt 0.676739 0.596380
vt 0.643769 0.589310
vt 0.712275 0.604001
vt 0.747420 0.611757
vt 0.552427 0.537134
vt 0.558965 0.529175
vt 0.738725 0.646152
vt 0.704205 0.636081
vt 0.531846 0.523369
vt 0.536705 0.514297
vt 0.669267 0.626107
vt 0.636827 0.616840
vt 0.659835 0.655274
vt 0.628053 0.643860
vt 0.694031 0.667530
vt 0.727806 0.679826
vt 0.508982 0.513890
vt 0.511976 0.504050
vt 0.714671 0.712740
vt 0.681803 0.698244
vt 0.484718 0.509054
vt 0.485730 0.498829
vt 0.648504 0.683773
vt 0.617481 0.670270
vt 0.635374 0.711503
vt 0.605149 0.695996
vt 0.667579 0.728076
vt 0.699357 0.744728
vt 0.459965 0.509048
vt 0.458961 0.498795
vt 0.435675 0.513868
vt 0.432695 0.504016
vt 0.620383 0.738132
vt 0.591719 0.721012
vt 0.651428 0.756825
vt 0.681977 0.775515
vt 0.633475 0.784382
vt 0.603819 0.763729
vt 0.662662 0.805003
vt 0.412801 0.523335
vt 0.407959 0.514259
vt 0.576353 0.744583
vt 0.585564 0.788131
vt 0.559358 0.767105
vt 0.613772 0.810672
vt 0.641541 0.833100
vt 0.392220 0.537078
vt 0.385702 0.529130
vt 0.592393 0.835629
vt 0.565743 0.811331
vt 0.618647 0.859793
vt 0.374708 0.554589
vt 0.366747 0.548061
vt 0.540803 0.788519
vt 0.544348 0.833048
vt 0.521295 0.808942
vt 0.569407 0.859148
vt 0.594098 0.884984
vt 0.360942 0.575193
vt 0.351854 0.570345
vt 0.544891 0.881182
vt 0.521611 0.853434
vt 0.567995 0.908608
vt 0.351469 0.598083
vt 0.341607 0.595097
vt 0.500176 0.827503
vt 0.497260 0.872091
vt 0.478037 0.844753
vt 0.518749 0.901736
vt 0.540316 0.930807
vt 0.346638 0.622355
vt 0.336403 0.621342
vt 0.490846 0.920864
vt 0.471312 0.889099
vt 0.511175 0.951755
vt 0.346633 0.647084
vt 0.336403 0.648083
vt 0.454428 0.859758
vt 0.443306 0.904038
vt 0.429396 0.872509
vt 0.460539 0.938795
vt 0.480396 0.972145
vt 0.351452 0.671347
vt 0.341611 0.674322
vt 0.483602 0.023201
vt 0.515864 0.044999
vt 0.493986 0.076894
vt 0.462845 0.057980
vt 0.360911 0.694204
vt 0.351841 0.699041
vt 0.444129 0.093984
vt 0.473359 0.109958
vt 0.455333 0.140399
vt 0.429396 0.126730
vt 0.500186 0.128009
vt 0.479908 0.156290
vt 0.522844 0.097265
vt 0.546101 0.067436
vt 0.374640 0.714772
vt 0.366699 0.721282
vt 0.392126 0.732273
vt 0.385598 0.740225
vt 0.525285 0.147711
vt 0.502815 0.174366
vt 0.549736 0.119096
vt 0.574523 0.091154
vt 0.548510 0.169102
vt 0.524568 0.193678
vt 0.574789 0.142439
vt 0.601149 0.116363
vt 0.412717 0.746041
vt 0.407866 0.755123
vt 0.435599 0.755527
vt 0.432608 0.765389
vt 0.570144 0.191878
vt 0.544407 0.214665
vt 0.598050 0.167235
vt 0.625942 0.143080
vt 0.619511 0.193455
vt 0.590069 0.216071
vt 0.648850 0.171255
vt 0.459875 0.760363
vt 0.458859 0.770598
vt 0.562745 0.237050
vt 0.608316 0.241541
vt 0.579532 0.260707
vt 0.639131 0.221019
vt 0.715967 0.753493
vt 0.697920 0.785334
vt 0.677877 0.815812
vt 0.656034 0.844830
vt 0.632345 0.872421
vt 0.606980 0.898459
vt 0.580096 0.922852
vt 0.551645 0.945794
vt 0.521973 0.967373
vt 0.491340 0.988517
vt 0.495241 0.005969
vt 0.527587 0.028814
vt 0.558410 0.052066
vt 0.587578 0.076667
vt 0.511873 0.765408
vt 0.508888 0.755553
vt 0.614996 0.102810
vt 0.722771 0.255141
vt 0.737886 0.289260
vt 0.640568 0.130505
vt 0.750703 0.324226
vt 0.664214 0.159691
vt 0.761121 0.359860
vt 0.769062 0.396086
vt 0.774610 0.432720
vt 0.777689 0.469544
vt 0.778318 0.506386
vt 0.776583 0.543047
vt 0.772431 0.579592
vt 0.765808 0.615853
vt 0.756760 0.651452
vt 0.745465 0.686270
vt 0.731866 0.720348
vt 0.688622 0.188441
vt 0.708309 0.220462
vt 0.485851 0.772990
vt 0.485617 0.770597
vt 0.512568 0.767710
vt 0.666857 0.157689
vt 0.458623 0.772990
vt 0.643084 0.128330
vt 0.431911 0.767686
vt 0.617378 0.100469
vt 0.406728 0.757249
vt 0.589823 0.074168
vt 0.384069 0.742082
vt 0.560527 0.049418
vt 0.364839 0.722805
vt 0.529622 0.026035
vt 0.349721 0.700172
vt 0.497352 0.003161
vt 0.339311 0.675018
vt 0.523843 0.970009
vt 0.493295 0.991176
vt 0.334011 0.648316
vt 0.553626 0.948380
vt 0.334017 0.621108
vt 0.582191 0.925295
vt 0.339305 0.594401
vt 0.609191 0.900752
vt 0.349730 0.569212
vt 0.634735 0.874607
vt 0.364882 0.546529
vt 0.658518 0.846827
vt 0.384177 0.527269
vt 0.680507 0.817666
vt 0.406826 0.512137
vt 0.700675 0.787019
vt 0.431998 0.501714
vt 0.718840 0.754996
vt 0.458728 0.496401
vt 0.734864 0.721662
vt 0.485968 0.496436
vt 0.748489 0.687361
vt 0.512675 0.501750
vt 0.759874 0.652353
vt 0.537840 0.512177
vt 0.768986 0.616549
vt 0.560492 0.527318
vt 0.775677 0.580072
vt 0.579722 0.546595
vt 0.779795 0.543304
vt 0.594846 0.569211
vt 0.781568 0.506437
vt 0.605291 0.594371
vt 0.780947 0.469382
vt 0.610576 0.621104
vt 0.777859 0.432340
vt 0.610583 0.648316
vt 0.772285 0.395490
vt 0.605287 0.675037
vt 0.764300 0.359049
vt 0.594847 0.700230
vt 0.753826 0.323200
vt 0.579694 0.722893
vt 0.740941 0.288025
vt 0.560413 0.742169
vt 0.725742 0.253707
vt 0.537735 0.757279
vt 0.484615 0.760373
vt 0.569663 0.583050
vt 0.580983 0.576999
vt 0.590212 0.599278
vt 0.577928 0.603004
vt 0.569663 0.686925
vt 0.580983 0.692975
vt 0.567586 0.713026
vt 0.557663 0.704883
vt 0.362848 0.624188
vt 0.350074 0.622930
vt 0.354779 0.599278
vt 0.367062 0.603004
vt 0.420558 0.537819
vt 0.414507 0.526499
vt 0.436786 0.517271
vt 0.440512 0.529554
vt 0.557663 0.565091
vt 0.567586 0.556948
vt 0.577928 0.666970
vt 0.590212 0.670696
vt 0.420558 0.732155
vt 0.414507 0.743475
vt 0.394456 0.730078
vt 0.402599 0.720156
vt 0.504478 0.740421
vt 0.508204 0.752704
vt 0.484553 0.757408
vt 0.483294 0.744634
vt 0.362848 0.645787
vt 0.350074 0.647045
vt 0.402599 0.549819
vt 0.394456 0.539897
vt 0.524432 0.732155
vt 0.530483 0.743475
vt 0.461696 0.525340
vt 0.460438 0.512566
vt 0.484552 0.512566
vt 0.483294 0.525340
vt 0.582142 0.645787
vt 0.594916 0.647045
vt 0.440512 0.740421
vt 0.436786 0.752704
vt 0.524432 0.537819
vt 0.530483 0.526499
vt 0.550534 0.539897
vt 0.542391 0.549819
vt 0.367062 0.666970
vt 0.354779 0.670696
vt 0.387327 0.565091
vt 0.377405 0.556948
vt 0.582142 0.624188
vt 0.594916 0.622930
vt 0.461696 0.744634
vt 0.460438 0.757408
vt 0.542391 0.720156
vt 0.550534 0.730078
vt 0.375327 0.686925
vt 0.364007 0.692975
vt 0.375327 0.583050
vt 0.364007 0.576999
vt 0.508204 0.517271
vt 0.504478 0.529554
vt 0.387327 0.704883
vt 0.377405 0.713026
vt 0.890590 0.940900
vt 0.890590 0.946599
vt 0.879774 0.946599
vt 0.879774 0.940900
vt 0.868958 0.946599
vt 0.868958 0.940900
vt 0.858143 0.946599
vt 0.858143 0.940900
vt 0.847327 0.946599
vt 0.847327 0.940900
vt 0.836512 0.946599
vt 0.836512 0.940900
vt 0.825696 0.946599
vt 0.825696 0.940900
vt 0.814880 0.946599
vt 0.814880 0.940900
vt 0.804065 0.946599
vt 0.804065 0.940900
vt 0.793249 0.946599
vt 0.793249 0.940900
vt 0.782434 0.946599
vt 0.782434 0.940900
vt 0.998746 0.940900
vt 0.998746 0.946599
vt 0.987930 0.946599
vt 0.987930 0.940900
vt 0.977114 0.946599
vt 0.977114 0.940900
vt 0.966299 0.946599
vt 0.966299 0.940900
vt 0.955483 0.946599
vt 0.955483 0.940900
vt 0.944668 0.946599
vt 0.944668 0.940900
vt 0.933852 0.946599
vt 0.933852 0.940900
vt 0.923036 0.946599
vt 0.923036 0.940900
vt 0.912221 0.946599
vt 0.912221 0.940900
vt 0.201237 0.154668
vt 0.209889 0.155908
vt 0.209540 0.157925
vt 0.200959 0.156733
vt 0.901405 0.946599
vt 0.901405 0.940900
vt 0.595357 0.536651
vt 0.608345 0.536651
vt 0.609691 0.545148
vt 0.594011 0.545148
vt 0.620698 0.532637
vt 0.624603 0.540302
vt 0.631206 0.525003
vt 0.637289 0.531086
vt 0.638840 0.514495
vt 0.646505 0.518401
vt 0.642854 0.502143
vt 0.651350 0.503488
vt 0.642854 0.489154
vt 0.651350 0.487808
vt 0.638840 0.476802
vt 0.646505 0.472896
vt 0.631206 0.466294
vt 0.637289 0.460211
vt 0.620698 0.458659
vt 0.624603 0.450995
vt 0.608345 0.454646
vt 0.609691 0.446149
vt 0.595357 0.454646
vt 0.594011 0.446149
vt 0.583004 0.458659
vt 0.579099 0.450995
vt 0.572496 0.466294
vt 0.566414 0.460211
vt 0.564862 0.476802
vt 0.557197 0.472896
vt 0.560848 0.489154
vt 0.552352 0.487808
vt 0.560848 0.502143
vt 0.552352 0.503488
vt 0.564862 0.514495
vt 0.557197 0.518401
vt 0.572496 0.525003
vt 0.566414 0.531086
vt 0.583004 0.532637
vt 0.579099 0.540302
vt 0.224706 0.480639
vt 0.229686 0.484329
vt 0.226246 0.491388
vt 0.219072 0.486203
vt 0.087463 0.155090
vt 0.096183 0.153871
vt 0.096447 0.155957
vt 0.087810 0.157145
vt 0.104851 0.152925
vt 0.105044 0.154948
vt 0.256979 0.469613
vt 0.255106 0.475030
vt 0.253937 0.474406
vt 0.255662 0.469393
vt 0.139742 0.151135
vt 0.148479 0.151083
vt 0.148464 0.153184
vt 0.139774 0.153178
vt 0.230524 0.450244
vt 0.236048 0.448493
vt 0.236237 0.449812
vt 0.231135 0.451441
vt 0.235909 0.484623
vt 0.230480 0.482821
vt 0.231090 0.481653
vt 0.236129 0.483324
vt 0.251698 0.479601
vt 0.250779 0.478653
vt 0.241791 0.448556
vt 0.241578 0.449857
vt 0.225891 0.479432
vt 0.222504 0.474827
vt 0.223690 0.474219
vt 0.226811 0.478504
vt 0.247060 0.482917
vt 0.246476 0.481734
vt 0.247267 0.450317
vt 0.246656 0.451501
vt 0.220753 0.469344
vt 0.222059 0.469148
vt 0.241617 0.484650
vt 0.241423 0.483346
vt 0.251854 0.453775
vt 0.250916 0.454699
vt 0.220781 0.463646
vt 0.222071 0.463863
vt 0.177351 0.028626
vt 0.169556 0.028626
vt 0.169556 0.002058
vt 0.177351 0.002058
vt 0.148867 0.085278
vt 0.158874 0.085395
vt 0.157260 0.148784
vt 0.148496 0.148627
vt 0.218839 0.090173
vt 0.228780 0.091593
vt 0.219092 0.155164
vt 0.210306 0.153475
vt 0.088952 0.088396
vt 0.098885 0.087395
vt 0.104630 0.150479
vt 0.095886 0.151403
vt 0.225865 0.453677
vt 0.226813 0.454600
vt 0.256991 0.463874
vt 0.255680 0.464091
vt 0.113518 0.152226
vt 0.113658 0.154318
vt 0.218518 0.157648
vt 0.227144 0.159957
vt 0.226447 0.161954
vt 0.218033 0.159701
vt 0.157200 0.151249
vt 0.165976 0.151588
vt 0.165870 0.153708
vt 0.157139 0.153292
vt 0.122246 0.151727
vt 0.122329 0.153802
vt 0.235674 0.163566
vt 0.234511 0.165412
vt 0.174823 0.152090
vt 0.174668 0.154180
vt 0.131000 0.151385
vt 0.131054 0.153461
vt 0.061438 0.162559
vt 0.070113 0.158962
vt 0.070790 0.160983
vt 0.062598 0.164441
vt 0.183608 0.152786
vt 0.183423 0.154843
vt 0.078776 0.156701
vt 0.079229 0.158716
vt 0.192432 0.153644
vt 0.192203 0.155765
vt 0.222553 0.458292
vt 0.223709 0.458877
vt 0.224624 0.452493
vt 0.221061 0.457540
vt 0.213966 0.453981
vt 0.219175 0.446963
vt 0.255218 0.458414
vt 0.254044 0.459027
vt 0.258680 0.469895
vt 0.258688 0.463579
vt 0.266290 0.462590
vt 0.266044 0.471157
vt 0.219068 0.469585
vt 0.220977 0.475615
vt 0.214164 0.479085
vt 0.211482 0.470890
vt 0.059190 0.092328
vt 0.069101 0.090868
vt 0.078223 0.154201
vt 0.069299 0.156493
vt 0.238714 0.093179
vt 0.227961 0.157518
vt 0.079018 0.089518
vt 0.087074 0.152616
vt 0.242061 0.446876
vt 0.235817 0.446785
vt 0.234469 0.439088
vt 0.243352 0.438980
vt 0.256730 0.457612
vt 0.253067 0.452579
vt 0.258751 0.446967
vt 0.263816 0.454251
vt 0.229735 0.448697
vt 0.226243 0.441922
vt 0.168877 0.085761
vt 0.178879 0.086253
vt 0.174980 0.149592
vt 0.166085 0.149083
vt 0.198883 0.087807
vt 0.208874 0.088869
vt 0.201566 0.152198
vt 0.192711 0.151140
vt 0.241863 0.486333
vt 0.247810 0.484448
vt 0.251442 0.491243
vt 0.243160 0.493967
vt 0.128842 0.085485
vt 0.138861 0.085287
vt 0.139713 0.148660
vt 0.130913 0.148883
vt 0.108844 0.086574
vt 0.113350 0.149781
vt 0.256622 0.475850
vt 0.263351 0.479311
vt 0.235621 0.486292
vt 0.234574 0.494013
vt 0.219123 0.463356
vt 0.211393 0.462232
vt 0.248427 0.094843
vt 0.237062 0.161164
vt 0.278684 0.028626
vt 0.270890 0.028626
vt 0.270890 0.002058
vt 0.278684 0.002058
vt 0.224120 0.028626
vt 0.216326 0.028626
vt 0.216326 0.002058
vt 0.224120 0.002058
vt 0.185146 0.028626
vt 0.185146 0.002058
vt 0.286479 0.028626
vt 0.286479 0.002058
vt 0.231915 0.028626
vt 0.231915 0.002058
vt 0.192941 0.028626
vt 0.192941 0.002058
vt 0.294274 0.028626
vt 0.294274 0.002058
vt 0.239710 0.028626
vt 0.239710 0.002058
vt 0.200736 0.028626
vt 0.200736 0.002058
vt 0.146172 0.028626
vt 0.138377 0.028626
vt 0.138377 0.002058
vt 0.146172 0.002058
vt 0.247505 0.028626
vt 0.247505 0.002058
vt 0.208531 0.028626
vt 0.208531 0.002058
vt 0.153967 0.028626
vt 0.153967 0.002058
vt 0.255300 0.028626
vt 0.255300 0.002058
vt 0.161762 0.028626
vt 0.161762 0.002058
vt 0.263095 0.028626
vt 0.263095 0.002058
vt 0.118831 0.085936
vt 0.122113 0.149264
vt 0.252881 0.480833
vt 0.258375 0.486154
vt 0.188882 0.086935
vt 0.183830 0.150277
vt 0.248052 0.448791
vt 0.251676 0.441873
vt 0.049492 0.093874
vt 0.060052 0.160101
vt 0.221668 0.457844
vt 0.219800 0.463476
vt 0.104719 0.151443
vt 0.096006 0.152381
vt 0.256118 0.457940
vt 0.252577 0.453064
vt 0.218868 0.156145
vt 0.210141 0.154452
vt 0.235741 0.485611
vt 0.241765 0.485648
vt 0.157234 0.149755
vt 0.148489 0.149615
vt 0.219753 0.469491
vt 0.113418 0.150765
vt 0.247733 0.449414
vt 0.227639 0.158498
vt 0.247507 0.483824
vt 0.166039 0.150081
vt 0.221597 0.475295
vt 0.122163 0.150234
vt 0.241953 0.447559
vt 0.236546 0.162141
vt 0.252402 0.480330
vt 0.174915 0.150581
vt 0.225183 0.480150
vt 0.130946 0.149864
vt 0.235908 0.447481
vt 0.069622 0.157487
vt 0.060568 0.161106
vt 0.256008 0.475515
vt 0.183743 0.151256
vt 0.230010 0.483716
vt 0.139727 0.149641
vt 0.230054 0.449326
vt 0.078441 0.155188
vt 0.257985 0.469780
vt 0.192603 0.152137
vt 0.225128 0.452970
vt 0.087232 0.153598
vt 0.257996 0.463701
vt 0.201437 0.153177
vt 0.234341 0.495605
vt 0.225466 0.492948
vt 0.620042 0.531534
vt 0.608085 0.535425
vt 0.607536 0.531975
vt 0.618454 0.528424
vt 0.217870 0.487378
vt 0.630211 0.524140
vt 0.627739 0.521673
vt 0.212728 0.479799
vt 0.637596 0.513967
vt 0.634484 0.512384
vt 0.209798 0.471167
vt 0.641476 0.502012
vt 0.638028 0.501468
vt 0.209802 0.461996
vt 0.641476 0.489449
vt 0.638031 0.489994
vt 0.212479 0.453218
vt 0.637597 0.477500
vt 0.634486 0.479082
vt 0.218013 0.445764
vt 0.630213 0.467326
vt 0.627741 0.469793
vt 0.225488 0.440439
vt 0.620040 0.459927
vt 0.618451 0.463043
vt 0.234183 0.437424
vt 0.608077 0.456041
vt 0.607531 0.459490
vt 0.243637 0.437244
vt 0.595510 0.456041
vt 0.596055 0.459486
vt 0.252434 0.440428
vt 0.583559 0.459919
vt 0.585141 0.463031
vt 0.259957 0.445783
vt 0.573384 0.467302
vt 0.575851 0.469774
vt 0.265388 0.453499
vt 0.565986 0.477471
vt 0.569098 0.479061
vt 0.267880 0.462387
vt 0.562092 0.489435
vt 0.565547 0.489984
vt 0.267712 0.471448
vt 0.562090 0.502013
vt 0.565538 0.501468
vt 0.264804 0.480055
vt 0.565974 0.513975
vt 0.569090 0.512388
vt 0.259503 0.487266
vt 0.573366 0.524150
vt 0.575835 0.521682
vt 0.252230 0.492766
vt 0.583541 0.531545
vt 0.585129 0.528428
vt 0.243429 0.495605
vt 0.595509 0.535430
vt 0.596053 0.531978
vt 0.601791 0.495730
vt 0.811604 0.968421
vt 0.800598 0.968421
vt 0.800598 0.962622
vt 0.811604 0.962622
vt 0.789592 0.968421
vt 0.789592 0.962622
vt 0.778587 0.968421
vt 0.778587 0.962622
vt 0.998703 0.968421
vt 0.987697 0.968421
vt 0.987697 0.962622
vt 0.998703 0.962622
vt 0.976691 0.968421
vt 0.976691 0.962622
vt 0.965685 0.968421
vt 0.965685 0.962622
vt 0.954679 0.968421
vt 0.954679 0.962622
vt 0.943674 0.968421
vt 0.943674 0.962622
vt 0.932668 0.968421
vt 0.932668 0.962622
vt 0.921662 0.968421
vt 0.921662 0.962622
vt 0.910656 0.968421
vt 0.910656 0.962622
vt 0.899650 0.968421
vt 0.899650 0.962622
vt 0.888645 0.968421
vt 0.888645 0.962622
vt 0.877639 0.968421
vt 0.877639 0.962622
vt 0.866633 0.968421
vt 0.866633 0.962622
vt 0.855627 0.968421
vt 0.855627 0.962622
vt 0.844621 0.968421
vt 0.844621 0.962622
vt 0.833616 0.968421
vt 0.833615 0.962622
vt 0.071478 0.265067
vt 0.069424 0.264961
vt 0.069845 0.256470
vt 0.071872 0.256521
vt 0.822610 0.968421
vt 0.822610 0.962622
vt 0.880512 0.051736
vt 0.888267 0.052964
vt 0.883844 0.066576
vt 0.876848 0.063011
vt 0.875432 0.078155
vt 0.869880 0.072602
vt 0.863853 0.086567
vt 0.860289 0.079571
vt 0.850242 0.090990
vt 0.849014 0.083234
vt 0.835930 0.090990
vt 0.837158 0.083234
vt 0.822318 0.086567
vt 0.825883 0.079571
vt 0.810739 0.078155
vt 0.816291 0.072602
vt 0.802327 0.066576
vt 0.809323 0.063011
vt 0.797904 0.052964
vt 0.805659 0.051736
vt 0.797904 0.038652
vt 0.805659 0.039880
vt 0.802327 0.025041
vt 0.809323 0.028605
vt 0.810739 0.013462
vt 0.816291 0.019014
vt 0.822318 0.005049
vt 0.825883 0.012046
vt 0.835930 0.000627
vt 0.837158 0.008382
vt 0.850242 0.000627
vt 0.849014 0.008382
vt 0.863853 0.005049
vt 0.860289 0.012046
vt 0.875432 0.013462
vt 0.869880 0.019014
vt 0.883844 0.025040
vt 0.876848 0.028605
vt 0.888267 0.038652
vt 0.880512 0.039880
vt 0.282317 0.790887
vt 0.289735 0.794446
vt 0.284535 0.801964
vt 0.278638 0.796360
vt 0.070687 0.205788
vt 0.068710 0.205960
vt 0.067778 0.197696
vt 0.069772 0.197436
vt 0.066562 0.189510
vt 0.068487 0.189139
vt 0.246385 0.790825
vt 0.247608 0.790174
vt 0.250966 0.794643
vt 0.249997 0.795643
vt 0.064348 0.324009
vt 0.062433 0.323523
vt 0.064169 0.315366
vt 0.066154 0.315746
vt 0.265940 0.762697
vt 0.265750 0.764085
vt 0.260128 0.764207
vt 0.259871 0.762828
vt 0.272480 0.798720
vt 0.271826 0.797497
vt 0.276306 0.794130
vt 0.277320 0.795100
vt 0.255550 0.797857
vt 0.254939 0.799109
vt 0.254871 0.766101
vt 0.254211 0.764892
vt 0.280721 0.790120
vt 0.279477 0.789521
vt 0.281093 0.784180
vt 0.282483 0.784369
vt 0.260909 0.799495
vt 0.260718 0.800880
vt 0.250443 0.769465
vt 0.249437 0.768510
vt 0.280952 0.778571
vt 0.282322 0.778317
vt 0.266526 0.799366
vt 0.266778 0.800743
vt 0.247324 0.774051
vt 0.246089 0.773455
vt 0.279091 0.773303
vt 0.280312 0.772639
vt 0.971174 0.141305
vt 0.944606 0.141305
vt 0.944606 0.133510
vt 0.971174 0.133510
vt 0.128948 0.325862
vt 0.068487 0.316191
vt 0.069899 0.307799
vt 0.130431 0.316345
vt 0.135495 0.258538
vt 0.074274 0.256602
vt 0.074468 0.248018
vt 0.135718 0.248869
vt 0.132988 0.191044
vt 0.072129 0.197118
vt 0.070849 0.188680
vt 0.131961 0.181489
vt 0.271739 0.764456
vt 0.271132 0.765710
vt 0.244418 0.785154
vt 0.245781 0.784910
vt 0.064629 0.181457
vt 0.066566 0.180858
vt 0.072034 0.247985
vt 0.070014 0.247976
vt 0.070087 0.239508
vt 0.072105 0.239483
vt 0.067532 0.307436
vt 0.065582 0.307147
vt 0.066619 0.298781
vt 0.068647 0.299027
vt 0.061605 0.173687
vt 0.063395 0.172642
vt 0.069959 0.231053
vt 0.071972 0.230992
vt 0.067614 0.290370
vt 0.069593 0.290567
vt 0.058324 0.340390
vt 0.056564 0.339241
vt 0.060054 0.331544
vt 0.061964 0.332240
vt 0.069730 0.222603
vt 0.071731 0.222513
vt 0.068300 0.281925
vt 0.070345 0.282090
vt 0.069372 0.214249
vt 0.071326 0.214129
vt 0.068971 0.273454
vt 0.070959 0.273586
vt 0.275716 0.768886
vt 0.276665 0.767893
vt 0.272530 0.762829
vt 0.275979 0.755279
vt 0.283753 0.760514
vt 0.277889 0.766611
vt 0.245665 0.779354
vt 0.244291 0.779158
vt 0.244797 0.791667
vt 0.237526 0.795210
vt 0.234776 0.786638
vt 0.242664 0.785465
vt 0.284100 0.777984
vt 0.292096 0.776699
vt 0.292202 0.785720
vt 0.284280 0.784612
vt 0.135223 0.219865
vt 0.074118 0.222412
vt 0.073695 0.213973
vt 0.134652 0.210224
vt 0.074485 0.239474
vt 0.135758 0.239193
vt 0.133904 0.200619
vt 0.073053 0.205558
vt 0.253357 0.763329
vt 0.249383 0.756177
vt 0.258019 0.753170
vt 0.259536 0.761044
vt 0.242515 0.778901
vt 0.234752 0.777748
vt 0.237241 0.769164
vt 0.244491 0.772680
vt 0.266188 0.760901
vt 0.267091 0.752800
vt 0.131746 0.306786
vt 0.071044 0.299329
vt 0.071988 0.290816
vt 0.132885 0.297189
vt 0.134620 0.277893
vt 0.073382 0.273747
vt 0.073894 0.265183
vt 0.135150 0.268213
vt 0.267108 0.802522
vt 0.268408 0.810814
vt 0.259024 0.810818
vt 0.260473 0.802664
vt 0.125570 0.344837
vt 0.064304 0.333080
vt 0.066722 0.324601
vt 0.127355 0.335353
vt 0.068918 0.180152
vt 0.130748 0.171930
vt 0.248752 0.796931
vt 0.242909 0.802628
vt 0.273329 0.800299
vt 0.277354 0.807731
vt 0.289237 0.767991
vt 0.281882 0.771782
vt 0.074399 0.230940
vt 0.135551 0.229518
vt 0.971174 0.086741
vt 0.944606 0.086741
vt 0.944606 0.078946
vt 0.971174 0.078946
vt 0.971174 0.032177
vt 0.944606 0.032177
vt 0.944606 0.024382
vt 0.971174 0.024382
vt 0.971174 0.149100
vt 0.944606 0.149100
vt 0.971174 0.094536
vt 0.944606 0.094536
vt 0.971174 0.039972
vt 0.944606 0.039972
vt 0.971174 0.156895
vt 0.944606 0.156895
vt 0.971174 0.102331
vt 0.944606 0.102331
vt 0.971174 0.047767
vt 0.944606 0.047767
vt 0.971173 0.008792
vt 0.944606 0.008792
vt 0.944606 0.000997
vt 0.971173 0.000997
vt 0.971174 0.110125
vt 0.944606 0.110125
vt 0.971174 0.055561
vt 0.944606 0.055562
vt 0.971174 0.016587
vt 0.944606 0.016587
vt 0.971174 0.117920
vt 0.944606 0.117920
vt 0.971174 0.063356
vt 0.944606 0.063356
vt 0.971174 0.125715
vt 0.944606 0.125715
vt 0.971174 0.071151
vt 0.944606 0.071151
vt 0.123765 0.354089
vt 0.060590 0.341767
vt 0.254146 0.800736
vt 0.250326 0.807990
vt 0.133844 0.287557
vt 0.072749 0.282294
vt 0.248142 0.767279
vt 0.242324 0.761845
vt 0.065730 0.171398
vt 0.129450 0.162376
vt 0.281240 0.772133
vt 0.277392 0.767131
vt 0.071198 0.197241
vt 0.069908 0.188860
vt 0.245136 0.772994
vt 0.243237 0.779007
vt 0.073307 0.256569
vt 0.073514 0.248005
vt 0.266973 0.801799
vt 0.272983 0.799658
vt 0.067551 0.316014
vt 0.068960 0.307657
vt 0.283380 0.778120
vt 0.067971 0.180431
vt 0.248670 0.767782
vt 0.073533 0.239478
vt 0.260572 0.801935
vt 0.070089 0.299212
vt 0.283550 0.784514
vt 0.064776 0.171859
vt 0.253705 0.763965
vt 0.073447 0.230960
vt 0.254466 0.800076
vt 0.071039 0.290721
vt 0.281666 0.790575
vt 0.059660 0.341249
vt 0.063367 0.332751
vt 0.259673 0.761769
vt 0.073172 0.222450
vt 0.249260 0.796404
vt 0.071798 0.282216
vt 0.278103 0.795849
vt 0.065784 0.324369
vt 0.266087 0.761632
vt 0.072756 0.214032
vt 0.245439 0.791327
vt 0.072438 0.273684
vt 0.272211 0.763488
vt 0.072114 0.205645
vt 0.243381 0.785339
vt 0.072938 0.265134
vt 0.285781 0.803128
vt 0.278230 0.809297
vt 0.826437 0.078583
vt 0.827887 0.075745
vt 0.837851 0.078988
vt 0.837349 0.082136
vt 0.291365 0.795216
vt 0.817157 0.071834
vt 0.819413 0.069582
vt 0.293868 0.785942
vt 0.810417 0.062547
vt 0.813258 0.061103
vt 0.293868 0.776400
vt 0.806877 0.051635
vt 0.810024 0.051139
vt 0.290759 0.767204
vt 0.806879 0.040169
vt 0.810023 0.040667
vt 0.285000 0.759230
vt 0.810420 0.029263
vt 0.813260 0.030708
vt 0.276735 0.753663
vt 0.817161 0.019978
vt 0.819416 0.022231
vt 0.267302 0.751060
vt 0.826446 0.013227
vt 0.827895 0.016070
vt 0.257697 0.751450
vt 0.837359 0.009680
vt 0.837858 0.012825
vt 0.248505 0.754599
vt 0.848830 0.009677
vt 0.848334 0.012825
vt 0.241101 0.760710
vt 0.859745 0.013217
vt 0.858300 0.016059
vt 0.235704 0.768423
vt 0.869034 0.019959
vt 0.866781 0.022216
vt 0.233064 0.777504
vt 0.875786 0.029243
vt 0.872946 0.030693
vt 0.233083 0.786902
vt 0.879340 0.040165
vt 0.876186 0.040665
vt 0.235967 0.795992
vt 0.879340 0.051648
vt 0.876192 0.051149
vt 0.241629 0.803915
vt 0.875792 0.062568
vt 0.872947 0.061118
vt 0.249558 0.809506
vt 0.869037 0.071858
vt 0.866783 0.069601
vt 0.258735 0.812573
vt 0.859745 0.078602
vt 0.858301 0.075759
vt 0.268721 0.812663
vt 0.848827 0.082142
vt 0.848331 0.078993
vt 0.843099 0.045907
vt 0.888731 0.985294
vt 0.899737 0.985295
vt 0.899737 0.991094
vt 0.888731 0.991094
vt 0.910743 0.985294
vt 0.910743 0.991094
vt 0.921749 0.985295
vt 0.921749 0.991094
vt 0.932755 0.985295
vt 0.932755 0.991094
vt 0.943760 0.985295
vt 0.943760 0.991094
vt 0.954766 0.985294
vt 0.954766 0.991094
vt 0.965772 0.985295
vt 0.965772 0.991094
vt 0.976778 0.985294
vt 0.976778 0.991094
vt 0.987783 0.985294
vt 0.987783 0.991094
vt 0.998789 0.985294
vt 0.998789 0.991094
vt 0.778673 0.985294
vt 0.789679 0.985294
vt 0.789679 0.991094
vt 0.778673 0.991094
vt 0.800685 0.985294
vt 0.800685 0.991094
vt 0.811691 0.985294
vt 0.811691 0.991094
vt 0.822697 0.985294
vt 0.822697 0.991094
vt 0.833702 0.985295
vt 0.833702 0.991094
vt 0.844708 0.985294
vt 0.844708 0.991094
vt 0.855714 0.985294
vt 0.855714 0.991094
vt 0.866720 0.985294
vt 0.866720 0.991094
vt 0.753335 0.294675
vt 0.751862 0.295493
vt 0.748403 0.289362
vt 0.749826 0.288512
vt 0.877725 0.985294
vt 0.877725 0.991094
vt 0.646574 0.079658
vt 0.650149 0.086673
vt 0.636501 0.091108
vt 0.635269 0.083332
vt 0.622150 0.091108
vt 0.623382 0.083332
vt 0.608502 0.086673
vt 0.612077 0.079658
vt 0.596892 0.078238
vt 0.602460 0.072671
vt 0.588458 0.066629
vt 0.595472 0.063054
vt 0.584023 0.052981
vt 0.591799 0.051749
vt 0.584023 0.038630
vt 0.591799 0.039862
vt 0.588458 0.024982
vt 0.595472 0.028556
vt 0.596892 0.013372
vt 0.602460 0.018939
vt 0.608502 0.004937
vt 0.612077 0.011952
vt 0.622150 0.000503
vt 0.623382 0.008279
vt 0.636501 0.000503
vt 0.635269 0.008279
vt 0.650149 0.004937
vt 0.646574 0.011952
vt 0.661759 0.013372
vt 0.656192 0.018939
vt 0.670193 0.024982
vt 0.663179 0.028556
vt 0.674628 0.038630
vt 0.666852 0.039862
vt 0.674628 0.052981
vt 0.666852 0.051749
vt 0.670193 0.066629
vt 0.663179 0.063054
vt 0.661759 0.078238
vt 0.656192 0.072671
vt 0.211105 0.801329
vt 0.214944 0.808646
vt 0.206116 0.811473
vt 0.204849 0.803457
vt 0.785898 0.380127
vt 0.784248 0.380464
vt 0.782618 0.373613
vt 0.784267 0.373205
vt 0.780893 0.366838
vt 0.782473 0.366402
vt 0.182368 0.779737
vt 0.183753 0.779942
vt 0.183840 0.785518
vt 0.182472 0.785764
vt 0.773875 0.339793
vt 0.772340 0.340369
vt 0.769757 0.333849
vt 0.771339 0.333218
vt 0.214949 0.769021
vt 0.213978 0.770002
vt 0.209433 0.766697
vt 0.210074 0.765461
vt 0.198546 0.801629
vt 0.198760 0.800268
vt 0.204343 0.800279
vt 0.204565 0.801663
vt 0.185627 0.790802
vt 0.184399 0.791431
vt 0.204099 0.764968
vt 0.204325 0.763594
vt 0.210293 0.799733
vt 0.209661 0.798500
vt 0.214178 0.795196
vt 0.215176 0.796184
vt 0.188876 0.795338
vt 0.187889 0.796330
vt 0.198513 0.764990
vt 0.198300 0.763613
vt 0.217434 0.790638
vt 0.218681 0.791248
vt 0.193441 0.798586
vt 0.192829 0.799834
vt 0.193192 0.766742
vt 0.192561 0.765495
vt 0.219104 0.785349
vt 0.220465 0.785539
vt 0.998897 0.040136
vt 0.972329 0.040136
vt 0.972329 0.032342
vt 0.998897 0.032342
vt 0.820572 0.313775
vt 0.773206 0.332487
vt 0.770524 0.325867
vt 0.817592 0.306297
vt 0.796641 0.262632
vt 0.751573 0.287473
vt 0.747748 0.281302
vt 0.792655 0.255586
vt 0.835667 0.359649
vt 0.786210 0.372712
vt 0.784379 0.365867
vt 0.833536 0.351873
vt 0.218546 0.773882
vt 0.217303 0.774525
vt 0.184225 0.774014
vt 0.185469 0.774630
vt 0.778909 0.360161
vt 0.780523 0.359674
vt 0.746051 0.282450
vt 0.744635 0.283409
vt 0.740496 0.277712
vt 0.741800 0.276609
vt 0.768664 0.326634
vt 0.767117 0.327291
vt 0.764367 0.320818
vt 0.765893 0.320132
vt 0.776870 0.353502
vt 0.778445 0.352981
vt 0.735560 0.272625
vt 0.736617 0.271215
vt 0.761484 0.314435
vt 0.762975 0.313728
vt 0.774668 0.346921
vt 0.776228 0.346366
vt 0.787894 0.401914
vt 0.786139 0.401597
vt 0.786327 0.394431
vt 0.788047 0.394345
vt 0.758347 0.308120
vt 0.759879 0.307355
vt 0.785553 0.387388
vt 0.787205 0.387141
vt 0.755149 0.301773
vt 0.756646 0.300986
vt 0.219052 0.779821
vt 0.220400 0.779599
vt 0.220155 0.773056
vt 0.227470 0.769409
vt 0.230343 0.778045
vt 0.222140 0.779318
vt 0.188675 0.770053
vt 0.187671 0.769072
vt 0.180582 0.779472
vt 0.172685 0.778335
vt 0.175292 0.769554
vt 0.182614 0.773219
vt 0.220294 0.792025
vt 0.227466 0.795712
vt 0.222181 0.803064
vt 0.216468 0.797472
vt 0.841303 0.383203
vt 0.790155 0.394234
vt 0.789250 0.386826
vt 0.839557 0.375301
vt 0.743415 0.275277
vt 0.788593 0.248583
vt 0.837657 0.367460
vt 0.787876 0.379699
vt 0.204625 0.761829
vt 0.205657 0.753664
vt 0.214500 0.756345
vt 0.210913 0.763873
vt 0.186365 0.767801
vt 0.180664 0.762215
vt 0.187914 0.756772
vt 0.191747 0.763867
vt 0.216201 0.767756
vt 0.222183 0.761779
vt 0.814424 0.298898
vt 0.767719 0.319336
vt 0.764793 0.312880
vt 0.811161 0.291533
vt 0.804204 0.276954
vt 0.758459 0.300051
vt 0.755092 0.293715
vt 0.800511 0.269748
vt 0.192048 0.801448
vt 0.188316 0.808722
vt 0.180910 0.803262
vt 0.186604 0.797613
vt 0.826198 0.328843
vt 0.778098 0.345729
vt 0.775738 0.339107
vt 0.823455 0.321280
vt 0.782420 0.359095
vt 0.831217 0.344153
vt 0.180708 0.786095
vt 0.172716 0.787373
vt 0.198272 0.803377
vt 0.196923 0.811602
vt 0.230270 0.787089
vt 0.222220 0.785773
vt 0.738011 0.269481
vt 0.784535 0.241770
vt 0.998897 0.141470
vt 0.972329 0.141470
vt 0.972329 0.133675
vt 0.998897 0.133675
vt 0.998897 0.086906
vt 0.972329 0.086906
vt 0.972329 0.079111
vt 0.998897 0.079111
vt 0.998897 0.047931
vt 0.972329 0.047931
vt 0.998897 0.149264
vt 0.972329 0.149264
vt 0.998897 0.094701
vt 0.972329 0.094701
vt 0.998897 0.055726
vt 0.972329 0.055726
vt 0.998897 0.157059
vt 0.972329 0.157059
vt 0.998897 0.102495
vt 0.972329 0.102495
vt 0.998897 0.063521
vt 0.972329 0.063521
vt 0.998897 0.008957
vt 0.972329 0.008957
vt 0.972329 0.001162
vt 0.998897 0.001162
vt 0.998897 0.110290
vt 0.972329 0.110290
vt 0.998897 0.071316
vt 0.972329 0.071316
vt 0.998897 0.016752
vt 0.972329 0.016752
vt 0.998897 0.118085
vt 0.972329 0.118085
vt 0.998897 0.024547
vt 0.972329 0.024547
vt 0.998897 0.125880
vt 0.972329 0.125880
vt 0.828802 0.336466
vt 0.780307 0.352381
vt 0.182808 0.792247
vt 0.175440 0.795953
vt 0.807754 0.284217
vt 0.761680 0.306469
vt 0.198032 0.761831
vt 0.196601 0.753811
vt 0.842958 0.390940
vt 0.790128 0.402240
vt 0.221502 0.785680
vt 0.221432 0.779429
vt 0.785439 0.372906
vt 0.783627 0.366075
vt 0.192074 0.764529
vt 0.186897 0.768317
vt 0.750889 0.287879
vt 0.747071 0.281757
vt 0.192363 0.800791
vt 0.198383 0.802663
vt 0.772468 0.332779
vt 0.769785 0.326176
vt 0.219638 0.791712
vt 0.781668 0.359322
vt 0.198138 0.762556
vt 0.742765 0.275808
vt 0.187127 0.797091
vt 0.767001 0.319652
vt 0.215946 0.796949
vt 0.779562 0.352622
vt 0.204499 0.762549
vt 0.737425 0.270155
vt 0.183451 0.791916
vt 0.764070 0.313220
vt 0.210777 0.800678
vt 0.777358 0.345984
vt 0.210569 0.764517
vt 0.789221 0.402145
vt 0.789311 0.394283
vt 0.181425 0.785957
vt 0.760972 0.306819
vt 0.204734 0.802726
vt 0.775001 0.339381
vt 0.215693 0.768270
vt 0.788443 0.386951
vt 0.181311 0.779581
vt 0.757748 0.300419
vt 0.219504 0.773389
vt 0.787090 0.379866
vt 0.183272 0.773542
vt 0.754385 0.294102
vt 0.206406 0.813278
vt 0.196656 0.813278
vt 0.079813 0.704290
vt 0.080338 0.700998
vt 0.091298 0.701005
vt 0.091816 0.704299
vt 0.215763 0.810213
vt 0.068401 0.700573
vt 0.069918 0.697604
vt 0.223429 0.804282
vt 0.058698 0.693512
vt 0.061058 0.691158
vt 0.229010 0.796504
vt 0.051652 0.683801
vt 0.054622 0.682291
vt 0.231982 0.787375
vt 0.047951 0.672394
vt 0.051239 0.671875
vt 0.232006 0.777785
vt 0.047951 0.660403
vt 0.051243 0.660922
vt 0.229046 0.768619
vt 0.051656 0.648991
vt 0.054627 0.650502
vt 0.223458 0.760510
vt 0.058708 0.639279
vt 0.061067 0.641636
vt 0.215309 0.754681
vt 0.068421 0.632220
vt 0.069937 0.635193
vt 0.205883 0.751979
vt 0.079837 0.628512
vt 0.080358 0.631802
vt 0.196299 0.752089
vt 0.091834 0.628511
vt 0.091314 0.631804
vt 0.187068 0.755178
vt 0.103249 0.632217
vt 0.101737 0.635189
vt 0.179463 0.761028
vt 0.112964 0.639271
vt 0.110606 0.641631
vt 0.173670 0.768746
vt 0.120025 0.648987
vt 0.117050 0.650503
vt 0.170957 0.778083
vt 0.123733 0.660407
vt 0.120442 0.660928
vt 0.171008 0.787636
vt 0.123732 0.672413
vt 0.120435 0.671890
vt 0.173940 0.796716
vt 0.120018 0.683831
vt 0.117049 0.682317
vt 0.179630 0.804545
vt 0.112958 0.693543
vt 0.110599 0.691181
vt 0.187506 0.810277
vt 0.103237 0.700598
vt 0.101726 0.697624
vt 0.085833 0.666403
vt 0.877639 0.970103
vt 0.877639 0.975902
vt 0.866633 0.975902
vt 0.866633 0.970103
vt 0.855627 0.975902
vt 0.855627 0.970103
vt 0.844621 0.975902
vt 0.844621 0.970103
vt 0.833615 0.975902
vt 0.833615 0.970103
vt 0.822610 0.975902
vt 0.822610 0.970103
vt 0.811604 0.975902
vt 0.811604 0.970103
vt 0.800598 0.975902
vt 0.800598 0.970103
vt 0.789592 0.975902
vt 0.789592 0.970103
vt 0.778587 0.975902
vt 0.778587 0.970103
vt 0.998703 0.970103
vt 0.998703 0.975902
vt 0.987697 0.975902
vt 0.987697 0.970103
vt 0.976691 0.975902
vt 0.976691 0.970103
vt 0.965685 0.975902
vt 0.965685 0.970103
vt 0.954679 0.975902
vt 0.954679 0.970103
vt 0.943674 0.975902
vt 0.943674 0.970103
vt 0.932668 0.975902
vt 0.932668 0.970103
vt 0.921662 0.975902
vt 0.921662 0.970103
vt 0.910656 0.975902
vt 0.910656 0.970103
vt 0.899650 0.975902
vt 0.899650 0.970103
vt 0.869872 0.870313
vt 0.864241 0.876479
vt 0.862827 0.875105
vt 0.868397 0.868988
vt 0.888645 0.975902
vt 0.888645 0.970103
vt 0.647398 0.985974
vt 0.657518 0.978622
vt 0.663376 0.984479
vt 0.651160 0.993355
vt 0.664870 0.968502
vt 0.672251 0.972263
vt 0.668735 0.956606
vt 0.676917 0.957902
vt 0.668735 0.944098
vt 0.676917 0.942802
vt 0.664870 0.932202
vt 0.672251 0.928441
vt 0.657518 0.922083
vt 0.663376 0.916225
vt 0.647399 0.914731
vt 0.651160 0.907350
vt 0.635503 0.910866
vt 0.636799 0.902684
vt 0.622995 0.910866
vt 0.621699 0.902684
vt 0.611099 0.914731
vt 0.607338 0.907350
vt 0.600979 0.922083
vt 0.595122 0.916225
vt 0.593627 0.932202
vt 0.586246 0.928441
vt 0.589762 0.944098
vt 0.581580 0.942802
vt 0.589762 0.956606
vt 0.581580 0.957902
vt 0.593627 0.968502
vt 0.586246 0.972263
vt 0.600979 0.978622
vt 0.595121 0.984479
vt 0.611098 0.985974
vt 0.607338 0.993355
vt 0.622994 0.989839
vt 0.621698 0.998021
vt 0.635503 0.989839
vt 0.636799 0.998021
vt 0.179345 0.547360
vt 0.185287 0.545481
vt 0.188819 0.552774
vt 0.180199 0.555131
vt 0.930388 0.780434
vt 0.926605 0.787956
vt 0.924811 0.787036
vt 0.928584 0.779592
vt 0.922689 0.795364
vt 0.920981 0.794435
vt 0.189859 0.514939
vt 0.193032 0.519660
vt 0.191848 0.520227
vt 0.188894 0.515849
vt 0.905459 0.823825
vt 0.900840 0.830717
vt 0.899193 0.829584
vt 0.903834 0.822759
vt 0.158599 0.524290
vt 0.160461 0.518855
vt 0.161637 0.519471
vt 0.159893 0.524525
vt 0.189254 0.540710
vt 0.184534 0.543962
vt 0.183955 0.542782
vt 0.188348 0.539746
vt 0.194707 0.525066
vt 0.193401 0.525248
vt 0.163934 0.514265
vt 0.164857 0.515216
vt 0.179064 0.545669
vt 0.173288 0.545589
vt 0.173520 0.544270
vt 0.178859 0.544357
vt 0.194584 0.530754
vt 0.193290 0.530512
vt 0.168660 0.510990
vt 0.169225 0.512194
vt 0.167849 0.543676
vt 0.168484 0.542517
vt 0.192718 0.536141
vt 0.191559 0.535509
vt 0.174169 0.509449
vt 0.174330 0.510751
vt 0.163329 0.540216
vt 0.164286 0.539322
vt 0.413478 0.002002
vt 0.421273 0.002002
vt 0.421273 0.028570
vt 0.413478 0.028570
vt 0.952355 0.866351
vt 0.946855 0.874116
vt 0.897986 0.838891
vt 0.902758 0.832034
vt 0.910995 0.918538
vt 0.904578 0.925559
vt 0.859945 0.884110
vt 0.865955 0.878129
vt 0.982109 0.817528
vt 0.977556 0.825905
vt 0.924753 0.796504
vt 0.928744 0.789057
vt 0.158441 0.530055
vt 0.159766 0.529877
vt 0.185298 0.511463
vt 0.184679 0.512634
vt 0.918632 0.802587
vt 0.916907 0.801584
vt 0.858332 0.882363
vt 0.851965 0.887839
vt 0.850782 0.886237
vt 0.857005 0.880908
vt 0.896063 0.837530
vt 0.891152 0.844260
vt 0.889578 0.843060
vt 0.894467 0.836369
vt 0.914368 0.809720
vt 0.912689 0.808676
vt 0.844621 0.892580
vt 0.843799 0.890692
vt 0.886061 0.850884
vt 0.884524 0.849668
vt 0.909942 0.816810
vt 0.908276 0.815740
vt 0.938604 0.755967
vt 0.936727 0.764701
vt 0.934775 0.764136
vt 0.936503 0.755855
vt 0.880769 0.857426
vt 0.879212 0.856167
vt 0.933800 0.772743
vt 0.931972 0.772009
vt 0.875364 0.863950
vt 0.873814 0.862640
vt 0.160125 0.535546
vt 0.161301 0.534980
vt 0.156728 0.530291
vt 0.158610 0.536281
vt 0.151514 0.539820
vt 0.149000 0.531404
vt 0.179886 0.509573
vt 0.179658 0.510877
vt 0.191113 0.513761
vt 0.186091 0.509941
vt 0.189898 0.503268
vt 0.196605 0.508623
vt 0.167016 0.545167
vt 0.172983 0.547301
vt 0.171613 0.554739
vt 0.163500 0.551957
vt 0.994969 0.791926
vt 0.990825 0.800543
vt 0.936060 0.773662
vt 0.939117 0.765402
vt 0.898037 0.932483
vt 0.853439 0.889783
vt 0.986563 0.809090
vt 0.932525 0.781446
vt 0.162733 0.513042
vt 0.158937 0.518070
vt 0.152086 0.514155
vt 0.157534 0.507312
vt 0.180166 0.507885
vt 0.173961 0.507758
vt 0.172935 0.499900
vt 0.181763 0.500229
vt 0.156931 0.523984
vt 0.149009 0.522552
vt 0.941217 0.881768
vt 0.935478 0.889355
vt 0.887940 0.852351
vt 0.893051 0.845669
vt 0.923504 0.904180
vt 0.917337 0.911433
vt 0.871635 0.871888
vt 0.877182 0.865503
vt 0.194209 0.536965
vt 0.196256 0.531075
vt 0.203740 0.532189
vt 0.201159 0.540371
vt 0.962933 0.850485
vt 0.957715 0.858474
vt 0.907418 0.825125
vt 0.911959 0.818083
vt 0.972802 0.834166
vt 0.920636 0.803751
vt 0.194549 0.518934
vt 0.201510 0.515707
vt 0.190414 0.541957
vt 0.196085 0.547506
vt 0.162089 0.541362
vt 0.156555 0.546834
vt 0.891554 0.939193
vt 0.845740 0.894928
vt 0.312145 0.002002
vt 0.319940 0.002002
vt 0.319940 0.028570
vt 0.312145 0.028570
vt 0.366709 0.002002
vt 0.374504 0.002002
vt 0.374504 0.028570
vt 0.366709 0.028570
vt 0.405683 0.002002
vt 0.405683 0.028570
vt 0.304350 0.002002
vt 0.304350 0.028570
vt 0.358914 0.002002
vt 0.358914 0.028570
vt 0.397889 0.002002
vt 0.397889 0.028570
vt 0.296555 0.002002
vt 0.296555 0.028570
vt 0.351119 0.002002
vt 0.351119 0.028570
vt 0.390094 0.002002
vt 0.390094 0.028570
vt 0.444658 0.002002
vt 0.452453 0.002002
vt 0.452453 0.028570
vt 0.444658 0.028570
vt 0.343325 0.002002
vt 0.343325 0.028570
vt 0.382299 0.002002
vt 0.382299 0.028570
vt 0.436863 0.002002
vt 0.436863 0.028570
vt 0.335530 0.002002
vt 0.335530 0.028570
vt 0.429068 0.002002
vt 0.429068 0.028570
vt 0.327735 0.002002
vt 0.327735 0.028570
vt 0.967947 0.842364
vt 0.916388 0.810937
vt 0.196407 0.524828
vt 0.203787 0.523804
vt 0.929587 0.896843
vt 0.882635 0.858957
vt 0.167936 0.509436
vt 0.164640 0.502547
vt 0.998964 0.783475
vt 0.941258 0.756198
vt 0.159225 0.535979
vt 0.162598 0.540895
vt 0.923934 0.796054
vt 0.927904 0.788625
vt 0.180056 0.508572
vt 0.174045 0.508442
vt 0.859304 0.883420
vt 0.865269 0.877472
vt 0.189942 0.541446
vt 0.193604 0.536627
vt 0.897226 0.838350
vt 0.901990 0.831507
vt 0.167359 0.544563
vt 0.919838 0.803288
vt 0.168232 0.510071
vt 0.852844 0.889007
vt 0.195577 0.530941
vt 0.892301 0.845108
vt 0.173108 0.546608
vt 0.915589 0.810453
vt 0.163224 0.513537
vt 0.845254 0.894004
vt 0.195717 0.524924
vt 0.887193 0.851765
vt 0.179225 0.546674
vt 0.911168 0.817584
vt 0.159558 0.518387
vt 0.938161 0.765117
vt 0.940192 0.756062
vt 0.193928 0.519230
vt 0.881903 0.858357
vt 0.184978 0.544865
vt 0.906641 0.824612
vt 0.157607 0.524110
vt 0.935169 0.773298
vt 0.190602 0.514239
vt 0.876461 0.864890
vt 0.157420 0.530194
vt 0.931668 0.781041
vt 0.185771 0.510562
vt 0.870939 0.871269
vt 0.197296 0.548709
vt 0.189591 0.554387
vt 0.452821 0.847293
vt 0.442228 0.850742
vt 0.441740 0.847686
vt 0.451413 0.844537
vt 0.180381 0.556804
vt 0.461830 0.840741
vt 0.459640 0.838555
vt 0.171317 0.556304
vt 0.468372 0.831726
vt 0.465614 0.830324
vt 0.162711 0.553461
vt 0.471809 0.821133
vt 0.468754 0.820651
vt 0.155412 0.547960
vt 0.471807 0.810002
vt 0.468755 0.810486
vt 0.150012 0.540554
vt 0.468369 0.799415
vt 0.465612 0.800818
vt 0.147324 0.531641
vt 0.461826 0.790402
vt 0.459636 0.792588
vt 0.147324 0.522246
vt 0.452812 0.783848
vt 0.451405 0.786608
vt 0.150559 0.513291
vt 0.442218 0.780405
vt 0.441734 0.783458
vt 0.156453 0.506126
vt 0.431083 0.780401
vt 0.431564 0.783457
vt 0.163925 0.501057
vt 0.420487 0.783838
vt 0.421889 0.786597
vt 0.172710 0.498228
vt 0.411469 0.790383
vt 0.413656 0.792573
vt 0.182108 0.498525
vt 0.404914 0.799395
vt 0.407672 0.800803
vt 0.190692 0.501875
vt 0.401465 0.809998
vt 0.404526 0.810484
vt 0.197845 0.507463
vt 0.401465 0.821145
vt 0.404521 0.820661
vt 0.202986 0.515013
vt 0.404909 0.831746
vt 0.407671 0.830338
vt 0.205330 0.523596
vt 0.411466 0.840764
vt 0.413654 0.838573
vt 0.205342 0.532443
vt 0.420486 0.847311
vt 0.421889 0.844551
vt 0.202646 0.541116
vt 0.431086 0.850748
vt 0.431567 0.847691
vt 0.436646 0.815572
vt 0.899650 0.960940
vt 0.899650 0.955140
vt 0.910656 0.955140
vt 0.910656 0.960940
vt 0.921662 0.955140
vt 0.921662 0.960940
vt 0.932668 0.955140
vt 0.932668 0.960940
vt 0.943673 0.955141
vt 0.943673 0.960940
vt 0.954679 0.955141
vt 0.954679 0.960940
vt 0.965685 0.955141
vt 0.965685 0.960940
vt 0.976691 0.955141
vt 0.976691 0.960940
vt 0.987697 0.955141
vt 0.987697 0.960940
vt 0.998703 0.955141
vt 0.998703 0.960940
vt 0.778587 0.960939
vt 0.778587 0.955140
vt 0.789592 0.955140
vt 0.789592 0.960939
vt 0.800598 0.955140
vt 0.800598 0.960939
vt 0.811604 0.955140
vt 0.811604 0.960939
vt 0.822610 0.955140
vt 0.822610 0.960939
vt 0.833615 0.955140
vt 0.833615 0.960939
vt 0.844621 0.955140
vt 0.844621 0.960939
vt 0.855627 0.955140
vt 0.855627 0.960939
vt 0.866633 0.955140
vt 0.866633 0.960939
vt 0.877639 0.955140
vt 0.877639 0.960939
vt 0.194925 0.250488
vt 0.186057 0.248861
vt 0.186452 0.246759
vt 0.195269 0.248388
vt 0.888645 0.955140
vt 0.888645 0.960939
vt 0.430710 0.140510
vt 0.418998 0.140510
vt 0.417784 0.132848
vt 0.431924 0.132848
vt 0.407859 0.144129
vt 0.404337 0.137217
vt 0.398383 0.151013
vt 0.392898 0.145528
vt 0.391499 0.160489
vt 0.384587 0.156967
vt 0.387880 0.171628
vt 0.380218 0.170414
vt 0.387880 0.183340
vt 0.380218 0.184554
vt 0.391499 0.194479
vt 0.384587 0.198001
vt 0.398383 0.203955
vt 0.392898 0.209440
vt 0.407859 0.210839
vt 0.404337 0.217751
vt 0.418998 0.214458
vt 0.417784 0.222120
vt 0.430710 0.214458
vt 0.431924 0.222120
vt 0.441849 0.210839
vt 0.445371 0.217751
vt 0.451325 0.203955
vt 0.456810 0.209440
vt 0.458209 0.194479
vt 0.465121 0.198001
vt 0.461829 0.183340
vt 0.469490 0.184554
vt 0.461829 0.171628
vt 0.469490 0.170414
vt 0.458209 0.160489
vt 0.465121 0.156967
vt 0.451325 0.151013
vt 0.456810 0.145528
vt 0.441849 0.144129
vt 0.445371 0.137217
vt 0.192604 0.451192
vt 0.187227 0.447288
vt 0.190863 0.439703
vt 0.198502 0.445024
vt 0.309766 0.254563
vt 0.300929 0.255627
vt 0.300713 0.253519
vt 0.309423 0.252480
vt 0.292159 0.256328
vt 0.292026 0.254285
vt 0.158053 0.463250
vt 0.160008 0.457415
vt 0.161269 0.458078
vt 0.159467 0.463476
vt 0.256934 0.256680
vt 0.248064 0.256310
vt 0.248182 0.254172
vt 0.257009 0.254612
vt 0.186363 0.483929
vt 0.180483 0.485765
vt 0.180292 0.484365
vt 0.185739 0.482648
vt 0.180576 0.447003
vt 0.186388 0.448900
vt 0.185744 0.450151
vt 0.180348 0.448396
vt 0.163635 0.452493
vt 0.164626 0.453505
vt 0.174386 0.485682
vt 0.174614 0.484304
vt 0.191329 0.452493
vt 0.195017 0.457455
vt 0.193734 0.458117
vt 0.190342 0.453493
vt 0.168601 0.448896
vt 0.169237 0.450164
vt 0.168578 0.483815
vt 0.169206 0.482551
vt 0.196921 0.463392
vt 0.195513 0.463606
vt 0.174448 0.446998
vt 0.174662 0.448398
vt 0.163593 0.480203
vt 0.164585 0.479191
vt 0.196899 0.469508
vt 0.195519 0.469295
vt 0.323801 0.057532
vt 0.316006 0.057532
vt 0.316006 0.030965
vt 0.323801 0.030965
vt 0.245044 0.322981
vt 0.234899 0.322478
vt 0.239008 0.258265
vt 0.247931 0.258797
vt 0.174104 0.315264
vt 0.164055 0.313360
vt 0.176608 0.249512
vt 0.185561 0.251408
vt 0.305601 0.322065
vt 0.295539 0.322688
vt 0.292308 0.258809
vt 0.301169 0.258119
vt 0.191418 0.480323
vt 0.190402 0.479303
vt 0.158077 0.469405
vt 0.159481 0.469169
vt 0.283406 0.256759
vt 0.283338 0.254649
vt 0.177179 0.247035
vt 0.168394 0.244782
vt 0.169001 0.242733
vt 0.177668 0.244919
vt 0.239175 0.255748
vt 0.230275 0.255040
vt 0.230479 0.252934
vt 0.239342 0.253640
vt 0.274602 0.256929
vt 0.274602 0.254840
vt 0.159725 0.241953
vt 0.160541 0.239971
vt 0.221415 0.254164
vt 0.221644 0.252096
vt 0.265776 0.256910
vt 0.265822 0.254814
vt 0.151359 0.237845
vt 0.152628 0.236054
vt 0.212592 0.253084
vt 0.212843 0.250986
vt 0.327579 0.249779
vt 0.318637 0.252825
vt 0.318081 0.250771
vt 0.326532 0.247814
vt 0.203743 0.251913
vt 0.204034 0.249812
vt 0.195042 0.475302
vt 0.193771 0.474671
vt 0.192742 0.481646
vt 0.196682 0.476094
vt 0.204051 0.479981
vt 0.198483 0.487411
vt 0.159980 0.475227
vt 0.161236 0.474571
vt 0.156208 0.462955
vt 0.156270 0.469723
vt 0.148205 0.470917
vt 0.148314 0.461679
vt 0.198748 0.463131
vt 0.196663 0.456602
vt 0.204056 0.452782
vt 0.207064 0.461792
vt 0.335514 0.319359
vt 0.325695 0.320340
vt 0.319300 0.255393
vt 0.328818 0.252313
vt 0.154025 0.311338
vt 0.167671 0.247301
vt 0.315648 0.321274
vt 0.310149 0.257091
vt 0.174095 0.487456
vt 0.180718 0.487576
vt 0.182055 0.495907
vt 0.172702 0.495970
vt 0.158358 0.476086
vt 0.162314 0.481525
vt 0.156233 0.487270
vt 0.150894 0.479633
vt 0.187159 0.485589
vt 0.191016 0.492923
vt 0.224746 0.321783
vt 0.214590 0.320891
vt 0.221149 0.256670
vt 0.230061 0.257564
vt 0.194308 0.318460
vt 0.184188 0.316988
vt 0.194509 0.252984
vt 0.203377 0.254398
vt 0.174178 0.445188
vt 0.167782 0.447245
vt 0.163828 0.439959
vt 0.172746 0.436978
vt 0.265294 0.323406
vt 0.255177 0.323289
vt 0.256845 0.259212
vt 0.265753 0.259413
vt 0.285470 0.323072
vt 0.283489 0.259221
vt 0.158386 0.456552
vt 0.151124 0.452890
vt 0.180875 0.445215
vt 0.182052 0.436952
vt 0.198686 0.469785
vt 0.207125 0.471124
vt 0.144011 0.309112
vt 0.158750 0.244388
vt 0.425134 0.057532
vt 0.417339 0.057532
vt 0.417339 0.030965
vt 0.425134 0.030965
vt 0.370570 0.057532
vt 0.362775 0.057532
vt 0.362775 0.030965
vt 0.370570 0.030965
vt 0.331596 0.057532
vt 0.331596 0.030965
vt 0.432929 0.057532
vt 0.432929 0.030965
vt 0.378365 0.057532
vt 0.378365 0.030965
vt 0.339391 0.057532
vt 0.339391 0.030965
vt 0.440724 0.057532
vt 0.440724 0.030965
vt 0.386160 0.057532
vt 0.386160 0.030965
vt 0.347185 0.057532
vt 0.347185 0.030965
vt 0.448519 0.057532
vt 0.448519 0.030965
vt 0.393955 0.057532
vt 0.393955 0.030965
vt 0.354980 0.057532
vt 0.354980 0.030965
vt 0.300416 0.057532
vt 0.292621 0.057532
vt 0.292621 0.030965
vt 0.300416 0.030965
vt 0.401750 0.057532
vt 0.401750 0.030965
vt 0.308211 0.057532
vt 0.308211 0.030965
vt 0.409544 0.057532
vt 0.409544 0.030965
vt 0.275393 0.323332
vt 0.274636 0.259424
vt 0.162357 0.451180
vt 0.156408 0.445494
vt 0.204435 0.319804
vt 0.212268 0.255601
vt 0.167784 0.485444
vt 0.163835 0.492961
vt 0.134014 0.306798
vt 0.149832 0.240155
vt 0.196011 0.475775
vt 0.197958 0.469672
vt 0.292247 0.257825
vt 0.301072 0.257135
vt 0.159016 0.475734
vt 0.162829 0.480987
vt 0.176836 0.248525
vt 0.185756 0.250403
vt 0.180751 0.445944
vt 0.174284 0.445924
vt 0.239078 0.257269
vt 0.247985 0.257802
vt 0.198008 0.463232
vt 0.283456 0.258236
vt 0.168104 0.484778
vt 0.167957 0.246302
vt 0.168111 0.447915
vt 0.230150 0.256560
vt 0.195992 0.456950
vt 0.274626 0.258435
vt 0.174212 0.486736
vt 0.159134 0.243414
vt 0.162876 0.451715
vt 0.221257 0.255678
vt 0.192087 0.451718
vt 0.265765 0.258422
vt 0.180626 0.486839
vt 0.150409 0.239205
vt 0.159050 0.456907
vt 0.212395 0.254620
vt 0.186884 0.447941
vt 0.256880 0.258218
vt 0.186839 0.484913
vt 0.319040 0.254372
vt 0.328359 0.251271
vt 0.156956 0.463074
vt 0.203524 0.253398
vt 0.192205 0.481110
vt 0.309995 0.256085
vt 0.157009 0.469589
vt 0.194675 0.252001
vt 0.182312 0.435195
vt 0.191618 0.438155
vt 0.419154 0.141680
vt 0.430491 0.141671
vt 0.430002 0.144782
vt 0.419650 0.144790
vt 0.199774 0.443735
vt 0.408376 0.145190
vt 0.409808 0.147994
vt 0.205734 0.451926
vt 0.399213 0.151855
vt 0.401438 0.154078
vt 0.208846 0.461497
vt 0.392554 0.161025
vt 0.395362 0.162455
vt 0.208841 0.471404
vt 0.389055 0.171805
vt 0.392161 0.172297
vt 0.205680 0.480846
vt 0.389055 0.183134
vt 0.392164 0.182644
vt 0.199697 0.488634
vt 0.392555 0.193914
vt 0.395361 0.192487
vt 0.191872 0.494564
vt 0.399215 0.203087
vt 0.401444 0.200862
vt 0.182353 0.497688
vt 0.408385 0.209753
vt 0.409817 0.206948
vt 0.172425 0.497688
vt 0.419167 0.213260
vt 0.419662 0.210150
vt 0.162989 0.494563
vt 0.430505 0.213264
vt 0.430015 0.210152
vt 0.154890 0.488563
vt 0.441291 0.209763
vt 0.439863 0.206955
vt 0.149351 0.480376
vt 0.450469 0.203099
vt 0.448242 0.200869
vt 0.146464 0.471168
vt 0.457139 0.193920
vt 0.454329 0.192488
vt 0.146512 0.461387
vt 0.460642 0.183131
vt 0.457532 0.182639
vt 0.149555 0.452104
vt 0.460640 0.171790
vt 0.457526 0.172284
vt 0.155185 0.444308
vt 0.457132 0.161005
vt 0.454327 0.162435
vt 0.162968 0.438323
vt 0.450462 0.151830
vt 0.448233 0.154062
vt 0.172449 0.435206
vt 0.441279 0.145167
vt 0.439852 0.147976
vt 0.424839 0.177467
vt 0.877725 0.992776
vt 0.888731 0.992776
vt 0.888731 0.998575
vt 0.877725 0.998575
vt 0.899737 0.992776
vt 0.899737 0.998575
vt 0.910743 0.992776
vt 0.910743 0.998575
vt 0.921749 0.992776
vt 0.921749 0.998575
vt 0.932755 0.992776
vt 0.932755 0.998575
vt 0.943760 0.992776
vt 0.943760 0.998575
vt 0.954766 0.992776
vt 0.954766 0.998575
vt 0.965772 0.992776
vt 0.965772 0.998575
vt 0.976778 0.992776
vt 0.976778 0.998575
vt 0.987783 0.992776
vt 0.987783 0.998575
vt 0.998789 0.992776
vt 0.998789 0.998575
vt 0.778673 0.992776
vt 0.789679 0.992776
vt 0.789679 0.998575
vt 0.778673 0.998575
vt 0.800685 0.992776
vt 0.800685 0.998575
vt 0.811691 0.992776
vt 0.811691 0.998575
vt 0.822697 0.992776
vt 0.822697 0.998575
vt 0.833702 0.992776
vt 0.833702 0.998575
vt 0.844708 0.992776
vt 0.844708 0.998575
vt 0.855714 0.992776
vt 0.855714 0.998575
vt 0.797136 0.426627
vt 0.795465 0.426950
vt 0.793917 0.420024
vt 0.795569 0.419605
vt 0.866720 0.992776
vt 0.866720 0.998575
vt 0.444991 0.939062
vt 0.454072 0.937624
vt 0.454072 0.954384
vt 0.444991 0.952946
vt 0.448893 0.970323
vt 0.440701 0.966149
vt 0.439042 0.983883
vt 0.432540 0.977381
vt 0.425483 0.993734
vt 0.421309 0.985541
vt 0.409543 0.998913
vt 0.408105 0.989831
vt 0.392784 0.998913
vt 0.394222 0.989831
vt 0.376844 0.993734
vt 0.381019 0.985541
vt 0.363285 0.983883
vt 0.369787 0.977381
vt 0.353434 0.970323
vt 0.361627 0.966149
vt 0.348255 0.954384
vt 0.357336 0.952946
vt 0.348255 0.937624
vt 0.357336 0.939062
vt 0.353434 0.921684
vt 0.361627 0.925859
vt 0.363285 0.908125
vt 0.369787 0.914627
vt 0.376844 0.898274
vt 0.381019 0.906467
vt 0.392784 0.893095
vt 0.394222 0.902177
vt 0.409543 0.893095
vt 0.408105 0.902177
vt 0.425483 0.898274
vt 0.421309 0.906467
vt 0.439042 0.908125
vt 0.432540 0.914627
vt 0.448893 0.921685
vt 0.440701 0.925859
vt 0.253238 0.535285
vt 0.260413 0.538629
vt 0.255516 0.545896
vt 0.249796 0.540439
vt 0.801853 0.517949
vt 0.800197 0.517784
vt 0.800728 0.510831
vt 0.802412 0.510944
vt 0.801130 0.503873
vt 0.802767 0.503943
vt 0.219208 0.535748
vt 0.220364 0.535101
vt 0.223661 0.539222
vt 0.222768 0.540177
vt 0.802810 0.476006
vt 0.801175 0.476082
vt 0.800736 0.469086
vt 0.802435 0.468976
vt 0.237507 0.508664
vt 0.237351 0.509989
vt 0.231990 0.510171
vt 0.231724 0.508869
vt 0.243998 0.542837
vt 0.243347 0.541678
vt 0.247564 0.538386
vt 0.248536 0.539285
vt 0.227985 0.542197
vt 0.227420 0.543386
vt 0.226969 0.512008
vt 0.226335 0.510854
vt 0.251723 0.534550
vt 0.250543 0.533984
vt 0.252041 0.528905
vt 0.253360 0.529081
vt 0.233035 0.543659
vt 0.232878 0.544966
vt 0.222733 0.515271
vt 0.221779 0.514349
vt 0.251873 0.523577
vt 0.253170 0.523323
vt 0.238327 0.543489
vt 0.238583 0.544788
vt 0.219726 0.519693
vt 0.218528 0.519116
vt 0.250079 0.518595
vt 0.251223 0.517957
vt 0.369075 0.086052
vt 0.369075 0.059484
vt 0.376869 0.059484
vt 0.376869 0.086052
vt 0.855353 0.465997
vt 0.804434 0.468860
vt 0.803939 0.461739
vt 0.854878 0.457948
vt 0.848751 0.409670
vt 0.797558 0.419085
vt 0.795477 0.411892
vt 0.847201 0.401664
vt 0.855147 0.514169
vt 0.804376 0.511074
vt 0.804764 0.504031
vt 0.855571 0.506157
vt 0.243066 0.510273
vt 0.242493 0.511478
vt 0.217258 0.530384
vt 0.218549 0.530120
vt 0.801325 0.496875
vt 0.803012 0.496914
vt 0.793489 0.412616
vt 0.791858 0.413224
vt 0.788893 0.406705
vt 0.790379 0.405723
vt 0.801935 0.461891
vt 0.800256 0.462039
vt 0.799628 0.454996
vt 0.801300 0.454817
vt 0.801463 0.489921
vt 0.803117 0.489913
vt 0.795769 0.545871
vt 0.794245 0.544993
vt 0.796800 0.538401
vt 0.798427 0.538893
vt 0.798881 0.447991
vt 0.800521 0.447787
vt 0.801388 0.483018
vt 0.803037 0.482969
vt 0.798408 0.531603
vt 0.800053 0.531909
vt 0.797894 0.441026
vt 0.799565 0.440789
vt 0.799471 0.524725
vt 0.801096 0.524935
vt 0.796745 0.433992
vt 0.798425 0.433719
vt 0.246862 0.514456
vt 0.247755 0.513515
vt 0.243819 0.508715
vt 0.247178 0.501875
vt 0.254311 0.506633
vt 0.248912 0.512305
vt 0.218271 0.524814
vt 0.216948 0.524663
vt 0.217709 0.536589
vt 0.211141 0.540376
vt 0.207946 0.532265
vt 0.215596 0.530725
vt 0.254851 0.522982
vt 0.262427 0.521675
vt 0.262641 0.530302
vt 0.255062 0.529313
vt 0.853055 0.538171
vt 0.802026 0.532285
vt 0.803098 0.525194
vt 0.853906 0.530183
vt 0.792292 0.404546
vt 0.845635 0.393853
vt 0.854623 0.522182
vt 0.803835 0.518124
vt 0.225524 0.509373
vt 0.221573 0.502223
vt 0.230014 0.499329
vt 0.231372 0.507192
vt 0.215223 0.524468
vt 0.207666 0.523612
vt 0.209856 0.515309
vt 0.216982 0.518361
vt 0.237702 0.506953
vt 0.238907 0.499252
vt 0.854249 0.449895
vt 0.803305 0.454624
vt 0.802509 0.447549
vt 0.853464 0.441841
vt 0.851432 0.425736
vt 0.800459 0.433372
vt 0.799138 0.426214
vt 0.850186 0.417692
vt 0.238921 0.546474
vt 0.240092 0.554110
vt 0.231503 0.554129
vt 0.232682 0.546652
vt 0.855900 0.482086
vt 0.805005 0.482936
vt 0.804789 0.475928
vt 0.855727 0.474039
vt 0.805007 0.496952
vt 0.855796 0.498136
vt 0.221622 0.541397
vt 0.216452 0.547079
vt 0.244844 0.544333
vt 0.248462 0.551303
vt 0.259524 0.513441
vt 0.252693 0.517128
vt 0.851056 0.554147
vt 0.797755 0.546915
vt 0.800433 0.539485
vt 0.852091 0.546157
vt 0.267741 0.086052
vt 0.267741 0.059484
vt 0.275536 0.059484
vt 0.275536 0.086052
vt 0.322306 0.086052
vt 0.322305 0.059484
vt 0.330100 0.059484
vt 0.330100 0.086052
vt 0.361280 0.086052
vt 0.361280 0.059484
vt 0.259947 0.086052
vt 0.259947 0.059484
vt 0.314511 0.086052
vt 0.314511 0.059484
vt 0.353485 0.086052
vt 0.353485 0.059484
vt 0.408049 0.086052
vt 0.408049 0.059484
vt 0.415844 0.059484
vt 0.415844 0.086052
vt 0.306716 0.086052
vt 0.306716 0.059484
vt 0.345690 0.086052
vt 0.345690 0.059484
vt 0.400254 0.086052
vt 0.400254 0.059484
vt 0.298921 0.086052
vt 0.298921 0.059484
vt 0.337895 0.086052
vt 0.337895 0.059484
vt 0.392459 0.086052
vt 0.392459 0.059484
vt 0.291126 0.086052
vt 0.291126 0.059484
vt 0.384664 0.086052
vt 0.384664 0.059484
vt 0.283331 0.086052
vt 0.283331 0.059484
vt 0.855922 0.490117
vt 0.805063 0.489917
vt 0.226682 0.544932
vt 0.223494 0.551664
vt 0.852525 0.433788
vt 0.801552 0.440502
vt 0.220556 0.513149
vt 0.214635 0.507833
vt 0.252093 0.517469
vt 0.248440 0.512795
vt 0.803590 0.511021
vt 0.803985 0.503996
vt 0.217609 0.518673
vt 0.215922 0.524548
vt 0.796769 0.419288
vt 0.794678 0.412178
vt 0.238781 0.545792
vt 0.244497 0.543726
vt 0.803643 0.468908
vt 0.803145 0.461803
vt 0.254171 0.523124
vt 0.804213 0.496935
vt 0.221049 0.513640
vt 0.791507 0.404989
vt 0.232760 0.545963
vt 0.802507 0.454704
vt 0.254372 0.529217
vt 0.804288 0.489916
vt 0.225853 0.509978
vt 0.796944 0.546528
vt 0.799632 0.539251
vt 0.226981 0.544305
vt 0.801721 0.447645
vt 0.252619 0.534983
vt 0.804226 0.482951
vt 0.231517 0.507872
vt 0.801233 0.532135
vt 0.222090 0.540900
vt 0.800770 0.440617
vt 0.249282 0.539973
vt 0.804005 0.475961
vt 0.237624 0.507648
vt 0.802311 0.525092
vt 0.218320 0.536246
vt 0.799656 0.433508
vt 0.243513 0.509346
vt 0.803050 0.518052
vt 0.216271 0.530585
vt 0.798343 0.426375
vt 0.256751 0.547062
vt 0.249287 0.552857
vt 0.667387 0.944322
vt 0.664070 0.944847
vt 0.660655 0.934336
vt 0.663652 0.932813
vt 0.261930 0.539323
vt 0.667387 0.956422
vt 0.664066 0.955898
vt 0.264231 0.530495
vt 0.663648 0.967938
vt 0.660650 0.966412
vt 0.264116 0.521367
vt 0.656528 0.977740
vt 0.654146 0.975358
vt 0.260986 0.512650
vt 0.646725 0.984856
vt 0.645200 0.981858
vt 0.255398 0.505471
vt 0.635214 0.988592
vt 0.634689 0.985274
vt 0.247889 0.500386
vt 0.623113 0.988592
vt 0.623637 0.985271
vt 0.239157 0.497587
vt 0.611594 0.984851
vt 0.613122 0.981851
vt 0.229713 0.497587
vt 0.601800 0.977733
vt 0.604175 0.975357
vt 0.220768 0.500769
vt 0.594685 0.967943
vt 0.597681 0.966415
vt 0.213320 0.506654
vt 0.590941 0.956430
vt 0.594262 0.955902
vt 0.208323 0.514639
vt 0.590937 0.944322
vt 0.594260 0.944845
vt 0.206075 0.523427
vt 0.594676 0.932802
vt 0.597675 0.934328
vt 0.206256 0.532611
vt 0.601796 0.922998
vt 0.604178 0.925380
vt 0.209703 0.541201
vt 0.611596 0.915881
vt 0.613122 0.918876
vt 0.215357 0.548278
vt 0.623115 0.912139
vt 0.623641 0.915465
vt 0.222834 0.553073
vt 0.635226 0.912142
vt 0.634699 0.915462
vt 0.231265 0.555735
vt 0.646744 0.915887
vt 0.645213 0.918887
vt 0.240364 0.555760
vt 0.656541 0.923013
vt 0.654160 0.925390
vt 0.629165 0.950371
vt 0.833615 0.953458
vt 0.822610 0.953458
vt 0.822610 0.947659
vt 0.833615 0.947659
vt 0.811604 0.953458
vt 0.811604 0.947659
vt 0.800598 0.953458
vt 0.800598 0.947659
vt 0.789592 0.953458
vt 0.789592 0.947659
vt 0.778587 0.953458
vt 0.778587 0.947659
vt 0.998703 0.953458
vt 0.987697 0.953458
vt 0.987697 0.947659
vt 0.998703 0.947659
vt 0.976691 0.953458
vt 0.976691 0.947659
vt 0.965685 0.953458
vt 0.965685 0.947659
vt 0.954679 0.953458
vt 0.954679 0.947659
vt 0.943674 0.953458
vt 0.943674 0.947659
vt 0.932668 0.953458
vt 0.932668 0.947659
vt 0.921662 0.953458
vt 0.921662 0.947659
vt 0.910656 0.953458
vt 0.910656 0.947659
vt 0.899650 0.953458
vt 0.899650 0.947659
vt 0.888645 0.953458
vt 0.888645 0.947659
vt 0.877639 0.953458
vt 0.877639 0.947659
vt 0.866633 0.953458
vt 0.866633 0.947659
vt 0.855627 0.953458
vt 0.855627 0.947659
vt 0.783486 0.616657
vt 0.781750 0.616131
vt 0.783828 0.608839
vt 0.785570 0.609334
vt 0.844621 0.953458
vt 0.844621 0.947659
vt 0.103931 0.630738
vt 0.107659 0.623422
vt 0.119768 0.632220
vt 0.113962 0.638026
vt 0.128566 0.644329
vt 0.121249 0.648057
vt 0.133192 0.658565
vt 0.125081 0.659849
vt 0.133192 0.673533
vt 0.125081 0.672248
vt 0.128566 0.687768
vt 0.121249 0.684040
vt 0.119768 0.699878
vt 0.113962 0.694071
vt 0.107659 0.708676
vt 0.103931 0.701359
vt 0.093423 0.713301
vt 0.092139 0.705190
vt 0.078455 0.713301
vt 0.079740 0.705190
vt 0.064220 0.708676
vt 0.067948 0.701359
vt 0.052110 0.699878
vt 0.057917 0.694071
vt 0.043312 0.687768
vt 0.050629 0.684040
vt 0.038687 0.673533
vt 0.046798 0.672248
vt 0.038687 0.658565
vt 0.046798 0.659849
vt 0.043312 0.644329
vt 0.050629 0.648057
vt 0.052110 0.632220
vt 0.057917 0.638026
vt 0.064220 0.623422
vt 0.067948 0.630738
vt 0.078455 0.618796
vt 0.079740 0.626907
vt 0.093423 0.618796
vt 0.092139 0.626907
vt 0.221175 0.853543
vt 0.228722 0.857060
vt 0.223572 0.864704
vt 0.217555 0.858965
vt 0.794585 0.565009
vt 0.792812 0.564860
vt 0.793107 0.557442
vt 0.794920 0.557396
vt 0.792387 0.550040
vt 0.794177 0.549575
vt 0.185379 0.854030
vt 0.186595 0.853349
vt 0.190063 0.857685
vt 0.189124 0.858689
vt 0.765591 0.666446
vt 0.764000 0.665735
vt 0.766893 0.658867
vt 0.768565 0.659562
vt 0.204627 0.825540
vt 0.204464 0.826934
vt 0.198825 0.827125
vt 0.198545 0.825756
vt 0.211455 0.861487
vt 0.210771 0.860268
vt 0.215207 0.856804
vt 0.216229 0.857750
vt 0.194611 0.860813
vt 0.194017 0.862064
vt 0.193543 0.829057
vt 0.192875 0.827844
vt 0.219582 0.852770
vt 0.218340 0.852175
vt 0.219916 0.846832
vt 0.221304 0.847017
vt 0.199924 0.862352
vt 0.199759 0.863727
vt 0.189087 0.832490
vt 0.188083 0.831520
vt 0.219739 0.841227
vt 0.221104 0.840960
vt 0.205490 0.862173
vt 0.205759 0.863539
vt 0.185924 0.837141
vt 0.184664 0.836535
vt 0.217852 0.835986
vt 0.219056 0.835316
vt 0.291240 0.030340
vt 0.291240 0.056908
vt 0.283445 0.056908
vt 0.283445 0.030340
vt 0.820669 0.681313
vt 0.770530 0.660393
vt 0.773398 0.653349
vt 0.823950 0.673384
vt 0.840463 0.624323
vt 0.787646 0.609897
vt 0.789644 0.602483
vt 0.842620 0.615953
vt 0.852436 0.565242
vt 0.797110 0.557357
vt 0.796473 0.549070
vt 0.853625 0.556686
vt 0.210475 0.827233
vt 0.209873 0.828500
vt 0.183328 0.848387
vt 0.184685 0.848110
vt 0.749832 0.692218
vt 0.748621 0.690813
vt 0.753438 0.685118
vt 0.754900 0.686187
vt 0.787541 0.601946
vt 0.785762 0.601483
vt 0.787656 0.594127
vt 0.789409 0.594538
vt 0.771410 0.652556
vt 0.769737 0.651912
vt 0.772426 0.644884
vt 0.774109 0.645494
vt 0.757416 0.678895
vt 0.758952 0.679771
vt 0.789351 0.586822
vt 0.791094 0.587182
vt 0.774985 0.637835
vt 0.776648 0.638407
vt 0.760846 0.672404
vt 0.762426 0.673178
vt 0.790814 0.579548
vt 0.792558 0.579848
vt 0.777308 0.630712
vt 0.779016 0.631272
vt 0.791993 0.572239
vt 0.793722 0.572475
vt 0.779547 0.623449
vt 0.781277 0.623994
vt 0.214468 0.831633
vt 0.215407 0.830643
vt 0.211268 0.825594
vt 0.214800 0.818398
vt 0.222304 0.823404
vt 0.216625 0.829371
vt 0.184394 0.842528
vt 0.183001 0.842370
vt 0.183802 0.854914
vt 0.176893 0.858898
vt 0.173532 0.850366
vt 0.181579 0.848746
vt 0.222872 0.840601
vt 0.230841 0.839227
vt 0.231066 0.848301
vt 0.223094 0.847261
vt 0.848172 0.590732
vt 0.794623 0.580220
vt 0.795849 0.572769
vt 0.849747 0.582278
vt 0.791500 0.595033
vt 0.844614 0.607558
vt 0.851173 0.573785
vt 0.796735 0.565176
vt 0.192023 0.826286
vt 0.187866 0.818766
vt 0.196746 0.815721
vt 0.198175 0.823991
vt 0.181187 0.842165
vt 0.173238 0.841264
vt 0.175541 0.832530
vt 0.183038 0.835740
vt 0.204833 0.823740
vt 0.206101 0.815640
vt 0.827087 0.665381
vt 0.776117 0.646246
vt 0.778660 0.639109
vt 0.830076 0.657306
vt 0.835607 0.640943
vt 0.783373 0.624637
vt 0.785563 0.617254
vt 0.838143 0.632664
vt 0.206115 0.865313
vt 0.207347 0.873345
vt 0.198312 0.873365
vt 0.199552 0.865500
vt 0.813731 0.696985
vt 0.764315 0.674128
vt 0.767516 0.667321
vt 0.817294 0.689190
vt 0.802384 0.720046
vt 0.751438 0.693944
vt 0.756700 0.687472
vt 0.806250 0.712392
vt 0.187919 0.859972
vt 0.182480 0.865949
vt 0.212345 0.863060
vt 0.216151 0.870392
vt 0.227788 0.830565
vt 0.220602 0.834443
vt 0.793178 0.587619
vt 0.846447 0.599148
vt 0.236676 0.030340
vt 0.236676 0.056908
vt 0.228881 0.056908
vt 0.228881 0.030340
vt 0.182111 0.030340
vt 0.182112 0.056908
vt 0.174317 0.056908
vt 0.174317 0.030340
vt 0.143137 0.030340
vt 0.143137 0.056908
vt 0.135342 0.056908
vt 0.135342 0.030340
vt 0.244470 0.030340
vt 0.244470 0.056908
vt 0.189906 0.030340
vt 0.189906 0.056908
vt 0.150932 0.030340
vt 0.150932 0.056908
vt 0.252265 0.030340
vt 0.252265 0.056908
vt 0.197701 0.030340
vt 0.197701 0.056908
vt 0.158727 0.030340
vt 0.158727 0.056908
vt 0.260060 0.030340
vt 0.260060 0.056908
vt 0.205496 0.030340
vt 0.205496 0.056908
vt 0.166522 0.030340
vt 0.166522 0.056908
vt 0.267855 0.030340
vt 0.267855 0.056908
vt 0.213291 0.030340
vt 0.213291 0.056908
vt 0.275650 0.030340
vt 0.275650 0.056908
vt 0.221086 0.030340
vt 0.221086 0.056908
vt 0.810044 0.704712
vt 0.760785 0.680827
vt 0.193241 0.863691
vt 0.189887 0.870772
vt 0.832917 0.649159
vt 0.781047 0.631935
vt 0.186797 0.830258
vt 0.180569 0.824666
vt 0.219971 0.834802
vt 0.216129 0.829885
vt 0.796232 0.557368
vt 0.795552 0.549237
vt 0.183697 0.836068
vt 0.181923 0.842248
vt 0.786829 0.609672
vt 0.788808 0.602266
vt 0.205968 0.864595
vt 0.211980 0.862422
vt 0.769751 0.660066
vt 0.772609 0.653038
vt 0.222157 0.840750
vt 0.750774 0.693281
vt 0.755979 0.686962
vt 0.187316 0.830775
vt 0.790672 0.594835
vt 0.199634 0.864775
vt 0.775316 0.645950
vt 0.222368 0.847160
vt 0.760051 0.680406
vt 0.192369 0.826923
vt 0.792352 0.587444
vt 0.193555 0.863031
vt 0.777862 0.638834
vt 0.220524 0.853225
vt 0.763563 0.673754
vt 0.198327 0.824708
vt 0.793796 0.580071
vt 0.188411 0.859449
vt 0.780247 0.631676
vt 0.217014 0.858474
vt 0.766752 0.666976
vt 0.204751 0.824472
vt 0.795012 0.572652
vt 0.184445 0.854554
vt 0.782547 0.624383
vt 0.210945 0.826257
vt 0.795880 0.565106
vt 0.182289 0.848599
vt 0.784742 0.617015
vt 0.224870 0.865931
vt 0.217020 0.872027
vt 0.443739 0.939061
vt 0.440057 0.939644
vt 0.436267 0.927978
vt 0.439594 0.926287
vt 0.230318 0.857790
vt 0.443739 0.952491
vt 0.440053 0.951909
vt 0.232739 0.848504
vt 0.439589 0.965273
vt 0.436261 0.963579
vt 0.232618 0.838903
vt 0.431686 0.976152
vt 0.429043 0.973508
vt 0.229325 0.829734
vt 0.420805 0.984051
vt 0.419113 0.980724
vt 0.223447 0.822182
vt 0.408029 0.988197
vt 0.407446 0.984515
vt 0.215549 0.816832
vt 0.394597 0.988197
vt 0.395180 0.984510
vt 0.206363 0.813888
vt 0.381812 0.984044
vt 0.383508 0.980715
vt 0.196429 0.813888
vt 0.370942 0.976144
vt 0.373579 0.973507
vt 0.187020 0.817235
vt 0.363046 0.965278
vt 0.366370 0.963582
vt 0.179185 0.823426
vt 0.358890 0.952500
vt 0.362576 0.951913
vt 0.173929 0.831826
vt 0.358885 0.939060
vt 0.362573 0.939641
vt 0.171564 0.841069
vt 0.363035 0.926274
vt 0.366364 0.927968
vt 0.171755 0.850730
vt 0.370938 0.915393
vt 0.373582 0.918036
vt 0.175380 0.859766
vt 0.381816 0.907493
vt 0.383509 0.910817
vt 0.181328 0.867210
vt 0.394601 0.903340
vt 0.395185 0.907031
vt 0.189193 0.872254
vt 0.408043 0.903344
vt 0.407458 0.907029
vt 0.198062 0.875054
vt 0.420827 0.907500
vt 0.419129 0.910830
vt 0.207633 0.875081
vt 0.431701 0.915410
vt 0.429059 0.918048
vt 0.401316 0.945774
vt 0.943761 0.983048
vt 0.943760 0.977249
vt 0.954766 0.977249
vt 0.954766 0.983048
vt 0.965772 0.977249
vt 0.965772 0.983048
vt 0.976778 0.977249
vt 0.976778 0.983048
vt 0.987783 0.977249
vt 0.987783 0.983048
vt 0.998789 0.977249
vt 0.998789 0.983048
vt 0.778673 0.983048
vt 0.778673 0.977249
vt 0.789679 0.977249
vt 0.789679 0.983048
vt 0.800685 0.977249
vt 0.800685 0.983048
vt 0.811691 0.977249
vt 0.811691 0.983048
vt 0.822697 0.977249
vt 0.822697 0.983048
vt 0.833702 0.977249
vt 0.833702 0.983048
vt 0.844708 0.977249
vt 0.844708 0.983048
vt 0.855714 0.977249
vt 0.855714 0.983048
vt 0.866720 0.977249
vt 0.866720 0.983048
vt 0.877726 0.977249
vt 0.877726 0.983048
vt 0.888731 0.977249
vt 0.888731 0.983048
vt 0.899737 0.977249
vt 0.899737 0.983048
vt 0.910743 0.977249
vt 0.910743 0.983048
vt 0.921749 0.977249
vt 0.921749 0.983048
vt 0.265454 0.172100
vt 0.255535 0.172052
vt 0.255543 0.169694
vt 0.265426 0.169757
vt 0.932755 0.977249
vt 0.932755 0.983048
vt 0.453396 0.782859
vt 0.442451 0.779302
vt 0.443643 0.771774
vt 0.456857 0.776067
vt 0.430942 0.779302
vt 0.429749 0.771774
vt 0.419996 0.782859
vt 0.416536 0.776067
vt 0.410686 0.789623
vt 0.405296 0.784234
vt 0.403921 0.798934
vt 0.397129 0.795474
vt 0.400364 0.809880
vt 0.392836 0.808687
vt 0.400364 0.821389
vt 0.392836 0.822581
vt 0.403921 0.832334
vt 0.397129 0.835795
vt 0.410686 0.841645
vt 0.405296 0.847035
vt 0.419996 0.848410
vt 0.416536 0.855201
vt 0.430942 0.851966
vt 0.429749 0.859495
vt 0.442451 0.851966
vt 0.443643 0.859495
vt 0.453396 0.848410
vt 0.456857 0.855201
vt 0.462707 0.841645
vt 0.468097 0.847035
vt 0.469472 0.832334
vt 0.476263 0.835795
vt 0.473028 0.821389
vt 0.480557 0.822581
vt 0.473028 0.809880
vt 0.480557 0.808687
vt 0.469472 0.798934
vt 0.476263 0.795474
vt 0.462707 0.789623
vt 0.468097 0.784234
vt 0.278612 0.829039
vt 0.273341 0.825213
vt 0.276903 0.817777
vt 0.284393 0.822992
vt 0.196504 0.167486
vt 0.186851 0.165159
vt 0.187556 0.162903
vt 0.196953 0.165208
vt 0.177304 0.161456
vt 0.178522 0.159374
vt 0.244743 0.840865
vt 0.246660 0.835145
vt 0.247896 0.835794
vt 0.246130 0.841087
vt 0.333834 0.167179
vt 0.324150 0.168496
vt 0.323869 0.166159
vt 0.333503 0.164926
vt 0.272499 0.861134
vt 0.266735 0.862935
vt 0.266547 0.861563
vt 0.271887 0.859879
vt 0.266822 0.824934
vt 0.272519 0.826793
vt 0.271887 0.828020
vt 0.266599 0.826300
vt 0.250215 0.830319
vt 0.251187 0.831311
vt 0.260757 0.862855
vt 0.260981 0.861504
vt 0.277363 0.830315
vt 0.280979 0.835179
vt 0.279722 0.835828
vt 0.276396 0.831296
vt 0.255083 0.826792
vt 0.255706 0.828035
vt 0.255064 0.861025
vt 0.255680 0.859786
vt 0.282847 0.840999
vt 0.281466 0.841209
vt 0.260814 0.824930
vt 0.261024 0.826303
vt 0.250177 0.857485
vt 0.251149 0.856492
vt 0.282825 0.846996
vt 0.281473 0.846786
vt 0.916910 0.156791
vt 0.916910 0.148996
vt 0.943478 0.148996
vt 0.943478 0.156791
vt 0.333147 0.241425
vt 0.322052 0.242743
vt 0.314698 0.172323
vt 0.324481 0.171219
vt 0.254804 0.246092
vt 0.243566 0.245858
vt 0.245486 0.174686
vt 0.255505 0.174904
vt 0.176339 0.240445
vt 0.165130 0.238900
vt 0.175852 0.164141
vt 0.186012 0.167895
vt 0.277454 0.857599
vt 0.276457 0.856599
vt 0.244768 0.846900
vt 0.246144 0.846668
vt 0.371724 0.156653
vt 0.362480 0.160820
vt 0.361670 0.158622
vt 0.370411 0.154660
vt 0.245562 0.171901
vt 0.235591 0.171505
vt 0.235714 0.169149
vt 0.245628 0.169500
vt 0.314407 0.169563
vt 0.304626 0.170452
vt 0.304456 0.168131
vt 0.314194 0.167246
vt 0.353018 0.163574
vt 0.352470 0.161333
vt 0.225666 0.170997
vt 0.225835 0.168662
vt 0.294858 0.171144
vt 0.294722 0.168859
vt 0.343460 0.165606
vt 0.343050 0.163336
vt 0.215886 0.170226
vt 0.216128 0.167920
vt 0.285090 0.171608
vt 0.284973 0.169286
vt 0.206190 0.169067
vt 0.206508 0.166809
vt 0.275279 0.171984
vt 0.275202 0.169653
vt 0.281006 0.852676
vt 0.279760 0.852058
vt 0.278752 0.858896
vt 0.282614 0.853452
vt 0.289838 0.857262
vt 0.284380 0.864548
vt 0.246634 0.852608
vt 0.247866 0.851964
vt 0.242935 0.840577
vt 0.242996 0.847212
vt 0.235090 0.848384
vt 0.235195 0.839327
vt 0.284637 0.840743
vt 0.282593 0.834343
vt 0.289840 0.830597
vt 0.292790 0.839429
vt 0.209915 0.244032
vt 0.198723 0.243032
vt 0.205802 0.171848
vt 0.215618 0.172961
vt 0.232332 0.245484
vt 0.235466 0.174357
vt 0.187532 0.241832
vt 0.195941 0.170245
vt 0.260472 0.864595
vt 0.266965 0.864710
vt 0.268276 0.872877
vt 0.259109 0.872938
vt 0.245044 0.853449
vt 0.248924 0.858782
vt 0.242963 0.864415
vt 0.237728 0.856928
vt 0.273279 0.862762
vt 0.277060 0.869951
vt 0.310913 0.243856
vt 0.299737 0.244757
vt 0.295032 0.173910
vt 0.304862 0.173229
vt 0.277296 0.245850
vt 0.266053 0.246114
vt 0.265479 0.174882
vt 0.275348 0.174746
vt 0.260549 0.823156
vt 0.254280 0.825173
vt 0.250403 0.818031
vt 0.259145 0.815109
vt 0.355201 0.238186
vt 0.344197 0.239903
vt 0.334244 0.169942
vt 0.343982 0.168331
vt 0.388031 0.232089
vt 0.377104 0.234235
vt 0.363439 0.163484
vt 0.373297 0.159245
vt 0.245069 0.834299
vt 0.237949 0.830709
vt 0.267115 0.823181
vt 0.268266 0.815083
vt 0.284577 0.847267
vt 0.292851 0.848578
vt 0.221111 0.244827
vt 0.225469 0.173788
vt 0.916910 0.102227
vt 0.916910 0.094432
vt 0.943478 0.094432
vt 0.943478 0.102227
vt 0.916910 0.047663
vt 0.916910 0.039868
vt 0.943478 0.039868
vt 0.943478 0.047663
vt 0.916910 0.008689
vt 0.916910 0.000894
vt 0.943478 0.000894
vt 0.943478 0.008689
vt 0.916910 0.110022
vt 0.943478 0.110022
vt 0.916910 0.055458
vt 0.943478 0.055458
vt 0.916910 0.016484
vt 0.943478 0.016484
vt 0.916910 0.117817
vt 0.943478 0.117817
vt 0.916910 0.063253
vt 0.943478 0.063253
vt 0.916910 0.024279
vt 0.943478 0.024279
vt 0.916910 0.125612
vt 0.943478 0.125612
vt 0.916910 0.071048
vt 0.943478 0.071048
vt 0.916910 0.032073
vt 0.943478 0.032073
vt 0.916910 0.133407
vt 0.943478 0.133407
vt 0.916910 0.078843
vt 0.943478 0.078843
vt 0.916910 0.141202
vt 0.943478 0.141202
vt 0.916910 0.086637
vt 0.943478 0.086637
vt 0.366165 0.236286
vt 0.353703 0.166285
vt 0.248962 0.829032
vt 0.243129 0.823458
vt 0.288524 0.245446
vt 0.285207 0.174396
vt 0.254286 0.862622
vt 0.250417 0.869991
vt 0.281956 0.853139
vt 0.283864 0.847156
vt 0.176395 0.163035
vt 0.186342 0.166802
vt 0.245690 0.853104
vt 0.249428 0.858254
vt 0.245516 0.173578
vt 0.255516 0.173780
vt 0.266993 0.823896
vt 0.260654 0.823878
vt 0.314587 0.171229
vt 0.324349 0.170129
vt 0.283912 0.840843
vt 0.363061 0.162414
vt 0.372710 0.158190
vt 0.254600 0.861969
vt 0.235516 0.173232
vt 0.254602 0.825831
vt 0.304773 0.172122
vt 0.281935 0.834684
vt 0.353435 0.165204
vt 0.260587 0.863889
vt 0.225545 0.172682
vt 0.249470 0.829556
vt 0.294966 0.172815
vt 0.278106 0.829555
vt 0.343779 0.167249
vt 0.266875 0.863988
vt 0.215726 0.171865
vt 0.245720 0.834647
vt 0.285162 0.173309
vt 0.273005 0.825853
vt 0.334083 0.168856
vt 0.272965 0.862100
vt 0.205954 0.170753
vt 0.243668 0.840694
vt 0.275320 0.173635
vt 0.278225 0.858371
vt 0.196160 0.169146
vt 0.243721 0.847081
vt 0.265472 0.173787
vt 0.268521 0.813361
vt 0.277643 0.816260
vt 0.623521 0.009528
vt 0.635028 0.009519
vt 0.634532 0.012677
vt 0.624025 0.012684
vt 0.285640 0.821728
vt 0.612582 0.013091
vt 0.614036 0.015936
vt 0.291485 0.829756
vt 0.603283 0.019855
vt 0.605541 0.022111
vt 0.294537 0.839139
vt 0.596524 0.029162
vt 0.599374 0.030613
vt 0.294534 0.848853
vt 0.592973 0.040103
vt 0.596126 0.040602
vt 0.291436 0.858111
vt 0.592973 0.051601
vt 0.596128 0.051103
vt 0.285571 0.865746
vt 0.596525 0.062542
vt 0.599374 0.061093
vt 0.277899 0.871560
vt 0.603285 0.071852
vt 0.605547 0.069593
vt 0.268568 0.874622
vt 0.612592 0.078617
vt 0.614045 0.075771
vt 0.258838 0.874622
vt 0.623534 0.082177
vt 0.624037 0.079020
vt 0.249588 0.871562
vt 0.635042 0.082180
vt 0.634545 0.079023
vt 0.241647 0.865682
vt 0.645989 0.078627
vt 0.644540 0.075777
vt 0.236215 0.857657
vt 0.655304 0.071864
vt 0.653044 0.069601
vt 0.233383 0.848630
vt 0.662074 0.062548
vt 0.659222 0.061094
vt 0.233429 0.839041
vt 0.665629 0.051598
vt 0.662473 0.051099
vt 0.236411 0.829939
vt 0.665627 0.040087
vt 0.662466 0.040588
vt 0.241930 0.822296
vt 0.662066 0.029141
vt 0.659220 0.030592
vt 0.249559 0.816427
vt 0.655297 0.019830
vt 0.653035 0.022094
vt 0.258855 0.813372
vt 0.645977 0.013067
vt 0.644528 0.015918
vt 0.629292 0.045849
vt 0.281301 0.487907
vt 0.281300 0.502814
vt 0.280245 0.502714
vt 0.280243 0.488012
vt 0.278384 0.473282
vt 0.277372 0.473594
vt 0.278404 0.517441
vt 0.277386 0.517134
vt 0.272711 0.531218
vt 0.271774 0.530722
vt 0.264448 0.543624
vt 0.263624 0.542955
vt 0.253927 0.554183
vt 0.253249 0.553366
vt 0.241552 0.562488
vt 0.241047 0.561556
vt 0.227798 0.568221
vt 0.227485 0.567210
vt 0.213190 0.571168
vt 0.213082 0.570111
vt 0.198293 0.571202
vt 0.198391 0.570147
vt 0.183673 0.568332
vt 0.183975 0.567316
vt 0.169893 0.562663
vt 0.170387 0.561725
vt 0.157482 0.554410
vt 0.158150 0.553586
vt 0.146919 0.543885
vt 0.147735 0.543209
vt 0.138603 0.531490
vt 0.139541 0.530986
vt 0.132873 0.517694
vt 0.133888 0.517381
vt 0.129934 0.503008
vt 0.130999 0.502902
vt 0.129937 0.487973
vt 0.130996 0.488072
vt 0.132808 0.473395
vt 0.133822 0.473697
vt 0.138473 0.459640
vt 0.139410 0.460135
vt 0.146735 0.447232
vt 0.147559 0.447902
vt 0.157311 0.436629
vt 0.157989 0.437452
vt 0.169709 0.428337
vt 0.170213 0.429270
vt 0.183487 0.422614
vt 0.183797 0.423631
vt 0.198112 0.419697
vt 0.198220 0.420753
vt 0.213027 0.419689
vt 0.212927 0.420745
vt 0.227656 0.422592
vt 0.227352 0.423607
vt 0.241439 0.428292
vt 0.240940 0.429229
vt 0.253842 0.436572
vt 0.253170 0.437394
vt 0.264390 0.447113
vt 0.263570 0.447788
vt 0.289099 0.487250
vt 0.289055 0.503813
vt 0.286354 0.503540
vt 0.286409 0.487507
vt 0.178092 0.594030
vt 0.197613 0.597797
vt 0.196029 0.614475
vt 0.173306 0.610074
vt 0.198391 0.589788
vt 0.180413 0.586308
vt 0.182063 0.580787
vt 0.198934 0.584190
vt 0.251182 0.578904
vt 0.234520 0.586114
vt 0.232768 0.580678
vt 0.248391 0.573959
vt 0.266002 0.568531
vt 0.262299 0.564272
vt 0.278447 0.555463
vt 0.273986 0.552028
vt 0.287988 0.540183
vt 0.283057 0.537714
vt 0.294515 0.523312
vt 0.289040 0.521787
vt 0.297692 0.505270
vt 0.291929 0.504791
vt 0.297547 0.486678
vt 0.291572 0.487218
vt 0.294140 0.468470
vt 0.288685 0.469993
vt 0.287675 0.451298
vt 0.282469 0.453955
vt 0.277694 0.435972
vt 0.273237 0.439557
vt 0.264963 0.422961
vt 0.261342 0.427330
vt 0.249933 0.412828
vt 0.247283 0.417717
vt 0.233249 0.405680
vt 0.231561 0.411248
vt 0.215344 0.402154
vt 0.214800 0.407824
vt 0.197173 0.402221
vt 0.197725 0.407751
vt 0.179313 0.405769
vt 0.181000 0.411266
vt 0.162264 0.412891
vt 0.165103 0.418109
vt 0.146888 0.423328
vt 0.150614 0.427780
vt 0.133906 0.436474
vt 0.138426 0.440083
vt 0.123812 0.451915
vt 0.128948 0.454563
vt 0.116894 0.469053
vt 0.122448 0.470654
vt 0.113424 0.487187
vt 0.119159 0.487691
vt 0.113568 0.505546
vt 0.119155 0.504948
vt 0.117217 0.523629
vt 0.122876 0.521876
vt 0.124452 0.540676
vt 0.129433 0.537982
vt 0.134769 0.556097
vt 0.139346 0.552317
vt 0.147953 0.569083
vt 0.151519 0.564696
vt 0.163310 0.579350
vt 0.166080 0.574114
vt 0.216658 0.589927
vt 0.216052 0.584141
vt 0.176955 0.398092
vt 0.158389 0.405725
vt 0.150408 0.390893
vt 0.172097 0.382046
vt 0.284660 0.560306
vt 0.295084 0.543752
vt 0.309768 0.551172
vt 0.297637 0.570411
vt 0.141693 0.417086
vt 0.130891 0.404101
vt 0.302177 0.525458
vt 0.318073 0.529967
vt 0.127642 0.431420
vt 0.114515 0.420843
vt 0.305715 0.505960
vt 0.322249 0.507428
vt 0.116648 0.448163
vt 0.101734 0.440372
vt 0.305596 0.485940
vt 0.322246 0.484427
vt 0.109111 0.466753
vt 0.093004 0.462020
vt 0.301965 0.466267
vt 0.318078 0.461699
vt 0.105390 0.486438
vt 0.088685 0.484909
vt 0.294791 0.447669
vt 0.309637 0.440047
vt 0.105563 0.506375
vt 0.088849 0.508107
vt 0.283956 0.430983
vt 0.296955 0.420556
vt 0.109488 0.526007
vt 0.093415 0.530939
vt 0.270082 0.416855
vt 0.280717 0.404101
vt 0.117271 0.544544
vt 0.102405 0.552553
vt 0.253756 0.405828
vt 0.261680 0.391229
vt 0.217494 0.597898
vt 0.219247 0.614475
vt 0.128504 0.561277
vt 0.115516 0.572036
vt 0.235594 0.398076
vt 0.240476 0.382230
vt 0.236954 0.593729
vt 0.242045 0.609597
vt 0.142837 0.575384
vt 0.132201 0.588479
vt 0.216144 0.394209
vt 0.217805 0.377677
vt 0.255041 0.585805
vt 0.263183 0.600256
vt 0.159553 0.586467
vt 0.151723 0.601337
vt 0.196385 0.394271
vt 0.194784 0.377675
vt 0.271176 0.574556
vt 0.281941 0.587033
vt 0.198007 0.593734
vt 0.217069 0.593885
vt 0.235716 0.589889
vt 0.253091 0.582320
vt 0.268575 0.571523
vt 0.281515 0.557850
vt 0.291521 0.541952
vt 0.298314 0.524370
vt 0.301672 0.505606
vt 0.301529 0.486309
vt 0.298024 0.467381
vt 0.291206 0.449500
vt 0.280797 0.433501
vt 0.267498 0.419937
vt 0.251827 0.409357
vt 0.234405 0.401917
vt 0.215740 0.398219
vt 0.196784 0.398308
vt 0.178133 0.401957
vt 0.160340 0.409341
vt 0.144322 0.420229
vt 0.130805 0.433972
vt 0.120259 0.450063
vt 0.113023 0.467913
vt 0.109444 0.486816
vt 0.109615 0.505962
vt 0.113392 0.524815
vt 0.120882 0.542605
vt 0.131673 0.558652
vt 0.145410 0.572200
vt 0.161452 0.582859
vt 0.179253 0.590158
vt 0.132283 0.355964
vt 0.149326 0.388754
vt 0.129543 0.401938
vt 0.106355 0.373101
vt 0.048923 0.510890
vt 0.085730 0.507570
vt 0.090347 0.530851
vt 0.054889 0.541228
vt 0.048950 0.479897
vt 0.085733 0.483812
vt 0.105769 0.617668
vt 0.129406 0.589314
vt 0.149119 0.602476
vt 0.131485 0.634863
vt 0.280921 0.356596
vt 0.263232 0.388842
vt 0.241372 0.379753
vt 0.252370 0.344611
vt 0.251653 0.646694
vt 0.241127 0.611362
vt 0.262952 0.602211
vt 0.280182 0.634781
vt 0.306486 0.373952
vt 0.282860 0.402001
vt 0.362523 0.510696
vt 0.325666 0.507000
vt 0.325882 0.483381
vt 0.362482 0.479749
vt 0.356479 0.541257
vt 0.321014 0.530406
vt 0.160965 0.344284
vt 0.171262 0.379701
vt 0.055027 0.449463
vt 0.090373 0.460490
vt 0.083873 0.595751
vt 0.112622 0.572538
vt 0.221319 0.652788
vt 0.217919 0.616058
vt 0.328007 0.395810
vt 0.299481 0.418686
vt 0.191251 0.338410
vt 0.194495 0.375102
vt 0.066991 0.420741
vt 0.099483 0.438506
vt 0.190311 0.652782
vt 0.194223 0.616116
vt 0.344851 0.421334
vt 0.312499 0.438287
vt 0.344660 0.569905
vt 0.312158 0.552389
vt 0.327579 0.595603
vt 0.299176 0.572141
vt 0.222078 0.338505
vt 0.218159 0.375117
vt 0.084317 0.394967
vt 0.112711 0.418736
vt 0.066670 0.569891
vt 0.099424 0.552789
vt 0.159981 0.646707
vt 0.170993 0.611525
vt 0.272679 0.459509
vt 0.271742 0.460011
vt 0.305816 0.617524
vt 0.282557 0.588964
vt 0.321434 0.460147
vt 0.356491 0.449633
vt 0.283786 0.503281
vt 0.283844 0.487756
vt 0.285919 0.470996
vt 0.283315 0.471780
vt 0.280850 0.472525
vt 0.279607 0.455695
vt 0.277218 0.456970
vt 0.274956 0.458175
vt 0.270435 0.441932
vt 0.268341 0.443651
vt 0.266347 0.445281
vt 0.255363 0.434301
vt 0.257005 0.432303
vt 0.258723 0.430206
vt 0.244960 0.421019
vt 0.243687 0.423409
vt 0.242480 0.425669
vt 0.229681 0.414704
vt 0.228901 0.417293
vt 0.228154 0.419762
vt 0.213493 0.411510
vt 0.213231 0.414186
vt 0.212983 0.416738
vt 0.197041 0.411510
vt 0.197305 0.414198
vt 0.197555 0.416734
vt 0.180924 0.414721
vt 0.181699 0.417289
vt 0.182434 0.419739
vt 0.165723 0.420965
vt 0.166994 0.423349
vt 0.168193 0.425608
vt 0.152033 0.430110
vt 0.153743 0.432186
vt 0.155371 0.434169
vt 0.140464 0.441744
vt 0.142540 0.443436
vt 0.144511 0.445045
vt 0.131445 0.455336
vt 0.133803 0.456591
vt 0.136034 0.457781
vt 0.125191 0.470400
vt 0.127775 0.471181
vt 0.130243 0.471920
vt 0.127188 0.487267
vt 0.124615 0.487014
vt 0.121898 0.486748
vt 0.121922 0.503450
vt 0.124597 0.503205
vt 0.127151 0.502981
vt 0.129909 0.517897
vt 0.127487 0.518612
vt 0.124928 0.519361
vt 0.130969 0.534456
vt 0.133337 0.533224
vt 0.135581 0.532057
vt 0.139870 0.548181
vt 0.141963 0.546501
vt 0.143960 0.544898
vt 0.151366 0.559926
vt 0.153091 0.557863
vt 0.154729 0.555902
vt 0.164928 0.569175
vt 0.166218 0.566822
vt 0.167442 0.564585
vt 0.180072 0.575664
vt 0.180884 0.573078
vt 0.181655 0.570620
vt 0.196256 0.579028
vt 0.196544 0.576349
vt 0.196815 0.573794
vt 0.212757 0.579177
vt 0.212515 0.576477
vt 0.212285 0.573930
vt 0.228975 0.576087
vt 0.228214 0.573499
vt 0.227491 0.571031
vt 0.244333 0.569899
vt 0.243069 0.567486
vt 0.241875 0.565200
vt 0.258216 0.560779
vt 0.256507 0.558669
vt 0.254879 0.556654
vt 0.265954 0.545767
vt 0.267927 0.547409
vt 0.270005 0.549138
vt 0.279307 0.535428
vt 0.276910 0.534130
vt 0.274642 0.532898
vt 0.280671 0.518533
vt 0.283152 0.519298
vt 0.285753 0.520098
vt 0.345734 0.420866
vt 0.357450 0.449343
vt 0.273105 0.459277
vt 0.278848 0.473138
vt 0.328780 0.395184
vt 0.281783 0.487855
vt 0.307130 0.373180
vt 0.281783 0.502857
vt 0.281405 0.355703
vt 0.278871 0.517578
vt 0.252667 0.343645
vt 0.273141 0.531444
vt 0.222179 0.337502
vt 0.264824 0.543929
vt 0.191156 0.337412
vt 0.254238 0.554555
vt 0.160678 0.343316
vt 0.241785 0.562914
vt 0.131811 0.355067
vt 0.227944 0.568684
vt 0.105711 0.372310
vt 0.213242 0.571650
vt 0.083539 0.394325
vt 0.198250 0.571687
vt 0.066091 0.420258
vt 0.183535 0.568798
vt 0.054056 0.449167
vt 0.169667 0.563093
vt 0.047942 0.479798
vt 0.157177 0.554787
vt 0.047916 0.510988
vt 0.146546 0.544198
vt 0.053926 0.541517
vt 0.138176 0.531722
vt 0.065770 0.570369
vt 0.132408 0.517837
vt 0.083089 0.596393
vt 0.129447 0.503060
vt 0.105127 0.618450
vt 0.129452 0.487928
vt 0.131009 0.635753
vt 0.132344 0.473258
vt 0.159688 0.647667
vt 0.138042 0.459415
vt 0.190211 0.653795
vt 0.146357 0.446926
vt 0.221420 0.653795
vt 0.156999 0.436256
vt 0.251949 0.647660
vt 0.169476 0.427911
vt 0.280661 0.635670
vt 0.183341 0.422151
vt 0.306460 0.618301
vt 0.198061 0.419215
vt 0.328361 0.596240
vt 0.213071 0.419205
vt 0.345547 0.570377
vt 0.227793 0.422125
vt 0.357456 0.541552
vt 0.241666 0.427862
vt 0.363533 0.510794
vt 0.254148 0.436196
vt 0.363485 0.479649
vt 0.264763 0.446802
vt 0.282276 0.753237
vt 0.281585 0.754079
vt 0.269054 0.745689
vt 0.269568 0.744727
vt 0.293078 0.764061
vt 0.292237 0.764752
vt 0.255074 0.739886
vt 0.255391 0.738842
vt 0.240295 0.736941
vt 0.240401 0.735859
vt 0.225258 0.736944
vt 0.225148 0.735866
vt 0.210529 0.739881
vt 0.210212 0.738842
vt 0.196641 0.745652
vt 0.196126 0.744695
vt 0.184144 0.754021
vt 0.183453 0.753186
vt 0.173517 0.764667
vt 0.172675 0.763982
vt 0.165168 0.777182
vt 0.164207 0.776670
vt 0.159415 0.791085
vt 0.158376 0.790774
vt 0.156480 0.805844
vt 0.155397 0.805738
vt 0.156475 0.820893
vt 0.155396 0.821002
vt 0.159399 0.835656
vt 0.158358 0.835972
vt 0.165142 0.849567
vt 0.164183 0.850079
vt 0.173489 0.862091
vt 0.172649 0.862780
vt 0.184120 0.872745
vt 0.183434 0.873585
vt 0.196626 0.881121
vt 0.196115 0.882083
vt 0.210590 0.886922
vt 0.210275 0.887967
vt 0.225418 0.889886
vt 0.225311 0.890974
vt 0.240541 0.889895
vt 0.240649 0.890980
vt 0.255307 0.886961
vt 0.255624 0.888000
vt 0.269206 0.881193
vt 0.269721 0.882147
vt 0.281704 0.872826
vt 0.282396 0.873662
vt 0.292325 0.862182
vt 0.293167 0.862870
vt 0.300662 0.849670
vt 0.301620 0.850176
vt 0.306399 0.835772
vt 0.307439 0.836083
vt 0.309315 0.821021
vt 0.310395 0.821123
vt 0.309299 0.805984
vt 0.310379 0.805873
vt 0.306353 0.791235
vt 0.307395 0.790918
vt 0.317723 0.821952
vt 0.314982 0.821681
vt 0.314963 0.805375
vt 0.317711 0.805102
vt 0.329238 0.842790
vt 0.345280 0.847322
vt 0.336920 0.868889
vt 0.322066 0.861361
vt 0.314901 0.857767
vt 0.309815 0.855183
vt 0.315924 0.839070
vt 0.321492 0.840631
vt 0.277642 0.896615
vt 0.274923 0.891638
vt 0.288898 0.881947
vt 0.292555 0.886283
vt 0.260997 0.903762
vt 0.259318 0.898343
vt 0.243238 0.907466
vt 0.242660 0.901830
vt 0.225086 0.907583
vt 0.225598 0.902031
vt 0.207131 0.904210
vt 0.208828 0.898586
vt 0.190064 0.897224
vt 0.192778 0.892131
vt 0.174743 0.887071
vt 0.178385 0.882637
vt 0.161773 0.874118
vt 0.166114 0.870557
vt 0.151456 0.858837
vt 0.156698 0.856053
vt 0.144355 0.841680
vt 0.149910 0.839995
vt 0.140652 0.823564
vt 0.146393 0.822991
vt 0.140621 0.805175
vt 0.146215 0.805716
vt 0.144069 0.787044
vt 0.149751 0.788747
vt 0.151076 0.769909
vt 0.156186 0.772597
vt 0.161182 0.754583
vt 0.165533 0.758108
vt 0.174070 0.741484
vt 0.177768 0.745939
vt 0.189481 0.731071
vt 0.192314 0.736315
vt 0.206627 0.723926
vt 0.208311 0.729481
vt 0.224702 0.720305
vt 0.225242 0.726038
vt 0.243056 0.720309
vt 0.242454 0.726014
vt 0.260993 0.723935
vt 0.259281 0.729392
vt 0.277824 0.731025
vt 0.275076 0.736017
vt 0.292858 0.741254
vt 0.289196 0.745587
vt 0.305505 0.754199
vt 0.301089 0.757703
vt 0.315240 0.769349
vt 0.310320 0.771881
vt 0.322010 0.786067
vt 0.316489 0.787634
vt 0.325019 0.803906
vt 0.319419 0.804338
vt 0.324790 0.822276
vt 0.318834 0.821648
vt 0.300685 0.869648
vt 0.305150 0.873180
vt 0.168912 0.735253
vt 0.158119 0.722283
vt 0.177580 0.709006
vt 0.185601 0.723879
vt 0.244107 0.915398
vt 0.245926 0.931854
vt 0.222954 0.932138
vt 0.224383 0.915535
vt 0.199378 0.700014
vt 0.204274 0.716185
vt 0.200135 0.927975
vt 0.204837 0.911946
vt 0.222324 0.695558
vt 0.223928 0.712278
vt 0.178490 0.919180
vt 0.186312 0.904346
vt 0.245583 0.695688
vt 0.243866 0.712337
vt 0.159106 0.906323
vt 0.169674 0.893322
vt 0.268292 0.700340
vt 0.263351 0.716276
vt 0.142623 0.889982
vt 0.155555 0.879265
vt 0.289631 0.709394
vt 0.281648 0.723982
vt 0.129515 0.870666
vt 0.144330 0.862675
vt 0.308643 0.722504
vt 0.297962 0.735164
vt 0.120464 0.849015
vt 0.136583 0.844074
vt 0.324575 0.738983
vt 0.311689 0.749249
vt 0.115895 0.826087
vt 0.132629 0.824397
vt 0.336920 0.758153
vt 0.322275 0.765690
vt 0.115835 0.802833
vt 0.132554 0.804416
vt 0.324486 0.888366
vt 0.311423 0.878081
vt 0.345375 0.779354
vt 0.329613 0.783890
vt 0.120249 0.779945
vt 0.136350 0.784738
vt 0.308478 0.904983
vt 0.297735 0.892350
vt 0.349465 0.801773
vt 0.332965 0.803264
vt 0.129068 0.758352
vt 0.143918 0.766158
vt 0.289502 0.918047
vt 0.281489 0.903548
vt 0.349465 0.824675
vt 0.332867 0.823108
vt 0.141834 0.738957
vt 0.154917 0.749513
vt 0.268398 0.927091
vt 0.263399 0.911315
vt 0.308268 0.875611
vt 0.318443 0.859537
vt 0.295116 0.889277
vt 0.279556 0.900057
vt 0.262177 0.907491
vt 0.243666 0.911409
vt 0.224731 0.911510
vt 0.205989 0.908042
vt 0.188203 0.900766
vt 0.172232 0.890167
vt 0.158689 0.876666
vt 0.147925 0.860734
vt 0.140516 0.842868
vt 0.136666 0.823982
vt 0.136635 0.804802
vt 0.140259 0.785909
vt 0.147505 0.768041
vt 0.158098 0.752087
vt 0.171513 0.738384
vt 0.187558 0.727506
vt 0.205459 0.720107
vt 0.224315 0.716330
vt 0.243461 0.716348
vt 0.262167 0.720142
vt 0.279726 0.727526
vt 0.295368 0.738256
vt 0.308587 0.751729
vt 0.318729 0.767536
vt 0.325760 0.784993
vt 0.328964 0.803591
vt 0.328800 0.822694
vt 0.325347 0.841699
vt 0.187261 0.964601
vt 0.158637 0.952647
vt 0.175944 0.919957
vt 0.197869 0.929147
vt 0.075909 0.828679
vt 0.075916 0.797592
vt 0.112730 0.801003
vt 0.112659 0.824767
vt 0.081955 0.859024
vt 0.117242 0.848057
vt 0.111315 0.713033
vt 0.133108 0.691405
vt 0.156528 0.719597
vt 0.139805 0.736219
vt 0.333494 0.935473
vt 0.307855 0.952749
vt 0.290206 0.920363
vt 0.309921 0.907251
vt 0.247877 0.656701
vt 0.278214 0.662607
vt 0.267713 0.698088
vt 0.244457 0.693407
vt 0.355183 0.913582
vt 0.326651 0.890584
vt 0.383999 0.768610
vt 0.389911 0.799015
vt 0.353287 0.802486
vt 0.348538 0.779374
vt 0.372164 0.739771
vt 0.339444 0.757371
vt 0.217751 0.970723
vt 0.221178 0.933879
vt 0.093774 0.887617
vt 0.126286 0.870015
vt 0.094046 0.738594
vt 0.126600 0.755839
vt 0.217194 0.656730
vt 0.221009 0.693209
vt 0.372124 0.888027
vt 0.339767 0.871029
vt 0.248786 0.970751
vt 0.244946 0.933959
vt 0.111021 0.913467
vt 0.139454 0.889822
vt 0.187073 0.662686
vt 0.197934 0.697663
vt 0.383785 0.859752
vt 0.348791 0.849298
vt 0.354910 0.713812
vt 0.326297 0.737497
vt 0.332912 0.691753
vt 0.309501 0.720583
vt 0.279203 0.964685
vt 0.268255 0.929393
vt 0.132938 0.935412
vt 0.156238 0.906677
vt 0.082063 0.767129
vt 0.117449 0.777714
vt 0.158635 0.674421
vt 0.176144 0.706583
vt 0.300600 0.777298
vt 0.301560 0.776785
vt 0.306975 0.674442
vt 0.289711 0.707275
vt 0.389801 0.829737
vt 0.353375 0.826133
vt 0.312376 0.821423
vt 0.312351 0.805634
vt 0.314445 0.838442
vt 0.311820 0.837646
vt 0.309317 0.836884
vt 0.308022 0.853985
vt 0.305586 0.852684
vt 0.303281 0.851447
vt 0.298670 0.867960
vt 0.296545 0.866211
vt 0.294533 0.864557
vt 0.285028 0.877708
vt 0.283364 0.875677
vt 0.286769 0.879838
vt 0.272782 0.889152
vt 0.271492 0.886724
vt 0.270268 0.884426
vt 0.257254 0.895554
vt 0.256463 0.892923
vt 0.255705 0.890413
vt 0.240796 0.898798
vt 0.240531 0.896076
vt 0.240281 0.893479
vt 0.224040 0.898786
vt 0.224314 0.896049
vt 0.224577 0.893459
vt 0.207639 0.895473
vt 0.208437 0.892864
vt 0.209201 0.890377
vt 0.192213 0.889044
vt 0.193514 0.886630
vt 0.194748 0.884346
vt 0.178384 0.879704
vt 0.180124 0.877608
vt 0.181778 0.875616
vt 0.166714 0.867895
vt 0.168819 0.866190
vt 0.170818 0.864569
vt 0.157642 0.854128
vt 0.160025 0.852867
vt 0.162280 0.851670
vt 0.151367 0.838933
vt 0.153986 0.838139
vt 0.156475 0.837394
vt 0.150700 0.822015
vt 0.153329 0.821746
vt 0.147933 0.822295
vt 0.147933 0.805279
vt 0.150656 0.805526
vt 0.153247 0.805746
vt 0.153598 0.789858
vt 0.156065 0.790581
vt 0.150993 0.789095
vt 0.157152 0.773717
vt 0.159563 0.774975
vt 0.161857 0.776167
vt 0.166248 0.759756
vt 0.168372 0.761469
vt 0.170401 0.763101
vt 0.177945 0.747865
vt 0.179692 0.749961
vt 0.181348 0.751943
vt 0.191714 0.738491
vt 0.193019 0.740880
vt 0.194266 0.743159
vt 0.207097 0.731938
vt 0.207918 0.734562
vt 0.208698 0.737046
vt 0.223510 0.728540
vt 0.223800 0.731261
vt 0.224081 0.733856
vt 0.240294 0.728395
vt 0.240044 0.731142
vt 0.239811 0.733743
vt 0.256795 0.731563
vt 0.256018 0.734192
vt 0.255280 0.736701
vt 0.272376 0.737877
vt 0.271095 0.740319
vt 0.269879 0.742640
vt 0.286480 0.747153
vt 0.284735 0.749306
vt 0.283076 0.751352
vt 0.296337 0.760785
vt 0.294328 0.762450
vt 0.298462 0.759029
vt 0.307855 0.772973
vt 0.305436 0.774278
vt 0.303131 0.775524
vt 0.311731 0.789346
vt 0.309210 0.790118
vt 0.314383 0.788533
vt 0.390797 0.829838
vt 0.384742 0.860043
vt 0.301998 0.776549
vt 0.293462 0.763742
vt 0.373003 0.888494
vt 0.282589 0.752850
vt 0.355963 0.914215
vt 0.269800 0.744285
vt 0.334137 0.936249
vt 0.255533 0.738365
vt 0.308335 0.953640
vt 0.240447 0.735364
vt 0.279500 0.965660
vt 0.225095 0.735372
vt 0.248884 0.971755
vt 0.210065 0.738369
vt 0.217649 0.971739
vt 0.195890 0.744258
vt 0.186964 0.965571
vt 0.183134 0.752805
vt 0.158158 0.953538
vt 0.172290 0.763669
vt 0.132299 0.936190
vt 0.163766 0.776439
vt 0.110233 0.914113
vt 0.157900 0.790634
vt 0.092880 0.888093
vt 0.154902 0.805694
vt 0.080993 0.859316
vt 0.154902 0.821053
vt 0.074900 0.828779
vt 0.157882 0.836118
vt 0.074900 0.797490
vt 0.163746 0.850315
vt 0.081095 0.766830
vt 0.172266 0.863099
vt 0.093158 0.738113
vt 0.183121 0.873972
vt 0.110541 0.712391
vt 0.195882 0.882522
vt 0.132477 0.690632
vt 0.210132 0.888446
vt 0.158163 0.673536
vt 0.225266 0.891472
vt 0.186781 0.661719
vt 0.240700 0.891475
vt 0.217096 0.655737
vt 0.255771 0.888476
vt 0.247972 0.655700
vt 0.269958 0.882585
vt 0.278504 0.661636
vt 0.282715 0.874044
vt 0.307456 0.673539
vt 0.293552 0.863182
vt 0.333558 0.690967
vt 0.302061 0.850407
vt 0.355698 0.713169
vt 0.307915 0.836222
vt 0.373063 0.739294
vt 0.310890 0.821167
vt 0.384972 0.768320
vt 0.310872 0.805820
vt 0.390915 0.798920
vt 0.307870 0.790770
vt 0.472266 0.357354
vt 0.576237 0.388893
vt 0.568087 0.408571
vt 0.556253 0.426280
vt 0.541193 0.441341
vt 0.523483 0.453174
vt 0.503806 0.461325
vt 0.482916 0.465480
vt 0.461617 0.465480
vt 0.440727 0.461325
vt 0.421049 0.453174
vt 0.403340 0.441341
vt 0.388279 0.426280
vt 0.376446 0.408571
vt 0.368295 0.388893
vt 0.364140 0.368003
vt 0.364140 0.346704
vt 0.368295 0.325815
vt 0.376446 0.306137
vt 0.388279 0.288427
vt 0.403340 0.273367
vt 0.421049 0.261534
vt 0.440727 0.253383
vt 0.461617 0.249228
vt 0.482916 0.249228
vt 0.503806 0.253383
vt 0.523483 0.261534
vt 0.541193 0.273367
vt 0.556253 0.288427
vt 0.568086 0.306137
vt 0.576237 0.325815
vt 0.580392 0.346704
vt 0.580392 0.368003
vt 0.472245 0.634794
vt 0.555236 0.566685
vt 0.566928 0.584185
vt 0.540354 0.551803
vt 0.522854 0.540111
vt 0.503410 0.532057
vt 0.482768 0.527951
vt 0.461722 0.527951
vt 0.441080 0.532057
vt 0.421636 0.540111
vt 0.404136 0.551803
vt 0.389254 0.566685
vt 0.377562 0.584185
vt 0.369508 0.603629
vt 0.365402 0.624271
vt 0.365402 0.645317
vt 0.369508 0.665959
vt 0.377562 0.685403
vt 0.389254 0.702903
vt 0.404136 0.717785
vt 0.421636 0.729477
vt 0.441080 0.737532
vt 0.461722 0.741638
vt 0.482768 0.741638
vt 0.503410 0.737532
vt 0.522854 0.729477
vt 0.540354 0.717785
vt 0.555236 0.702903
vt 0.566928 0.685403
vt 0.574982 0.665959
vt 0.579088 0.645317
vt 0.579088 0.624271
vt 0.574982 0.603629
vt 0.012957 0.816395
vt 0.000475 0.816412
vt 0.000428 0.785364
vt 0.012965 0.785353
vt 0.012944 0.847257
vt 0.000519 0.847264
vt 0.012869 0.878007
vt 0.000499 0.878013
vt 0.012845 0.908636
vt 0.000532 0.908646
vt 0.012800 0.939073
vt 0.000567 0.939083
vt 0.012753 0.969320
vt 0.000597 0.969318
vt 0.012707 0.999608
vt 0.000528 0.999465
vt 0.013743 0.034059
vt 0.000499 0.034062
vt 0.000428 0.001080
vt 0.013798 0.000945
vt 0.013752 0.066947
vt 0.000470 0.066942
vt 0.013725 0.099714
vt 0.000525 0.099725
vt 0.013656 0.132375
vt 0.000517 0.132387
vt 0.013644 0.164908
vt 0.000566 0.164925
vt 0.013609 0.197238
vt 0.000616 0.197254
vt 0.013572 0.229353
vt 0.000666 0.229369
vt 0.013536 0.261254
vt 0.000715 0.261269
vt 0.013499 0.292941
vt 0.000765 0.292957
vt 0.013463 0.324417
vt 0.000814 0.324433
vt 0.013427 0.355683
vt 0.000862 0.355699
vt 0.013392 0.386740
vt 0.000910 0.386756
vt 0.013357 0.417590
vt 0.000959 0.417605
vt 0.013321 0.448234
vt 0.001006 0.448249
vt 0.013287 0.478675
vt 0.001053 0.478688
vt 0.013252 0.508938
vt 0.001087 0.508924
vt 0.013217 0.539201
vt 0.000984 0.539160
vt 0.013185 0.569641
vt 0.000867 0.569600
vt 0.013173 0.600270
vt 0.000754 0.600254
vt 0.013111 0.630995
vt 0.000741 0.631004
vt 0.013099 0.661651
vt 0.000773 0.661637
vt 0.013068 0.692322
vt 0.000669 0.692280
vt 0.013036 0.723172
vt 0.000553 0.723131
vt 0.013026 0.754214
vt 0.000440 0.754199
vt 0.025551 0.785368
vt 0.025438 0.816436
vt 0.025326 0.847282
vt 0.025287 0.878029
vt 0.025162 0.908682
vt 0.025033 0.939121
vt 0.024910 0.969355
vt 0.024886 0.999503
vt 0.027176 0.001109
vt 0.027032 0.034101
vt 0.026979 0.066983
vt 0.026875 0.099736
vt 0.026847 0.132393
vt 0.026726 0.164952
vt 0.026602 0.197284
vt 0.026479 0.229399
vt 0.026356 0.261299
vt 0.026234 0.292986
vt 0.026113 0.324462
vt 0.025993 0.355727
vt 0.025873 0.386784
vt 0.025755 0.417634
vt 0.025637 0.448277
vt 0.025520 0.478716
vt 0.025417 0.508952
vt 0.025451 0.539187
vt 0.025498 0.569626
vt 0.025543 0.600260
vt 0.025530 0.631010
vt 0.025430 0.661663
vt 0.025466 0.692307
vt 0.025515 0.723156
vt 0.025563 0.754203
s 1
usemtl Bomb_3
f 4/1/1 236/2/2 237/3/3 7/4/4
f 107/5/5 1/6/6 4/1/1 5/7/7
f 2/8/8 107/5/5 5/7/7 6/9/9
f 234/10/10 106/11/11 2/8/8 140/12/12
f 1/6/6 267/13/13 236/2/2 4/1/1
f 5/7/7 4/1/1 7/4/4 8/14/14
f 6/9/9 5/7/7 8/14/14 9/15/15
f 110/16/16 109/17/17 143/18/18 146/19/19
f 111/20/20 110/16/16 146/19/19 149/21/21
f 7/4/4 237/3/3 238/22/22 10/23/23
f 8/14/14 7/4/4 10/23/23 11/24/24
f 9/15/15 8/14/14 11/24/24 12/25/25
f 10/23/23 238/22/22 239/26/26 14/27/27
f 11/24/24 10/23/23 14/27/27 15/28/28
f 12/25/25 11/24/24 15/28/28 16/29/29
f 112/30/30 111/20/20 149/21/21 152/31/31
f 113/32/32 112/30/30 152/31/31 155/33/33
f 14/27/27 239/26/26 240/34/34 17/35/35
f 15/28/28 14/27/27 17/35/35 18/36/36
f 16/29/29 15/28/28 18/36/36 19/37/37
f 18/36/36 17/35/35 20/38/38 21/39/39
f 19/37/37 18/36/36 21/39/39 22/40/40
f 114/41/41 113/32/32 155/33/33 158/42/42
f 17/35/35 240/34/34 241/43/43 20/38/38
f 20/38/38 241/43/43 242/44/44 24/45/45
f 21/39/39 20/38/38 24/45/45 25/46/46
f 22/40/40 21/39/39 25/46/46 26/47/47
f 115/48/48 114/41/41 158/42/42 161/49/49
f 25/46/46 24/45/45 27/50/50 28/51/51
f 26/47/47 25/46/46 28/51/51 29/52/52
f 116/53/53 115/48/48 161/49/49 164/54/54
f 24/45/45 242/44/44 243/55/55 27/50/50
f 27/50/50 243/55/55 244/56/56 30/57/57
f 28/51/51 27/50/50 30/57/57 31/58/58
f 29/52/52 28/51/51 31/58/58 32/59/59
f 117/60/60 116/53/53 164/54/54 167/61/61
f 31/58/58 30/57/57 34/62/62 35/63/63
f 32/59/59 31/58/58 35/63/63 36/64/64
f 118/65/65 117/60/60 167/61/61 170/66/66
f 30/57/57 244/56/56 245/67/67 34/62/62
f 34/62/62 245/67/67 246/68/68 37/69/69
f 35/63/63 34/62/62 37/69/69 38/70/70
f 36/64/64 35/63/63 38/70/70 39/71/71
f 119/72/72 118/65/65 170/66/66 173/73/73
f 39/71/71 38/70/70 41/74/74 42/75/75
f 120/76/76 119/72/72 173/73/73 176/77/77
f 37/69/69 246/68/68 247/78/78 40/79/79
f 38/70/70 37/69/69 40/79/79 41/74/74
f 40/79/79 247/78/78 248/80/80 44/81/81
f 41/74/74 40/79/79 44/81/81 45/82/82
f 42/75/75 41/74/74 45/82/82 46/83/83
f 121/84/84 120/76/76 176/77/77 179/85/85
f 46/83/83 45/82/82 48/86/86 49/87/87
f 122/88/88 121/84/84 179/85/85 182/89/89
f 44/81/81 248/80/80 249/90/90 47/91/91
f 45/82/82 44/81/81 47/91/91 48/86/86
f 47/91/91 249/90/90 250/92/92 51/93/93
f 48/86/86 47/91/91 51/93/93 52/94/94
f 49/87/87 48/86/86 52/94/94 53/95/95
f 123/96/96 122/88/88 182/89/89 185/97/97
f 124/98/98 123/96/96 185/97/97 188/99/99
f 51/93/93 250/92/92 251/100/100 54/101/101
f 52/94/94 51/93/93 54/101/101 55/102/102
f 53/95/95 52/94/94 55/102/102 56/103/103
f 55/102/102 54/101/101 57/104/104 58/105/105
f 56/103/103 55/102/102 58/105/105 59/106/106
f 125/107/107 124/98/98 188/99/99 191/108/108
f 54/101/101 251/100/100 252/109/109 57/104/104
f 57/104/104 252/109/109 253/110/110 60/111/111
f 58/105/105 57/104/104 60/111/111 61/112/112
f 59/106/106 58/105/105 61/112/112 62/113/113
f 126/114/114 125/107/107 191/108/108 194/115/115
f 61/112/112 60/111/111 64/116/116 65/117/117
f 62/113/113 61/112/112 65/117/117 66/118/118
f 127/119/119 126/114/114 194/115/115 197/120/120
f 60/111/111 253/110/110 254/121/121 64/116/116
f 64/116/116 254/121/121 255/122/122 67/123/123
f 65/117/117 64/116/116 67/123/123 68/124/124
f 66/118/118 65/117/117 68/124/124 69/125/125
f 128/126/126 127/119/119 197/120/120 200/127/127
f 68/124/124 67/123/123 70/128/128 71/129/129
f 69/125/125 68/124/124 71/129/129 72/130/130
f 129/131/131 128/126/126 200/127/127 203/132/132
f 67/123/123 255/122/122 256/133/133 70/128/128
f 70/128/128 256/133/133 257/134/134 74/135/135
f 71/129/129 70/128/128 74/135/135 75/136/136
f 72/130/130 71/129/129 75/136/136 76/137/137
f 130/138/138 129/131/131 203/132/132 206/139/139
f 75/136/136 74/135/135 77/140/140 78/141/141
f 76/137/137 75/136/136 78/141/141 79/142/142
f 131/143/143 130/138/138 206/139/139 209/144/144
f 74/135/135 257/134/134 258/145/145 77/140/140
f 77/140/140 258/145/145 259/146/146 80/147/147
f 78/141/141 77/140/140 80/147/147 81/148/148
f 79/142/142 78/141/141 81/148/148 82/149/149
f 132/150/150 131/143/143 209/144/144 212/151/151
f 82/152/149 81/153/148 85/154/152 86/155/153
f 133/156/154 132/150/150 212/151/151 215/157/155
f 80/158/147 259/159/146 260/160/156 84/161/157
f 81/153/148 80/158/147 84/161/157 85/154/152
f 84/161/157 260/160/156 261/162/158 87/163/159
f 85/154/152 84/161/157 87/163/159 88/164/160
f 86/155/153 85/154/152 88/164/160 89/165/161
f 134/166/162 133/156/154 215/157/155 218/167/163
f 135/168/164 134/166/162 218/167/163 221/169/165
f 87/163/159 261/162/158 262/170/166 90/171/167
f 88/164/160 87/163/159 90/171/167 91/172/168
f 89/165/161 88/164/160 91/172/168 92/173/169
f 90/171/167 262/170/166 263/174/170 93/175/171
f 91/172/168 90/171/167 93/175/171 94/176/172
f 92/173/169 91/172/168 94/176/172 95/177/173
f 136/178/174 135/168/164 221/169/165 224/179/175
f 137/180/176 136/178/174 224/179/175 227/181/177
f 93/175/171 263/174/170 264/182/178 96/183/179
f 94/176/172 93/175/171 96/183/179 97/184/180
f 95/177/173 94/176/172 97/184/180 98/185/181
f 97/184/180 96/183/179 100/186/182 101/187/183
f 98/185/181 97/184/180 101/187/183 102/188/184
f 138/189/185 137/180/176 227/181/177 230/190/186
f 96/183/179 264/182/178 265/191/187 100/186/182
f 100/186/182 265/191/187 266/192/188 104/193/189
f 101/187/183 100/186/182 104/193/189 105/194/190
f 102/188/184 101/187/183 105/194/190 106/11/11
f 105/194/190 104/193/189 1/6/6 107/5/5
f 106/11/11 105/194/190 107/5/5 2/8/8
f 104/193/189 266/192/188 267/13/13 1/6/6
f 186/195/191 53/95/95 56/103/103 189/196/192
f 189/196/192 56/103/103 59/106/106 192/197/193
f 192/197/193 59/106/106 62/113/113 195/198/194
f 195/198/194 62/113/113 66/118/118 198/199/195
f 198/199/195 66/118/118 69/125/125 201/200/196
f 201/200/196 69/125/125 72/130/130 204/201/197
f 204/201/197 72/130/130 76/137/137 207/202/198
f 207/202/198 76/137/137 79/142/142 210/203/199
f 210/203/199 79/142/142 82/149/149 213/204/200
f 213/205/200 82/152/149 86/155/153 216/206/201
f 216/206/201 86/155/153 89/165/161 219/207/202
f 219/207/202 89/165/161 92/173/169 222/208/203
f 109/17/17 108/209/204 141/210/205 143/18/18
f 222/208/203 92/173/169 95/177/173 225/211/206
f 144/212/207 6/9/9 9/15/15 147/213/208
f 225/211/206 95/177/173 98/185/181 228/214/209
f 147/213/208 9/15/15 12/25/25 150/215/210
f 228/214/209 98/185/181 102/188/184 231/216/211
f 150/215/210 12/25/25 16/29/29 153/217/212
f 231/216/211 102/188/184 106/11/11 234/10/10
f 153/217/212 16/29/29 19/37/37 156/218/213
f 140/12/12 2/8/8 6/9/9 144/212/207
f 156/218/213 19/37/37 22/40/40 159/219/214
f 159/219/214 22/40/40 26/47/47 162/220/215
f 162/220/215 26/47/47 29/52/52 165/221/216
f 165/221/216 29/52/52 32/59/59 168/222/217
f 168/222/217 32/59/59 36/64/64 171/223/218
f 171/223/218 36/64/64 39/71/71 174/224/219
f 174/224/219 39/71/71 42/75/75 177/225/220
f 177/225/220 42/75/75 46/83/83 180/226/221
f 180/226/221 46/83/83 49/87/87 183/227/222
f 183/227/222 49/87/87 53/95/95 186/195/191
f 234/10/10 140/12/12 142/228/223 235/229/224
f 235/230/224 142/231/223 141/210/205 233/232/225
f 231/216/211 234/10/10 235/229/224 232/233/226
f 232/234/226 235/230/224 233/232/225 230/190/186
f 228/214/209 231/216/211 232/233/226 229/235/227
f 229/236/227 232/234/226 230/190/186 227/181/177
f 225/211/206 228/214/209 229/235/227 226/237/228
f 226/238/228 229/236/227 227/181/177 224/179/175
f 222/208/203 225/211/206 226/237/228 223/239/229
f 223/240/229 226/238/228 224/179/175 221/169/165
f 219/207/202 222/208/203 223/239/229 220/241/230
f 220/242/230 223/240/229 221/169/165 218/167/163
f 216/206/201 219/207/202 220/241/230 217/243/231
f 217/244/231 220/242/230 218/167/163 215/157/155
f 213/205/200 216/206/201 217/243/231 214/245/232
f 214/246/232 217/244/231 215/157/155 212/151/151
f 210/203/199 213/204/200 214/247/232 211/248/233
f 211/249/233 214/246/232 212/151/151 209/144/144
f 207/202/198 210/203/199 211/248/233 208/250/234
f 208/251/234 211/249/233 209/144/144 206/139/139
f 204/201/197 207/202/198 208/250/234 205/252/235
f 205/253/235 208/251/234 206/139/139 203/132/132
f 201/200/196 204/201/197 205/252/235 202/254/236
f 202/255/236 205/253/235 203/132/132 200/127/127
f 198/199/195 201/200/196 202/254/236 199/256/237
f 199/257/237 202/255/236 200/127/127 197/120/120
f 195/198/194 198/199/195 199/256/237 196/258/238
f 196/259/238 199/257/237 197/120/120 194/115/115
f 192/197/193 195/198/194 196/258/238 193/260/239
f 193/261/239 196/259/238 194/115/115 191/108/108
f 189/196/192 192/197/193 193/260/239 190/262/240
f 190/263/240 193/261/239 191/108/108 188/99/99
f 186/195/191 189/196/192 190/262/240 187/264/241
f 187/265/241 190/263/240 188/99/99 185/97/97
f 183/227/222 186/195/191 187/264/241 184/266/242
f 184/267/242 187/265/241 185/97/97 182/89/89
f 180/226/221 183/227/222 184/266/242 181/268/243
f 181/269/243 184/267/242 182/89/89 179/85/85
f 177/225/220 180/226/221 181/268/243 178/270/244
f 178/271/244 181/269/243 179/85/85 176/77/77
f 174/224/219 177/225/220 178/270/244 175/272/245
f 175/273/245 178/271/244 176/77/77 173/73/73
f 171/223/218 174/224/219 175/272/245 172/274/246
f 172/275/246 175/273/245 173/73/73 170/66/66
f 168/222/217 171/223/218 172/274/246 169/276/247
f 169/277/247 172/275/246 170/66/66 167/61/61
f 165/221/216 168/222/217 169/276/247 166/278/248
f 166/279/248 169/277/247 167/61/61 164/54/54
f 162/220/215 165/221/216 166/278/248 163/280/249
f 163/281/249 166/279/248 164/54/54 161/49/49
f 159/219/214 162/220/215 163/280/249 160/282/250
f 160/283/250 163/281/249 161/49/49 158/42/42
f 156/218/213 159/219/214 160/282/250 157/284/251
f 157/285/251 160/283/250 158/42/42 155/33/33
f 153/217/212 156/218/213 157/284/251 154/286/252
f 154/287/252 157/285/251 155/33/33 152/31/31
f 150/215/210 153/217/212 154/286/252 151/288/253
f 151/289/253 154/287/252 152/31/31 149/21/21
f 147/213/208 150/215/210 151/288/253 148/290/254
f 148/291/254 151/289/253 149/21/21 146/19/19
f 144/212/207 147/213/208 148/290/254 145/292/255
f 145/293/255 148/291/254 146/19/19 143/18/18
f 140/12/12 144/212/207 145/292/255 142/228/223
f 142/231/223 145/293/255 143/18/18 141/210/205
f 139/294/256 138/189/185 230/190/186 233/232/225
f 278/295/257 279/296/258 258/297/258 257/298/257
f 283/299/259 284/300/260 263/301/260 262/302/259
f 23/303/261 13/304/262 245/305/262 244/306/261
f 270/307/263 271/308/264 250/309/264 249/310/263
f 277/311/265 278/295/257 257/298/257 256/312/265
f 282/313/266 283/299/259 262/302/259 261/314/266
f 83/315/267 73/316/268 239/317/268 238/318/267
f 287/319/269 288/320/270 267/321/270 266/322/269
f 33/323/271 23/303/261 244/306/261 243/324/271
f 269/325/272 270/307/263 249/310/263 248/326/272
f 286/327/273 287/319/269 266/322/269 265/328/273
f 272/329/274 273/330/275 252/331/275 251/332/274
f 281/333/276 282/313/266 261/314/266 260/334/276
f 103/335/277 83/315/267 238/318/267 237/336/277
f 275/337/278 276/338/279 255/339/279 254/340/278
f 43/341/280 33/323/271 243/324/271 242/342/280
f 268/343/281 269/325/272 248/326/272 247/344/281
f 280/345/282 281/333/276 260/334/276 259/346/282
f 99/347/283 103/335/277 237/336/277 236/348/283
f 285/349/284 286/327/273 265/328/273 264/350/284
f 50/351/285 43/341/280 242/342/280 241/352/285
f 3/353/286 268/343/281 247/344/281 246/354/286
f 271/308/264 272/329/274 251/332/274 250/309/264
f 279/296/258 280/345/282 259/346/282 258/297/258
f 273/330/275 274/355/287 253/356/287 252/331/275
f 284/300/260 285/349/284 264/350/284 263/301/260
f 63/357/288 50/351/285 241/352/285 240/358/288
f 276/338/279 277/311/265 256/312/265 255/339/279
f 13/304/262 3/353/286 246/354/286 245/305/262
f 73/316/268 63/357/288 240/358/288 239/317/268
f 288/320/270 99/347/283 236/348/283 267/321/270
f 274/355/287 275/337/278 254/340/278 253/356/287
f 108/209/204 139/294/256 233/232/225 141/210/205
f 292/359/289 295/360/290 525/361/291 524/362/292
f 395/363/293 293/364/294 292/359/289 289/365/295
f 290/366/296 294/367/297 293/364/294 395/363/293
f 522/368/298 428/369/299 290/366/296 394/370/300
f 289/365/295 292/359/289 524/362/292 555/371/301
f 293/364/294 296/372/302 295/360/290 292/359/289
f 294/367/297 297/373/303 296/372/302 293/364/294
f 398/374/304 434/375/305 431/376/306 397/377/307
f 399/378/308 437/379/309 434/375/305 398/374/304
f 295/360/290 298/380/310 526/381/311 525/361/291
f 296/372/302 299/382/312 298/380/310 295/360/290
f 297/373/303 300/383/313 299/382/312 296/372/302
f 298/380/310 302/384/314 527/385/315 526/381/311
f 299/382/312 303/386/316 302/384/314 298/380/310
f 300/383/313 304/387/317 303/386/316 299/382/312
f 400/388/318 440/389/319 437/379/309 399/378/308
f 401/390/320 443/391/321 440/389/319 400/388/318
f 302/384/314 305/392/322 528/393/323 527/385/315
f 303/386/316 306/394/324 305/392/322 302/384/314
f 304/387/317 307/395/325 306/394/324 303/386/316
f 306/394/324 309/396/326 308/397/327 305/392/322
f 307/395/325 310/398/328 309/396/326 306/394/324
f 402/399/329 446/400/330 443/391/321 401/390/320
f 305/392/322 308/397/327 529/401/331 528/393/323
f 308/397/327 312/402/332 530/403/333 529/401/331
f 309/396/326 313/404/334 312/402/332 308/397/327
f 310/398/328 314/405/335 313/404/334 309/396/326
f 403/406/336 449/407/337 446/400/330 402/399/329
f 313/404/334 316/408/338 315/409/339 312/402/332
f 314/405/335 317/410/340 316/408/338 313/404/334
f 404/411/341 452/412/342 449/407/337 403/406/336
f 312/402/332 315/409/339 531/413/343 530/403/333
f 315/409/339 318/414/344 532/415/345 531/413/343
f 316/408/338 319/416/346 318/414/344 315/409/339
f 317/410/340 320/417/347 319/416/346 316/408/338
f 405/418/348 455/419/349 452/412/342 404/411/341
f 319/416/346 323/420/350 322/421/351 318/414/344
f 320/417/347 324/422/352 323/420/350 319/416/346
f 406/423/353 458/424/354 455/419/349 405/418/348
f 318/414/344 322/421/351 533/425/355 532/415/345
f 322/421/351 325/426/356 534/427/357 533/425/355
f 323/420/350 326/428/358 325/426/356 322/421/351
f 324/422/352 327/429/359 326/428/358 323/420/350
f 407/430/360 461/431/361 458/424/354 406/423/353
f 327/429/359 330/432/362 329/433/363 326/428/358
f 408/434/364 464/435/365 461/431/361 407/430/360
f 325/426/356 328/436/366 535/437/367 534/427/357
f 326/428/358 329/433/363 328/436/366 325/426/356
f 328/436/366 332/438/368 536/439/369 535/437/367
f 329/433/363 333/440/370 332/438/368 328/436/366
f 330/432/362 334/441/371 333/440/370 329/433/363
f 409/442/372 467/443/373 464/435/365 408/434/364
f 334/441/371 337/444/374 336/445/375 333/440/370
f 410/446/376 470/447/377 467/443/373 409/442/372
f 332/438/368 335/448/378 537/449/379 536/439/369
f 333/440/370 336/445/375 335/448/378 332/438/368
f 335/448/378 339/450/380 538/451/381 537/449/379
f 336/445/375 340/452/382 339/450/380 335/448/378
f 337/444/374 341/453/383 340/452/382 336/445/375
f 411/454/384 473/455/385 470/447/377 410/446/376
f 412/456/386 476/457/387 473/455/385 411/454/384
f 339/450/380 342/458/388 539/459/389 538/451/381
f 340/452/382 343/460/390 342/458/388 339/450/380
f 341/453/383 344/461/391 343/460/390 340/452/382
f 343/460/390 346/462/392 345/463/393 342/458/388
f 344/461/391 347/464/394 346/462/392 343/460/390
f 413/465/395 479/466/396 476/457/387 412/456/386
f 342/458/388 345/463/393 540/467/397 539/459/389
f 345/463/393 348/468/398 541/469/399 540/467/397
f 346/462/392 349/470/400 348/468/398 345/463/393
f 347/464/394 350/471/401 349/470/400 346/462/392
f 414/472/402 482/473/403 479/466/396 413/465/395
f 349/470/400 353/474/404 352/475/405 348/468/398
f 350/471/401 354/476/406 353/474/404 349/470/400
f 415/477/407 485/478/408 482/473/403 414/472/402
f 348/468/398 352/475/405 542/479/409 541/469/399
f 352/475/405 355/480/410 543/481/411 542/479/409
f 353/474/404 356/482/412 355/480/410 352/475/405
f 354/476/406 357/483/413 356/482/412 353/474/404
f 416/484/414 488/485/415 485/478/408 415/477/407
f 356/482/412 359/486/416 358/487/417 355/480/410
f 357/483/413 360/488/418 359/486/416 356/482/412
f 417/489/419 491/490/420 488/485/415 416/484/414
f 355/480/410 358/487/417 544/491/421 543/481/411
f 358/487/417 362/492/422 545/493/423 544/491/421
f 359/486/416 363/494/424 362/492/422 358/487/417
f 360/488/418 364/495/425 363/494/424 359/486/416
f 418/496/426 494/497/427 491/490/420 417/489/419
f 363/494/424 366/498/428 365/499/429 362/492/422
f 364/495/425 367/500/430 366/498/428 363/494/424
f 419/501/431 497/502/432 494/497/427 418/496/426
f 362/492/422 365/499/429 546/503/433 545/493/423
f 365/499/429 368/504/434 547/505/435 546/503/433
f 366/498/428 369/506/436 368/504/434 365/499/429
f 367/500/430 370/507/437 369/506/436 366/498/428
f 420/508/438 500/509/439 497/502/432 419/501/431
f 370/510/437 374/511/440 373/512/441 369/513/436
f 421/514/442 503/515/443 500/509/439 420/508/438
f 368/516/434 372/517/444 548/518/445 547/519/435
f 369/513/436 373/512/441 372/517/444 368/516/434
f 372/517/444 375/520/446 549/521/447 548/518/445
f 373/512/441 376/522/448 375/520/446 372/517/444
f 374/511/440 377/523/449 376/522/448 373/512/441
f 422/524/450 506/525/451 503/515/443 421/514/442
f 423/526/452 509/527/453 506/525/451 422/524/450
f 375/520/446 378/528/454 550/529/455 549/521/447
f 376/522/448 379/530/456 378/528/454 375/520/446
f 377/523/449 380/531/457 379/530/456 376/522/448
f 378/528/454 381/532/458 551/533/459 550/529/455
f 379/530/456 382/534/460 381/532/458 378/528/454
f 380/531/457 383/535/461 382/534/460 379/530/456
f 424/536/462 512/537/463 509/527/453 423/526/452
f 425/538/464 515/539/465 512/537/463 424/536/462
f 381/532/458 384/540/466 552/541/467 551/533/459
f 382/534/460 385/542/468 384/540/466 381/532/458
f 383/535/461 386/543/469 385/542/468 382/534/460
f 385/542/468 389/544/470 388/545/471 384/540/466
f 386/543/469 390/546/472 389/544/470 385/542/468
f 426/547/473 518/548/474 515/539/465 425/538/464
f 384/540/466 388/545/471 553/549/475 552/541/467
f 388/545/471 392/550/476 554/551/477 553/549/475
f 389/544/470 393/552/478 392/550/476 388/545/471
f 390/546/472 394/370/300 393/552/478 389/544/470
f 393/552/478 395/363/293 289/365/295 392/550/476
f 394/370/300 290/366/296 395/363/293 393/552/478
f 392/550/476 289/365/295 555/371/301 554/551/477
f 474/553/479 477/554/480 344/461/391 341/453/383
f 477/554/480 480/555/481 347/464/394 344/461/391
f 480/555/481 483/556/482 350/471/401 347/464/394
f 483/556/482 486/557/483 354/476/406 350/471/401
f 486/557/483 489/558/484 357/483/413 354/476/406
f 489/558/484 492/559/485 360/488/418 357/483/413
f 492/559/485 495/560/486 364/495/425 360/488/418
f 495/560/486 498/561/487 367/500/430 364/495/425
f 498/561/487 501/562/488 370/507/437 367/500/430
f 501/563/488 504/564/489 374/511/440 370/510/437
f 504/564/489 507/565/490 377/523/449 374/511/440
f 507/565/490 510/566/491 380/531/457 377/523/449
f 397/377/307 431/376/306 429/567/492 396/568/493
f 510/566/491 513/569/494 383/535/461 380/531/457
f 432/570/495 435/571/496 297/373/303 294/367/297
f 513/569/494 516/572/497 386/543/469 383/535/461
f 435/571/496 438/573/498 300/383/313 297/373/303
f 516/572/497 519/574/499 390/546/472 386/543/469
f 438/573/498 441/575/500 304/387/317 300/383/313
f 519/574/499 522/368/298 394/370/300 390/546/472
f 441/575/500 444/576/501 307/395/325 304/387/317
f 428/369/299 432/570/495 294/367/297 290/366/296
f 444/576/501 447/577/502 310/398/328 307/395/325
f 447/577/502 450/578/503 314/405/335 310/398/328
f 450/578/503 453/579/504 317/410/340 314/405/335
f 453/579/504 456/580/505 320/417/347 317/410/340
f 456/580/505 459/581/506 324/422/352 320/417/347
f 459/581/506 462/582/507 327/429/359 324/422/352
f 462/582/507 465/583/508 330/432/362 327/429/359
f 465/583/508 468/584/509 334/441/371 330/432/362
f 468/584/509 471/585/510 337/444/374 334/441/371
f 471/585/510 474/553/479 341/453/383 337/444/374
f 522/368/298 523/586/511 430/587/512 428/369/299
f 523/588/511 521/589/513 429/567/492 430/590/512
f 519/574/499 520/591/514 523/586/511 522/368/298
f 520/592/514 518/548/474 521/589/513 523/588/511
f 516/572/497 517/593/515 520/591/514 519/574/499
f 517/594/515 515/539/465 518/548/474 520/592/514
f 513/569/494 514/595/516 517/593/515 516/572/497
f 514/596/516 512/537/463 515/539/465 517/594/515
f 510/566/491 511/597/517 514/595/516 513/569/494
f 511/598/517 509/527/453 512/537/463 514/596/516
f 507/565/490 508/599/518 511/597/517 510/566/491
f 508/600/518 506/525/451 509/527/453 511/598/517
f 504/564/489 505/601/519 508/599/518 507/565/490
f 505/602/519 503/515/443 506/525/451 508/600/518
f 501/563/488 502/603/520 505/601/519 504/564/489
f 502/604/520 500/509/439 503/515/443 505/602/519
f 498/561/487 499/605/521 502/606/520 501/562/488
f 499/607/521 497/502/432 500/509/439 502/604/520
f 495/560/486 496/608/522 499/605/521 498/561/487
f 496/609/522 494/497/427 497/502/432 499/607/521
f 492/559/485 493/610/523 496/608/522 495/560/486
f 493/611/523 491/490/420 494/497/427 496/609/522
f 489/558/484 490/612/524 493/610/523 492/559/485
f 490/613/524 488/485/415 491/490/420 493/611/523
f 486/557/483 487/614/525 490/612/524 489/558/484
f 487/615/525 485/478/408 488/485/415 490/613/524
f 483/556/482 484/616/526 487/614/525 486/557/483
f 484/617/526 482/473/403 485/478/408 487/615/525
f 480/555/481 481/618/527 484/616/526 483/556/482
f 481/619/527 479/466/396 482/473/403 484/617/526
f 477/554/480 478/620/528 481/618/527 480/555/481
f 478/621/528 476/457/387 479/466/396 481/619/527
f 474/553/479 475/622/529 478/620/528 477/554/480
f 475/623/529 473/455/385 476/457/387 478/621/528
f 471/585/510 472/624/530 475/622/529 474/553/479
f 472/625/530 470/447/377 473/455/385 475/623/529
f 468/584/509 469/626/531 472/624/530 471/585/510
f 469/627/531 467/443/373 470/447/377 472/625/530
f 465/583/508 466/628/532 469/626/531 468/584/509
f 466/629/532 464/435/365 467/443/373 469/627/531
f 462/582/507 463/630/533 466/628/532 465/583/508
f 463/631/533 461/431/361 464/435/365 466/629/532
f 459/581/506 460/632/534 463/630/533 462/582/507
f 460/633/534 458/424/354 461/431/361 463/631/533
f 456/580/505 457/634/535 460/632/534 459/581/506
f 457/635/535 455/419/349 458/424/354 460/633/534
f 453/579/504 454/636/536 457/634/535 456/580/505
f 454/637/536 452/412/342 455/419/349 457/635/535
f 450/578/503 451/638/537 454/636/536 453/579/504
f 451/639/537 449/407/337 452/412/342 454/637/536
f 447/577/502 448/640/538 451/638/537 450/578/503
f 448/641/538 446/400/330 449/407/337 451/639/537
f 444/576/501 445/642/539 448/640/538 447/577/502
f 445/643/539 443/391/321 446/400/330 448/641/538
f 441/575/500 442/644/540 445/642/539 444/576/501
f 442/645/540 440/389/319 443/391/321 445/643/539
f 438/573/498 439/646/541 442/644/540 441/575/500
f 439/647/541 437/379/309 440/389/319 442/645/540
f 435/571/496 436/648/542 439/646/541 438/573/498
f 436/649/542 434/375/305 437/379/309 439/647/541
f 432/570/495 433/650/543 436/648/542 435/571/496
f 433/651/543 431/376/306 434/375/305 436/649/542
f 428/369/299 430/587/512 433/650/543 432/570/495
f 430/590/512 429/567/492 431/376/306 433/651/543
f 427/652/544 521/589/513 518/548/474 426/547/473
f 566/653/545 545/654/545 546/655/546 567/656/546
f 571/657/547 550/658/547 551/659/548 572/660/548
f 311/661/549 532/662/549 533/663/550 301/664/550
f 558/665/551 537/666/551 538/667/552 559/668/552
f 565/669/553 544/670/553 545/654/545 566/653/545
f 570/671/554 549/672/554 550/658/547 571/657/547
f 371/673/555 526/674/555 527/675/556 361/676/556
f 575/677/557 554/678/557 555/679/558 576/680/558
f 321/681/559 531/682/559 532/662/549 311/661/549
f 557/683/560 536/684/560 537/666/551 558/665/551
f 574/685/561 553/686/561 554/678/557 575/677/557
f 560/687/562 539/688/562 540/689/563 561/690/563
f 569/691/564 548/692/564 549/672/554 570/671/554
f 391/693/565 525/694/565 526/674/555 371/673/555
f 563/695/566 542/696/566 543/697/567 564/698/567
f 331/699/568 530/700/568 531/682/559 321/681/559
f 556/701/569 535/702/569 536/684/560 557/683/560
f 568/703/570 547/704/570 548/692/564 569/691/564
f 387/705/571 524/706/571 525/694/565 391/693/565
f 573/707/572 552/708/572 553/686/561 574/685/561
f 338/709/573 529/710/573 530/700/568 331/699/568
f 291/711/574 534/712/574 535/702/569 556/701/569
f 559/668/552 538/667/552 539/688/562 560/687/562
f 567/656/546 546/655/546 547/704/570 568/703/570
f 561/690/563 540/689/563 541/713/575 562/714/575
f 572/660/548 551/659/548 552/708/572 573/707/572
f 351/715/576 528/716/576 529/710/573 338/709/573
f 564/698/567 543/697/567 544/670/553 565/669/553
f 301/664/550 533/663/550 534/712/574 291/711/574
f 361/676/556 527/675/556 528/716/576 351/715/576
f 576/680/558 555/679/558 524/706/571 387/705/571
f 562/714/575 541/713/575 542/696/566 563/695/566
f 396/568/493 429/567/492 521/589/513 427/652/544
f 577/717/577 618/718/577 617/719/578 579/720/578
f 579/720/578 617/719/578 619/721/579 581/722/579
f 581/722/579 619/721/579 620/723/580 583/724/580
f 583/724/580 620/723/580 621/725/581 585/726/581
f 585/726/581 621/725/581 622/727/582 587/728/582
f 587/728/582 622/727/582 623/729/583 589/730/583
f 589/730/583 623/729/583 624/731/584 591/732/584
f 591/732/584 624/731/584 625/733/585 593/734/585
f 593/734/585 625/733/585 626/735/586 595/736/586
f 595/736/586 626/735/586 627/737/587 597/738/587
f 597/739/587 627/740/587 628/741/588 599/742/588
f 599/742/588 628/741/588 629/743/589 601/744/589
f 601/744/589 629/743/589 630/745/590 603/746/590
f 603/746/590 630/745/590 631/747/591 605/748/591
f 605/748/591 631/747/591 632/749/592 607/750/592
f 607/750/592 632/749/592 633/751/593 609/752/593
f 609/752/593 633/751/593 634/753/594 611/754/594
f 611/754/594 634/753/594 635/755/595 613/756/595
f 684/757/596 680/758/597 649/759/598 675/760/598
f 613/756/595 635/755/595 636/761/599 615/762/599
f 615/762/599 636/761/599 618/718/577 577/717/577
f 578/763/600 580/764/600 617/765/600 618/766/600
f 580/764/600 582/767/600 619/768/600 617/765/600
f 582/767/600 584/769/600 620/770/600 619/768/600
f 584/769/600 586/771/600 621/772/600 620/770/600
f 586/771/600 588/773/600 622/774/600 621/772/600
f 588/773/600 590/775/600 623/776/600 622/774/600
f 590/775/600 592/777/600 624/778/600 623/776/600
f 592/777/600 594/779/600 625/780/600 624/778/600
f 594/779/600 596/781/600 626/782/600 625/780/600
f 596/781/600 598/783/600 627/784/600 626/782/600
f 598/783/600 600/785/600 628/786/600 627/784/600
f 600/785/600 602/787/600 629/788/600 628/786/600
f 602/787/600 604/789/600 630/790/600 629/788/600
f 604/789/600 606/791/600 631/792/600 630/790/600
f 606/791/600 608/793/600 632/794/600 631/792/600
f 608/793/600 610/795/600 633/796/600 632/794/600
f 610/795/600 612/797/600 634/798/600 633/796/600
f 612/797/600 614/799/600 635/800/600 634/798/600
f 614/799/600 616/801/600 636/802/600 635/800/600
f 616/801/600 578/763/600 618/766/600 636/802/600
f 741/803/601 723/804/602 798/805/603 802/806/604
f 696/807/605 692/808/606 653/809/600 673/810/600
f 692/808/606 792/811/607 656/812/600 653/809/600
f 704/813/608 728/814/609 666/815/610 672/816/610
f 720/817/611 716/818/612 645/819/600 667/820/600
f 710/821/613 734/822/614 664/823/615 670/824/615
f 714/825/616 722/826/617 668/827/615 646/828/615
f 728/814/609 746/829/618 660/830/615 666/815/610
f 734/822/614 752/831/619 658/832/615 664/823/615
f 740/833/620 758/834/621 637/835/615 662/836/615
f 746/829/618 764/837/622 639/838/615 660/830/615
f 752/831/619 770/839/623 641/840/615 658/832/615
f 758/834/621 776/841/624 643/842/615 637/835/615
f 764/837/622 782/843/625 647/844/615 639/838/615
f 770/839/623 788/845/626 651/846/615 641/840/615
f 776/841/624 794/847/627 655/848/615 643/842/615
f 655/849/582 654/850/583 653/851/583 656/852/582
f 578/853/577 616/854/599 779/855/628 717/856/629
f 604/857/590 602/858/589 785/859/630 681/860/631
f 590/861/583 588/862/582 791/863/632 693/864/633
f 698/865/634 710/821/613 670/824/615 674/866/615
f 686/867/635 704/813/608 672/816/610 676/868/610
f 722/826/617 740/833/620 662/836/615 668/827/615
f 792/811/607 774/869/636 644/870/600 656/812/600
f 786/871/637 768/872/638 642/873/600 652/874/600
f 780/875/639 762/876/640 640/877/600 648/878/600
f 774/869/636 756/879/641 638/880/600 644/870/600
f 768/872/638 750/881/642 657/882/600 642/873/600
f 762/876/640 744/883/643 659/884/598 640/877/600
f 756/879/641 738/885/644 661/886/600 638/880/600
f 750/887/642 732/888/645 663/889/600 657/890/600
f 744/883/643 726/891/646 665/892/647 659/884/598
f 782/843/625 714/825/616 646/828/615 647/844/615
f 732/888/645 708/893/648 669/894/600 663/889/600
f 716/818/612 780/875/639 648/878/600 645/819/600
f 726/891/646 702/895/649 671/896/647 665/892/647
f 794/847/627 690/897/650 654/898/615 655/848/615
f 699/899/651 689/900/652 810/901/633 812/902/653
f 788/845/626 678/903/654 650/904/615 651/846/615
f 680/758/597 786/871/637 652/874/600 649/759/598
f 705/905/655 687/906/656 826/907/657 828/908/658
f 777/909/659 759/910/660 804/911/661 806/912/662
f 596/913/586 594/914/585 707/915/663 731/916/664
f 602/858/589 600/917/588 767/918/665 785/859/630
f 708/893/648 696/807/605 673/810/600 669/894/600
f 592/919/584 590/861/583 693/864/633 695/920/653
f 753/921/666 735/922/667 816/923/664 818/924/668
f 677/925/669 789/926/670 822/927/630 824/928/631
f 711/929/671 699/899/651 812/902/653 814/930/672
f 614/931/595 612/932/594 743/933/673 761/934/674
f 608/935/592 606/936/591 683/937/657 701/938/658
f 783/939/675 765/940/676 834/941/674 836/942/628
f 690/897/650 698/865/634 674/866/615 654/898/615
f 582/943/579 580/944/578 719/945/603 737/946/677
f 588/862/582 586/947/581 773/948/662 791/863/632
f 729/949/678 705/905/655 828/908/658 830/950/679
f 713/951/680 783/939/675 836/942/628 800/952/629
f 689/900/652 795/953/681 808/954/632 810/901/633
f 600/917/588 598/955/587 749/956/668 767/918/665
f 678/903/654 686/867/635 676/868/610 650/904/615
f 651/957/589 650/958/590 649/959/590 652/960/589
f 647/961/599 646/962/577 645/963/577 648/964/599
f 643/965/581 655/849/582 656/852/582 644/966/581
f 641/967/588 651/957/589 652/960/589 642/968/588
f 639/969/595 647/961/599 648/964/599 640/970/595
f 637/971/580 643/965/581 644/966/581 638/972/580
f 658/973/587 641/967/588 642/968/588 657/974/587
f 660/975/594 639/969/595 640/970/595 659/976/594
f 662/977/579 637/971/580 638/972/580 661/978/579
f 664/979/586 658/980/587 657/981/587 663/982/586
f 666/983/593 660/975/594 659/976/594 665/984/593
f 668/985/578 662/977/579 661/978/579 667/986/578
f 670/987/585 664/979/586 663/982/586 669/988/585
f 672/989/592 666/983/593 665/984/593 671/990/592
f 646/962/577 668/985/578 667/986/578 645/963/577
f 674/991/584 670/987/585 669/988/585 673/992/584
f 676/993/591 672/989/592 671/990/592 675/994/591
f 654/850/583 674/991/584 673/992/584 653/851/583
f 650/958/590 676/993/591 675/994/591 649/959/590
f 584/995/580 582/943/579 737/946/677 755/996/661
f 702/895/649 684/757/596 675/760/598 671/896/647
f 747/997/682 729/949/678 830/950/679 832/998/673
f 616/854/599 614/931/595 761/934/674 779/855/628
f 610/999/593 608/935/592 701/938/658 725/1000/679
f 606/936/591 604/857/590 681/860/631 683/937/657
f 771/1001/683 753/921/666 818/924/668 820/1002/665
f 598/1003/587 596/913/586 731/916/664 749/1004/668
f 795/953/681 777/909/659 806/912/662 808/954/632
f 738/885/644 720/817/611 667/820/600 661/886/600
f 759/910/660 741/803/601 802/806/604 804/911/661
f 586/947/581 584/995/580 755/996/661 773/948/662
f 765/940/676 747/997/682 832/998/673 834/941/674
f 735/922/667 711/929/671 814/930/672 816/923/664
f 580/944/578 578/853/577 717/856/629 719/945/603
f 612/932/594 610/999/593 725/1000/679 743/933/673
f 789/926/670 771/1001/683 820/1002/665 822/927/630
f 594/914/585 592/919/584 695/920/653 707/915/663
f 795/953/681 689/900/652 691/1005/684 796/1006/685
f 796/1006/685 691/1005/684 690/897/650 794/847/627
f 693/864/633 791/863/632 793/1007/686 694/1008/687
f 694/1008/687 793/1007/686 792/811/607 692/808/606
f 789/926/670 677/925/669 679/1009/688 790/1010/689
f 790/1010/689 679/1009/688 678/903/654 788/845/626
f 681/860/631 785/859/630 787/1011/690 682/1012/691
f 682/1012/691 787/1011/690 786/871/637 680/758/597
f 783/939/675 713/951/680 715/1013/692 784/1014/693
f 784/1014/693 715/1013/692 714/825/616 782/843/625
f 717/856/629 779/855/628 781/1015/694 718/1016/695
f 718/1016/695 781/1015/694 780/875/639 716/818/612
f 777/909/659 795/953/681 796/1006/685 778/1017/696
f 778/1017/696 796/1006/685 794/847/627 776/841/624
f 791/863/632 773/948/662 775/1018/697 793/1007/686
f 793/1007/686 775/1018/697 774/869/636 792/811/607
f 771/1001/683 789/926/670 790/1010/689 772/1019/698
f 772/1019/698 790/1010/689 788/845/626 770/839/623
f 785/859/630 767/918/665 769/1020/699 787/1011/690
f 787/1011/690 769/1020/699 768/872/638 786/871/637
f 765/940/676 783/939/675 784/1014/693 766/1021/700
f 766/1021/700 784/1014/693 782/843/625 764/837/622
f 779/855/628 761/934/674 763/1022/701 781/1015/694
f 781/1015/694 763/1022/701 762/876/640 780/875/639
f 759/910/660 777/909/659 778/1017/696 760/1023/702
f 760/1023/702 778/1017/696 776/841/624 758/834/621
f 773/948/662 755/996/661 757/1024/703 775/1018/697
f 775/1018/697 757/1024/703 756/879/641 774/869/636
f 753/921/666 771/1001/683 772/1019/698 754/1025/704
f 754/1025/704 772/1019/698 770/839/623 752/831/619
f 767/918/665 749/956/668 751/1026/705 769/1020/699
f 769/1020/699 751/1026/705 750/881/642 768/872/638
f 747/997/682 765/940/676 766/1021/700 748/1027/706
f 748/1027/706 766/1021/700 764/837/622 746/829/618
f 761/934/674 743/933/673 745/1028/707 763/1022/701
f 763/1022/701 745/1028/707 744/883/643 762/876/640
f 741/803/601 759/910/660 760/1023/702 742/1029/708
f 742/1029/708 760/1023/702 758/834/621 740/833/620
f 755/996/661 737/946/677 739/1030/709 757/1024/703
f 757/1024/703 739/1030/709 738/885/644 756/879/641
f 735/922/667 753/921/666 754/1025/704 736/1031/710
f 736/1031/710 754/1025/704 752/831/619 734/822/614
f 749/1004/668 731/916/664 733/1032/711 751/1033/705
f 751/1033/705 733/1032/711 732/888/645 750/887/642
f 729/949/678 747/997/682 748/1027/706 730/1034/712
f 730/1034/712 748/1027/706 746/829/618 728/814/609
f 743/933/673 725/1000/679 727/1035/713 745/1028/707
f 745/1028/707 727/1035/713 726/891/646 744/883/643
f 723/804/602 741/803/601 742/1029/708 724/1036/714
f 724/1036/714 742/1029/708 740/833/620 722/826/617
f 737/946/677 719/945/603 721/1037/715 739/1030/709
f 739/1030/709 721/1037/715 720/817/611 738/885/644
f 711/929/671 735/922/667 736/1031/710 712/1038/716
f 712/1038/716 736/1031/710 734/822/614 710/821/613
f 731/916/664 707/915/663 709/1039/717 733/1032/711
f 733/1032/711 709/1039/717 708/893/648 732/888/645
f 705/905/655 729/949/678 730/1034/712 706/1040/718
f 706/1040/718 730/1034/712 728/814/609 704/813/608
f 725/1000/679 701/938/658 703/1041/719 727/1035/713
f 727/1035/713 703/1041/719 702/895/649 726/891/646
f 713/951/680 723/804/602 724/1036/714 715/1013/692
f 715/1013/692 724/1036/714 722/826/617 714/825/616
f 719/945/603 717/856/629 718/1016/695 721/1037/715
f 721/1037/715 718/1016/695 716/818/612 720/817/611
f 699/899/651 711/929/671 712/1038/716 700/1042/720
f 700/1042/720 712/1038/716 710/821/613 698/865/634
f 707/915/663 695/920/653 697/1043/721 709/1039/717
f 709/1039/717 697/1043/721 696/807/605 708/893/648
f 687/906/656 705/905/655 706/1040/718 688/1044/722
f 688/1044/722 706/1040/718 704/813/608 686/867/635
f 701/938/658 683/937/657 685/1045/723 703/1041/719
f 703/1041/719 685/1045/723 684/757/596 702/895/649
f 689/900/652 699/899/651 700/1042/720 691/1005/684
f 691/1005/684 700/1042/720 698/865/634 690/897/650
f 695/920/653 693/864/633 694/1008/687 697/1043/721
f 697/1043/721 694/1008/687 692/808/606 696/807/605
f 677/925/669 687/906/656 688/1044/722 679/1009/688
f 679/1009/688 688/1044/722 686/867/635 678/903/654
f 683/937/657 681/860/631 682/1012/691 685/1045/723
f 685/1045/723 682/1012/691 680/758/597 684/757/596
f 687/906/656 677/925/669 824/928/631 826/907/657
f 798/805/603 800/952/629 801/1046/695 799/1047/715
f 799/1048/715 801/1049/695 838/1050/612 839/1051/611
f 802/806/604 798/805/603 799/1047/715 803/1052/709
f 803/1053/709 799/1048/715 839/1051/611 840/1054/644
f 804/911/661 802/806/604 803/1052/709 805/1055/703
f 805/1056/703 803/1053/709 840/1054/644 841/1057/641
f 806/912/662 804/911/661 805/1055/703 807/1058/697
f 807/1059/697 805/1056/703 841/1057/641 842/1060/636
f 808/954/632 806/912/662 807/1058/697 809/1061/686
f 809/1062/686 807/1059/697 842/1060/636 843/1063/607
f 810/901/633 808/954/632 809/1061/686 811/1064/687
f 811/1065/687 809/1062/686 843/1063/607 844/1066/606
f 812/902/653 810/901/633 811/1064/687 813/1067/721
f 813/1068/721 811/1065/687 844/1066/606 845/1069/605
f 814/930/672 812/902/653 813/1067/721 815/1070/717
f 815/1071/717 813/1068/721 845/1069/605 846/1072/648
f 816/923/664 814/930/672 815/1070/717 817/1073/711
f 817/1074/711 815/1071/717 846/1072/648 847/1075/645
f 818/924/668 816/923/664 817/1073/711 819/1076/705
f 819/1077/705 817/1074/711 847/1075/645 848/1078/642
f 820/1002/665 818/924/668 819/1076/705 821/1079/699
f 821/1080/699 819/1077/705 848/1078/642 849/1081/638
f 822/927/630 820/1002/665 821/1079/699 823/1082/690
f 823/1083/690 821/1080/699 849/1081/638 850/1084/637
f 824/928/631 822/927/630 823/1082/690 825/1085/691
f 825/1086/691 823/1083/690 850/1084/637 851/1087/597
f 826/907/657 824/928/631 825/1085/691 827/1088/723
f 827/1089/723 825/1086/691 851/1087/597 852/1090/596
f 828/908/658 826/907/657 827/1088/723 829/1091/719
f 829/1092/719 827/1089/723 852/1090/596 853/1093/649
f 830/950/679 828/908/658 829/1091/719 831/1094/713
f 831/1095/713 829/1092/719 853/1093/649 854/1096/646
f 832/998/673 830/950/679 831/1094/713 833/1097/707
f 833/1098/707 831/1095/713 854/1096/646 855/1099/643
f 834/941/674 832/998/673 833/1097/707 835/1100/701
f 835/1101/701 833/1098/707 855/1099/643 856/1102/640
f 836/942/628 834/941/674 835/1100/701 837/1103/694
f 837/1104/694 835/1101/701 856/1102/640 857/1105/639
f 800/952/629 836/942/628 837/1103/694 801/1046/695
f 801/1049/695 837/1104/694 857/1105/639 838/1050/612
f 723/804/602 713/951/680 800/952/629 798/805/603
f 797/1106/600 839/1051/611 838/1050/612
f 797/1106/600 840/1054/644 839/1051/611
f 797/1106/600 841/1057/641 840/1054/644
f 797/1106/600 842/1060/636 841/1057/641
f 797/1106/600 843/1063/607 842/1060/636
f 797/1106/600 844/1066/606 843/1063/607
f 797/1106/600 845/1069/605 844/1066/606
f 797/1106/600 846/1072/648 845/1069/605
f 797/1106/600 847/1075/645 846/1072/648
f 797/1106/600 848/1078/642 847/1075/645
f 797/1106/600 849/1081/638 848/1078/642
f 797/1106/600 850/1084/637 849/1081/638
f 797/1106/600 851/1087/597 850/1084/637
f 797/1106/600 852/1090/596 851/1087/597
f 797/1106/600 853/1093/649 852/1090/596
f 797/1106/600 854/1096/646 853/1093/649
f 797/1106/600 855/1099/643 854/1096/646
f 797/1106/600 856/1102/640 855/1099/643
f 797/1106/600 857/1105/639 856/1102/640
f 797/1106/600 838/1050/612 857/1105/639
f 858/1107/577 860/1108/724 898/1109/724 899/1110/577
f 860/1108/724 862/1111/725 900/1112/725 898/1109/724
f 862/1111/725 864/1113/726 901/1114/726 900/1112/725
f 864/1115/726 866/1116/727 902/1117/727 901/1118/726
f 866/1116/727 868/1119/728 903/1120/728 902/1117/727
f 868/1119/728 870/1121/729 904/1122/729 903/1120/728
f 870/1121/729 872/1123/730 905/1124/730 904/1122/729
f 872/1123/730 874/1125/731 906/1126/731 905/1124/730
f 874/1125/731 876/1127/732 907/1128/732 906/1126/731
f 876/1127/732 878/1129/587 908/1130/587 907/1128/732
f 878/1129/587 880/1131/733 909/1132/733 908/1130/587
f 880/1131/733 882/1133/734 910/1134/734 909/1132/733
f 882/1133/734 884/1135/735 911/1136/735 910/1134/734
f 884/1135/735 886/1137/736 912/1138/736 911/1136/735
f 886/1137/736 888/1139/737 913/1140/737 912/1138/736
f 888/1139/737 890/1141/738 914/1142/738 913/1140/737
f 890/1141/738 892/1143/739 915/1144/739 914/1142/738
f 892/1143/739 894/1145/740 916/1146/740 915/1144/739
f 965/1147/741 956/1148/742 930/1149/742 961/1150/743
f 894/1145/740 896/1151/744 917/1152/744 916/1146/740
f 896/1151/744 858/1107/577 899/1110/577 917/1152/744
f 859/1153/745 899/1154/745 898/1155/745 861/1156/745
f 861/1156/745 898/1155/745 900/1157/745 863/1158/745
f 863/1158/745 900/1157/745 901/1159/745 865/1160/745
f 865/1160/745 901/1159/745 902/1161/745 867/1162/745
f 867/1162/745 902/1161/745 903/1163/745 869/1164/745
f 869/1164/745 903/1163/745 904/1165/745 871/1166/745
f 871/1166/745 904/1165/745 905/1167/745 873/1168/745
f 873/1168/745 905/1167/745 906/1169/745 875/1170/745
f 875/1170/745 906/1169/745 907/1171/745 877/1172/745
f 877/1172/745 907/1171/745 908/1173/745 879/1174/745
f 879/1174/745 908/1173/745 909/1175/745 881/1176/745
f 881/1176/745 909/1175/745 910/1177/745 883/1178/745
f 883/1178/745 910/1177/745 911/1179/745 885/1180/745
f 885/1180/745 911/1179/745 912/1181/745 887/1182/745
f 887/1182/745 912/1181/745 913/1183/745 889/1184/745
f 889/1184/745 913/1183/745 914/1185/745 891/1186/745
f 891/1186/745 914/1185/745 915/1187/745 893/1188/745
f 893/1188/745 915/1187/745 916/1189/745 895/1190/745
f 895/1190/745 916/1189/745 917/1191/745 897/1192/745
f 897/1192/745 917/1191/745 899/1154/745 859/1153/745
f 1022/1193/746 1083/1194/747 1079/1195/748 1004/1196/749
f 977/1197/750 954/1198/745 934/1199/745 973/1200/751
f 973/1200/751 934/1199/745 937/1201/745 1073/1202/752
f 985/1203/753 953/1204/754 947/1205/754 1009/1206/755
f 1001/1207/756 948/1208/745 926/1209/745 997/1210/757
f 991/1211/758 951/1212/759 945/1213/759 1015/1214/760
f 995/1215/761 927/1216/759 949/1217/759 1003/1218/762
f 1009/1206/755 947/1205/754 941/1219/759 1027/1220/763
f 1015/1214/760 945/1213/759 939/1221/759 1033/1222/764
f 1021/1223/765 943/1224/759 918/1225/759 1039/1226/766
f 1027/1220/763 941/1219/759 920/1227/759 1045/1228/767
f 1033/1222/764 939/1221/759 922/1229/759 1051/1230/768
f 1039/1226/766 918/1225/759 924/1231/759 1057/1232/769
f 1045/1228/767 920/1227/759 928/1233/759 1063/1234/770
f 1051/1230/768 922/1229/759 932/1235/759 1069/1236/771
f 1057/1232/769 924/1231/759 936/1237/759 1075/1238/772
f 936/1239/728 937/1240/728 934/1241/729 935/1242/729
f 859/1243/577 998/1244/773 1060/1245/774 897/1246/744
f 885/1247/735 962/1248/775 1066/1249/776 883/1250/734
f 871/1251/729 974/1252/777 1072/1253/778 869/1254/728
f 979/1255/779 955/1256/759 951/1212/759 991/1211/758
f 967/1257/780 957/1258/754 953/1204/754 985/1203/753
f 1003/1218/762 949/1217/759 943/1224/759 1021/1223/765
f 1073/1202/752 937/1201/745 925/1259/745 1055/1260/781
f 1067/1261/782 933/1262/745 923/1263/745 1049/1264/783
f 1061/1265/784 929/1266/745 921/1267/745 1043/1268/785
f 1055/1260/781 925/1259/745 919/1269/745 1037/1270/786
f 1049/1264/783 923/1263/745 938/1271/745 1031/1272/787
f 1043/1268/785 921/1267/745 940/1273/742 1025/1274/788
f 1037/1275/786 919/1276/745 942/1277/745 1019/1278/789
f 1031/1272/787 938/1271/745 944/1279/745 1013/1280/790
f 1025/1274/788 940/1273/742 946/1281/791 1007/1282/792
f 1063/1234/770 928/1233/759 927/1216/759 995/1215/761
f 1013/1280/790 944/1279/745 950/1283/745 989/1284/793
f 997/1210/757 926/1209/745 929/1266/745 1061/1265/784
f 1007/1282/792 946/1281/791 952/1285/791 983/1286/794
f 1075/1238/772 936/1237/759 935/1287/759 971/1288/795
f 980/1289/796 1093/1290/797 1091/1291/777 970/1292/798
f 1069/1236/771 932/1235/759 931/1293/759 959/1294/799
f 961/1150/743 930/1149/742 933/1262/745 1067/1261/782
f 986/1295/800 1109/1296/801 1107/1297/802 968/1298/803
f 1058/1299/804 1087/1300/805 1085/1301/806 1040/1302/807
f 877/1303/732 1012/1304/808 988/1305/809 875/1306/731
f 883/1250/734 1066/1249/776 1048/1307/810 881/1308/733
f 989/1284/793 950/1283/745 954/1198/745 977/1197/750
f 873/1309/730 976/1310/797 974/1252/777 871/1251/729
f 1034/1311/811 1099/1312/812 1097/1313/808 1016/1314/813
f 958/1315/814 1105/1316/775 1103/1317/776 1070/1318/815
f 992/1319/816 1095/1320/817 1093/1290/797 980/1289/796
f 895/1321/740 1042/1322/818 1024/1323/819 893/1324/739
f 889/1325/737 982/1326/801 964/1327/802 887/1328/736
f 1064/1329/820 1117/1330/774 1115/1331/818 1046/1332/821
f 971/1288/795 935/1287/759 955/1256/759 979/1255/779
f 863/1333/725 1018/1334/822 1000/1335/748 861/1336/724
f 869/1254/728 1072/1253/778 1054/1337/805 867/1338/727
f 1010/1339/823 1111/1340/824 1109/1296/801 986/1295/800
f 994/1341/825 1081/1342/773 1117/1330/774 1064/1329/820
f 970/1292/798 1091/1291/777 1089/1343/778 1076/1344/826
f 881/1308/733 1048/1307/810 1030/1345/812 879/1346/587
f 959/1294/799 931/1293/759 957/1258/754 967/1257/780
f 932/1347/734 933/1348/734 930/1349/735 931/1350/735
f 928/1351/744 929/1352/744 926/1353/577 927/1354/577
f 924/1355/727 925/1356/727 937/1240/728 936/1239/728
f 922/1357/733 923/1358/733 933/1348/734 932/1347/734
f 920/1359/740 921/1360/740 929/1352/744 928/1351/744
f 918/1361/726 919/1362/726 925/1356/727 924/1355/727
f 939/1363/587 938/1364/587 923/1358/733 922/1357/733
f 941/1365/739 940/1366/739 921/1360/740 920/1359/740
f 943/1367/725 942/1368/725 919/1369/726 918/1370/726
f 945/1371/732 944/1372/732 938/1364/587 939/1363/587
f 947/1373/738 946/1374/738 940/1366/739 941/1365/739
f 949/1375/724 948/1376/724 942/1368/725 943/1367/725
f 951/1377/731 950/1378/731 944/1372/732 945/1371/732
f 953/1379/737 952/1380/737 946/1374/738 947/1373/738
f 927/1354/577 926/1353/577 948/1376/724 949/1375/724
f 955/1381/730 954/1382/730 950/1378/731 951/1377/731
f 957/1383/736 956/1384/736 952/1380/737 953/1379/737
f 935/1242/729 934/1241/729 954/1382/730 955/1381/730
f 931/1350/735 930/1349/735 956/1384/736 957/1383/736
f 865/1385/726 1036/1386/806 1018/1334/822 863/1333/725
f 983/1286/794 952/1285/791 956/1148/742 965/1147/741
f 1028/1387/827 1113/1388/819 1111/1340/824 1010/1339/823
f 897/1246/744 1060/1245/774 1042/1322/818 895/1321/740
f 891/1389/738 1006/1390/824 982/1326/801 889/1325/737
f 887/1328/736 964/1327/802 962/1248/775 885/1247/735
f 1052/1391/828 1101/1392/810 1099/1312/812 1034/1311/811
f 879/1346/587 1030/1345/812 1012/1304/808 877/1303/732
f 1076/1344/826 1089/1343/778 1087/1300/805 1058/1299/804
f 1019/1278/789 942/1277/745 948/1208/745 1001/1207/756
f 1040/1302/807 1085/1301/806 1083/1194/747 1022/1193/746
f 867/1338/727 1054/1337/805 1036/1393/806 865/1394/726
f 1046/1332/821 1115/1331/818 1113/1388/819 1028/1387/827
f 1016/1314/813 1097/1313/808 1095/1320/817 992/1319/816
f 861/1336/724 1000/1335/748 998/1244/773 859/1243/577
f 893/1324/739 1024/1323/819 1006/1390/824 891/1389/738
f 1070/1318/815 1103/1317/776 1101/1392/810 1052/1391/828
f 875/1306/731 988/1305/809 976/1310/797 873/1309/730
f 1076/1344/826 1077/1395/829 972/1396/830 970/1292/798
f 1077/1395/829 1075/1238/772 971/1288/795 972/1396/830
f 974/1252/777 975/1397/831 1074/1398/832 1072/1253/778
f 975/1397/831 973/1200/751 1073/1202/752 1074/1398/832
f 1070/1318/815 1071/1399/833 960/1400/834 958/1315/814
f 1071/1399/833 1069/1236/771 959/1294/799 960/1400/834
f 962/1248/775 963/1401/835 1068/1402/836 1066/1249/776
f 963/1401/835 961/1150/743 1067/1261/782 1068/1402/836
f 1064/1329/820 1065/1403/837 996/1404/838 994/1341/825
f 1065/1403/837 1063/1234/770 995/1215/761 996/1404/838
f 998/1244/773 999/1405/839 1062/1406/840 1060/1245/774
f 999/1405/839 997/1210/757 1061/1265/784 1062/1406/840
f 1058/1299/804 1059/1407/841 1077/1395/829 1076/1344/826
f 1059/1407/841 1057/1232/769 1075/1238/772 1077/1395/829
f 1072/1253/778 1074/1398/832 1056/1408/842 1054/1337/805
f 1074/1398/832 1073/1202/752 1055/1260/781 1056/1408/842
f 1052/1391/828 1053/1409/843 1071/1399/833 1070/1318/815
f 1053/1409/843 1051/1230/768 1069/1236/771 1071/1399/833
f 1066/1249/776 1068/1402/836 1050/1410/844 1048/1307/810
f 1068/1402/836 1067/1261/782 1049/1264/783 1050/1410/844
f 1046/1332/821 1047/1411/845 1065/1403/837 1064/1329/820
f 1047/1411/845 1045/1228/767 1063/1234/770 1065/1403/837
f 1060/1245/774 1062/1406/840 1044/1412/846 1042/1322/818
f 1062/1406/840 1061/1265/784 1043/1268/785 1044/1412/846
f 1040/1302/807 1041/1413/847 1059/1407/841 1058/1299/804
f 1041/1413/847 1039/1226/766 1057/1232/769 1059/1407/841
f 1054/1337/805 1056/1408/842 1038/1414/848 1036/1393/806
f 1056/1408/842 1055/1260/781 1037/1270/786 1038/1414/848
f 1034/1311/811 1035/1415/849 1053/1409/843 1052/1391/828
f 1035/1415/849 1033/1222/764 1051/1230/768 1053/1409/843
f 1048/1307/810 1050/1410/844 1032/1416/850 1030/1345/812
f 1050/1410/844 1049/1264/783 1031/1272/787 1032/1416/850
f 1028/1387/827 1029/1417/851 1047/1411/845 1046/1332/821
f 1029/1417/851 1027/1220/763 1045/1228/767 1047/1411/845
f 1042/1322/818 1044/1412/846 1026/1418/852 1024/1323/819
f 1044/1412/846 1043/1268/785 1025/1274/788 1026/1418/852
f 1022/1193/746 1023/1419/853 1041/1413/847 1040/1302/807
f 1023/1419/853 1021/1223/765 1039/1226/766 1041/1413/847
f 1036/1386/806 1038/1420/848 1020/1421/854 1018/1334/822
f 1038/1420/848 1037/1275/786 1019/1278/789 1020/1421/854
f 1016/1314/813 1017/1422/855 1035/1415/849 1034/1311/811
f 1017/1422/855 1015/1214/760 1033/1222/764 1035/1415/849
f 1030/1345/812 1032/1416/850 1014/1423/856 1012/1304/808
f 1032/1416/850 1031/1272/787 1013/1280/790 1014/1423/856
f 1010/1339/823 1011/1424/857 1029/1417/851 1028/1387/827
f 1011/1424/857 1009/1206/755 1027/1220/763 1029/1417/851
f 1024/1323/819 1026/1418/852 1008/1425/858 1006/1390/824
f 1026/1418/852 1025/1274/788 1007/1282/792 1008/1425/858
f 1004/1196/749 1005/1426/859 1023/1419/853 1022/1193/746
f 1005/1426/859 1003/1218/762 1021/1223/765 1023/1419/853
f 1018/1334/822 1020/1421/854 1002/1427/860 1000/1335/748
f 1020/1421/854 1019/1278/789 1001/1207/756 1002/1427/860
f 992/1319/816 993/1428/861 1017/1422/855 1016/1314/813
f 993/1428/861 991/1211/758 1015/1214/760 1017/1422/855
f 1012/1304/808 1014/1423/856 990/1429/862 988/1305/809
f 1014/1423/856 1013/1280/790 989/1284/793 990/1429/862
f 986/1295/800 987/1430/863 1011/1424/857 1010/1339/823
f 987/1430/863 985/1203/753 1009/1206/755 1011/1424/857
f 1006/1390/824 1008/1425/858 984/1431/864 982/1326/801
f 1008/1425/858 1007/1282/792 983/1286/794 984/1431/864
f 994/1341/825 996/1404/838 1005/1426/859 1004/1196/749
f 996/1404/838 995/1215/761 1003/1218/762 1005/1426/859
f 1000/1335/748 1002/1427/860 999/1405/839 998/1244/773
f 1002/1427/860 1001/1207/756 997/1210/757 999/1405/839
f 980/1289/796 981/1432/865 993/1428/861 992/1319/816
f 981/1432/865 979/1255/779 991/1211/758 993/1428/861
f 988/1305/809 990/1429/862 978/1433/866 976/1310/797
f 990/1429/862 989/1284/793 977/1197/750 978/1433/866
f 968/1298/803 969/1434/867 987/1430/863 986/1295/800
f 969/1434/867 967/1257/780 985/1203/753 987/1430/863
f 982/1326/801 984/1431/864 966/1435/868 964/1327/802
f 984/1431/864 983/1286/794 965/1147/741 966/1435/868
f 970/1292/798 972/1396/830 981/1432/865 980/1289/796
f 972/1396/830 971/1288/795 979/1255/779 981/1432/865
f 976/1310/797 978/1433/866 975/1397/831 974/1252/777
f 978/1433/866 977/1197/750 973/1200/751 975/1397/831
f 958/1315/814 960/1400/834 969/1434/867 968/1298/803
f 960/1400/834 959/1294/799 967/1257/780 969/1434/867
f 964/1327/802 966/1435/868 963/1401/835 962/1248/775
f 966/1435/868 965/1147/741 961/1150/743 963/1401/835
f 968/1298/803 1107/1297/802 1105/1316/775 958/1315/814
f 1079/1195/748 1080/1436/860 1082/1437/839 1081/1342/773
f 1080/1438/860 1120/1439/756 1119/1440/757 1082/1441/839
f 1083/1194/747 1084/1442/854 1080/1436/860 1079/1195/748
f 1084/1443/854 1121/1444/789 1120/1439/756 1080/1438/860
f 1085/1301/806 1086/1445/848 1084/1442/854 1083/1194/747
f 1086/1446/848 1122/1447/786 1121/1444/789 1084/1443/854
f 1087/1300/805 1088/1448/842 1086/1445/848 1085/1301/806
f 1088/1449/842 1123/1450/781 1122/1447/786 1086/1446/848
f 1089/1343/778 1090/1451/832 1088/1448/842 1087/1300/805
f 1090/1452/832 1124/1453/752 1123/1450/781 1088/1449/842
f 1091/1291/777 1092/1454/831 1090/1451/832 1089/1343/778
f 1092/1455/831 1125/1456/751 1124/1453/752 1090/1452/832
f 1093/1290/797 1094/1457/866 1092/1454/831 1091/1291/777
f 1094/1458/866 1126/1459/750 1125/1456/751 1092/1455/831
f 1095/1320/817 1096/1460/862 1094/1457/866 1093/1290/797
f 1096/1461/862 1127/1462/793 1126/1459/750 1094/1458/866
f 1097/1313/808 1098/1463/856 1096/1460/862 1095/1320/817
f 1098/1464/856 1128/1465/790 1127/1462/793 1096/1461/862
f 1099/1312/812 1100/1466/850 1098/1463/856 1097/1313/808
f 1100/1467/850 1129/1468/787 1128/1465/790 1098/1464/856
f 1101/1392/810 1102/1469/844 1100/1466/850 1099/1312/812
f 1102/1470/844 1130/1471/783 1129/1468/787 1100/1467/850
f 1103/1317/776 1104/1472/836 1102/1469/844 1101/1392/810
f 1104/1473/836 1131/1474/782 1130/1471/783 1102/1470/844
f 1105/1316/775 1106/1475/835 1104/1472/836 1103/1317/776
f 1106/1476/835 1132/1477/743 1131/1474/782 1104/1473/836
f 1107/1297/802 1108/1478/868 1106/1475/835 1105/1316/775
f 1108/1479/868 1133/1480/741 1132/1477/743 1106/1476/835
f 1109/1296/801 1110/1481/864 1108/1478/868 1107/1297/802
f 1110/1482/864 1134/1483/794 1133/1480/741 1108/1479/868
f 1111/1340/824 1112/1484/858 1110/1481/864 1109/1296/801
f 1112/1485/858 1135/1486/792 1134/1483/794 1110/1482/864
f 1113/1388/819 1114/1487/852 1112/1484/858 1111/1340/824
f 1114/1488/852 1136/1489/788 1135/1486/792 1112/1485/858
f 1115/1331/818 1116/1490/846 1114/1487/852 1113/1388/819
f 1116/1491/846 1137/1492/785 1136/1489/788 1114/1488/852
f 1117/1330/774 1118/1493/840 1116/1490/846 1115/1331/818
f 1118/1494/840 1138/1495/784 1137/1492/785 1116/1491/846
f 1081/1342/773 1082/1437/839 1118/1493/840 1117/1330/774
f 1082/1441/839 1119/1440/757 1138/1495/784 1118/1494/840
f 1004/1196/749 1079/1195/748 1081/1342/773 994/1341/825
f 1078/1496/745 1119/1440/757 1120/1439/756
f 1078/1496/745 1120/1439/756 1121/1444/789
f 1078/1496/745 1121/1444/789 1122/1447/786
f 1078/1496/745 1122/1447/786 1123/1450/781
f 1078/1496/745 1123/1450/781 1124/1453/752
f 1078/1496/745 1124/1453/752 1125/1456/751
f 1078/1496/745 1125/1456/751 1126/1459/750
f 1078/1496/745 1126/1459/750 1127/1462/793
f 1078/1496/745 1127/1462/793 1128/1465/790
f 1078/1496/745 1128/1465/790 1129/1468/787
f 1078/1496/745 1129/1468/787 1130/1471/783
f 1078/1496/745 1130/1471/783 1131/1474/782
f 1078/1496/745 1131/1474/782 1132/1477/743
f 1078/1496/745 1132/1477/743 1133/1480/741
f 1078/1496/745 1133/1480/741 1134/1483/794
f 1078/1496/745 1134/1483/794 1135/1486/792
f 1078/1496/745 1135/1486/792 1136/1489/788
f 1078/1496/745 1136/1489/788 1137/1492/785
f 1078/1496/745 1137/1492/785 1138/1495/784
f 1078/1496/745 1138/1495/784 1119/1440/757
f 1139/1497/577 1141/1498/744 1179/1499/744 1180/1500/577
f 1141/1498/744 1143/1501/740 1181/1502/740 1179/1499/744
f 1143/1501/740 1145/1503/739 1182/1504/739 1181/1502/740
f 1145/1503/739 1147/1505/738 1183/1506/738 1182/1504/739
f 1147/1505/738 1149/1507/737 1184/1508/737 1183/1506/738
f 1149/1507/737 1151/1509/736 1185/1510/736 1184/1508/737
f 1151/1509/736 1153/1511/735 1186/1512/735 1185/1510/736
f 1153/1511/735 1155/1513/734 1187/1514/734 1186/1512/735
f 1155/1513/734 1157/1515/733 1188/1516/733 1187/1514/734
f 1157/1515/733 1159/1517/587 1189/1518/587 1188/1516/733
f 1159/1519/587 1161/1520/732 1190/1521/732 1189/1522/587
f 1161/1520/732 1163/1523/731 1191/1524/731 1190/1521/732
f 1163/1523/731 1165/1525/730 1192/1526/730 1191/1524/731
f 1165/1525/730 1167/1527/729 1193/1528/729 1192/1526/730
f 1167/1527/729 1169/1529/728 1194/1530/728 1193/1528/729
f 1169/1529/728 1171/1531/727 1195/1532/727 1194/1530/728
f 1171/1531/727 1173/1533/726 1196/1534/726 1195/1532/727
f 1173/1533/726 1175/1535/725 1197/1536/725 1196/1534/726
f 1246/1537/795 1237/1538/754 1211/1539/754 1242/1540/779
f 1175/1535/725 1177/1541/724 1198/1542/724 1197/1536/725
f 1177/1541/724 1139/1497/577 1180/1500/577 1198/1542/724
f 1140/1543/759 1180/1544/759 1179/1545/759 1142/1546/759
f 1142/1546/759 1179/1545/759 1181/1547/759 1144/1548/759
f 1144/1548/759 1181/1547/759 1182/1549/759 1146/1550/759
f 1146/1550/759 1182/1549/759 1183/1551/759 1148/1552/759
f 1148/1552/759 1183/1551/759 1184/1553/759 1150/1554/759
f 1150/1554/759 1184/1553/759 1185/1555/759 1152/1556/759
f 1152/1556/759 1185/1555/759 1186/1557/759 1154/1558/759
f 1154/1558/759 1186/1557/759 1187/1559/759 1156/1560/759
f 1156/1560/759 1187/1559/759 1188/1561/759 1158/1562/759
f 1158/1562/759 1188/1561/759 1189/1563/759 1160/1564/759
f 1160/1564/759 1189/1563/759 1190/1565/759 1162/1566/759
f 1162/1566/759 1190/1565/759 1191/1567/759 1164/1568/759
f 1164/1568/759 1191/1567/759 1192/1569/759 1166/1570/759
f 1166/1570/759 1192/1569/759 1193/1571/759 1168/1572/759
f 1168/1572/759 1193/1571/759 1194/1573/759 1170/1574/759
f 1170/1574/759 1194/1573/759 1195/1575/759 1172/1576/759
f 1172/1576/759 1195/1575/759 1196/1577/759 1174/1578/759
f 1174/1578/759 1196/1577/759 1197/1579/759 1176/1580/759
f 1176/1580/759 1197/1579/759 1198/1581/759 1178/1582/759
f 1178/1582/759 1198/1581/759 1180/1544/759 1140/1543/759
f 1303/1583/818 1364/1584/821 1360/1585/820 1285/1586/774
f 1258/1587/799 1235/1588/759 1215/1589/759 1254/1590/780
f 1254/1590/780 1215/1589/759 1218/1591/759 1354/1592/753
f 1266/1593/752 1234/1594/745 1228/1595/742 1290/1596/781
f 1282/1597/770 1229/1598/759 1207/1599/759 1278/1600/761
f 1272/1601/782 1232/1602/745 1226/1603/745 1296/1604/783
f 1276/1605/757 1208/1606/745 1230/1607/745 1284/1608/784
f 1290/1596/781 1228/1595/742 1222/1609/745 1308/1610/786
f 1296/1604/783 1226/1603/745 1220/1611/745 1314/1612/787
f 1302/1613/785 1224/1614/745 1199/1615/745 1320/1616/788
f 1308/1610/786 1222/1609/745 1201/1617/745 1326/1618/789
f 1314/1612/787 1220/1611/745 1203/1619/745 1332/1620/790
f 1320/1616/788 1199/1615/745 1205/1621/745 1338/1622/792
f 1326/1618/789 1201/1617/745 1209/1623/745 1344/1624/756
f 1332/1620/790 1203/1619/745 1213/1625/745 1350/1626/793
f 1338/1622/792 1205/1621/745 1217/1627/745 1356/1628/794
f 1217/1629/737 1218/1630/737 1215/1631/736 1216/1632/736
f 1140/1633/577 1279/1634/825 1341/1635/749 1178/1636/724
f 1166/1637/730 1243/1638/796 1347/1639/816 1164/1640/731
f 1152/1641/736 1255/1642/869 1353/1643/800 1150/1644/737
f 1260/1645/743 1236/1646/745 1232/1602/745 1272/1601/782
f 1248/1647/751 1238/1648/745 1234/1594/745 1266/1593/752
f 1284/1608/784 1230/1607/745 1224/1614/745 1302/1613/785
f 1354/1592/753 1218/1591/759 1206/1649/759 1336/1650/755
f 1348/1651/758 1214/1652/759 1204/1653/759 1330/1654/760
f 1342/1655/762 1210/1656/759 1202/1657/759 1324/1658/765
f 1336/1650/755 1206/1649/759 1200/1659/759 1318/1660/763
f 1330/1654/760 1204/1653/759 1219/1661/759 1312/1662/764
f 1324/1658/765 1202/1657/759 1221/1663/759 1306/1664/766
f 1318/1660/763 1200/1659/759 1223/1665/759 1300/1666/767
f 1312/1667/764 1219/1668/759 1225/1669/759 1294/1670/768
f 1306/1664/766 1221/1663/759 1227/1671/870 1288/1672/769
f 1344/1624/756 1209/1623/745 1208/1606/745 1276/1605/757
f 1294/1670/768 1225/1669/759 1231/1673/759 1270/1674/771
f 1278/1600/761 1207/1599/759 1210/1656/759 1342/1655/762
f 1288/1672/769 1227/1671/870 1233/1675/870 1264/1676/772
f 1356/1628/794 1217/1627/745 1216/1677/745 1252/1678/741
f 1261/1679/775 1374/1680/814 1372/1681/869 1251/1682/802
f 1350/1626/793 1213/1625/745 1212/1683/745 1240/1684/750
f 1242/1540/779 1211/1539/754 1214/1652/759 1348/1651/758
f 1267/1685/778 1390/1686/826 1388/1687/798 1249/1688/871
f 1339/1689/824 1368/1690/872 1366/1691/827 1321/1692/819
f 1158/1693/733 1293/1694/828 1269/1695/873 1156/1696/734
f 1164/1640/731 1347/1639/816 1329/1697/813 1162/1698/732
f 1270/1674/771 1231/1673/759 1235/1588/759 1258/1587/799
f 1154/1699/735 1257/1700/814 1255/1642/869 1152/1641/736
f 1315/1701/812 1380/1702/811 1378/1703/828 1297/1704/810
f 1239/1705/797 1386/1706/796 1384/1707/816 1351/1708/817
f 1273/1709/776 1376/1710/815 1374/1680/814 1261/1679/775
f 1176/1711/725 1323/1712/746 1305/1713/807 1174/1714/726
f 1170/1715/728 1263/1716/826 1245/1717/798 1168/1718/729
f 1345/1719/748 1398/1720/749 1396/1721/746 1327/1722/747
f 1252/1678/741 1216/1677/745 1236/1646/745 1260/1645/743
f 1144/1723/740 1299/1724/874 1281/1725/820 1142/1726/744
f 1150/1644/737 1353/1643/800 1335/1727/872 1148/1728/738
f 1291/1729/875 1392/1730/804 1390/1686/826 1267/1685/778
f 1275/1731/773 1362/1732/825 1398/1720/749 1345/1719/748
f 1251/1682/802 1372/1681/869 1370/1733/800 1357/1734/801
f 1162/1698/732 1329/1697/813 1311/1735/811 1160/1736/587
f 1240/1684/750 1212/1683/745 1238/1648/745 1248/1647/751
f 1213/1737/731 1214/1738/731 1211/1739/730 1212/1740/730
f 1209/1741/724 1210/1742/724 1207/1743/577 1208/1744/577
f 1205/1745/738 1206/1746/738 1218/1630/737 1217/1629/737
f 1203/1747/732 1204/1748/732 1214/1738/731 1213/1737/731
f 1201/1749/725 1202/1750/725 1210/1742/724 1209/1741/724
f 1199/1751/739 1200/1752/739 1206/1746/738 1205/1745/738
f 1220/1753/587 1219/1754/587 1204/1748/732 1203/1747/732
f 1222/1755/726 1221/1756/726 1202/1750/725 1201/1749/725
f 1224/1757/740 1223/1758/740 1200/1752/739 1199/1751/739
f 1226/1759/733 1225/1760/733 1219/1761/587 1220/1762/587
f 1228/1763/727 1227/1764/727 1221/1756/726 1222/1755/726
f 1230/1765/744 1229/1766/744 1223/1758/740 1224/1757/740
f 1232/1767/734 1231/1768/734 1225/1760/733 1226/1759/733
f 1234/1769/728 1233/1770/728 1227/1764/727 1228/1763/727
f 1208/1744/577 1207/1743/577 1229/1766/744 1230/1765/744
f 1236/1771/735 1235/1772/735 1231/1768/734 1232/1767/734
f 1238/1773/729 1237/1774/729 1233/1770/728 1234/1769/728
f 1216/1632/736 1215/1631/736 1235/1772/735 1236/1771/735
f 1212/1740/730 1211/1739/730 1237/1774/729 1238/1773/729
f 1146/1775/739 1317/1776/827 1299/1724/874 1144/1723/740
f 1264/1676/772 1233/1675/870 1237/1538/754 1246/1537/795
f 1309/1777/806 1394/1778/807 1392/1730/804 1291/1729/875
f 1178/1636/724 1341/1635/749 1323/1712/746 1176/1711/725
f 1172/1779/727 1287/1780/804 1263/1716/826 1170/1715/728
f 1168/1718/729 1245/1717/798 1243/1638/796 1166/1637/730
f 1333/1781/808 1382/1782/813 1380/1702/811 1315/1701/812
f 1160/1783/587 1311/1784/811 1293/1694/828 1158/1693/733
f 1357/1734/801 1370/1733/800 1368/1690/872 1339/1689/824
f 1300/1666/767 1223/1665/759 1229/1598/759 1282/1597/770
f 1321/1692/819 1366/1691/827 1364/1584/821 1303/1583/818
f 1148/1728/738 1335/1727/872 1317/1776/827 1146/1775/739
f 1327/1722/747 1396/1721/746 1394/1778/807 1309/1777/806
f 1297/1704/810 1378/1703/828 1376/1710/815 1273/1709/776
f 1142/1726/744 1281/1725/820 1279/1634/825 1140/1633/577
f 1174/1714/726 1305/1713/807 1287/1780/804 1172/1779/727
f 1351/1708/817 1384/1707/816 1382/1782/813 1333/1781/808
f 1156/1696/734 1269/1695/873 1257/1700/814 1154/1699/735
f 1357/1734/801 1358/1785/864 1253/1786/868 1251/1682/802
f 1358/1785/864 1356/1628/794 1252/1678/741 1253/1786/868
f 1255/1642/869 1256/1787/876 1355/1788/863 1353/1643/800
f 1256/1787/876 1254/1590/780 1354/1592/753 1355/1788/863
f 1351/1708/817 1352/1789/862 1241/1790/866 1239/1705/797
f 1352/1789/862 1350/1626/793 1240/1684/750 1241/1790/866
f 1243/1638/796 1244/1791/865 1349/1792/861 1347/1639/816
f 1244/1791/865 1242/1540/779 1348/1651/758 1349/1792/861
f 1345/1719/748 1346/1793/860 1277/1794/839 1275/1731/773
f 1346/1793/860 1344/1624/756 1276/1605/757 1277/1794/839
f 1279/1634/825 1280/1795/838 1343/1796/877 1341/1635/749
f 1280/1795/838 1278/1600/761 1342/1655/762 1343/1796/877
f 1339/1689/824 1340/1797/858 1358/1785/864 1357/1734/801
f 1340/1797/858 1338/1622/792 1356/1628/794 1358/1785/864
f 1353/1643/800 1355/1788/863 1337/1798/878 1335/1727/872
f 1355/1788/863 1354/1592/753 1336/1650/755 1337/1798/878
f 1333/1781/808 1334/1799/856 1352/1789/862 1351/1708/817
f 1334/1799/856 1332/1620/790 1350/1626/793 1352/1789/862
f 1347/1639/816 1349/1792/861 1331/1800/879 1329/1697/813
f 1349/1792/861 1348/1651/758 1330/1654/760 1331/1800/879
f 1327/1722/747 1328/1801/854 1346/1793/860 1345/1719/748
f 1328/1801/854 1326/1618/789 1344/1624/756 1346/1793/860
f 1341/1635/749 1343/1796/877 1325/1802/853 1323/1712/746
f 1343/1796/877 1342/1655/762 1324/1658/765 1325/1802/853
f 1321/1692/819 1322/1803/852 1340/1797/858 1339/1689/824
f 1322/1803/852 1320/1616/788 1338/1622/792 1340/1797/858
f 1335/1727/872 1337/1798/878 1319/1804/851 1317/1776/827
f 1337/1798/878 1336/1650/755 1318/1660/763 1319/1804/851
f 1315/1701/812 1316/1805/850 1334/1799/856 1333/1781/808
f 1316/1805/850 1314/1612/787 1332/1620/790 1334/1799/856
f 1329/1697/813 1331/1800/879 1313/1806/849 1311/1735/811
f 1331/1800/879 1330/1654/760 1312/1662/764 1313/1806/849
f 1309/1777/806 1310/1807/848 1328/1801/854 1327/1722/747
f 1310/1807/848 1308/1610/786 1326/1618/789 1328/1801/854
f 1323/1712/746 1325/1802/853 1307/1808/847 1305/1713/807
f 1325/1802/853 1324/1658/765 1306/1664/766 1307/1808/847
f 1303/1583/818 1304/1809/846 1322/1803/852 1321/1692/819
f 1304/1809/846 1302/1613/785 1320/1616/788 1322/1803/852
f 1317/1776/827 1319/1804/851 1301/1810/845 1299/1724/874
f 1319/1804/851 1318/1660/763 1300/1666/767 1301/1810/845
f 1297/1704/810 1298/1811/880 1316/1805/850 1315/1701/812
f 1298/1811/880 1296/1604/783 1314/1612/787 1316/1805/850
f 1311/1784/811 1313/1812/849 1295/1813/843 1293/1694/828
f 1313/1812/849 1312/1667/764 1294/1670/768 1295/1813/843
f 1291/1729/875 1292/1814/881 1310/1807/848 1309/1777/806
f 1292/1814/881 1290/1596/781 1308/1610/786 1310/1807/848
f 1305/1713/807 1307/1808/847 1289/1815/841 1287/1780/804
f 1307/1808/847 1306/1664/766 1288/1672/769 1289/1815/841
f 1285/1586/774 1286/1816/882 1304/1809/846 1303/1583/818
f 1286/1816/882 1284/1608/784 1302/1613/785 1304/1809/846
f 1299/1724/874 1301/1810/845 1283/1817/837 1281/1725/820
f 1301/1810/845 1300/1666/767 1282/1597/770 1283/1817/837
f 1273/1709/776 1274/1818/836 1298/1811/880 1297/1704/810
f 1274/1818/836 1272/1601/782 1296/1604/783 1298/1811/880
f 1293/1694/828 1295/1813/843 1271/1819/833 1269/1695/873
f 1295/1813/843 1294/1670/768 1270/1674/771 1271/1819/833
f 1267/1685/778 1268/1820/832 1292/1814/881 1291/1729/875
f 1268/1820/832 1266/1593/752 1290/1596/781 1292/1814/881
f 1287/1780/804 1289/1815/841 1265/1821/829 1263/1716/826
f 1289/1815/841 1288/1672/769 1264/1676/772 1265/1821/829
f 1275/1731/773 1277/1794/839 1286/1816/882 1285/1586/774
f 1277/1794/839 1276/1605/757 1284/1608/784 1286/1816/882
f 1281/1725/820 1283/1817/837 1280/1795/838 1279/1634/825
f 1283/1817/837 1282/1597/770 1278/1600/761 1280/1795/838
f 1261/1679/775 1262/1822/835 1274/1818/836 1273/1709/776
f 1262/1822/835 1260/1645/743 1272/1601/782 1274/1818/836
f 1269/1695/873 1271/1819/833 1259/1823/834 1257/1700/814
f 1271/1819/833 1270/1674/771 1258/1587/799 1259/1823/834
f 1249/1688/871 1250/1824/883 1268/1820/832 1267/1685/778
f 1250/1824/883 1248/1647/751 1266/1593/752 1268/1820/832
f 1263/1716/826 1265/1821/829 1247/1825/830 1245/1717/798
f 1265/1821/829 1264/1676/772 1246/1537/795 1247/1825/830
f 1251/1682/802 1253/1786/868 1262/1822/835 1261/1679/775
f 1253/1786/868 1252/1678/741 1260/1645/743 1262/1822/835
f 1257/1700/814 1259/1823/834 1256/1787/876 1255/1642/869
f 1259/1823/834 1258/1587/799 1254/1590/780 1256/1787/876
f 1239/1705/797 1241/1790/866 1250/1824/883 1249/1688/871
f 1241/1790/866 1240/1684/750 1248/1647/751 1250/1824/883
f 1245/1717/798 1247/1825/830 1244/1791/865 1243/1638/796
f 1247/1825/830 1246/1537/795 1242/1540/779 1244/1791/865
f 1249/1688/871 1388/1687/798 1386/1706/796 1239/1705/797
f 1360/1585/820 1361/1826/837 1363/1827/838 1362/1732/825
f 1361/1828/837 1401/1829/770 1400/1830/761 1363/1831/838
f 1364/1584/821 1365/1832/845 1361/1826/837 1360/1585/820
f 1365/1833/845 1402/1834/767 1401/1829/770 1361/1828/837
f 1366/1691/827 1367/1835/851 1365/1832/845 1364/1584/821
f 1367/1836/851 1403/1837/763 1402/1834/767 1365/1833/845
f 1368/1690/872 1369/1838/878 1367/1835/851 1366/1691/827
f 1369/1839/878 1404/1840/755 1403/1837/763 1367/1836/851
f 1370/1733/800 1371/1841/863 1369/1838/878 1368/1690/872
f 1371/1842/863 1405/1843/753 1404/1840/755 1369/1839/878
f 1372/1681/869 1373/1844/876 1371/1841/863 1370/1733/800
f 1373/1845/876 1406/1846/780 1405/1843/753 1371/1842/863
f 1374/1680/814 1375/1847/834 1373/1844/876 1372/1681/869
f 1375/1848/834 1407/1849/799 1406/1846/780 1373/1845/876
f 1376/1710/815 1377/1850/833 1375/1847/834 1374/1680/814
f 1377/1851/833 1408/1852/771 1407/1849/799 1375/1848/834
f 1378/1703/828 1379/1853/843 1377/1850/833 1376/1710/815
f 1379/1854/843 1409/1855/768 1408/1852/771 1377/1851/833
f 1380/1702/811 1381/1856/849 1379/1853/843 1378/1703/828
f 1381/1857/849 1410/1858/764 1409/1855/768 1379/1854/843
f 1382/1782/813 1383/1859/884 1381/1856/849 1380/1702/811
f 1383/1860/884 1411/1861/760 1410/1858/764 1381/1857/849
f 1384/1707/816 1385/1862/861 1383/1859/884 1382/1782/813
f 1385/1863/861 1412/1864/758 1411/1861/760 1383/1860/884
f 1386/1706/796 1387/1865/865 1385/1862/861 1384/1707/816
f 1387/1866/865 1413/1867/779 1412/1864/758 1385/1863/861
f 1388/1687/798 1389/1868/830 1387/1865/865 1386/1706/796
f 1389/1869/830 1414/1870/795 1413/1867/779 1387/1866/865
f 1390/1686/826 1391/1871/829 1389/1868/830 1388/1687/798
f 1391/1872/829 1415/1873/772 1414/1870/795 1389/1869/830
f 1392/1730/804 1393/1874/841 1391/1871/829 1390/1686/826
f 1393/1875/841 1416/1876/769 1415/1873/772 1391/1872/829
f 1394/1778/807 1395/1877/847 1393/1874/841 1392/1730/804
f 1395/1878/847 1417/1879/766 1416/1876/769 1393/1875/841
f 1396/1721/746 1397/1880/853 1395/1877/847 1394/1778/807
f 1397/1881/853 1418/1882/765 1417/1879/766 1395/1878/847
f 1398/1720/749 1399/1883/877 1397/1880/853 1396/1721/746
f 1399/1884/877 1419/1885/762 1418/1882/765 1397/1881/853
f 1362/1732/825 1363/1827/838 1399/1883/877 1398/1720/749
f 1363/1831/838 1400/1830/761 1419/1885/762 1399/1884/877
f 1285/1586/774 1360/1585/820 1362/1732/825 1275/1731/773
f 1359/1886/759 1400/1830/761 1401/1829/770
f 1359/1886/759 1401/1829/770 1402/1834/767
f 1359/1886/759 1402/1834/767 1403/1837/763
f 1359/1886/759 1403/1837/763 1404/1840/755
f 1359/1886/759 1404/1840/755 1405/1843/753
f 1359/1886/759 1405/1843/753 1406/1846/780
f 1359/1886/759 1406/1846/780 1407/1849/799
f 1359/1886/759 1407/1849/799 1408/1852/771
f 1359/1886/759 1408/1852/771 1409/1855/768
f 1359/1886/759 1409/1855/768 1410/1858/764
f 1359/1886/759 1410/1858/764 1411/1861/760
f 1359/1886/759 1411/1861/760 1412/1864/758
f 1359/1886/759 1412/1864/758 1413/1867/779
f 1359/1886/759 1413/1867/779 1414/1870/795
f 1359/1886/759 1414/1870/795 1415/1873/772
f 1359/1886/759 1415/1873/772 1416/1876/769
f 1359/1886/759 1416/1876/769 1417/1879/766
f 1359/1886/759 1417/1879/766 1418/1882/765
f 1359/1886/759 1418/1882/765 1419/1885/762
f 1359/1886/759 1419/1885/762 1400/1830/761
f 1420/1887/577 1461/1888/577 1460/1889/599 1422/1890/599
f 1422/1890/599 1460/1889/599 1462/1891/595 1424/1892/595
f 1424/1892/595 1462/1891/595 1463/1893/594 1426/1894/594
f 1426/1894/594 1463/1893/594 1464/1895/593 1428/1896/593
f 1428/1896/593 1464/1895/593 1465/1897/592 1430/1898/592
f 1430/1898/592 1465/1897/592 1466/1899/591 1432/1900/591
f 1432/1900/591 1466/1899/591 1467/1901/590 1434/1902/590
f 1434/1902/590 1467/1901/590 1468/1903/589 1436/1904/589
f 1436/1904/589 1468/1903/589 1469/1905/588 1438/1906/588
f 1438/1907/588 1469/1908/588 1470/1909/587 1440/1910/587
f 1440/1910/587 1470/1909/587 1471/1911/586 1442/1912/586
f 1442/1912/586 1471/1911/586 1472/1913/585 1444/1914/585
f 1444/1914/585 1472/1913/585 1473/1915/584 1446/1916/584
f 1446/1916/584 1473/1915/584 1474/1917/583 1448/1918/583
f 1448/1918/583 1474/1917/583 1475/1919/582 1450/1920/582
f 1450/1920/582 1475/1919/582 1476/1921/581 1452/1922/581
f 1452/1922/581 1476/1921/581 1477/1923/580 1454/1924/580
f 1454/1924/580 1477/1923/580 1478/1925/579 1456/1926/579
f 1527/1927/650 1523/1928/634 1492/1929/610 1518/1930/610
f 1456/1926/579 1478/1925/579 1479/1931/578 1458/1932/578
f 1458/1932/578 1479/1931/578 1461/1888/577 1420/1887/577
f 1421/1933/615 1423/1934/615 1460/1935/615 1461/1936/615
f 1423/1934/615 1425/1937/615 1462/1938/615 1460/1935/615
f 1425/1937/615 1427/1939/615 1463/1940/615 1462/1938/615
f 1427/1939/615 1429/1941/615 1464/1942/615 1463/1940/615
f 1429/1941/615 1431/1943/615 1465/1944/615 1464/1942/615
f 1431/1943/615 1433/1945/615 1466/1946/615 1465/1944/615
f 1433/1945/615 1435/1947/615 1467/1948/615 1466/1946/615
f 1435/1947/615 1437/1949/615 1468/1950/615 1467/1948/615
f 1437/1949/615 1439/1951/615 1469/1952/615 1468/1950/615
f 1439/1951/615 1441/1953/615 1470/1954/615 1469/1952/615
f 1441/1953/615 1443/1955/615 1471/1956/615 1470/1954/615
f 1443/1955/615 1445/1957/615 1472/1958/615 1471/1956/615
f 1445/1957/615 1447/1959/615 1473/1960/615 1472/1958/615
f 1447/1959/615 1449/1961/615 1474/1962/615 1473/1960/615
f 1449/1961/615 1451/1963/615 1475/1964/615 1474/1962/615
f 1451/1963/615 1453/1965/615 1476/1966/615 1475/1964/615
f 1453/1965/615 1455/1967/615 1477/1968/615 1476/1966/615
f 1455/1967/615 1457/1969/615 1478/1970/615 1477/1968/615
f 1457/1969/615 1459/1971/615 1479/1972/615 1478/1970/615
f 1459/1971/615 1421/1933/615 1461/1936/615 1479/1972/615
f 1584/1973/674 1566/1974/628 1641/1975/675 1645/1976/676
f 1539/1977/654 1535/1978/635 1496/1979/615 1516/1980/615
f 1535/1978/635 1635/1981/608 1499/1982/615 1496/1979/615
f 1547/1983/607 1571/1984/636 1509/1985/598 1515/1986/600
f 1563/1987/625 1559/1988/616 1488/1989/615 1510/1990/615
f 1553/1991/637 1577/1992/638 1507/1993/600 1513/1994/600
f 1557/1995/612 1565/1996/639 1511/1997/600 1489/1998/600
f 1571/1984/636 1589/1999/641 1503/2000/600 1509/1985/598
f 1577/1992/638 1595/2001/642 1501/2002/600 1507/1993/600
f 1583/2003/640 1601/2004/643 1480/2005/600 1505/2006/600
f 1589/1999/641 1607/2007/644 1482/2008/600 1503/2000/600
f 1595/2001/642 1613/2009/645 1484/2010/600 1501/2002/600
f 1601/2004/643 1619/2011/646 1486/2012/600 1480/2005/600
f 1607/2007/644 1625/2013/611 1490/2014/600 1482/2008/600
f 1613/2009/645 1631/2015/648 1494/2016/600 1484/2010/600
f 1619/2011/646 1637/2017/649 1498/2018/600 1486/2012/600
f 1498/2019/592 1497/2020/591 1496/2021/591 1499/2022/592
f 1421/2023/577 1459/2024/578 1622/2025/602 1560/2026/680
f 1447/2027/584 1445/2028/585 1628/2029/671 1524/2030/651
f 1433/2031/591 1431/2032/592 1634/2033/655 1536/2034/885
f 1541/2035/597 1553/1991/637 1513/1994/600 1517/2036/600
f 1529/2037/606 1547/1983/607 1515/1986/600 1519/2038/600
f 1565/1996/639 1583/2003/640 1505/2006/600 1511/1997/600
f 1635/1981/608 1617/2039/609 1487/2040/615 1499/1982/615
f 1629/2041/613 1611/2042/614 1485/2043/615 1495/2044/615
f 1623/2045/617 1605/2046/620 1483/2047/615 1491/2048/615
f 1617/2039/609 1599/2049/618 1481/2050/615 1487/2040/615
f 1611/2042/614 1593/2051/619 1500/2052/615 1485/2043/615
f 1605/2046/620 1587/2053/621 1502/2054/615 1483/2047/615
f 1599/2049/618 1581/2055/622 1504/2056/615 1481/2050/615
f 1593/2057/619 1575/2058/623 1506/2059/615 1500/2060/615
f 1587/2053/621 1569/2061/624 1508/2062/886 1502/2054/615
f 1625/2013/611 1557/1995/612 1489/1998/600 1490/2014/600
f 1575/2058/623 1551/2063/626 1512/2064/615 1506/2059/615
f 1559/1988/616 1623/2045/617 1491/2048/615 1488/1989/615
f 1569/2061/624 1545/2065/627 1514/2066/886 1508/2062/886
f 1637/2017/649 1533/2067/596 1497/2068/600 1498/2018/600
f 1542/2069/631 1532/2070/657 1653/2071/885 1655/2072/669
f 1631/2015/648 1521/2073/605 1493/2074/600 1494/2016/600
f 1523/1928/634 1629/2041/613 1495/2044/615 1492/1929/610
f 1548/2075/632 1530/2076/887 1669/2077/652 1671/2078/681
f 1620/2079/679 1602/2080/673 1647/2081/682 1649/2082/888
f 1439/2083/588 1437/2084/589 1550/2085/889 1574/2086/683
f 1445/2028/585 1443/2087/586 1610/2088/667 1628/2029/671
f 1551/2063/626 1539/1977/654 1516/1980/615 1512/2064/615
f 1435/2089/590 1433/2031/591 1536/2034/885 1538/2090/669
f 1596/2091/668 1578/2092/665 1659/2093/683 1661/2094/666
f 1520/2095/653 1632/2096/672 1665/2097/671 1667/2098/651
f 1554/2099/630 1542/2069/631 1655/2072/669 1657/2100/670
f 1457/2101/579 1455/2102/580 1586/2103/660 1604/2104/601
f 1451/2105/582 1449/2106/583 1526/2107/652 1544/2108/681
f 1626/2109/603 1608/2110/604 1677/2111/601 1679/2112/602
f 1533/2067/596 1541/2035/597 1517/2036/600 1497/2068/600
f 1425/2113/595 1423/2114/599 1562/2115/675 1580/2116/890
f 1431/2032/592 1429/2117/593 1616/2118/888 1634/2033/655
f 1572/2119/891 1548/2075/632 1671/2078/681 1673/2120/659
f 1556/2121/629 1626/2109/603 1679/2112/602 1643/2122/680
f 1532/2070/657 1638/2123/658 1651/2124/655 1653/2071/885
f 1443/2087/586 1441/2125/587 1592/2126/666 1610/2088/667
f 1521/2073/605 1529/2037/606 1519/2038/600 1493/2074/600
f 1494/2127/585 1493/2128/584 1492/2129/584 1495/2130/585
f 1490/2131/578 1489/2132/577 1488/2133/577 1491/2134/578
f 1486/2135/593 1498/2019/592 1499/2022/592 1487/2136/593
f 1484/2137/586 1494/2127/585 1495/2130/585 1485/2138/586
f 1482/2139/579 1490/2131/578 1491/2134/578 1483/2140/579
f 1480/2141/594 1486/2135/593 1487/2136/593 1481/2142/594
f 1501/2143/587 1484/2137/586 1485/2138/586 1500/2144/587
f 1503/2145/580 1482/2139/579 1483/2140/579 1502/2146/580
f 1505/2147/595 1480/2141/594 1481/2142/594 1504/2148/595
f 1507/2149/588 1501/2150/587 1500/2151/587 1506/2152/588
f 1509/2153/581 1503/2145/580 1502/2146/580 1508/2154/581
f 1511/2155/599 1505/2147/595 1504/2148/595 1510/2156/599
f 1513/2157/589 1507/2149/588 1506/2152/588 1512/2158/589
f 1515/2159/582 1509/2153/581 1508/2154/581 1514/2160/582
f 1489/2132/577 1511/2155/599 1510/2156/599 1488/2133/577
f 1517/2161/590 1513/2157/589 1512/2158/589 1516/2162/590
f 1519/2163/583 1515/2159/582 1514/2160/582 1518/2164/583
f 1497/2020/591 1517/2161/590 1516/2162/590 1496/2021/591
f 1493/2128/584 1519/2163/583 1518/2164/583 1492/2129/584
f 1427/2165/594 1425/2113/595 1580/2116/890 1598/2166/682
f 1545/2065/627 1527/1927/650 1518/1930/610 1514/2066/886
f 1590/2167/661 1572/2119/891 1673/2120/659 1675/2168/660
f 1459/2024/578 1457/2101/579 1604/2104/601 1622/2025/602
f 1453/2169/581 1451/2105/582 1544/2108/681 1568/2170/659
f 1449/2106/583 1447/2027/584 1524/2030/651 1526/2107/652
f 1614/2171/664 1596/2091/668 1661/2094/666 1663/2172/667
f 1441/2173/587 1439/2083/588 1574/2086/683 1592/2174/666
f 1638/2123/658 1620/2079/679 1649/2082/888 1651/2124/655
f 1581/2055/622 1563/1987/625 1510/1990/615 1504/2056/615
f 1602/2080/673 1584/1973/674 1645/1976/676 1647/2081/682
f 1429/2117/593 1427/2165/594 1598/2166/682 1616/2118/888
f 1608/2110/604 1590/2167/661 1675/2168/660 1677/2111/601
f 1578/2092/665 1554/2099/630 1657/2100/670 1659/2093/683
f 1423/2114/599 1421/2023/577 1560/2026/680 1562/2115/675
f 1455/2102/580 1453/2169/581 1568/2170/659 1586/2103/660
f 1632/2096/672 1614/2171/664 1663/2172/667 1665/2097/671
f 1437/2084/589 1435/2089/590 1538/2090/669 1550/2085/889
f 1638/2123/658 1532/2070/657 1534/2175/723 1639/2176/719
f 1639/2176/719 1534/2175/723 1533/2067/596 1637/2017/649
f 1536/2034/885 1634/2033/655 1636/2177/718 1537/2178/892
f 1537/2178/892 1636/2177/718 1635/1981/608 1535/1978/635
f 1632/2096/672 1520/2095/653 1522/2179/721 1633/2180/717
f 1633/2180/717 1522/2179/721 1521/2073/605 1631/2015/648
f 1524/2030/651 1628/2029/671 1630/2181/716 1525/2182/720
f 1525/2182/720 1630/2181/716 1629/2041/613 1523/1928/634
f 1626/2109/603 1556/2121/629 1558/2183/695 1627/2184/715
f 1627/2184/715 1558/2183/695 1557/1995/612 1625/2013/611
f 1560/2026/680 1622/2025/602 1624/2185/893 1561/2186/692
f 1561/2186/692 1624/2185/893 1623/2045/617 1559/1988/616
f 1620/2079/679 1638/2123/658 1639/2176/719 1621/2187/713
f 1621/2187/713 1639/2176/719 1637/2017/649 1619/2011/646
f 1634/2033/655 1616/2118/888 1618/2188/894 1636/2177/718
f 1636/2177/718 1618/2188/894 1617/2039/609 1635/1981/608
f 1614/2171/664 1632/2096/672 1633/2180/717 1615/2189/711
f 1615/2189/711 1633/2180/717 1631/2015/648 1613/2009/645
f 1628/2029/671 1610/2088/667 1612/2190/895 1630/2181/716
f 1630/2181/716 1612/2190/895 1611/2042/614 1629/2041/613
f 1608/2110/604 1626/2109/603 1627/2184/715 1609/2191/709
f 1609/2191/709 1627/2184/715 1625/2013/611 1607/2007/644
f 1622/2025/602 1604/2104/601 1606/2192/708 1624/2185/893
f 1624/2185/893 1606/2192/708 1605/2046/620 1623/2045/617
f 1602/2080/673 1620/2079/679 1621/2187/713 1603/2193/707
f 1603/2193/707 1621/2187/713 1619/2011/646 1601/2004/643
f 1616/2118/888 1598/2166/682 1600/2194/706 1618/2188/894
f 1618/2188/894 1600/2194/706 1599/2049/618 1617/2039/609
f 1596/2091/668 1614/2171/664 1615/2189/711 1597/2195/705
f 1597/2195/705 1615/2189/711 1613/2009/645 1595/2001/642
f 1610/2088/667 1592/2126/666 1594/2196/704 1612/2190/895
f 1612/2190/895 1594/2196/704 1593/2051/619 1611/2042/614
f 1590/2167/661 1608/2110/604 1609/2191/709 1591/2197/703
f 1591/2197/703 1609/2191/709 1607/2007/644 1589/1999/641
f 1604/2104/601 1586/2103/660 1588/2198/702 1606/2192/708
f 1606/2192/708 1588/2198/702 1587/2053/621 1605/2046/620
f 1584/1973/674 1602/2080/673 1603/2193/707 1585/2199/701
f 1585/2199/701 1603/2193/707 1601/2004/643 1583/2003/640
f 1598/2166/682 1580/2116/890 1582/2200/700 1600/2194/706
f 1600/2194/706 1582/2200/700 1581/2055/622 1599/2049/618
f 1578/2092/665 1596/2091/668 1597/2195/705 1579/2201/896
f 1579/2201/896 1597/2195/705 1595/2001/642 1577/1992/638
f 1592/2174/666 1574/2086/683 1576/2202/698 1594/2203/704
f 1594/2203/704 1576/2202/698 1575/2058/623 1593/2057/619
f 1572/2119/891 1590/2167/661 1591/2197/703 1573/2204/897
f 1573/2204/897 1591/2197/703 1589/1999/641 1571/1984/636
f 1586/2103/660 1568/2170/659 1570/2205/696 1588/2198/702
f 1588/2198/702 1570/2205/696 1569/2061/624 1587/2053/621
f 1566/1974/628 1584/1973/674 1585/2199/701 1567/2206/898
f 1567/2206/898 1585/2199/701 1583/2003/640 1565/1996/639
f 1580/2116/890 1562/2115/675 1564/2207/693 1582/2200/700
f 1582/2200/700 1564/2207/693 1563/1987/625 1581/2055/622
f 1554/2099/630 1578/2092/665 1579/2201/896 1555/2208/690
f 1555/2208/690 1579/2201/896 1577/1992/638 1553/1991/637
f 1574/2086/683 1550/2085/889 1552/2209/689 1576/2202/698
f 1576/2202/698 1552/2209/689 1551/2063/626 1575/2058/623
f 1548/2075/632 1572/2119/891 1573/2204/897 1549/2210/686
f 1549/2210/686 1573/2204/897 1571/1984/636 1547/1983/607
f 1568/2170/659 1544/2108/681 1546/2211/685 1570/2205/696
f 1570/2205/696 1546/2211/685 1545/2065/627 1569/2061/624
f 1556/2121/629 1566/1974/628 1567/2206/898 1558/2183/695
f 1558/2183/695 1567/2206/898 1565/1996/639 1557/1995/612
f 1562/2115/675 1560/2026/680 1561/2186/692 1564/2207/693
f 1564/2207/693 1561/2186/692 1559/1988/616 1563/1987/625
f 1542/2069/631 1554/2099/630 1555/2208/690 1543/2212/691
f 1543/2212/691 1555/2208/690 1553/1991/637 1541/2035/597
f 1550/2085/889 1538/2090/669 1540/2213/688 1552/2209/689
f 1552/2209/689 1540/2213/688 1539/1977/654 1551/2063/626
f 1530/2076/887 1548/2075/632 1549/2210/686 1531/2214/899
f 1531/2214/899 1549/2210/686 1547/1983/607 1529/2037/606
f 1544/2108/681 1526/2107/652 1528/2215/684 1546/2211/685
f 1546/2211/685 1528/2215/684 1527/1927/650 1545/2065/627
f 1532/2070/657 1542/2069/631 1543/2212/691 1534/2175/723
f 1534/2175/723 1543/2212/691 1541/2035/597 1533/2067/596
f 1538/2090/669 1536/2034/885 1537/2178/892 1540/2213/688
f 1540/2213/688 1537/2178/892 1535/1978/635 1539/1977/654
f 1520/2095/653 1530/2076/887 1531/2214/899 1522/2179/721
f 1522/2179/721 1531/2214/899 1529/2037/606 1521/2073/605
f 1526/2107/652 1524/2030/651 1525/2182/720 1528/2215/684
f 1528/2215/684 1525/2182/720 1523/1928/634 1527/1927/650
f 1530/2076/887 1520/2095/653 1667/2098/651 1669/2077/652
f 1641/1975/675 1643/2122/680 1644/2216/692 1642/2217/693
f 1642/2218/693 1644/2219/692 1681/2220/616 1682/2221/625
f 1645/1976/676 1641/1975/675 1642/2217/693 1646/2222/700
f 1646/2223/700 1642/2218/693 1682/2221/625 1683/2224/622
f 1647/2081/682 1645/1976/676 1646/2222/700 1648/2225/706
f 1648/2226/706 1646/2223/700 1683/2224/622 1684/2227/618
f 1649/2082/888 1647/2081/682 1648/2225/706 1650/2228/894
f 1650/2229/894 1648/2226/706 1684/2227/618 1685/2230/609
f 1651/2124/655 1649/2082/888 1650/2228/894 1652/2231/718
f 1652/2232/718 1650/2229/894 1685/2230/609 1686/2233/608
f 1653/2071/885 1651/2124/655 1652/2231/718 1654/2234/892
f 1654/2235/892 1652/2232/718 1686/2233/608 1687/2236/635
f 1655/2072/669 1653/2071/885 1654/2234/892 1656/2237/688
f 1656/2238/688 1654/2235/892 1687/2236/635 1688/2239/654
f 1657/2100/670 1655/2072/669 1656/2237/688 1658/2240/689
f 1658/2241/689 1656/2238/688 1688/2239/654 1689/2242/626
f 1659/2093/683 1657/2100/670 1658/2240/689 1660/2243/698
f 1660/2244/698 1658/2241/689 1689/2242/626 1690/2245/623
f 1661/2094/666 1659/2093/683 1660/2243/698 1662/2246/704
f 1662/2247/704 1660/2244/698 1690/2245/623 1691/2248/619
f 1663/2172/667 1661/2094/666 1662/2246/704 1664/2249/895
f 1664/2250/895 1662/2247/704 1691/2248/619 1692/2251/614
f 1665/2097/671 1663/2172/667 1664/2249/895 1666/2252/716
f 1666/2253/716 1664/2250/895 1692/2251/614 1693/2254/613
f 1667/2098/651 1665/2097/671 1666/2252/716 1668/2255/720
f 1668/2256/720 1666/2253/716 1693/2254/613 1694/2257/634
f 1669/2077/652 1667/2098/651 1668/2255/720 1670/2258/684
f 1670/2259/684 1668/2256/720 1694/2257/634 1695/2260/650
f 1671/2078/681 1669/2077/652 1670/2258/684 1672/2261/685
f 1672/2262/685 1670/2259/684 1695/2260/650 1696/2263/627
f 1673/2120/659 1671/2078/681 1672/2261/685 1674/2264/696
f 1674/2265/696 1672/2262/685 1696/2263/627 1697/2266/624
f 1675/2168/660 1673/2120/659 1674/2264/696 1676/2267/702
f 1676/2268/702 1674/2265/696 1697/2266/624 1698/2269/621
f 1677/2111/601 1675/2168/660 1676/2267/702 1678/2270/708
f 1678/2271/708 1676/2268/702 1698/2269/621 1699/2272/620
f 1679/2112/602 1677/2111/601 1678/2270/708 1680/2273/893
f 1680/2274/893 1678/2271/708 1699/2272/620 1700/2275/617
f 1643/2122/680 1679/2112/602 1680/2273/893 1644/2216/692
f 1644/2219/692 1680/2274/893 1700/2275/617 1681/2220/616
f 1566/1974/628 1556/2121/629 1643/2122/680 1641/1975/675
f 1640/2276/615 1682/2221/625 1681/2220/616
f 1640/2276/615 1683/2224/622 1682/2221/625
f 1640/2276/615 1684/2227/618 1683/2224/622
f 1640/2276/615 1685/2230/609 1684/2227/618
f 1640/2276/615 1686/2233/608 1685/2230/609
f 1640/2276/615 1687/2236/635 1686/2233/608
f 1640/2276/615 1688/2239/654 1687/2236/635
f 1640/2276/615 1689/2242/626 1688/2239/654
f 1640/2276/615 1690/2245/623 1689/2242/626
f 1640/2276/615 1691/2248/619 1690/2245/623
f 1640/2276/615 1692/2251/614 1691/2248/619
f 1640/2276/615 1693/2254/613 1692/2251/614
f 1640/2276/615 1694/2257/634 1693/2254/613
f 1640/2276/615 1695/2260/650 1694/2257/634
f 1640/2276/615 1696/2263/627 1695/2260/650
f 1640/2276/615 1697/2266/624 1696/2263/627
f 1640/2276/615 1698/2269/621 1697/2266/624
f 1640/2276/615 1699/2272/620 1698/2269/621
f 1640/2276/615 1700/2275/617 1699/2272/620
f 1640/2276/615 1681/2220/616 1700/2275/617
f 1701/2277/900 1742/2278/900 1741/2279/901 1703/2280/901
f 1703/2280/901 1741/2279/901 1743/2281/902 1705/2282/902
f 1705/2282/902 1743/2281/902 1744/2283/903 1707/2284/903
f 1707/2284/903 1744/2283/903 1745/2285/904 1709/2286/904
f 1709/2286/904 1745/2285/904 1746/2287/905 1711/2288/905
f 1711/2288/905 1746/2287/905 1747/2289/906 1713/2290/906
f 1713/2290/906 1747/2289/906 1748/2291/907 1715/2292/907
f 1715/2292/907 1748/2291/907 1749/2293/908 1717/2294/908
f 1717/2294/908 1749/2293/908 1750/2295/909 1719/2296/909
f 1719/2297/909 1750/2298/909 1751/2299/910 1721/2300/910
f 1721/2300/910 1751/2299/910 1752/2301/911 1723/2302/911
f 1723/2302/911 1752/2301/911 1753/2303/912 1725/2304/912
f 1725/2304/912 1753/2303/912 1754/2305/913 1727/2306/913
f 1727/2306/913 1754/2305/913 1755/2307/914 1729/2308/914
f 1729/2308/914 1755/2307/914 1756/2309/915 1731/2310/915
f 1731/2310/915 1756/2309/915 1757/2311/916 1733/2312/916
f 1733/2312/916 1757/2311/916 1758/2313/917 1735/2314/917
f 1735/2314/917 1758/2313/917 1759/2315/918 1737/2316/918
f 1808/2317/919 1804/2318/920 1773/2319/921 1799/2320/921
f 1737/2316/918 1759/2315/918 1760/2321/922 1739/2322/922
f 1739/2322/922 1760/2321/922 1742/2278/900 1701/2277/900
f 1702/2323/923 1704/2324/923 1741/2325/923 1742/2326/923
f 1704/2324/923 1706/2327/923 1743/2328/923 1741/2325/923
f 1706/2327/923 1708/2329/923 1744/2330/923 1743/2328/923
f 1708/2329/923 1710/2331/923 1745/2332/923 1744/2330/923
f 1710/2331/923 1712/2333/923 1746/2334/923 1745/2332/923
f 1712/2333/923 1714/2335/923 1747/2336/923 1746/2334/923
f 1714/2335/923 1716/2337/923 1748/2338/923 1747/2336/923
f 1716/2337/923 1718/2339/923 1749/2340/923 1748/2338/923
f 1718/2339/923 1720/2341/923 1750/2342/923 1749/2340/923
f 1720/2341/923 1722/2343/923 1751/2344/923 1750/2342/923
f 1722/2343/923 1724/2345/923 1752/2346/923 1751/2344/923
f 1724/2345/923 1726/2347/923 1753/2348/923 1752/2346/923
f 1726/2347/923 1728/2349/923 1754/2350/923 1753/2348/923
f 1728/2349/923 1730/2351/923 1755/2352/923 1754/2350/923
f 1730/2351/923 1732/2353/923 1756/2354/923 1755/2352/923
f 1732/2353/923 1734/2355/923 1757/2356/923 1756/2354/923
f 1734/2355/923 1736/2357/923 1758/2358/923 1757/2356/923
f 1736/2357/923 1738/2359/923 1759/2360/923 1758/2358/923
f 1738/2359/923 1740/2361/923 1760/2362/923 1759/2360/923
f 1740/2361/923 1702/2323/923 1742/2326/923 1760/2362/923
f 1865/2363/924 1847/2364/925 1922/2365/926 1926/2366/927
f 1820/2367/928 1816/2368/929 1777/2369/923 1797/2370/923
f 1816/2368/929 1916/2371/930 1780/2372/923 1777/2369/923
f 1828/2373/931 1852/2374/932 1790/2375/933 1796/2376/933
f 1844/2377/934 1840/2378/935 1769/2379/923 1791/2380/923
f 1834/2381/936 1858/2382/937 1788/2383/933 1794/2384/933
f 1838/2385/938 1846/2386/939 1792/2387/933 1770/2388/933
f 1852/2374/932 1870/2389/940 1784/2390/941 1790/2375/933
f 1858/2382/937 1876/2391/942 1782/2392/933 1788/2383/933
f 1864/2393/943 1882/2394/944 1761/2395/933 1786/2396/933
f 1870/2389/940 1888/2397/945 1763/2398/946 1784/2390/941
f 1876/2391/942 1894/2399/947 1765/2400/933 1782/2392/933
f 1882/2394/944 1900/2401/948 1767/2402/933 1761/2395/933
f 1888/2397/945 1906/2403/949 1771/2404/933 1763/2398/946
f 1894/2399/947 1912/2405/950 1775/2406/933 1765/2400/933
f 1900/2401/948 1918/2407/951 1779/2408/933 1767/2402/933
f 1779/2409/905 1778/2410/906 1777/2411/906 1780/2412/905
f 1702/2413/900 1740/2414/922 1903/2415/952 1841/2416/953
f 1728/2417/913 1726/2418/912 1909/2419/954 1805/2420/955
f 1714/2421/906 1712/2422/905 1915/2423/956 1817/2424/957
f 1822/2425/958 1834/2381/936 1794/2384/933 1798/2426/933
f 1810/2427/959 1828/2373/931 1796/2376/933 1800/2428/946
f 1846/2386/939 1864/2393/943 1786/2396/933 1792/2387/933
f 1916/2371/930 1898/2429/960 1768/2430/923 1780/2372/923
f 1910/2431/961 1892/2432/962 1766/2433/923 1776/2434/923
f 1904/2435/963 1886/2436/964 1764/2437/923 1772/2438/923
f 1898/2429/960 1880/2439/965 1762/2440/923 1768/2430/923
f 1892/2432/962 1874/2441/966 1781/2442/923 1766/2433/923
f 1886/2436/964 1868/2443/967 1783/2444/923 1764/2437/923
f 1880/2439/965 1862/2445/968 1785/2446/923 1762/2440/923
f 1874/2441/966 1856/2447/969 1787/2448/923 1781/2442/923
f 1868/2443/967 1850/2449/970 1789/2450/921 1783/2444/923
f 1906/2403/949 1838/2385/938 1770/2388/933 1771/2404/933
f 1856/2451/969 1832/2452/971 1793/2453/923 1787/2454/923
f 1840/2378/935 1904/2435/963 1772/2438/923 1769/2379/923
f 1850/2449/970 1826/2455/972 1795/2456/973 1789/2450/921
f 1918/2407/951 1814/2457/974 1778/2458/933 1779/2408/933
f 1823/2459/975 1813/2460/976 1934/2461/977 1936/2462/978
f 1912/2405/950 1802/2463/979 1774/2464/946 1775/2406/933
f 1804/2318/920 1910/2431/961 1776/2434/923 1773/2319/921
f 1829/2465/980 1811/2466/981 1950/2467/982 1952/2468/983
f 1901/2469/984 1883/2470/985 1928/2471/986 1930/2472/987
f 1720/2473/909 1718/2474/908 1831/2475/988 1855/2476/989
f 1726/2418/912 1724/2477/911 1891/2478/990 1909/2419/954
f 1832/2452/971 1820/2367/928 1797/2370/923 1793/2453/923
f 1716/2479/907 1714/2421/906 1817/2424/957 1819/2480/978
f 1877/2481/991 1859/2482/992 1940/2483/989 1942/2484/993
f 1801/2485/994 1913/2486/995 1946/2487/954 1948/2488/955
f 1835/2489/996 1823/2459/975 1936/2462/978 1938/2490/988
f 1738/2491/918 1736/2492/917 1867/2493/997 1885/2494/998
f 1732/2495/915 1730/2496/914 1807/2497/982 1825/2498/983
f 1907/2499/999 1889/2500/1000 1958/2501/998 1960/2502/952
f 1814/2457/974 1822/2425/958 1798/2426/933 1778/2458/933
f 1706/2503/902 1704/2504/901 1843/2505/926 1861/2506/1001
f 1712/2422/905 1710/2507/904 1897/2508/987 1915/2423/956
f 1853/2509/1002 1829/2465/980 1952/2468/983 1954/2510/1003
f 1837/2511/1004 1907/2499/999 1960/2502/952 1924/2512/953
f 1813/2460/976 1919/2513/1005 1932/2514/956 1934/2461/977
f 1724/2477/911 1722/2515/910 1873/2516/993 1891/2478/990
f 1802/2463/979 1810/2427/959 1800/2428/946 1774/2464/946
f 1775/2517/912 1774/2518/913 1773/2519/913 1776/2520/912
f 1771/2521/922 1770/2522/900 1769/2523/900 1772/2524/922
f 1767/2525/904 1779/2409/905 1780/2412/905 1768/2526/904
f 1765/2527/911 1775/2517/912 1776/2520/912 1766/2528/911
f 1763/2529/918 1771/2521/922 1772/2524/922 1764/2530/918
f 1761/2531/903 1767/2525/904 1768/2526/904 1762/2532/903
f 1782/2533/910 1765/2527/911 1766/2528/911 1781/2534/910
f 1784/2535/917 1763/2529/918 1764/2530/918 1783/2536/917
f 1786/2537/902 1761/2531/903 1762/2532/903 1785/2538/902
f 1788/2539/909 1782/2533/910 1781/2534/910 1787/2540/909
f 1790/2541/916 1784/2535/917 1783/2536/917 1789/2542/916
f 1792/2543/901 1786/2537/902 1785/2538/902 1791/2544/901
f 1794/2545/908 1788/2546/909 1787/2547/909 1793/2548/908
f 1796/2549/915 1790/2541/916 1789/2542/916 1795/2550/915
f 1770/2522/900 1792/2543/901 1791/2544/901 1769/2523/900
f 1798/2551/907 1794/2545/908 1793/2548/908 1797/2552/907
f 1800/2553/914 1796/2549/915 1795/2550/915 1799/2554/914
f 1778/2410/906 1798/2551/907 1797/2552/907 1777/2411/906
f 1774/2518/913 1800/2553/914 1799/2554/914 1773/2519/913
f 1708/2555/903 1706/2503/902 1861/2506/1001 1879/2556/986
f 1826/2455/972 1808/2317/919 1799/2320/921 1795/2456/973
f 1871/2557/1006 1853/2509/1002 1954/2510/1003 1956/2558/997
f 1740/2414/922 1738/2491/918 1885/2494/998 1903/2415/952
f 1734/2559/916 1732/2495/915 1825/2498/983 1849/2560/1003
f 1730/2496/914 1728/2417/913 1805/2420/955 1807/2497/982
f 1895/2561/1007 1877/2481/991 1942/2484/993 1944/2562/990
f 1722/2515/910 1720/2563/909 1855/2564/989 1873/2516/993
f 1919/2513/1005 1901/2469/984 1930/2472/987 1932/2514/956
f 1862/2445/968 1844/2377/934 1791/2380/923 1785/2446/923
f 1883/2470/985 1865/2363/924 1926/2366/927 1928/2471/986
f 1710/2507/904 1708/2555/903 1879/2556/986 1897/2508/987
f 1889/2500/1000 1871/2557/1006 1956/2558/997 1958/2501/998
f 1859/2482/992 1835/2489/996 1938/2490/988 1940/2483/989
f 1704/2504/901 1702/2413/900 1841/2416/953 1843/2505/926
f 1736/2492/917 1734/2559/916 1849/2560/1003 1867/2493/997
f 1913/2486/995 1895/2561/1007 1944/2562/990 1946/2487/954
f 1718/2474/908 1716/2479/907 1819/2480/978 1831/2475/988
f 1919/2513/1005 1813/2460/976 1815/2565/1008 1920/2566/1009
f 1920/2566/1009 1815/2565/1008 1814/2457/974 1918/2407/951
f 1817/2424/957 1915/2423/956 1917/2567/1010 1818/2568/1011
f 1818/2568/1011 1917/2567/1010 1916/2371/930 1816/2368/929
f 1913/2486/995 1801/2485/994 1803/2569/1012 1914/2570/1013
f 1914/2570/1013 1803/2569/1012 1802/2463/979 1912/2405/950
f 1805/2420/955 1909/2419/954 1911/2571/1014 1806/2572/1015
f 1806/2572/1015 1911/2571/1014 1910/2431/961 1804/2318/920
f 1907/2499/999 1837/2511/1004 1839/2573/1016 1908/2574/1017
f 1908/2574/1017 1839/2573/1016 1838/2385/938 1906/2403/949
f 1841/2416/953 1903/2415/952 1905/2575/1018 1842/2576/1019
f 1842/2576/1019 1905/2575/1018 1904/2435/963 1840/2378/935
f 1901/2469/984 1919/2513/1005 1920/2566/1009 1902/2577/1020
f 1902/2577/1020 1920/2566/1009 1918/2407/951 1900/2401/948
f 1915/2423/956 1897/2508/987 1899/2578/1021 1917/2567/1010
f 1917/2567/1010 1899/2578/1021 1898/2429/960 1916/2371/930
f 1895/2561/1007 1913/2486/995 1914/2570/1013 1896/2579/1022
f 1896/2579/1022 1914/2570/1013 1912/2405/950 1894/2399/947
f 1909/2419/954 1891/2478/990 1893/2580/1023 1911/2571/1014
f 1911/2571/1014 1893/2580/1023 1892/2432/962 1910/2431/961
f 1889/2500/1000 1907/2499/999 1908/2574/1017 1890/2581/1024
f 1890/2581/1024 1908/2574/1017 1906/2403/949 1888/2397/945
f 1903/2415/952 1885/2494/998 1887/2582/1025 1905/2575/1018
f 1905/2575/1018 1887/2582/1025 1886/2436/964 1904/2435/963
f 1883/2470/985 1901/2469/984 1902/2577/1020 1884/2583/1026
f 1884/2583/1026 1902/2577/1020 1900/2401/948 1882/2394/944
f 1897/2508/987 1879/2556/986 1881/2584/1027 1899/2578/1021
f 1899/2578/1021 1881/2584/1027 1880/2439/965 1898/2429/960
f 1877/2481/991 1895/2561/1007 1896/2579/1022 1878/2585/1028
f 1878/2585/1028 1896/2579/1022 1894/2399/947 1876/2391/942
f 1891/2478/990 1873/2516/993 1875/2586/1029 1893/2580/1023
f 1893/2580/1023 1875/2586/1029 1874/2441/966 1892/2432/962
f 1871/2557/1006 1889/2500/1000 1890/2581/1024 1872/2587/1030
f 1872/2587/1030 1890/2581/1024 1888/2397/945 1870/2389/940
f 1885/2494/998 1867/2493/997 1869/2588/1031 1887/2582/1025
f 1887/2582/1025 1869/2588/1031 1868/2443/967 1886/2436/964
f 1865/2363/924 1883/2470/985 1884/2583/1026 1866/2589/1032
f 1866/2589/1032 1884/2583/1026 1882/2394/944 1864/2393/943
f 1879/2556/986 1861/2506/1001 1863/2590/1033 1881/2584/1027
f 1881/2584/1027 1863/2590/1033 1862/2445/968 1880/2439/965
f 1859/2482/992 1877/2481/991 1878/2585/1028 1860/2591/1034
f 1860/2591/1034 1878/2585/1028 1876/2391/942 1858/2382/937
f 1873/2516/993 1855/2564/989 1857/2592/1035 1875/2586/1029
f 1875/2586/1029 1857/2592/1035 1856/2447/969 1874/2441/966
f 1853/2509/1002 1871/2557/1006 1872/2587/1030 1854/2593/1036
f 1854/2593/1036 1872/2587/1030 1870/2389/940 1852/2374/932
f 1867/2493/997 1849/2560/1003 1851/2594/1037 1869/2588/1031
f 1869/2588/1031 1851/2594/1037 1850/2449/970 1868/2443/967
f 1847/2364/925 1865/2363/924 1866/2589/1032 1848/2595/1038
f 1848/2595/1038 1866/2589/1032 1864/2393/943 1846/2386/939
f 1861/2506/1001 1843/2505/926 1845/2596/1039 1863/2590/1033
f 1863/2590/1033 1845/2596/1039 1844/2377/934 1862/2445/968
f 1835/2489/996 1859/2482/992 1860/2591/1034 1836/2597/1040
f 1836/2597/1040 1860/2591/1034 1858/2382/937 1834/2381/936
f 1855/2476/989 1831/2475/988 1833/2598/1041 1857/2599/1035
f 1857/2599/1035 1833/2598/1041 1832/2452/971 1856/2451/969
f 1829/2465/980 1853/2509/1002 1854/2593/1036 1830/2600/1042
f 1830/2600/1042 1854/2593/1036 1852/2374/932 1828/2373/931
f 1849/2560/1003 1825/2498/983 1827/2601/1043 1851/2594/1037
f 1851/2594/1037 1827/2601/1043 1826/2455/972 1850/2449/970
f 1837/2511/1004 1847/2364/925 1848/2595/1038 1839/2573/1016
f 1839/2573/1016 1848/2595/1038 1846/2386/939 1838/2385/938
f 1843/2505/926 1841/2416/953 1842/2576/1019 1845/2596/1039
f 1845/2596/1039 1842/2576/1019 1840/2378/935 1844/2377/934
f 1823/2459/975 1835/2489/996 1836/2597/1040 1824/2602/1044
f 1824/2602/1044 1836/2597/1040 1834/2381/936 1822/2425/958
f 1831/2475/988 1819/2480/978 1821/2603/1045 1833/2598/1041
f 1833/2598/1041 1821/2603/1045 1820/2367/928 1832/2452/971
f 1811/2466/981 1829/2465/980 1830/2600/1042 1812/2604/1046
f 1812/2604/1046 1830/2600/1042 1828/2373/931 1810/2427/959
f 1825/2498/983 1807/2497/982 1809/2605/1047 1827/2601/1043
f 1827/2601/1043 1809/2605/1047 1808/2317/919 1826/2455/972
f 1813/2460/976 1823/2459/975 1824/2602/1044 1815/2565/1008
f 1815/2565/1008 1824/2602/1044 1822/2425/958 1814/2457/974
f 1819/2480/978 1817/2424/957 1818/2568/1011 1821/2603/1045
f 1821/2603/1045 1818/2568/1011 1816/2368/929 1820/2367/928
f 1801/2485/994 1811/2466/981 1812/2604/1046 1803/2569/1012
f 1803/2569/1012 1812/2604/1046 1810/2427/959 1802/2463/979
f 1807/2497/982 1805/2420/955 1806/2572/1015 1809/2605/1047
f 1809/2605/1047 1806/2572/1015 1804/2318/920 1808/2317/919
f 1811/2466/981 1801/2485/994 1948/2488/955 1950/2467/982
f 1922/2365/926 1924/2512/953 1925/2606/1019 1923/2607/1039
f 1923/2608/1039 1925/2609/1019 1962/2610/935 1963/2611/934
f 1926/2366/927 1922/2365/926 1923/2607/1039 1927/2612/1033
f 1927/2613/1033 1923/2608/1039 1963/2611/934 1964/2614/968
f 1928/2471/986 1926/2366/927 1927/2612/1033 1929/2615/1027
f 1929/2616/1027 1927/2613/1033 1964/2614/968 1965/2617/965
f 1930/2472/987 1928/2471/986 1929/2615/1027 1931/2618/1048
f 1931/2619/1048 1929/2616/1027 1965/2617/965 1966/2620/960
f 1932/2514/956 1930/2472/987 1931/2618/1048 1933/2621/1010
f 1933/2622/1010 1931/2619/1048 1966/2620/960 1967/2623/930
f 1934/2461/977 1932/2514/956 1933/2621/1010 1935/2624/1011
f 1935/2625/1011 1933/2622/1010 1967/2623/930 1968/2626/929
f 1936/2462/978 1934/2461/977 1935/2624/1011 1937/2627/1045
f 1937/2628/1045 1935/2625/1011 1968/2626/929 1969/2629/928
f 1938/2490/988 1936/2462/978 1937/2627/1045 1939/2630/1041
f 1939/2631/1041 1937/2628/1045 1969/2629/928 1970/2632/971
f 1940/2483/989 1938/2490/988 1939/2630/1041 1941/2633/1035
f 1941/2634/1035 1939/2631/1041 1970/2632/971 1971/2635/969
f 1942/2484/993 1940/2483/989 1941/2633/1035 1943/2636/1029
f 1943/2637/1029 1941/2634/1035 1971/2635/969 1972/2638/966
f 1944/2562/990 1942/2484/993 1943/2636/1029 1945/2639/1023
f 1945/2640/1023 1943/2637/1029 1972/2638/966 1973/2641/962
f 1946/2487/954 1944/2562/990 1945/2639/1023 1947/2642/1014
f 1947/2643/1014 1945/2640/1023 1973/2641/962 1974/2644/961
f 1948/2488/955 1946/2487/954 1947/2642/1014 1949/2645/1015
f 1949/2646/1015 1947/2643/1014 1974/2644/961 1975/2647/920
f 1950/2467/982 1948/2488/955 1949/2645/1015 1951/2648/1047
f 1951/2649/1047 1949/2646/1015 1975/2647/920 1976/2650/919
f 1952/2468/983 1950/2467/982 1951/2648/1047 1953/2651/1043
f 1953/2652/1043 1951/2649/1047 1976/2650/919 1977/2653/972
f 1954/2510/1003 1952/2468/983 1953/2651/1043 1955/2654/1037
f 1955/2655/1037 1953/2652/1043 1977/2653/972 1978/2656/970
f 1956/2558/997 1954/2510/1003 1955/2654/1037 1957/2657/1031
f 1957/2658/1031 1955/2655/1037 1978/2656/970 1979/2659/967
f 1958/2501/998 1956/2558/997 1957/2657/1031 1959/2660/1025
f 1959/2661/1025 1957/2658/1031 1979/2659/967 1980/2662/964
f 1960/2502/952 1958/2501/998 1959/2660/1025 1961/2663/1018
f 1961/2664/1018 1959/2661/1025 1980/2662/964 1981/2665/963
f 1924/2512/953 1960/2502/952 1961/2663/1018 1925/2606/1019
f 1925/2609/1019 1961/2664/1018 1981/2665/963 1962/2610/935
f 1847/2364/925 1837/2511/1004 1924/2512/953 1922/2365/926
f 1921/2666/923 1963/2611/934 1962/2610/935
f 1921/2666/923 1964/2614/968 1963/2611/934
f 1921/2666/923 1965/2617/965 1964/2614/968
f 1921/2666/923 1966/2620/960 1965/2617/965
f 1921/2666/923 1967/2623/930 1966/2620/960
f 1921/2666/923 1968/2626/929 1967/2623/930
f 1921/2666/923 1969/2629/928 1968/2626/929
f 1921/2666/923 1970/2632/971 1969/2629/928
f 1921/2666/923 1971/2635/969 1970/2632/971
f 1921/2666/923 1972/2638/966 1971/2635/969
f 1921/2666/923 1973/2641/962 1972/2638/966
f 1921/2666/923 1974/2644/961 1973/2641/962
f 1921/2666/923 1975/2647/920 1974/2644/961
f 1921/2666/923 1976/2650/919 1975/2647/920
f 1921/2666/923 1977/2653/972 1976/2650/919
f 1921/2666/923 1978/2656/970 1977/2653/972
f 1921/2666/923 1979/2659/967 1978/2656/970
f 1921/2666/923 1980/2662/964 1979/2659/967
f 1921/2666/923 1981/2665/963 1980/2662/964
f 1921/2666/923 1962/2610/935 1981/2665/963
f 1982/2667/900 1984/2668/1049 2022/2669/1049 2023/2670/900
f 1984/2668/1049 1986/2671/1050 2024/2672/1050 2022/2669/1049
f 1986/2671/1050 1988/2673/1051 2025/2674/1051 2024/2672/1050
f 1988/2673/1051 1990/2675/1052 2026/2676/1052 2025/2674/1051
f 1990/2675/1052 1992/2677/1053 2027/2678/1053 2026/2676/1052
f 1992/2677/1053 1994/2679/1054 2028/2680/1054 2027/2678/1053
f 1994/2679/1054 1996/2681/1055 2029/2682/1055 2028/2680/1054
f 1996/2681/1055 1998/2683/1056 2030/2684/1056 2029/2682/1055
f 1998/2683/1056 2000/2685/1057 2031/2686/1057 2030/2684/1056
f 2000/2685/1057 2002/2687/910 2032/2688/910 2031/2686/1057
f 2002/2687/910 2004/2689/1058 2033/2690/1058 2032/2688/910
f 2004/2691/1058 2006/2692/1059 2034/2693/1059 2033/2694/1058
f 2006/2692/1059 2008/2695/1060 2035/2696/1060 2034/2693/1059
f 2008/2695/1060 2010/2697/1061 2036/2698/1061 2035/2696/1060
f 2010/2697/1061 2012/2699/1062 2037/2700/1062 2036/2698/1061
f 2012/2699/1062 2014/2701/1063 2038/2702/1063 2037/2700/1062
f 2014/2701/1063 2016/2703/1064 2039/2704/1064 2038/2702/1063
f 2016/2703/1064 2018/2705/1065 2040/2706/1065 2039/2704/1064
f 2089/2707/1066 2080/2708/1067 2054/2709/1068 2085/2710/1069
f 2018/2705/1065 2020/2711/1070 2041/2712/1070 2040/2706/1065
f 2020/2711/1070 1982/2667/900 2023/2670/900 2041/2712/1070
f 1983/2713/1068 2023/2714/1068 2022/2715/1068 1985/2716/1068
f 1985/2716/1068 2022/2715/1068 2024/2717/1068 1987/2718/1068
f 1987/2718/1068 2024/2717/1068 2025/2719/1068 1989/2720/1068
f 1989/2720/1068 2025/2719/1068 2026/2721/1068 1991/2722/1068
f 1991/2722/1068 2026/2721/1068 2027/2723/1068 1993/2724/1068
f 1993/2724/1068 2027/2723/1068 2028/2725/1068 1995/2726/1068
f 1995/2726/1068 2028/2725/1068 2029/2727/1068 1997/2728/1068
f 1997/2728/1068 2029/2727/1068 2030/2729/1068 1999/2730/1068
f 1999/2730/1068 2030/2729/1068 2031/2731/1068 2001/2732/1068
f 2001/2732/1068 2031/2731/1068 2032/2733/1068 2003/2734/1068
f 2003/2734/1068 2032/2733/1068 2033/2735/1068 2005/2736/1068
f 2005/2736/1068 2033/2735/1068 2034/2737/1068 2007/2738/1068
f 2007/2738/1068 2034/2737/1068 2035/2739/1068 2009/2740/1068
f 2009/2740/1068 2035/2739/1068 2036/2741/1068 2011/2742/1068
f 2011/2742/1068 2036/2741/1068 2037/2743/1068 2013/2744/1068
f 2013/2744/1068 2037/2743/1068 2038/2745/1068 2015/2746/1068
f 2015/2746/1068 2038/2745/1068 2039/2747/1068 2017/2748/1068
f 2017/2748/1068 2039/2747/1068 2040/2749/1068 2019/2750/1068
f 2019/2750/1068 2040/2749/1068 2041/2751/1068 2021/2752/1068
f 2021/2752/1068 2041/2751/1068 2023/2714/1068 1983/2713/1068
f 2146/2753/1071 2207/2754/1072 2203/2755/1073 2128/2756/1074
f 2101/2757/1075 2078/2758/1068 2058/2759/1068 2097/2760/1076
f 2097/2760/1076 2058/2759/1068 2061/2761/1068 2197/2762/1077
f 2109/2763/1078 2077/2764/1079 2071/2765/1079 2133/2766/1080
f 2125/2767/1081 2072/2768/1068 2050/2769/1068 2121/2770/1082
f 2115/2771/1083 2075/2772/1079 2069/2773/1079 2139/2774/1084
f 2119/2775/1085 2051/2776/1079 2073/2777/1079 2127/2778/1086
f 2133/2766/1080 2071/2765/1079 2065/2779/1087 2151/2780/1088
f 2139/2774/1084 2069/2773/1079 2063/2781/1079 2157/2782/1089
f 2145/2783/1090 2067/2784/1079 2042/2785/1079 2163/2786/1091
f 2151/2780/1088 2065/2779/1087 2044/2787/1087 2169/2788/1092
f 2157/2782/1089 2063/2781/1079 2046/2789/1079 2175/2790/1093
f 2163/2786/1091 2042/2785/1079 2048/2791/1079 2181/2792/1094
f 2169/2788/1092 2044/2787/1087 2052/2793/1079 2187/2794/1095
f 2175/2790/1093 2046/2789/1079 2056/2795/1079 2193/2796/1096
f 2181/2792/1094 2048/2791/1079 2060/2797/1079 2199/2798/1097
f 2060/2799/1053 2061/2800/1053 2058/2801/1054 2059/2802/1054
f 1983/2803/900 2122/2804/1098 2184/2805/1099 2021/2806/1070
f 2009/2807/1060 2086/2808/1100 2190/2809/1101 2007/2810/1059
f 1995/2811/1054 2098/2812/1102 2196/2813/1103 1993/2814/1053
f 2103/2815/1104 2079/2816/1079 2075/2772/1079 2115/2771/1083
f 2091/2817/1105 2081/2818/1079 2077/2764/1079 2109/2763/1078
f 2127/2778/1086 2073/2777/1079 2067/2784/1079 2145/2783/1090
f 2197/2762/1077 2061/2761/1068 2049/2819/1068 2179/2820/1106
f 2191/2821/1107 2057/2822/1068 2047/2823/1068 2173/2824/1108
f 2185/2825/1109 2053/2826/1068 2045/2827/1068 2167/2828/1110
f 2179/2820/1106 2049/2819/1068 2043/2829/1068 2161/2830/1111
f 2173/2831/1108 2047/2832/1068 2062/2833/1068 2155/2834/1112
f 2167/2828/1110 2045/2827/1068 2064/2835/1068 2149/2836/1113
f 2161/2830/1111 2043/2829/1068 2066/2837/1068 2143/2838/1114
f 2155/2834/1112 2062/2833/1068 2068/2839/1068 2137/2840/1115
f 2149/2836/1113 2064/2835/1068 2070/2841/1116 2131/2842/1117
f 2187/2794/1095 2052/2793/1079 2051/2776/1079 2119/2775/1085
f 2137/2840/1115 2068/2839/1068 2074/2843/1068 2113/2844/1118
f 2121/2770/1082 2050/2769/1068 2053/2826/1068 2185/2825/1109
f 2131/2842/1117 2070/2841/1116 2076/2845/1116 2107/2846/1119
f 2199/2798/1097 2060/2797/1079 2059/2847/1079 2095/2848/1120
f 2104/2849/1121 2217/2850/1122 2215/2851/1123 2094/2852/1124
f 2193/2796/1096 2056/2795/1079 2055/2853/1087 2083/2854/1125
f 2085/2710/1069 2054/2709/1068 2057/2822/1068 2191/2821/1107
f 2110/2855/1126 2233/2856/1127 2231/2857/1128 2092/2858/1129
f 2182/2859/1130 2211/2860/1131 2209/2861/1132 2164/2862/1133
f 2001/2863/1057 2136/2864/1134 2112/2865/1135 1999/2866/1056
f 2007/2810/1059 2190/2809/1101 2172/2867/1136 2005/2868/1058
f 2113/2844/1118 2074/2843/1068 2078/2758/1068 2101/2757/1075
f 1997/2869/1055 2100/2870/1122 2098/2812/1102 1995/2811/1054
f 2158/2871/1137 2223/2872/1138 2221/2873/1134 2140/2874/1139
f 2082/2875/1140 2229/2876/1100 2227/2877/1101 2194/2878/1141
f 2116/2879/1142 2219/2880/1135 2217/2850/1122 2104/2849/1121
f 2019/2881/1065 2166/2882/1143 2148/2883/1144 2017/2884/1064
f 2013/2885/1062 2106/2886/1127 2088/2887/1128 2011/2888/1061
f 2188/2889/1145 2241/2890/1099 2239/2891/1143 2170/2892/1146
f 2095/2848/1120 2059/2847/1079 2079/2816/1079 2103/2815/1104
f 1987/2893/1050 2142/2894/1147 2124/2895/1073 1985/2896/1049
f 1993/2814/1053 2196/2813/1103 2178/2897/1148 1991/2898/1052
f 2134/2899/1149 2235/2900/1150 2233/2856/1127 2110/2855/1126
f 2118/2901/1151 2205/2902/1098 2241/2890/1099 2188/2889/1145
f 2094/2852/1124 2215/2851/1123 2213/2903/1103 2200/2904/1152
f 2005/2905/1058 2172/2906/1136 2154/2907/1138 2003/2908/910
f 2083/2854/1125 2055/2853/1087 2081/2818/1079 2091/2817/1105
f 2056/2909/1059 2057/2910/1059 2054/2911/1060 2055/2912/1060
f 2052/2913/1070 2053/2914/1070 2050/2915/900 2051/2916/900
f 2048/2917/1052 2049/2918/1052 2061/2800/1053 2060/2799/1053
f 2046/2919/1058 2047/2920/1058 2057/2910/1059 2056/2909/1059
f 2044/2921/1065 2045/2922/1065 2053/2914/1070 2052/2913/1070
f 2042/2923/1051 2043/2924/1051 2049/2918/1052 2048/2917/1052
f 2063/2925/910 2062/2926/910 2047/2927/1058 2046/2928/1058
f 2065/2929/1064 2064/2930/1064 2045/2922/1065 2044/2921/1065
f 2067/2931/1050 2066/2932/1050 2043/2924/1051 2042/2923/1051
f 2069/2933/1057 2068/2934/1057 2062/2926/910 2063/2925/910
f 2071/2935/1063 2070/2936/1063 2064/2930/1064 2065/2929/1064
f 2073/2937/1049 2072/2938/1049 2066/2932/1050 2067/2931/1050
f 2075/2939/1056 2074/2940/1056 2068/2934/1057 2069/2933/1057
f 2077/2941/1062 2076/2942/1062 2070/2936/1063 2071/2935/1063
f 2051/2916/900 2050/2915/900 2072/2938/1049 2073/2937/1049
f 2079/2943/1055 2078/2944/1055 2074/2940/1056 2075/2939/1056
f 2081/2945/1061 2080/2946/1061 2076/2942/1062 2077/2941/1062
f 2059/2802/1054 2058/2801/1054 2078/2944/1055 2079/2943/1055
f 2055/2912/1060 2054/2911/1060 2080/2946/1061 2081/2945/1061
f 1989/2947/1051 2160/2948/1132 2142/2894/1147 1987/2893/1050
f 2107/2846/1119 2076/2845/1116 2080/2708/1067 2089/2707/1066
f 2152/2949/1153 2237/2950/1144 2235/2900/1150 2134/2899/1149
f 2021/2806/1070 2184/2805/1099 2166/2882/1143 2019/2881/1065
f 2015/2951/1063 2130/2952/1150 2106/2886/1127 2013/2885/1062
f 2011/2888/1061 2088/2887/1128 2086/2808/1100 2009/2807/1060
f 2176/2953/1154 2225/2954/1136 2223/2872/1138 2158/2871/1137
f 2003/2908/910 2154/2907/1138 2136/2864/1134 2001/2863/1057
f 2200/2904/1152 2213/2903/1103 2211/2860/1131 2182/2859/1130
f 2143/2838/1114 2066/2837/1068 2072/2768/1068 2125/2767/1081
f 2164/2862/1133 2209/2861/1132 2207/2754/1072 2146/2753/1071
f 1991/2898/1052 2178/2897/1148 2160/2948/1132 1989/2947/1051
f 2170/2892/1146 2239/2891/1143 2237/2950/1144 2152/2949/1153
f 2140/2874/1139 2221/2873/1134 2219/2880/1135 2116/2879/1142
f 1985/2896/1049 2124/2895/1073 2122/2804/1098 1983/2803/900
f 2017/2884/1064 2148/2883/1144 2130/2952/1150 2015/2951/1063
f 2194/2878/1141 2227/2877/1101 2225/2954/1136 2176/2953/1154
f 1999/2866/1056 2112/2865/1135 2100/2870/1122 1997/2869/1055
f 2200/2904/1152 2201/2955/1155 2096/2956/1156 2094/2852/1124
f 2201/2955/1155 2199/2798/1097 2095/2848/1120 2096/2956/1156
f 2098/2812/1102 2099/2957/1157 2198/2958/1158 2196/2813/1103
f 2099/2957/1157 2097/2760/1076 2197/2762/1077 2198/2958/1158
f 2194/2878/1141 2195/2959/1159 2084/2960/1160 2082/2875/1140
f 2195/2959/1159 2193/2796/1096 2083/2854/1125 2084/2960/1160
f 2086/2808/1100 2087/2961/1161 2192/2962/1162 2190/2809/1101
f 2087/2961/1161 2085/2710/1069 2191/2821/1107 2192/2962/1162
f 2188/2889/1145 2189/2963/1163 2120/2964/1164 2118/2901/1151
f 2189/2963/1163 2187/2794/1095 2119/2775/1085 2120/2964/1164
f 2122/2804/1098 2123/2965/1165 2186/2966/1166 2184/2805/1099
f 2123/2965/1165 2121/2770/1082 2185/2825/1109 2186/2966/1166
f 2182/2859/1130 2183/2967/1167 2201/2955/1155 2200/2904/1152
f 2183/2967/1167 2181/2792/1094 2199/2798/1097 2201/2955/1155
f 2196/2813/1103 2198/2958/1158 2180/2968/1168 2178/2897/1148
f 2198/2958/1158 2197/2762/1077 2179/2820/1106 2180/2968/1168
f 2176/2953/1154 2177/2969/1169 2195/2959/1159 2194/2878/1141
f 2177/2969/1169 2175/2790/1093 2193/2796/1096 2195/2959/1159
f 2190/2809/1101 2192/2962/1162 2174/2970/1170 2172/2867/1136
f 2192/2962/1162 2191/2821/1107 2173/2824/1108 2174/2970/1170
f 2170/2892/1146 2171/2971/1171 2189/2963/1163 2188/2889/1145
f 2171/2971/1171 2169/2788/1092 2187/2794/1095 2189/2963/1163
f 2184/2805/1099 2186/2966/1166 2168/2972/1172 2166/2882/1143
f 2186/2966/1166 2185/2825/1109 2167/2828/1110 2168/2972/1172
f 2164/2862/1133 2165/2973/1173 2183/2967/1167 2182/2859/1130
f 2165/2973/1173 2163/2786/1091 2181/2792/1094 2183/2967/1167
f 2178/2897/1148 2180/2968/1168 2162/2974/1174 2160/2948/1132
f 2180/2968/1168 2179/2820/1106 2161/2830/1111 2162/2974/1174
f 2158/2871/1137 2159/2975/1175 2177/2969/1169 2176/2953/1154
f 2159/2975/1175 2157/2782/1089 2175/2790/1093 2177/2969/1169
f 2172/2906/1136 2174/2976/1170 2156/2977/1176 2154/2907/1138
f 2174/2976/1170 2173/2831/1108 2155/2834/1112 2156/2977/1176
f 2152/2949/1153 2153/2978/1177 2171/2971/1171 2170/2892/1146
f 2153/2978/1177 2151/2780/1088 2169/2788/1092 2171/2971/1171
f 2166/2882/1143 2168/2972/1172 2150/2979/1178 2148/2883/1144
f 2168/2972/1172 2167/2828/1110 2149/2836/1113 2150/2979/1178
f 2146/2753/1071 2147/2980/1179 2165/2973/1173 2164/2862/1133
f 2147/2980/1179 2145/2783/1090 2163/2786/1091 2165/2973/1173
f 2160/2948/1132 2162/2974/1174 2144/2981/1180 2142/2894/1147
f 2162/2974/1174 2161/2830/1111 2143/2838/1114 2144/2981/1180
f 2140/2874/1139 2141/2982/1181 2159/2975/1175 2158/2871/1137
f 2141/2982/1181 2139/2774/1084 2157/2782/1089 2159/2975/1175
f 2154/2907/1138 2156/2977/1176 2138/2983/1182 2136/2864/1134
f 2156/2977/1176 2155/2834/1112 2137/2840/1115 2138/2983/1182
f 2134/2899/1149 2135/2984/1183 2153/2978/1177 2152/2949/1153
f 2135/2984/1183 2133/2766/1080 2151/2780/1088 2153/2978/1177
f 2148/2883/1144 2150/2979/1178 2132/2985/1184 2130/2952/1150
f 2150/2979/1178 2149/2836/1113 2131/2842/1117 2132/2985/1184
f 2128/2756/1074 2129/2986/1185 2147/2980/1179 2146/2753/1071
f 2129/2986/1185 2127/2778/1086 2145/2783/1090 2147/2980/1179
f 2142/2894/1147 2144/2981/1180 2126/2987/1186 2124/2895/1073
f 2144/2981/1180 2143/2838/1114 2125/2767/1081 2126/2987/1186
f 2116/2879/1142 2117/2988/1187 2141/2982/1181 2140/2874/1139
f 2117/2988/1187 2115/2771/1083 2139/2774/1084 2141/2982/1181
f 2136/2864/1134 2138/2983/1182 2114/2989/1188 2112/2865/1135
f 2138/2983/1182 2137/2840/1115 2113/2844/1118 2114/2989/1188
f 2110/2855/1126 2111/2990/1189 2135/2984/1183 2134/2899/1149
f 2111/2990/1189 2109/2763/1078 2133/2766/1080 2135/2984/1183
f 2130/2952/1150 2132/2985/1184 2108/2991/1190 2106/2886/1127
f 2132/2985/1184 2131/2842/1117 2107/2846/1119 2108/2991/1190
f 2118/2901/1151 2120/2964/1164 2129/2986/1185 2128/2756/1074
f 2120/2964/1164 2119/2775/1085 2127/2778/1086 2129/2986/1185
f 2124/2895/1073 2126/2987/1186 2123/2965/1165 2122/2804/1098
f 2126/2987/1186 2125/2767/1081 2121/2770/1082 2123/2965/1165
f 2104/2849/1121 2105/2992/1191 2117/2988/1187 2116/2879/1142
f 2105/2992/1191 2103/2815/1104 2115/2771/1083 2117/2988/1187
f 2112/2865/1135 2114/2989/1188 2102/2993/1192 2100/2870/1122
f 2114/2989/1188 2113/2844/1118 2101/2757/1075 2102/2993/1192
f 2092/2858/1129 2093/2994/1193 2111/2990/1189 2110/2855/1126
f 2093/2994/1193 2091/2817/1105 2109/2763/1078 2111/2990/1189
f 2106/2886/1127 2108/2991/1190 2090/2995/1194 2088/2887/1128
f 2108/2991/1190 2107/2846/1119 2089/2707/1066 2090/2995/1194
f 2094/2852/1124 2096/2956/1156 2105/2992/1191 2104/2849/1121
f 2096/2956/1156 2095/2848/1120 2103/2815/1104 2105/2992/1191
f 2100/2870/1122 2102/2993/1192 2099/2957/1157 2098/2812/1102
f 2102/2993/1192 2101/2757/1075 2097/2760/1076 2099/2957/1157
f 2082/2875/1140 2084/2960/1160 2093/2994/1193 2092/2858/1129
f 2084/2960/1160 2083/2854/1125 2091/2817/1105 2093/2994/1193
f 2088/2887/1128 2090/2995/1194 2087/2961/1161 2086/2808/1100
f 2090/2995/1194 2089/2707/1066 2085/2710/1069 2087/2961/1161
f 2092/2858/1129 2231/2857/1128 2229/2876/1100 2082/2875/1140
f 2203/2755/1073 2204/2996/1186 2206/2997/1165 2205/2902/1098
f 2204/2998/1186 2244/2999/1081 2243/3000/1082 2206/3001/1165
f 2207/2754/1072 2208/3002/1180 2204/2996/1186 2203/2755/1073
f 2208/3003/1180 2245/3004/1114 2244/2999/1081 2204/2998/1186
f 2209/2861/1132 2210/3005/1174 2208/3002/1180 2207/2754/1072
f 2210/3006/1174 2246/3007/1111 2245/3004/1114 2208/3003/1180
f 2211/2860/1131 2212/3008/1195 2210/3005/1174 2209/2861/1132
f 2212/3009/1195 2247/3010/1106 2246/3007/1111 2210/3006/1174
f 2213/2903/1103 2214/3011/1158 2212/3008/1195 2211/2860/1131
f 2214/3012/1158 2248/3013/1077 2247/3010/1106 2212/3009/1195
f 2215/2851/1123 2216/3014/1196 2214/3011/1158 2213/2903/1103
f 2216/3015/1196 2249/3016/1076 2248/3013/1077 2214/3012/1158
f 2217/2850/1122 2218/3017/1192 2216/3014/1196 2215/2851/1123
f 2218/3018/1192 2250/3019/1075 2249/3016/1076 2216/3015/1196
f 2219/2880/1135 2220/3020/1188 2218/3017/1192 2217/2850/1122
f 2220/3021/1188 2251/3022/1118 2250/3019/1075 2218/3018/1192
f 2221/2873/1134 2222/3023/1182 2220/3020/1188 2219/2880/1135
f 2222/3024/1182 2252/3025/1115 2251/3022/1118 2220/3021/1188
f 2223/2872/1138 2224/3026/1176 2222/3023/1182 2221/2873/1134
f 2224/3027/1176 2253/3028/1112 2252/3025/1115 2222/3024/1182
f 2225/2954/1136 2226/3029/1170 2224/3026/1176 2223/2872/1138
f 2226/3030/1170 2254/3031/1108 2253/3028/1112 2224/3027/1176
f 2227/2877/1101 2228/3032/1162 2226/3029/1170 2225/2954/1136
f 2228/3033/1162 2255/3034/1107 2254/3031/1108 2226/3030/1170
f 2229/2876/1100 2230/3035/1161 2228/3032/1162 2227/2877/1101
f 2230/3036/1161 2256/3037/1069 2255/3034/1107 2228/3033/1162
f 2231/2857/1128 2232/3038/1194 2230/3035/1161 2229/2876/1100
f 2232/3039/1194 2257/3040/1066 2256/3037/1069 2230/3036/1161
f 2233/2856/1127 2234/3041/1190 2232/3038/1194 2231/2857/1128
f 2234/3042/1190 2258/3043/1119 2257/3040/1066 2232/3039/1194
f 2235/2900/1150 2236/3044/1184 2234/3041/1190 2233/2856/1127
f 2236/3045/1184 2259/3046/1117 2258/3043/1119 2234/3042/1190
f 2237/2950/1144 2238/3047/1178 2236/3044/1184 2235/2900/1150
f 2238/3048/1178 2260/3049/1113 2259/3046/1117 2236/3045/1184
f 2239/2891/1143 2240/3050/1172 2238/3047/1178 2237/2950/1144
f 2240/3051/1172 2261/3052/1110 2260/3049/1113 2238/3048/1178
f 2241/2890/1099 2242/3053/1166 2240/3050/1172 2239/2891/1143
f 2242/3054/1166 2262/3055/1109 2261/3052/1110 2240/3051/1172
f 2205/2902/1098 2206/2997/1165 2242/3053/1166 2241/2890/1099
f 2206/3001/1165 2243/3000/1082 2262/3055/1109 2242/3054/1166
f 2128/2756/1074 2203/2755/1073 2205/2902/1098 2118/2901/1151
f 2202/3056/1068 2243/3000/1082 2244/2999/1081
f 2202/3056/1068 2244/2999/1081 2245/3004/1114
f 2202/3056/1068 2245/3004/1114 2246/3007/1111
f 2202/3056/1068 2246/3007/1111 2247/3010/1106
f 2202/3056/1068 2247/3010/1106 2248/3013/1077
f 2202/3056/1068 2248/3013/1077 2249/3016/1076
f 2202/3056/1068 2249/3016/1076 2250/3019/1075
f 2202/3056/1068 2250/3019/1075 2251/3022/1118
f 2202/3056/1068 2251/3022/1118 2252/3025/1115
f 2202/3056/1068 2252/3025/1115 2253/3028/1112
f 2202/3056/1068 2253/3028/1112 2254/3031/1108
f 2202/3056/1068 2254/3031/1108 2255/3034/1107
f 2202/3056/1068 2255/3034/1107 2256/3037/1069
f 2202/3056/1068 2256/3037/1069 2257/3040/1066
f 2202/3056/1068 2257/3040/1066 2258/3043/1119
f 2202/3056/1068 2258/3043/1119 2259/3046/1117
f 2202/3056/1068 2259/3046/1117 2260/3049/1113
f 2202/3056/1068 2260/3049/1113 2261/3052/1110
f 2202/3056/1068 2261/3052/1110 2262/3055/1109
f 2202/3056/1068 2262/3055/1109 2243/3000/1082
f 2263/3057/900 2265/3058/1070 2303/3059/1070 2304/3060/900
f 2265/3058/1070 2267/3061/1065 2305/3062/1065 2303/3059/1070
f 2267/3061/1065 2269/3063/1064 2306/3064/1064 2305/3062/1065
f 2269/3063/1064 2271/3065/1063 2307/3066/1063 2306/3064/1064
f 2271/3065/1063 2273/3067/1062 2308/3068/1062 2307/3066/1063
f 2273/3069/1062 2275/3070/1061 2309/3071/1061 2308/3072/1062
f 2275/3070/1061 2277/3073/1060 2310/3074/1060 2309/3071/1061
f 2277/3073/1060 2279/3075/1059 2311/3076/1059 2310/3074/1060
f 2279/3075/1059 2281/3077/1058 2312/3078/1058 2311/3076/1059
f 2281/3077/1058 2283/3079/910 2313/3080/910 2312/3078/1058
f 2283/3079/910 2285/3081/1057 2314/3082/1057 2313/3080/910
f 2285/3081/1057 2287/3083/1056 2315/3084/1056 2314/3082/1057
f 2287/3083/1056 2289/3085/1055 2316/3086/1055 2315/3084/1056
f 2289/3085/1055 2291/3087/1054 2317/3088/1054 2316/3086/1055
f 2291/3087/1054 2293/3089/1053 2318/3090/1053 2317/3088/1054
f 2293/3089/1053 2295/3091/1052 2319/3092/1052 2318/3090/1053
f 2295/3091/1052 2297/3093/1051 2320/3094/1051 2319/3092/1052
f 2297/3093/1051 2299/3095/1050 2321/3096/1050 2320/3094/1051
f 2370/3097/1120 2361/3098/1087 2335/3099/1079 2366/3100/1104
f 2299/3095/1050 2301/3101/1049 2322/3102/1049 2321/3096/1050
f 2301/3101/1049 2263/3057/900 2304/3060/900 2322/3102/1049
f 2264/3103/1079 2304/3104/1079 2303/3105/1079 2266/3106/1079
f 2266/3106/1079 2303/3105/1079 2305/3107/1079 2268/3108/1079
f 2268/3108/1079 2305/3107/1079 2306/3109/1079 2270/3110/1079
f 2270/3110/1079 2306/3109/1079 2307/3111/1079 2272/3112/1079
f 2272/3112/1079 2307/3111/1079 2308/3113/1079 2274/3114/1079
f 2274/3114/1079 2308/3113/1079 2309/3115/1079 2276/3116/1079
f 2276/3116/1079 2309/3115/1079 2310/3117/1079 2278/3118/1079
f 2278/3118/1079 2310/3117/1079 2311/3119/1079 2280/3120/1079
f 2280/3120/1079 2311/3119/1079 2312/3121/1079 2282/3122/1079
f 2282/3122/1079 2312/3121/1079 2313/3123/1079 2284/3124/1079
f 2284/3124/1079 2313/3123/1079 2314/3125/1079 2286/3126/1079
f 2286/3126/1079 2314/3125/1079 2315/3127/1079 2288/3128/1079
f 2288/3128/1079 2315/3127/1079 2316/3129/1079 2290/3130/1079
f 2290/3130/1079 2316/3129/1079 2317/3131/1079 2292/3132/1079
f 2292/3132/1079 2317/3131/1079 2318/3133/1079 2294/3134/1079
f 2294/3134/1079 2318/3133/1079 2319/3135/1079 2296/3136/1079
f 2296/3136/1079 2319/3135/1079 2320/3137/1079 2298/3138/1079
f 2298/3138/1079 2320/3137/1079 2321/3139/1079 2300/3140/1079
f 2300/3140/1079 2321/3139/1079 2322/3141/1079 2302/3142/1079
f 2302/3142/1079 2322/3141/1079 2304/3104/1079 2264/3103/1079
f 2427/3143/1143 2488/3144/1146 2484/3145/1145 2409/3146/1099
f 2382/3147/1125 2359/3148/1079 2339/3149/1079 2378/3150/1105
f 2378/3150/1105 2339/3149/1079 2342/3151/1079 2478/3152/1078
f 2390/3153/1077 2358/3154/1068 2352/3155/1068 2414/3156/1106
f 2406/3157/1095 2353/3158/1079 2331/3159/1079 2402/3160/1085
f 2396/3161/1107 2356/3162/1068 2350/3163/1068 2420/3164/1108
f 2400/3165/1082 2332/3166/1068 2354/3167/1068 2408/3168/1109
f 2414/3156/1106 2352/3155/1068 2346/3169/1067 2432/3170/1111
f 2420/3164/1108 2350/3163/1068 2344/3171/1068 2438/3172/1112
f 2426/3173/1110 2348/3174/1068 2323/3175/1068 2444/3176/1113
f 2432/3170/1111 2346/3169/1067 2325/3177/1068 2450/3178/1114
f 2438/3172/1112 2344/3171/1068 2327/3179/1068 2456/3180/1115
f 2444/3176/1113 2323/3175/1068 2329/3181/1068 2462/3182/1117
f 2450/3178/1114 2325/3177/1068 2333/3183/1068 2468/3184/1081
f 2456/3180/1115 2327/3179/1068 2337/3185/1068 2474/3186/1118
f 2462/3182/1117 2329/3181/1068 2341/3187/1068 2480/3188/1119
f 2341/3189/1062 2342/3190/1062 2339/3191/1061 2340/3192/1061
f 2264/3193/900 2403/3194/1151 2465/3195/1074 2302/3196/1049
f 2290/3197/1055 2367/3198/1121 2471/3199/1142 2288/3200/1056
f 2276/3201/1061 2379/3202/1197 2477/3203/1126 2274/3204/1062
f 2384/3205/1069 2360/3206/1068 2356/3162/1068 2396/3161/1107
f 2372/3207/1076 2362/3208/1068 2358/3154/1068 2390/3153/1077
f 2408/3168/1109 2354/3167/1068 2348/3174/1068 2426/3173/1110
f 2478/3209/1078 2342/3210/1079 2330/3211/1079 2460/3212/1080
f 2472/3213/1083 2338/3214/1079 2328/3215/1079 2454/3216/1084
f 2466/3217/1086 2334/3218/1079 2326/3219/1079 2448/3220/1090
f 2460/3212/1080 2330/3211/1079 2324/3221/1079 2442/3222/1088
f 2454/3216/1084 2328/3215/1079 2343/3223/1079 2436/3224/1089
f 2448/3220/1090 2326/3219/1079 2345/3225/1079 2430/3226/1091
f 2442/3222/1088 2324/3221/1079 2347/3227/1079 2424/3228/1092
f 2436/3224/1089 2343/3223/1079 2349/3229/1079 2418/3230/1093
f 2430/3226/1091 2345/3225/1079 2351/3231/1198 2412/3232/1094
f 2468/3184/1081 2333/3183/1068 2332/3166/1068 2400/3165/1082
f 2418/3230/1093 2349/3229/1079 2355/3233/1079 2394/3234/1096
f 2402/3160/1085 2331/3159/1079 2334/3218/1079 2466/3217/1086
f 2412/3232/1094 2351/3231/1198 2357/3235/1198 2388/3236/1097
f 2480/3188/1119 2341/3187/1068 2340/3237/1068 2376/3238/1066
f 2385/3239/1100 2498/3240/1140 2496/3241/1129 2375/3242/1128
f 2474/3186/1118 2337/3185/1068 2336/3243/1068 2364/3244/1075
f 2366/3100/1104 2335/3099/1079 2338/3214/1079 2472/3213/1083
f 2391/3245/1103 2514/3246/1152 2512/3247/1124 2373/3248/1123
f 2463/3249/1150 2492/3250/1149 2490/3251/1153 2445/3252/1144
f 2282/3253/1058 2417/3254/1154 2393/3255/1141 2280/3256/1059
f 2288/3200/1056 2471/3199/1142 2453/3257/1139 2286/3258/1057
f 2394/3234/1096 2355/3233/1079 2359/3148/1079 2382/3147/1125
f 2278/3259/1060 2381/3260/1140 2379/3202/1197 2276/3201/1061
f 2439/3261/1138 2504/3262/1137 2502/3263/1154 2421/3264/1136
f 2363/3265/1122 2510/3266/1121 2508/3267/1142 2475/3268/1135
f 2397/3269/1101 2500/3270/1141 2498/3240/1140 2385/3239/1100
f 2300/3271/1050 2447/3272/1071 2429/3273/1133 2298/3274/1051
f 2294/3275/1053 2387/3276/1152 2369/3277/1124 2292/3278/1054
f 2469/3279/1073 2522/3280/1074 2520/3281/1071 2451/3282/1072
f 2376/3238/1066 2340/3237/1068 2360/3206/1068 2384/3205/1069
f 2268/3283/1065 2423/3284/1199 2405/3285/1145 2266/3286/1070
f 2274/3287/1062 2477/3288/1126 2459/3289/1200 2272/3290/1063
f 2415/3291/1131 2516/3292/1130 2514/3246/1152 2391/3245/1103
f 2399/3293/1098 2486/3294/1151 2522/3280/1074 2469/3279/1073
f 2375/3242/1128 2496/3241/1129 2494/3295/1126 2481/3296/1127
f 2286/3258/1057 2453/3257/1139 2435/3297/1137 2284/3298/910
f 2364/3244/1075 2336/3243/1068 2362/3208/1068 2372/3207/1076
f 2337/3299/1056 2338/3300/1056 2335/3301/1055 2336/3302/1055
f 2333/3303/1049 2334/3304/1049 2331/3305/900 2332/3306/900
f 2329/3307/1063 2330/3308/1063 2342/3309/1062 2341/3310/1062
f 2327/3311/1057 2328/3312/1057 2338/3300/1056 2337/3299/1056
f 2325/3313/1050 2326/3314/1050 2334/3304/1049 2333/3303/1049
f 2323/3315/1064 2324/3316/1064 2330/3308/1063 2329/3307/1063
f 2344/3317/910 2343/3318/910 2328/3312/1057 2327/3311/1057
f 2346/3319/1051 2345/3320/1051 2326/3314/1050 2325/3313/1050
f 2348/3321/1065 2347/3322/1065 2324/3316/1064 2323/3315/1064
f 2350/3323/1058 2349/3324/1058 2343/3318/910 2344/3317/910
f 2352/3325/1052 2351/3326/1052 2345/3320/1051 2346/3319/1051
f 2354/3327/1070 2353/3328/1070 2347/3322/1065 2348/3321/1065
f 2356/3329/1059 2355/3330/1059 2349/3324/1058 2350/3323/1058
f 2358/3331/1053 2357/3332/1053 2351/3326/1052 2352/3325/1052
f 2332/3306/900 2331/3305/900 2353/3328/1070 2354/3327/1070
f 2360/3333/1060 2359/3334/1060 2355/3330/1059 2356/3329/1059
f 2362/3335/1054 2361/3336/1054 2357/3332/1053 2358/3331/1053
f 2340/3192/1061 2339/3191/1061 2359/3334/1060 2360/3333/1060
f 2336/3302/1055 2335/3301/1055 2361/3336/1054 2362/3335/1054
f 2270/3337/1064 2441/3338/1153 2423/3284/1199 2268/3283/1065
f 2388/3236/1097 2357/3235/1198 2361/3098/1087 2370/3097/1120
f 2433/3339/1132 2518/3340/1133 2516/3292/1130 2415/3291/1131
f 2302/3196/1049 2465/3195/1074 2447/3272/1071 2300/3271/1050
f 2296/3341/1052 2411/3342/1130 2387/3276/1152 2294/3275/1053
f 2292/3278/1054 2369/3277/1124 2367/3198/1121 2290/3197/1055
f 2457/3343/1134 2506/3344/1139 2504/3262/1137 2439/3261/1138
f 2284/3298/910 2435/3297/1137 2417/3254/1154 2282/3253/1058
f 2481/3296/1127 2494/3295/1126 2492/3250/1149 2463/3249/1150
f 2424/3228/1092 2347/3227/1079 2353/3158/1079 2406/3157/1095
f 2445/3252/1144 2490/3251/1153 2488/3144/1146 2427/3143/1143
f 2272/3290/1063 2459/3289/1200 2441/3338/1153 2270/3337/1064
f 2451/3282/1072 2520/3281/1071 2518/3340/1133 2433/3339/1132
f 2421/3264/1136 2502/3263/1154 2500/3270/1141 2397/3269/1101
f 2266/3286/1070 2405/3285/1145 2403/3194/1151 2264/3193/900
f 2298/3274/1051 2429/3273/1133 2411/3342/1130 2296/3341/1052
f 2475/3268/1135 2508/3267/1142 2506/3344/1139 2457/3343/1134
f 2280/3256/1059 2393/3255/1141 2381/3260/1140 2278/3259/1060
f 2481/3296/1127 2482/3345/1190 2377/3346/1194 2375/3242/1128
f 2482/3345/1190 2480/3188/1119 2376/3238/1066 2377/3346/1194
f 2379/3202/1197 2380/3347/1201 2479/3348/1189 2477/3203/1126
f 2380/3347/1201 2378/3150/1105 2478/3152/1078 2479/3348/1189
f 2475/3268/1135 2476/3349/1188 2365/3350/1192 2363/3265/1122
f 2476/3349/1188 2474/3186/1118 2364/3244/1075 2365/3350/1192
f 2367/3198/1121 2368/3351/1191 2473/3352/1187 2471/3199/1142
f 2368/3351/1191 2366/3100/1104 2472/3213/1083 2473/3352/1187
f 2469/3279/1073 2470/3353/1186 2401/3354/1165 2399/3293/1098
f 2470/3353/1186 2468/3184/1081 2400/3165/1082 2401/3354/1165
f 2403/3194/1151 2404/3355/1164 2467/3356/1202 2465/3195/1074
f 2404/3355/1164 2402/3160/1085 2466/3217/1086 2467/3356/1202
f 2463/3249/1150 2464/3357/1184 2482/3345/1190 2481/3296/1127
f 2464/3357/1184 2462/3182/1117 2480/3188/1119 2482/3345/1190
f 2477/3288/1126 2479/3358/1189 2461/3359/1183 2459/3289/1200
f 2479/3358/1189 2478/3209/1078 2460/3212/1080 2461/3359/1183
f 2457/3343/1134 2458/3360/1182 2476/3349/1188 2475/3268/1135
f 2458/3360/1182 2456/3180/1115 2474/3186/1118 2476/3349/1188
f 2471/3199/1142 2473/3352/1187 2455/3361/1203 2453/3257/1139
f 2473/3352/1187 2472/3213/1083 2454/3216/1084 2455/3361/1203
f 2451/3282/1072 2452/3362/1180 2470/3353/1186 2469/3279/1073
f 2452/3362/1180 2450/3178/1114 2468/3184/1081 2470/3353/1186
f 2465/3195/1074 2467/3356/1202 2449/3363/1179 2447/3272/1071
f 2467/3356/1202 2466/3217/1086 2448/3220/1090 2449/3363/1179
f 2445/3252/1144 2446/3364/1178 2464/3357/1184 2463/3249/1150
f 2446/3364/1178 2444/3176/1113 2462/3182/1117 2464/3357/1184
f 2459/3289/1200 2461/3359/1183 2443/3365/1177 2441/3338/1153
f 2461/3359/1183 2460/3212/1080 2442/3222/1088 2443/3365/1177
f 2439/3261/1138 2440/3366/1176 2458/3360/1182 2457/3343/1134
f 2440/3366/1176 2438/3172/1112 2456/3180/1115 2458/3360/1182
f 2453/3257/1139 2455/3361/1203 2437/3367/1175 2435/3297/1137
f 2455/3361/1203 2454/3216/1084 2436/3224/1089 2437/3367/1175
f 2433/3339/1132 2434/3368/1174 2452/3362/1180 2451/3282/1072
f 2434/3368/1174 2432/3170/1111 2450/3178/1114 2452/3362/1180
f 2447/3272/1071 2449/3363/1179 2431/3369/1173 2429/3273/1133
f 2449/3363/1179 2448/3220/1090 2430/3226/1091 2431/3369/1173
f 2427/3143/1143 2428/3370/1172 2446/3364/1178 2445/3252/1144
f 2428/3370/1172 2426/3173/1110 2444/3176/1113 2446/3364/1178
f 2441/3338/1153 2443/3365/1177 2425/3371/1171 2423/3284/1199
f 2443/3365/1177 2442/3222/1088 2424/3228/1092 2425/3371/1171
f 2421/3264/1136 2422/3372/1204 2440/3366/1176 2439/3261/1138
f 2422/3372/1204 2420/3164/1108 2438/3172/1112 2440/3366/1176
f 2435/3297/1137 2437/3367/1175 2419/3373/1169 2417/3254/1154
f 2437/3367/1175 2436/3224/1089 2418/3230/1093 2419/3373/1169
f 2415/3291/1131 2416/3374/1168 2434/3368/1174 2433/3339/1132
f 2416/3374/1168 2414/3156/1106 2432/3170/1111 2434/3368/1174
f 2429/3273/1133 2431/3369/1173 2413/3375/1167 2411/3342/1130
f 2431/3369/1173 2430/3226/1091 2412/3232/1094 2413/3375/1167
f 2409/3146/1099 2410/3376/1205 2428/3370/1172 2427/3143/1143
f 2410/3376/1205 2408/3168/1109 2426/3173/1110 2428/3370/1172
f 2423/3284/1199 2425/3371/1171 2407/3377/1163 2405/3285/1145
f 2425/3371/1171 2424/3228/1092 2406/3157/1095 2407/3377/1163
f 2397/3269/1101 2398/3378/1162 2422/3372/1204 2421/3264/1136
f 2398/3378/1162 2396/3161/1107 2420/3164/1108 2422/3372/1204
f 2417/3254/1154 2419/3373/1169 2395/3379/1159 2393/3255/1141
f 2419/3373/1169 2418/3230/1093 2394/3234/1096 2395/3379/1159
f 2391/3245/1103 2392/3380/1158 2416/3374/1168 2415/3291/1131
f 2392/3380/1158 2390/3153/1077 2414/3156/1106 2416/3374/1168
f 2411/3342/1130 2413/3375/1167 2389/3381/1155 2387/3276/1152
f 2413/3375/1167 2412/3232/1094 2388/3236/1097 2389/3381/1155
f 2399/3293/1098 2401/3354/1165 2410/3376/1205 2409/3146/1099
f 2401/3354/1165 2400/3165/1082 2408/3168/1109 2410/3376/1205
f 2405/3285/1145 2407/3377/1163 2404/3355/1164 2403/3194/1151
f 2407/3377/1163 2406/3157/1095 2402/3160/1085 2404/3355/1164
f 2385/3239/1100 2386/3382/1161 2398/3378/1162 2397/3269/1101
f 2386/3382/1161 2384/3205/1069 2396/3161/1107 2398/3378/1162
f 2393/3255/1141 2395/3379/1159 2383/3383/1160 2381/3260/1140
f 2395/3379/1159 2394/3234/1096 2382/3147/1125 2383/3383/1160
f 2373/3248/1123 2374/3384/1196 2392/3380/1158 2391/3245/1103
f 2374/3384/1196 2372/3207/1076 2390/3153/1077 2392/3380/1158
f 2387/3276/1152 2389/3381/1155 2371/3385/1156 2369/3277/1124
f 2389/3381/1155 2388/3236/1097 2370/3097/1120 2371/3385/1156
f 2375/3242/1128 2377/3346/1194 2386/3382/1161 2385/3239/1100
f 2377/3346/1194 2376/3238/1066 2384/3205/1069 2386/3382/1161
f 2381/3260/1140 2383/3383/1160 2380/3347/1201 2379/3202/1197
f 2383/3383/1160 2382/3147/1125 2378/3150/1105 2380/3347/1201
f 2363/3265/1122 2365/3350/1192 2374/3384/1196 2373/3248/1123
f 2365/3350/1192 2364/3244/1075 2372/3207/1076 2374/3384/1196
f 2369/3277/1124 2371/3385/1156 2368/3351/1191 2367/3198/1121
f 2371/3385/1156 2370/3097/1120 2366/3100/1104 2368/3351/1191
f 2373/3248/1123 2512/3247/1124 2510/3266/1121 2363/3265/1122
f 2484/3145/1145 2485/3386/1163 2487/3387/1164 2486/3294/1151
f 2485/3388/1163 2525/3389/1095 2524/3390/1085 2487/3391/1164
f 2488/3144/1146 2489/3392/1171 2485/3386/1163 2484/3145/1145
f 2489/3393/1171 2526/3394/1092 2525/3389/1095 2485/3388/1163
f 2490/3251/1153 2491/3395/1177 2489/3392/1171 2488/3144/1146
f 2491/3396/1177 2527/3397/1088 2526/3394/1092 2489/3393/1171
f 2492/3250/1149 2493/3398/1206 2491/3395/1177 2490/3251/1153
f 2493/3399/1206 2528/3400/1080 2527/3397/1088 2491/3396/1177
f 2494/3295/1126 2495/3401/1189 2493/3398/1206 2492/3250/1149
f 2495/3402/1189 2529/3403/1078 2528/3400/1080 2493/3399/1206
f 2496/3241/1129 2497/3404/1193 2495/3401/1189 2494/3295/1126
f 2497/3405/1193 2530/3406/1105 2529/3403/1078 2495/3402/1189
f 2498/3240/1140 2499/3407/1160 2497/3404/1193 2496/3241/1129
f 2499/3408/1160 2531/3409/1125 2530/3406/1105 2497/3405/1193
f 2500/3270/1141 2501/3410/1159 2499/3407/1160 2498/3240/1140
f 2501/3411/1159 2532/3412/1096 2531/3409/1125 2499/3408/1160
f 2502/3263/1154 2503/3413/1169 2501/3410/1159 2500/3270/1141
f 2503/3414/1169 2533/3415/1093 2532/3412/1096 2501/3411/1159
f 2504/3262/1137 2505/3416/1175 2503/3413/1169 2502/3263/1154
f 2505/3417/1175 2534/3418/1089 2533/3415/1093 2503/3414/1169
f 2506/3344/1139 2507/3419/1203 2505/3416/1175 2504/3262/1137
f 2507/3420/1203 2535/3421/1084 2534/3418/1089 2505/3417/1175
f 2508/3267/1142 2509/3422/1187 2507/3419/1203 2506/3344/1139
f 2509/3423/1187 2536/3424/1083 2535/3421/1084 2507/3420/1203
f 2510/3266/1121 2511/3425/1191 2509/3422/1187 2508/3267/1142
f 2511/3426/1191 2537/3427/1104 2536/3424/1083 2509/3423/1187
f 2512/3247/1124 2513/3428/1156 2511/3425/1191 2510/3266/1121
f 2513/3429/1156 2538/3430/1120 2537/3427/1104 2511/3426/1191
f 2514/3246/1152 2515/3431/1155 2513/3428/1156 2512/3247/1124
f 2515/3432/1155 2539/3433/1097 2538/3430/1120 2513/3429/1156
f 2516/3292/1130 2517/3434/1167 2515/3431/1155 2514/3246/1152
f 2517/3435/1167 2540/3436/1094 2539/3433/1097 2515/3432/1155
f 2518/3340/1133 2519/3437/1173 2517/3434/1167 2516/3292/1130
f 2519/3438/1173 2541/3439/1091 2540/3436/1094 2517/3435/1167
f 2520/3281/1071 2521/3440/1179 2519/3437/1173 2518/3340/1133
f 2521/3441/1179 2542/3442/1090 2541/3439/1091 2519/3438/1173
f 2522/3280/1074 2523/3443/1202 2521/3440/1179 2520/3281/1071
f 2523/3444/1202 2543/3445/1086 2542/3442/1090 2521/3441/1179
f 2486/3294/1151 2487/3387/1164 2523/3443/1202 2522/3280/1074
f 2487/3391/1164 2524/3390/1085 2543/3445/1086 2523/3444/1202
f 2409/3146/1099 2484/3145/1145 2486/3294/1151 2399/3293/1098
f 2483/3446/1079 2524/3390/1085 2525/3389/1095
f 2483/3446/1079 2525/3389/1095 2526/3394/1092
f 2483/3446/1079 2526/3394/1092 2527/3397/1088
f 2483/3446/1079 2527/3397/1088 2528/3400/1080
f 2483/3446/1079 2528/3400/1080 2529/3403/1078
f 2483/3446/1079 2529/3403/1078 2530/3406/1105
f 2483/3446/1079 2530/3406/1105 2531/3409/1125
f 2483/3446/1079 2531/3409/1125 2532/3412/1096
f 2483/3446/1079 2532/3412/1096 2533/3415/1093
f 2483/3446/1079 2533/3415/1093 2534/3418/1089
f 2483/3446/1079 2534/3418/1089 2535/3421/1084
f 2483/3446/1079 2535/3421/1084 2536/3424/1083
f 2483/3446/1079 2536/3424/1083 2537/3427/1104
f 2483/3446/1079 2537/3427/1104 2538/3430/1120
f 2483/3446/1079 2538/3430/1120 2539/3433/1097
f 2483/3446/1079 2539/3433/1097 2540/3436/1094
f 2483/3446/1079 2540/3436/1094 2541/3439/1091
f 2483/3446/1079 2541/3439/1091 2542/3442/1090
f 2483/3446/1079 2542/3442/1090 2543/3445/1086
f 2483/3446/1079 2543/3445/1086 2524/3390/1085
f 2544/3447/900 2585/3448/900 2584/3449/922 2546/3450/922
f 2546/3450/922 2584/3449/922 2586/3451/918 2548/3452/918
f 2548/3452/918 2586/3451/918 2587/3453/917 2550/3454/917
f 2550/3454/917 2587/3453/917 2588/3455/916 2552/3456/916
f 2552/3456/916 2588/3455/916 2589/3457/915 2554/3458/915
f 2554/3459/915 2589/3460/915 2590/3461/914 2556/3462/914
f 2556/3462/914 2590/3461/914 2591/3463/913 2558/3464/913
f 2558/3464/913 2591/3463/913 2592/3465/912 2560/3466/912
f 2560/3466/912 2592/3465/912 2593/3467/911 2562/3468/911
f 2562/3468/911 2593/3467/911 2594/3469/910 2564/3470/910
f 2564/3470/910 2594/3469/910 2595/3471/909 2566/3472/909
f 2566/3472/909 2595/3471/909 2596/3473/908 2568/3474/908
f 2568/3474/908 2596/3473/908 2597/3475/907 2570/3476/907
f 2570/3476/907 2597/3475/907 2598/3477/906 2572/3478/906
f 2572/3478/906 2598/3477/906 2599/3479/905 2574/3480/905
f 2574/3480/905 2599/3479/905 2600/3481/904 2576/3482/904
f 2576/3482/904 2600/3481/904 2601/3483/903 2578/3484/903
f 2578/3484/903 2601/3483/903 2602/3485/902 2580/3486/902
f 2651/3487/974 2647/3488/958 2616/3489/946 2642/3490/946
f 2580/3486/902 2602/3485/902 2603/3491/901 2582/3492/901
f 2582/3492/901 2603/3491/901 2585/3448/900 2544/3447/900
f 2545/3493/933 2547/3494/933 2584/3495/933 2585/3496/933
f 2547/3494/933 2549/3497/933 2586/3498/933 2584/3495/933
f 2549/3497/933 2551/3499/933 2587/3500/933 2586/3498/933
f 2551/3499/933 2553/3501/933 2588/3502/933 2587/3500/933
f 2553/3501/933 2555/3503/933 2589/3504/933 2588/3502/933
f 2555/3503/933 2557/3505/933 2590/3506/933 2589/3504/933
f 2557/3505/933 2559/3507/933 2591/3508/933 2590/3506/933
f 2559/3507/933 2561/3509/933 2592/3510/933 2591/3508/933
f 2561/3509/933 2563/3511/933 2593/3512/933 2592/3510/933
f 2563/3511/933 2565/3513/933 2594/3514/933 2593/3512/933
f 2565/3513/933 2567/3515/933 2595/3516/933 2594/3514/933
f 2567/3515/933 2569/3517/933 2596/3518/933 2595/3516/933
f 2569/3517/933 2571/3519/933 2597/3520/933 2596/3518/933
f 2571/3519/933 2573/3521/933 2598/3522/933 2597/3520/933
f 2573/3521/933 2575/3523/933 2599/3524/933 2598/3522/933
f 2575/3523/933 2577/3525/933 2600/3526/933 2599/3524/933
f 2577/3525/933 2579/3527/933 2601/3528/933 2600/3526/933
f 2579/3527/933 2581/3529/933 2602/3530/933 2601/3528/933
f 2581/3529/933 2583/3531/933 2603/3532/933 2602/3530/933
f 2583/3531/933 2545/3493/933 2585/3496/933 2603/3532/933
f 2708/3533/998 2690/3534/952 2765/3535/999 2769/3536/1000
f 2663/3537/979 2659/3538/959 2620/3539/933 2640/3540/933
f 2659/3538/959 2759/3541/931 2623/3542/933 2620/3539/933
f 2671/3543/930 2695/3544/960 2633/3545/923 2639/3546/923
f 2687/3547/949 2683/3548/938 2612/3549/933 2634/3550/933
f 2677/3551/961 2701/3552/962 2631/3553/923 2637/3554/923
f 2681/3555/935 2689/3556/963 2635/3557/923 2613/3558/923
f 2695/3544/960 2713/3559/965 2627/3560/973 2633/3545/923
f 2701/3552/962 2719/3561/966 2625/3562/923 2631/3553/923
f 2707/3563/964 2725/3564/967 2604/3565/923 2629/3566/923
f 2713/3559/965 2731/3567/968 2606/3568/921 2627/3560/973
f 2719/3561/966 2737/3569/969 2608/3570/923 2625/3562/923
f 2725/3564/967 2743/3571/970 2610/3572/923 2604/3565/923
f 2731/3567/968 2749/3573/934 2614/3574/923 2606/3568/921
f 2737/3569/969 2755/3575/971 2618/3576/923 2608/3570/923
f 2743/3571/970 2761/3577/972 2622/3578/923 2610/3572/923
f 2622/3579/915 2621/3580/914 2620/3581/914 2623/3582/915
f 2545/3583/900 2583/3584/901 2746/3585/925 2684/3586/1004
f 2571/3587/907 2569/3588/908 2752/3589/996 2648/3590/975
f 2557/3591/914 2555/3592/915 2758/3593/980 2660/3594/1207
f 2665/3595/920 2677/3551/961 2637/3554/923 2641/3596/923
f 2653/3597/929 2671/3543/930 2639/3546/923 2643/3598/921
f 2689/3556/963 2707/3563/964 2629/3566/923 2635/3557/923
f 2759/3599/931 2741/3600/932 2611/3601/933 2623/3602/933
f 2753/3603/936 2735/3604/937 2609/3605/933 2619/3606/933
f 2747/3607/939 2729/3608/943 2607/3609/933 2615/3610/933
f 2741/3600/932 2723/3611/940 2605/3612/933 2611/3601/933
f 2735/3604/937 2717/3613/942 2624/3614/933 2609/3605/933
f 2729/3608/943 2711/3615/944 2626/3616/933 2607/3609/933
f 2723/3611/940 2705/3617/945 2628/3618/933 2605/3612/933
f 2717/3613/942 2699/3619/947 2630/3620/933 2624/3614/933
f 2711/3615/944 2693/3621/948 2632/3622/946 2626/3616/933
f 2749/3573/934 2681/3555/935 2613/3558/923 2614/3574/923
f 2699/3619/947 2675/3623/950 2636/3624/933 2630/3620/933
f 2683/3548/938 2747/3607/939 2615/3610/933 2612/3549/933
f 2693/3621/948 2669/3625/951 2638/3626/941 2632/3622/946
f 2761/3577/972 2657/3627/919 2621/3628/923 2622/3578/923
f 2666/3629/955 2656/3630/982 2777/3631/981 2779/3632/994
f 2755/3575/971 2645/3633/928 2617/3634/923 2618/3576/923
f 2647/3488/958 2753/3603/936 2619/3606/933 2616/3489/946
f 2672/3635/956 2654/3636/977 2793/3637/976 2795/3638/1005
f 2744/3639/1003 2726/3640/997 2771/3641/1006 2773/3642/1208
f 2563/3643/911 2561/3644/912 2674/3645/995 2698/3646/1007
f 2569/3588/908 2567/3647/909 2734/3648/992 2752/3589/996
f 2675/3623/950 2663/3537/979 2640/3540/933 2636/3624/933
f 2559/3649/913 2557/3591/914 2660/3594/1207 2662/3650/994
f 2720/3651/993 2702/3652/990 2783/3653/1007 2785/3654/991
f 2644/3655/978 2756/3656/988 2789/3657/996 2791/3658/975
f 2678/3659/954 2666/3629/955 2779/3632/994 2781/3660/995
f 2581/3661/902 2579/3662/903 2710/3663/985 2728/3664/924
f 2575/3665/905 2573/3666/906 2650/3667/976 2668/3668/1005
f 2750/3669/926 2732/3670/927 2801/3671/924 2803/3672/925
f 2657/3627/919 2665/3595/920 2641/3596/923 2621/3628/923
f 2549/3673/918 2547/3674/922 2686/3675/999 2704/3676/1209
f 2555/3677/915 2553/3678/916 2740/3679/1208 2758/3680/980
f 2696/3681/1210 2672/3635/956 2795/3638/1005 2797/3682/984
f 2680/3683/953 2750/3669/926 2803/3672/925 2767/3684/1004
f 2656/3630/982 2762/3685/983 2775/3686/980 2777/3631/981
f 2567/3647/909 2565/3687/910 2716/3688/991 2734/3648/992
f 2645/3633/928 2653/3597/929 2643/3598/921 2617/3634/923
f 2618/3689/908 2617/3690/907 2616/3691/907 2619/3692/908
f 2614/3693/901 2613/3694/900 2612/3695/900 2615/3696/901
f 2610/3697/916 2622/3698/915 2623/3699/915 2611/3700/916
f 2608/3701/909 2618/3689/908 2619/3692/908 2609/3702/909
f 2606/3703/902 2614/3693/901 2615/3696/901 2607/3704/902
f 2604/3705/917 2610/3697/916 2611/3700/916 2605/3706/917
f 2625/3707/910 2608/3701/909 2609/3702/909 2624/3708/910
f 2627/3709/903 2606/3703/902 2607/3704/902 2626/3710/903
f 2629/3711/918 2604/3705/917 2605/3706/917 2628/3712/918
f 2631/3713/911 2625/3707/910 2624/3708/910 2630/3714/911
f 2633/3715/904 2627/3709/903 2626/3710/903 2632/3716/904
f 2635/3717/922 2629/3711/918 2628/3712/918 2634/3718/922
f 2637/3719/912 2631/3713/911 2630/3714/911 2636/3720/912
f 2639/3721/905 2633/3715/904 2632/3716/904 2638/3722/905
f 2613/3694/900 2635/3717/922 2634/3718/922 2612/3695/900
f 2641/3723/913 2637/3719/912 2636/3720/912 2640/3724/913
f 2643/3725/906 2639/3721/905 2638/3722/905 2642/3726/906
f 2621/3580/914 2641/3723/913 2640/3724/913 2620/3581/914
f 2617/3690/907 2643/3725/906 2642/3726/906 2616/3691/907
f 2551/3727/917 2549/3673/918 2704/3676/1209 2722/3728/1006
f 2669/3625/951 2651/3487/974 2642/3490/946 2638/3626/941
f 2714/3729/986 2696/3681/1210 2797/3682/984 2799/3730/985
f 2583/3584/901 2581/3661/902 2728/3664/924 2746/3585/925
f 2577/3731/904 2575/3665/905 2668/3668/1005 2692/3732/984
f 2573/3666/906 2571/3587/907 2648/3590/975 2650/3667/976
f 2738/3733/989 2720/3651/993 2785/3654/991 2787/3734/992
f 2565/3687/910 2563/3643/911 2698/3646/1007 2716/3688/991
f 2762/3685/983 2744/3639/1003 2773/3642/1208 2775/3686/980
f 2705/3617/945 2687/3547/949 2634/3550/933 2628/3618/933
f 2726/3640/997 2708/3533/998 2769/3536/1000 2771/3641/1006
f 2553/3678/916 2551/3727/917 2722/3728/1006 2740/3679/1208
f 2732/3670/927 2714/3729/986 2799/3730/985 2801/3671/924
f 2702/3652/990 2678/3659/954 2781/3660/995 2783/3653/1007
f 2547/3674/922 2545/3583/900 2684/3586/1004 2686/3675/999
f 2579/3662/903 2577/3731/904 2692/3732/984 2710/3663/985
f 2756/3656/988 2738/3733/989 2787/3734/992 2789/3657/996
f 2561/3644/912 2559/3649/913 2662/3650/994 2674/3645/995
f 2762/3685/983 2656/3630/982 2658/3735/1047 2763/3736/1043
f 2763/3736/1043 2658/3735/1047 2657/3627/919 2761/3577/972
f 2660/3594/1207 2758/3593/980 2760/3737/1042 2661/3738/1211
f 2661/3738/1211 2760/3737/1042 2759/3541/931 2659/3538/959
f 2756/3656/988 2644/3655/978 2646/3739/1045 2757/3740/1041
f 2757/3740/1041 2646/3739/1045 2645/3633/928 2755/3575/971
f 2648/3590/975 2752/3589/996 2754/3741/1040 2649/3742/1044
f 2649/3742/1044 2754/3741/1040 2753/3603/936 2647/3488/958
f 2750/3669/926 2680/3683/953 2682/3743/1019 2751/3744/1039
f 2751/3744/1039 2682/3743/1019 2681/3555/935 2749/3573/934
f 2684/3586/1004 2746/3585/925 2748/3745/1212 2685/3746/1016
f 2685/3746/1016 2748/3745/1212 2747/3607/939 2683/3548/938
f 2744/3639/1003 2762/3685/983 2763/3736/1043 2745/3747/1037
f 2745/3747/1037 2763/3736/1043 2761/3577/972 2743/3571/970
f 2758/3680/980 2740/3679/1208 2742/3748/1213 2760/3749/1042
f 2760/3749/1042 2742/3748/1213 2741/3600/932 2759/3599/931
f 2738/3733/989 2756/3656/988 2757/3740/1041 2739/3750/1035
f 2739/3750/1035 2757/3740/1041 2755/3575/971 2737/3569/969
f 2752/3589/996 2734/3648/992 2736/3751/1214 2754/3741/1040
f 2754/3741/1040 2736/3751/1214 2735/3604/937 2753/3603/936
f 2732/3670/927 2750/3669/926 2751/3744/1039 2733/3752/1033
f 2733/3752/1033 2751/3744/1039 2749/3573/934 2731/3567/968
f 2746/3585/925 2728/3664/924 2730/3753/1032 2748/3745/1212
f 2748/3745/1212 2730/3753/1032 2729/3608/943 2747/3607/939
f 2726/3640/997 2744/3639/1003 2745/3747/1037 2727/3754/1031
f 2727/3754/1031 2745/3747/1037 2743/3571/970 2725/3564/967
f 2740/3679/1208 2722/3728/1006 2724/3755/1030 2742/3748/1213
f 2742/3748/1213 2724/3755/1030 2723/3611/940 2741/3600/932
f 2720/3651/993 2738/3733/989 2739/3750/1035 2721/3756/1029
f 2721/3756/1029 2739/3750/1035 2737/3569/969 2719/3561/966
f 2734/3648/992 2716/3688/991 2718/3757/1028 2736/3751/1214
f 2736/3751/1214 2718/3757/1028 2717/3613/942 2735/3604/937
f 2714/3729/986 2732/3670/927 2733/3752/1033 2715/3758/1027
f 2715/3758/1027 2733/3752/1033 2731/3567/968 2713/3559/965
f 2728/3664/924 2710/3663/985 2712/3759/1026 2730/3753/1032
f 2730/3753/1032 2712/3759/1026 2711/3615/944 2729/3608/943
f 2708/3533/998 2726/3640/997 2727/3754/1031 2709/3760/1025
f 2709/3760/1025 2727/3754/1031 2725/3564/967 2707/3563/964
f 2722/3728/1006 2704/3676/1209 2706/3761/1024 2724/3755/1030
f 2724/3755/1030 2706/3761/1024 2705/3617/945 2723/3611/940
f 2702/3652/990 2720/3651/993 2721/3756/1029 2703/3762/1215
f 2703/3762/1215 2721/3756/1029 2719/3561/966 2701/3552/962
f 2716/3688/991 2698/3646/1007 2700/3763/1022 2718/3757/1028
f 2718/3757/1028 2700/3763/1022 2699/3619/947 2717/3613/942
f 2696/3681/1210 2714/3729/986 2715/3758/1027 2697/3764/1048
f 2697/3764/1048 2715/3758/1027 2713/3559/965 2695/3544/960
f 2710/3663/985 2692/3732/984 2694/3765/1020 2712/3759/1026
f 2712/3759/1026 2694/3765/1020 2693/3621/948 2711/3615/944
f 2690/3534/952 2708/3533/998 2709/3760/1025 2691/3766/1216
f 2691/3766/1216 2709/3760/1025 2707/3563/964 2689/3556/963
f 2704/3676/1209 2686/3675/999 2688/3767/1017 2706/3761/1024
f 2706/3761/1024 2688/3767/1017 2687/3547/949 2705/3617/945
f 2678/3659/954 2702/3652/990 2703/3762/1215 2679/3768/1014
f 2679/3768/1014 2703/3762/1215 2701/3552/962 2677/3551/961
f 2698/3646/1007 2674/3645/995 2676/3769/1013 2700/3763/1022
f 2700/3763/1022 2676/3769/1013 2675/3623/950 2699/3619/947
f 2672/3635/956 2696/3681/1210 2697/3764/1048 2673/3770/1010
f 2673/3770/1010 2697/3764/1048 2695/3544/960 2671/3543/930
f 2692/3732/984 2668/3668/1005 2670/3771/1009 2694/3765/1020
f 2694/3765/1020 2670/3771/1009 2669/3625/951 2693/3621/948
f 2680/3683/953 2690/3534/952 2691/3766/1216 2682/3743/1019
f 2682/3743/1019 2691/3766/1216 2689/3556/963 2681/3555/935
f 2686/3675/999 2684/3586/1004 2685/3746/1016 2688/3767/1017
f 2688/3767/1017 2685/3746/1016 2683/3548/938 2687/3547/949
f 2666/3629/955 2678/3659/954 2679/3768/1014 2667/3772/1015
f 2667/3772/1015 2679/3768/1014 2677/3551/961 2665/3595/920
f 2674/3645/995 2662/3650/994 2664/3773/1012 2676/3769/1013
f 2676/3769/1013 2664/3773/1012 2663/3537/979 2675/3623/950
f 2654/3636/977 2672/3635/956 2673/3770/1010 2655/3774/1217
f 2655/3774/1217 2673/3770/1010 2671/3543/930 2653/3597/929
f 2668/3668/1005 2650/3667/976 2652/3775/1008 2670/3771/1009
f 2670/3771/1009 2652/3775/1008 2651/3487/974 2669/3625/951
f 2656/3630/982 2666/3629/955 2667/3772/1015 2658/3735/1047
f 2658/3735/1047 2667/3772/1015 2665/3595/920 2657/3627/919
f 2662/3650/994 2660/3594/1207 2661/3738/1211 2664/3773/1012
f 2664/3773/1012 2661/3738/1211 2659/3538/959 2663/3537/979
f 2644/3655/978 2654/3636/977 2655/3774/1217 2646/3739/1045
f 2646/3739/1045 2655/3774/1217 2653/3597/929 2645/3633/928
f 2650/3667/976 2648/3590/975 2649/3742/1044 2652/3775/1008
f 2652/3775/1008 2649/3742/1044 2647/3488/958 2651/3487/974
f 2654/3636/977 2644/3655/978 2791/3658/975 2793/3637/976
f 2765/3535/999 2767/3684/1004 2768/3776/1016 2766/3777/1017
f 2766/3778/1017 2768/3779/1016 2805/3780/938 2806/3781/949
f 2769/3536/1000 2765/3535/999 2766/3777/1017 2770/3782/1024
f 2770/3783/1024 2766/3778/1017 2806/3781/949 2807/3784/945
f 2771/3641/1006 2769/3536/1000 2770/3782/1024 2772/3785/1030
f 2772/3786/1030 2770/3783/1024 2807/3784/945 2808/3787/940
f 2773/3642/1208 2771/3641/1006 2772/3785/1030 2774/3788/1036
f 2774/3789/1036 2772/3786/1030 2808/3787/940 2809/3790/932
f 2775/3686/980 2773/3642/1208 2774/3788/1036 2776/3791/1042
f 2776/3792/1042 2774/3789/1036 2809/3790/932 2810/3793/931
f 2777/3631/981 2775/3686/980 2776/3791/1042 2778/3794/1211
f 2778/3795/1211 2776/3792/1042 2810/3793/931 2811/3796/959
f 2779/3632/994 2777/3631/981 2778/3794/1211 2780/3797/1012
f 2780/3798/1012 2778/3795/1211 2811/3796/959 2812/3799/979
f 2781/3660/995 2779/3632/994 2780/3797/1012 2782/3800/1013
f 2782/3801/1013 2780/3798/1012 2812/3799/979 2813/3802/950
f 2783/3653/1007 2781/3660/995 2782/3800/1013 2784/3803/1022
f 2784/3804/1022 2782/3801/1013 2813/3802/950 2814/3805/947
f 2785/3654/991 2783/3653/1007 2784/3803/1022 2786/3806/1028
f 2786/3807/1028 2784/3804/1022 2814/3805/947 2815/3808/942
f 2787/3734/992 2785/3654/991 2786/3806/1028 2788/3809/1214
f 2788/3810/1214 2786/3807/1028 2815/3808/942 2816/3811/937
f 2789/3657/996 2787/3734/992 2788/3809/1214 2790/3812/1040
f 2790/3813/1040 2788/3810/1214 2816/3811/937 2817/3814/936
f 2791/3658/975 2789/3657/996 2790/3812/1040 2792/3815/1044
f 2792/3816/1044 2790/3813/1040 2817/3814/936 2818/3817/958
f 2793/3637/976 2791/3658/975 2792/3815/1044 2794/3818/1008
f 2794/3819/1008 2792/3816/1044 2818/3817/958 2819/3820/974
f 2795/3638/1005 2793/3637/976 2794/3818/1008 2796/3821/1009
f 2796/3822/1009 2794/3819/1008 2819/3820/974 2820/3823/951
f 2797/3682/984 2795/3638/1005 2796/3821/1009 2798/3824/1020
f 2798/3825/1020 2796/3822/1009 2820/3823/951 2821/3826/948
f 2799/3730/985 2797/3682/984 2798/3824/1020 2800/3827/1026
f 2800/3828/1026 2798/3825/1020 2821/3826/948 2822/3829/944
f 2801/3671/924 2799/3730/985 2800/3827/1026 2802/3830/1032
f 2802/3831/1032 2800/3828/1026 2822/3829/944 2823/3832/943
f 2803/3672/925 2801/3671/924 2802/3830/1032 2804/3833/1212
f 2804/3834/1212 2802/3831/1032 2823/3832/943 2824/3835/939
f 2767/3684/1004 2803/3672/925 2804/3833/1212 2768/3776/1016
f 2768/3779/1016 2804/3834/1212 2824/3835/939 2805/3780/938
f 2690/3534/952 2680/3683/953 2767/3684/1004 2765/3535/999
f 2764/3836/933 2806/3781/949 2805/3780/938
f 2764/3836/933 2807/3784/945 2806/3781/949
f 2764/3836/933 2808/3787/940 2807/3784/945
f 2764/3836/933 2809/3790/932 2808/3787/940
f 2764/3836/933 2810/3793/931 2809/3790/932
f 2764/3836/933 2811/3796/959 2810/3793/931
f 2764/3836/933 2812/3799/979 2811/3796/959
f 2764/3836/933 2813/3802/950 2812/3799/979
f 2764/3836/933 2814/3805/947 2813/3802/950
f 2764/3836/933 2815/3808/942 2814/3805/947
f 2764/3836/933 2816/3811/937 2815/3808/942
f 2764/3836/933 2817/3814/936 2816/3811/937
f 2764/3836/933 2818/3817/958 2817/3814/936
f 2764/3836/933 2819/3820/974 2818/3817/958
f 2764/3836/933 2820/3823/951 2819/3820/974
f 2764/3836/933 2821/3826/948 2820/3823/951
f 2764/3836/933 2822/3829/944 2821/3826/948
f 2764/3836/933 2823/3832/943 2822/3829/944
f 2764/3836/933 2824/3835/939 2823/3832/943
f 2764/3836/933 2805/3780/938 2824/3835/939
f 3057/3837/1218 3060/3838/1219 2845/3839/1220 2848/3840/1221
f 3054/3841/1222 3057/3837/1218 2848/3840/1221 2852/3842/1223
f 3060/3838/1219 3063/3843/1224 2842/3844/1225 2845/3839/1220
f 3063/3843/1224 3066/3845/1226 2841/3846/1227 2842/3844/1225
f 3066/3845/1226 3069/3847/1228 2836/3848/1229 2841/3846/1227
f 3069/3847/1228 3072/3849/1230 2833/3850/1231 2836/3848/1229
f 3072/3849/1230 3075/3851/1232 2830/3852/1233 2833/3850/1231
f 3075/3851/1232 3078/3853/1234 2827/3854/1235 2830/3852/1233
f 3078/3853/1234 3081/3855/1236 2986/3856/1237 2827/3854/1235
f 3081/3855/1236 3084/3857/1238 2989/3858/1239 2986/3856/1237
f 3084/3857/1238 3087/3859/1240 2992/3860/1241 2989/3858/1239
f 3087/3859/1240 3090/3861/1242 2995/3862/1243 2992/3860/1241
f 3090/3861/1242 3093/3863/1244 2998/3864/1245 2995/3862/1243
f 3093/3863/1244 3096/3865/1246 3001/3866/1247 2998/3864/1245
f 3096/3865/1246 3099/3867/1248 3002/3868/1249 3001/3866/1247
f 3099/3867/1248 3102/3869/1250 3007/3870/1251 3002/3868/1249
f 3102/3869/1250 3105/3871/1252 3008/3872/1253 3007/3870/1251
f 3105/3871/1252 3108/3873/1254 3013/3874/1255 3008/3872/1253
f 3108/3873/1254 3111/3875/1256 3016/3876/1257 3013/3874/1255
f 3111/3875/1256 3114/3877/1258 3019/3878/1259 3016/3876/1257
f 3114/3877/1258 3117/3879/1260 3022/3880/1261 3019/3878/1259
f 3117/3879/1260 3120/3881/1262 3025/3882/1263 3022/3880/1261
f 3120/3881/1262 3123/3883/1264 3028/3884/1265 3025/3882/1263
f 3123/3883/1264 3126/3885/1266 3031/3886/1267 3028/3884/1265
f 3126/3885/1266 3129/3887/1268 3034/3888/1269 3031/3886/1267
f 3129/3887/1268 3132/3889/1270 3037/3890/1271 3034/3888/1269
f 3132/3889/1270 3135/3891/1272 3040/3892/1273 3037/3890/1271
f 3135/3891/1272 3138/3893/1274 3041/3894/1275 3040/3892/1273
f 3138/3893/1274 3141/3895/1276 3046/3896/1277 3041/3894/1275
f 3141/3895/1276 3144/3897/1278 3047/3898/1279 3046/3896/1277
f 2855/3899/1280 2854/3900/1281 2853/3901/1282 2856/3902/1283
f 2984/3903/1284 2890/3904/1285 2858/3905/1286 2888/3906/1286
f 2891/3907/1287 2983/3908/1288 3530/3909/1289 3500/3910/910
f 2899/3911/1290 2896/3912/1291 3501/3913/1292 3502/3914/1293
f 2902/3915/1294 2899/3911/1290 3502/3914/1293 3503/3916/1295
f 2905/3917/1296 2902/3915/1294 3503/3916/1295 3504/3918/1297
f 2908/3919/1298 2905/3917/1296 3504/3918/1297 3505/3920/1299
f 2911/3921/1300 2908/3919/1298 3505/3920/1299 3506/3922/1301
f 2914/3923/1302 2911/3921/1300 3506/3922/1301 3507/3924/587
f 2917/3925/1303 2914/3923/1302 3507/3924/587 3508/3926/1304
f 2920/3927/1305 2917/3925/1303 3508/3926/1304 3509/3928/1306
f 2923/3929/1307 2920/3927/1305 3509/3928/1306 3510/3930/1308
f 2926/3931/1309 2923/3929/1307 3510/3930/1308 3511/3932/1310
f 2929/3933/1311 2926/3931/1309 3511/3932/1310 3512/3934/1312
f 2932/3935/1313 2929/3933/1311 3512/3934/1312 3513/3936/1314
f 2935/3937/1315 2932/3935/1313 3513/3936/1314 3514/3938/1316
f 2938/3939/1317 2935/3937/1315 3514/3938/1316 3515/3940/900
f 2941/3941/1318 2938/3939/1317 3515/3940/900 3516/3942/1319
f 2944/3943/1320 2941/3941/1318 3516/3942/1319 3517/3944/1321
f 2947/3945/1322 2944/3943/1320 3517/3944/1321 3518/3946/1323
f 2950/3947/1324 2947/3945/1322 3518/3946/1323 3519/3948/1325
f 2953/3949/1326 2950/3947/1324 3519/3948/1325 3520/3950/1327
f 2956/3951/1328 2953/3949/1326 3520/3950/1327 3521/3952/1329
f 2959/3953/1330 2956/3951/1328 3521/3952/1329 3522/3954/1331
f 2962/3955/1332 2959/3953/1330 3522/3954/1331 3523/3956/577
f 2965/3957/1333 2962/3955/1332 3523/3956/577 3524/3958/1334
f 2968/3959/1335 2965/3957/1333 3524/3958/1334 3525/3960/1336
f 2971/3961/1337 2968/3959/1335 3525/3960/1336 3526/3962/1338
f 2974/3963/1339 2971/3961/1337 3526/3962/1338 3527/3964/1340
f 2977/3965/1341 2974/3963/1339 3527/3964/1340 3528/3966/1342
f 2980/3967/1343 2977/3965/1341 3528/3966/1342 3529/3968/1344
f 2983/3908/1288 2980/3967/1343 3529/3968/1344 3530/3909/1289
f 2896/3912/1291 2893/3969/1345 3499/3970/1346 3501/3913/1292
f 2945/3971/1347 2948/3972/1348 2876/3973/1286 2875/3974/1286
f 2906/3975/1349 2909/3976/1350 2863/3977/1286 2862/3978/1286
f 2948/3972/1348 2951/3979/1351 2877/3980/1286 2876/3973/1286
f 2909/3976/1350 2912/3981/1352 2864/3982/1286 2863/3977/1286
f 2951/3979/1351 2954/3983/1353 2878/3984/1286 2877/3980/1286
f 2912/3981/1352 2915/3985/1354 2865/3986/1286 2864/3982/1286
f 2954/3983/1353 2957/3987/1355 2879/3988/1286 2878/3984/1286
f 2915/3985/1354 2918/3989/1356 2866/3990/1286 2865/3986/1286
f 2957/3987/1355 2960/3991/1357 2880/3992/1286 2879/3988/1286
f 2918/3989/1356 2921/3993/1358 2867/3994/1286 2866/3990/1286
f 2960/3991/1357 2963/3995/1359 2881/3996/1286 2880/3992/1286
f 2921/3993/1358 2924/3997/1360 2868/3998/1286 2867/3994/1286
f 2963/3995/1359 2966/3999/1361 2882/4000/1286 2881/3996/1286
f 2924/3997/1360 2927/4001/1362 2869/4002/1286 2868/3998/1286
f 2966/3999/1361 2969/4003/1363 2883/4004/1286 2882/4000/1286
f 2927/4001/1362 2930/4005/1364 2870/4006/1286 2869/4002/1286
f 2969/4003/1363 2972/4007/1365 2884/4008/1286 2883/4004/1286
f 2930/4005/1364 2933/4009/1366 2871/4010/1286 2870/4006/1286
f 2890/3904/1285 2894/4011/1367 2857/4012/1286 2858/3905/1286
f 2972/4007/1365 2975/4013/1368 2885/4014/1286 2884/4008/1286
f 2933/4009/1366 2936/4015/1369 2872/4016/1286 2871/4010/1286
f 2894/4011/1367 2897/4017/1370 2859/4018/1286 2857/4012/1286
f 2975/4013/1368 2978/4019/1371 2886/4020/1286 2885/4014/1286
f 2936/4015/1369 2939/4021/1372 2873/4022/1286 2872/4016/1286
f 2897/4017/1370 2900/4023/1373 2860/4024/1286 2859/4018/1286
f 2978/4019/1371 2981/4025/1374 2887/4026/1286 2886/4020/1286
f 2939/4021/1372 2942/4027/1375 2874/4028/1286 2873/4022/1286
f 2900/4023/1373 2903/4029/1376 2861/4030/1286 2860/4024/1286
f 2981/4025/1374 2984/3903/1284 2888/3906/1286 2887/4026/1286
f 2942/4027/1375 2945/3971/1347 2875/3974/1286 2874/4028/1286
f 2903/4029/1376 2906/3975/1349 2862/3978/1286 2861/4030/1286
f 2894/4011/1367 2890/3904/1285 2892/4031/1377 2895/4032/1378
f 2895/4032/1378 2892/4031/1377 2891/3907/1287 2893/3969/1345
f 2893/3969/1345 2896/3912/1291 2898/4033/1379 2895/4032/1378
f 2895/4032/1378 2898/4033/1379 2897/4017/1370 2894/4011/1367
f 2900/4023/1373 2897/4017/1370 2898/4033/1379 2901/4034/1380
f 2901/4034/1380 2898/4033/1379 2896/3912/1291 2899/3911/1290
f 2899/3911/1290 2902/3915/1294 2904/4035/1381 2901/4034/1380
f 2901/4034/1380 2904/4035/1381 2903/4029/1376 2900/4023/1373
f 2906/3975/1349 2903/4029/1376 2904/4035/1381 2907/4036/1382
f 2907/4036/1382 2904/4035/1381 2902/3915/1294 2905/3917/1296
f 2909/3976/1350 2906/3975/1349 2907/4036/1382 2910/4037/1383
f 2910/4037/1383 2907/4036/1382 2905/3917/1296 2908/3919/1298
f 2912/3981/1352 2909/3976/1350 2910/4037/1383 2913/4038/1384
f 2913/4038/1384 2910/4037/1383 2908/3919/1298 2911/3921/1300
f 2915/3985/1354 2912/3981/1352 2913/4038/1384 2916/4039/1385
f 2916/4039/1385 2913/4038/1384 2911/3921/1300 2914/3923/1302
f 2918/3989/1356 2915/3985/1354 2916/4039/1385 2919/4040/1386
f 2919/4040/1386 2916/4039/1385 2914/3923/1302 2917/3925/1303
f 2921/3993/1358 2918/3989/1356 2919/4040/1386 2922/4041/1387
f 2922/4041/1387 2919/4040/1386 2917/3925/1303 2920/3927/1305
f 2924/3997/1360 2921/3993/1358 2922/4041/1387 2925/4042/1388
f 2925/4042/1388 2922/4041/1387 2920/3927/1305 2923/3929/1307
f 2927/4001/1362 2924/3997/1360 2925/4042/1388 2928/4043/1389
f 2928/4043/1389 2925/4042/1388 2923/3929/1307 2926/3931/1309
f 2930/4005/1364 2927/4001/1362 2928/4043/1389 2931/4044/1390
f 2931/4044/1390 2928/4043/1389 2926/3931/1309 2929/3933/1311
f 2933/4009/1366 2930/4005/1364 2931/4044/1390 2934/4045/1391
f 2934/4045/1391 2931/4044/1390 2929/3933/1311 2932/3935/1313
f 2932/3935/1313 2935/3937/1315 2937/4046/1392 2934/4045/1391
f 2934/4045/1391 2937/4046/1392 2936/4015/1369 2933/4009/1366
f 2939/4021/1372 2936/4015/1369 2937/4046/1392 2940/4047/1393
f 2940/4047/1393 2937/4046/1392 2935/3937/1315 2938/3939/1317
f 2942/4027/1375 2939/4021/1372 2940/4047/1393 2943/4048/1394
f 2943/4048/1394 2940/4047/1393 2938/3939/1317 2941/3941/1318
f 2945/3971/1347 2942/4027/1375 2943/4048/1394 2946/4049/1395
f 2946/4049/1395 2943/4048/1394 2941/3941/1318 2944/3943/1320
f 2948/3972/1348 2945/3971/1347 2946/4049/1395 2949/4050/1396
f 2949/4050/1396 2946/4049/1395 2944/3943/1320 2947/3945/1322
f 2951/3979/1351 2948/3972/1348 2949/4050/1396 2952/4051/1397
f 2952/4051/1397 2949/4050/1396 2947/3945/1322 2950/3947/1324
f 2954/3983/1353 2951/3979/1351 2952/4051/1397 2955/4052/1398
f 2955/4052/1398 2952/4051/1397 2950/3947/1324 2953/3949/1326
f 2957/3987/1355 2954/3983/1353 2955/4052/1398 2958/4053/1399
f 2958/4053/1399 2955/4052/1398 2953/3949/1326 2956/3951/1328
f 2960/3991/1357 2957/3987/1355 2958/4053/1399 2961/4054/1400
f 2961/4054/1400 2958/4053/1399 2956/3951/1328 2959/3953/1330
f 2963/3995/1359 2960/3991/1357 2961/4054/1400 2964/4055/1401
f 2964/4055/1401 2961/4054/1400 2959/3953/1330 2962/3955/1332
f 2966/3999/1361 2963/3995/1359 2964/4055/1401 2967/4056/1402
f 2967/4056/1402 2964/4055/1401 2962/3955/1332 2965/3957/1333
f 2965/3957/1333 2968/3959/1335 2970/4057/1403 2967/4056/1402
f 2967/4056/1402 2970/4057/1403 2969/4003/1363 2966/3999/1361
f 2972/4007/1365 2969/4003/1363 2970/4057/1403 2973/4058/1404
f 2973/4058/1404 2970/4057/1403 2968/3959/1335 2971/3961/1337
f 2971/3961/1337 2974/3963/1339 2976/4059/1405 2973/4058/1404
f 2973/4058/1404 2976/4059/1405 2975/4013/1368 2972/4007/1365
f 2978/4019/1371 2975/4013/1368 2976/4059/1405 2979/4060/1406
f 2979/4060/1406 2976/4059/1405 2974/3963/1339 2977/3965/1341
f 2981/4025/1374 2978/4019/1371 2979/4060/1406 2982/4061/1407
f 2982/4061/1407 2979/4060/1406 2977/3965/1341 2980/3967/1343
f 2984/3903/1284 2981/4025/1374 2982/4061/1407 2985/4062/1408
f 2985/4062/1408 2982/4061/1407 2980/3967/1343 2983/3908/1288
f 2890/3904/1285 2984/3903/1284 2985/4062/1408 2892/4031/1377
f 2892/4031/1377 2985/4062/1408 2983/3908/1288 2891/3907/1287
f 2893/3969/1345 2891/3907/1287 3500/3910/910 3499/3970/1346
f 3077/4063/1409 2867/4064/1410 2868/4065/1411 3080/4066/1412
f 3095/4067/1413 2873/4068/1414 2874/4069/1415 3098/4070/1416
f 3092/4071/1417 2872/4072/1418 2873/4068/1414 3095/4067/1413
f 3107/4073/1419 2877/4074/1420 2878/4075/1421 3110/4076/1422
f 3062/4077/1423 2862/4078/1424 2863/4079/1425 3065/4080/1426
f 3122/4081/1427 2882/4082/1428 2883/4083/1429 3125/4084/1430
f 3059/4085/1431 2861/4086/1432 2862/4078/1424 3062/4077/1423
f 3140/4087/1433 2888/4088/1434 2858/4089/1435 3143/4090/1436
f 3137/4091/1437 2887/4092/1438 2888/4088/1434 3140/4087/1433
f 3074/4093/1439 2866/4094/1440 2867/4064/1410 3077/4063/1409
f 3089/4095/1441 2871/4096/1442 2872/4072/1418 3092/4071/1417
f 3104/4097/1443 2876/4098/1444 2877/4074/1420 3107/4073/1419
f 3119/4099/1445 2881/4100/1446 2882/4082/1428 3122/4081/1427
f 3056/4101/1447 2860/4102/1448 2861/4086/1432 3059/4085/1431
f 3071/4103/1449 2865/4104/1450 2866/4094/1440 3074/4093/1439
f 3086/4105/1451 2870/4106/1452 2871/4096/1442 3089/4095/1441
f 3116/4107/1453 2880/4108/1454 2881/4100/1446 3119/4099/1445
f 3053/4109/1455 2859/4110/1456 2860/4102/1448 3056/4101/1447
f 3134/4111/1457 2886/4112/1458 2887/4092/1438 3137/4091/1437
f 3131/4113/1459 2885/4114/1460 2886/4112/1458 3134/4111/1457
f 3068/4115/1461 2864/4116/1462 2865/4104/1450 3071/4103/1449
f 3083/4117/1463 2869/4118/1464 2870/4106/1452 3086/4105/1451
f 3101/4119/1465 2875/4120/1466 2876/4098/1444 3104/4097/1443
f 3098/4070/1416 2874/4069/1415 2875/4120/1466 3101/4119/1465
f 3113/4121/1467 2879/4122/1468 2880/4108/1454 3116/4107/1453
f 3144/3897/1278 3050/4123/1469 2851/4124/1470 3047/3898/1279
f 3128/4125/1471 2884/4126/1472 2885/4114/1460 3131/4113/1459
f 3065/4080/1426 2863/4079/1425 2864/4116/1462 3068/4115/1461
f 3080/4066/1412 2868/4065/1411 2869/4118/1464 3083/4117/1463
f 3110/4076/1422 2878/4075/1421 2879/4122/1468 3113/4121/1467
f 3125/4084/1430 2883/4083/1429 2884/4126/1472 3128/4125/1471
f 3143/4090/1436 2858/4089/1435 2857/4127/1473 3051/4128/1474
f 3050/4123/1469 3054/3841/1222 2852/3842/1223 2851/4124/1470
f 2856/3902/1283 2853/3901/1282 2851/4129/1475 2852/4130/1476
f 2849/4131/1477 2855/3899/1280 2856/3902/1283 2850/4132/1478
f 2850/4132/1478 2856/3902/1283 2852/4130/1476 2848/4133/1479
f 2846/4134/1480 2849/4131/1477 2850/4132/1478 2847/4135/1481
f 2847/4135/1481 2850/4132/1478 2848/4133/1479 2845/4136/1482
f 2843/4137/1483 2846/4134/1480 2847/4135/1481 2844/4138/1484
f 2844/4138/1484 2847/4135/1481 2845/4136/1482 2842/4139/1485
f 2842/4139/1485 2841/4140/1486 2840/4141/1487 2844/4138/1484
f 2844/4138/1484 2840/4141/1487 2839/4142/1488 2843/4137/1483
f 2837/4143/1489 2839/4142/1488 2840/4141/1487 2838/4144/1490
f 2838/4144/1490 2840/4141/1487 2841/4140/1486 2836/4145/1491
f 2834/4146/1492 2837/4143/1489 2838/4144/1490 2835/4147/1493
f 2835/4147/1493 2838/4144/1490 2836/4145/1491 2833/4148/1494
f 2831/4149/1495 2834/4146/1492 2835/4147/1493 2832/4150/1496
f 2832/4150/1496 2835/4147/1493 2833/4148/1494 2830/4151/1497
f 2828/4152/1498 2831/4149/1495 2832/4150/1496 2829/4153/1499
f 2829/4153/1499 2832/4150/1496 2830/4151/1497 2827/4154/1500
f 2825/4155/1501 2828/4152/1498 2829/4153/1499 2826/4156/1502
f 2826/4156/1502 2829/4153/1499 2827/4154/1500 2986/4157/1503
f 2988/4158/1504 2825/4155/1501 2826/4156/1502 2987/4159/1505
f 2987/4159/1505 2826/4156/1502 2986/4157/1503 2989/4160/1506
f 2991/4161/1507 2988/4158/1504 2987/4159/1505 2990/4162/1508
f 2990/4162/1508 2987/4159/1505 2989/4160/1506 2992/4163/1509
f 2994/4164/1510 2991/4161/1507 2990/4162/1508 2993/4165/1511
f 2993/4165/1511 2990/4162/1508 2992/4163/1509 2995/4166/1512
f 2997/4167/1513 2994/4164/1510 2993/4165/1511 2996/4168/1514
f 2996/4168/1514 2993/4165/1511 2995/4166/1512 2998/4169/1515
f 3000/4170/1516 2997/4167/1513 2996/4168/1514 2999/4171/1517
f 2999/4171/1517 2996/4168/1514 2998/4169/1515 3001/4172/1518
f 3001/4172/1518 3002/4173/1519 3003/4174/1520 2999/4171/1517
f 2999/4171/1517 3003/4174/1520 3004/4175/1521 3000/4170/1516
f 3006/4176/1522 3004/4175/1521 3003/4174/1520 3005/4177/1523
f 3005/4177/1523 3003/4174/1520 3002/4173/1519 3007/4178/1524
f 3007/4178/1524 3008/4179/1525 3009/4180/1526 3005/4177/1523
f 3005/4177/1523 3009/4180/1526 3010/4181/1527 3006/4176/1522
f 3012/4182/1528 3010/4181/1527 3009/4180/1526 3011/4183/1529
f 3011/4183/1529 3009/4180/1526 3008/4179/1525 3013/4184/1530
f 3015/4185/1531 3012/4182/1528 3011/4183/1529 3014/4186/1532
f 3014/4186/1532 3011/4183/1529 3013/4184/1530 3016/4187/1533
f 3018/4188/1534 3015/4185/1531 3014/4186/1532 3017/4189/1535
f 3017/4189/1535 3014/4186/1532 3016/4187/1533 3019/4190/1536
f 3021/4191/1537 3018/4188/1534 3017/4189/1535 3020/4192/1538
f 3020/4192/1538 3017/4189/1535 3019/4190/1536 3022/4193/1539
f 3024/4194/1540 3021/4191/1537 3020/4192/1538 3023/4195/1541
f 3023/4195/1541 3020/4192/1538 3022/4193/1539 3025/4196/1542
f 3027/4197/1543 3024/4194/1540 3023/4195/1541 3026/4198/1544
f 3026/4198/1544 3023/4195/1541 3025/4196/1542 3028/4199/1545
f 3030/4200/1546 3027/4197/1543 3026/4198/1544 3029/4201/1547
f 3029/4201/1547 3026/4198/1544 3028/4199/1545 3031/4202/1548
f 3033/4203/1549 3030/4200/1546 3029/4201/1547 3032/4204/1550
f 3032/4204/1550 3029/4201/1547 3031/4202/1548 3034/4205/1551
f 3036/4206/1552 3033/4203/1549 3032/4204/1550 3035/4207/1553
f 3035/4207/1553 3032/4204/1550 3034/4205/1551 3037/4208/1554
f 3039/4209/1555 3036/4206/1552 3035/4207/1553 3038/4210/1556
f 3038/4210/1556 3035/4207/1553 3037/4208/1554 3040/4211/1557
f 3040/4211/1557 3041/4212/1558 3042/4213/1559 3038/4210/1556
f 3038/4210/1556 3042/4213/1559 3043/4214/1560 3039/4209/1555
f 3045/4215/1561 3043/4214/1560 3042/4213/1559 3044/4216/1562
f 3044/4216/1562 3042/4213/1559 3041/4212/1558 3046/4217/1563
f 3046/4217/1563 3047/4218/1564 3048/4219/1565 3044/4216/1562
f 3044/4216/1562 3048/4219/1565 3049/4220/1566 3045/4215/1561
f 3047/4218/1564 2851/4129/1475 2853/3901/1282 3048/4219/1565
f 3048/4219/1565 2853/3901/1282 2854/3900/1281 3049/4220/1566
f 3051/4128/1474 3053/4109/1455 3055/4221/1567 3052/4222/1568
f 3052/4223/1569 3055/4224/1570 3054/3841/1222 3050/4123/1469
f 3053/4109/1455 3056/4101/1447 3058/4225/1571 3055/4221/1567
f 3055/4224/1570 3058/4226/1572 3057/3837/1218 3054/3841/1222
f 3056/4101/1447 3059/4085/1431 3061/4227/1573 3058/4225/1571
f 3058/4226/1572 3061/4228/1574 3060/3838/1219 3057/3837/1218
f 3059/4085/1431 3062/4077/1423 3064/4229/1575 3061/4227/1573
f 3061/4228/1574 3064/4230/1576 3063/3843/1224 3060/3838/1219
f 3062/4077/1423 3065/4080/1426 3067/4231/1577 3064/4229/1575
f 3064/4230/1576 3067/4232/1578 3066/3845/1226 3063/3843/1224
f 3065/4080/1426 3068/4115/1461 3070/4233/1579 3067/4231/1577
f 3067/4232/1578 3070/4234/1580 3069/3847/1228 3066/3845/1226
f 3068/4115/1461 3071/4103/1449 3073/4235/1581 3070/4233/1579
f 3070/4234/1580 3073/4236/1582 3072/3849/1230 3069/3847/1228
f 3071/4103/1449 3074/4093/1439 3076/4237/1583 3073/4235/1581
f 3073/4236/1582 3076/4238/1584 3075/3851/1232 3072/3849/1230
f 3074/4093/1439 3077/4063/1409 3079/4239/1585 3076/4237/1583
f 3076/4238/1584 3079/4240/1586 3078/3853/1234 3075/3851/1232
f 3077/4063/1409 3080/4066/1412 3082/4241/1587 3079/4239/1585
f 3079/4240/1586 3082/4242/1588 3081/3855/1236 3078/3853/1234
f 3080/4066/1412 3083/4117/1463 3085/4243/1589 3082/4241/1587
f 3082/4242/1588 3085/4244/1590 3084/3857/1238 3081/3855/1236
f 3083/4117/1463 3086/4105/1451 3088/4245/1591 3085/4243/1589
f 3085/4244/1590 3088/4246/1592 3087/3859/1240 3084/3857/1238
f 3086/4105/1451 3089/4095/1441 3091/4247/1593 3088/4245/1591
f 3088/4246/1592 3091/4248/1594 3090/3861/1242 3087/3859/1240
f 3089/4095/1441 3092/4071/1417 3094/4249/1595 3091/4247/1593
f 3091/4248/1594 3094/4250/1596 3093/3863/1244 3090/3861/1242
f 3092/4071/1417 3095/4067/1413 3097/4251/1597 3094/4249/1595
f 3094/4250/1596 3097/4252/1598 3096/3865/1246 3093/3863/1244
f 3095/4067/1413 3098/4070/1416 3100/4253/1599 3097/4251/1597
f 3097/4252/1598 3100/4254/1600 3099/3867/1248 3096/3865/1246
f 3098/4070/1416 3101/4119/1465 3103/4255/1601 3100/4253/1599
f 3100/4254/1600 3103/4256/1602 3102/3869/1250 3099/3867/1248
f 3101/4119/1465 3104/4097/1443 3106/4257/1603 3103/4255/1601
f 3103/4256/1602 3106/4258/1604 3105/3871/1252 3102/3869/1250
f 3104/4097/1443 3107/4073/1419 3109/4259/1605 3106/4257/1603
f 3106/4258/1604 3109/4260/1606 3108/3873/1254 3105/3871/1252
f 3107/4073/1419 3110/4076/1422 3112/4261/1607 3109/4259/1605
f 3109/4260/1606 3112/4262/1608 3111/3875/1256 3108/3873/1254
f 3110/4076/1422 3113/4121/1467 3115/4263/1609 3112/4261/1607
f 3112/4262/1608 3115/4264/1610 3114/3877/1258 3111/3875/1256
f 3113/4121/1467 3116/4107/1453 3118/4265/1611 3115/4263/1609
f 3115/4264/1610 3118/4266/1612 3117/3879/1260 3114/3877/1258
f 3116/4107/1453 3119/4099/1445 3121/4267/1613 3118/4265/1611
f 3118/4266/1612 3121/4268/1614 3120/3881/1262 3117/3879/1260
f 3119/4099/1445 3122/4081/1427 3124/4269/1615 3121/4267/1613
f 3121/4268/1614 3124/4270/1616 3123/3883/1264 3120/3881/1262
f 3122/4081/1427 3125/4084/1430 3127/4271/1617 3124/4269/1615
f 3124/4270/1616 3127/4272/1618 3126/3885/1266 3123/3883/1264
f 3125/4084/1430 3128/4125/1471 3130/4273/1619 3127/4271/1617
f 3127/4272/1618 3130/4274/1620 3129/3887/1268 3126/3885/1266
f 3128/4125/1471 3131/4113/1459 3133/4275/1621 3130/4273/1619
f 3130/4274/1620 3133/4276/1622 3132/3889/1270 3129/3887/1268
f 3131/4113/1459 3134/4111/1457 3136/4277/1623 3133/4275/1621
f 3133/4276/1622 3136/4278/1624 3135/3891/1272 3132/3889/1270
f 3134/4111/1457 3137/4091/1437 3139/4279/1625 3136/4277/1623
f 3136/4278/1624 3139/4280/1626 3138/3893/1274 3135/3891/1272
f 3137/4091/1437 3140/4087/1433 3142/4281/1627 3139/4279/1625
f 3139/4280/1626 3142/4282/1628 3141/3895/1276 3138/3893/1274
f 3140/4087/1433 3143/4090/1436 3145/4283/1629 3142/4281/1627
f 3142/4282/1628 3145/4284/1630 3144/3897/1278 3141/3895/1276
f 3143/4090/1436 3051/4128/1474 3052/4222/1568 3145/4283/1629
f 3145/4284/1630 3052/4223/1569 3050/4123/1469 3144/3897/1278
f 3051/4128/1474 2857/4127/1473 2859/4110/1456 3053/4109/1455
f 3378/4285/1631 3169/4286/1632 3166/4287/1633 3381/4288/1634
f 3375/4289/1635 3173/4290/1636 3169/4286/1632 3378/4285/1631
f 3381/4288/1634 3166/4287/1633 3163/4291/1637 3384/4292/1638
f 3384/4292/1638 3163/4291/1637 3162/4293/1639 3387/4294/1640
f 3387/4294/1640 3162/4293/1639 3157/4295/1641 3390/4296/1642
f 3390/4296/1642 3157/4295/1641 3154/4297/1643 3393/4298/1644
f 3393/4298/1644 3154/4297/1643 3151/4299/1645 3396/4300/1646
f 3396/4300/1646 3151/4299/1645 3148/4301/1647 3399/4302/1648
f 3399/4302/1648 3148/4301/1647 3307/4303/1649 3402/4304/1650
f 3402/4304/1650 3307/4303/1649 3310/4305/1651 3405/4306/1652
f 3405/4306/1652 3310/4305/1651 3313/4307/1653 3408/4308/1654
f 3408/4308/1654 3313/4307/1653 3316/4309/1655 3411/4310/1656
f 3411/4310/1656 3316/4309/1655 3319/4311/1657 3414/4312/1658
f 3414/4312/1658 3319/4311/1657 3322/4313/1659 3417/4314/1660
f 3417/4314/1660 3322/4313/1659 3323/4315/1661 3420/4316/1662
f 3420/4316/1662 3323/4315/1661 3328/4317/1663 3423/4318/1664
f 3423/4318/1664 3328/4317/1663 3329/4319/1665 3426/4320/1666
f 3426/4320/1666 3329/4319/1665 3334/4321/1667 3429/4322/1668
f 3429/4322/1668 3334/4321/1667 3337/4323/1669 3432/4324/1670
f 3432/4324/1670 3337/4323/1669 3340/4325/1671 3435/4326/1672
f 3435/4326/1672 3340/4325/1671 3343/4327/1673 3438/4328/1674
f 3438/4328/1674 3343/4327/1673 3346/4329/1675 3441/4330/1676
f 3441/4330/1676 3346/4329/1675 3349/4331/1677 3444/4332/1678
f 3444/4332/1678 3349/4331/1677 3352/4333/1679 3447/4334/1680
f 3447/4334/1680 3352/4333/1679 3355/4335/1681 3450/4336/1682
f 3450/4336/1682 3355/4335/1681 3358/4337/1683 3453/4338/1684
f 3453/4338/1684 3358/4337/1683 3361/4339/1685 3456/4340/1686
f 3456/4340/1686 3361/4339/1685 3362/4341/1687 3459/4342/1688
f 3459/4342/1688 3362/4341/1687 3367/4343/1689 3462/4344/1690
f 3462/4344/1690 3367/4343/1689 3368/4345/1691 3465/4346/1692
f 3176/4347/1693 3177/4348/1694 3174/4349/1695 3175/4350/1696
f 3305/4351/1697 3209/4352/1698 3179/4353/1698 3211/4354/1699
f 3212/4355/1700 3468/4356/910 3498/4357/1289 3304/4358/1701
f 3220/4359/1702 3470/4360/1293 3469/4361/1292 3217/4362/1703
f 3223/4363/1704 3471/4364/1295 3470/4360/1293 3220/4359/1702
f 3226/4365/1705 3472/4366/1297 3471/4364/1295 3223/4363/1704
f 3229/4367/1706 3473/4368/1299 3472/4366/1297 3226/4365/1705
f 3232/4369/1707 3474/4370/1301 3473/4368/1299 3229/4367/1706
f 3235/4371/1708 3475/4372/587 3474/4370/1301 3232/4369/1707
f 3238/4373/1709 3476/4374/1304 3475/4372/587 3235/4371/1708
f 3241/4375/1710 3477/4376/1306 3476/4374/1304 3238/4373/1709
f 3244/4377/1711 3478/4378/1308 3477/4376/1306 3241/4375/1710
f 3247/4379/1712 3479/4380/1310 3478/4378/1308 3244/4377/1711
f 3250/4381/1713 3480/4382/1312 3479/4380/1310 3247/4379/1712
f 3253/4383/1714 3481/4384/1314 3480/4382/1312 3250/4381/1713
f 3256/4385/1715 3482/4386/1316 3481/4384/1314 3253/4383/1714
f 3259/4387/1716 3483/4388/900 3482/4386/1316 3256/4385/1715
f 3262/4389/1717 3484/4390/1319 3483/4388/900 3259/4387/1716
f 3265/4391/1718 3485/4392/1321 3484/4390/1319 3262/4389/1717
f 3268/4393/1719 3486/4394/1323 3485/4392/1321 3265/4391/1718
f 3271/4395/1720 3487/4396/1325 3486/4394/1323 3268/4393/1719
f 3274/4397/1721 3488/4398/1327 3487/4396/1325 3271/4395/1720
f 3277/4399/1722 3489/4400/1329 3488/4398/1327 3274/4397/1721
f 3280/4401/1723 3490/4402/1331 3489/4400/1329 3277/4399/1722
f 3283/4403/1724 3491/4404/577 3490/4402/1331 3280/4401/1723
f 3286/4405/1725 3492/4406/1334 3491/4404/577 3283/4403/1724
f 3289/4407/1726 3493/4408/1336 3492/4406/1334 3286/4405/1725
f 3292/4409/1727 3494/4410/1338 3493/4408/1336 3289/4407/1726
f 3295/4411/1728 3495/4412/1340 3494/4410/1338 3292/4409/1727
f 3298/4413/1729 3496/4414/1342 3495/4412/1340 3295/4411/1728
f 3301/4415/1730 3497/4416/1344 3496/4414/1342 3298/4413/1729
f 3304/4358/1701 3498/4357/1289 3497/4416/1344 3301/4415/1730
f 3217/4362/1703 3469/4361/1292 3467/4417/1346 3214/4418/1731
f 3266/4419/1732 3196/4420/1698 3197/4421/1698 3269/4422/1733
f 3227/4423/1734 3183/4424/1698 3184/4425/1698 3230/4426/1735
f 3269/4422/1733 3197/4421/1698 3198/4427/1698 3272/4428/1736
f 3230/4426/1735 3184/4425/1698 3185/4429/1698 3233/4430/1737
f 3272/4428/1736 3198/4427/1698 3199/4431/1698 3275/4432/1738
f 3233/4430/1737 3185/4429/1698 3186/4433/1698 3236/4434/1739
f 3275/4432/1738 3199/4431/1698 3200/4435/1698 3278/4436/1740
f 3236/4434/1739 3186/4433/1698 3187/4437/1698 3239/4438/1741
f 3278/4436/1740 3200/4435/1698 3201/4439/1698 3281/4440/1742
f 3239/4438/1741 3187/4437/1698 3188/4441/1698 3242/4442/1743
f 3281/4440/1742 3201/4439/1698 3202/4443/1698 3284/4444/1744
f 3242/4442/1743 3188/4441/1698 3189/4445/1698 3245/4446/1745
f 3284/4444/1744 3202/4443/1698 3203/4447/1698 3287/4448/1746
f 3245/4446/1745 3189/4445/1698 3190/4449/1698 3248/4450/1747
f 3287/4448/1746 3203/4447/1698 3204/4451/1698 3290/4452/1748
f 3248/4450/1747 3190/4449/1698 3191/4453/1698 3251/4454/1749
f 3290/4452/1748 3204/4451/1698 3205/4455/1698 3293/4456/1750
f 3251/4454/1749 3191/4453/1698 3192/4457/1698 3254/4458/1751
f 3211/4354/1699 3179/4353/1698 3178/4459/1698 3215/4460/1752
f 3293/4456/1750 3205/4455/1698 3206/4461/1698 3296/4462/1753
f 3254/4458/1751 3192/4457/1698 3193/4463/1698 3257/4464/1754
f 3215/4460/1752 3178/4459/1698 3180/4465/1698 3218/4466/1755
f 3296/4462/1753 3206/4461/1698 3207/4467/1698 3299/4468/1756
f 3257/4464/1754 3193/4463/1698 3194/4469/1698 3260/4470/1757
f 3218/4466/1755 3180/4465/1698 3181/4471/1698 3221/4472/1758
f 3299/4468/1756 3207/4467/1698 3208/4473/1698 3302/4474/1759
f 3260/4470/1757 3194/4469/1698 3195/4475/1698 3263/4476/1760
f 3221/4472/1758 3181/4471/1698 3182/4477/1698 3224/4478/1761
f 3302/4474/1759 3208/4473/1698 3209/4352/1698 3305/4351/1697
f 3263/4476/1760 3195/4475/1698 3196/4420/1698 3266/4419/1732
f 3224/4478/1761 3182/4477/1698 3183/4424/1698 3227/4423/1734
f 3215/4460/1752 3216/4479/1762 3213/4480/1763 3211/4354/1699
f 3216/4479/1762 3214/4418/1731 3212/4355/1700 3213/4480/1763
f 3214/4418/1731 3216/4479/1762 3219/4481/1764 3217/4362/1703
f 3216/4479/1762 3215/4460/1752 3218/4466/1755 3219/4481/1764
f 3221/4472/1758 3222/4482/1765 3219/4481/1764 3218/4466/1755
f 3222/4482/1765 3220/4359/1702 3217/4362/1703 3219/4481/1764
f 3220/4359/1702 3222/4482/1765 3225/4483/1766 3223/4363/1704
f 3222/4482/1765 3221/4472/1758 3224/4478/1761 3225/4483/1766
f 3227/4423/1734 3228/4484/1767 3225/4483/1766 3224/4478/1761
f 3228/4484/1767 3226/4365/1705 3223/4363/1704 3225/4483/1766
f 3230/4426/1735 3231/4485/1768 3228/4484/1767 3227/4423/1734
f 3231/4485/1768 3229/4367/1706 3226/4365/1705 3228/4484/1767
f 3233/4430/1737 3234/4486/1769 3231/4485/1768 3230/4426/1735
f 3234/4486/1769 3232/4369/1707 3229/4367/1706 3231/4485/1768
f 3236/4434/1739 3237/4487/1770 3234/4486/1769 3233/4430/1737
f 3237/4487/1770 3235/4371/1708 3232/4369/1707 3234/4486/1769
f 3239/4438/1741 3240/4488/1771 3237/4487/1770 3236/4434/1739
f 3240/4488/1771 3238/4373/1709 3235/4371/1708 3237/4487/1770
f 3242/4442/1743 3243/4489/1772 3240/4488/1771 3239/4438/1741
f 3243/4489/1772 3241/4375/1710 3238/4373/1709 3240/4488/1771
f 3245/4446/1745 3246/4490/1773 3243/4489/1772 3242/4442/1743
f 3246/4490/1773 3244/4377/1711 3241/4375/1710 3243/4489/1772
f 3248/4450/1747 3249/4491/1774 3246/4490/1773 3245/4446/1745
f 3249/4491/1774 3247/4379/1712 3244/4377/1711 3246/4490/1773
f 3251/4454/1749 3252/4492/1775 3249/4491/1774 3248/4450/1747
f 3252/4492/1775 3250/4381/1713 3247/4379/1712 3249/4491/1774
f 3254/4458/1751 3255/4493/1776 3252/4492/1775 3251/4454/1749
f 3255/4493/1776 3253/4383/1714 3250/4381/1713 3252/4492/1775
f 3253/4383/1714 3255/4493/1776 3258/4494/1777 3256/4385/1715
f 3255/4493/1776 3254/4458/1751 3257/4464/1754 3258/4494/1777
f 3260/4470/1757 3261/4495/1778 3258/4494/1777 3257/4464/1754
f 3261/4495/1778 3259/4387/1716 3256/4385/1715 3258/4494/1777
f 3263/4476/1760 3264/4496/1779 3261/4495/1778 3260/4470/1757
f 3264/4496/1779 3262/4389/1717 3259/4387/1716 3261/4495/1778
f 3266/4419/1732 3267/4497/1780 3264/4496/1779 3263/4476/1760
f 3267/4497/1780 3265/4391/1718 3262/4389/1717 3264/4496/1779
f 3269/4422/1733 3270/4498/1781 3267/4497/1780 3266/4419/1732
f 3270/4498/1781 3268/4393/1719 3265/4391/1718 3267/4497/1780
f 3272/4428/1736 3273/4499/1782 3270/4498/1781 3269/4422/1733
f 3273/4499/1782 3271/4395/1720 3268/4393/1719 3270/4498/1781
f 3275/4432/1738 3276/4500/1783 3273/4499/1782 3272/4428/1736
f 3276/4500/1783 3274/4397/1721 3271/4395/1720 3273/4499/1782
f 3278/4436/1740 3279/4501/1784 3276/4500/1783 3275/4432/1738
f 3279/4501/1784 3277/4399/1722 3274/4397/1721 3276/4500/1783
f 3281/4440/1742 3282/4502/1785 3279/4501/1784 3278/4436/1740
f 3282/4502/1785 3280/4401/1723 3277/4399/1722 3279/4501/1784
f 3284/4444/1744 3285/4503/1786 3282/4502/1785 3281/4440/1742
f 3285/4503/1786 3283/4403/1724 3280/4401/1723 3282/4502/1785
f 3287/4448/1746 3288/4504/1787 3285/4503/1786 3284/4444/1744
f 3288/4504/1787 3286/4405/1725 3283/4403/1724 3285/4503/1786
f 3286/4405/1725 3288/4504/1787 3291/4505/1788 3289/4407/1726
f 3288/4504/1787 3287/4448/1746 3290/4452/1748 3291/4505/1788
f 3293/4456/1750 3294/4506/1789 3291/4505/1788 3290/4452/1748
f 3294/4506/1789 3292/4409/1727 3289/4407/1726 3291/4505/1788
f 3292/4409/1727 3294/4506/1789 3297/4507/1790 3295/4411/1728
f 3294/4506/1789 3293/4456/1750 3296/4462/1753 3297/4507/1790
f 3299/4468/1756 3300/4508/1791 3297/4507/1790 3296/4462/1753
f 3300/4508/1791 3298/4413/1729 3295/4411/1728 3297/4507/1790
f 3302/4474/1759 3303/4509/1792 3300/4508/1791 3299/4468/1756
f 3303/4509/1792 3301/4415/1730 3298/4413/1729 3300/4508/1791
f 3305/4351/1697 3306/4510/1793 3303/4509/1792 3302/4474/1759
f 3306/4510/1793 3304/4358/1701 3301/4415/1730 3303/4509/1792
f 3211/4354/1699 3213/4480/1763 3306/4510/1793 3305/4351/1697
f 3213/4480/1763 3212/4355/1700 3304/4358/1701 3306/4510/1793
f 3214/4418/1731 3467/4417/1346 3468/4356/910 3212/4355/1700
f 3398/4511/1794 3401/4512/1795 3189/4513/1796 3188/4514/1797
f 3416/4515/1798 3419/4516/1799 3195/4517/1800 3194/4518/1801
f 3413/4519/1802 3416/4515/1798 3194/4518/1801 3193/4520/1803
f 3428/4521/1804 3431/4522/1805 3199/4523/1806 3198/4524/1807
f 3383/4525/1808 3386/4526/1809 3184/4527/1810 3183/4528/1811
f 3443/4529/1812 3446/4530/1813 3204/4531/1814 3203/4532/1815
f 3380/4533/1816 3383/4525/1808 3183/4528/1811 3182/4534/1817
f 3461/4535/1818 3464/4536/1819 3179/4537/1820 3209/4538/1821
f 3458/4539/1822 3461/4535/1818 3209/4538/1821 3208/4540/1823
f 3395/4541/1824 3398/4511/1794 3188/4514/1797 3187/4542/1825
f 3410/4543/1826 3413/4519/1802 3193/4520/1803 3192/4544/1827
f 3425/4545/1828 3428/4521/1804 3198/4524/1807 3197/4546/1829
f 3440/4547/1830 3443/4529/1812 3203/4532/1815 3202/4548/1831
f 3377/4549/1832 3380/4533/1816 3182/4534/1817 3181/4550/1833
f 3392/4551/1834 3395/4541/1824 3187/4542/1825 3186/4552/1835
f 3407/4553/1836 3410/4543/1826 3192/4544/1827 3191/4554/1837
f 3437/4555/1838 3440/4547/1830 3202/4548/1831 3201/4556/1839
f 3374/4557/1840 3377/4549/1832 3181/4550/1833 3180/4558/1841
f 3455/4559/1842 3458/4539/1822 3208/4540/1823 3207/4560/1843
f 3452/4561/1844 3455/4559/1842 3207/4560/1843 3206/4562/1845
f 3389/4563/1846 3392/4551/1834 3186/4552/1835 3185/4564/1847
f 3404/4565/1848 3407/4553/1836 3191/4554/1837 3190/4566/1849
f 3422/4567/1850 3425/4545/1828 3197/4546/1829 3196/4568/1851
f 3419/4516/1799 3422/4567/1850 3196/4568/1851 3195/4517/1800
f 3434/4569/1852 3437/4555/1838 3201/4556/1839 3200/4570/1853
f 3465/4346/1692 3368/4345/1691 3172/4571/1854 3371/4572/1855
f 3449/4573/1856 3452/4561/1844 3206/4562/1845 3205/4574/1857
f 3386/4526/1809 3389/4563/1846 3185/4564/1847 3184/4527/1810
f 3401/4512/1795 3404/4565/1848 3190/4566/1849 3189/4513/1796
f 3431/4522/1805 3434/4569/1852 3200/4570/1853 3199/4523/1806
f 3446/4530/1813 3449/4573/1856 3205/4574/1857 3204/4531/1814
f 3464/4536/1819 3372/4575/1858 3178/4576/1859 3179/4537/1820
f 3371/4572/1855 3172/4571/1854 3173/4290/1636 3375/4289/1635
f 3177/4348/1694 3173/4577/1860 3172/4578/1861 3174/4349/1695
f 3170/4579/1862 3171/4580/1863 3177/4348/1694 3176/4347/1693
f 3171/4580/1863 3169/4581/1864 3173/4577/1860 3177/4348/1694
f 3167/4582/1865 3168/4583/1866 3171/4580/1863 3170/4579/1862
f 3168/4583/1866 3166/4584/1867 3169/4581/1864 3171/4580/1863
f 3164/4585/1868 3165/4586/1869 3168/4583/1866 3167/4582/1865
f 3165/4586/1869 3163/4587/1870 3166/4584/1867 3168/4583/1866
f 3163/4587/1870 3165/4586/1869 3161/4588/1871 3162/4589/1872
f 3165/4586/1869 3164/4585/1868 3160/4590/1873 3161/4588/1871
f 3158/4591/1874 3159/4592/1875 3161/4588/1871 3160/4590/1873
f 3159/4592/1875 3157/4593/1876 3162/4589/1872 3161/4588/1871
f 3155/4594/1877 3156/4595/1878 3159/4592/1875 3158/4591/1874
f 3156/4595/1878 3154/4596/1879 3157/4593/1876 3159/4592/1875
f 3152/4597/1880 3153/4598/1881 3156/4595/1878 3155/4594/1877
f 3153/4598/1881 3151/4599/1882 3154/4596/1879 3156/4595/1878
f 3149/4600/1883 3150/4601/1884 3153/4598/1881 3152/4597/1880
f 3150/4601/1884 3148/4602/1885 3151/4599/1882 3153/4598/1881
f 3146/4603/1886 3147/4604/1887 3150/4601/1884 3149/4600/1883
f 3147/4604/1887 3307/4605/1888 3148/4602/1885 3150/4601/1884
f 3309/4606/1889 3308/4607/1890 3147/4604/1887 3146/4603/1886
f 3308/4607/1890 3310/4608/1891 3307/4605/1888 3147/4604/1887
f 3312/4609/1892 3311/4610/1893 3308/4607/1890 3309/4606/1889
f 3311/4610/1893 3313/4611/1894 3310/4608/1891 3308/4607/1890
f 3315/4612/1895 3314/4613/1896 3311/4610/1893 3312/4609/1892
f 3314/4613/1896 3316/4614/1897 3313/4611/1894 3311/4610/1893
f 3318/4615/1898 3317/4616/1899 3314/4613/1896 3315/4612/1895
f 3317/4616/1899 3319/4617/1900 3316/4614/1897 3314/4613/1896
f 3321/4618/1901 3320/4619/1902 3317/4616/1899 3318/4615/1898
f 3320/4619/1902 3322/4620/1903 3319/4617/1900 3317/4616/1899
f 3322/4620/1903 3320/4619/1902 3324/4621/1904 3323/4622/1905
f 3320/4619/1902 3321/4618/1901 3325/4623/1906 3324/4621/1904
f 3327/4624/1907 3326/4625/1908 3324/4621/1904 3325/4623/1906
f 3326/4625/1908 3328/4626/1909 3323/4622/1905 3324/4621/1904
f 3328/4626/1909 3326/4625/1908 3330/4627/1910 3329/4628/1911
f 3326/4625/1908 3327/4624/1907 3331/4629/1912 3330/4627/1910
f 3333/4630/1913 3332/4631/1914 3330/4627/1910 3331/4629/1912
f 3332/4631/1914 3334/4632/1915 3329/4628/1911 3330/4627/1910
f 3336/4633/1916 3335/4634/1917 3332/4631/1914 3333/4630/1913
f 3335/4634/1917 3337/4635/1918 3334/4632/1915 3332/4631/1914
f 3339/4636/1919 3338/4637/1920 3335/4634/1917 3336/4633/1916
f 3338/4637/1920 3340/4638/1921 3337/4635/1918 3335/4634/1917
f 3342/4639/1922 3341/4640/1923 3338/4637/1920 3339/4636/1919
f 3341/4640/1923 3343/4641/1924 3340/4638/1921 3338/4637/1920
f 3345/4642/1925 3344/4643/1926 3341/4640/1923 3342/4639/1922
f 3344/4643/1926 3346/4644/1927 3343/4641/1924 3341/4640/1923
f 3348/4645/1928 3347/4646/1929 3344/4643/1926 3345/4642/1925
f 3347/4646/1929 3349/4647/1930 3346/4644/1927 3344/4643/1926
f 3351/4648/1931 3350/4649/1932 3347/4646/1929 3348/4645/1928
f 3350/4649/1932 3352/4650/1933 3349/4647/1930 3347/4646/1929
f 3354/4651/1934 3353/4652/1935 3350/4649/1932 3351/4648/1931
f 3353/4652/1935 3355/4653/1936 3352/4650/1933 3350/4649/1932
f 3357/4654/1937 3356/4655/1938 3353/4652/1935 3354/4651/1934
f 3356/4655/1938 3358/4656/1939 3355/4653/1936 3353/4652/1935
f 3360/4657/1940 3359/4658/1941 3356/4655/1938 3357/4654/1937
f 3359/4658/1941 3361/4659/1942 3358/4656/1939 3356/4655/1938
f 3361/4659/1942 3359/4658/1941 3363/4660/1943 3362/4661/1944
f 3359/4658/1941 3360/4657/1940 3364/4662/1945 3363/4660/1943
f 3366/4663/1946 3365/4664/1947 3363/4660/1943 3364/4662/1945
f 3365/4664/1947 3367/4665/1948 3362/4661/1944 3363/4660/1943
f 3367/4665/1948 3365/4664/1947 3369/4666/1949 3368/4667/1950
f 3365/4664/1947 3366/4663/1946 3370/4668/1951 3369/4666/1949
f 3368/4667/1950 3369/4666/1949 3174/4349/1695 3172/4578/1861
f 3369/4666/1949 3370/4668/1951 3175/4350/1696 3174/4349/1695
f 3372/4575/1858 3373/4669/1952 3376/4670/1953 3374/4557/1840
f 3373/4671/1954 3371/4572/1855 3375/4289/1635 3376/4672/1955
f 3374/4557/1840 3376/4670/1953 3379/4673/1956 3377/4549/1832
f 3376/4672/1955 3375/4289/1635 3378/4285/1631 3379/4674/1957
f 3377/4549/1832 3379/4673/1956 3382/4675/1958 3380/4533/1816
f 3379/4674/1957 3378/4285/1631 3381/4288/1634 3382/4676/1959
f 3380/4533/1816 3382/4675/1958 3385/4677/1960 3383/4525/1808
f 3382/4676/1959 3381/4288/1634 3384/4292/1638 3385/4678/1961
f 3383/4525/1808 3385/4677/1960 3388/4679/1962 3386/4526/1809
f 3385/4678/1961 3384/4292/1638 3387/4294/1640 3388/4680/1963
f 3386/4526/1809 3388/4679/1962 3391/4681/1964 3389/4563/1846
f 3388/4680/1963 3387/4294/1640 3390/4296/1642 3391/4682/1965
f 3389/4563/1846 3391/4681/1964 3394/4683/1966 3392/4551/1834
f 3391/4682/1965 3390/4296/1642 3393/4298/1644 3394/4684/1967
f 3392/4551/1834 3394/4683/1966 3397/4685/1968 3395/4541/1824
f 3394/4684/1967 3393/4298/1644 3396/4300/1646 3397/4686/1969
f 3395/4541/1824 3397/4685/1968 3400/4687/1970 3398/4511/1794
f 3397/4686/1969 3396/4300/1646 3399/4302/1648 3400/4688/1971
f 3398/4511/1794 3400/4687/1970 3403/4689/1972 3401/4512/1795
f 3400/4688/1971 3399/4302/1648 3402/4304/1650 3403/4690/1973
f 3401/4512/1795 3403/4689/1972 3406/4691/1974 3404/4565/1848
f 3403/4690/1973 3402/4304/1650 3405/4306/1652 3406/4692/1975
f 3404/4565/1848 3406/4691/1974 3409/4693/1976 3407/4553/1836
f 3406/4692/1975 3405/4306/1652 3408/4308/1654 3409/4694/1977
f 3407/4553/1836 3409/4693/1976 3412/4695/1978 3410/4543/1826
f 3409/4694/1977 3408/4308/1654 3411/4310/1656 3412/4696/1979
f 3410/4543/1826 3412/4695/1978 3415/4697/1980 3413/4519/1802
f 3412/4696/1979 3411/4310/1656 3414/4312/1658 3415/4698/1981
f 3413/4519/1802 3415/4697/1980 3418/4699/1982 3416/4515/1798
f 3415/4698/1981 3414/4312/1658 3417/4314/1660 3418/4700/1983
f 3416/4515/1798 3418/4699/1982 3421/4701/1984 3419/4516/1799
f 3418/4700/1983 3417/4314/1660 3420/4316/1662 3421/4702/1985
f 3419/4516/1799 3421/4701/1984 3424/4703/1986 3422/4567/1850
f 3421/4702/1985 3420/4316/1662 3423/4318/1664 3424/4704/1987
f 3422/4567/1850 3424/4703/1986 3427/4705/1988 3425/4545/1828
f 3424/4704/1987 3423/4318/1664 3426/4320/1666 3427/4706/1989
f 3425/4545/1828 3427/4705/1988 3430/4707/1990 3428/4521/1804
f 3427/4706/1989 3426/4320/1666 3429/4322/1668 3430/4708/1991
f 3428/4521/1804 3430/4707/1990 3433/4709/1992 3431/4522/1805
f 3430/4708/1991 3429/4322/1668 3432/4324/1670 3433/4710/1993
f 3431/4522/1805 3433/4709/1992 3436/4711/1994 3434/4569/1852
f 3433/4710/1993 3432/4324/1670 3435/4326/1672 3436/4712/1995
f 3434/4569/1852 3436/4711/1994 3439/4713/1996 3437/4555/1838
f 3436/4712/1995 3435/4326/1672 3438/4328/1674 3439/4714/1997
f 3437/4555/1838 3439/4713/1996 3442/4715/1998 3440/4547/1830
f 3439/4714/1997 3438/4328/1674 3441/4330/1676 3442/4716/1999
f 3440/4547/1830 3442/4715/1998 3445/4717/2000 3443/4529/1812
f 3442/4716/1999 3441/4330/1676 3444/4332/1678 3445/4718/2001
f 3443/4529/1812 3445/4717/2000 3448/4719/2002 3446/4530/1813
f 3445/4718/2001 3444/4332/1678 3447/4334/1680 3448/4720/2003
f 3446/4530/1813 3448/4719/2002 3451/4721/2004 3449/4573/1856
f 3448/4720/2003 3447/4334/1680 3450/4336/1682 3451/4722/2005
f 3449/4573/1856 3451/4721/2004 3454/4723/2006 3452/4561/1844
f 3451/4722/2005 3450/4336/1682 3453/4338/1684 3454/4724/2007
f 3452/4561/1844 3454/4723/2006 3457/4725/2008 3455/4559/1842
f 3454/4724/2007 3453/4338/1684 3456/4340/1686 3457/4726/2009
f 3455/4559/1842 3457/4725/2008 3460/4727/2010 3458/4539/1822
f 3457/4726/2009 3456/4340/1686 3459/4342/1688 3460/4728/2011
f 3458/4539/1822 3460/4727/2010 3463/4729/2012 3461/4535/1818
f 3460/4728/2011 3459/4342/1688 3462/4344/1690 3463/4730/2013
f 3461/4535/1818 3463/4729/2012 3466/4731/2014 3464/4536/1819
f 3463/4730/2013 3462/4344/1690 3465/4346/1692 3466/4732/2015
f 3464/4536/1819 3466/4731/2014 3373/4669/1952 3372/4575/1858
f 3466/4732/2015 3465/4346/1692 3371/4572/1855 3373/4671/1954
f 3372/4575/1858 3374/4557/1840 3180/4558/1841 3178/4576/1859
f 3210/4733/1698 3468/4734/1698 3467/4735/1698
f 3210/4733/1698 3467/4735/1698 3469/4736/1698
f 3210/4733/1698 3469/4736/1698 3470/4737/1698
f 3210/4733/1698 3470/4737/1698 3471/4738/1698
f 3210/4733/1698 3471/4738/1698 3472/4739/1698
f 3210/4733/1698 3472/4739/1698 3473/4740/1698
f 3210/4733/1698 3473/4740/1698 3474/4741/1698
f 3210/4733/1698 3474/4741/1698 3475/4742/1698
f 3210/4733/1698 3475/4742/1698 3476/4743/1698
f 3210/4733/1698 3476/4743/1698 3477/4744/1698
f 3210/4733/1698 3477/4744/1698 3478/4745/1698
f 3210/4733/1698 3478/4745/1698 3479/4746/1698
f 3210/4733/1698 3479/4746/1698 3480/4747/1698
f 3210/4733/1698 3480/4747/1698 3481/4748/1698
f 3210/4733/1698 3481/4748/1698 3482/4749/1698
f 3210/4733/1698 3482/4749/1698 3483/4750/1698
f 3210/4733/1698 3483/4750/1698 3484/4751/1698
f 3210/4733/1698 3484/4751/1698 3485/4752/1698
f 3210/4733/1698 3485/4752/1698 3486/4753/1698
f 3210/4733/1698 3486/4753/1698 3487/4754/1698
f 3210/4733/1698 3487/4754/1698 3488/4755/1698
f 3210/4733/1698 3488/4755/1698 3489/4756/1698
f 3210/4733/1698 3489/4756/1698 3490/4757/1698
f 3210/4733/1698 3490/4757/1698 3491/4758/1698
f 3210/4733/1698 3491/4758/1698 3492/4759/1698
f 3210/4733/1698 3492/4759/1698 3493/4760/1698
f 3210/4733/1698 3493/4760/1698 3494/4761/1698
f 3210/4733/1698 3494/4761/1698 3495/4762/1698
f 3210/4733/1698 3495/4762/1698 3496/4763/1698
f 3210/4733/1698 3496/4763/1698 3497/4764/1698
f 3210/4733/1698 3497/4764/1698 3498/4765/1698
f 3210/4733/1698 3498/4765/1698 3468/4734/1698
f 2889/4766/1286 3499/4767/1286 3500/4768/1286
f 2889/4766/1286 3501/4769/1286 3499/4767/1286
f 2889/4766/1286 3502/4770/1286 3501/4769/1286
f 2889/4766/1286 3503/4771/1286 3502/4770/1286
f 2889/4766/1286 3504/4772/1286 3503/4771/1286
f 2889/4766/1286 3505/4773/1286 3504/4772/1286
f 2889/4766/1286 3506/4774/1286 3505/4773/1286
f 2889/4766/1286 3507/4775/1286 3506/4774/1286
f 2889/4766/1286 3508/4776/1286 3507/4775/1286
f 2889/4766/1286 3509/4777/1286 3508/4776/1286
f 2889/4766/1286 3510/4778/1286 3509/4777/1286
f 2889/4766/1286 3511/4779/1286 3510/4778/1286
f 2889/4766/1286 3512/4780/1286 3511/4779/1286
f 2889/4766/1286 3513/4781/1286 3512/4780/1286
f 2889/4766/1286 3514/4782/1286 3513/4781/1286
f 2889/4766/1286 3515/4783/1286 3514/4782/1286
f 2889/4766/1286 3516/4784/1286 3515/4783/1286
f 2889/4766/1286 3517/4785/1286 3516/4784/1286
f 2889/4766/1286 3518/4786/1286 3517/4785/1286
f 2889/4766/1286 3519/4787/1286 3518/4786/1286
f 2889/4766/1286 3520/4788/1286 3519/4787/1286
f 2889/4766/1286 3521/4789/1286 3520/4788/1286
f 2889/4766/1286 3522/4790/1286 3521/4789/1286
f 2889/4766/1286 3523/4791/1286 3522/4790/1286
f 2889/4766/1286 3524/4792/1286 3523/4791/1286
f 2889/4766/1286 3525/4793/1286 3524/4792/1286
f 2889/4766/1286 3526/4794/1286 3525/4793/1286
f 2889/4766/1286 3527/4795/1286 3526/4794/1286
f 2889/4766/1286 3528/4796/1286 3527/4795/1286
f 2889/4766/1286 3529/4797/1286 3528/4796/1286
f 2889/4766/1286 3530/4798/1286 3529/4797/1286
f 2889/4766/1286 3500/4768/1286 3530/4798/1286
f 3594/4799/1316 3593/4800/2016 3531/4801/2017 3532/4802/900
f 3592/4803/1314 3591/4804/2018 3593/4800/2016 3594/4799/1316
f 3590/4805/1312 3589/4806/2019 3591/4804/2018 3592/4803/1314
f 3588/4807/1310 3587/4808/2020 3589/4806/2019 3590/4805/1312
f 3586/4809/1308 3585/4810/2021 3587/4808/2020 3588/4807/1310
f 3584/4811/1306 3583/4812/2022 3585/4810/2021 3586/4809/1308
f 3582/4813/1304 3581/4814/2023 3583/4812/2022 3584/4811/1306
f 3580/4815/587 3579/4816/2024 3581/4817/2023 3582/4818/1304
f 3578/4819/1301 3577/4820/2025 3579/4816/2024 3580/4815/587
f 3576/4821/1299 3575/4822/2026 3577/4820/2025 3578/4819/1301
f 3574/4823/1297 3573/4824/2027 3575/4822/2026 3576/4821/1299
f 3572/4825/1295 3571/4826/2028 3573/4824/2027 3574/4823/1297
f 3570/4827/1293 3569/4828/2029 3571/4826/2028 3572/4825/1295
f 3568/4829/1292 3567/4830/2030 3569/4828/2029 3570/4827/1293
f 3566/4831/1346 3565/4832/2031 3567/4830/2030 3568/4829/1292
f 3564/4833/910 3563/4834/2032 3565/4832/2031 3566/4831/1346
f 3562/4835/1289 3561/4836/2033 3563/4834/2032 3564/4833/910
f 3560/4837/1344 3559/4838/2034 3561/4836/2033 3562/4835/1289
f 3558/4839/1342 3557/4840/2035 3559/4838/2034 3560/4837/1344
f 3556/4841/1340 3555/4842/2036 3557/4840/2035 3558/4839/1342
f 3554/4843/1338 3553/4844/2037 3555/4842/2036 3556/4841/1340
f 3552/4845/1336 3551/4846/2038 3553/4844/2037 3554/4843/1338
f 3550/4847/1334 3549/4848/2039 3551/4846/2038 3552/4845/1336
f 3548/4849/577 3547/4850/2040 3549/4848/2039 3550/4847/1334
f 3546/4851/1331 3545/4852/2041 3547/4850/2040 3548/4849/577
f 3544/4853/1329 3543/4854/2042 3545/4852/2041 3546/4851/1331
f 3542/4855/1327 3541/4856/2043 3543/4854/2042 3544/4853/1329
f 3540/4857/1325 3539/4858/2044 3541/4856/2043 3542/4855/1327
f 3538/4859/1323 3537/4860/2045 3539/4858/2044 3540/4857/1325
f 3536/4861/1321 3535/4862/2046 3537/4860/2045 3538/4859/1323
f 3534/4863/1319 3533/4864/2047 3535/4862/2046 3536/4861/1321
f 3532/4802/900 3531/4801/2017 3533/4864/2047 3534/4863/1319
f 3594/4799/1316 3532/4802/900 3595/4865/2048 3626/4866/2049
f 3592/4803/1314 3594/4799/1316 3626/4866/2049 3625/4867/2050
f 3590/4805/1312 3592/4803/1314 3625/4867/2050 3624/4868/2051
f 3588/4807/1310 3590/4805/1312 3624/4868/2051 3623/4869/2052
f 3586/4809/1308 3588/4807/1310 3623/4869/2052 3622/4870/2053
f 3584/4811/1306 3586/4809/1308 3622/4870/2053 3621/4871/2054
f 3582/4813/1304 3584/4811/1306 3621/4871/2054 3620/4872/2055
f 3580/4815/587 3582/4818/1304 3620/4873/2055 3619/4874/2056
f 3578/4819/1301 3580/4815/587 3619/4874/2056 3618/4875/2057
f 3576/4821/1299 3578/4819/1301 3618/4875/2057 3617/4876/2058
f 3574/4823/1297 3576/4821/1299 3617/4876/2058 3616/4877/2059
f 3572/4825/1295 3574/4823/1297 3616/4877/2059 3615/4878/2060
f 3570/4827/1293 3572/4825/1295 3615/4878/2060 3614/4879/2061
f 3568/4829/1292 3570/4827/1293 3614/4879/2061 3613/4880/2062
f 3566/4831/1346 3568/4829/1292 3613/4880/2062 3612/4881/2063
f 3564/4833/910 3566/4831/1346 3612/4881/2063 3611/4882/2064
f 3562/4835/1289 3564/4833/910 3611/4882/2064 3610/4883/2065
f 3560/4837/1344 3562/4835/1289 3610/4883/2065 3609/4884/2066
f 3558/4839/1342 3560/4837/1344 3609/4884/2066 3608/4885/2067
f 3556/4841/1340 3558/4839/1342 3608/4885/2067 3607/4886/2068
f 3554/4843/1338 3556/4841/1340 3607/4886/2068 3606/4887/2069
f 3552/4845/1336 3554/4843/1338 3606/4887/2069 3605/4888/2070
f 3550/4847/1334 3552/4845/1336 3605/4888/2070 3604/4889/2071
f 3548/4849/577 3550/4847/1334 3604/4889/2071 3603/4890/2072
f 3546/4851/1331 3548/4849/577 3603/4890/2072 3602/4891/2073
f 3544/4853/1329 3546/4851/1331 3602/4891/2073 3601/4892/2074
f 3542/4855/1327 3544/4853/1329 3601/4892/2074 3600/4893/2075
f 3540/4857/1325 3542/4855/1327 3600/4893/2075 3599/4894/2076
f 3538/4859/1323 3540/4857/1325 3599/4894/2076 3598/4895/2077
f 3536/4861/1321 3538/4859/1323 3598/4895/2077 3597/4896/2078
f 3534/4863/1319 3536/4861/1321 3597/4896/2078 3596/4897/2079
f 3532/4802/900 3534/4863/1319 3596/4897/2079 3595/4865/2048
