# Blender 4.0.2
# www.blender.org
mtllib Bomb_4.mtl
o Bomb_4
v 0.000000 0.377490 -0.252231
v 0.000000 0.252231 -0.377490
v 0.000000 0.088572 -0.445279
v 0.000000 0.000000 -0.454003
v 0.033895 0.419444 -0.170401
v 0.049208 0.377490 -0.247384
v 0.062630 0.321029 -0.314860
v 0.073645 0.252231 -0.370236
v 0.081829 0.173739 -0.411385
v 0.086870 0.088572 -0.436723
v 0.088572 0.000000 -0.445279
v 0.066487 0.419444 -0.160514
v 0.096524 0.377490 -0.233031
v 0.122852 0.321029 -0.296592
v 0.144459 0.252231 -0.348755
v 0.160514 0.173739 -0.387516
v 0.170401 0.088572 -0.411385
v 0.173739 0.000000 -0.419444
v 0.096524 0.419444 -0.144459
v 0.140132 0.377490 -0.209722
v 0.178354 0.321029 -0.266925
v 0.209722 0.252231 -0.313871
v 0.233031 0.173739 -0.348755
v 0.247384 0.088572 -0.370236
v 0.252231 0.000000 -0.377490
v 0.122852 0.419444 -0.122852
v 0.178354 0.377490 -0.178354
v 0.227001 0.321029 -0.227001
v 0.266925 0.252231 -0.266925
v 0.296592 0.173739 -0.296592
v 0.314860 0.088572 -0.314860
v 0.321029 0.000000 -0.321029
v 0.144459 0.419444 -0.096524
v 0.209722 0.377490 -0.140132
v 0.266925 0.321029 -0.178354
v 0.313871 0.252231 -0.209722
v 0.348755 0.173739 -0.233031
v 0.370236 0.088572 -0.247384
v 0.377490 0.000000 -0.252230
v 0.160514 0.419444 -0.066487
v 0.233031 0.377490 -0.096524
v 0.296592 0.321029 -0.122852
v 0.348755 0.252231 -0.144459
v 0.387516 0.173739 -0.160514
v 0.411384 0.088572 -0.170401
v 0.419444 0.000000 -0.173739
v 0.170401 0.419444 -0.033895
v 0.247384 0.377490 -0.049208
v 0.314860 0.321029 -0.062630
v 0.370236 0.252231 -0.073645
v 0.411384 0.173739 -0.081829
v 0.436723 0.088572 -0.086870
v 0.445279 0.000000 -0.088571
v 0.173739 0.419444 0.000000
v 0.252230 0.377490 0.000000
v 0.321029 0.321029 -0.000000
v 0.377490 0.252231 0.000000
v 0.419444 0.173739 -0.000000
v 0.445279 0.088572 0.000000
v 0.454003 0.000000 0.000000
v 0.170401 0.419444 0.033895
v 0.247384 0.377490 0.049208
v 0.314860 0.321029 0.062630
v 0.370236 0.252231 0.073645
v 0.411384 0.173739 0.081829
v 0.436723 0.088572 0.086870
v 0.445279 0.000000 0.088572
v 0.160514 0.419444 0.066487
v 0.233031 0.377490 0.096524
v 0.296592 0.321029 0.122852
v 0.348755 0.252231 0.144459
v 0.387516 0.173739 0.160514
v 0.411384 0.088572 0.170401
v 0.419444 0.000000 0.173739
v 0.144459 0.419444 0.096524
v 0.209722 0.377490 0.140132
v 0.266925 0.321029 0.178354
v 0.313871 0.252231 0.209722
v 0.348755 0.173739 0.233031
v 0.370236 0.088572 0.247384
v 0.377489 0.000000 0.252231
v 0.122852 0.419444 0.122852
v 0.178354 0.377490 0.178354
v 0.227001 0.321029 0.227001
v 0.266925 0.252231 0.266925
v 0.296592 0.173739 0.296592
v 0.314860 0.088572 0.314860
v 0.321028 0.000000 0.321029
v 0.096524 0.419444 0.144459
v 0.140132 0.377490 0.209722
v 0.178354 0.321029 0.266925
v 0.209722 0.252231 0.313871
v 0.233031 0.173739 0.348755
v 0.247384 0.088572 0.370236
v 0.252230 0.000000 0.377490
v 0.066487 0.419444 0.160514
v 0.096524 0.377490 0.233031
v 0.122852 0.321029 0.296592
v 0.144459 0.252231 0.348755
v 0.160514 0.173739 0.387516
v 0.170401 0.088572 0.411384
v 0.173739 0.000000 0.419444
v 0.033895 0.419444 0.170401
v 0.049208 0.377490 0.247384
v 0.062630 0.321029 0.314860
v 0.073645 0.252231 0.370236
v 0.081829 0.173739 0.411384
v 0.086870 0.088572 0.436723
v 0.088571 0.000000 0.445279
v -0.000000 0.419444 0.173739
v -0.000000 0.377490 0.252230
v -0.000000 0.321029 0.321029
v -0.000000 0.252231 0.377490
v 0.000000 0.173739 0.419444
v -0.000000 0.088572 0.445279
v -0.000000 0.000000 0.454003
v -0.033895 0.419444 0.170401
v -0.049208 0.377490 0.247384
v -0.062630 0.321029 0.314860
v -0.073645 0.252231 0.370236
v -0.081829 0.173739 0.411384
v -0.086870 0.088572 0.436723
v -0.088572 0.000000 0.445279
v -0.066487 0.419444 0.160514
v -0.096524 0.377490 0.233030
v -0.122852 0.321029 0.296592
v -0.144459 0.252231 0.348755
v -0.160514 0.173739 0.387516
v -0.170401 0.088572 0.411384
v -0.173739 0.000000 0.419444
v -0.096524 0.419444 0.144459
v -0.140132 0.377490 0.209722
v -0.178354 0.321029 0.266925
v -0.209722 0.252231 0.313871
v -0.233031 0.173739 0.348755
v -0.247384 0.088572 0.370236
v -0.252230 0.000000 0.377489
v -0.122852 0.419444 0.122852
v -0.178354 0.377490 0.178354
v -0.227001 0.321029 0.227001
v -0.266925 0.252231 0.266925
v -0.296592 0.173739 0.296592
v -0.314860 0.088572 0.314860
v -0.321028 0.000000 0.321028
v -0.144459 0.419444 0.096524
v -0.209722 0.377490 0.140132
v -0.266925 0.321029 0.178354
v -0.313871 0.252231 0.209722
v -0.348755 0.173739 0.233031
v -0.370236 0.088572 0.247384
v -0.377489 0.000000 0.252230
v -0.160514 0.419444 0.066487
v -0.233030 0.377490 0.096524
v -0.296592 0.321029 0.122852
v -0.348755 0.252231 0.144459
v -0.387516 0.173739 0.160514
v -0.411384 0.088572 0.170401
v -0.419444 0.000000 0.173739
v -0.170401 0.419444 0.033895
v -0.247384 0.377490 0.049208
v -0.314860 0.321029 0.062630
v -0.370236 0.252231 0.073644
v -0.411384 0.173739 0.081829
v -0.436723 0.088572 0.086870
v -0.445279 0.000000 0.088571
v -0.173739 0.419444 -0.000000
v -0.252230 0.377490 -0.000000
v -0.321029 0.321029 -0.000000
v -0.377489 0.252231 -0.000000
v -0.419444 0.173739 -0.000000
v -0.445279 0.088572 -0.000000
v -0.454003 0.000000 -0.000000
v -0.170401 0.419444 -0.033895
v -0.247384 0.377490 -0.049208
v -0.314860 0.321029 -0.062630
v -0.370236 0.252231 -0.073645
v -0.411384 0.173739 -0.081829
v -0.436723 0.088572 -0.086870
v -0.445279 0.000000 -0.088572
v -0.160514 0.419444 -0.066487
v -0.233030 0.377490 -0.096524
v -0.296592 0.321029 -0.122852
v -0.348755 0.252231 -0.144459
v -0.387516 0.173739 -0.160514
v -0.411384 0.088572 -0.170401
v -0.419444 0.000000 -0.173739
v -0.144459 0.419444 -0.096524
v -0.209722 0.377490 -0.140132
v -0.266925 0.321029 -0.178354
v -0.313871 0.252231 -0.209722
v -0.348755 0.173739 -0.233031
v -0.370236 0.088572 -0.247384
v -0.377489 0.000000 -0.252230
v -0.122852 0.419444 -0.122852
v -0.178354 0.377490 -0.178354
v -0.227001 0.321029 -0.227001
v -0.266925 0.252231 -0.266925
v -0.296592 0.173739 -0.296592
v -0.314860 0.088572 -0.314860
v -0.321028 0.000000 -0.321028
v -0.096524 0.419444 -0.144459
v -0.140132 0.377490 -0.209722
v -0.178354 0.321029 -0.266925
v -0.209722 0.252231 -0.313871
v -0.233030 0.173739 -0.348755
v -0.247384 0.088572 -0.370236
v -0.252230 0.000000 -0.377489
v -0.066487 0.419444 -0.160514
v -0.096524 0.377490 -0.233030
v -0.122852 0.321029 -0.296592
v -0.144459 0.252231 -0.348755
v -0.160514 0.173739 -0.387516
v -0.170401 0.088572 -0.411384
v -0.173739 0.000000 -0.419444
v -0.033895 0.419444 -0.170401
v -0.049208 0.377490 -0.247384
v -0.062630 0.321029 -0.314860
v -0.073644 0.252231 -0.370236
v -0.081829 0.173739 -0.411384
v -0.086870 0.088572 -0.436723
v -0.088571 0.000000 -0.445279
v 0.000000 0.419444 -0.173739
v 0.000000 0.321029 -0.321029
v 0.000000 0.173739 -0.419444
v 0.012827 0.445279 -0.064485
v 0.021539 0.438657 -0.108282
v 0.025161 0.445279 -0.060743
v 0.042249 0.438657 -0.101999
v 0.036528 0.445279 -0.054668
v 0.061337 0.438657 -0.091797
v 0.046491 0.445279 -0.046491
v 0.078067 0.438657 -0.078067
v 0.054668 0.445279 -0.036528
v 0.091797 0.438657 -0.061337
v 0.060743 0.445279 -0.025161
v 0.101999 0.438657 -0.042249
v 0.064485 0.445279 -0.012827
v 0.108282 0.438657 -0.021539
v 0.065748 0.445279 -0.000000
v 0.110403 0.438657 0.000000
v 0.064485 0.445279 0.012827
v 0.108282 0.438657 0.021539
v 0.060743 0.445279 0.025161
v 0.101999 0.438657 0.042249
v 0.054668 0.445279 0.036528
v 0.091797 0.438657 0.061337
v 0.046491 0.445279 0.046491
v 0.078067 0.438657 0.078067
v 0.036528 0.445279 0.054668
v 0.061337 0.438657 0.091797
v 0.025161 0.445279 0.060743
v 0.042249 0.438657 0.101999
v 0.012827 0.445279 0.064485
v 0.021539 0.438657 0.108282
v 0.000000 0.445279 0.065748
v -0.000000 0.438657 0.110403
v -0.012827 0.445279 0.064485
v -0.021539 0.438657 0.108282
v -0.025161 0.445279 0.060743
v -0.042249 0.438657 0.101999
v -0.036528 0.445279 0.054668
v -0.061337 0.438657 0.091797
v -0.046491 0.445279 0.046491
v -0.078067 0.438657 0.078067
v -0.054668 0.445279 0.036528
v -0.091797 0.438657 0.061337
v -0.060743 0.445279 0.025161
v -0.101999 0.438657 0.042249
v -0.064485 0.445279 0.012827
v -0.108282 0.438657 0.021539
v -0.065748 0.445279 0.000000
v -0.110403 0.438657 -0.000000
v -0.064485 0.445279 -0.012827
v -0.108282 0.438657 -0.021539
v -0.060743 0.445279 -0.025161
v -0.101999 0.438657 -0.042249
v -0.054668 0.445279 -0.036528
v -0.091797 0.438657 -0.061337
v -0.046491 0.445279 -0.046491
v -0.078067 0.438657 -0.078067
v -0.036528 0.445279 -0.054668
v -0.061337 0.438657 -0.091797
v -0.025161 0.445279 -0.060743
v -0.042249 0.438657 -0.101999
v -0.012827 0.445279 -0.064485
v -0.021539 0.438657 -0.108282
v 0.000000 0.445279 -0.065748
v 0.000000 0.438657 -0.110403
v 0.000000 -0.377490 -0.252231
v 0.000000 -0.252231 -0.377490
v 0.000000 -0.088572 -0.445279
v 0.033895 -0.419444 -0.170401
v 0.049208 -0.377490 -0.247384
v 0.062630 -0.321029 -0.314860
v 0.073645 -0.252231 -0.370236
v 0.081829 -0.173739 -0.411385
v 0.086870 -0.088572 -0.436723
v 0.066487 -0.419444 -0.160514
v 0.096524 -0.377490 -0.233031
v 0.122852 -0.321029 -0.296592
v 0.144459 -0.252231 -0.348755
v 0.160514 -0.173739 -0.387516
v 0.170401 -0.088572 -0.411385
v 0.096524 -0.419444 -0.144459
v 0.140132 -0.377490 -0.209722
v 0.178354 -0.321029 -0.266925
v 0.209722 -0.252231 -0.313871
v 0.233031 -0.173739 -0.348755
v 0.247384 -0.088572 -0.370236
v 0.122852 -0.419444 -0.122852
v 0.178354 -0.377490 -0.178354
v 0.227001 -0.321029 -0.227001
v 0.266925 -0.252231 -0.266925
v 0.296592 -0.173739 -0.296592
v 0.314860 -0.088572 -0.314860
v 0.144459 -0.419444 -0.096524
v 0.209722 -0.377490 -0.140132
v 0.266925 -0.321029 -0.178354
v 0.313871 -0.252231 -0.209722
v 0.348755 -0.173739 -0.233031
v 0.370236 -0.088572 -0.247384
v 0.160514 -0.419444 -0.066487
v 0.233031 -0.377490 -0.096524
v 0.296592 -0.321029 -0.122852
v 0.348755 -0.252231 -0.144459
v 0.387516 -0.173739 -0.160514
v 0.411384 -0.088572 -0.170401
v 0.170401 -0.419444 -0.033895
v 0.247384 -0.377490 -0.049208
v 0.314860 -0.321029 -0.062630
v 0.370236 -0.252231 -0.073645
v 0.411384 -0.173739 -0.081829
v 0.436723 -0.088572 -0.086870
v 0.173739 -0.419444 0.000000
v 0.252230 -0.377490 0.000000
v 0.321029 -0.321029 -0.000000
v 0.377490 -0.252231 0.000000
v 0.419444 -0.173739 -0.000000
v 0.445279 -0.088572 0.000000
v 0.170401 -0.419444 0.033895
v 0.247384 -0.377490 0.049208
v 0.314860 -0.321029 0.062630
v 0.370236 -0.252231 0.073645
v 0.411384 -0.173739 0.081829
v 0.436723 -0.088572 0.086870
v 0.160514 -0.419444 0.066487
v 0.233031 -0.377490 0.096524
v 0.296592 -0.321029 0.122852
v 0.348755 -0.252231 0.144459
v 0.387516 -0.173739 0.160514
v 0.411384 -0.088572 0.170401
v 0.144459 -0.419444 0.096524
v 0.209722 -0.377490 0.140132
v 0.266925 -0.321029 0.178354
v 0.313871 -0.252231 0.209722
v 0.348755 -0.173739 0.233031
v 0.370236 -0.088572 0.247384
v 0.122852 -0.419444 0.122852
v 0.178354 -0.377490 0.178354
v 0.227001 -0.321029 0.227001
v 0.266925 -0.252231 0.266925
v 0.296592 -0.173739 0.296592
v 0.314860 -0.088572 0.314860
v 0.096524 -0.419444 0.144459
v 0.140132 -0.377490 0.209722
v 0.178354 -0.321029 0.266925
v 0.209722 -0.252231 0.313871
v 0.233031 -0.173739 0.348755
v 0.247384 -0.088572 0.370236
v 0.066487 -0.419444 0.160514
v 0.096524 -0.377490 0.233031
v 0.122852 -0.321029 0.296592
v 0.144459 -0.252231 0.348755
v 0.160514 -0.173739 0.387516
v 0.170401 -0.088572 0.411384
v 0.033895 -0.419444 0.170401
v 0.049208 -0.377490 0.247384
v 0.062630 -0.321029 0.314860
v 0.073645 -0.252231 0.370236
v 0.081829 -0.173739 0.411384
v 0.086870 -0.088572 0.436723
v -0.000000 -0.419444 0.173739
v -0.000000 -0.377490 0.252230
v -0.000000 -0.321029 0.321029
v -0.000000 -0.252231 0.377490
v 0.000000 -0.173739 0.419444
v -0.000000 -0.088572 0.445279
v -0.033895 -0.419444 0.170401
v -0.049208 -0.377490 0.247384
v -0.062630 -0.321029 0.314860
v -0.073645 -0.252231 0.370236
v -0.081829 -0.173739 0.411384
v -0.086870 -0.088572 0.436723
v -0.066487 -0.419444 0.160514
v -0.096524 -0.377490 0.233030
v -0.122852 -0.321029 0.296592
v -0.144459 -0.252231 0.348755
v -0.160514 -0.173739 0.387516
v -0.170401 -0.088572 0.411384
v -0.096524 -0.419444 0.144459
v -0.140132 -0.377490 0.209722
v -0.178354 -0.321029 0.266925
v -0.209722 -0.252231 0.313871
v -0.233031 -0.173739 0.348755
v -0.247384 -0.088572 0.370236
v -0.122852 -0.419444 0.122852
v -0.178354 -0.377490 0.178354
v -0.227001 -0.321029 0.227001
v -0.266925 -0.252231 0.266925
v -0.296592 -0.173739 0.296592
v -0.314860 -0.088572 0.314860
v -0.144459 -0.419444 0.096524
v -0.209722 -0.377490 0.140132
v -0.266925 -0.321029 0.178354
v -0.313871 -0.252231 0.209722
v -0.348755 -0.173739 0.233031
v -0.370236 -0.088572 0.247384
v -0.160514 -0.419444 0.066487
v -0.233030 -0.377490 0.096524
v -0.296592 -0.321029 0.122852
v -0.348755 -0.252231 0.144459
v -0.387516 -0.173739 0.160514
v -0.411384 -0.088572 0.170401
v -0.170401 -0.419444 0.033895
v -0.247384 -0.377490 0.049208
v -0.314860 -0.321029 0.062630
v -0.370236 -0.252231 0.073644
v -0.411384 -0.173739 0.081829
v -0.436723 -0.088572 0.086870
v -0.173739 -0.419444 -0.000000
v -0.252230 -0.377490 -0.000000
v -0.321029 -0.321029 -0.000000
v -0.377489 -0.252231 -0.000000
v -0.419444 -0.173739 -0.000000
v -0.445279 -0.088572 -0.000000
v -0.170401 -0.419444 -0.033895
v -0.247384 -0.377490 -0.049208
v -0.314860 -0.321029 -0.062630
v -0.370236 -0.252231 -0.073645
v -0.411384 -0.173739 -0.081829
v -0.436723 -0.088572 -0.086870
v -0.160514 -0.419444 -0.066487
v -0.233030 -0.377490 -0.096524
v -0.296592 -0.321029 -0.122852
v -0.348755 -0.252231 -0.144459
v -0.387516 -0.173739 -0.160514
v -0.411384 -0.088572 -0.170401
v -0.144459 -0.419444 -0.096524
v -0.209722 -0.377490 -0.140132
v -0.266925 -0.321029 -0.178354
v -0.313871 -0.252231 -0.209722
v -0.348755 -0.173739 -0.233031
v -0.370236 -0.088572 -0.247384
v -0.122852 -0.419444 -0.122852
v -0.178354 -0.377490 -0.178354
v -0.227001 -0.321029 -0.227001
v -0.266925 -0.252231 -0.266925
v -0.296592 -0.173739 -0.296592
v -0.314860 -0.088572 -0.314860
v -0.096524 -0.419444 -0.144459
v -0.140132 -0.377490 -0.209722
v -0.178354 -0.321029 -0.266925
v -0.209722 -0.252231 -0.313871
v -0.233030 -0.173739 -0.348755
v -0.247384 -0.088572 -0.370236
v -0.066487 -0.419444 -0.160514
v -0.096524 -0.377490 -0.233030
v -0.122852 -0.321029 -0.296592
v -0.144459 -0.252231 -0.348755
v -0.160514 -0.173739 -0.387516
v -0.170401 -0.088572 -0.411384
v -0.033895 -0.419444 -0.170401
v -0.049208 -0.377490 -0.247384
v -0.062630 -0.321029 -0.314860
v -0.073644 -0.252231 -0.370236
v -0.081829 -0.173739 -0.411384
v -0.086870 -0.088572 -0.436723
v 0.000000 -0.419444 -0.173739
v 0.000000 -0.321029 -0.321029
v 0.000000 -0.173739 -0.419444
v 0.012827 -0.445279 -0.064485
v 0.021539 -0.438657 -0.108282
v 0.025161 -0.445279 -0.060743
v 0.042249 -0.438657 -0.101999
v 0.036528 -0.445279 -0.054668
v 0.061337 -0.438657 -0.091797
v 0.046491 -0.445279 -0.046491
v 0.078067 -0.438657 -0.078067
v 0.054668 -0.445279 -0.036528
v 0.091797 -0.438657 -0.061337
v 0.060743 -0.445279 -0.025161
v 0.101999 -0.438657 -0.042249
v 0.064485 -0.445279 -0.012827
v 0.108282 -0.438657 -0.021539
v 0.065748 -0.445279 -0.000000
v 0.110403 -0.438657 0.000000
v 0.064485 -0.445279 0.012827
v 0.108282 -0.438657 0.021539
v 0.060743 -0.445279 0.025161
v 0.101999 -0.438657 0.042249
v 0.054668 -0.445279 0.036528
v 0.091797 -0.438657 0.061337
v 0.046491 -0.445279 0.046491
v 0.078067 -0.438657 0.078067
v 0.036528 -0.445279 0.054668
v 0.061337 -0.438657 0.091797
v 0.025161 -0.445279 0.060743
v 0.042249 -0.438657 0.101999
v 0.012827 -0.445279 0.064485
v 0.021539 -0.438657 0.108282
v 0.000000 -0.445279 0.065748
v -0.000000 -0.438657 0.110403
v -0.012827 -0.445279 0.064485
v -0.021539 -0.438657 0.108282
v -0.025161 -0.445279 0.060743
v -0.042249 -0.438657 0.101999
v -0.036528 -0.445279 0.054668
v -0.061337 -0.438657 0.091797
v -0.046491 -0.445279 0.046491
v -0.078067 -0.438657 0.078067
v -0.054668 -0.445279 0.036528
v -0.091797 -0.438657 0.061337
v -0.060743 -0.445279 0.025161
v -0.101999 -0.438657 0.042249
v -0.064485 -0.445279 0.012827
v -0.108282 -0.438657 0.021539
v -0.065748 -0.445279 0.000000
v -0.110403 -0.438657 -0.000000
v -0.064485 -0.445279 -0.012827
v -0.108282 -0.438657 -0.021539
v -0.060743 -0.445279 -0.025161
v -0.101999 -0.438657 -0.042249
v -0.054668 -0.445279 -0.036528
v -0.091797 -0.438657 -0.061337
v -0.046491 -0.445279 -0.046491
v -0.078067 -0.438657 -0.078067
v -0.036528 -0.445279 -0.054668
v -0.061337 -0.438657 -0.091797
v -0.025161 -0.445279 -0.060743
v -0.042249 -0.438657 -0.101999
v -0.012827 -0.445279 -0.064485
v -0.021539 -0.438657 -0.108282
v 0.000000 -0.445279 -0.065748
v 0.000000 -0.438657 -0.110403
v -0.417771 0.360880 0.220716
v -0.400147 0.385099 0.212282
v -0.377990 0.406948 0.212132
v -0.353469 0.424287 0.220280
v -0.328984 0.435419 0.235929
v -0.306932 0.439255 0.257547
v -0.289472 0.435419 0.283017
v -0.278313 0.424287 0.309848
v -0.274547 0.406948 0.335411
v -0.278542 0.385099 0.357205
v -0.289908 0.360880 0.373097
v -0.307533 0.336661 0.381531
v -0.329690 0.314812 0.381682
v -0.354211 0.297473 0.373534
v -0.378696 0.286341 0.357885
v -0.400747 0.282505 0.336267
v -0.418208 0.286341 0.310796
v -0.429367 0.297473 0.283966
v -0.433133 0.314812 0.258403
v -0.429138 0.336661 0.236608
v -0.395343 0.403208 0.331732
v -0.456631 0.388803 0.230007
v -0.292399 0.417372 0.391007
v -0.457145 0.300878 0.336264
v -0.287686 0.443144 0.365299
v -0.436550 0.296353 0.366309
v -0.292128 0.463597 0.335145
v -0.410538 0.300878 0.391808
v -0.305292 0.476728 0.303496
v -0.381656 0.314010 0.410267
v -0.325887 0.481253 0.273452
v -0.352732 0.334462 0.419879
v -0.470038 0.360235 0.248753
v -0.351899 0.476728 0.247952
v -0.380781 0.463597 0.229493
v -0.326595 0.360235 0.419701
v -0.305806 0.388803 0.409753
v -0.409705 0.443144 0.219882
v -0.435841 0.417372 0.220059
v -0.474751 0.334462 0.274462
v -0.470309 0.314010 0.304616
v -0.460512 0.342735 0.281376
v -0.456745 0.325396 0.306940
v -0.445586 0.314264 0.333770
v -0.428126 0.310428 0.359240
v -0.406074 0.314264 0.380858
v -0.381590 0.325396 0.396507
v -0.357068 0.342735 0.404655
v -0.334911 0.364584 0.404505
v -0.317287 0.388803 0.396071
v -0.305921 0.413022 0.380179
v -0.301925 0.434871 0.358384
v -0.305691 0.452210 0.332821
v -0.316851 0.463342 0.305991
v -0.334311 0.467178 0.280520
v -0.356363 0.463342 0.258902
v -0.380847 0.452210 0.243254
v -0.456516 0.364584 0.259582
v -0.405368 0.434871 0.235105
v -0.445150 0.388803 0.243690
v -0.427526 0.413022 0.235256
v -0.403687 0.386950 0.205814
v -0.405243 0.386174 0.194435
v -0.406113 0.387754 0.198880
v -0.426025 0.357615 0.204380
v -0.422658 0.360880 0.214892
v -0.426365 0.359924 0.208571
v -0.379836 0.410469 0.205652
v -0.379116 0.411937 0.194257
v -0.380653 0.412859 0.198707
v -0.353440 0.429134 0.214423
v -0.350201 0.432383 0.203865
v -0.352476 0.432783 0.208070
v -0.327084 0.441117 0.231268
v -0.321330 0.445510 0.222318
v -0.324341 0.445575 0.226052
v -0.303347 0.445246 0.254538
v -0.295327 0.450033 0.247809
v -0.299002 0.449983 0.250892
v -0.284552 0.441117 0.281956
v -0.274739 0.445510 0.277843
v -0.278939 0.445575 0.280160
v -0.272540 0.429134 0.310837
v -0.261580 0.432383 0.309480
v -0.266116 0.432783 0.310990
v -0.268486 0.410469 0.338354
v -0.257139 0.411937 0.339624
v -0.261788 0.412859 0.340365
v -0.272787 0.386950 0.361815
v -0.261850 0.386174 0.365323
v -0.266379 0.387754 0.365408
v -0.285022 0.360880 0.378921
v -0.275253 0.357615 0.384063
v -0.279440 0.359924 0.383669
v -0.303993 0.334809 0.388000
v -0.296035 0.329057 0.394008
v -0.299692 0.332094 0.393360
v -0.327844 0.311291 0.388162
v -0.322162 0.303294 0.394185
v -0.325152 0.306988 0.393533
v -0.354239 0.292626 0.379391
v -0.351077 0.282848 0.384577
v -0.353329 0.287064 0.384170
v -0.380596 0.280643 0.362546
v -0.379948 0.269721 0.366124
v -0.381464 0.274272 0.366189
v -0.404333 0.276514 0.339276
v -0.405951 0.265198 0.340633
v -0.406803 0.269864 0.341348
v -0.423128 0.280643 0.311858
v -0.426539 0.269721 0.310599
v -0.426866 0.274272 0.312080
v -0.435140 0.292626 0.282977
v -0.439698 0.282848 0.278962
v -0.439689 0.287064 0.281250
v -0.439194 0.311291 0.255460
v -0.444139 0.303294 0.248818
v -0.444017 0.306988 0.251876
v -0.434893 0.334809 0.231999
v -0.439428 0.329057 0.223119
v -0.439425 0.332094 0.226832
v -0.357294 0.287517 0.146708
v -0.336512 0.316076 0.136763
v -0.310385 0.341839 0.136585
v -0.370697 0.258959 0.165447
v -0.281471 0.362285 0.146193
v -0.252599 0.375412 0.164646
v -0.226597 0.379935 0.190137
v -0.206008 0.375412 0.220171
v -0.192849 0.362285 0.251808
v -0.188408 0.341839 0.281952
v -0.193120 0.316076 0.307651
v -0.206523 0.287517 0.326391
v -0.227304 0.258959 0.336336
v -0.253431 0.233196 0.336513
v -0.282346 0.212750 0.326905
v -0.311218 0.199623 0.308452
v -0.337220 0.195100 0.282961
v -0.357809 0.199623 0.252927
v -0.370968 0.212750 0.221290
v -0.375409 0.233196 0.191146
v -0.343708 0.262524 0.113132
v -0.319916 0.295219 0.101746
v -0.290005 0.324714 0.101544
v -0.256902 0.348121 0.112543
v -0.223848 0.363150 0.133669
v -0.194079 0.368328 0.162852
v -0.170509 0.363150 0.197236
v -0.155444 0.348121 0.233456
v -0.150360 0.324714 0.267966
v -0.155754 0.295219 0.297388
v -0.171098 0.262524 0.318841
v -0.194890 0.229829 0.330227
v -0.224801 0.200334 0.330430
v -0.257904 0.176927 0.319430
v -0.290957 0.161899 0.298305
v -0.320726 0.156720 0.269121
v -0.344297 0.161899 0.234737
v -0.359362 0.176927 0.198517
v -0.364446 0.200334 0.164007
v -0.359052 0.229829 0.134586
v -0.342006 0.318949 0.126724
v -0.342796 0.318555 0.120945
v -0.343238 0.319357 0.123203
v -0.312885 0.348049 0.120742
v -0.313250 0.347304 0.126529
v -0.313665 0.348518 0.123002
v -0.281427 0.369806 0.137104
v -0.279782 0.371457 0.131742
v -0.280937 0.371660 0.133877
v -0.246728 0.386485 0.152867
v -0.249651 0.384254 0.157412
v -0.248258 0.386518 0.154763
v -0.216959 0.391663 0.182050
v -0.221032 0.389232 0.185468
v -0.218825 0.391638 0.183616
v -0.193389 0.386485 0.216435
v -0.198372 0.384254 0.218523
v -0.195522 0.386518 0.217612
v -0.178324 0.371457 0.252655
v -0.183890 0.369806 0.253344
v -0.180628 0.371660 0.253421
v -0.173240 0.348049 0.287164
v -0.179002 0.347304 0.286520
v -0.175601 0.348518 0.287541
v -0.178634 0.318555 0.316586
v -0.184188 0.318949 0.314804
v -0.180934 0.319357 0.316629
v -0.193978 0.285859 0.338040
v -0.198939 0.287517 0.335429
v -0.196104 0.287032 0.337840
v -0.217770 0.253164 0.349425
v -0.221811 0.256086 0.346374
v -0.219627 0.254707 0.349097
v -0.247681 0.223669 0.349628
v -0.250567 0.227731 0.346569
v -0.249200 0.225546 0.349297
v -0.280784 0.200262 0.338629
v -0.282390 0.205228 0.335995
v -0.281928 0.202403 0.338422
v -0.313837 0.185234 0.317503
v -0.314166 0.190781 0.315686
v -0.314607 0.187545 0.317536
v -0.343607 0.180055 0.288320
v -0.342785 0.185802 0.287631
v -0.344039 0.182425 0.288683
v -0.367177 0.185234 0.253936
v -0.365444 0.190781 0.254575
v -0.367343 0.187545 0.254688
v -0.382242 0.200262 0.217716
v -0.379927 0.205228 0.219755
v -0.382237 0.202403 0.218878
v -0.387326 0.223669 0.183206
v -0.384815 0.227731 0.186579
v -0.387264 0.225546 0.184759
v -0.364878 0.287517 0.137670
v -0.366588 0.285859 0.132331
v -0.366761 0.287032 0.134459
v -0.379629 0.256086 0.158294
v -0.381932 0.253164 0.153784
v -0.381931 0.254707 0.155670
v -0.480123 0.370520 0.257215
v -0.477309 0.376844 0.266093
v -0.480972 0.374079 0.261220
v -0.484836 0.344748 0.282923
v -0.481658 0.353061 0.289818
v -0.485578 0.348889 0.286347
v -0.480393 0.324295 0.313078
v -0.477558 0.334186 0.317645
v -0.481236 0.328898 0.315819
v -0.467230 0.311163 0.344726
v -0.465411 0.322068 0.346851
v -0.468370 0.316064 0.346753
v -0.446634 0.306639 0.374771
v -0.446404 0.317892 0.374578
v -0.448240 0.311641 0.376118
v -0.420623 0.311163 0.400270
v -0.422400 0.322068 0.398110
v -0.422816 0.316064 0.401042
v -0.391741 0.324295 0.418729
v -0.395747 0.334186 0.415145
v -0.394587 0.328898 0.419084
v -0.362816 0.344748 0.428341
v -0.369054 0.353061 0.424014
v -0.366316 0.348889 0.428478
v -0.336680 0.370520 0.428163
v -0.344934 0.376844 0.423851
v -0.340771 0.374079 0.428304
v -0.315891 0.399088 0.418215
v -0.325749 0.403208 0.414670
v -0.320452 0.402002 0.418581
v -0.302484 0.427657 0.399469
v -0.313376 0.429573 0.397371
v -0.307347 0.429925 0.400259
v -0.297770 0.453429 0.373761
v -0.309027 0.453356 0.373646
v -0.302741 0.455114 0.375131
v -0.302213 0.473882 0.343607
v -0.313127 0.472231 0.345819
v -0.307083 0.475105 0.345659
v -0.315376 0.487013 0.311958
v -0.325274 0.484349 0.316612
v -0.319949 0.487940 0.314725
v -0.335972 0.491538 0.281914
v -0.344281 0.488525 0.288886
v -0.340079 0.492362 0.285360
v -0.361984 0.487013 0.256414
v -0.368286 0.484349 0.265354
v -0.365503 0.487940 0.260436
v -0.390865 0.473882 0.237955
v -0.394939 0.472231 0.248319
v -0.393732 0.475105 0.242395
v -0.419790 0.453429 0.228344
v -0.421631 0.453356 0.239449
v -0.422003 0.455114 0.233000
v -0.464936 0.403208 0.248794
v -0.466715 0.399088 0.238469
v -0.467867 0.402002 0.242897
v -0.445926 0.427657 0.228521
v -0.445751 0.429573 0.239613
v -0.447548 0.429925 0.233174
v 0.417771 0.360880 0.220716
v 0.400147 0.385099 0.212282
v 0.377990 0.406948 0.212132
v 0.353469 0.424287 0.220280
v 0.328984 0.435419 0.235929
v 0.306932 0.439255 0.257547
v 0.289472 0.435419 0.283017
v 0.278313 0.424287 0.309848
v 0.274547 0.406948 0.335411
v 0.278542 0.385099 0.357205
v 0.289908 0.360880 0.373097
v 0.307533 0.336661 0.381531
v 0.329690 0.314812 0.381682
v 0.354211 0.297473 0.373534
v 0.378696 0.286341 0.357885
v 0.400747 0.282505 0.336267
v 0.418208 0.286341 0.310796
v 0.429367 0.297473 0.283966
v 0.433133 0.314812 0.258403
v 0.429138 0.336661 0.236608
v 0.395343 0.403208 0.331732
v 0.456631 0.388803 0.230007
v 0.292399 0.417372 0.391007
v 0.457145 0.300878 0.336264
v 0.287686 0.443144 0.365299
v 0.436550 0.296353 0.366309
v 0.292128 0.463597 0.335145
v 0.410538 0.300878 0.391808
v 0.305292 0.476728 0.303496
v 0.381656 0.314010 0.410267
v 0.325887 0.481253 0.273452
v 0.352732 0.334462 0.419879
v 0.470038 0.360235 0.248753
v 0.351899 0.476728 0.247952
v 0.380781 0.463597 0.229493
v 0.326595 0.360235 0.419701
v 0.305806 0.388803 0.409753
v 0.409705 0.443144 0.219882
v 0.435841 0.417372 0.220059
v 0.474751 0.334462 0.274462
v 0.470309 0.314010 0.304616
v 0.460512 0.342735 0.281376
v 0.456745 0.325396 0.306940
v 0.445586 0.314264 0.333770
v 0.428126 0.310428 0.359240
v 0.406074 0.314264 0.380858
v 0.381590 0.325396 0.396507
v 0.357068 0.342735 0.404655
v 0.334911 0.364584 0.404505
v 0.317287 0.388803 0.396071
v 0.305921 0.413022 0.380179
v 0.301925 0.434871 0.358384
v 0.305691 0.452210 0.332821
v 0.316851 0.463342 0.305991
v 0.334311 0.467178 0.280520
v 0.356363 0.463342 0.258902
v 0.380847 0.452210 0.243254
v 0.456516 0.364584 0.259582
v 0.405368 0.434871 0.235105
v 0.445150 0.388803 0.243690
v 0.427526 0.413022 0.235256
v 0.403687 0.386950 0.205814
v 0.405243 0.386174 0.194435
v 0.406113 0.387754 0.198880
v 0.426025 0.357615 0.204380
v 0.422658 0.360880 0.214892
v 0.426365 0.359924 0.208571
v 0.379836 0.410469 0.205652
v 0.379116 0.411937 0.194257
v 0.380653 0.412859 0.198707
v 0.353440 0.429134 0.214423
v 0.350201 0.432383 0.203865
v 0.352476 0.432783 0.208070
v 0.327084 0.441117 0.231268
v 0.321330 0.445510 0.222318
v 0.324341 0.445575 0.226052
v 0.303347 0.445246 0.254538
v 0.295327 0.450033 0.247809
v 0.299002 0.449983 0.250892
v 0.284552 0.441117 0.281956
v 0.274739 0.445510 0.277843
v 0.278939 0.445575 0.280160
v 0.272540 0.429134 0.310837
v 0.261580 0.432383 0.309480
v 0.266116 0.432783 0.310990
v 0.268486 0.410469 0.338354
v 0.257139 0.411937 0.339624
v 0.261788 0.412859 0.340365
v 0.272787 0.386950 0.361815
v 0.261850 0.386174 0.365323
v 0.266379 0.387754 0.365408
v 0.285022 0.360880 0.378921
v 0.275253 0.357615 0.384063
v 0.279440 0.359924 0.383669
v 0.303993 0.334809 0.388000
v 0.296035 0.329057 0.394008
v 0.299692 0.332094 0.393360
v 0.327844 0.311291 0.388162
v 0.322162 0.303294 0.394185
v 0.325152 0.306988 0.393533
v 0.354239 0.292626 0.379391
v 0.351077 0.282848 0.384577
v 0.353329 0.287064 0.384170
v 0.380596 0.280643 0.362546
v 0.379948 0.269721 0.366124
v 0.381464 0.274272 0.366189
v 0.404333 0.276514 0.339276
v 0.405951 0.265198 0.340633
v 0.406803 0.269864 0.341348
v 0.423128 0.280643 0.311858
v 0.426539 0.269721 0.310599
v 0.426866 0.274272 0.312080
v 0.435140 0.292626 0.282977
v 0.439698 0.282848 0.278962
v 0.439689 0.287064 0.281250
v 0.439194 0.311291 0.255460
v 0.444139 0.303294 0.248818
v 0.444017 0.306988 0.251876
v 0.434893 0.334809 0.231999
v 0.439428 0.329057 0.223119
v 0.439425 0.332094 0.226832
v 0.357294 0.287517 0.146708
v 0.336512 0.316076 0.136763
v 0.310385 0.341839 0.136585
v 0.370697 0.258959 0.165447
v 0.281471 0.362285 0.146193
v 0.252599 0.375412 0.164646
v 0.226597 0.379935 0.190137
v 0.206008 0.375412 0.220171
v 0.192849 0.362285 0.251808
v 0.188408 0.341839 0.281952
v 0.193120 0.316076 0.307651
v 0.206523 0.287517 0.326391
v 0.227304 0.258959 0.336336
v 0.253431 0.233196 0.336513
v 0.282346 0.212750 0.326905
v 0.311218 0.199623 0.308452
v 0.337220 0.195100 0.282961
v 0.357809 0.199623 0.252927
v 0.370968 0.212750 0.221290
v 0.375409 0.233196 0.191146
v 0.343708 0.262524 0.113132
v 0.319916 0.295219 0.101746
v 0.290005 0.324714 0.101544
v 0.256902 0.348121 0.112543
v 0.223848 0.363150 0.133669
v 0.194079 0.368328 0.162852
v 0.170509 0.363150 0.197236
v 0.155444 0.348121 0.233456
v 0.150360 0.324714 0.267966
v 0.155754 0.295219 0.297388
v 0.171098 0.262524 0.318841
v 0.194890 0.229829 0.330227
v 0.224801 0.200334 0.330430
v 0.257904 0.176927 0.319430
v 0.290957 0.161899 0.298305
v 0.320726 0.156720 0.269121
v 0.344297 0.161899 0.234737
v 0.359362 0.176927 0.198517
v 0.364446 0.200334 0.164007
v 0.359052 0.229829 0.134586
v 0.342006 0.318949 0.126724
v 0.342796 0.318555 0.120945
v 0.343238 0.319357 0.123203
v 0.312885 0.348049 0.120742
v 0.313250 0.347304 0.126529
v 0.313665 0.348518 0.123002
v 0.281427 0.369806 0.137104
v 0.279782 0.371457 0.131742
v 0.280937 0.371660 0.133877
v 0.246728 0.386485 0.152867
v 0.249651 0.384254 0.157412
v 0.248258 0.386518 0.154763
v 0.216959 0.391663 0.182050
v 0.221032 0.389232 0.185468
v 0.218825 0.391638 0.183616
v 0.193389 0.386485 0.216435
v 0.198372 0.384254 0.218523
v 0.195522 0.386518 0.217612
v 0.178324 0.371457 0.252655
v 0.183890 0.369806 0.253344
v 0.180628 0.371660 0.253421
v 0.173240 0.348049 0.287164
v 0.179002 0.347304 0.286520
v 0.175601 0.348518 0.287541
v 0.178634 0.318555 0.316586
v 0.184188 0.318949 0.314804
v 0.180934 0.319357 0.316629
v 0.193978 0.285859 0.338040
v 0.198939 0.287517 0.335429
v 0.196104 0.287032 0.337840
v 0.217770 0.253164 0.349425
v 0.221811 0.256086 0.346374
v 0.219627 0.254707 0.349097
v 0.247681 0.223669 0.349628
v 0.250567 0.227731 0.346569
v 0.249200 0.225546 0.349297
v 0.280784 0.200262 0.338629
v 0.282390 0.205228 0.335995
v 0.281928 0.202403 0.338422
v 0.313837 0.185234 0.317503
v 0.314166 0.190781 0.315686
v 0.314607 0.187545 0.317536
v 0.343607 0.180055 0.288320
v 0.342785 0.185802 0.287631
v 0.344039 0.182425 0.288683
v 0.367177 0.185234 0.253936
v 0.365444 0.190781 0.254575
v 0.367343 0.187545 0.254688
v 0.382242 0.200262 0.217716
v 0.379927 0.205228 0.219755
v 0.382237 0.202403 0.218878
v 0.387326 0.223669 0.183206
v 0.384815 0.227731 0.186579
v 0.387264 0.225546 0.184759
v 0.364878 0.287517 0.137670
v 0.366588 0.285859 0.132331
v 0.366761 0.287032 0.134459
v 0.379629 0.256086 0.158294
v 0.381932 0.253164 0.153784
v 0.381931 0.254707 0.155670
v 0.480123 0.370520 0.257215
v 0.477309 0.376844 0.266093
v 0.480972 0.374079 0.261220
v 0.484836 0.344748 0.282923
v 0.481658 0.353061 0.289818
v 0.485578 0.348889 0.286347
v 0.480393 0.324295 0.313078
v 0.477558 0.334186 0.317645
v 0.481236 0.328898 0.315819
v 0.467230 0.311163 0.344726
v 0.465411 0.322068 0.346851
v 0.468370 0.316064 0.346753
v 0.446634 0.306639 0.374771
v 0.446404 0.317892 0.374578
v 0.448240 0.311641 0.376118
v 0.420623 0.311163 0.400270
v 0.422400 0.322068 0.398110
v 0.422816 0.316064 0.401042
v 0.391741 0.324295 0.418729
v 0.395747 0.334186 0.415145
v 0.394587 0.328898 0.419084
v 0.362816 0.344748 0.428341
v 0.369054 0.353061 0.424014
v 0.366316 0.348889 0.428478
v 0.336680 0.370520 0.428163
v 0.344934 0.376844 0.423851
v 0.340771 0.374079 0.428304
v 0.315891 0.399088 0.418215
v 0.325749 0.403208 0.414670
v 0.320452 0.402002 0.418581
v 0.302484 0.427657 0.399469
v 0.313376 0.429573 0.397371
v 0.307347 0.429925 0.400259
v 0.297770 0.453429 0.373761
v 0.309027 0.453356 0.373646
v 0.302741 0.455114 0.375131
v 0.302213 0.473882 0.343607
v 0.313127 0.472231 0.345819
v 0.307083 0.475105 0.345659
v 0.315376 0.487013 0.311958
v 0.325274 0.484349 0.316612
v 0.319949 0.487940 0.314725
v 0.335972 0.491538 0.281914
v 0.344281 0.488525 0.288886
v 0.340079 0.492362 0.285360
v 0.361984 0.487013 0.256414
v 0.368286 0.484349 0.265354
v 0.365503 0.487940 0.260436
v 0.390865 0.473882 0.237955
v 0.394939 0.472231 0.248319
v 0.393732 0.475105 0.242395
v 0.419790 0.453429 0.228344
v 0.421631 0.453356 0.239449
v 0.422003 0.455114 0.233000
v 0.464936 0.403208 0.248794
v 0.466715 0.399088 0.238469
v 0.467867 0.402002 0.242897
v 0.445926 0.427657 0.228521
v 0.445751 0.429573 0.239613
v 0.447548 0.429925 0.233174
v -0.417771 0.360880 -0.220716
v -0.400147 0.385099 -0.212282
v -0.377990 0.406948 -0.212132
v -0.353469 0.424287 -0.220280
v -0.328984 0.435419 -0.235929
v -0.306932 0.439255 -0.257547
v -0.289472 0.435419 -0.283017
v -0.278313 0.424287 -0.309848
v -0.274547 0.406948 -0.335411
v -0.278542 0.385099 -0.357205
v -0.289908 0.360880 -0.373097
v -0.307533 0.336661 -0.381531
v -0.329690 0.314812 -0.381682
v -0.354211 0.297473 -0.373534
v -0.378696 0.286341 -0.357885
v -0.400747 0.282505 -0.336267
v -0.418208 0.286341 -0.310796
v -0.429367 0.297473 -0.283966
v -0.433133 0.314812 -0.258403
v -0.429138 0.336661 -0.236608
v -0.395343 0.403208 -0.331732
v -0.456631 0.388803 -0.230007
v -0.292399 0.417372 -0.391007
v -0.457145 0.300878 -0.336264
v -0.287686 0.443144 -0.365299
v -0.436550 0.296353 -0.366309
v -0.292128 0.463597 -0.335145
v -0.410538 0.300878 -0.391808
v -0.305292 0.476728 -0.303496
v -0.381656 0.314010 -0.410267
v -0.325887 0.481253 -0.273452
v -0.352732 0.334462 -0.419879
v -0.470038 0.360235 -0.248753
v -0.351899 0.476728 -0.247952
v -0.380781 0.463597 -0.229493
v -0.326595 0.360235 -0.419701
v -0.305806 0.388803 -0.409753
v -0.409705 0.443144 -0.219882
v -0.435841 0.417372 -0.220059
v -0.474751 0.334462 -0.274462
v -0.470309 0.314010 -0.304616
v -0.460512 0.342735 -0.281376
v -0.456745 0.325396 -0.306940
v -0.445586 0.314264 -0.333770
v -0.428126 0.310428 -0.359240
v -0.406074 0.314264 -0.380858
v -0.381590 0.325396 -0.396507
v -0.357068 0.342735 -0.404655
v -0.334911 0.364584 -0.404505
v -0.317287 0.388803 -0.396071
v -0.305921 0.413022 -0.380179
v -0.301925 0.434871 -0.358384
v -0.305691 0.452210 -0.332821
v -0.316851 0.463342 -0.305991
v -0.334311 0.467178 -0.280520
v -0.356363 0.463342 -0.258902
v -0.380847 0.452210 -0.243254
v -0.456516 0.364584 -0.259582
v -0.405368 0.434871 -0.235105
v -0.445150 0.388803 -0.243690
v -0.427526 0.413022 -0.235256
v -0.403687 0.386950 -0.205814
v -0.405243 0.386174 -0.194435
v -0.406113 0.387754 -0.198880
v -0.426025 0.357615 -0.204380
v -0.422658 0.360880 -0.214892
v -0.426365 0.359924 -0.208571
v -0.379836 0.410469 -0.205652
v -0.379116 0.411937 -0.194257
v -0.380653 0.412859 -0.198707
v -0.353440 0.429134 -0.214423
v -0.350201 0.432383 -0.203865
v -0.352476 0.432783 -0.208070
v -0.327084 0.441117 -0.231268
v -0.321330 0.445510 -0.222318
v -0.324341 0.445575 -0.226052
v -0.303347 0.445246 -0.254538
v -0.295327 0.450033 -0.247809
v -0.299002 0.449983 -0.250892
v -0.284552 0.441117 -0.281956
v -0.274739 0.445510 -0.277843
v -0.278939 0.445575 -0.280160
v -0.272540 0.429134 -0.310837
v -0.261580 0.432383 -0.309480
v -0.266116 0.432783 -0.310990
v -0.268486 0.410469 -0.338354
v -0.257139 0.411937 -0.339624
v -0.261788 0.412859 -0.340365
v -0.272787 0.386950 -0.361815
v -0.261850 0.386174 -0.365323
v -0.266379 0.387754 -0.365408
v -0.285022 0.360880 -0.378921
v -0.275253 0.357615 -0.384063
v -0.279440 0.359924 -0.383669
v -0.303993 0.334809 -0.388000
v -0.296035 0.329057 -0.394008
v -0.299692 0.332094 -0.393360
v -0.327844 0.311291 -0.388162
v -0.322162 0.303294 -0.394185
v -0.325152 0.306988 -0.393533
v -0.354239 0.292626 -0.379391
v -0.351077 0.282848 -0.384577
v -0.353329 0.287064 -0.384170
v -0.380596 0.280643 -0.362546
v -0.379948 0.269721 -0.366124
v -0.381464 0.274272 -0.366189
v -0.404333 0.276514 -0.339276
v -0.405951 0.265198 -0.340633
v -0.406803 0.269864 -0.341348
v -0.423128 0.280643 -0.311858
v -0.426539 0.269721 -0.310599
v -0.426866 0.274272 -0.312080
v -0.435140 0.292626 -0.282977
v -0.439698 0.282848 -0.278962
v -0.439689 0.287064 -0.281250
v -0.439194 0.311291 -0.255460
v -0.444139 0.303294 -0.248818
v -0.444017 0.306988 -0.251876
v -0.434893 0.334809 -0.231999
v -0.439428 0.329057 -0.223119
v -0.439425 0.332094 -0.226832
v -0.357294 0.287517 -0.146708
v -0.336512 0.316076 -0.136763
v -0.310385 0.341839 -0.136585
v -0.370697 0.258959 -0.165447
v -0.281471 0.362285 -0.146193
v -0.252599 0.375412 -0.164646
v -0.226597 0.379935 -0.190137
v -0.206008 0.375412 -0.220171
v -0.192849 0.362285 -0.251808
v -0.188408 0.341839 -0.281952
v -0.193120 0.316076 -0.307651
v -0.206523 0.287517 -0.326391
v -0.227304 0.258959 -0.336336
v -0.253431 0.233196 -0.336513
v -0.282346 0.212750 -0.326905
v -0.311218 0.199623 -0.308452
v -0.337220 0.195100 -0.282961
v -0.357809 0.199623 -0.252927
v -0.370968 0.212750 -0.221290
v -0.375409 0.233196 -0.191146
v -0.343708 0.262524 -0.113132
v -0.319916 0.295219 -0.101746
v -0.290005 0.324714 -0.101544
v -0.256902 0.348121 -0.112543
v -0.223848 0.363150 -0.133669
v -0.194079 0.368328 -0.162852
v -0.170509 0.363150 -0.197236
v -0.155444 0.348121 -0.233456
v -0.150360 0.324714 -0.267966
v -0.155754 0.295219 -0.297388
v -0.171098 0.262524 -0.318841
v -0.194890 0.229829 -0.330227
v -0.224801 0.200334 -0.330430
v -0.257904 0.176927 -0.319430
v -0.290957 0.161899 -0.298305
v -0.320726 0.156720 -0.269121
v -0.344297 0.161899 -0.234737
v -0.359362 0.176927 -0.198517
v -0.364446 0.200334 -0.164007
v -0.359052 0.229829 -0.134586
v -0.342006 0.318949 -0.126724
v -0.342796 0.318555 -0.120945
v -0.343238 0.319357 -0.123203
v -0.312885 0.348049 -0.120742
v -0.313250 0.347304 -0.126529
v -0.313665 0.348518 -0.123002
v -0.281427 0.369806 -0.137104
v -0.279782 0.371457 -0.131742
v -0.280937 0.371660 -0.133877
v -0.246728 0.386485 -0.152867
v -0.249651 0.384254 -0.157412
v -0.248258 0.386518 -0.154763
v -0.216959 0.391663 -0.182050
v -0.221032 0.389232 -0.185468
v -0.218825 0.391638 -0.183616
v -0.193389 0.386485 -0.216435
v -0.198372 0.384254 -0.218523
v -0.195522 0.386518 -0.217612
v -0.178324 0.371457 -0.252655
v -0.183890 0.369806 -0.253344
v -0.180628 0.371660 -0.253421
v -0.173240 0.348049 -0.287164
v -0.179002 0.347304 -0.286520
v -0.175601 0.348518 -0.287541
v -0.178634 0.318555 -0.316586
v -0.184188 0.318949 -0.314804
v -0.180934 0.319357 -0.316629
v -0.193978 0.285859 -0.338040
v -0.198939 0.287517 -0.335429
v -0.196104 0.287032 -0.337840
v -0.217770 0.253164 -0.349425
v -0.221811 0.256086 -0.346374
v -0.219627 0.254707 -0.349097
v -0.247681 0.223669 -0.349628
v -0.250567 0.227731 -0.346569
v -0.249200 0.225546 -0.349297
v -0.280784 0.200262 -0.338629
v -0.282390 0.205228 -0.335995
v -0.281928 0.202403 -0.338422
v -0.313837 0.185234 -0.317503
v -0.314166 0.190781 -0.315686
v -0.314607 0.187545 -0.317536
v -0.343607 0.180055 -0.288320
v -0.342785 0.185802 -0.287631
v -0.344039 0.182425 -0.288683
v -0.367177 0.185234 -0.253936
v -0.365444 0.190781 -0.254575
v -0.367343 0.187545 -0.254688
v -0.382242 0.200262 -0.217716
v -0.379927 0.205228 -0.219755
v -0.382237 0.202403 -0.218878
v -0.387326 0.223669 -0.183206
v -0.384815 0.227731 -0.186579
v -0.387264 0.225546 -0.184759
v -0.364878 0.287517 -0.137670
v -0.366588 0.285859 -0.132331
v -0.366761 0.287032 -0.134459
v -0.379629 0.256086 -0.158294
v -0.381932 0.253164 -0.153784
v -0.381931 0.254707 -0.155670
v -0.480123 0.370520 -0.257215
v -0.477309 0.376844 -0.266093
v -0.480972 0.374079 -0.261220
v -0.484836 0.344748 -0.282923
v -0.481658 0.353061 -0.289818
v -0.485578 0.348889 -0.286347
v -0.480393 0.324295 -0.313078
v -0.477558 0.334186 -0.317645
v -0.481236 0.328898 -0.315819
v -0.467230 0.311163 -0.344726
v -0.465411 0.322068 -0.346851
v -0.468370 0.316064 -0.346753
v -0.446634 0.306639 -0.374771
v -0.446404 0.317892 -0.374578
v -0.448240 0.311641 -0.376118
v -0.420623 0.311163 -0.400270
v -0.422400 0.322068 -0.398110
v -0.422816 0.316064 -0.401042
v -0.391741 0.324295 -0.418729
v -0.395747 0.334186 -0.415145
v -0.394587 0.328898 -0.419084
v -0.362816 0.344748 -0.428341
v -0.369054 0.353061 -0.424014
v -0.366316 0.348889 -0.428478
v -0.336680 0.370520 -0.428163
v -0.344934 0.376844 -0.423851
v -0.340771 0.374079 -0.428304
v -0.315891 0.399088 -0.418215
v -0.325749 0.403208 -0.414670
v -0.320452 0.402002 -0.418581
v -0.302484 0.427657 -0.399469
v -0.313376 0.429573 -0.397371
v -0.307347 0.429925 -0.400259
v -0.297770 0.453429 -0.373761
v -0.309027 0.453356 -0.373646
v -0.302741 0.455114 -0.375131
v -0.302213 0.473882 -0.343607
v -0.313127 0.472231 -0.345819
v -0.307083 0.475105 -0.345659
v -0.315376 0.487013 -0.311958
v -0.325274 0.484349 -0.316612
v -0.319949 0.487940 -0.314725
v -0.335972 0.491538 -0.281914
v -0.344281 0.488525 -0.288886
v -0.340079 0.492362 -0.285360
v -0.361984 0.487013 -0.256414
v -0.368286 0.484349 -0.265354
v -0.365503 0.487940 -0.260436
v -0.390865 0.473882 -0.237955
v -0.394939 0.472231 -0.248319
v -0.393732 0.475105 -0.242395
v -0.419790 0.453429 -0.228344
v -0.421631 0.453356 -0.239449
v -0.422003 0.455114 -0.233000
v -0.464936 0.403208 -0.248794
v -0.466715 0.399088 -0.238469
v -0.467867 0.402002 -0.242897
v -0.445926 0.427657 -0.228521
v -0.445751 0.429573 -0.239613
v -0.447548 0.429925 -0.233174
v 0.417771 0.360880 -0.220716
v 0.400147 0.385099 -0.212282
v 0.377990 0.406948 -0.212132
v 0.353469 0.424287 -0.220280
v 0.328984 0.435419 -0.235929
v 0.306932 0.439255 -0.257547
v 0.289472 0.435419 -0.283017
v 0.278313 0.424287 -0.309848
v 0.274547 0.406948 -0.335411
v 0.278542 0.385099 -0.357205
v 0.289908 0.360880 -0.373097
v 0.307533 0.336661 -0.381531
v 0.329690 0.314812 -0.381682
v 0.354211 0.297473 -0.373534
v 0.378696 0.286341 -0.357885
v 0.400747 0.282505 -0.336267
v 0.418208 0.286341 -0.310796
v 0.429367 0.297473 -0.283966
v 0.433133 0.314812 -0.258403
v 0.429138 0.336661 -0.236608
v 0.395343 0.403208 -0.331732
v 0.456631 0.388803 -0.230007
v 0.292399 0.417372 -0.391007
v 0.457145 0.300878 -0.336264
v 0.287686 0.443144 -0.365299
v 0.436550 0.296353 -0.366309
v 0.292128 0.463597 -0.335145
v 0.410538 0.300878 -0.391808
v 0.305292 0.476728 -0.303496
v 0.381656 0.314010 -0.410267
v 0.325887 0.481253 -0.273452
v 0.352732 0.334462 -0.419879
v 0.470038 0.360235 -0.248753
v 0.351899 0.476728 -0.247952
v 0.380781 0.463597 -0.229493
v 0.326595 0.360235 -0.419701
v 0.305806 0.388803 -0.409753
v 0.409705 0.443144 -0.219882
v 0.435841 0.417372 -0.220059
v 0.474751 0.334462 -0.274462
v 0.470309 0.314010 -0.304616
v 0.460512 0.342735 -0.281376
v 0.456745 0.325396 -0.306940
v 0.445586 0.314264 -0.333770
v 0.428126 0.310428 -0.359240
v 0.406074 0.314264 -0.380858
v 0.381590 0.325396 -0.396507
v 0.357068 0.342735 -0.404655
v 0.334911 0.364584 -0.404505
v 0.317287 0.388803 -0.396071
v 0.305921 0.413022 -0.380179
v 0.301925 0.434871 -0.358384
v 0.305691 0.452210 -0.332821
v 0.316851 0.463342 -0.305991
v 0.334311 0.467178 -0.280520
v 0.356363 0.463342 -0.258902
v 0.380847 0.452210 -0.243254
v 0.456516 0.364584 -0.259582
v 0.405368 0.434871 -0.235105
v 0.445150 0.388803 -0.243690
v 0.427526 0.413022 -0.235256
v 0.403687 0.386950 -0.205814
v 0.405243 0.386174 -0.194435
v 0.406113 0.387754 -0.198880
v 0.426025 0.357615 -0.204380
v 0.422658 0.360880 -0.214892
v 0.426365 0.359924 -0.208571
v 0.379836 0.410469 -0.205652
v 0.379116 0.411937 -0.194257
v 0.380653 0.412859 -0.198707
v 0.353440 0.429134 -0.214423
v 0.350201 0.432383 -0.203865
v 0.352476 0.432783 -0.208070
v 0.327084 0.441117 -0.231268
v 0.321330 0.445510 -0.222318
v 0.324341 0.445575 -0.226052
v 0.303347 0.445246 -0.254538
v 0.295327 0.450033 -0.247809
v 0.299002 0.449983 -0.250892
v 0.284552 0.441117 -0.281956
v 0.274739 0.445510 -0.277843
v 0.278939 0.445575 -0.280160
v 0.272540 0.429134 -0.310837
v 0.261580 0.432383 -0.309480
v 0.266116 0.432783 -0.310990
v 0.268486 0.410469 -0.338354
v 0.257139 0.411937 -0.339624
v 0.261788 0.412859 -0.340365
v 0.272787 0.386950 -0.361815
v 0.261850 0.386174 -0.365323
v 0.266379 0.387754 -0.365408
v 0.285022 0.360880 -0.378921
v 0.275253 0.357615 -0.384063
v 0.279440 0.359924 -0.383669
v 0.303993 0.334809 -0.388000
v 0.296035 0.329057 -0.394008
v 0.299692 0.332094 -0.393360
v 0.327844 0.311291 -0.388162
v 0.322162 0.303294 -0.394185
v 0.325152 0.306988 -0.393533
v 0.354239 0.292626 -0.379391
v 0.351077 0.282848 -0.384577
v 0.353329 0.287064 -0.384170
v 0.380596 0.280643 -0.362546
v 0.379948 0.269721 -0.366124
v 0.381464 0.274272 -0.366189
v 0.404333 0.276514 -0.339276
v 0.405951 0.265198 -0.340633
v 0.406803 0.269864 -0.341348
v 0.423128 0.280643 -0.311858
v 0.426539 0.269721 -0.310599
v 0.426866 0.274272 -0.312080
v 0.435140 0.292626 -0.282977
v 0.439698 0.282848 -0.278962
v 0.439689 0.287064 -0.281250
v 0.439194 0.311291 -0.255460
v 0.444139 0.303294 -0.248818
v 0.444017 0.306988 -0.251876
v 0.434893 0.334809 -0.231999
v 0.439428 0.329057 -0.223119
v 0.439425 0.332094 -0.226832
v 0.357294 0.287517 -0.146708
v 0.336512 0.316076 -0.136763
v 0.310385 0.341839 -0.136585
v 0.370697 0.258959 -0.165447
v 0.281471 0.362285 -0.146193
v 0.252599 0.375412 -0.164646
v 0.226597 0.379935 -0.190137
v 0.206008 0.375412 -0.220171
v 0.192849 0.362285 -0.251808
v 0.188408 0.341839 -0.281952
v 0.193120 0.316076 -0.307651
v 0.206523 0.287517 -0.326391
v 0.227304 0.258959 -0.336336
v 0.253431 0.233196 -0.336513
v 0.282346 0.212750 -0.326905
v 0.311218 0.199623 -0.308452
v 0.337220 0.195100 -0.282961
v 0.357809 0.199623 -0.252927
v 0.370968 0.212750 -0.221290
v 0.375409 0.233196 -0.191146
v 0.343708 0.262524 -0.113132
v 0.319916 0.295219 -0.101746
v 0.290005 0.324714 -0.101544
v 0.256902 0.348121 -0.112543
v 0.223848 0.363150 -0.133669
v 0.194079 0.368328 -0.162852
v 0.170509 0.363150 -0.197236
v 0.155444 0.348121 -0.233456
v 0.150360 0.324714 -0.267966
v 0.155754 0.295219 -0.297388
v 0.171098 0.262524 -0.318841
v 0.194890 0.229829 -0.330227
v 0.224801 0.200334 -0.330430
v 0.257904 0.176927 -0.319430
v 0.290957 0.161899 -0.298305
v 0.320726 0.156720 -0.269121
v 0.344297 0.161899 -0.234737
v 0.359362 0.176927 -0.198517
v 0.364446 0.200334 -0.164007
v 0.359052 0.229829 -0.134586
v 0.342006 0.318949 -0.126724
v 0.342796 0.318555 -0.120945
v 0.343238 0.319357 -0.123203
v 0.312885 0.348049 -0.120742
v 0.313250 0.347304 -0.126529
v 0.313665 0.348518 -0.123002
v 0.281427 0.369806 -0.137104
v 0.279782 0.371457 -0.131742
v 0.280937 0.371660 -0.133877
v 0.246728 0.386485 -0.152867
v 0.249651 0.384254 -0.157412
v 0.248258 0.386518 -0.154763
v 0.216959 0.391663 -0.182050
v 0.221032 0.389232 -0.185468
v 0.218825 0.391638 -0.183616
v 0.193389 0.386485 -0.216435
v 0.198372 0.384254 -0.218523
v 0.195522 0.386518 -0.217612
v 0.178324 0.371457 -0.252655
v 0.183890 0.369806 -0.253344
v 0.180628 0.371660 -0.253421
v 0.173240 0.348049 -0.287164
v 0.179002 0.347304 -0.286520
v 0.175601 0.348518 -0.287541
v 0.178634 0.318555 -0.316586
v 0.184188 0.318949 -0.314804
v 0.180934 0.319357 -0.316629
v 0.193978 0.285859 -0.338040
v 0.198939 0.287517 -0.335429
v 0.196104 0.287032 -0.337840
v 0.217770 0.253164 -0.349425
v 0.221811 0.256086 -0.346374
v 0.219627 0.254707 -0.349097
v 0.247681 0.223669 -0.349628
v 0.250567 0.227731 -0.346569
v 0.249200 0.225546 -0.349297
v 0.280784 0.200262 -0.338629
v 0.282390 0.205228 -0.335995
v 0.281928 0.202403 -0.338422
v 0.313837 0.185234 -0.317503
v 0.314166 0.190781 -0.315686
v 0.314607 0.187545 -0.317536
v 0.343607 0.180055 -0.288320
v 0.342785 0.185802 -0.287631
v 0.344039 0.182425 -0.288683
v 0.367177 0.185234 -0.253936
v 0.365444 0.190781 -0.254575
v 0.367343 0.187545 -0.254688
v 0.382242 0.200262 -0.217716
v 0.379927 0.205228 -0.219755
v 0.382237 0.202403 -0.218878
v 0.387326 0.223669 -0.183206
v 0.384815 0.227731 -0.186579
v 0.387264 0.225546 -0.184759
v 0.364878 0.287517 -0.137670
v 0.366588 0.285859 -0.132331
v 0.366761 0.287032 -0.134459
v 0.379629 0.256086 -0.158294
v 0.381932 0.253164 -0.153784
v 0.381931 0.254707 -0.155670
v 0.480123 0.370520 -0.257215
v 0.477309 0.376844 -0.266093
v 0.480972 0.374079 -0.261220
v 0.484836 0.344748 -0.282923
v 0.481658 0.353061 -0.289818
v 0.485578 0.348889 -0.286347
v 0.480393 0.324295 -0.313078
v 0.477558 0.334186 -0.317645
v 0.481236 0.328898 -0.315819
v 0.467230 0.311163 -0.344726
v 0.465411 0.322068 -0.346851
v 0.468370 0.316064 -0.346753
v 0.446634 0.306639 -0.374771
v 0.446404 0.317892 -0.374578
v 0.448240 0.311641 -0.376118
v 0.420623 0.311163 -0.400270
v 0.422400 0.322068 -0.398110
v 0.422816 0.316064 -0.401042
v 0.391741 0.324295 -0.418729
v 0.395747 0.334186 -0.415145
v 0.394587 0.328898 -0.419084
v 0.362816 0.344748 -0.428341
v 0.369054 0.353061 -0.424014
v 0.366316 0.348889 -0.428478
v 0.336680 0.370520 -0.428163
v 0.344934 0.376844 -0.423851
v 0.340771 0.374079 -0.428304
v 0.315891 0.399088 -0.418215
v 0.325749 0.403208 -0.414670
v 0.320452 0.402002 -0.418581
v 0.302484 0.427657 -0.399469
v 0.313376 0.429573 -0.397371
v 0.307347 0.429925 -0.400259
v 0.297770 0.453429 -0.373761
v 0.309027 0.453356 -0.373646
v 0.302741 0.455114 -0.375131
v 0.302213 0.473882 -0.343607
v 0.313127 0.472231 -0.345819
v 0.307083 0.475105 -0.345659
v 0.315376 0.487013 -0.311958
v 0.325274 0.484349 -0.316612
v 0.319949 0.487940 -0.314725
v 0.335972 0.491538 -0.281914
v 0.344281 0.488525 -0.288886
v 0.340079 0.492362 -0.285360
v 0.361984 0.487013 -0.256414
v 0.368286 0.484349 -0.265354
v 0.365503 0.487940 -0.260436
v 0.390865 0.473882 -0.237955
v 0.394939 0.472231 -0.248319
v 0.393732 0.475105 -0.242395
v 0.419790 0.453429 -0.228344
v 0.421631 0.453356 -0.239449
v 0.422003 0.455114 -0.233000
v 0.464936 0.403208 -0.248794
v 0.466715 0.399088 -0.238469
v 0.467867 0.402002 -0.242897
v 0.445926 0.427657 -0.228521
v 0.445751 0.429573 -0.239613
v 0.447548 0.429925 -0.233174
v -0.417771 -0.360880 0.220716
v -0.400147 -0.385099 0.212282
v -0.377990 -0.406948 0.212132
v -0.353469 -0.424287 0.220280
v -0.328984 -0.435419 0.235929
v -0.306932 -0.439255 0.257547
v -0.289472 -0.435419 0.283017
v -0.278313 -0.424287 0.309848
v -0.274547 -0.406948 0.335411
v -0.278542 -0.385099 0.357205
v -0.289908 -0.360880 0.373097
v -0.307533 -0.336661 0.381531
v -0.329690 -0.314812 0.381682
v -0.354211 -0.297473 0.373534
v -0.378696 -0.286341 0.357885
v -0.400747 -0.282505 0.336267
v -0.418208 -0.286341 0.310796
v -0.429367 -0.297473 0.283966
v -0.433133 -0.314812 0.258403
v -0.429138 -0.336661 0.236608
v -0.395343 -0.403208 0.331732
v -0.456631 -0.388803 0.230007
v -0.292399 -0.417372 0.391007
v -0.457145 -0.300878 0.336264
v -0.287686 -0.443144 0.365299
v -0.436550 -0.296353 0.366309
v -0.292128 -0.463597 0.335145
v -0.410538 -0.300878 0.391808
v -0.305292 -0.476728 0.303496
v -0.381656 -0.314010 0.410267
v -0.325887 -0.481253 0.273452
v -0.352732 -0.334462 0.419879
v -0.470038 -0.360235 0.248753
v -0.351899 -0.476728 0.247952
v -0.380781 -0.463597 0.229493
v -0.326595 -0.360235 0.419701
v -0.305806 -0.388803 0.409753
v -0.409705 -0.443144 0.219882
v -0.435841 -0.417372 0.220059
v -0.474751 -0.334462 0.274462
v -0.470309 -0.314010 0.304616
v -0.460512 -0.342735 0.281376
v -0.456745 -0.325396 0.306940
v -0.445586 -0.314264 0.333770
v -0.428126 -0.310428 0.359240
v -0.406074 -0.314264 0.380858
v -0.381590 -0.325396 0.396507
v -0.357068 -0.342735 0.404655
v -0.334911 -0.364584 0.404505
v -0.317287 -0.388803 0.396071
v -0.305921 -0.413022 0.380179
v -0.301925 -0.434871 0.358384
v -0.305691 -0.452210 0.332821
v -0.316851 -0.463342 0.305991
v -0.334311 -0.467178 0.280520
v -0.356363 -0.463342 0.258902
v -0.380847 -0.452210 0.243254
v -0.456516 -0.364584 0.259582
v -0.405368 -0.434871 0.235105
v -0.445150 -0.388803 0.243690
v -0.427526 -0.413022 0.235256
v -0.403687 -0.386950 0.205814
v -0.405243 -0.386174 0.194435
v -0.406113 -0.387754 0.198880
v -0.426025 -0.357615 0.204380
v -0.422658 -0.360880 0.214892
v -0.426365 -0.359924 0.208571
v -0.379836 -0.410469 0.205652
v -0.379116 -0.411937 0.194257
v -0.380653 -0.412859 0.198707
v -0.353440 -0.429134 0.214423
v -0.350201 -0.432383 0.203865
v -0.352476 -0.432783 0.208070
v -0.327084 -0.441117 0.231268
v -0.321330 -0.445510 0.222318
v -0.324341 -0.445575 0.226052
v -0.303347 -0.445246 0.254538
v -0.295327 -0.450033 0.247809
v -0.299002 -0.449983 0.250892
v -0.284552 -0.441117 0.281956
v -0.274739 -0.445510 0.277843
v -0.278939 -0.445575 0.280160
v -0.272540 -0.429134 0.310837
v -0.261580 -0.432383 0.309480
v -0.266116 -0.432783 0.310990
v -0.268486 -0.410469 0.338354
v -0.257139 -0.411937 0.339624
v -0.261788 -0.412859 0.340365
v -0.272787 -0.386950 0.361815
v -0.261850 -0.386174 0.365323
v -0.266379 -0.387754 0.365408
v -0.285022 -0.360880 0.378921
v -0.275253 -0.357615 0.384063
v -0.279440 -0.359924 0.383669
v -0.303993 -0.334809 0.388000
v -0.296035 -0.329057 0.394008
v -0.299692 -0.332094 0.393360
v -0.327844 -0.311291 0.388162
v -0.322162 -0.303294 0.394185
v -0.325152 -0.306988 0.393533
v -0.354239 -0.292626 0.379391
v -0.351077 -0.282848 0.384577
v -0.353329 -0.287064 0.384170
v -0.380596 -0.280643 0.362546
v -0.379948 -0.269721 0.366124
v -0.381464 -0.274272 0.366189
v -0.404333 -0.276514 0.339276
v -0.405951 -0.265198 0.340633
v -0.406803 -0.269864 0.341348
v -0.423128 -0.280643 0.311858
v -0.426539 -0.269721 0.310599
v -0.426866 -0.274272 0.312080
v -0.435140 -0.292626 0.282977
v -0.439698 -0.282848 0.278962
v -0.439689 -0.287064 0.281250
v -0.439194 -0.311291 0.255460
v -0.444139 -0.303294 0.248818
v -0.444017 -0.306988 0.251876
v -0.434893 -0.334809 0.231999
v -0.439428 -0.329057 0.223119
v -0.439425 -0.332094 0.226832
v -0.357294 -0.287517 0.146708
v -0.336512 -0.316076 0.136763
v -0.310385 -0.341839 0.136585
v -0.370697 -0.258959 0.165447
v -0.281471 -0.362285 0.146193
v -0.252599 -0.375412 0.164646
v -0.226597 -0.379935 0.190137
v -0.206008 -0.375412 0.220171
v -0.192849 -0.362285 0.251808
v -0.188408 -0.341839 0.281952
v -0.193120 -0.316076 0.307651
v -0.206523 -0.287517 0.326391
v -0.227304 -0.258959 0.336336
v -0.253431 -0.233196 0.336513
v -0.282346 -0.212750 0.326905
v -0.311218 -0.199623 0.308452
v -0.337220 -0.195100 0.282961
v -0.357809 -0.199623 0.252927
v -0.370968 -0.212750 0.221290
v -0.375409 -0.233196 0.191146
v -0.343708 -0.262524 0.113132
v -0.319916 -0.295219 0.101746
v -0.290005 -0.324714 0.101544
v -0.256902 -0.348121 0.112543
v -0.223848 -0.363150 0.133669
v -0.194079 -0.368328 0.162852
v -0.170509 -0.363150 0.197236
v -0.155444 -0.348121 0.233456
v -0.150360 -0.324714 0.267966
v -0.155754 -0.295219 0.297388
v -0.171098 -0.262524 0.318841
v -0.194890 -0.229829 0.330227
v -0.224801 -0.200334 0.330430
v -0.257904 -0.176927 0.319430
v -0.290957 -0.161899 0.298305
v -0.320726 -0.156720 0.269121
v -0.344297 -0.161899 0.234737
v -0.359362 -0.176927 0.198517
v -0.364446 -0.200334 0.164007
v -0.359052 -0.229829 0.134586
v -0.342006 -0.318949 0.126724
v -0.342796 -0.318555 0.120945
v -0.343238 -0.319357 0.123203
v -0.312885 -0.348049 0.120742
v -0.313250 -0.347304 0.126529
v -0.313665 -0.348518 0.123002
v -0.281427 -0.369806 0.137104
v -0.279782 -0.371457 0.131742
v -0.280937 -0.371660 0.133877
v -0.246728 -0.386485 0.152867
v -0.249651 -0.384254 0.157412
v -0.248258 -0.386518 0.154763
v -0.216959 -0.391663 0.182050
v -0.221032 -0.389232 0.185468
v -0.218825 -0.391638 0.183616
v -0.193389 -0.386485 0.216435
v -0.198372 -0.384254 0.218523
v -0.195522 -0.386518 0.217612
v -0.178324 -0.371457 0.252655
v -0.183890 -0.369806 0.253344
v -0.180628 -0.371660 0.253421
v -0.173240 -0.348049 0.287164
v -0.179002 -0.347304 0.286520
v -0.175601 -0.348518 0.287541
v -0.178634 -0.318555 0.316586
v -0.184188 -0.318949 0.314804
v -0.180934 -0.319357 0.316629
v -0.193978 -0.285859 0.338040
v -0.198939 -0.287517 0.335429
v -0.196104 -0.287032 0.337840
v -0.217770 -0.253164 0.349425
v -0.221811 -0.256086 0.346374
v -0.219627 -0.254707 0.349097
v -0.247681 -0.223669 0.349628
v -0.250567 -0.227731 0.346569
v -0.249200 -0.225546 0.349297
v -0.280784 -0.200262 0.338629
v -0.282390 -0.205228 0.335995
v -0.281928 -0.202403 0.338422
v -0.313837 -0.185234 0.317503
v -0.314166 -0.190781 0.315686
v -0.314607 -0.187545 0.317536
v -0.343607 -0.180055 0.288320
v -0.342785 -0.185802 0.287631
v -0.344039 -0.182425 0.288683
v -0.367177 -0.185234 0.253936
v -0.365444 -0.190781 0.254575
v -0.367343 -0.187545 0.254688
v -0.382242 -0.200262 0.217716
v -0.379927 -0.205228 0.219755
v -0.382237 -0.202403 0.218878
v -0.387326 -0.223669 0.183206
v -0.384815 -0.227731 0.186579
v -0.387264 -0.225546 0.184759
v -0.364878 -0.287517 0.137670
v -0.366588 -0.285859 0.132331
v -0.366761 -0.287032 0.134459
v -0.379629 -0.256086 0.158294
v -0.381932 -0.253164 0.153784
v -0.381931 -0.254707 0.155670
v -0.480123 -0.370520 0.257215
v -0.477309 -0.376844 0.266093
v -0.480972 -0.374079 0.261220
v -0.484836 -0.344748 0.282923
v -0.481658 -0.353061 0.289818
v -0.485578 -0.348889 0.286347
v -0.480393 -0.324295 0.313078
v -0.477558 -0.334186 0.317645
v -0.481236 -0.328898 0.315819
v -0.467230 -0.311163 0.344726
v -0.465411 -0.322068 0.346851
v -0.468370 -0.316064 0.346753
v -0.446634 -0.306639 0.374771
v -0.446404 -0.317892 0.374578
v -0.448240 -0.311641 0.376118
v -0.420623 -0.311163 0.400270
v -0.422400 -0.322068 0.398110
v -0.422816 -0.316064 0.401042
v -0.391741 -0.324295 0.418729
v -0.395747 -0.334186 0.415145
v -0.394587 -0.328898 0.419084
v -0.362816 -0.344748 0.428341
v -0.369054 -0.353061 0.424014
v -0.366316 -0.348889 0.428478
v -0.336680 -0.370520 0.428163
v -0.344934 -0.376844 0.423851
v -0.340771 -0.374079 0.428304
v -0.315891 -0.399088 0.418215
v -0.325749 -0.403208 0.414670
v -0.320452 -0.402002 0.418581
v -0.302484 -0.427657 0.399469
v -0.313376 -0.429573 0.397371
v -0.307347 -0.429925 0.400259
v -0.297770 -0.453429 0.373761
v -0.309027 -0.453356 0.373646
v -0.302741 -0.455114 0.375131
v -0.302213 -0.473882 0.343607
v -0.313127 -0.472231 0.345819
v -0.307083 -0.475105 0.345659
v -0.315376 -0.487013 0.311958
v -0.325274 -0.484349 0.316612
v -0.319949 -0.487940 0.314725
v -0.335972 -0.491538 0.281914
v -0.344281 -0.488525 0.288886
v -0.340079 -0.492362 0.285360
v -0.361984 -0.487013 0.256414
v -0.368286 -0.484349 0.265354
v -0.365503 -0.487940 0.260436
v -0.390865 -0.473882 0.237955
v -0.394939 -0.472231 0.248319
v -0.393732 -0.475105 0.242395
v -0.419790 -0.453429 0.228344
v -0.421631 -0.453356 0.239449
v -0.422003 -0.455114 0.233000
v -0.464936 -0.403208 0.248794
v -0.466715 -0.399088 0.238469
v -0.467867 -0.402002 0.242897
v -0.445926 -0.427657 0.228521
v -0.445751 -0.429573 0.239613
v -0.447548 -0.429925 0.233174
v 0.417771 -0.360880 0.220716
v 0.400147 -0.385099 0.212282
v 0.377990 -0.406948 0.212132
v 0.353469 -0.424287 0.220280
v 0.328984 -0.435419 0.235929
v 0.306932 -0.439255 0.257547
v 0.289472 -0.435419 0.283017
v 0.278313 -0.424287 0.309848
v 0.274547 -0.406948 0.335411
v 0.278542 -0.385099 0.357205
v 0.289908 -0.360880 0.373097
v 0.307533 -0.336661 0.381531
v 0.329690 -0.314812 0.381682
v 0.354211 -0.297473 0.373534
v 0.378696 -0.286341 0.357885
v 0.400747 -0.282505 0.336267
v 0.418208 -0.286341 0.310796
v 0.429367 -0.297473 0.283966
v 0.433133 -0.314812 0.258403
v 0.429138 -0.336661 0.236608
v 0.395343 -0.403208 0.331732
v 0.456631 -0.388803 0.230007
v 0.292399 -0.417372 0.391007
v 0.457145 -0.300878 0.336264
v 0.287686 -0.443144 0.365299
v 0.436550 -0.296353 0.366309
v 0.292128 -0.463597 0.335145
v 0.410538 -0.300878 0.391808
v 0.305292 -0.476728 0.303496
v 0.381656 -0.314010 0.410267
v 0.325887 -0.481253 0.273452
v 0.352732 -0.334462 0.419879
v 0.470038 -0.360235 0.248753
v 0.351899 -0.476728 0.247952
v 0.380781 -0.463597 0.229493
v 0.326595 -0.360235 0.419701
v 0.305806 -0.388803 0.409753
v 0.409705 -0.443144 0.219882
v 0.435841 -0.417372 0.220059
v 0.474751 -0.334462 0.274462
v 0.470309 -0.314010 0.304616
v 0.460512 -0.342735 0.281376
v 0.456745 -0.325396 0.306940
v 0.445586 -0.314264 0.333770
v 0.428126 -0.310428 0.359240
v 0.406074 -0.314264 0.380858
v 0.381590 -0.325396 0.396507
v 0.357068 -0.342735 0.404655
v 0.334911 -0.364584 0.404505
v 0.317287 -0.388803 0.396071
v 0.305921 -0.413022 0.380179
v 0.301925 -0.434871 0.358384
v 0.305691 -0.452210 0.332821
v 0.316851 -0.463342 0.305991
v 0.334311 -0.467178 0.280520
v 0.356363 -0.463342 0.258902
v 0.380847 -0.452210 0.243254
v 0.456516 -0.364584 0.259582
v 0.405368 -0.434871 0.235105
v 0.445150 -0.388803 0.243690
v 0.427526 -0.413022 0.235256
v 0.403687 -0.386950 0.205814
v 0.405243 -0.386174 0.194435
v 0.406113 -0.387754 0.198880
v 0.426025 -0.357615 0.204380
v 0.422658 -0.360880 0.214892
v 0.426365 -0.359924 0.208571
v 0.379836 -0.410469 0.205652
v 0.379116 -0.411937 0.194257
v 0.380653 -0.412859 0.198707
v 0.353440 -0.429134 0.214423
v 0.350201 -0.432383 0.203865
v 0.352476 -0.432783 0.208070
v 0.327084 -0.441117 0.231268
v 0.321330 -0.445510 0.222318
v 0.324341 -0.445575 0.226052
v 0.303347 -0.445246 0.254538
v 0.295327 -0.450033 0.247809
v 0.299002 -0.449983 0.250892
v 0.284552 -0.441117 0.281956
v 0.274739 -0.445510 0.277843
v 0.278939 -0.445575 0.280160
v 0.272540 -0.429134 0.310837
v 0.261580 -0.432383 0.309480
v 0.266116 -0.432783 0.310990
v 0.268486 -0.410469 0.338354
v 0.257139 -0.411937 0.339624
v 0.261788 -0.412859 0.340365
v 0.272787 -0.386950 0.361815
v 0.261850 -0.386174 0.365323
v 0.266379 -0.387754 0.365408
v 0.285022 -0.360880 0.378921
v 0.275253 -0.357615 0.384063
v 0.279440 -0.359924 0.383669
v 0.303993 -0.334809 0.388000
v 0.296035 -0.329057 0.394008
v 0.299692 -0.332094 0.393360
v 0.327844 -0.311291 0.388162
v 0.322162 -0.303294 0.394185
v 0.325152 -0.306988 0.393533
v 0.354239 -0.292626 0.379391
v 0.351077 -0.282848 0.384577
v 0.353329 -0.287064 0.384170
v 0.380596 -0.280643 0.362546
v 0.379948 -0.269721 0.366124
v 0.381464 -0.274272 0.366189
v 0.404333 -0.276514 0.339276
v 0.405951 -0.265198 0.340633
v 0.406803 -0.269864 0.341348
v 0.423128 -0.280643 0.311858
v 0.426539 -0.269721 0.310599
v 0.426866 -0.274272 0.312080
v 0.435140 -0.292626 0.282977
v 0.439698 -0.282848 0.278962
v 0.439689 -0.287064 0.281250
v 0.439194 -0.311291 0.255460
v 0.444139 -0.303294 0.248818
v 0.444017 -0.306988 0.251876
v 0.434893 -0.334809 0.231999
v 0.439428 -0.329057 0.223119
v 0.439425 -0.332094 0.226832
v 0.357294 -0.287517 0.146708
v 0.336512 -0.316076 0.136763
v 0.310385 -0.341839 0.136585
v 0.370697 -0.258959 0.165447
v 0.281471 -0.362285 0.146193
v 0.252599 -0.375412 0.164646
v 0.226597 -0.379935 0.190137
v 0.206008 -0.375412 0.220171
v 0.192849 -0.362285 0.251808
v 0.188408 -0.341839 0.281952
v 0.193120 -0.316076 0.307651
v 0.206523 -0.287517 0.326391
v 0.227304 -0.258959 0.336336
v 0.253431 -0.233196 0.336513
v 0.282346 -0.212750 0.326905
v 0.311218 -0.199623 0.308452
v 0.337220 -0.195100 0.282961
v 0.357809 -0.199623 0.252927
v 0.370968 -0.212750 0.221290
v 0.375409 -0.233196 0.191146
v 0.343708 -0.262524 0.113132
v 0.319916 -0.295219 0.101746
v 0.290005 -0.324714 0.101544
v 0.256902 -0.348121 0.112543
v 0.223848 -0.363150 0.133669
v 0.194079 -0.368328 0.162852
v 0.170509 -0.363150 0.197236
v 0.155444 -0.348121 0.233456
v 0.150360 -0.324714 0.267966
v 0.155754 -0.295219 0.297388
v 0.171098 -0.262524 0.318841
v 0.194890 -0.229829 0.330227
v 0.224801 -0.200334 0.330430
v 0.257904 -0.176927 0.319430
v 0.290957 -0.161899 0.298305
v 0.320726 -0.156720 0.269121
v 0.344297 -0.161899 0.234737
v 0.359362 -0.176927 0.198517
v 0.364446 -0.200334 0.164007
v 0.359052 -0.229829 0.134586
v 0.342006 -0.318949 0.126724
v 0.342796 -0.318555 0.120945
v 0.343238 -0.319357 0.123203
v 0.312885 -0.348049 0.120742
v 0.313250 -0.347304 0.126529
v 0.313665 -0.348518 0.123002
v 0.281427 -0.369806 0.137104
v 0.279782 -0.371457 0.131742
v 0.280937 -0.371660 0.133877
v 0.246728 -0.386485 0.152867
v 0.249651 -0.384254 0.157412
v 0.248258 -0.386518 0.154763
v 0.216959 -0.391663 0.182050
v 0.221032 -0.389232 0.185468
v 0.218825 -0.391638 0.183616
v 0.193389 -0.386485 0.216435
v 0.198372 -0.384254 0.218523
v 0.195522 -0.386518 0.217612
v 0.178324 -0.371457 0.252655
v 0.183890 -0.369806 0.253344
v 0.180628 -0.371660 0.253421
v 0.173240 -0.348049 0.287164
v 0.179002 -0.347304 0.286520
v 0.175601 -0.348518 0.287541
v 0.178634 -0.318555 0.316586
v 0.184188 -0.318949 0.314804
v 0.180934 -0.319357 0.316629
v 0.193978 -0.285859 0.338040
v 0.198939 -0.287517 0.335429
v 0.196104 -0.287032 0.337840
v 0.217770 -0.253164 0.349425
v 0.221811 -0.256086 0.346374
v 0.219627 -0.254707 0.349097
v 0.247681 -0.223669 0.349628
v 0.250567 -0.227731 0.346569
v 0.249200 -0.225546 0.349297
v 0.280784 -0.200262 0.338629
v 0.282390 -0.205228 0.335995
v 0.281928 -0.202403 0.338422
v 0.313837 -0.185234 0.317503
v 0.314166 -0.190781 0.315686
v 0.314607 -0.187545 0.317536
v 0.343607 -0.180055 0.288320
v 0.342785 -0.185802 0.287631
v 0.344039 -0.182425 0.288683
v 0.367177 -0.185234 0.253936
v 0.365444 -0.190781 0.254575
v 0.367343 -0.187545 0.254688
v 0.382242 -0.200262 0.217716
v 0.379927 -0.205228 0.219755
v 0.382237 -0.202403 0.218878
v 0.387326 -0.223669 0.183206
v 0.384815 -0.227731 0.186579
v 0.387264 -0.225546 0.184759
v 0.364878 -0.287517 0.137670
v 0.366588 -0.285859 0.132331
v 0.366761 -0.287032 0.134459
v 0.379629 -0.256086 0.158294
v 0.381932 -0.253164 0.153784
v 0.381931 -0.254707 0.155670
v 0.480123 -0.370520 0.257215
v 0.477309 -0.376844 0.266093
v 0.480972 -0.374079 0.261220
v 0.484836 -0.344748 0.282923
v 0.481658 -0.353061 0.289818
v 0.485578 -0.348889 0.286347
v 0.480393 -0.324295 0.313078
v 0.477558 -0.334186 0.317645
v 0.481236 -0.328898 0.315819
v 0.467230 -0.311163 0.344726
v 0.465411 -0.322068 0.346851
v 0.468370 -0.316064 0.346753
v 0.446634 -0.306639 0.374771
v 0.446404 -0.317892 0.374578
v 0.448240 -0.311641 0.376118
v 0.420623 -0.311163 0.400270
v 0.422400 -0.322068 0.398110
v 0.422816 -0.316064 0.401042
v 0.391741 -0.324295 0.418729
v 0.395747 -0.334186 0.415145
v 0.394587 -0.328898 0.419084
v 0.362816 -0.344748 0.428341
v 0.369054 -0.353061 0.424014
v 0.366316 -0.348889 0.428478
v 0.336680 -0.370520 0.428163
v 0.344934 -0.376844 0.423851
v 0.340771 -0.374079 0.428304
v 0.315891 -0.399088 0.418215
v 0.325749 -0.403208 0.414670
v 0.320452 -0.402002 0.418581
v 0.302484 -0.427657 0.399469
v 0.313376 -0.429573 0.397371
v 0.307347 -0.429925 0.400259
v 0.297770 -0.453429 0.373761
v 0.309027 -0.453356 0.373646
v 0.302741 -0.455114 0.375131
v 0.302213 -0.473882 0.343607
v 0.313127 -0.472231 0.345819
v 0.307083 -0.475105 0.345659
v 0.315376 -0.487013 0.311958
v 0.325274 -0.484349 0.316612
v 0.319949 -0.487940 0.314725
v 0.335972 -0.491538 0.281914
v 0.344281 -0.488525 0.288886
v 0.340079 -0.492362 0.285360
v 0.361984 -0.487013 0.256414
v 0.368286 -0.484349 0.265354
v 0.365503 -0.487940 0.260436
v 0.390865 -0.473882 0.237955
v 0.394939 -0.472231 0.248319
v 0.393732 -0.475105 0.242395
v 0.419790 -0.453429 0.228344
v 0.421631 -0.453356 0.239449
v 0.422003 -0.455114 0.233000
v 0.464936 -0.403208 0.248794
v 0.466715 -0.399088 0.238469
v 0.467867 -0.402002 0.242897
v 0.445926 -0.427657 0.228521
v 0.445751 -0.429573 0.239613
v 0.447548 -0.429925 0.233174
v -0.417771 -0.360880 -0.220716
v -0.400147 -0.385099 -0.212282
v -0.377990 -0.406948 -0.212132
v -0.353469 -0.424287 -0.220280
v -0.328984 -0.435419 -0.235929
v -0.306932 -0.439255 -0.257547
v -0.289472 -0.435419 -0.283017
v -0.278313 -0.424287 -0.309848
v -0.274547 -0.406948 -0.335411
v -0.278542 -0.385099 -0.357205
v -0.289908 -0.360880 -0.373097
v -0.307533 -0.336661 -0.381531
v -0.329690 -0.314812 -0.381682
v -0.354211 -0.297473 -0.373534
v -0.378696 -0.286341 -0.357885
v -0.400747 -0.282505 -0.336267
v -0.418208 -0.286341 -0.310796
v -0.429367 -0.297473 -0.283966
v -0.433133 -0.314812 -0.258403
v -0.429138 -0.336661 -0.236608
v -0.395343 -0.403208 -0.331732
v -0.456631 -0.388803 -0.230007
v -0.292399 -0.417372 -0.391007
v -0.457145 -0.300878 -0.336264
v -0.287686 -0.443144 -0.365299
v -0.436550 -0.296353 -0.366309
v -0.292128 -0.463597 -0.335145
v -0.410538 -0.300878 -0.391808
v -0.305292 -0.476728 -0.303496
v -0.381656 -0.314010 -0.410267
v -0.325887 -0.481253 -0.273452
v -0.352732 -0.334462 -0.419879
v -0.470038 -0.360235 -0.248753
v -0.351899 -0.476728 -0.247952
v -0.380781 -0.463597 -0.229493
v -0.326595 -0.360235 -0.419701
v -0.305806 -0.388803 -0.409753
v -0.409705 -0.443144 -0.219882
v -0.435841 -0.417372 -0.220059
v -0.474751 -0.334462 -0.274462
v -0.470309 -0.314010 -0.304616
v -0.460512 -0.342735 -0.281376
v -0.456745 -0.325396 -0.306940
v -0.445586 -0.314264 -0.333770
v -0.428126 -0.310428 -0.359240
v -0.406074 -0.314264 -0.380858
v -0.381590 -0.325396 -0.396507
v -0.357068 -0.342735 -0.404655
v -0.334911 -0.364584 -0.404505
v -0.317287 -0.388803 -0.396071
v -0.305921 -0.413022 -0.380179
v -0.301925 -0.434871 -0.358384
v -0.305691 -0.452210 -0.332821
v -0.316851 -0.463342 -0.305991
v -0.334311 -0.467178 -0.280520
v -0.356363 -0.463342 -0.258902
v -0.380847 -0.452210 -0.243254
v -0.456516 -0.364584 -0.259582
v -0.405368 -0.434871 -0.235105
v -0.445150 -0.388803 -0.243690
v -0.427526 -0.413022 -0.235256
v -0.403687 -0.386950 -0.205814
v -0.405243 -0.386174 -0.194435
v -0.406113 -0.387754 -0.198880
v -0.426025 -0.357615 -0.204380
v -0.422658 -0.360880 -0.214892
v -0.426365 -0.359924 -0.208571
v -0.379836 -0.410469 -0.205652
v -0.379116 -0.411937 -0.194257
v -0.380653 -0.412859 -0.198707
v -0.353440 -0.429134 -0.214423
v -0.350201 -0.432383 -0.203865
v -0.352476 -0.432783 -0.208070
v -0.327084 -0.441117 -0.231268
v -0.321330 -0.445510 -0.222318
v -0.324341 -0.445575 -0.226052
v -0.303347 -0.445246 -0.254538
v -0.295327 -0.450033 -0.247809
v -0.299002 -0.449983 -0.250892
v -0.284552 -0.441117 -0.281956
v -0.274739 -0.445510 -0.277843
v -0.278939 -0.445575 -0.280160
v -0.272540 -0.429134 -0.310837
v -0.261580 -0.432383 -0.309480
v -0.266116 -0.432783 -0.310990
v -0.268486 -0.410469 -0.338354
v -0.257139 -0.411937 -0.339624
v -0.261788 -0.412859 -0.340365
v -0.272787 -0.386950 -0.361815
v -0.261850 -0.386174 -0.365323
v -0.266379 -0.387754 -0.365408
v -0.285022 -0.360880 -0.378921
v -0.275253 -0.357615 -0.384063
v -0.279440 -0.359924 -0.383669
v -0.303993 -0.334809 -0.388000
v -0.296035 -0.329057 -0.394008
v -0.299692 -0.332094 -0.393360
v -0.327844 -0.311291 -0.388162
v -0.322162 -0.303294 -0.394185
v -0.325152 -0.306988 -0.393533
v -0.354239 -0.292626 -0.379391
v -0.351077 -0.282848 -0.384577
v -0.353329 -0.287064 -0.384170
v -0.380596 -0.280643 -0.362546
v -0.379948 -0.269721 -0.366124
v -0.381464 -0.274272 -0.366189
v -0.404333 -0.276514 -0.339276
v -0.405951 -0.265198 -0.340633
v -0.406803 -0.269864 -0.341348
v -0.423128 -0.280643 -0.311858
v -0.426539 -0.269721 -0.310599
v -0.426866 -0.274272 -0.312080
v -0.435140 -0.292626 -0.282977
v -0.439698 -0.282848 -0.278962
v -0.439689 -0.287064 -0.281250
v -0.439194 -0.311291 -0.255460
v -0.444139 -0.303294 -0.248818
v -0.444017 -0.306988 -0.251876
v -0.434893 -0.334809 -0.231999
v -0.439428 -0.329057 -0.223119
v -0.439425 -0.332094 -0.226832
v -0.357294 -0.287517 -0.146708
v -0.336512 -0.316076 -0.136763
v -0.310385 -0.341839 -0.136585
v -0.370697 -0.258959 -0.165447
v -0.281471 -0.362285 -0.146193
v -0.252599 -0.375412 -0.164646
v -0.226597 -0.379935 -0.190137
v -0.206008 -0.375412 -0.220171
v -0.192849 -0.362285 -0.251808
v -0.188408 -0.341839 -0.281952
v -0.193120 -0.316076 -0.307651
v -0.206523 -0.287517 -0.326391
v -0.227304 -0.258959 -0.336336
v -0.253431 -0.233196 -0.336513
v -0.282346 -0.212750 -0.326905
v -0.311218 -0.199623 -0.308452
v -0.337220 -0.195100 -0.282961
v -0.357809 -0.199623 -0.252927
v -0.370968 -0.212750 -0.221290
v -0.375409 -0.233196 -0.191146
v -0.343708 -0.262524 -0.113132
v -0.319916 -0.295219 -0.101746
v -0.290005 -0.324714 -0.101544
v -0.256902 -0.348121 -0.112543
v -0.223848 -0.363150 -0.133669
v -0.194079 -0.368328 -0.162852
v -0.170509 -0.363150 -0.197236
v -0.155444 -0.348121 -0.233456
v -0.150360 -0.324714 -0.267966
v -0.155754 -0.295219 -0.297388
v -0.171098 -0.262524 -0.318841
v -0.194890 -0.229829 -0.330227
v -0.224801 -0.200334 -0.330430
v -0.257904 -0.176927 -0.319430
v -0.290957 -0.161899 -0.298305
v -0.320726 -0.156720 -0.269121
v -0.344297 -0.161899 -0.234737
v -0.359362 -0.176927 -0.198517
v -0.364446 -0.200334 -0.164007
v -0.359052 -0.229829 -0.134586
v -0.342006 -0.318949 -0.126724
v -0.342796 -0.318555 -0.120945
v -0.343238 -0.319357 -0.123203
v -0.312885 -0.348049 -0.120742
v -0.313250 -0.347304 -0.126529
v -0.313665 -0.348518 -0.123002
v -0.281427 -0.369806 -0.137104
v -0.279782 -0.371457 -0.131742
v -0.280937 -0.371660 -0.133877
v -0.246728 -0.386485 -0.152867
v -0.249651 -0.384254 -0.157412
v -0.248258 -0.386518 -0.154763
v -0.216959 -0.391663 -0.182050
v -0.221032 -0.389232 -0.185468
v -0.218825 -0.391638 -0.183616
v -0.193389 -0.386485 -0.216435
v -0.198372 -0.384254 -0.218523
v -0.195522 -0.386518 -0.217612
v -0.178324 -0.371457 -0.252655
v -0.183890 -0.369806 -0.253344
v -0.180628 -0.371660 -0.253421
v -0.173240 -0.348049 -0.287164
v -0.179002 -0.347304 -0.286520
v -0.175601 -0.348518 -0.287541
v -0.178634 -0.318555 -0.316586
v -0.184188 -0.318949 -0.314804
v -0.180934 -0.319357 -0.316629
v -0.193978 -0.285859 -0.338040
v -0.198939 -0.287517 -0.335429
v -0.196104 -0.287032 -0.337840
v -0.217770 -0.253164 -0.349425
v -0.221811 -0.256086 -0.346374
v -0.219627 -0.254707 -0.349097
v -0.247681 -0.223669 -0.349628
v -0.250567 -0.227731 -0.346569
v -0.249200 -0.225546 -0.349297
v -0.280784 -0.200262 -0.338629
v -0.282390 -0.205228 -0.335995
v -0.281928 -0.202403 -0.338422
v -0.313837 -0.185234 -0.317503
v -0.314166 -0.190781 -0.315686
v -0.314607 -0.187545 -0.317536
v -0.343607 -0.180055 -0.288320
v -0.342785 -0.185802 -0.287631
v -0.344039 -0.182425 -0.288683
v -0.367177 -0.185234 -0.253936
v -0.365444 -0.190781 -0.254575
v -0.367343 -0.187545 -0.254688
v -0.382242 -0.200262 -0.217716
v -0.379927 -0.205228 -0.219755
v -0.382237 -0.202403 -0.218878
v -0.387326 -0.223669 -0.183206
v -0.384815 -0.227731 -0.186579
v -0.387264 -0.225546 -0.184759
v -0.364878 -0.287517 -0.137670
v -0.366588 -0.285859 -0.132331
v -0.366761 -0.287032 -0.134459
v -0.379629 -0.256086 -0.158294
v -0.381932 -0.253164 -0.153784
v -0.381931 -0.254707 -0.155670
v -0.480123 -0.370520 -0.257215
v -0.477309 -0.376844 -0.266093
v -0.480972 -0.374079 -0.261220
v -0.484836 -0.344748 -0.282923
v -0.481658 -0.353061 -0.289818
v -0.485578 -0.348889 -0.286347
v -0.480393 -0.324295 -0.313078
v -0.477558 -0.334186 -0.317645
v -0.481236 -0.328898 -0.315819
v -0.467230 -0.311163 -0.344726
v -0.465411 -0.322068 -0.346851
v -0.468370 -0.316064 -0.346753
v -0.446634 -0.306639 -0.374771
v -0.446404 -0.317892 -0.374578
v -0.448240 -0.311641 -0.376118
v -0.420623 -0.311163 -0.400270
v -0.422400 -0.322068 -0.398110
v -0.422816 -0.316064 -0.401042
v -0.391741 -0.324295 -0.418729
v -0.395747 -0.334186 -0.415145
v -0.394587 -0.328898 -0.419084
v -0.362816 -0.344748 -0.428341
v -0.369054 -0.353061 -0.424014
v -0.366316 -0.348889 -0.428478
v -0.336680 -0.370520 -0.428163
v -0.344934 -0.376844 -0.423851
v -0.340771 -0.374079 -0.428304
v -0.315891 -0.399088 -0.418215
v -0.325749 -0.403208 -0.414670
v -0.320452 -0.402002 -0.418581
v -0.302484 -0.427657 -0.399469
v -0.313376 -0.429573 -0.397371
v -0.307347 -0.429925 -0.400259
v -0.297770 -0.453429 -0.373761
v -0.309027 -0.453356 -0.373646
v -0.302741 -0.455114 -0.375131
v -0.302213 -0.473882 -0.343607
v -0.313127 -0.472231 -0.345819
v -0.307083 -0.475105 -0.345659
v -0.315376 -0.487013 -0.311958
v -0.325274 -0.484349 -0.316612
v -0.319949 -0.487940 -0.314725
v -0.335972 -0.491538 -0.281914
v -0.344281 -0.488525 -0.288886
v -0.340079 -0.492362 -0.285360
v -0.361984 -0.487013 -0.256414
v -0.368286 -0.484349 -0.265354
v -0.365503 -0.487940 -0.260436
v -0.390865 -0.473882 -0.237955
v -0.394939 -0.472231 -0.248319
v -0.393732 -0.475105 -0.242395
v -0.419790 -0.453429 -0.228344
v -0.421631 -0.453356 -0.239449
v -0.422003 -0.455114 -0.233000
v -0.464936 -0.403208 -0.248794
v -0.466715 -0.399088 -0.238469
v -0.467867 -0.402002 -0.242897
v -0.445926 -0.427657 -0.228521
v -0.445751 -0.429573 -0.239613
v -0.447548 -0.429925 -0.233174
v 0.417771 -0.360880 -0.220716
v 0.400147 -0.385099 -0.212282
v 0.377990 -0.406948 -0.212132
v 0.353469 -0.424287 -0.220280
v 0.328984 -0.435419 -0.235929
v 0.306932 -0.439255 -0.257547
v 0.289472 -0.435419 -0.283017
v 0.278313 -0.424287 -0.309848
v 0.274547 -0.406948 -0.335411
v 0.278542 -0.385099 -0.357205
v 0.289908 -0.360880 -0.373097
v 0.307533 -0.336661 -0.381531
v 0.329690 -0.314812 -0.381682
v 0.354211 -0.297473 -0.373534
v 0.378696 -0.286341 -0.357885
v 0.400747 -0.282505 -0.336267
v 0.418208 -0.286341 -0.310796
v 0.429367 -0.297473 -0.283966
v 0.433133 -0.314812 -0.258403
v 0.429138 -0.336661 -0.236608
v 0.395343 -0.403208 -0.331732
v 0.456631 -0.388803 -0.230007
v 0.292399 -0.417372 -0.391007
v 0.457145 -0.300878 -0.336264
v 0.287686 -0.443144 -0.365299
v 0.436550 -0.296353 -0.366309
v 0.292128 -0.463597 -0.335145
v 0.410538 -0.300878 -0.391808
v 0.305292 -0.476728 -0.303496
v 0.381656 -0.314010 -0.410267
v 0.325887 -0.481253 -0.273452
v 0.352732 -0.334462 -0.419879
v 0.470038 -0.360235 -0.248753
v 0.351899 -0.476728 -0.247952
v 0.380781 -0.463597 -0.229493
v 0.326595 -0.360235 -0.419701
v 0.305806 -0.388803 -0.409753
v 0.409705 -0.443144 -0.219882
v 0.435841 -0.417372 -0.220059
v 0.474751 -0.334462 -0.274462
v 0.470309 -0.314010 -0.304616
v 0.460512 -0.342735 -0.281376
v 0.456745 -0.325396 -0.306940
v 0.445586 -0.314264 -0.333770
v 0.428126 -0.310428 -0.359240
v 0.406074 -0.314264 -0.380858
v 0.381590 -0.325396 -0.396507
v 0.357068 -0.342735 -0.404655
v 0.334911 -0.364584 -0.404505
v 0.317287 -0.388803 -0.396071
v 0.305921 -0.413022 -0.380179
v 0.301925 -0.434871 -0.358384
v 0.305691 -0.452210 -0.332821
v 0.316851 -0.463342 -0.305991
v 0.334311 -0.467178 -0.280520
v 0.356363 -0.463342 -0.258902
v 0.380847 -0.452210 -0.243254
v 0.456516 -0.364584 -0.259582
v 0.405368 -0.434871 -0.235105
v 0.445150 -0.388803 -0.243690
v 0.427526 -0.413022 -0.235256
v 0.403687 -0.386950 -0.205814
v 0.405243 -0.386174 -0.194435
v 0.406113 -0.387754 -0.198880
v 0.426025 -0.357615 -0.204380
v 0.422658 -0.360880 -0.214892
v 0.426365 -0.359924 -0.208571
v 0.379836 -0.410469 -0.205652
v 0.379116 -0.411937 -0.194257
v 0.380653 -0.412859 -0.198707
v 0.353440 -0.429134 -0.214423
v 0.350201 -0.432383 -0.203865
v 0.352476 -0.432783 -0.208070
v 0.327084 -0.441117 -0.231268
v 0.321330 -0.445510 -0.222318
v 0.324341 -0.445575 -0.226052
v 0.303347 -0.445246 -0.254538
v 0.295327 -0.450033 -0.247809
v 0.299002 -0.449983 -0.250892
v 0.284552 -0.441117 -0.281956
v 0.274739 -0.445510 -0.277843
v 0.278939 -0.445575 -0.280160
v 0.272540 -0.429134 -0.310837
v 0.261580 -0.432383 -0.309480
v 0.266116 -0.432783 -0.310990
v 0.268486 -0.410469 -0.338354
v 0.257139 -0.411937 -0.339624
v 0.261788 -0.412859 -0.340365
v 0.272787 -0.386950 -0.361815
v 0.261850 -0.386174 -0.365323
v 0.266379 -0.387754 -0.365408
v 0.285022 -0.360880 -0.378921
v 0.275253 -0.357615 -0.384063
v 0.279440 -0.359924 -0.383669
v 0.303993 -0.334809 -0.388000
v 0.296035 -0.329057 -0.394008
v 0.299692 -0.332094 -0.393360
v 0.327844 -0.311291 -0.388162
v 0.322162 -0.303294 -0.394185
v 0.325152 -0.306988 -0.393533
v 0.354239 -0.292626 -0.379391
v 0.351077 -0.282848 -0.384577
v 0.353329 -0.287064 -0.384170
v 0.380596 -0.280643 -0.362546
v 0.379948 -0.269721 -0.366124
v 0.381464 -0.274272 -0.366189
v 0.404333 -0.276514 -0.339276
v 0.405951 -0.265198 -0.340633
v 0.406803 -0.269864 -0.341348
v 0.423128 -0.280643 -0.311858
v 0.426539 -0.269721 -0.310599
v 0.426866 -0.274272 -0.312080
v 0.435140 -0.292626 -0.282977
v 0.439698 -0.282848 -0.278962
v 0.439689 -0.287064 -0.281250
v 0.439194 -0.311291 -0.255460
v 0.444139 -0.303294 -0.248818
v 0.444017 -0.306988 -0.251876
v 0.434893 -0.334809 -0.231999
v 0.439428 -0.329057 -0.223119
v 0.439425 -0.332094 -0.226832
v 0.357294 -0.287517 -0.146708
v 0.336512 -0.316076 -0.136763
v 0.310385 -0.341839 -0.136585
v 0.370697 -0.258959 -0.165447
v 0.281471 -0.362285 -0.146193
v 0.252599 -0.375412 -0.164646
v 0.226597 -0.379935 -0.190137
v 0.206008 -0.375412 -0.220171
v 0.192849 -0.362285 -0.251808
v 0.188408 -0.341839 -0.281952
v 0.193120 -0.316076 -0.307651
v 0.206523 -0.287517 -0.326391
v 0.227304 -0.258959 -0.336336
v 0.253431 -0.233196 -0.336513
v 0.282346 -0.212750 -0.326905
v 0.311218 -0.199623 -0.308452
v 0.337220 -0.195100 -0.282961
v 0.357809 -0.199623 -0.252927
v 0.370968 -0.212750 -0.221290
v 0.375409 -0.233196 -0.191146
v 0.343708 -0.262524 -0.113132
v 0.319916 -0.295219 -0.101746
v 0.290005 -0.324714 -0.101544
v 0.256902 -0.348121 -0.112543
v 0.223848 -0.363150 -0.133669
v 0.194079 -0.368328 -0.162852
v 0.170509 -0.363150 -0.197236
v 0.155444 -0.348121 -0.233456
v 0.150360 -0.324714 -0.267966
v 0.155754 -0.295219 -0.297388
v 0.171098 -0.262524 -0.318841
v 0.194890 -0.229829 -0.330227
v 0.224801 -0.200334 -0.330430
v 0.257904 -0.176927 -0.319430
v 0.290957 -0.161899 -0.298305
v 0.320726 -0.156720 -0.269121
v 0.344297 -0.161899 -0.234737
v 0.359362 -0.176927 -0.198517
v 0.364446 -0.200334 -0.164007
v 0.359052 -0.229829 -0.134586
v 0.342006 -0.318949 -0.126724
v 0.342796 -0.318555 -0.120945
v 0.343238 -0.319357 -0.123203
v 0.312885 -0.348049 -0.120742
v 0.313250 -0.347304 -0.126529
v 0.313665 -0.348518 -0.123002
v 0.281427 -0.369806 -0.137104
v 0.279782 -0.371457 -0.131742
v 0.280937 -0.371660 -0.133877
v 0.246728 -0.386485 -0.152867
v 0.249651 -0.384254 -0.157412
v 0.248258 -0.386518 -0.154763
v 0.216959 -0.391663 -0.182050
v 0.221032 -0.389232 -0.185468
v 0.218825 -0.391638 -0.183616
v 0.193389 -0.386485 -0.216435
v 0.198372 -0.384254 -0.218523
v 0.195522 -0.386518 -0.217612
v 0.178324 -0.371457 -0.252655
v 0.183890 -0.369806 -0.253344
v 0.180628 -0.371660 -0.253421
v 0.173240 -0.348049 -0.287164
v 0.179002 -0.347304 -0.286520
v 0.175601 -0.348518 -0.287541
v 0.178634 -0.318555 -0.316586
v 0.184188 -0.318949 -0.314804
v 0.180934 -0.319357 -0.316629
v 0.193978 -0.285859 -0.338040
v 0.198939 -0.287517 -0.335429
v 0.196104 -0.287032 -0.337840
v 0.217770 -0.253164 -0.349425
v 0.221811 -0.256086 -0.346374
v 0.219627 -0.254707 -0.349097
v 0.247681 -0.223669 -0.349628
v 0.250567 -0.227731 -0.346569
v 0.249200 -0.225546 -0.349297
v 0.280784 -0.200262 -0.338629
v 0.282390 -0.205228 -0.335995
v 0.281928 -0.202403 -0.338422
v 0.313837 -0.185234 -0.317503
v 0.314166 -0.190781 -0.315686
v 0.314607 -0.187545 -0.317536
v 0.343607 -0.180055 -0.288320
v 0.342785 -0.185802 -0.287631
v 0.344039 -0.182425 -0.288683
v 0.367177 -0.185234 -0.253936
v 0.365444 -0.190781 -0.254575
v 0.367343 -0.187545 -0.254688
v 0.382242 -0.200262 -0.217716
v 0.379927 -0.205228 -0.219755
v 0.382237 -0.202403 -0.218878
v 0.387326 -0.223669 -0.183206
v 0.384815 -0.227731 -0.186579
v 0.387264 -0.225546 -0.184759
v 0.364878 -0.287517 -0.137670
v 0.366588 -0.285859 -0.132331
v 0.366761 -0.287032 -0.134459
v 0.379629 -0.256086 -0.158294
v 0.381932 -0.253164 -0.153784
v 0.381931 -0.254707 -0.155670
v 0.480123 -0.370520 -0.257215
v 0.477309 -0.376844 -0.266093
v 0.480972 -0.374079 -0.261220
v 0.484836 -0.344748 -0.282923
v 0.481658 -0.353061 -0.289818
v 0.485578 -0.348889 -0.286347
v 0.480393 -0.324295 -0.313078
v 0.477558 -0.334186 -0.317645
v 0.481236 -0.328898 -0.315819
v 0.467230 -0.311163 -0.344726
v 0.465411 -0.322068 -0.346851
v 0.468370 -0.316064 -0.346753
v 0.446634 -0.306639 -0.374771
v 0.446404 -0.317892 -0.374578
v 0.448240 -0.311641 -0.376118
v 0.420623 -0.311163 -0.400270
v 0.422400 -0.322068 -0.398110
v 0.422816 -0.316064 -0.401042
v 0.391741 -0.324295 -0.418729
v 0.395747 -0.334186 -0.415145
v 0.394587 -0.328898 -0.419084
v 0.362816 -0.344748 -0.428341
v 0.369054 -0.353061 -0.424014
v 0.366316 -0.348889 -0.428478
v 0.336680 -0.370520 -0.428163
v 0.344934 -0.376844 -0.423851
v 0.340771 -0.374079 -0.428304
v 0.315891 -0.399088 -0.418215
v 0.325749 -0.403208 -0.414670
v 0.320452 -0.402002 -0.418581
v 0.302484 -0.427657 -0.399469
v 0.313376 -0.429573 -0.397371
v 0.307347 -0.429925 -0.400259
v 0.297770 -0.453429 -0.373761
v 0.309027 -0.453356 -0.373646
v 0.302741 -0.455114 -0.375131
v 0.302213 -0.473882 -0.343607
v 0.313127 -0.472231 -0.345819
v 0.307083 -0.475105 -0.345659
v 0.315376 -0.487013 -0.311958
v 0.325274 -0.484349 -0.316612
v 0.319949 -0.487940 -0.314725
v 0.335972 -0.491538 -0.281914
v 0.344281 -0.488525 -0.288886
v 0.340079 -0.492362 -0.285360
v 0.361984 -0.487013 -0.256414
v 0.368286 -0.484349 -0.265354
v 0.365503 -0.487940 -0.260436
v 0.390865 -0.473882 -0.237955
v 0.394939 -0.472231 -0.248319
v 0.393732 -0.475105 -0.242395
v 0.419790 -0.453429 -0.228344
v 0.421631 -0.453356 -0.239449
v 0.422003 -0.455114 -0.233000
v 0.464936 -0.403208 -0.248794
v 0.466715 -0.399088 -0.238469
v 0.467867 -0.402002 -0.242897
v 0.445926 -0.427657 -0.228521
v 0.445751 -0.429573 -0.239613
v 0.447548 -0.429925 -0.233174
v -0.426143 0.072878 0.000000
v -0.426143 -0.072878 0.000000
v -0.417955 0.072878 0.083136
v -0.417955 -0.072878 0.083136
v -0.393705 0.072878 0.163078
v -0.393705 -0.072878 0.163078
v -0.354325 0.072878 0.236752
v -0.354325 -0.072878 0.236752
v -0.301329 0.072878 0.301329
v -0.301329 -0.072878 0.301329
v -0.236752 0.072878 0.354325
v -0.236753 -0.072878 0.354325
v -0.163078 0.072878 0.393705
v -0.163078 -0.072878 0.393705
v -0.083136 0.072878 0.417955
v -0.083136 -0.072878 0.417955
v 0.083136 0.072878 0.417955
v 0.083136 -0.072878 0.417955
v 0.163078 0.072878 0.393705
v 0.163078 -0.072878 0.393705
v 0.236752 0.072878 0.354325
v 0.236752 -0.072878 0.354325
v 0.301329 0.072878 0.301329
v 0.301329 -0.072878 0.301329
v 0.354325 0.072878 0.236752
v 0.354325 -0.072878 0.236752
v 0.393705 0.072878 0.163078
v 0.393705 -0.072878 0.163078
v 0.417955 0.072878 0.083136
v 0.417955 -0.072878 0.083136
v 0.426143 0.072878 0.000000
v 0.426143 -0.072878 0.000000
v -0.081138 0.068486 0.461215
v -0.081138 -0.068486 0.461215
v 0.081138 0.068486 0.461215
v 0.081138 -0.068486 0.461215
v 0.072878 0.426143 0.000000
v -0.072878 0.426143 0.000000
v 0.072878 0.417955 0.083136
v -0.072878 0.417955 0.083136
v 0.072878 0.393705 0.163078
v -0.072878 0.393705 0.163078
v 0.072878 0.354325 0.236752
v -0.072878 0.354325 0.236752
v 0.072878 0.301329 0.301329
v -0.072878 0.301329 0.301329
v 0.072878 0.236752 0.354325
v -0.072878 0.236752 0.354325
v 0.072878 0.163078 0.393705
v -0.072878 0.163078 0.393705
v 0.072878 0.083136 0.417955
v -0.072878 0.083136 0.417955
v 0.072878 -0.083136 0.417955
v -0.072878 -0.083136 0.417955
v 0.072878 -0.163078 0.393705
v -0.072878 -0.163078 0.393705
v 0.072878 -0.236752 0.354325
v -0.072878 -0.236752 0.354325
v 0.072878 -0.301329 0.301329
v -0.072878 -0.301329 0.301329
v 0.072878 -0.354325 0.236752
v -0.072878 -0.354325 0.236752
v 0.072878 -0.393705 0.163078
v -0.072878 -0.393705 0.163078
v 0.072878 -0.417955 0.083136
v -0.072878 -0.417955 0.083136
v 0.072878 -0.426143 0.000000
v -0.072878 -0.426143 0.000000
v 0.068486 0.081138 0.461215
v -0.068486 0.081138 0.461215
v 0.068486 -0.081138 0.461215
v -0.068486 -0.081138 0.461215
v -0.081138 -0.068486 0.455318
v -0.081138 0.068486 0.455318
v 0.081138 -0.068486 0.455318
v 0.081138 0.068486 0.455318
v -0.068486 0.081138 0.455318
v 0.068486 0.081138 0.455318
v -0.068486 -0.081138 0.455318
v 0.068486 -0.081138 0.455318
v -0.470251 0.067018 0.000000
v -0.464406 0.072878 0.000000
v -0.468539 0.071162 0.000000
v -0.464406 -0.072878 0.000000
v -0.470251 -0.067017 0.000000
v -0.468539 -0.071161 0.000000
v -0.461215 0.067016 0.091741
v -0.455483 0.072878 0.090601
v -0.459536 0.071161 0.091407
v -0.455483 -0.072878 0.090601
v -0.461215 -0.067015 0.091741
v -0.459536 -0.071161 0.091407
v -0.434455 0.067010 0.179957
v -0.429055 0.072878 0.177720
v -0.432874 0.071159 0.179302
v -0.429055 -0.072878 0.177720
v -0.434455 -0.067010 0.179957
v -0.432874 -0.071159 0.179302
v -0.390999 0.067001 0.261257
v -0.386139 0.072878 0.258010
v -0.389576 0.071156 0.260306
v -0.386139 -0.072878 0.258010
v -0.390999 -0.067000 0.261257
v -0.389576 -0.071156 0.260306
v -0.332518 0.066986 0.332518
v -0.328384 0.072878 0.328384
v -0.331307 0.071152 0.331307
v -0.328384 -0.072878 0.328384
v -0.332518 -0.066986 0.332518
v -0.331307 -0.071152 0.331307
v -0.261257 0.066965 0.390999
v -0.258010 0.072878 0.386139
v -0.260306 0.071146 0.389576
v -0.258010 -0.072878 0.386139
v -0.261257 -0.066965 0.390999
v -0.260306 -0.071146 0.389576
v -0.179957 0.066937 0.434455
v -0.177720 0.072878 0.429054
v -0.179302 0.071138 0.432873
v -0.177720 -0.072878 0.429054
v -0.179957 -0.066937 0.434455
v -0.179302 -0.071138 0.432873
v 0.179957 0.066937 0.434455
v 0.177720 0.072878 0.429054
v 0.179302 0.071138 0.432873
v 0.177720 -0.072878 0.429054
v 0.179957 -0.066937 0.434455
v 0.179302 -0.071138 0.432873
v 0.261257 0.066965 0.390999
v 0.258010 0.072878 0.386139
v 0.260306 0.071146 0.389576
v 0.258009 -0.072878 0.386139
v 0.261257 -0.066965 0.390999
v 0.260306 -0.071146 0.389576
v 0.332518 0.066986 0.332518
v 0.328384 0.072878 0.328384
v 0.331307 0.071152 0.331307
v 0.328384 -0.072878 0.328384
v 0.332518 -0.066986 0.332518
v 0.331307 -0.071152 0.331307
v 0.390999 0.067000 0.261257
v 0.386139 0.072878 0.258010
v 0.389576 0.071156 0.260306
v 0.386139 -0.072878 0.258010
v 0.390999 -0.067001 0.261257
v 0.389576 -0.071157 0.260306
v 0.434455 0.067010 0.179957
v 0.429055 0.072878 0.177721
v 0.432874 0.071159 0.179302
v 0.429055 -0.072878 0.177720
v 0.434455 -0.067010 0.179957
v 0.432873 -0.071159 0.179302
v 0.461215 0.067015 0.091741
v 0.455483 0.072878 0.090601
v 0.459536 0.071161 0.091407
v 0.455483 -0.072878 0.090601
v 0.461215 -0.067016 0.091741
v 0.459536 -0.071161 0.091407
v 0.464406 0.072878 0.000000
v 0.470251 0.067017 0.000000
v 0.468539 0.071161 0.000000
v 0.470251 -0.067018 0.000000
v 0.464406 -0.072878 0.000000
v 0.468539 -0.071162 0.000000
v 0.067018 0.470251 0.000000
v 0.072878 0.464406 0.000000
v 0.071161 0.468539 0.000000
v -0.072878 0.464406 0.000000
v -0.067017 0.470251 0.000000
v -0.071161 0.468539 0.000000
v 0.067016 0.461215 0.091741
v 0.072878 0.455483 0.090601
v 0.071161 0.459536 0.091407
v -0.072878 0.455483 0.090601
v -0.067016 0.461215 0.091741
v -0.071161 0.459536 0.091407
v 0.067010 0.434455 0.179957
v 0.072878 0.429055 0.177720
v 0.071159 0.432873 0.179302
v -0.072878 0.429055 0.177720
v -0.067010 0.434455 0.179957
v -0.071159 0.432874 0.179302
v 0.067001 0.390999 0.261257
v 0.072878 0.386139 0.258010
v 0.071156 0.389576 0.260306
v -0.072878 0.386139 0.258010
v -0.067000 0.390999 0.261257
v -0.071156 0.389576 0.260306
v 0.066986 0.332518 0.332518
v 0.072878 0.328384 0.328384
v 0.071152 0.331307 0.331307
v -0.072878 0.328384 0.328384
v -0.066986 0.332518 0.332518
v -0.071152 0.331307 0.331307
v 0.066965 0.261257 0.390999
v 0.072878 0.258010 0.386139
v 0.071146 0.260306 0.389576
v -0.072878 0.258010 0.386139
v -0.066965 0.261257 0.390999
v -0.071146 0.260306 0.389576
v 0.066937 0.179957 0.434455
v 0.072878 0.177720 0.429054
v 0.071138 0.179302 0.432873
v -0.072878 0.177720 0.429054
v -0.066937 0.179957 0.434455
v -0.071138 0.179302 0.432873
v 0.066937 -0.179957 0.434455
v 0.072878 -0.177720 0.429054
v 0.071138 -0.179302 0.432873
v -0.072878 -0.177720 0.429054
v -0.066937 -0.179957 0.434455
v -0.071138 -0.179302 0.432873
v 0.066965 -0.261257 0.390999
v 0.072878 -0.258010 0.386139
v 0.071146 -0.260306 0.389576
v -0.072878 -0.258010 0.386139
v -0.066965 -0.261257 0.390999
v -0.071146 -0.260306 0.389576
v 0.066986 -0.332518 0.332518
v 0.072878 -0.328384 0.328384
v 0.071152 -0.331307 0.331307
v -0.072878 -0.328384 0.328384
v -0.066986 -0.332518 0.332518
v -0.071152 -0.331307 0.331307
v 0.067000 -0.390999 0.261257
v 0.072878 -0.386139 0.258010
v 0.071156 -0.389576 0.260306
v -0.072878 -0.386139 0.258010
v -0.067001 -0.390999 0.261257
v -0.071156 -0.389576 0.260306
v 0.067010 -0.434455 0.179957
v 0.072878 -0.429055 0.177720
v 0.071159 -0.432874 0.179302
v -0.072878 -0.429055 0.177720
v -0.067010 -0.434455 0.179957
v -0.071159 -0.432873 0.179302
v 0.067016 -0.461215 0.091741
v 0.072878 -0.455483 0.090601
v 0.071161 -0.459536 0.091407
v -0.072878 -0.455483 0.090601
v -0.067016 -0.461215 0.091741
v -0.071161 -0.459536 0.091407
v 0.072878 -0.464406 0.000000
v 0.067017 -0.470251 0.000000
v 0.071161 -0.468539 0.000000
v -0.067018 -0.470251 0.000000
v -0.072878 -0.464406 0.000000
v -0.071161 -0.468539 0.000000
v -0.090601 -0.072878 0.455480
v -0.091741 -0.066899 0.461215
v -0.091407 -0.071127 0.459535
v -0.091741 0.066899 0.461215
v -0.090601 0.072878 0.455480
v -0.091407 0.071126 0.459535
v 0.091741 -0.066899 0.461215
v 0.090601 -0.072878 0.455480
v 0.091407 -0.071127 0.459535
v 0.090601 0.072878 0.455480
v 0.091741 0.066898 0.461215
v 0.091407 0.071126 0.459535
v -0.072878 0.090601 0.455480
v -0.066899 0.091741 0.461215
v -0.071127 0.091407 0.459535
v 0.066899 0.091741 0.461215
v 0.072878 0.090601 0.455480
v 0.071126 0.091407 0.459535
v -0.066899 -0.091741 0.461215
v -0.072878 -0.090601 0.455480
v -0.071127 -0.091407 0.459535
v 0.072878 -0.090601 0.455480
v 0.066899 -0.091741 0.461215
v 0.071126 -0.091407 0.459535
v -0.417955 0.072878 -0.083136
v -0.417955 -0.072878 -0.083136
v -0.393705 0.072878 -0.163078
v -0.393705 -0.072878 -0.163078
v -0.354325 0.072878 -0.236752
v -0.354325 -0.072878 -0.236752
v -0.301329 0.072878 -0.301329
v -0.301329 -0.072878 -0.301329
v -0.236752 0.072878 -0.354325
v -0.236753 -0.072878 -0.354325
v -0.163078 0.072878 -0.393705
v -0.163078 -0.072878 -0.393705
v -0.083136 0.072878 -0.417955
v -0.083136 -0.072878 -0.417955
v 0.083136 0.072878 -0.417955
v 0.083136 -0.072878 -0.417955
v 0.163078 0.072878 -0.393705
v 0.163078 -0.072878 -0.393705
v 0.236752 0.072878 -0.354325
v 0.236752 -0.072878 -0.354325
v 0.301329 0.072878 -0.301329
v 0.301329 -0.072878 -0.301329
v 0.354325 0.072878 -0.236752
v 0.354325 -0.072878 -0.236752
v 0.393705 0.072878 -0.163078
v 0.393705 -0.072878 -0.163078
v 0.417955 0.072878 -0.083136
v 0.417955 -0.072878 -0.083136
v -0.081138 0.068486 -0.461215
v -0.081138 -0.068486 -0.461215
v 0.081138 0.068486 -0.461215
v 0.081138 -0.068486 -0.461215
v 0.072878 0.417955 -0.083136
v -0.072878 0.417955 -0.083136
v 0.072878 0.393705 -0.163078
v -0.072878 0.393705 -0.163078
v 0.072878 0.354325 -0.236752
v -0.072878 0.354325 -0.236752
v 0.072878 0.301329 -0.301329
v -0.072878 0.301329 -0.301329
v 0.072878 0.236752 -0.354325
v -0.072878 0.236752 -0.354325
v 0.072878 0.163078 -0.393705
v -0.072878 0.163078 -0.393705
v 0.072878 0.083136 -0.417955
v -0.072878 0.083136 -0.417955
v 0.072878 -0.083136 -0.417955
v -0.072878 -0.083136 -0.417955
v 0.072878 -0.163078 -0.393705
v -0.072878 -0.163078 -0.393705
v 0.072878 -0.236752 -0.354325
v -0.072878 -0.236752 -0.354325
v 0.072878 -0.301329 -0.301329
v -0.072878 -0.301329 -0.301329
v 0.072878 -0.354325 -0.236752
v -0.072878 -0.354325 -0.236752
v 0.072878 -0.393705 -0.163078
v -0.072878 -0.393705 -0.163078
v 0.072878 -0.417955 -0.083136
v -0.072878 -0.417955 -0.083136
v 0.068486 0.081138 -0.461215
v -0.068486 0.081138 -0.461215
v 0.068486 -0.081138 -0.461215
v -0.068486 -0.081138 -0.461215
v -0.081138 -0.068486 -0.455318
v -0.081138 0.068486 -0.455318
v 0.081138 -0.068486 -0.455318
v 0.081138 0.068486 -0.455318
v -0.068486 0.081138 -0.455318
v 0.068486 0.081138 -0.455318
v -0.068486 -0.081138 -0.455318
v 0.068486 -0.081138 -0.455318
v -0.461215 0.067016 -0.091741
v -0.455483 0.072878 -0.090601
v -0.459536 0.071161 -0.091407
v -0.455483 -0.072878 -0.090601
v -0.461215 -0.067015 -0.091741
v -0.459536 -0.071161 -0.091407
v -0.434455 0.067010 -0.179957
v -0.429055 0.072878 -0.177720
v -0.432874 0.071159 -0.179302
v -0.429055 -0.072878 -0.177720
v -0.434455 -0.067010 -0.179957
v -0.432874 -0.071159 -0.179302
v -0.390999 0.067001 -0.261257
v -0.386139 0.072878 -0.258010
v -0.389576 0.071156 -0.260306
v -0.386139 -0.072878 -0.258010
v -0.390999 -0.067000 -0.261257
v -0.389576 -0.071156 -0.260306
v -0.332518 0.066986 -0.332518
v -0.328384 0.072878 -0.328384
v -0.331307 0.071152 -0.331307
v -0.328384 -0.072878 -0.328384
v -0.332518 -0.066986 -0.332518
v -0.331307 -0.071152 -0.331307
v -0.261257 0.066965 -0.390999
v -0.258010 0.072878 -0.386139
v -0.260306 0.071146 -0.389576
v -0.258010 -0.072878 -0.386139
v -0.261257 -0.066965 -0.390999
v -0.260306 -0.071146 -0.389576
v -0.179957 0.066937 -0.434455
v -0.177720 0.072878 -0.429054
v -0.179302 0.071138 -0.432873
v -0.177720 -0.072878 -0.429054
v -0.179957 -0.066937 -0.434455
v -0.179302 -0.071138 -0.432873
v 0.179957 0.066937 -0.434455
v 0.177720 0.072878 -0.429054
v 0.179302 0.071138 -0.432873
v 0.177720 -0.072878 -0.429054
v 0.179957 -0.066937 -0.434455
v 0.179302 -0.071138 -0.432873
v 0.261257 0.066965 -0.390999
v 0.258010 0.072878 -0.386139
v 0.260306 0.071146 -0.389576
v 0.258009 -0.072878 -0.386139
v 0.261257 -0.066965 -0.390999
v 0.260306 -0.071146 -0.389576
v 0.332518 0.066986 -0.332518
v 0.328384 0.072878 -0.328384
v 0.331307 0.071152 -0.331307
v 0.328384 -0.072878 -0.328384
v 0.332518 -0.066986 -0.332518
v 0.331307 -0.071152 -0.331307
v 0.390999 0.067000 -0.261257
v 0.386139 0.072878 -0.258010
v 0.389576 0.071156 -0.260306
v 0.386139 -0.072878 -0.258010
v 0.390999 -0.067001 -0.261257
v 0.389576 -0.071157 -0.260306
v 0.434455 0.067010 -0.179957
v 0.429055 0.072878 -0.177721
v 0.432874 0.071159 -0.179302
v 0.429055 -0.072878 -0.177720
v 0.434455 -0.067010 -0.179957
v 0.432873 -0.071159 -0.179302
v 0.461215 0.067015 -0.091741
v 0.455483 0.072878 -0.090601
v 0.459536 0.071161 -0.091407
v 0.455483 -0.072878 -0.090601
v 0.461215 -0.067016 -0.091741
v 0.459536 -0.071161 -0.091407
v 0.067016 0.461215 -0.091741
v 0.072878 0.455483 -0.090601
v 0.071161 0.459536 -0.091407
v -0.072878 0.455483 -0.090601
v -0.067016 0.461215 -0.091741
v -0.071161 0.459536 -0.091407
v 0.067010 0.434455 -0.179957
v 0.072878 0.429055 -0.177720
v 0.071159 0.432873 -0.179302
v -0.072878 0.429055 -0.177720
v -0.067010 0.434455 -0.179957
v -0.071159 0.432874 -0.179302
v 0.067001 0.390999 -0.261257
v 0.072878 0.386139 -0.258010
v 0.071156 0.389576 -0.260306
v -0.072878 0.386139 -0.258010
v -0.067000 0.390999 -0.261257
v -0.071156 0.389576 -0.260306
v 0.066986 0.332518 -0.332518
v 0.072878 0.328384 -0.328384
v 0.071152 0.331307 -0.331307
v -0.072878 0.328384 -0.328384
v -0.066986 0.332518 -0.332518
v -0.071152 0.331307 -0.331307
v 0.066965 0.261257 -0.390999
v 0.072878 0.258010 -0.386139
v 0.071146 0.260306 -0.389576
v -0.072878 0.258010 -0.386139
v -0.066965 0.261257 -0.390999
v -0.071146 0.260306 -0.389576
v 0.066937 0.179957 -0.434455
v 0.072878 0.177720 -0.429054
v 0.071138 0.179302 -0.432873
v -0.072878 0.177720 -0.429054
v -0.066937 0.179957 -0.434455
v -0.071138 0.179302 -0.432873
v 0.066937 -0.179957 -0.434455
v 0.072878 -0.177720 -0.429054
v 0.071138 -0.179302 -0.432873
v -0.072878 -0.177720 -0.429054
v -0.066937 -0.179957 -0.434455
v -0.071138 -0.179302 -0.432873
v 0.066965 -0.261257 -0.390999
v 0.072878 -0.258010 -0.386139
v 0.071146 -0.260306 -0.389576
v -0.072878 -0.258010 -0.386139
v -0.066965 -0.261257 -0.390999
v -0.071146 -0.260306 -0.389576
v 0.066986 -0.332518 -0.332518
v 0.072878 -0.328384 -0.328384
v 0.071152 -0.331307 -0.331307
v -0.072878 -0.328384 -0.328384
v -0.066986 -0.332518 -0.332518
v -0.071152 -0.331307 -0.331307
v 0.067000 -0.390999 -0.261257
v 0.072878 -0.386139 -0.258010
v 0.071156 -0.389576 -0.260306
v -0.072878 -0.386139 -0.258010
v -0.067001 -0.390999 -0.261257
v -0.071156 -0.389576 -0.260306
v 0.067010 -0.434455 -0.179957
v 0.072878 -0.429055 -0.177720
v 0.071159 -0.432874 -0.179302
v -0.072878 -0.429055 -0.177720
v -0.067010 -0.434455 -0.179957
v -0.071159 -0.432873 -0.179302
v 0.067016 -0.461215 -0.091741
v 0.072878 -0.455483 -0.090601
v 0.071161 -0.459536 -0.091407
v -0.072878 -0.455483 -0.090601
v -0.067016 -0.461215 -0.091741
v -0.071161 -0.459536 -0.091407
v -0.090601 -0.072878 -0.455480
v -0.091741 -0.066899 -0.461215
v -0.091407 -0.071127 -0.459535
v -0.091741 0.066899 -0.461215
v -0.090601 0.072878 -0.455480
v -0.091407 0.071126 -0.459535
v 0.091741 -0.066899 -0.461215
v 0.090601 -0.072878 -0.455480
v 0.091407 -0.071127 -0.459535
v 0.090601 0.072878 -0.455480
v 0.091741 0.066898 -0.461215
v 0.091407 0.071126 -0.459535
v -0.072878 0.090601 -0.455480
v -0.066899 0.091741 -0.461215
v -0.071127 0.091407 -0.459535
v 0.066899 0.091741 -0.461215
v 0.072878 0.090601 -0.455480
v 0.071126 0.091407 -0.459535
v -0.066899 -0.091741 -0.461215
v -0.072878 -0.090601 -0.455480
v -0.071127 -0.091407 -0.459535
v 0.072878 -0.090601 -0.455480
v 0.066899 -0.091741 -0.461215
v 0.071126 -0.091407 -0.459535
vn 0.1484 0.9217 -0.3584
vn 0.0855 0.9747 -0.2064
vn 0.1241 0.9747 -0.1858
vn 0.2155 0.9217 -0.3225
vn -0.0000 0.8286 -0.5598
vn -0.0000 0.9217 -0.3879
vn 0.0757 0.9217 -0.3804
vn 0.1092 0.8286 -0.5490
vn -0.0000 0.7041 -0.7101
vn 0.1385 0.7041 -0.6965
vn -0.0000 0.5528 -0.8333
vn 0.1626 0.5528 -0.8173
vn -0.0000 0.3805 -0.9248
vn 0.1804 0.3805 -0.9070
vn -0.0000 0.1939 -0.9810
vn 0.1914 0.1939 -0.9622
vn -0.0000 -0.0000 -1.0000
vn 0.1951 -0.0000 -0.9808
vn 0.3539 0.3805 -0.8544
vn 0.3754 0.1939 -0.9063
vn 0.3827 -0.0000 -0.9239
vn 0.2142 0.8286 -0.5172
vn 0.2718 0.7041 -0.6561
vn 0.3189 0.5528 -0.7699
vn 0.3110 0.8286 -0.4654
vn 0.3945 0.7041 -0.5905
vn 0.4630 0.5528 -0.6929
vn 0.5138 0.3805 -0.7689
vn 0.5450 0.1939 -0.8157
vn 0.5556 -0.0000 -0.8315
vn 0.1580 0.9747 -0.1580
vn 0.2743 0.9217 -0.2743
vn 0.6937 0.1939 -0.6937
vn 0.7071 -0.0000 -0.7071
vn 0.1858 0.9747 -0.1241
vn 0.3225 0.9217 -0.2155
vn 0.3958 0.8286 -0.3958
vn 0.5021 0.7041 -0.5021
vn 0.5893 0.5528 -0.5893
vn 0.6539 0.3805 -0.6539
vn 0.5905 0.7041 -0.3945
vn 0.6929 0.5528 -0.4630
vn 0.7689 0.3805 -0.5138
vn 0.8157 0.1939 -0.5450
vn 0.8315 -0.0000 -0.5556
vn 0.2064 0.9747 -0.0855
vn 0.3584 0.9217 -0.1484
vn 0.4654 0.8286 -0.3110
vn 0.2192 0.9747 -0.0436
vn 0.3804 0.9217 -0.0757
vn 0.5172 0.8286 -0.2142
vn 0.6561 0.7041 -0.2718
vn 0.7699 0.5528 -0.3189
vn 0.8544 0.3805 -0.3539
vn 0.9063 0.1939 -0.3754
vn 0.9239 -0.0000 -0.3827
vn 0.6965 0.7041 -0.1385
vn 0.8173 0.5528 -0.1626
vn 0.9070 0.3805 -0.1804
vn 0.9622 0.1939 -0.1914
vn 0.9808 -0.0000 -0.1951
vn 0.2235 0.9747 -0.0000
vn 0.3879 0.9217 -0.0000
vn 0.5490 0.8286 -0.1092
vn 0.2192 0.9747 0.0436
vn 0.3804 0.9217 0.0757
vn 0.5598 0.8286 -0.0000
vn 0.7101 0.7041 -0.0000
vn 0.8333 0.5528 -0.0000
vn 0.9248 0.3805 -0.0000
vn 0.9810 0.1939 -0.0000
vn 1.0000 -0.0000 -0.0000
vn 0.8173 0.5528 0.1626
vn 0.9070 0.3805 0.1804
vn 0.9622 0.1939 0.1914
vn 0.9808 -0.0000 0.1951
vn 0.2064 0.9747 0.0855
vn 0.3584 0.9217 0.1484
vn 0.5490 0.8286 0.1092
vn 0.6965 0.7041 0.1385
vn 0.1858 0.9747 0.1241
vn 0.3225 0.9217 0.2155
vn 0.5172 0.8286 0.2142
vn 0.6561 0.7041 0.2718
vn 0.7699 0.5528 0.3189
vn 0.8544 0.3805 0.3539
vn 0.9063 0.1939 0.3754
vn 0.9239 -0.0000 0.3827
vn 0.6929 0.5528 0.4630
vn 0.7689 0.3805 0.5138
vn 0.8157 0.1939 0.5450
vn 0.8315 -0.0000 0.5556
vn 0.1580 0.9747 0.1580
vn 0.2743 0.9217 0.2743
vn 0.4654 0.8286 0.3110
vn 0.5905 0.7041 0.3945
vn 0.3958 0.8286 0.3958
vn 0.5021 0.7041 0.5021
vn 0.5893 0.5528 0.5893
vn 0.6539 0.3805 0.6539
vn 0.6937 0.1939 0.6937
vn 0.7071 -0.0000 0.7071
vn 0.1241 0.9747 0.1858
vn 0.2155 0.9217 0.3225
vn 0.5138 0.3805 0.7689
vn 0.5450 0.1939 0.8157
vn 0.5556 -0.0000 0.8315
vn 0.0855 0.9747 0.2064
vn 0.1484 0.9217 0.3584
vn 0.3110 0.8286 0.4654
vn 0.3945 0.7041 0.5905
vn 0.4630 0.5528 0.6929
vn 0.2142 0.8286 0.5172
vn 0.2718 0.7041 0.6561
vn 0.3189 0.5528 0.7699
vn 0.3539 0.3805 0.8544
vn 0.3754 0.1939 0.9063
vn 0.3827 -0.0000 0.9239
vn 0.0436 0.9747 0.2192
vn 0.0757 0.9217 0.3804
vn 0.1914 0.1939 0.9622
vn 0.1951 -0.0000 0.9808
vn -0.0000 0.9747 0.2235
vn -0.0000 0.9217 0.3879
vn 0.1092 0.8286 0.5490
vn 0.1385 0.7041 0.6965
vn 0.1626 0.5528 0.8173
vn 0.1804 0.3805 0.9070
vn -0.0000 0.8286 0.5598
vn -0.0000 0.7041 0.7101
vn -0.0000 0.5528 0.8333
vn -0.0000 0.3805 0.9248
vn -0.0000 0.1939 0.9810
vn -0.0000 -0.0000 1.0000
vn -0.0436 0.9747 0.2192
vn -0.0757 0.9217 0.3804
vn -0.1914 0.1939 0.9622
vn -0.1951 -0.0000 0.9808
vn -0.0855 0.9747 0.2064
vn -0.1484 0.9217 0.3584
vn -0.1092 0.8286 0.5490
vn -0.1385 0.7041 0.6965
vn -0.1626 0.5528 0.8173
vn -0.1804 0.3805 0.9070
vn -0.2718 0.7041 0.6561
vn -0.3189 0.5528 0.7699
vn -0.3539 0.3805 0.8544
vn -0.3754 0.1939 0.9063
vn -0.3827 -0.0000 0.9239
vn -0.1241 0.9747 0.1858
vn -0.2155 0.9217 0.3225
vn -0.2142 0.8286 0.5172
vn -0.1580 0.9747 0.1580
vn -0.2743 0.9217 0.2743
vn -0.3110 0.8286 0.4654
vn -0.3945 0.7041 0.5905
vn -0.4630 0.5528 0.6929
vn -0.5138 0.3805 0.7689
vn -0.5450 0.1939 0.8157
vn -0.5556 -0.0000 0.8315
vn -0.5021 0.7041 0.5021
vn -0.5893 0.5528 0.5893
vn -0.6539 0.3805 0.6539
vn -0.6937 0.1939 0.6937
vn -0.7071 -0.0000 0.7071
vn -0.1858 0.9747 0.1241
vn -0.3225 0.9217 0.2155
vn -0.3958 0.8286 0.3958
vn -0.2064 0.9747 0.0855
vn -0.3584 0.9217 0.1484
vn -0.4654 0.8286 0.3110
vn -0.5905 0.7041 0.3945
vn -0.6929 0.5528 0.4630
vn -0.7689 0.3805 0.5138
vn -0.8157 0.1939 0.5450
vn -0.8315 -0.0000 0.5556
vn -0.7699 0.5528 0.3189
vn -0.8544 0.3805 0.3539
vn -0.9063 0.1939 0.3754
vn -0.9239 -0.0000 0.3827
vn -0.2192 0.9747 0.0436
vn -0.3804 0.9217 0.0757
vn -0.5172 0.8286 0.2142
vn -0.6561 0.7041 0.2718
vn -0.5490 0.8286 0.1092
vn -0.6965 0.7041 0.1385
vn -0.8173 0.5528 0.1626
vn -0.9070 0.3805 0.1804
vn -0.9622 0.1939 0.1914
vn -0.9808 -0.0000 0.1951
vn -0.2235 0.9747 -0.0000
vn -0.3879 0.9217 -0.0000
vn -0.9248 0.3805 -0.0000
vn -0.9810 0.1939 -0.0000
vn -1.0000 -0.0000 -0.0000
vn -0.2192 0.9747 -0.0436
vn -0.3804 0.9217 -0.0757
vn -0.5598 0.8286 -0.0000
vn -0.7101 0.7041 -0.0000
vn -0.8333 0.5528 -0.0000
vn -0.5490 0.8286 -0.1092
vn -0.6965 0.7041 -0.1385
vn -0.8173 0.5528 -0.1626
vn -0.9070 0.3805 -0.1804
vn -0.9622 0.1939 -0.1914
vn -0.9808 -0.0000 -0.1951
vn -0.2064 0.9747 -0.0855
vn -0.3584 0.9217 -0.1484
vn -0.8544 0.3805 -0.3539
vn -0.9063 0.1939 -0.3754
vn -0.9239 -0.0000 -0.3827
vn -0.1858 0.9747 -0.1241
vn -0.3225 0.9217 -0.2155
vn -0.5172 0.8286 -0.2142
vn -0.6561 0.7041 -0.2718
vn -0.7699 0.5528 -0.3189
vn -0.4654 0.8286 -0.3110
vn -0.5905 0.7041 -0.3945
vn -0.6929 0.5528 -0.4630
vn -0.7689 0.3805 -0.5138
vn -0.8157 0.1939 -0.5450
vn -0.8315 -0.0000 -0.5556
vn -0.1580 0.9747 -0.1580
vn -0.2743 0.9217 -0.2743
vn -0.6937 0.1939 -0.6937
vn -0.7071 -0.0000 -0.7071
vn -0.1241 0.9747 -0.1858
vn -0.2155 0.9217 -0.3225
vn -0.3958 0.8286 -0.3958
vn -0.5021 0.7041 -0.5021
vn -0.5893 0.5528 -0.5893
vn -0.6539 0.3805 -0.6539
vn -0.3110 0.8286 -0.4654
vn -0.3945 0.7041 -0.5905
vn -0.4630 0.5528 -0.6929
vn -0.5138 0.3805 -0.7689
vn -0.5450 0.1939 -0.8157
vn -0.5556 -0.0000 -0.8315
vn -0.0855 0.9747 -0.2064
vn -0.1484 0.9217 -0.3584
vn -0.3754 0.1939 -0.9063
vn -0.3827 -0.0000 -0.9239
vn -0.0436 0.9747 -0.2192
vn -0.0757 0.9217 -0.3804
vn -0.2142 0.8286 -0.5172
vn -0.2718 0.7041 -0.6561
vn -0.3189 0.5528 -0.7699
vn -0.3539 0.3805 -0.8544
vn -0.1385 0.7041 -0.6965
vn -0.1626 0.5528 -0.8173
vn -0.1804 0.3805 -0.9070
vn -0.1914 0.1939 -0.9622
vn -0.1951 -0.0000 -0.9808
vn -0.0000 0.9747 -0.2235
vn -0.1092 0.8286 -0.5490
vn 0.0436 0.9747 -0.2192
vn 0.0286 0.9892 -0.1439
vn 0.0561 0.9892 -0.1355
vn 0.0815 0.9892 -0.1220
vn 0.1037 0.9892 -0.1037
vn 0.1220 0.9892 -0.0815
vn 0.1355 0.9892 -0.0561
vn 0.1439 0.9892 -0.0286
vn 0.1467 0.9892 -0.0000
vn 0.1439 0.9892 0.0286
vn 0.1355 0.9892 0.0561
vn 0.1220 0.9892 0.0815
vn 0.1037 0.9892 0.1037
vn 0.0815 0.9892 0.1220
vn 0.0561 0.9892 0.1355
vn 0.0286 0.9892 0.1439
vn -0.0000 0.9892 0.1467
vn -0.0286 0.9892 0.1439
vn -0.0561 0.9892 0.1355
vn -0.0815 0.9892 0.1220
vn -0.1037 0.9892 0.1037
vn -0.1220 0.9892 0.0815
vn -0.1355 0.9892 0.0561
vn -0.1439 0.9892 0.0286
vn -0.1467 0.9892 -0.0000
vn -0.1439 0.9892 -0.0286
vn -0.1355 0.9892 -0.0561
vn -0.1220 0.9892 -0.0815
vn -0.1037 0.9892 -0.1037
vn -0.0815 0.9892 -0.1220
vn -0.0561 0.9892 -0.1355
vn -0.0286 0.9892 -0.1439
vn -0.0000 0.9892 -0.1467
vn 0.1484 -0.9217 -0.3584
vn 0.2155 -0.9217 -0.3225
vn 0.1241 -0.9747 -0.1858
vn 0.0855 -0.9747 -0.2064
vn -0.0000 -0.8286 -0.5598
vn 0.1092 -0.8286 -0.5490
vn 0.0757 -0.9217 -0.3804
vn -0.0000 -0.9217 -0.3879
vn -0.0000 -0.7041 -0.7101
vn 0.1385 -0.7041 -0.6965
vn -0.0000 -0.5528 -0.8333
vn 0.1626 -0.5528 -0.8173
vn -0.0000 -0.3805 -0.9248
vn 0.1804 -0.3805 -0.9070
vn -0.0000 -0.1939 -0.9810
vn 0.1914 -0.1939 -0.9622
vn 0.3754 -0.1939 -0.9063
vn 0.3539 -0.3805 -0.8544
vn 0.2142 -0.8286 -0.5172
vn 0.2718 -0.7041 -0.6561
vn 0.3189 -0.5528 -0.7699
vn 0.3945 -0.7041 -0.5905
vn 0.3110 -0.8286 -0.4654
vn 0.4630 -0.5528 -0.6929
vn 0.5138 -0.3805 -0.7689
vn 0.5450 -0.1939 -0.8157
vn 0.2743 -0.9217 -0.2743
vn 0.1580 -0.9747 -0.1580
vn 0.6937 -0.1939 -0.6937
vn 0.3225 -0.9217 -0.2155
vn 0.1858 -0.9747 -0.1241
vn 0.3958 -0.8286 -0.3958
vn 0.5021 -0.7041 -0.5021
vn 0.5893 -0.5528 -0.5893
vn 0.6539 -0.3805 -0.6539
vn 0.6929 -0.5528 -0.4630
vn 0.5905 -0.7041 -0.3945
vn 0.7689 -0.3805 -0.5138
vn 0.8157 -0.1939 -0.5450
vn 0.3584 -0.9217 -0.1484
vn 0.2064 -0.9747 -0.0855
vn 0.4654 -0.8286 -0.3110
vn 0.3804 -0.9217 -0.0757
vn 0.2192 -0.9747 -0.0436
vn 0.5172 -0.8286 -0.2142
vn 0.6561 -0.7041 -0.2718
vn 0.7699 -0.5528 -0.3189
vn 0.8544 -0.3805 -0.3539
vn 0.9063 -0.1939 -0.3754
vn 0.8173 -0.5528 -0.1626
vn 0.6965 -0.7041 -0.1385
vn 0.9070 -0.3805 -0.1804
vn 0.9622 -0.1939 -0.1914
vn 0.3879 -0.9217 -0.0000
vn 0.2235 -0.9747 -0.0000
vn 0.5490 -0.8286 -0.1092
vn 0.3804 -0.9217 0.0757
vn 0.2192 -0.9747 0.0436
vn 0.5598 -0.8286 -0.0000
vn 0.7101 -0.7041 -0.0000
vn 0.8333 -0.5528 -0.0000
vn 0.9248 -0.3805 -0.0000
vn 0.9810 -0.1939 -0.0000
vn 0.9070 -0.3805 0.1804
vn 0.8173 -0.5528 0.1626
vn 0.9622 -0.1939 0.1914
vn 0.3584 -0.9217 0.1484
vn 0.2064 -0.9747 0.0855
vn 0.5490 -0.8286 0.1092
vn 0.6965 -0.7041 0.1385
vn 0.3225 -0.9217 0.2155
vn 0.1858 -0.9747 0.1241
vn 0.5172 -0.8286 0.2142
vn 0.6561 -0.7041 0.2718
vn 0.7699 -0.5528 0.3189
vn 0.8544 -0.3805 0.3539
vn 0.9063 -0.1939 0.3754
vn 0.7689 -0.3805 0.5138
vn 0.6929 -0.5528 0.4630
vn 0.8157 -0.1939 0.5450
vn 0.2743 -0.9217 0.2743
vn 0.1580 -0.9747 0.1580
vn 0.4654 -0.8286 0.3110
vn 0.5905 -0.7041 0.3945
vn 0.3958 -0.8286 0.3958
vn 0.5021 -0.7041 0.5021
vn 0.5893 -0.5528 0.5893
vn 0.6539 -0.3805 0.6539
vn 0.6937 -0.1939 0.6937
vn 0.2155 -0.9217 0.3225
vn 0.1241 -0.9747 0.1858
vn 0.5450 -0.1939 0.8157
vn 0.5138 -0.3805 0.7689
vn 0.1484 -0.9217 0.3584
vn 0.0855 -0.9747 0.2064
vn 0.3110 -0.8286 0.4654
vn 0.3945 -0.7041 0.5905
vn 0.4630 -0.5528 0.6929
vn 0.2718 -0.7041 0.6561
vn 0.2142 -0.8286 0.5172
vn 0.3189 -0.5528 0.7699
vn 0.3539 -0.3805 0.8544
vn 0.3754 -0.1939 0.9063
vn 0.0757 -0.9217 0.3804
vn 0.0436 -0.9747 0.2192
vn 0.1914 -0.1939 0.9622
vn -0.0000 -0.9217 0.3879
vn -0.0000 -0.9747 0.2235
vn 0.1092 -0.8286 0.5490
vn 0.1385 -0.7041 0.6965
vn 0.1626 -0.5528 0.8173
vn 0.1804 -0.3805 0.9070
vn -0.0000 -0.7041 0.7101
vn -0.0000 -0.8286 0.5598
vn -0.0000 -0.5528 0.8333
vn -0.0000 -0.3805 0.9248
vn -0.0000 -0.1939 0.9810
vn -0.0757 -0.9217 0.3804
vn -0.0436 -0.9747 0.2192
vn -0.1914 -0.1939 0.9622
vn -0.1484 -0.9217 0.3584
vn -0.0855 -0.9747 0.2064
vn -0.1092 -0.8286 0.5490
vn -0.1385 -0.7041 0.6965
vn -0.1626 -0.5528 0.8173
vn -0.1804 -0.3805 0.9070
vn -0.3189 -0.5528 0.7699
vn -0.2718 -0.7041 0.6561
vn -0.3539 -0.3805 0.8544
vn -0.3754 -0.1939 0.9063
vn -0.2155 -0.9217 0.3225
vn -0.1241 -0.9747 0.1858
vn -0.2142 -0.8286 0.5172
vn -0.2743 -0.9217 0.2743
vn -0.1580 -0.9747 0.1580
vn -0.3110 -0.8286 0.4654
vn -0.3945 -0.7041 0.5905
vn -0.4630 -0.5528 0.6929
vn -0.5138 -0.3805 0.7689
vn -0.5450 -0.1939 0.8157
vn -0.5893 -0.5528 0.5893
vn -0.5021 -0.7041 0.5021
vn -0.6539 -0.3805 0.6539
vn -0.6937 -0.1939 0.6937
vn -0.3225 -0.9217 0.2155
vn -0.1858 -0.9747 0.1241
vn -0.3958 -0.8286 0.3958
vn -0.3584 -0.9217 0.1484
vn -0.2064 -0.9747 0.0855
vn -0.4654 -0.8286 0.3110
vn -0.5905 -0.7041 0.3945
vn -0.6929 -0.5528 0.4630
vn -0.7689 -0.3805 0.5138
vn -0.8157 -0.1939 0.5450
vn -0.8544 -0.3805 0.3539
vn -0.7699 -0.5528 0.3189
vn -0.9063 -0.1939 0.3754
vn -0.3804 -0.9217 0.0757
vn -0.2192 -0.9747 0.0436
vn -0.5172 -0.8286 0.2142
vn -0.6561 -0.7041 0.2718
vn -0.5490 -0.8286 0.1092
vn -0.6965 -0.7041 0.1385
vn -0.8173 -0.5528 0.1626
vn -0.9070 -0.3805 0.1804
vn -0.9622 -0.1939 0.1914
vn -0.3879 -0.9217 -0.0000
vn -0.2235 -0.9747 -0.0000
vn -0.9810 -0.1939 -0.0000
vn -0.9248 -0.3805 -0.0000
vn -0.3804 -0.9217 -0.0757
vn -0.2192 -0.9747 -0.0436
vn -0.5598 -0.8286 -0.0000
vn -0.7101 -0.7041 -0.0000
vn -0.8333 -0.5528 -0.0000
vn -0.5490 -0.8286 -0.1092
vn -0.6965 -0.7041 -0.1385
vn -0.8173 -0.5528 -0.1626
vn -0.9070 -0.3805 -0.1804
vn -0.9622 -0.1939 -0.1914
vn -0.3584 -0.9217 -0.1484
vn -0.2064 -0.9747 -0.0855
vn -0.9063 -0.1939 -0.3754
vn -0.8544 -0.3805 -0.3539
vn -0.3225 -0.9217 -0.2155
vn -0.1858 -0.9747 -0.1241
vn -0.5172 -0.8286 -0.2142
vn -0.6561 -0.7041 -0.2718
vn -0.7699 -0.5528 -0.3189
vn -0.5905 -0.7041 -0.3945
vn -0.4654 -0.8286 -0.3110
vn -0.6929 -0.5528 -0.4630
vn -0.7689 -0.3805 -0.5138
vn -0.8157 -0.1939 -0.5450
vn -0.2743 -0.9217 -0.2743
vn -0.1580 -0.9747 -0.1580
vn -0.6937 -0.1939 -0.6937
vn -0.2155 -0.9217 -0.3225
vn -0.1241 -0.9747 -0.1858
vn -0.3958 -0.8286 -0.3958
vn -0.5021 -0.7041 -0.5021
vn -0.5893 -0.5528 -0.5893
vn -0.6539 -0.3805 -0.6539
vn -0.3945 -0.7041 -0.5905
vn -0.3110 -0.8286 -0.4654
vn -0.4630 -0.5528 -0.6929
vn -0.5138 -0.3805 -0.7689
vn -0.5450 -0.1939 -0.8157
vn -0.1484 -0.9217 -0.3584
vn -0.0855 -0.9747 -0.2064
vn -0.3754 -0.1939 -0.9063
vn -0.0757 -0.9217 -0.3804
vn -0.0436 -0.9747 -0.2192
vn -0.2142 -0.8286 -0.5172
vn -0.2718 -0.7041 -0.6561
vn -0.3189 -0.5528 -0.7699
vn -0.3539 -0.3805 -0.8544
vn -0.1626 -0.5528 -0.8173
vn -0.1385 -0.7041 -0.6965
vn -0.1804 -0.3805 -0.9070
vn -0.1914 -0.1939 -0.9622
vn -0.0000 -0.9747 -0.2235
vn -0.1092 -0.8286 -0.5490
vn 0.0436 -0.9747 -0.2192
vn 0.0561 -0.9892 -0.1355
vn 0.0286 -0.9892 -0.1439
vn 0.0815 -0.9892 -0.1220
vn 0.1037 -0.9892 -0.1037
vn 0.1220 -0.9892 -0.0815
vn 0.1355 -0.9892 -0.0561
vn 0.1439 -0.9892 -0.0286
vn 0.1467 -0.9892 -0.0000
vn 0.1439 -0.9892 0.0286
vn 0.1355 -0.9892 0.0561
vn 0.1220 -0.9892 0.0815
vn 0.1037 -0.9892 0.1037
vn 0.0815 -0.9892 0.1220
vn 0.0561 -0.9892 0.1355
vn 0.0286 -0.9892 0.1439
vn -0.0000 -0.9892 0.1467
vn -0.0286 -0.9892 0.1439
vn -0.0561 -0.9892 0.1355
vn -0.0815 -0.9892 0.1220
vn -0.1037 -0.9892 0.1037
vn -0.1220 -0.9892 0.0815
vn -0.1355 -0.9892 0.0561
vn -0.1439 -0.9892 0.0286
vn -0.1467 -0.9892 -0.0000
vn -0.1439 -0.9892 -0.0286
vn -0.1355 -0.9892 -0.0561
vn -0.1220 -0.9892 -0.0815
vn -0.1037 -0.9892 -0.1037
vn -0.0815 -0.9892 -0.1220
vn -0.0561 -0.9892 -0.1355
vn -0.0286 -0.9892 -0.1439
vn -0.0000 -0.9892 -0.1467
vn -0.4656 0.2435 -0.8508
vn -0.6346 0.4281 -0.6435
vn -0.4235 0.6361 -0.6449
vn -0.2428 0.4632 -0.8524
vn -0.6037 0.6157 0.5065
vn -0.6278 0.6653 0.4041
vn -0.6536 0.6398 0.4043
vn -0.5991 0.6855 0.4137
vn -0.5706 0.6985 0.4319
vn -0.5448 0.7030 0.4572
vn -0.5244 0.6985 0.4869
vn -0.6036 0.6157 0.5065
vn -0.5114 0.6855 0.5182
vn -0.5070 0.6653 0.5480
vn -0.5117 0.6398 0.5735
vn -0.5249 0.6115 0.5920
vn -0.5455 0.5832 0.6019
vn -0.5714 0.5577 0.6021
vn -0.6000 0.5375 0.5925
vn -0.6286 0.5245 0.5743
vn -0.6543 0.5200 0.5490
vn -0.6747 0.5245 0.5193
vn -0.6877 0.5375 0.4880
vn -0.6921 0.5577 0.4582
vn 0.6037 -0.6157 -0.5065
vn -0.6875 0.5832 0.4327
vn -0.6742 0.6115 0.4142
vn -0.6428 -0.0000 -0.7660
vn -0.8024 0.1974 -0.5632
vn -0.7571 -0.2435 -0.6063
vn -0.9106 -0.0332 -0.4118
vn 0.0037 0.6375 -0.7704
vn -0.1900 0.8013 -0.5673
vn 0.0432 0.9073 -0.4183
vn 0.2499 0.7494 -0.6131
vn 0.2532 0.9438 -0.2124
vn 0.4716 0.7880 -0.3957
vn 0.4194 0.9073 0.0301
vn 0.6472 0.7494 -0.1396
vn 0.5257 0.8013 0.2857
vn 0.7594 0.6375 0.1301
vn 0.5616 0.6361 0.5291
vn 0.7972 0.4632 0.3871
vn 0.5235 0.4281 0.7367
vn 0.7571 0.2435 0.6063
vn 0.4153 0.1974 0.8880
vn 0.6428 -0.0000 0.7660
vn 0.2475 -0.0332 0.9683
vn 0.4656 -0.2435 0.8508
vn 0.0364 -0.2413 0.9698
vn 0.2428 -0.4632 0.8524
vn -0.1971 -0.4065 0.8922
vn -0.0037 -0.6375 0.7704
vn -0.4303 -0.5125 0.7431
vn -0.2499 -0.7494 0.6131
vn -0.6403 -0.5490 0.5373
vn -0.4716 -0.7880 0.3957
vn -0.8066 -0.5125 0.2947
vn -0.6472 -0.7494 0.1396
vn -0.9128 -0.4064 0.0392
vn -0.7594 -0.6375 -0.1301
vn -0.9487 -0.2413 -0.2043
vn -0.7972 -0.4632 -0.3871
vn -0.4905 0.7292 0.4771
vn -0.5190 0.7355 0.4355
vn -0.5950 0.7110 0.3747
vn -0.6351 0.6827 0.3613
vn -0.3911 -0.5744 0.7191
vn -0.6059 -0.6118 0.5084
vn 0.3023 -0.0841 0.9495
vn 0.0864 -0.2970 0.9510
vn 0.6237 0.6007 0.5001
vn 0.5848 0.3878 0.7125
vn 0.6472 0.7494 -0.1397
vn 0.3082 0.9155 -0.2586
vn 0.4783 0.8781 -0.0104
vn -0.3842 0.6007 -0.7011
vn -0.1453 0.7697 -0.6217
vn -0.6472 -0.7494 0.1397
vn -0.7761 -0.5744 0.2603
vn -0.8848 -0.4660 -0.0012
vn -0.1525 -0.4660 0.8716
vn 0.4740 0.1519 0.8673
vn -0.7718 0.1519 -0.6174
vn -0.6001 0.3878 -0.6996
vn 0.5870 0.7697 0.2510
vn 0.0933 0.8781 -0.4692
vn -0.7186 0.5679 0.4013
vn -0.7251 0.5322 0.4369
vn -0.9215 -0.2970 -0.2502
vn -0.6722 0.4795 0.5641
vn -0.6362 0.4857 0.5994
vn -0.5562 0.5322 0.6382
vn -0.5200 0.5679 0.6380
vn -0.4727 0.6470 0.5983
vn -0.4661 0.6827 0.5627
vn -0.7000 0.6075 0.3754
vn -0.4912 0.6075 0.6242
vn -0.7190 0.5039 0.4787
vn -0.7008 0.4857 0.5225
vn -0.4723 0.7110 0.5209
vn -0.5550 0.7292 0.4002
vn -0.5962 0.5039 0.6249
vn -0.8826 -0.0841 -0.4626
vn -0.6713 0.6470 0.3616
vn -0.8577 0.5142 0.0018
vn -0.7602 0.6481 -0.0448
vn -0.6377 0.7689 -0.0457
vn -0.5021 0.8648 -0.0006
vn -0.3668 0.9263 0.0859
vn -0.2448 0.9475 0.2054
vn -0.1483 0.9263 0.3463
vn -0.0866 0.8648 0.4946
vn -0.0658 0.7689 0.6359
vn -0.0879 0.6481 0.7564
vn -0.1507 0.5142 0.8443
vn -0.2482 0.3803 0.8909
vn -0.3707 0.2595 0.8918
vn -0.5062 0.1636 0.8467
vn -0.6416 0.1021 0.7602
vn -0.7635 0.0809 0.6407
vn -0.8601 0.1021 0.4999
vn -0.9218 0.1636 0.3515
vn -0.9426 0.2595 0.2102
vn -0.9205 0.3803 0.0897
vn -0.5991 0.6855 0.4136
vn -0.9128 -0.4065 0.0392
vn 0.2474 -0.0332 0.9683
vn -0.9506 0.3102 -0.0083
vn -0.8764 0.4683 -0.1121
vn -0.9767 0.1676 0.1339
vn -0.9521 0.0544 0.3008
vn -0.8793 -0.0183 0.4759
vn -0.7653 -0.0433 0.6422
vn -0.6214 -0.0183 0.7833
vn -0.4616 0.0544 0.8854
vn -0.3015 0.1676 0.9386
vn -0.1569 0.3102 0.9376
vn -0.0418 0.4683 0.8826
vn 0.0324 0.6264 0.7789
vn 0.0584 0.7690 0.6366
vn 0.0339 0.8822 0.4697
vn -0.0390 0.9548 0.2946
vn -0.1530 0.9799 0.1283
vn -0.2969 0.9548 -0.0128
vn -0.4567 0.8822 -0.1149
vn -0.6168 0.7690 -0.1681
vn -0.7614 0.6264 -0.1671
vn 0.4656 0.2435 -0.8508
vn 0.2428 0.4632 -0.8524
vn 0.4235 0.6361 -0.6449
vn 0.6346 0.4281 -0.6435
vn 0.6037 0.6157 0.5065
vn 0.6536 0.6398 0.4043
vn 0.6278 0.6653 0.4041
vn 0.5991 0.6855 0.4137
vn 0.5706 0.6985 0.4319
vn 0.5448 0.7030 0.4572
vn 0.5244 0.6985 0.4869
vn 0.6036 0.6157 0.5065
vn 0.5114 0.6855 0.5182
vn 0.5070 0.6653 0.5480
vn 0.5117 0.6398 0.5735
vn 0.5249 0.6115 0.5920
vn 0.5455 0.5832 0.6019
vn 0.5714 0.5577 0.6021
vn 0.6000 0.5375 0.5925
vn 0.6286 0.5245 0.5743
vn 0.6543 0.5200 0.5490
vn 0.6747 0.5245 0.5193
vn 0.6877 0.5375 0.4880
vn 0.6921 0.5577 0.4582
vn -0.6037 -0.6157 -0.5065
vn 0.6875 0.5832 0.4327
vn 0.6742 0.6115 0.4142
vn 0.6428 -0.0000 -0.7660
vn 0.8024 0.1974 -0.5632
vn 0.7571 -0.2435 -0.6063
vn 0.9106 -0.0332 -0.4118
vn -0.0037 0.6375 -0.7704
vn -0.2499 0.7494 -0.6131
vn -0.0432 0.9073 -0.4183
vn 0.1900 0.8013 -0.5673
vn -0.4716 0.7880 -0.3957
vn -0.2532 0.9438 -0.2124
vn -0.6472 0.7494 -0.1396
vn -0.4194 0.9073 0.0301
vn -0.7594 0.6375 0.1301
vn -0.5257 0.8013 0.2857
vn -0.7972 0.4632 0.3871
vn -0.5616 0.6361 0.5291
vn -0.7571 0.2435 0.6063
vn -0.5235 0.4281 0.7367
vn -0.6428 -0.0000 0.7660
vn -0.4153 0.1974 0.8880
vn -0.4656 -0.2435 0.8508
vn -0.2475 -0.0332 0.9683
vn -0.2428 -0.4632 0.8524
vn -0.0364 -0.2413 0.9698
vn 0.0037 -0.6375 0.7704
vn 0.1971 -0.4064 0.8922
vn 0.2499 -0.7494 0.6131
vn 0.4303 -0.5125 0.7431
vn 0.4716 -0.7880 0.3957
vn 0.6403 -0.5490 0.5373
vn 0.6472 -0.7494 0.1396
vn 0.8066 -0.5125 0.2947
vn 0.7594 -0.6375 -0.1301
vn 0.9128 -0.4064 0.0392
vn 0.7972 -0.4632 -0.3871
vn 0.9487 -0.2413 -0.2043
vn 0.5190 0.7355 0.4355
vn 0.4905 0.7292 0.4771
vn 0.6351 0.6827 0.3613
vn 0.5950 0.7110 0.3747
vn 0.6059 -0.6118 0.5084
vn 0.3911 -0.5744 0.7191
vn -0.0864 -0.2970 0.9510
vn -0.3023 -0.0841 0.9495
vn -0.5848 0.3878 0.7125
vn -0.6237 0.6007 0.5001
vn -0.6472 0.7494 -0.1397
vn -0.4783 0.8781 -0.0104
vn -0.3082 0.9155 -0.2586
vn 0.1453 0.7697 -0.6217
vn 0.3842 0.6007 -0.7011
vn 0.8848 -0.4660 -0.0012
vn 0.7761 -0.5744 0.2603
vn 0.6472 -0.7494 0.1397
vn 0.1525 -0.4660 0.8716
vn -0.4740 0.1519 0.8673
vn 0.6001 0.3878 -0.6996
vn 0.7718 0.1519 -0.6174
vn -0.5870 0.7697 0.2510
vn -0.0933 0.8781 -0.4692
vn 0.7251 0.5322 0.4369
vn 0.7186 0.5679 0.4013
vn 0.9215 -0.2970 -0.2502
vn 0.6362 0.4857 0.5994
vn 0.6722 0.4795 0.5641
vn 0.5200 0.5679 0.6380
vn 0.5562 0.5322 0.6382
vn 0.4661 0.6827 0.5627
vn 0.4727 0.6470 0.5983
vn 0.7000 0.6075 0.3754
vn 0.4912 0.6075 0.6242
vn 0.7008 0.4857 0.5225
vn 0.7190 0.5039 0.4787
vn 0.4723 0.7110 0.5209
vn 0.5550 0.7292 0.4002
vn 0.5962 0.5039 0.6249
vn 0.8826 -0.0841 -0.4626
vn 0.6713 0.6470 0.3616
vn 0.7602 0.6481 -0.0448
vn 0.8577 0.5142 0.0018
vn 0.6377 0.7689 -0.0457
vn 0.5021 0.8648 -0.0006
vn 0.3668 0.9263 0.0859
vn 0.2448 0.9475 0.2054
vn 0.1483 0.9263 0.3463
vn 0.0866 0.8648 0.4946
vn 0.0658 0.7689 0.6359
vn 0.0879 0.6481 0.7564
vn 0.1507 0.5142 0.8443
vn 0.2482 0.3803 0.8909
vn 0.3707 0.2595 0.8918
vn 0.5062 0.1636 0.8467
vn 0.6416 0.1021 0.7602
vn 0.7635 0.0809 0.6407
vn 0.8601 0.1021 0.4999
vn 0.9218 0.1636 0.3515
vn 0.9426 0.2595 0.2102
vn 0.9205 0.3803 0.0897
vn 0.5991 0.6855 0.4136
vn 0.9128 -0.4065 0.0392
vn 0.6921 0.5577 0.4581
vn 0.1971 -0.4065 0.8922
vn -0.2474 -0.0332 0.9683
vn 0.8764 0.4683 -0.1121
vn 0.9506 0.3102 -0.0083
vn 0.9767 0.1676 0.1339
vn 0.9521 0.0544 0.3008
vn 0.8793 -0.0183 0.4759
vn 0.7653 -0.0433 0.6422
vn 0.6214 -0.0183 0.7833
vn 0.4616 0.0544 0.8854
vn 0.3015 0.1676 0.9386
vn 0.1569 0.3102 0.9376
vn 0.0418 0.4683 0.8826
vn -0.0324 0.6264 0.7789
vn -0.0584 0.7690 0.6366
vn -0.0339 0.8822 0.4697
vn 0.0390 0.9548 0.2946
vn 0.1530 0.9799 0.1283
vn 0.2969 0.9548 -0.0128
vn 0.4567 0.8822 -0.1149
vn 0.6168 0.7690 -0.1681
vn 0.7614 0.6264 -0.1671
vn -0.4656 0.2435 0.8508
vn -0.2428 0.4632 0.8524
vn -0.4235 0.6361 0.6449
vn -0.6346 0.4281 0.6435
vn -0.6037 0.6157 -0.5065
vn -0.6536 0.6398 -0.4043
vn -0.6278 0.6653 -0.4041
vn -0.5991 0.6855 -0.4137
vn -0.5706 0.6985 -0.4319
vn -0.5448 0.7030 -0.4572
vn -0.5244 0.6985 -0.4869
vn -0.6036 0.6157 -0.5065
vn -0.5114 0.6855 -0.5182
vn -0.5070 0.6653 -0.5480
vn -0.5117 0.6398 -0.5735
vn -0.5249 0.6115 -0.5920
vn -0.5455 0.5832 -0.6019
vn -0.5714 0.5577 -0.6021
vn -0.6000 0.5375 -0.5925
vn -0.6286 0.5245 -0.5743
vn -0.6543 0.5200 -0.5490
vn -0.6747 0.5245 -0.5193
vn -0.6877 0.5375 -0.4880
vn -0.6921 0.5577 -0.4582
vn 0.6037 -0.6157 0.5065
vn -0.6875 0.5832 -0.4327
vn -0.6742 0.6115 -0.4142
vn -0.8024 0.1974 0.5632
vn -0.7571 -0.2435 0.6063
vn -0.9106 -0.0332 0.4118
vn 0.0037 0.6375 0.7704
vn 0.2499 0.7494 0.6131
vn 0.0432 0.9073 0.4183
vn -0.1900 0.8013 0.5673
vn 0.4716 0.7880 0.3957
vn 0.2532 0.9438 0.2124
vn 0.6472 0.7494 0.1396
vn 0.4194 0.9073 -0.0301
vn 0.7594 0.6375 -0.1301
vn 0.5257 0.8013 -0.2857
vn 0.7972 0.4632 -0.3871
vn 0.5616 0.6361 -0.5291
vn 0.7571 0.2435 -0.6063
vn 0.5235 0.4281 -0.7367
vn 0.4153 0.1974 -0.8880
vn 0.4656 -0.2435 -0.8508
vn 0.2475 -0.0332 -0.9683
vn 0.2428 -0.4632 -0.8524
vn 0.0364 -0.2413 -0.9698
vn -0.0037 -0.6375 -0.7704
vn -0.1971 -0.4064 -0.8922
vn -0.2499 -0.7494 -0.6131
vn -0.4303 -0.5125 -0.7431
vn -0.4716 -0.7880 -0.3957
vn -0.6403 -0.5490 -0.5373
vn -0.6472 -0.7494 -0.1396
vn -0.8066 -0.5125 -0.2947
vn -0.7594 -0.6375 0.1301
vn -0.9128 -0.4064 -0.0392
vn -0.7972 -0.4632 0.3871
vn -0.9487 -0.2413 0.2043
vn -0.5190 0.7355 -0.4355
vn -0.4905 0.7292 -0.4771
vn -0.6351 0.6827 -0.3613
vn -0.5950 0.7110 -0.3747
vn -0.6059 -0.6118 -0.5084
vn -0.3911 -0.5744 -0.7191
vn 0.0864 -0.2970 -0.9510
vn 0.3023 -0.0841 -0.9495
vn 0.5848 0.3878 -0.7125
vn 0.6237 0.6007 -0.5001
vn 0.6472 0.7494 0.1397
vn 0.4783 0.8781 0.0104
vn 0.3082 0.9155 0.2586
vn -0.1453 0.7697 0.6217
vn -0.3842 0.6007 0.7011
vn -0.8848 -0.4660 0.0012
vn -0.7761 -0.5744 -0.2603
vn -0.6472 -0.7494 -0.1397
vn -0.1525 -0.4660 -0.8716
vn 0.4740 0.1519 -0.8673
vn -0.6001 0.3878 0.6996
vn -0.7718 0.1519 0.6174
vn 0.5870 0.7697 -0.2510
vn 0.0933 0.8781 0.4692
vn -0.7251 0.5322 -0.4369
vn -0.7186 0.5679 -0.4013
vn -0.9215 -0.2970 0.2502
vn -0.6362 0.4857 -0.5994
vn -0.6722 0.4795 -0.5641
vn -0.5200 0.5679 -0.6380
vn -0.5562 0.5322 -0.6382
vn -0.4661 0.6827 -0.5627
vn -0.4727 0.6470 -0.5983
vn -0.7000 0.6075 -0.3754
vn -0.4912 0.6075 -0.6242
vn -0.7008 0.4857 -0.5225
vn -0.7190 0.5039 -0.4787
vn -0.4723 0.7110 -0.5209
vn -0.5550 0.7292 -0.4002
vn -0.5962 0.5039 -0.6249
vn -0.8826 -0.0841 0.4626
vn -0.6713 0.6470 -0.3616
vn -0.7602 0.6481 0.0448
vn -0.8577 0.5142 -0.0018
vn -0.6377 0.7689 0.0457
vn -0.5021 0.8648 0.0006
vn -0.3668 0.9263 -0.0859
vn -0.2448 0.9475 -0.2054
vn -0.1483 0.9263 -0.3463
vn -0.0866 0.8648 -0.4946
vn -0.0658 0.7689 -0.6359
vn -0.0879 0.6481 -0.7564
vn -0.1507 0.5142 -0.8443
vn -0.2482 0.3803 -0.8909
vn -0.3707 0.2595 -0.8918
vn -0.5062 0.1636 -0.8467
vn -0.6416 0.1021 -0.7602
vn -0.7635 0.0809 -0.6407
vn -0.8601 0.1021 -0.4999
vn -0.9218 0.1636 -0.3515
vn -0.9426 0.2595 -0.2102
vn -0.9205 0.3803 -0.0897
vn -0.5991 0.6855 -0.4136
vn -0.9128 -0.4065 -0.0392
vn -0.6921 0.5577 -0.4581
vn -0.1971 -0.4065 -0.8922
vn 0.2474 -0.0332 -0.9683
vn -0.8764 0.4683 0.1121
vn -0.9506 0.3102 0.0083
vn -0.9767 0.1676 -0.1339
vn -0.9521 0.0544 -0.3008
vn -0.8793 -0.0183 -0.4759
vn -0.7653 -0.0433 -0.6422
vn -0.6214 -0.0183 -0.7833
vn -0.4616 0.0544 -0.8854
vn -0.3015 0.1676 -0.9386
vn -0.1569 0.3102 -0.9376
vn -0.0418 0.4683 -0.8826
vn 0.0324 0.6264 -0.7789
vn 0.0584 0.7690 -0.6366
vn 0.0339 0.8822 -0.4697
vn -0.0390 0.9548 -0.2946
vn -0.1530 0.9799 -0.1283
vn -0.2969 0.9548 0.0128
vn -0.4567 0.8822 0.1149
vn -0.6168 0.7690 0.1681
vn -0.7614 0.6264 0.1671
vn 0.4656 0.2435 0.8508
vn 0.6346 0.4281 0.6435
vn 0.4235 0.6361 0.6449
vn 0.2428 0.4632 0.8524
vn 0.6037 0.6157 -0.5065
vn 0.6278 0.6653 -0.4041
vn 0.6536 0.6398 -0.4043
vn 0.5991 0.6855 -0.4137
vn 0.5706 0.6985 -0.4319
vn 0.5448 0.7030 -0.4572
vn 0.5244 0.6985 -0.4869
vn 0.6036 0.6157 -0.5065
vn 0.5114 0.6855 -0.5182
vn 0.5070 0.6653 -0.5480
vn 0.5117 0.6398 -0.5735
vn 0.5249 0.6115 -0.5920
vn 0.5455 0.5832 -0.6019
vn 0.5714 0.5577 -0.6021
vn 0.6000 0.5375 -0.5925
vn 0.6286 0.5245 -0.5743
vn 0.6543 0.5200 -0.5490
vn 0.6747 0.5245 -0.5193
vn 0.6877 0.5375 -0.4880
vn 0.6921 0.5577 -0.4582
vn -0.6037 -0.6157 0.5065
vn 0.6875 0.5832 -0.4327
vn 0.6742 0.6115 -0.4142
vn 0.8024 0.1974 0.5632
vn 0.7571 -0.2435 0.6063
vn 0.9106 -0.0332 0.4118
vn -0.0037 0.6375 0.7704
vn 0.1900 0.8013 0.5673
vn -0.0432 0.9073 0.4183
vn -0.2499 0.7494 0.6131
vn -0.2532 0.9438 0.2124
vn -0.4716 0.7880 0.3957
vn -0.4194 0.9073 -0.0301
vn -0.6472 0.7494 0.1396
vn -0.5257 0.8013 -0.2857
vn -0.7594 0.6375 -0.1301
vn -0.5616 0.6361 -0.5291
vn -0.7972 0.4632 -0.3871
vn -0.5235 0.4281 -0.7367
vn -0.7571 0.2435 -0.6063
vn -0.4153 0.1974 -0.8880
vn -0.2475 -0.0332 -0.9683
vn -0.4656 -0.2435 -0.8508
vn -0.0364 -0.2413 -0.9698
vn -0.2428 -0.4632 -0.8524
vn 0.1971 -0.4065 -0.8922
vn 0.0037 -0.6375 -0.7704
vn 0.4303 -0.5125 -0.7431
vn 0.2499 -0.7494 -0.6131
vn 0.6403 -0.5490 -0.5373
vn 0.4716 -0.7880 -0.3957
vn 0.8066 -0.5125 -0.2947
vn 0.6472 -0.7494 -0.1396
vn 0.9128 -0.4064 -0.0392
vn 0.7594 -0.6375 0.1301
vn 0.9487 -0.2413 0.2043
vn 0.7972 -0.4632 0.3871
vn 0.4905 0.7292 -0.4771
vn 0.5190 0.7355 -0.4355
vn 0.5950 0.7110 -0.3747
vn 0.6351 0.6827 -0.3613
vn 0.3911 -0.5744 -0.7191
vn 0.6059 -0.6118 -0.5084
vn -0.3023 -0.0841 -0.9495
vn -0.0864 -0.2970 -0.9510
vn -0.6237 0.6007 -0.5001
vn -0.5848 0.3878 -0.7125
vn -0.6472 0.7494 0.1397
vn -0.3082 0.9155 0.2586
vn -0.4783 0.8781 0.0104
vn 0.3842 0.6007 0.7011
vn 0.1453 0.7697 0.6217
vn 0.6472 -0.7494 -0.1397
vn 0.7761 -0.5744 -0.2603
vn 0.8848 -0.4660 0.0012
vn 0.1525 -0.4660 -0.8716
vn -0.4740 0.1519 -0.8673
vn 0.7718 0.1519 0.6174
vn 0.6001 0.3878 0.6996
vn -0.5870 0.7697 -0.2510
vn -0.0933 0.8781 0.4692
vn 0.7186 0.5679 -0.4013
vn 0.7251 0.5322 -0.4369
vn 0.9215 -0.2970 0.2502
vn 0.6722 0.4795 -0.5641
vn 0.6362 0.4857 -0.5994
vn 0.5562 0.5322 -0.6382
vn 0.5200 0.5679 -0.6380
vn 0.4727 0.6470 -0.5983
vn 0.4661 0.6827 -0.5627
vn 0.7000 0.6075 -0.3754
vn 0.4912 0.6075 -0.6242
vn 0.7190 0.5039 -0.4787
vn 0.7008 0.4857 -0.5225
vn 0.4723 0.7110 -0.5209
vn 0.5550 0.7292 -0.4002
vn 0.5962 0.5039 -0.6249
vn 0.8826 -0.0841 0.4626
vn 0.6713 0.6470 -0.3616
vn 0.8577 0.5142 -0.0018
vn 0.7602 0.6481 0.0448
vn 0.6377 0.7689 0.0457
vn 0.5021 0.8648 0.0006
vn 0.3668 0.9263 -0.0859
vn 0.2448 0.9475 -0.2054
vn 0.1483 0.9263 -0.3463
vn 0.0866 0.8648 -0.4946
vn 0.0658 0.7689 -0.6359
vn 0.0879 0.6481 -0.7564
vn 0.1507 0.5142 -0.8443
vn 0.2482 0.3803 -0.8909
vn 0.3707 0.2595 -0.8918
vn 0.5062 0.1636 -0.8467
vn 0.6416 0.1021 -0.7602
vn 0.7635 0.0809 -0.6407
vn 0.8601 0.1021 -0.4999
vn 0.9218 0.1636 -0.3515
vn 0.9426 0.2595 -0.2102
vn 0.9205 0.3803 -0.0897
vn 0.5991 0.6855 -0.4136
vn 0.9128 -0.4065 -0.0392
vn -0.2474 -0.0332 -0.9683
vn 0.9506 0.3102 0.0083
vn 0.8764 0.4683 0.1121
vn 0.9767 0.1676 -0.1339
vn 0.9521 0.0544 -0.3008
vn 0.8793 -0.0183 -0.4759
vn 0.7653 -0.0433 -0.6422
vn 0.6214 -0.0183 -0.7833
vn 0.4616 0.0544 -0.8854
vn 0.3015 0.1676 -0.9386
vn 0.1569 0.3102 -0.9376
vn 0.0418 0.4683 -0.8826
vn -0.0324 0.6264 -0.7789
vn -0.0584 0.7690 -0.6366
vn -0.0339 0.8822 -0.4697
vn 0.0390 0.9548 -0.2946
vn 0.1530 0.9799 -0.1283
vn 0.2969 0.9548 0.0128
vn 0.4567 0.8822 0.1149
vn 0.6168 0.7690 0.1681
vn 0.7614 0.6264 0.1671
vn -0.4235 -0.6361 -0.6449
vn -0.6346 -0.4281 -0.6435
vn -0.6536 -0.6398 0.4043
vn -0.6278 -0.6653 0.4041
vn -0.5991 -0.6855 0.4137
vn -0.5706 -0.6985 0.4319
vn -0.5448 -0.7030 0.4572
vn -0.5244 -0.6985 0.4869
vn -0.6036 -0.6157 0.5065
vn -0.5114 -0.6855 0.5182
vn -0.5070 -0.6653 0.5480
vn -0.5117 -0.6398 0.5735
vn -0.5249 -0.6115 0.5920
vn -0.5455 -0.5832 0.6019
vn -0.5714 -0.5577 0.6021
vn -0.6000 -0.5375 0.5925
vn -0.6286 -0.5245 0.5743
vn -0.6543 -0.5200 0.5490
vn -0.6747 -0.5245 0.5193
vn -0.6877 -0.5375 0.4880
vn -0.6921 -0.5577 0.4582
vn -0.6875 -0.5832 0.4327
vn -0.6742 -0.6115 0.4142
vn -0.8024 -0.1974 -0.5632
vn -0.9106 0.0332 -0.4118
vn 0.0432 -0.9073 -0.4183
vn -0.1900 -0.8013 -0.5673
vn 0.2532 -0.9438 -0.2124
vn 0.4194 -0.9073 0.0301
vn 0.5257 -0.8013 0.2857
vn 0.5616 -0.6361 0.5291
vn 0.5235 -0.4281 0.7367
vn 0.4153 -0.1974 0.8880
vn 0.2475 0.0332 0.9683
vn 0.0364 0.2413 0.9698
vn -0.1971 0.4064 0.8922
vn -0.4303 0.5125 0.7431
vn -0.6403 0.5490 0.5373
vn -0.8066 0.5125 0.2947
vn -0.9128 0.4064 0.0392
vn -0.9487 0.2413 -0.2043
vn -0.5190 -0.7355 0.4355
vn -0.4905 -0.7292 0.4771
vn -0.6351 -0.6827 0.3613
vn -0.5950 -0.7110 0.3747
vn -0.6059 0.6118 0.5084
vn -0.3911 0.5744 0.7191
vn 0.0864 0.2970 0.9510
vn 0.3023 0.0841 0.9495
vn 0.5848 -0.3878 0.7125
vn 0.6237 -0.6007 0.5001
vn 0.4783 -0.8781 -0.0104
vn 0.3082 -0.9155 -0.2586
vn -0.1453 -0.7697 -0.6217
vn -0.3842 -0.6007 -0.7011
vn -0.8848 0.4660 -0.0012
vn -0.7761 0.5744 0.2603
vn -0.1525 0.4660 0.8716
vn 0.4740 -0.1519 0.8673
vn -0.6001 -0.3878 -0.6996
vn -0.7718 -0.1519 -0.6174
vn 0.5870 -0.7697 0.2510
vn 0.0933 -0.8781 -0.4692
vn -0.7251 -0.5322 0.4369
vn -0.7186 -0.5679 0.4013
vn -0.9215 0.2970 -0.2502
vn -0.6362 -0.4857 0.5994
vn -0.6722 -0.4795 0.5641
vn -0.5200 -0.5679 0.6380
vn -0.5562 -0.5322 0.6382
vn -0.4661 -0.6827 0.5627
vn -0.4727 -0.6470 0.5983
vn -0.7000 -0.6075 0.3754
vn -0.4912 -0.6075 0.6242
vn -0.7008 -0.4857 0.5225
vn -0.7190 -0.5039 0.4787
vn -0.4723 -0.7110 0.5209
vn -0.5550 -0.7292 0.4002
vn -0.5962 -0.5039 0.6249
vn -0.8826 0.0841 -0.4626
vn -0.6713 -0.6470 0.3616
vn -0.7602 -0.6481 -0.0448
vn -0.8577 -0.5142 0.0018
vn -0.6377 -0.7689 -0.0457
vn -0.5021 -0.8648 -0.0006
vn -0.3668 -0.9263 0.0859
vn -0.2448 -0.9475 0.2054
vn -0.1483 -0.9263 0.3463
vn -0.0866 -0.8648 0.4946
vn -0.0658 -0.7689 0.6359
vn -0.0879 -0.6481 0.7564
vn -0.1507 -0.5142 0.8443
vn -0.2482 -0.3803 0.8909
vn -0.3707 -0.2595 0.8918
vn -0.5062 -0.1636 0.8467
vn -0.6416 -0.1021 0.7602
vn -0.7635 -0.0809 0.6407
vn -0.8601 -0.1021 0.4999
vn -0.9218 -0.1636 0.3515
vn -0.9426 -0.2595 0.2102
vn -0.9205 -0.3803 0.0897
vn -0.5991 -0.6855 0.4136
vn -0.9128 0.4065 0.0392
vn -0.6921 -0.5577 0.4581
vn -0.1971 0.4065 0.8922
vn 0.2474 0.0332 0.9683
vn -0.8764 -0.4683 -0.1121
vn -0.9506 -0.3102 -0.0083
vn -0.9767 -0.1676 0.1339
vn -0.9521 -0.0544 0.3008
vn -0.8793 0.0183 0.4759
vn -0.7653 0.0433 0.6422
vn -0.6214 0.0183 0.7833
vn -0.4616 -0.0544 0.8854
vn -0.3015 -0.1676 0.9386
vn -0.1569 -0.3102 0.9376
vn -0.0418 -0.4683 0.8826
vn 0.0324 -0.6264 0.7789
vn 0.0584 -0.7690 0.6366
vn 0.0339 -0.8822 0.4697
vn -0.0390 -0.9548 0.2946
vn -0.1530 -0.9799 0.1283
vn -0.2969 -0.9548 -0.0128
vn -0.4567 -0.8822 -0.1149
vn -0.6168 -0.7690 -0.1681
vn -0.7614 -0.6264 -0.1671
vn 0.6346 -0.4281 -0.6435
vn 0.4235 -0.6361 -0.6449
vn 0.6278 -0.6653 0.4041
vn 0.6536 -0.6398 0.4043
vn 0.5991 -0.6855 0.4137
vn 0.5706 -0.6985 0.4319
vn 0.5448 -0.7030 0.4572
vn 0.5244 -0.6985 0.4869
vn 0.6036 -0.6157 0.5065
vn 0.5114 -0.6855 0.5182
vn 0.5070 -0.6653 0.5480
vn 0.5117 -0.6398 0.5735
vn 0.5249 -0.6115 0.5920
vn 0.5455 -0.5832 0.6019
vn 0.5714 -0.5577 0.6021
vn 0.6000 -0.5375 0.5925
vn 0.6286 -0.5245 0.5743
vn 0.6543 -0.5200 0.5490
vn 0.6747 -0.5245 0.5193
vn 0.6877 -0.5375 0.4880
vn 0.6921 -0.5577 0.4582
vn 0.6875 -0.5832 0.4327
vn 0.6742 -0.6115 0.4142
vn 0.8024 -0.1974 -0.5632
vn 0.9106 0.0332 -0.4118
vn 0.1900 -0.8013 -0.5673
vn -0.0432 -0.9073 -0.4183
vn -0.2532 -0.9438 -0.2124
vn -0.4194 -0.9073 0.0301
vn -0.5257 -0.8013 0.2857
vn -0.5616 -0.6361 0.5291
vn -0.5235 -0.4281 0.7367
vn -0.4153 -0.1974 0.8880
vn -0.2475 0.0332 0.9683
vn -0.0364 0.2413 0.9698
vn 0.1971 0.4065 0.8922
vn 0.4303 0.5125 0.7431
vn 0.6403 0.5490 0.5373
vn 0.8066 0.5125 0.2947
vn 0.9128 0.4064 0.0392
vn 0.9487 0.2413 -0.2043
vn 0.4905 -0.7292 0.4771
vn 0.5190 -0.7355 0.4355
vn 0.5950 -0.7110 0.3747
vn 0.6351 -0.6827 0.3613
vn 0.3911 0.5744 0.7191
vn 0.6059 0.6118 0.5084
vn -0.3023 0.0841 0.9495
vn -0.0864 0.2970 0.9510
vn -0.6237 -0.6007 0.5001
vn -0.5848 -0.3878 0.7125
vn -0.3082 -0.9155 -0.2586
vn -0.4783 -0.8781 -0.0104
vn 0.3842 -0.6007 -0.7011
vn 0.1453 -0.7697 -0.6217
vn 0.7761 0.5744 0.2603
vn 0.8848 0.4660 -0.0012
vn 0.1525 0.4660 0.8716
vn -0.4740 -0.1519 0.8673
vn 0.7718 -0.1519 -0.6174
vn 0.6001 -0.3878 -0.6996
vn -0.5870 -0.7697 0.2510
vn -0.0933 -0.8781 -0.4692
vn 0.7186 -0.5679 0.4013
vn 0.7251 -0.5322 0.4369
vn 0.9215 0.2970 -0.2502
vn 0.6722 -0.4795 0.5641
vn 0.6362 -0.4857 0.5994
vn 0.5562 -0.5322 0.6382
vn 0.5200 -0.5679 0.6380
vn 0.4727 -0.6470 0.5983
vn 0.4661 -0.6827 0.5627
vn 0.7000 -0.6075 0.3754
vn 0.4912 -0.6075 0.6242
vn 0.7190 -0.5039 0.4787
vn 0.7008 -0.4857 0.5225
vn 0.4723 -0.7110 0.5209
vn 0.5550 -0.7292 0.4002
vn 0.5962 -0.5039 0.6249
vn 0.8826 0.0841 -0.4626
vn 0.6713 -0.6470 0.3616
vn 0.8577 -0.5142 0.0018
vn 0.7602 -0.6481 -0.0448
vn 0.6377 -0.7689 -0.0457
vn 0.5021 -0.8648 -0.0006
vn 0.3668 -0.9263 0.0859
vn 0.2448 -0.9475 0.2054
vn 0.1483 -0.9263 0.3463
vn 0.0866 -0.8648 0.4946
vn 0.0658 -0.7689 0.6359
vn 0.0879 -0.6481 0.7564
vn 0.1507 -0.5142 0.8443
vn 0.2482 -0.3803 0.8909
vn 0.3707 -0.2595 0.8918
vn 0.5062 -0.1636 0.8467
vn 0.6416 -0.1021 0.7602
vn 0.7635 -0.0809 0.6407
vn 0.8601 -0.1021 0.4999
vn 0.9218 -0.1636 0.3515
vn 0.9426 -0.2595 0.2102
vn 0.9205 -0.3803 0.0897
vn 0.5991 -0.6855 0.4136
vn 0.9128 0.4065 0.0392
vn -0.2474 0.0332 0.9683
vn 0.9506 -0.3102 -0.0083
vn 0.8764 -0.4683 -0.1121
vn 0.9767 -0.1676 0.1339
vn 0.9521 -0.0544 0.3008
vn 0.8793 0.0183 0.4759
vn 0.7653 0.0433 0.6422
vn 0.6214 0.0183 0.7833
vn 0.4616 -0.0544 0.8854
vn 0.3015 -0.1676 0.9386
vn 0.1569 -0.3102 0.9376
vn 0.0418 -0.4683 0.8826
vn -0.0324 -0.6264 0.7789
vn -0.0584 -0.7690 0.6366
vn -0.0339 -0.8822 0.4697
vn 0.0390 -0.9548 0.2946
vn 0.1530 -0.9799 0.1283
vn 0.2969 -0.9548 -0.0128
vn 0.4567 -0.8822 -0.1149
vn 0.6168 -0.7690 -0.1681
vn 0.7614 -0.6264 -0.1671
vn -0.6346 -0.4281 0.6435
vn -0.4235 -0.6361 0.6449
vn -0.6278 -0.6653 -0.4041
vn -0.6536 -0.6398 -0.4043
vn -0.5991 -0.6855 -0.4137
vn -0.5706 -0.6985 -0.4319
vn -0.5448 -0.7030 -0.4572
vn -0.5244 -0.6985 -0.4869
vn -0.6036 -0.6157 -0.5065
vn -0.5114 -0.6855 -0.5182
vn -0.5070 -0.6653 -0.5480
vn -0.5117 -0.6398 -0.5735
vn -0.5249 -0.6115 -0.5920
vn -0.5455 -0.5832 -0.6019
vn -0.5714 -0.5577 -0.6021
vn -0.6000 -0.5375 -0.5925
vn -0.6286 -0.5245 -0.5743
vn -0.6543 -0.5200 -0.5490
vn -0.6747 -0.5245 -0.5193
vn -0.6877 -0.5375 -0.4880
vn -0.6921 -0.5577 -0.4582
vn -0.6875 -0.5832 -0.4327
vn -0.6742 -0.6115 -0.4142
vn -0.8024 -0.1974 0.5632
vn -0.9106 0.0332 0.4118
vn -0.1900 -0.8013 0.5673
vn 0.0432 -0.9073 0.4183
vn 0.2532 -0.9438 0.2124
vn 0.4194 -0.9073 -0.0301
vn 0.5257 -0.8013 -0.2857
vn 0.5616 -0.6361 -0.5291
vn 0.5235 -0.4281 -0.7367
vn 0.4153 -0.1974 -0.8880
vn 0.2475 0.0332 -0.9683
vn 0.0364 0.2413 -0.9698
vn -0.1971 0.4065 -0.8922
vn -0.4303 0.5125 -0.7431
vn -0.6403 0.5490 -0.5373
vn -0.8066 0.5125 -0.2947
vn -0.9128 0.4064 -0.0392
vn -0.9487 0.2413 0.2043
vn -0.4905 -0.7292 -0.4771
vn -0.5190 -0.7355 -0.4355
vn -0.5950 -0.7110 -0.3747
vn -0.6351 -0.6827 -0.3613
vn -0.3911 0.5744 -0.7191
vn -0.6059 0.6118 -0.5084
vn 0.3023 0.0841 -0.9495
vn 0.0864 0.2970 -0.9510
vn 0.6237 -0.6007 -0.5001
vn 0.5848 -0.3878 -0.7125
vn 0.3082 -0.9155 0.2586
vn 0.4783 -0.8781 0.0104
vn -0.3842 -0.6007 0.7011
vn -0.1453 -0.7697 0.6217
vn -0.7761 0.5744 -0.2603
vn -0.8848 0.4660 0.0012
vn -0.1525 0.4660 -0.8716
vn 0.4740 -0.1519 -0.8673
vn -0.7718 -0.1519 0.6174
vn -0.6001 -0.3878 0.6996
vn 0.5870 -0.7697 -0.2510
vn 0.0933 -0.8781 0.4692
vn -0.7186 -0.5679 -0.4013
vn -0.7251 -0.5322 -0.4369
vn -0.9215 0.2970 0.2502
vn -0.6722 -0.4795 -0.5641
vn -0.6362 -0.4857 -0.5994
vn -0.5562 -0.5322 -0.6382
vn -0.5200 -0.5679 -0.6380
vn -0.4727 -0.6470 -0.5983
vn -0.4661 -0.6827 -0.5627
vn -0.7000 -0.6075 -0.3754
vn -0.4912 -0.6075 -0.6242
vn -0.7190 -0.5039 -0.4787
vn -0.7008 -0.4857 -0.5225
vn -0.4723 -0.7110 -0.5209
vn -0.5550 -0.7292 -0.4002
vn -0.5962 -0.5039 -0.6249
vn -0.8826 0.0841 0.4626
vn -0.6713 -0.6470 -0.3616
vn -0.8577 -0.5142 -0.0018
vn -0.7602 -0.6481 0.0448
vn -0.6377 -0.7689 0.0457
vn -0.5021 -0.8648 0.0006
vn -0.3668 -0.9263 -0.0859
vn -0.2448 -0.9475 -0.2054
vn -0.1483 -0.9263 -0.3463
vn -0.0866 -0.8648 -0.4946
vn -0.0658 -0.7689 -0.6359
vn -0.0879 -0.6481 -0.7564
vn -0.1507 -0.5142 -0.8443
vn -0.2482 -0.3803 -0.8909
vn -0.3707 -0.2595 -0.8918
vn -0.5062 -0.1636 -0.8467
vn -0.6416 -0.1021 -0.7602
vn -0.7635 -0.0809 -0.6407
vn -0.8601 -0.1021 -0.4999
vn -0.9218 -0.1636 -0.3515
vn -0.9426 -0.2595 -0.2102
vn -0.9205 -0.3803 -0.0897
vn -0.5991 -0.6855 -0.4136
vn -0.9128 0.4065 -0.0392
vn 0.2474 0.0332 -0.9683
vn -0.9506 -0.3102 0.0083
vn -0.8764 -0.4683 0.1121
vn -0.9767 -0.1676 -0.1339
vn -0.9521 -0.0544 -0.3008
vn -0.8793 0.0183 -0.4759
vn -0.7653 0.0433 -0.6422
vn -0.6214 0.0183 -0.7833
vn -0.4616 -0.0544 -0.8854
vn -0.3015 -0.1676 -0.9386
vn -0.1569 -0.3102 -0.9376
vn -0.0418 -0.4683 -0.8826
vn 0.0324 -0.6264 -0.7789
vn 0.0584 -0.7690 -0.6366
vn 0.0339 -0.8822 -0.4697
vn -0.0390 -0.9548 -0.2946
vn -0.1530 -0.9799 -0.1283
vn -0.2969 -0.9548 0.0128
vn -0.4567 -0.8822 0.1149
vn -0.6168 -0.7690 0.1681
vn -0.7614 -0.6264 0.1671
vn 0.4235 -0.6361 0.6449
vn 0.6346 -0.4281 0.6435
vn 0.6536 -0.6398 -0.4043
vn 0.6278 -0.6653 -0.4041
vn 0.5991 -0.6855 -0.4137
vn 0.5706 -0.6985 -0.4319
vn 0.5448 -0.7030 -0.4572
vn 0.5244 -0.6985 -0.4869
vn 0.6036 -0.6157 -0.5065
vn 0.5114 -0.6855 -0.5182
vn 0.5070 -0.6653 -0.5480
vn 0.5117 -0.6398 -0.5735
vn 0.5249 -0.6115 -0.5920
vn 0.5455 -0.5832 -0.6019
vn 0.5714 -0.5577 -0.6021
vn 0.6000 -0.5375 -0.5925
vn 0.6286 -0.5245 -0.5743
vn 0.6543 -0.5200 -0.5490
vn 0.6747 -0.5245 -0.5193
vn 0.6877 -0.5375 -0.4880
vn 0.6921 -0.5577 -0.4582
vn 0.6875 -0.5832 -0.4327
vn 0.6742 -0.6115 -0.4142
vn 0.8024 -0.1974 0.5632
vn 0.9106 0.0332 0.4118
vn -0.0432 -0.9073 0.4183
vn 0.1900 -0.8013 0.5673
vn -0.2532 -0.9438 0.2124
vn -0.4194 -0.9073 -0.0301
vn -0.5257 -0.8013 -0.2857
vn -0.5616 -0.6361 -0.5291
vn -0.5235 -0.4281 -0.7367
vn -0.4153 -0.1974 -0.8880
vn -0.2475 0.0332 -0.9683
vn -0.0364 0.2413 -0.9698
vn 0.1971 0.4064 -0.8922
vn 0.4303 0.5125 -0.7431
vn 0.6403 0.5490 -0.5373
vn 0.8066 0.5125 -0.2947
vn 0.9128 0.4064 -0.0392
vn 0.9487 0.2413 0.2043
vn 0.5190 -0.7355 -0.4355
vn 0.4905 -0.7292 -0.4771
vn 0.6351 -0.6827 -0.3613
vn 0.5950 -0.7110 -0.3747
vn 0.6059 0.6118 -0.5084
vn 0.3911 0.5744 -0.7191
vn -0.0864 0.2970 -0.9510
vn -0.3023 0.0841 -0.9495
vn -0.5848 -0.3878 -0.7125
vn -0.6237 -0.6007 -0.5001
vn -0.4783 -0.8781 0.0104
vn -0.3082 -0.9155 0.2586
vn 0.1453 -0.7697 0.6217
vn 0.3842 -0.6007 0.7011
vn 0.8848 0.4660 0.0012
vn 0.7761 0.5744 -0.2603
vn 0.1525 0.4660 -0.8716
vn -0.4740 -0.1519 -0.8673
vn 0.6001 -0.3878 0.6996
vn 0.7718 -0.1519 0.6174
vn -0.5870 -0.7697 -0.2510
vn -0.0933 -0.8781 0.4692
vn 0.7251 -0.5322 -0.4369
vn 0.7186 -0.5679 -0.4013
vn 0.9215 0.2970 0.2502
vn 0.6362 -0.4857 -0.5994
vn 0.6722 -0.4795 -0.5641
vn 0.5200 -0.5679 -0.6380
vn 0.5562 -0.5322 -0.6382
vn 0.4661 -0.6827 -0.5627
vn 0.4727 -0.6470 -0.5983
vn 0.7000 -0.6075 -0.3754
vn 0.4912 -0.6075 -0.6242
vn 0.7008 -0.4857 -0.5225
vn 0.7190 -0.5039 -0.4787
vn 0.4723 -0.7110 -0.5209
vn 0.5550 -0.7292 -0.4002
vn 0.5962 -0.5039 -0.6249
vn 0.8826 0.0841 0.4626
vn 0.6713 -0.6470 -0.3616
vn 0.7602 -0.6481 0.0448
vn 0.8577 -0.5142 -0.0018
vn 0.6377 -0.7689 0.0457
vn 0.5021 -0.8648 0.0006
vn 0.3668 -0.9263 -0.0859
vn 0.2448 -0.9475 -0.2054
vn 0.1483 -0.9263 -0.3463
vn 0.0866 -0.8648 -0.4946
vn 0.0658 -0.7689 -0.6359
vn 0.0879 -0.6481 -0.7564
vn 0.1507 -0.5142 -0.8443
vn 0.2482 -0.3803 -0.8909
vn 0.3707 -0.2595 -0.8918
vn 0.5062 -0.1636 -0.8467
vn 0.6416 -0.1021 -0.7602
vn 0.7635 -0.0809 -0.6407
vn 0.8601 -0.1021 -0.4999
vn 0.9218 -0.1636 -0.3515
vn 0.9426 -0.2595 -0.2102
vn 0.9205 -0.3803 -0.0897
vn 0.5991 -0.6855 -0.4136
vn 0.9128 0.4065 -0.0392
vn 0.6921 -0.5577 -0.4581
vn 0.1971 0.4065 -0.8922
vn -0.2474 0.0332 -0.9683
vn 0.8764 -0.4683 0.1121
vn 0.9506 -0.3102 0.0083
vn 0.9767 -0.1676 -0.1339
vn 0.9521 -0.0544 -0.3008
vn 0.8793 0.0183 -0.4759
vn 0.7653 0.0433 -0.6422
vn 0.6214 0.0183 -0.7833
vn 0.4616 -0.0544 -0.8854
vn 0.3015 -0.1676 -0.9386
vn 0.1569 -0.3102 -0.9376
vn 0.0418 -0.4683 -0.8826
vn -0.0324 -0.6264 -0.7789
vn -0.0584 -0.7690 -0.6366
vn -0.0339 -0.8822 -0.4697
vn 0.0390 -0.9548 -0.2946
vn 0.1530 -0.9799 -0.1283
vn 0.2969 -0.9548 0.0128
vn 0.4567 -0.8822 0.1149
vn 0.6168 -0.7690 0.1681
vn 0.7614 -0.6264 0.1671
vn -0.0000 1.0000 -0.0000
vn -0.2073 0.9783 -0.0000
vn -0.2033 0.9783 0.0405
vn -0.1917 0.9782 0.0794
vn -0.1728 0.9782 0.1155
vn -0.1472 0.9781 0.1473
vn -0.1160 0.9779 0.1737
vn -0.0802 0.9777 0.1938
vn -0.3842 0.9201 -0.0764
vn -0.4280 0.8953 0.1236
vn 0.3757 0.1900 0.9071
vn 0.3757 -0.1900 0.9071
vn 0.5453 -0.1908 0.8162
vn 0.5453 0.1908 0.8162
vn 0.0802 0.9777 0.1938
vn 0.1160 0.9779 0.1737
vn 0.1472 0.9781 0.1473
vn 0.1728 0.9782 0.1155
vn 0.1917 0.9782 0.0794
vn 0.2033 0.9783 0.0405
vn 0.2073 0.9783 -0.0000
vn -0.0000 -1.0000 -0.0000
vn -0.2033 -0.9783 0.0405
vn -0.2073 -0.9783 -0.0000
vn -0.9625 0.1923 0.1915
vn -0.9625 -0.1923 0.1915
vn -0.9067 -0.1921 0.3756
vn -0.9067 0.1921 0.3756
vn -0.1917 -0.9782 0.0794
vn -0.8160 -0.1918 0.5453
vn -0.8160 0.1918 0.5453
vn -0.1728 -0.9782 0.1155
vn -0.6940 -0.1914 0.6941
vn -0.6940 0.1914 0.6941
vn -0.1472 -0.9781 0.1473
vn -0.5453 -0.1908 0.8162
vn -0.5453 0.1908 0.8162
vn -0.1160 -0.9779 0.1737
vn -0.3757 -0.1900 0.9071
vn -0.3757 0.1900 0.9071
vn -0.0802 -0.9777 0.1938
vn -0.1909 -0.1425 0.9712
vn -0.1909 0.1425 0.9712
vn -0.3842 -0.9201 -0.0764
vn -0.4280 -0.8953 0.1236
vn 0.3842 0.9201 -0.0764
vn 0.4280 0.8953 0.1236
vn 0.1909 0.1425 0.9712
vn 0.1909 -0.1425 0.9712
vn 0.1160 -0.9779 0.1737
vn 0.0802 -0.9777 0.1938
vn 0.3842 -0.9201 -0.0764
vn 0.4280 -0.8953 0.1236
vn 0.6940 -0.1914 0.6941
vn 0.6940 0.1914 0.6941
vn 0.1472 -0.9781 0.1473
vn 0.8160 -0.1918 0.5453
vn 0.8160 0.1918 0.5453
vn 0.1728 -0.9782 0.1155
vn 0.9067 -0.1921 0.3756
vn 0.9067 0.1921 0.3756
vn 0.1917 -0.9782 0.0794
vn 0.9625 -0.1923 0.1915
vn 0.9625 0.1923 0.1915
vn 0.2033 -0.9783 0.0405
vn 0.9813 -0.1923 -0.0000
vn 0.9813 0.1923 -0.0000
vn 0.2073 -0.9783 -0.0000
vn 0.1923 0.9813 -0.0000
vn -0.1923 0.9813 -0.0000
vn -0.1923 0.9625 0.1915
vn 0.1923 0.9625 0.1915
vn 0.9783 0.2073 -0.0000
vn 0.9783 0.2033 0.0405
vn 0.9782 0.1917 0.0794
vn 0.9782 0.1728 0.1155
vn 0.9781 0.1472 0.1473
vn 0.9779 0.1160 0.1737
vn 0.9777 0.0802 0.1938
vn 0.9201 0.3842 -0.0764
vn 0.8953 0.4280 0.1236
vn 0.1900 -0.3757 0.9071
vn -0.1900 -0.3757 0.9071
vn -0.1908 -0.5453 0.8162
vn 0.1908 -0.5453 0.8162
vn 0.9777 -0.0802 0.1938
vn 0.9779 -0.1160 0.1737
vn 0.9781 -0.1472 0.1473
vn 0.9782 -0.1728 0.1155
vn 0.9782 -0.1917 0.0794
vn 0.9783 -0.2033 0.0405
vn 0.9783 -0.2073 -0.0000
vn -0.9783 0.2033 0.0405
vn -0.9783 0.2073 -0.0000
vn -0.1921 0.9067 0.3756
vn 0.1921 0.9067 0.3756
vn -0.9782 0.1917 0.0794
vn -0.1918 0.8160 0.5453
vn 0.1918 0.8160 0.5453
vn -0.9782 0.1728 0.1155
vn -0.1914 0.6940 0.6941
vn 0.1914 0.6940 0.6941
vn -0.9781 0.1472 0.1473
vn -0.1908 0.5453 0.8162
vn 0.1908 0.5453 0.8162
vn -0.9779 0.1160 0.1737
vn -0.1900 0.3757 0.9071
vn 0.1900 0.3757 0.9071
vn -0.9777 0.0802 0.1938
vn -0.1425 0.1909 0.9712
vn 0.1425 0.1909 0.9712
vn -0.9201 0.3842 -0.0764
vn -0.8953 0.4280 0.1236
vn 0.9201 -0.3842 -0.0764
vn 0.8953 -0.4280 0.1236
vn 0.1425 -0.1909 0.9712
vn -0.1425 -0.1909 0.9712
vn -0.9779 -0.1160 0.1737
vn -0.9777 -0.0802 0.1938
vn -0.9201 -0.3842 -0.0764
vn -0.8953 -0.4280 0.1236
vn -0.1914 -0.6940 0.6941
vn 0.1914 -0.6940 0.6941
vn -0.9781 -0.1472 0.1473
vn -0.1918 -0.8160 0.5453
vn 0.1918 -0.8160 0.5453
vn -0.9782 -0.1728 0.1155
vn -0.1921 -0.9067 0.3756
vn 0.1921 -0.9067 0.3756
vn -0.9782 -0.1917 0.0794
vn -0.1923 -0.9625 0.1915
vn 0.1923 -0.9625 0.1915
vn -0.9783 -0.2033 0.0405
vn -0.1923 -0.9813 -0.0000
vn 0.1923 -0.9813 -0.0000
vn -0.9783 -0.2073 -0.0000
vn -0.3827 0.9239 -0.0000
vn -0.9239 0.3827 -0.0000
vn 0.3827 -0.9239 -0.0000
vn 0.9239 -0.3827 -0.0000
vn 0.3827 0.9239 -0.0000
vn -0.9239 -0.3827 -0.0000
vn 0.9239 0.3827 -0.0000
vn -0.3827 -0.9239 -0.0000
vn -0.9813 0.1923 -0.0000
vn -0.7056 0.6946 0.1404
vn -0.7193 0.6947 -0.0000
vn -0.9813 -0.1923 -0.0000
vn -0.7193 -0.6947 -0.0000
vn -0.7056 -0.6946 0.1404
vn -0.6648 0.6943 0.2754
vn -0.6648 -0.6943 0.2754
vn -0.5987 0.6939 0.4001
vn -0.5987 -0.6939 0.4001
vn -0.5095 0.6933 0.5096
vn -0.5095 -0.6933 0.5096
vn -0.4007 0.6924 0.5999
vn -0.4007 -0.6924 0.5999
vn -0.2764 0.6912 0.6677
vn -0.2764 -0.6912 0.6677
vn -0.3797 0.6076 0.6976
vn -0.3797 -0.6076 0.6976
vn 0.2764 0.6912 0.6677
vn 0.3797 0.6076 0.6976
vn 0.3797 -0.6076 0.6976
vn 0.2764 -0.6913 0.6677
vn 0.4007 0.6924 0.5999
vn 0.4007 -0.6924 0.5999
vn 0.5095 0.6933 0.5096
vn 0.5095 -0.6933 0.5096
vn 0.5987 0.6939 0.4001
vn 0.5987 -0.6939 0.4001
vn 0.6648 0.6943 0.2754
vn 0.6648 -0.6943 0.2754
vn 0.7056 0.6946 0.1404
vn 0.7056 -0.6946 0.1404
vn 0.7193 0.6947 -0.0000
vn 0.7193 -0.6947 -0.0000
vn 0.6946 0.7056 0.1404
vn 0.6947 0.7193 -0.0000
vn -0.6947 0.7193 -0.0000
vn -0.6946 0.7056 0.1404
vn 0.6943 0.6648 0.2754
vn -0.6943 0.6649 0.2754
vn 0.6939 0.5987 0.4001
vn -0.6939 0.5987 0.4001
vn 0.6933 0.5095 0.5096
vn -0.6933 0.5095 0.5096
vn 0.6924 0.4007 0.5999
vn -0.6924 0.4007 0.5999
vn 0.6913 0.2764 0.6677
vn -0.6913 0.2764 0.6677
vn 0.6076 0.3797 0.6976
vn -0.6076 0.3797 0.6976
vn 0.6912 -0.2764 0.6677
vn 0.6076 -0.3797 0.6976
vn -0.6076 -0.3797 0.6976
vn -0.6913 -0.2764 0.6677
vn 0.6924 -0.4007 0.5999
vn -0.6924 -0.4007 0.5999
vn 0.6933 -0.5095 0.5096
vn -0.6933 -0.5095 0.5096
vn 0.6939 -0.5987 0.4001
vn -0.6939 -0.5987 0.4001
vn 0.6943 -0.6648 0.2754
vn -0.6943 -0.6648 0.2754
vn 0.6946 -0.7056 0.1404
vn -0.6946 -0.7056 0.1404
vn 0.6947 -0.7193 -0.0000
vn -0.6947 -0.7193 -0.0000
vn -0.2033 0.9783 -0.0405
vn -0.1917 0.9782 -0.0794
vn -0.1728 0.9782 -0.1155
vn -0.1472 0.9781 -0.1473
vn -0.1160 0.9779 -0.1737
vn -0.0802 0.9777 -0.1938
vn -0.3842 0.9201 0.0764
vn -0.4280 0.8953 -0.1236
vn 0.3757 0.1900 -0.9071
vn 0.5453 0.1908 -0.8162
vn 0.5453 -0.1908 -0.8162
vn 0.3757 -0.1900 -0.9071
vn 0.1160 0.9779 -0.1737
vn 0.0802 0.9777 -0.1938
vn 0.1472 0.9781 -0.1473
vn 0.1728 0.9782 -0.1155
vn 0.1917 0.9782 -0.0794
vn 0.2033 0.9783 -0.0405
vn -0.2033 -0.9783 -0.0405
vn -0.9625 0.1923 -0.1915
vn -0.9067 0.1921 -0.3756
vn -0.9067 -0.1921 -0.3756
vn -0.9625 -0.1923 -0.1915
vn -0.1917 -0.9782 -0.0794
vn -0.8160 0.1918 -0.5453
vn -0.8160 -0.1918 -0.5453
vn -0.1728 -0.9782 -0.1155
vn -0.6940 0.1914 -0.6941
vn -0.6940 -0.1914 -0.6941
vn -0.1472 -0.9781 -0.1473
vn -0.5453 0.1908 -0.8162
vn -0.5453 -0.1908 -0.8162
vn -0.1160 -0.9779 -0.1737
vn -0.3757 0.1900 -0.9071
vn -0.3757 -0.1900 -0.9071
vn -0.0802 -0.9777 -0.1938
vn -0.1909 0.1425 -0.9712
vn -0.1909 -0.1425 -0.9712
vn -0.4280 -0.8953 -0.1236
vn -0.3842 -0.9201 0.0764
vn 0.4280 0.8953 -0.1236
vn 0.3842 0.9201 0.0764
vn 0.1909 0.1425 -0.9712
vn 0.1909 -0.1425 -0.9712
vn 0.0802 -0.9777 -0.1938
vn 0.1160 -0.9779 -0.1737
vn 0.3842 -0.9201 0.0764
vn 0.4280 -0.8953 -0.1236
vn 0.6940 0.1914 -0.6941
vn 0.6940 -0.1914 -0.6941
vn 0.1472 -0.9781 -0.1473
vn 0.8160 0.1918 -0.5453
vn 0.8160 -0.1918 -0.5453
vn 0.1728 -0.9782 -0.1155
vn 0.9067 0.1921 -0.3756
vn 0.9067 -0.1921 -0.3756
vn 0.1917 -0.9782 -0.0794
vn 0.9625 0.1923 -0.1915
vn 0.9625 -0.1923 -0.1915
vn 0.2033 -0.9783 -0.0405
vn 0.1923 0.9625 -0.1915
vn -0.1923 0.9625 -0.1915
vn 0.9783 0.2033 -0.0405
vn 0.9782 0.1917 -0.0794
vn 0.9782 0.1728 -0.1155
vn 0.9781 0.1472 -0.1473
vn 0.9779 0.1160 -0.1737
vn 0.9777 0.0802 -0.1938
vn 0.9201 0.3842 0.0764
vn 0.8953 0.4280 -0.1236
vn 0.1900 -0.3757 -0.9071
vn 0.1908 -0.5453 -0.8162
vn -0.1908 -0.5453 -0.8162
vn -0.1900 -0.3757 -0.9071
vn 0.9779 -0.1160 -0.1737
vn 0.9777 -0.0802 -0.1938
vn 0.9781 -0.1472 -0.1473
vn 0.9782 -0.1728 -0.1155
vn 0.9782 -0.1917 -0.0794
vn 0.9783 -0.2033 -0.0405
vn -0.9783 0.2033 -0.0405
vn 0.1921 0.9067 -0.3756
vn -0.1921 0.9067 -0.3756
vn -0.9782 0.1917 -0.0794
vn 0.1918 0.8160 -0.5453
vn -0.1918 0.8160 -0.5453
vn -0.9782 0.1728 -0.1155
vn 0.1914 0.6940 -0.6941
vn -0.1914 0.6940 -0.6941
vn -0.9781 0.1472 -0.1473
vn 0.1908 0.5453 -0.8162
vn -0.1908 0.5453 -0.8162
vn -0.9779 0.1160 -0.1737
vn 0.1900 0.3757 -0.9071
vn -0.1900 0.3757 -0.9071
vn -0.9777 0.0802 -0.1938
vn 0.1425 0.1909 -0.9712
vn -0.1425 0.1909 -0.9712
vn -0.8953 0.4280 -0.1236
vn -0.9201 0.3842 0.0764
vn 0.8953 -0.4280 -0.1236
vn 0.9201 -0.3842 0.0764
vn 0.1425 -0.1909 -0.9712
vn -0.1425 -0.1909 -0.9712
vn -0.9777 -0.0802 -0.1938
vn -0.9779 -0.1160 -0.1737
vn -0.9201 -0.3842 0.0764
vn -0.8953 -0.4280 -0.1236
vn 0.1914 -0.6940 -0.6941
vn -0.1914 -0.6940 -0.6941
vn -0.9781 -0.1472 -0.1473
vn 0.1918 -0.8160 -0.5453
vn -0.1918 -0.8160 -0.5453
vn -0.9782 -0.1728 -0.1155
vn 0.1921 -0.9067 -0.3756
vn -0.1921 -0.9067 -0.3756
vn -0.9782 -0.1917 -0.0794
vn 0.1923 -0.9625 -0.1915
vn -0.1923 -0.9625 -0.1915
vn -0.9783 -0.2033 -0.0405
vn -0.7056 0.6946 -0.1404
vn -0.7056 -0.6946 -0.1404
vn -0.6648 0.6943 -0.2754
vn -0.6648 -0.6943 -0.2754
vn -0.5987 0.6939 -0.4001
vn -0.5987 -0.6939 -0.4001
vn -0.5095 0.6933 -0.5096
vn -0.5095 -0.6933 -0.5096
vn -0.4007 0.6924 -0.5999
vn -0.4007 -0.6924 -0.5999
vn -0.2764 0.6912 -0.6677
vn -0.2764 -0.6913 -0.6677
vn -0.3797 0.6076 -0.6976
vn -0.3797 -0.6076 -0.6976
vn 0.3797 0.6076 -0.6976
vn 0.2764 0.6912 -0.6677
vn 0.2764 -0.6913 -0.6677
vn 0.3797 -0.6076 -0.6976
vn 0.4007 0.6924 -0.5999
vn 0.4007 -0.6924 -0.5999
vn 0.5095 0.6933 -0.5096
vn 0.5095 -0.6933 -0.5096
vn 0.5987 0.6939 -0.4001
vn 0.5987 -0.6939 -0.4001
vn 0.6648 0.6943 -0.2754
vn 0.6648 -0.6943 -0.2754
vn 0.7056 0.6946 -0.1404
vn 0.7056 -0.6946 -0.1404
vn 0.6946 0.7056 -0.1404
vn -0.6946 0.7056 -0.1404
vn 0.6943 0.6648 -0.2754
vn -0.6943 0.6648 -0.2754
vn 0.6939 0.5987 -0.4001
vn -0.6939 0.5987 -0.4001
vn 0.6933 0.5095 -0.5096
vn -0.6933 0.5095 -0.5096
vn 0.6924 0.4007 -0.5999
vn -0.6924 0.4007 -0.5999
vn 0.6913 0.2764 -0.6677
vn -0.6913 0.2764 -0.6677
vn 0.6076 0.3797 -0.6976
vn -0.6076 0.3797 -0.6976
vn 0.6076 -0.3797 -0.6976
vn 0.6912 -0.2764 -0.6677
vn -0.6913 -0.2764 -0.6677
vn -0.6076 -0.3797 -0.6976
vn 0.6924 -0.4007 -0.5999
vn -0.6924 -0.4007 -0.5999
vn 0.6933 -0.5095 -0.5096
vn -0.6933 -0.5095 -0.5096
vn 0.6939 -0.5987 -0.4001
vn -0.6939 -0.5987 -0.4001
vn 0.6943 -0.6648 -0.2754
vn -0.6943 -0.6648 -0.2754
vn 0.6946 -0.7056 -0.1404
vn -0.6946 -0.7056 -0.1404
vt 0.721361 0.693109
vt 0.734904 0.713623
vt 0.728499 0.718509
vt 0.711984 0.701010
vt 0.734223 0.648813
vt 0.744617 0.682247
vt 0.732272 0.686746
vt 0.716895 0.657028
vt 0.719891 0.615978
vt 0.698744 0.628886
vt 0.701277 0.585177
vt 0.678278 0.602323
vt 0.680158 0.556135
vt 0.655689 0.577382
vt 0.656275 0.528690
vt 0.631197 0.553132
vt 0.630722 0.503069
vt 0.605349 0.528867
vt 0.634541 0.599523
vt 0.608781 0.578319
vt 0.581304 0.556122
vt 0.701949 0.667392
vt 0.680824 0.643579
vt 0.658424 0.621055
vt 0.689288 0.679507
vt 0.665964 0.659727
vt 0.641751 0.641051
vt 0.616393 0.622990
vt 0.589243 0.605059
vt 0.559388 0.585650
vt 0.723117 0.724345
vt 0.704205 0.710134
vt 0.572720 0.633271
vt 0.541287 0.617769
vt 0.718882 0.730949
vt 0.698081 0.720210
vt 0.679056 0.692873
vt 0.653847 0.677079
vt 0.628066 0.662322
vt 0.601355 0.647786
vt 0.644469 0.695515
vt 0.617506 0.684601
vt 0.589661 0.673735
vt 0.559865 0.662950
vt 0.527156 0.651436
vt 0.715814 0.738082
vt 0.693787 0.730955
vt 0.671142 0.707271
vt 0.713982 0.745569
vt 0.691272 0.742123
vt 0.665515 0.722449
vt 0.637924 0.714778
vt 0.610129 0.707647
vt 0.581447 0.700575
vt 0.550850 0.693678
vt 0.517241 0.686325
vt 0.634101 0.734450
vt 0.605883 0.731251
vt 0.576786 0.727989
vt 0.545800 0.725055
vt 0.511749 0.721982
vt 0.713393 0.753233
vt 0.690501 0.753482
vt 0.662230 0.738080
vt 0.714123 0.760878
vt 0.691492 0.764816
vt 0.661328 0.753893
vt 0.633080 0.754329
vt 0.604837 0.755012
vt 0.575713 0.755587
vt 0.544775 0.756629
vt 0.510790 0.757870
vt 0.606966 0.778618
vt 0.578211 0.782986
vt 0.547756 0.787940
vt 0.514352 0.793417
vt 0.716044 0.768324
vt 0.694331 0.775875
vt 0.662754 0.769643
vt 0.634837 0.774110
vt 0.719191 0.775381
vt 0.698852 0.786431
vt 0.666451 0.785066
vt 0.639330 0.793505
vt 0.612210 0.801757
vt 0.584196 0.809816
vt 0.554629 0.818540
vt 0.522290 0.828064
vt 0.620480 0.824138
vt 0.593532 0.835749
vt 0.565197 0.848029
vt 0.534336 0.861306
vt 0.723528 0.781837
vt 0.705037 0.796245
vt 0.672469 0.799908
vt 0.646518 0.812258
vt 0.680728 0.813909
vt 0.656347 0.830125
vt 0.631662 0.845498
vt 0.606042 0.860519
vt 0.579186 0.876093
vt 0.550100 0.892732
vt 0.728913 0.787546
vt 0.712938 0.805083
vt 0.621556 0.883981
vt 0.596265 0.902547
vt 0.569086 0.922076
vt 0.735300 0.792294
vt 0.722337 0.812686
vt 0.691126 0.826771
vt 0.668778 0.846746
vt 0.645763 0.865734
vt 0.703789 0.838296
vt 0.683817 0.862123
vt 0.662598 0.884646
vt 0.639867 0.906072
vt 0.616058 0.927372
vt 0.590689 0.949257
vt 0.742530 0.795884
vt 0.733196 0.818762
vt 0.638213 0.950822
vt 0.614209 0.974485
vt 0.750467 0.798120
vt 0.745277 0.822956
vt 0.718648 0.848117
vt 0.701597 0.875963
vt 0.682290 0.902227
vt 0.660940 0.926958
vt 0.735717 0.855780
vt 0.722459 0.888062
vt 0.705006 0.918417
vt 0.685060 0.947092
vt 0.662448 0.973510
vt 0.638821 0.998350
vt 0.764946 0.319932
vt 0.759333 0.294471
vt 0.767406 0.292087
vt 0.777374 0.315385
vt 0.879820 0.500595
vt 0.853687 0.474132
vt 0.879043 0.449466
vt 0.905768 0.473981
vt 0.774770 0.288333
vt 0.788379 0.308957
vt 0.775572 0.353650
vt 0.793037 0.345217
vt 0.790380 0.386058
vt 0.811186 0.373389
vt 0.808275 0.417285
vt 0.831763 0.399870
vt 0.829824 0.446376
vt 0.854307 0.425117
vt 0.828998 0.358759
vt 0.851659 0.381139
vt 0.875631 0.402766
vt 0.901591 0.423956
vt 0.929687 0.445857
vt 0.781216 0.283424
vt 0.797836 0.301018
vt 0.807939 0.334784
vt 0.786632 0.277567
vt 0.805603 0.291873
vt 0.820516 0.322684
vt 0.843945 0.342562
vt 0.868368 0.361079
vt 0.893805 0.379167
vt 0.921143 0.397073
vt 0.950857 0.415882
vt 0.856114 0.325075
vt 0.881999 0.339799
vt 0.908771 0.354314
vt 0.937431 0.368736
vt 0.968709 0.384041
vt 0.790897 0.270935
vt 0.811757 0.281764
vt 0.830866 0.309220
vt 0.793997 0.263770
vt 0.816070 0.270992
vt 0.838812 0.294779
vt 0.865512 0.306577
vt 0.892544 0.317493
vt 0.920416 0.328345
vt 0.950185 0.339087
vt 0.982775 0.350546
vt 0.899966 0.294404
vt 0.928624 0.301507
vt 0.959175 0.308410
vt 0.992693 0.315771
vt 0.795822 0.256230
vt 0.818687 0.259769
vt 0.844491 0.279564
vt 0.872142 0.287323
vt 0.847782 0.263905
vt 0.875988 0.267597
vt 0.904228 0.270824
vt 0.933306 0.274122
vt 0.964243 0.277092
vt 0.998216 0.280201
vt 0.796441 0.248520
vt 0.819488 0.248351
vt 0.934422 0.246554
vt 0.965312 0.245573
vt 0.999223 0.244392
vt 0.795724 0.240834
vt 0.818480 0.236965
vt 0.848735 0.248042
vt 0.877054 0.247683
vt 0.905316 0.247068
vt 0.847401 0.232232
vt 0.875364 0.227869
vt 0.903255 0.223458
vt 0.931994 0.219182
vt 0.962401 0.214318
vt 0.995728 0.208926
vt 0.793821 0.233344
vt 0.815731 0.225835
vt 0.926107 0.192374
vt 0.955625 0.183776
vt 0.987879 0.174369
vt 0.790689 0.226230
vt 0.811249 0.215188
vt 0.843724 0.216739
vt 0.870948 0.208427
vt 0.898104 0.200306
vt 0.837778 0.201813
vt 0.863866 0.189632
vt 0.889953 0.177901
vt 0.916903 0.166460
vt 0.945190 0.154350
vt 0.975956 0.141232
vt 0.786381 0.219681
vt 0.805024 0.205274
vt 0.931382 0.126355
vt 0.960362 0.109929
vt 0.780961 0.213892
vt 0.797164 0.196319
vt 0.829644 0.187721
vt 0.854181 0.171729
vt 0.878912 0.156482
vt 0.904568 0.141701
vt 0.819313 0.174694
vt 0.841925 0.154921
vt 0.865080 0.136224
vt 0.889303 0.118257
vt 0.914545 0.099979
vt 0.941608 0.080727
vt 0.774528 0.209083
vt 0.787772 0.188587
vt 0.895057 0.075228
vt 0.920307 0.053695
vt 0.767221 0.205423
vt 0.776943 0.182365
vt 0.806821 0.163009
vt 0.827080 0.139396
vt 0.848515 0.117228
vt 0.871283 0.096150
vt 0.809491 0.125297
vt 0.829200 0.099543
vt 0.850553 0.075194
vt 0.873301 0.051857
vt 0.897166 0.028632
vt 0.759226 0.203110
vt 0.764603 0.177924
vt 0.792034 0.152917
vt 0.775035 0.144827
vt 0.789158 0.112958
vt 0.806815 0.083000
vt 0.827228 0.055150
vt 0.849606 0.029349
vt 0.873024 0.004981
vt 0.750227 0.707503
vt 0.742205 0.709886
vt 0.748372 0.726208
vt 0.743872 0.728386
vt 0.739851 0.731319
vt 0.736421 0.734892
vt 0.733719 0.739033
vt 0.731693 0.743520
vt 0.730451 0.748258
vt 0.730102 0.753131
vt 0.730572 0.757999
vt 0.731847 0.762724
vt 0.733822 0.767206
vt 0.736588 0.771239
vt 0.740013 0.774744
vt 0.743989 0.777647
vt 0.748438 0.779746
vt 0.753226 0.781004
vt 0.756368 0.277016
vt 0.761246 0.275690
vt 0.765773 0.273476
vt 0.769822 0.270534
vt 0.773277 0.266950
vt 0.775999 0.262796
vt 0.778040 0.258291
vt 0.779213 0.253499
vt 0.779571 0.248577
vt 0.779198 0.243665
vt 0.777934 0.238914
vt 0.775890 0.234432
vt 0.773111 0.230347
vt 0.769705 0.226744
vt 0.765684 0.223844
vt 0.761197 0.221672
vt 0.756368 0.220382
vt 0.753226 0.724875
vt 0.723140 0.308664
vt 0.713801 0.300647
vt 0.730554 0.283210
vt 0.736953 0.288177
vt 0.735518 0.353318
vt 0.718217 0.344857
vt 0.734077 0.315181
vt 0.746433 0.319842
vt 0.720767 0.386029
vt 0.699735 0.372860
vt 0.701786 0.416644
vt 0.678958 0.399227
vt 0.680338 0.445468
vt 0.656084 0.423945
vt 0.656152 0.472666
vt 0.631324 0.447948
vt 0.630319 0.498025
vt 0.605209 0.471950
vt 0.609161 0.422514
vt 0.635157 0.401565
vt 0.581443 0.444434
vt 0.703444 0.334340
vt 0.681963 0.357961
vt 0.659286 0.380265
vt 0.667241 0.341631
vt 0.690850 0.322037
vt 0.642795 0.360065
vt 0.617240 0.377891
vt 0.589889 0.395559
vt 0.559824 0.414673
vt 0.706071 0.291420
vt 0.725190 0.277302
vt 0.542038 0.382366
vt 0.573643 0.367167
vt 0.700067 0.281262
vt 0.720985 0.270638
vt 0.680724 0.308521
vt 0.655307 0.324042
vt 0.629372 0.338672
vt 0.602450 0.352934
vt 0.618985 0.316220
vt 0.646091 0.305516
vt 0.590995 0.326831
vt 0.561067 0.337337
vt 0.528224 0.348542
vt 0.695805 0.270456
vt 0.717946 0.263454
vt 0.672847 0.293976
vt 0.693325 0.259238
vt 0.716146 0.255927
vt 0.667372 0.278751
vt 0.639656 0.286224
vt 0.611771 0.293042
vt 0.583019 0.299877
vt 0.552337 0.306494
vt 0.518637 0.313531
vt 0.607746 0.269408
vt 0.636017 0.266474
vt 0.578607 0.272407
vt 0.547582 0.275053
vt 0.513489 0.277800
vt 0.692635 0.247843
vt 0.715609 0.248246
vt 0.664236 0.263076
vt 0.693726 0.236502
vt 0.716324 0.240588
vt 0.663445 0.247226
vt 0.635169 0.246562
vt 0.606916 0.245632
vt 0.577790 0.244793
vt 0.546858 0.243461
vt 0.512882 0.241892
vt 0.580540 0.217420
vt 0.609253 0.222043
vt 0.550137 0.212181
vt 0.516794 0.206382
vt 0.696633 0.225458
vt 0.718301 0.233151
vt 0.664989 0.231468
vt 0.637091 0.226781
vt 0.701222 0.214934
vt 0.721477 0.226108
vt 0.668800 0.216067
vt 0.641741 0.207412
vt 0.614691 0.198959
vt 0.586767 0.190657
vt 0.557300 0.181660
vt 0.525072 0.171825
vt 0.596330 0.164834
vt 0.623131 0.176685
vt 0.568144 0.152296
vt 0.537443 0.138726
vt 0.707471 0.205163
vt 0.725853 0.219675
vt 0.674926 0.201271
vt 0.649076 0.188695
vt 0.683275 0.187347
vt 0.659067 0.170973
vt 0.634526 0.155424
vt 0.609065 0.140199
vt 0.582391 0.124396
vt 0.553511 0.107491
vt 0.715378 0.196374
vt 0.731276 0.213999
vt 0.599698 0.098152
vt 0.624766 0.116918
vt 0.572768 0.078391
vt 0.724822 0.188842
vt 0.737679 0.209291
vt 0.693811 0.174530
vt 0.671607 0.154451
vt 0.648771 0.135336
vt 0.686712 0.139217
vt 0.706531 0.163072
vt 0.665716 0.116609
vt 0.643233 0.095048
vt 0.619688 0.073579
vt 0.594602 0.051493
vt 0.735744 0.182840
vt 0.744933 0.205751
vt 0.618317 0.026581
vt 0.642008 0.050417
vt 0.747987 0.178665
vt 0.752857 0.203579
vt 0.721326 0.153359
vt 0.704494 0.125564
vt 0.685480 0.099261
vt 0.664431 0.074426
vt 0.725297 0.113698
vt 0.738246 0.145805
vt 0.708235 0.083357
vt 0.688652 0.054604
vt 0.666391 0.028050
vt 0.643096 0.003046
vt 0.764485 0.681521
vt 0.776911 0.686109
vt 0.766858 0.709403
vt 0.758784 0.706991
vt 0.879853 0.501127
vt 0.905735 0.527806
vt 0.878950 0.552255
vt 0.853654 0.527525
vt 0.787911 0.692574
vt 0.774213 0.713183
vt 0.775216 0.647817
vt 0.792665 0.656301
vt 0.790117 0.615441
vt 0.810895 0.628169
vt 0.808098 0.584258
vt 0.831543 0.601736
vt 0.829722 0.555221
vt 0.854152 0.576543
vt 0.851395 0.620520
vt 0.828674 0.642848
vt 0.875423 0.598949
vt 0.901435 0.577821
vt 0.929585 0.555989
vt 0.797365 0.700546
vt 0.780655 0.718115
vt 0.807548 0.666779
vt 0.805133 0.709726
vt 0.786054 0.723992
vt 0.820102 0.678916
vt 0.843585 0.659087
vt 0.868058 0.640623
vt 0.893541 0.622594
vt 0.920923 0.604752
vt 0.950682 0.586014
vt 0.881641 0.661939
vt 0.855716 0.676607
vt 0.908449 0.647485
vt 0.937145 0.633127
vt 0.968458 0.617896
vt 0.811253 0.719848
vt 0.790341 0.730622
vt 0.830424 0.692412
vt 0.815570 0.730647
vt 0.793415 0.737800
vt 0.838333 0.706872
vt 0.865072 0.695129
vt 0.892136 0.684272
vt 0.920036 0.673482
vt 0.949830 0.662807
vt 0.982447 0.651421
vt 0.928185 0.700340
vt 0.899508 0.707380
vt 0.958753 0.693504
vt 0.992286 0.686217
vt 0.818107 0.741871
vt 0.795267 0.745343
vt 0.843969 0.722101
vt 0.871661 0.714402
vt 0.847264 0.737787
vt 0.875470 0.734142
vt 0.903720 0.730973
vt 0.932807 0.727737
vt 0.963752 0.724834
vt 0.997731 0.721798
vt 0.818902 0.753291
vt 0.795864 0.753068
vt 0.964753 0.756355
vt 0.933865 0.755308
vt 0.998661 0.757608
vt 0.817880 0.764677
vt 0.795141 0.760776
vt 0.848176 0.753649
vt 0.876498 0.754062
vt 0.904760 0.754734
vt 0.846812 0.769458
vt 0.874768 0.773874
vt 0.902651 0.778340
vt 0.931380 0.782675
vt 0.961776 0.787603
vt 0.995090 0.793066
vt 0.815114 0.775804
vt 0.793217 0.768280
vt 0.954935 0.818129
vt 0.925438 0.809469
vt 0.987167 0.827605
vt 0.810642 0.786440
vt 0.790036 0.775379
vt 0.843106 0.784944
vt 0.870315 0.793306
vt 0.897453 0.801480
vt 0.863198 0.812085
vt 0.837137 0.799856
vt 0.889258 0.823867
vt 0.916181 0.835362
vt 0.944438 0.847530
vt 0.975173 0.860714
vt 0.804394 0.796351
vt 0.785732 0.781925
vt 0.959511 0.891980
vt 0.930571 0.875492
vt 0.796523 0.805299
vt 0.780313 0.787709
vt 0.828981 0.813935
vt 0.853481 0.829968
vt 0.878176 0.845260
vt 0.903795 0.860091
vt 0.841196 0.846748
vt 0.818629 0.826944
vt 0.864305 0.865485
vt 0.888484 0.883497
vt 0.913680 0.901826
vt 0.940695 0.921135
vt 0.787079 0.813039
vt 0.773892 0.792535
vt 0.919336 0.948112
vt 0.894142 0.926527
vt 0.776262 0.819257
vt 0.766585 0.796186
vt 0.806118 0.838607
vt 0.826326 0.862239
vt 0.847706 0.884440
vt 0.870421 0.905558
vt 0.828361 0.902074
vt 0.808720 0.876292
vt 0.849652 0.926461
vt 0.872338 0.949842
vt 0.896143 0.973116
vt 0.764021 0.823677
vt 0.758573 0.798499
vt 0.791329 0.848663
vt 0.774348 0.856705
vt 0.788377 0.888574
vt 0.805950 0.918556
vt 0.826289 0.946443
vt 0.848598 0.972288
vt 0.871953 0.996703
vt 0.744267 0.292001
vt 0.752319 0.294471
vt 0.746099 0.273396
vt 0.750610 0.275626
vt 0.742076 0.270413
vt 0.738651 0.266792
vt 0.735963 0.262605
vt 0.733952 0.258076
vt 0.732728 0.253300
vt 0.732315 0.248412
vt 0.732805 0.243542
vt 0.734019 0.238802
vt 0.736082 0.234377
vt 0.738874 0.230356
vt 0.742280 0.226822
vt 0.746262 0.223951
vt 0.750710 0.221855
vt 0.755485 0.220636
vt 0.760637 0.725868
vt 0.755749 0.724540
vt 0.765176 0.728062
vt 0.769231 0.731014
vt 0.772690 0.734605
vt 0.775415 0.738763
vt 0.777458 0.743270
vt 0.778633 0.748061
vt 0.778989 0.752980
vt 0.778518 0.757896
vt 0.777321 0.762684
vt 0.775265 0.767165
vt 0.772476 0.771245
vt 0.769064 0.774847
vt 0.765061 0.777787
vt 0.760577 0.779950
vt 0.755749 0.781231
vt 0.755485 0.277009
vt 0.100663 0.249496
vt 0.148716 0.249496
vt 0.148716 0.264982
vt 0.100663 0.264982
vt 0.491736 0.188580
vt 0.482679 0.185606
vt 0.483050 0.183308
vt 0.492800 0.186507
vt 0.473157 0.185574
vt 0.472800 0.183277
vt 0.464107 0.188479
vt 0.463061 0.186403
vt 0.456380 0.194028
vt 0.454745 0.192371
vt 0.450719 0.201714
vt 0.448643 0.200639
vt 0.447708 0.210816
vt 0.445398 0.210437
vt 0.447649 0.220380
vt 0.445337 0.220735
vt 0.450570 0.229478
vt 0.448481 0.230532
vt 0.456180 0.237253
vt 0.454521 0.238902
vt 0.463893 0.242896
vt 0.462826 0.244976
vt 0.472973 0.245872
vt 0.472602 0.248178
vt 0.482530 0.245898
vt 0.482890 0.248206
vt 0.491617 0.242970
vt 0.492672 0.245049
vt 0.499350 0.237369
vt 0.501000 0.239022
vt 0.504970 0.229637
vt 0.507052 0.230700
vt 0.507932 0.220539
vt 0.510239 0.220905
vt 0.507936 0.210988
vt 0.510240 0.210624
vt 0.562834 0.082205
vt 0.565406 0.074290
vt 0.570125 0.075037
vt 0.567091 0.084374
vt 0.505007 0.201921
vt 0.507083 0.200869
vt 0.499431 0.194205
vt 0.501081 0.192565
vt 0.100663 0.234010
vt 0.148716 0.234010
vt 0.100663 0.218524
vt 0.148716 0.218524
vt 0.100663 0.280468
vt 0.148716 0.280468
vt 0.148716 0.295954
vt 0.100663 0.295954
vt 0.148716 0.311440
vt 0.100663 0.311440
vt 0.100663 0.001720
vt 0.148716 0.001720
vt 0.148716 0.017206
vt 0.100663 0.017206
vt 0.148716 0.032692
vt 0.100663 0.032692
vt 0.148716 0.048178
vt 0.100663 0.048178
vt 0.148716 0.063664
vt 0.100663 0.063664
vt 0.148716 0.079150
vt 0.100663 0.079150
vt 0.148716 0.094636
vt 0.100663 0.094636
vt 0.148716 0.110122
vt 0.100663 0.110122
vt 0.148716 0.125608
vt 0.100663 0.125608
vt 0.148716 0.141094
vt 0.100663 0.141094
vt 0.148716 0.156580
vt 0.100663 0.156580
vt 0.148716 0.172066
vt 0.100663 0.172066
vt 0.148716 0.187552
vt 0.100663 0.187552
vt 0.148716 0.203038
vt 0.100663 0.203038
vt 0.488766 0.131384
vt 0.524792 0.126338
vt 0.524577 0.137596
vt 0.514176 0.157423
vt 0.504910 0.164038
vt 0.515429 0.082205
vt 0.520322 0.088939
vt 0.516944 0.092317
vt 0.511173 0.084374
vt 0.551209 0.046426
vt 0.543293 0.043854
vt 0.544041 0.039136
vt 0.553378 0.042169
vt 0.565406 0.065967
vt 0.570125 0.065220
vt 0.534970 0.043854
vt 0.534223 0.039136
vt 0.527055 0.093831
vt 0.524886 0.098087
vt 0.534971 0.096403
vt 0.543293 0.096403
vt 0.544041 0.101121
vt 0.534223 0.101121
vt 0.442953 0.123319
vt 0.447386 0.109637
vt 0.453003 0.112495
vt 0.448910 0.124376
vt 0.468269 0.089355
vt 0.482115 0.085291
vt 0.482985 0.091300
vt 0.470967 0.095061
vt 0.510569 0.089785
vt 0.522685 0.098568
vt 0.517882 0.103206
vt 0.507667 0.095514
vt 0.520321 0.051318
vt 0.515429 0.058051
vt 0.511173 0.055883
vt 0.516944 0.047940
vt 0.534944 0.124945
vt 0.534827 0.139329
vt 0.528662 0.138321
vt 0.528922 0.125763
vt 0.521584 0.164895
vt 0.509679 0.173483
vt 0.506783 0.167797
vt 0.517103 0.160410
vt 0.527055 0.046426
vt 0.524886 0.042169
vt 0.551209 0.093831
vt 0.553378 0.098087
vt 0.562834 0.058051
vt 0.567091 0.055883
vt 0.557942 0.088939
vt 0.561320 0.092317
vt 0.557942 0.051318
vt 0.561320 0.047940
vt 0.446398 0.151863
vt 0.442421 0.137653
vt 0.448667 0.136904
vt 0.452321 0.149016
vt 0.456040 0.097650
vt 0.460640 0.102386
vt 0.496560 0.085256
vt 0.495589 0.091479
vt 0.495583 0.178013
vt 0.480541 0.178013
vt 0.481715 0.171412
vt 0.494574 0.171630
vt 0.530996 0.110972
vt 0.525227 0.113649
vt 0.530237 0.153121
vt 0.524626 0.150243
vt 0.471580 0.163502
vt 0.462513 0.156627
vt 0.512857 0.065967
vt 0.512857 0.074290
vt 0.508139 0.075037
vt 0.508139 0.065220
vt 0.455018 0.163799
vt 0.459471 0.159531
vt 0.452979 0.125092
vt 0.456694 0.114461
vt 0.472829 0.098789
vt 0.483589 0.095420
vt 0.505685 0.099252
vt 0.514872 0.106122
vt 0.482442 0.167250
vt 0.494874 0.095600
vt 0.456093 0.147208
vt 0.452779 0.136323
vt 0.521440 0.115510
vt 0.520939 0.148304
vt 0.463543 0.105363
vt 0.466497 0.172809
vt 0.469613 0.167227
vt 0.493972 0.167433
vt 0.025373 0.796484
vt 0.025373 0.811849
vt 0.002977 0.811849
vt 0.002977 0.796484
vt 0.025373 0.735023
vt 0.025373 0.750388
vt 0.002977 0.750388
vt 0.002977 0.735023
vt 0.025373 0.904040
vt 0.025373 0.919405
vt 0.002978 0.919405
vt 0.002978 0.904040
vt 0.025373 0.704292
vt 0.025373 0.719658
vt 0.002977 0.719658
vt 0.002977 0.704292
vt 0.025373 0.781118
vt 0.002977 0.781118
vt 0.025373 0.888675
vt 0.002978 0.888675
vt 0.025373 0.688927
vt 0.002977 0.688927
vt 0.025373 0.873310
vt 0.002978 0.873310
vt 0.025373 0.980866
vt 0.025373 0.996231
vt 0.002978 0.996232
vt 0.002978 0.980866
vt 0.025373 0.857944
vt 0.002978 0.857944
vt 0.025373 0.965501
vt 0.002978 0.965501
vt 0.025373 0.842579
vt 0.002978 0.842579
vt 0.025373 0.950136
vt 0.002978 0.950136
vt 0.025373 0.827214
vt 0.002977 0.827214
vt 0.025373 0.934770
vt 0.002978 0.934770
vt 0.025373 0.765753
vt 0.002977 0.765753
vt 0.494525 0.183130
vt 0.503762 0.189889
vt 0.502698 0.190954
vt 0.493841 0.184473
vt 0.483645 0.179565
vt 0.483411 0.181053
vt 0.472211 0.179541
vt 0.472447 0.181026
vt 0.461366 0.183042
vt 0.462033 0.184369
vt 0.452088 0.189670
vt 0.453141 0.190747
vt 0.445264 0.198881
vt 0.446605 0.199585
vt 0.441605 0.209818
vt 0.443118 0.210065
vt 0.441605 0.221310
vt 0.443084 0.221082
vt 0.445065 0.232256
vt 0.446434 0.231567
vt 0.451815 0.241604
vt 0.452884 0.240532
vt 0.461095 0.248346
vt 0.461777 0.247016
vt 0.471992 0.251947
vt 0.472235 0.250437
vt 0.483479 0.251948
vt 0.483241 0.250455
vt 0.494402 0.248448
vt 0.493714 0.247104
vt 0.503679 0.241700
vt 0.502608 0.240634
vt 0.510457 0.232432
vt 0.509108 0.231749
vt 0.513996 0.221496
vt 0.512502 0.221265
vt 0.513986 0.210028
vt 0.512497 0.210270
vt 0.510444 0.199158
vt 0.509104 0.199843
vt 0.456223 0.600020
vt 0.456234 0.589953
vt 0.459431 0.589451
vt 0.459425 0.600526
vt 0.409598 0.623645
vt 0.419259 0.626824
vt 0.418741 0.630051
vt 0.408101 0.626556
vt 0.206447 0.643213
vt 0.206447 0.630021
vt 0.221069 0.630021
vt 0.221069 0.643213
vt 0.162583 0.643213
vt 0.162583 0.630021
vt 0.177204 0.630021
vt 0.177204 0.643213
vt 0.264933 0.643213
vt 0.264933 0.630021
vt 0.279555 0.630021
vt 0.279555 0.643213
vt 0.191826 0.630021
vt 0.191826 0.643213
vt 0.294176 0.630021
vt 0.294176 0.643213
vt 0.001746 0.643213
vt 0.001746 0.630021
vt 0.016368 0.630021
vt 0.016368 0.643213
vt 0.250312 0.643213
vt 0.250312 0.630021
vt 0.030989 0.630021
vt 0.030989 0.643213
vt 0.453155 0.580388
vt 0.456046 0.578928
vt 0.439019 0.623725
vt 0.447172 0.617795
vt 0.449468 0.620088
vt 0.440495 0.626617
vt 0.429405 0.626846
vt 0.429913 0.630064
vt 0.401396 0.617637
vt 0.399077 0.619935
vt 0.395474 0.609415
vt 0.392572 0.610874
vt 0.392409 0.599818
vt 0.389203 0.600309
vt 0.392459 0.589747
vt 0.389257 0.589225
vt 0.395626 0.580152
vt 0.392732 0.578663
vt 0.401620 0.571988
vt 0.399330 0.569675
vt 0.409837 0.566082
vt 0.408383 0.563179
vt 0.419426 0.563020
vt 0.418938 0.559823
vt 0.045611 0.643213
vt 0.045611 0.630021
vt 0.060232 0.630021
vt 0.060232 0.643213
vt 0.429468 0.563071
vt 0.429987 0.559875
vt 0.439057 0.566229
vt 0.440541 0.563332
vt 0.447242 0.572208
vt 0.449548 0.569917
vt 0.453098 0.609625
vt 0.455992 0.611099
vt 0.147961 0.643213
vt 0.147961 0.630021
vt 0.235690 0.630021
vt 0.235690 0.643213
vt 0.133340 0.643213
vt 0.133340 0.630021
vt 0.118718 0.643213
vt 0.118718 0.630021
vt 0.104097 0.643213
vt 0.104097 0.630021
vt 0.089475 0.643213
vt 0.089475 0.630021
vt 0.074854 0.643213
vt 0.074854 0.630021
vt 0.460449 0.589292
vt 0.460453 0.600689
vt 0.461121 0.589185
vt 0.461129 0.600794
vt 0.440970 0.627546
vt 0.430077 0.631098
vt 0.441283 0.628155
vt 0.430186 0.631776
vt 0.418573 0.631096
vt 0.418465 0.631776
vt 0.407624 0.627484
vt 0.407306 0.628103
vt 0.398325 0.620679
vt 0.397835 0.621162
vt 0.391639 0.611343
vt 0.391026 0.611649
vt 0.388175 0.600466
vt 0.387507 0.600568
vt 0.388237 0.589059
vt 0.387555 0.588948
vt 0.391796 0.578180
vt 0.391192 0.577870
vt 0.398595 0.568931
vt 0.398107 0.568438
vt 0.407916 0.562247
vt 0.407611 0.561634
vt 0.418781 0.558797
vt 0.418680 0.558131
vt 0.430152 0.558857
vt 0.430259 0.558184
vt 0.441021 0.562396
vt 0.441332 0.561785
vt 0.450290 0.569180
vt 0.450782 0.568692
vt 0.456975 0.578460
vt 0.457578 0.578156
vt 0.450199 0.620819
vt 0.450684 0.621301
vt 0.456928 0.611575
vt 0.457538 0.611885
vt 0.470506 0.165527
vt 0.482048 0.169520
vt 0.460856 0.158204
vt 0.454045 0.148192
vt 0.450536 0.136642
vt 0.450774 0.124698
vt 0.454679 0.113382
vt 0.461972 0.103745
vt 0.471822 0.096756
vt 0.483268 0.093177
vt 0.495265 0.093362
vt 0.506762 0.097207
vt 0.516508 0.104537
vt 0.523505 0.114497
vt 0.527039 0.126017
vt 0.526803 0.137983
vt 0.522950 0.149354
vt 0.515774 0.159045
vt 0.505932 0.166088
vt 0.494300 0.169711
vt 0.296193 0.249496
vt 0.296193 0.264982
vt 0.248140 0.264982
vt 0.248140 0.249496
vt 0.272628 0.976588
vt 0.274202 0.978169
vt 0.266262 0.983919
vt 0.265254 0.981933
vt 0.256943 0.986930
vt 0.256597 0.984735
vt 0.247139 0.986922
vt 0.247487 0.984726
vt 0.237846 0.983910
vt 0.238850 0.981933
vt 0.229929 0.978183
vt 0.231497 0.976608
vt 0.224141 0.970265
vt 0.226126 0.969247
vt 0.221070 0.960915
vt 0.223281 0.960559
vt 0.221047 0.951038
vt 0.223262 0.951385
vt 0.224087 0.941640
vt 0.226083 0.942656
vt 0.229881 0.933677
vt 0.231460 0.935260
vt 0.237864 0.927907
vt 0.238873 0.929902
vt 0.247226 0.924894
vt 0.247568 0.927098
vt 0.257041 0.924925
vt 0.256684 0.927130
vt 0.266392 0.928009
vt 0.265368 0.929996
vt 0.274334 0.933837
vt 0.272748 0.935408
vt 0.280063 0.941806
vt 0.278079 0.942808
vt 0.283059 0.951109
vt 0.280866 0.951451
vt 0.519801 0.060466
vt 0.516333 0.058699
vt 0.521035 0.052228
vt 0.523787 0.054980
vt 0.283049 0.960874
vt 0.280854 0.960524
vt 0.280007 0.970210
vt 0.278020 0.969194
vt 0.296193 0.234010
vt 0.248140 0.234010
vt 0.296193 0.218524
vt 0.248140 0.218524
vt 0.296193 0.280468
vt 0.296193 0.295954
vt 0.248140 0.295954
vt 0.248140 0.280468
vt 0.296193 0.311440
vt 0.248140 0.311440
vt 0.296193 0.001720
vt 0.296193 0.017206
vt 0.248140 0.017206
vt 0.248140 0.001720
vt 0.296193 0.032692
vt 0.248140 0.032692
vt 0.296193 0.048178
vt 0.248140 0.048178
vt 0.296193 0.063664
vt 0.248140 0.063664
vt 0.296193 0.079150
vt 0.248140 0.079150
vt 0.296193 0.094636
vt 0.248140 0.094636
vt 0.296193 0.110122
vt 0.248140 0.110122
vt 0.296193 0.125608
vt 0.248140 0.125608
vt 0.296193 0.141094
vt 0.248140 0.141094
vt 0.296193 0.156580
vt 0.248140 0.156580
vt 0.296193 0.172066
vt 0.248140 0.172066
vt 0.296193 0.187552
vt 0.248140 0.187552
vt 0.296193 0.203038
vt 0.248140 0.203038
vt 0.389158 0.915328
vt 0.353366 0.932591
vt 0.349815 0.920831
vt 0.382181 0.954550
vt 0.370323 0.950391
vt 0.542503 0.091712
vt 0.543112 0.095556
vt 0.535113 0.095556
vt 0.535722 0.091712
vt 0.548952 0.050994
vt 0.550719 0.047526
vt 0.557190 0.052228
vt 0.554438 0.054980
vt 0.527506 0.047526
vt 0.529273 0.050994
vt 0.561891 0.058699
vt 0.558423 0.060466
vt 0.527506 0.093084
vt 0.529273 0.089616
vt 0.523787 0.085630
vt 0.521035 0.088383
vt 0.516333 0.081912
vt 0.519801 0.080145
vt 0.434918 0.892587
vt 0.428771 0.895725
vt 0.420766 0.884510
vt 0.425633 0.879655
vt 0.397909 0.865237
vt 0.396790 0.871932
vt 0.383120 0.871613
vt 0.382266 0.865028
vt 0.353868 0.878534
vt 0.358533 0.883438
vt 0.350181 0.894566
vt 0.343827 0.891158
vt 0.560519 0.073696
vt 0.564363 0.074304
vt 0.561891 0.081912
vt 0.558423 0.080145
vt 0.338755 0.922361
vt 0.345313 0.921449
vt 0.349283 0.934557
vt 0.343088 0.937439
vt 0.364706 0.960589
vt 0.368135 0.954451
vt 0.381348 0.959081
vt 0.380061 0.966227
vt 0.564363 0.066306
vt 0.560519 0.066915
vt 0.513862 0.074304
vt 0.517706 0.073696
vt 0.535113 0.045055
vt 0.535722 0.048899
vt 0.513862 0.066306
vt 0.517706 0.066915
vt 0.542503 0.048899
vt 0.543112 0.045055
vt 0.439827 0.923825
vt 0.432932 0.922760
vt 0.432987 0.908873
vt 0.439827 0.907768
vt 0.409719 0.876351
vt 0.412854 0.870265
vt 0.369980 0.875630
vt 0.366912 0.869215
vt 0.396269 0.966184
vt 0.395317 0.959471
vt 0.408676 0.955375
vt 0.411649 0.961721
vt 0.345603 0.907677
vt 0.338778 0.906573
vt 0.357092 0.945934
vt 0.352007 0.950653
vt 0.424444 0.933880
vt 0.416914 0.943981
vt 0.554438 0.085630
vt 0.557190 0.088383
vt 0.550719 0.093084
vt 0.548952 0.089616
vt 0.434844 0.939216
vt 0.428538 0.936037
vt 0.417506 0.887699
vt 0.424714 0.897748
vt 0.383739 0.876107
vt 0.395992 0.876370
vt 0.354226 0.896709
vt 0.361718 0.886757
vt 0.406630 0.951235
vt 0.371947 0.879723
vt 0.428468 0.909550
vt 0.428398 0.921999
vt 0.350116 0.908491
vt 0.360415 0.942778
vt 0.407613 0.880332
vt 0.420137 0.947295
vt 0.425248 0.952555
vt 0.394694 0.954893
vt 0.098510 0.796486
vt 0.120905 0.796486
vt 0.120905 0.811852
vt 0.098510 0.811852
vt 0.098510 0.735026
vt 0.120905 0.735026
vt 0.120905 0.750391
vt 0.098510 0.750391
vt 0.098510 0.904043
vt 0.120905 0.904043
vt 0.120905 0.919408
vt 0.098510 0.919408
vt 0.098510 0.704295
vt 0.120905 0.704295
vt 0.120905 0.719660
vt 0.098510 0.719660
vt 0.098510 0.781121
vt 0.120905 0.781121
vt 0.098510 0.888678
vt 0.120905 0.888678
vt 0.098510 0.688930
vt 0.120905 0.688930
vt 0.098510 0.873313
vt 0.120905 0.873312
vt 0.098510 0.980869
vt 0.120905 0.980869
vt 0.120905 0.996234
vt 0.098510 0.996234
vt 0.098510 0.857947
vt 0.120905 0.857947
vt 0.098510 0.965504
vt 0.120905 0.965504
vt 0.098510 0.842582
vt 0.120905 0.842582
vt 0.098510 0.950139
vt 0.120905 0.950139
vt 0.098510 0.827217
vt 0.120905 0.827217
vt 0.098510 0.934773
vt 0.120905 0.934773
vt 0.098510 0.765756
vt 0.120905 0.765756
vt 0.276769 0.980760
vt 0.275755 0.979731
vt 0.281956 0.971207
vt 0.283260 0.971871
vt 0.267887 0.987123
vt 0.267244 0.985854
vt 0.257507 0.990521
vt 0.257280 0.989083
vt 0.246569 0.990493
vt 0.246794 0.989089
vt 0.236223 0.987117
vt 0.236868 0.985836
vt 0.227382 0.980750
vt 0.228391 0.979726
vt 0.220913 0.971927
vt 0.222194 0.971263
vt 0.217472 0.961501
vt 0.218902 0.961263
vt 0.217422 0.950468
vt 0.218874 0.950695
vt 0.220842 0.939976
vt 0.222131 0.940639
vt 0.227309 0.931099
vt 0.228320 0.932112
vt 0.236213 0.924647
vt 0.236872 0.925954
vt 0.246677 0.921319
vt 0.246893 0.922746
vt 0.257618 0.921337
vt 0.257392 0.922748
vt 0.268064 0.924756
vt 0.267393 0.926058
vt 0.276921 0.931283
vt 0.275890 0.932295
vt 0.283295 0.940181
vt 0.282009 0.940823
vt 0.286609 0.950552
vt 0.285208 0.950771
vt 0.286609 0.961432
vt 0.285188 0.961213
vt 0.451150 0.590909
vt 0.453842 0.590499
vt 0.453795 0.599807
vt 0.451108 0.599368
vt 0.412051 0.570918
vt 0.410805 0.568479
vt 0.419713 0.565574
vt 0.420145 0.568283
vt 0.206447 0.644126
vt 0.221069 0.644126
vt 0.221069 0.657318
vt 0.206447 0.657318
vt 0.162583 0.644126
vt 0.177204 0.644126
vt 0.177204 0.657318
vt 0.162583 0.657318
vt 0.264933 0.644126
vt 0.279555 0.644126
vt 0.279555 0.657318
vt 0.264933 0.657318
vt 0.191826 0.644126
vt 0.191826 0.657318
vt 0.294176 0.644126
vt 0.294176 0.657318
vt 0.001746 0.644126
vt 0.016368 0.644126
vt 0.016368 0.657318
vt 0.001746 0.657318
vt 0.250312 0.644126
vt 0.250312 0.657318
vt 0.030989 0.644126
vt 0.030989 0.657318
vt 0.450880 0.608656
vt 0.448453 0.607408
vt 0.436780 0.570931
vt 0.438032 0.568497
vt 0.445571 0.574030
vt 0.443630 0.575952
vt 0.428684 0.568284
vt 0.429117 0.565575
vt 0.405179 0.575920
vt 0.403246 0.573990
vt 0.400191 0.582797
vt 0.397759 0.581564
vt 0.397587 0.590848
vt 0.394895 0.590424
vt 0.397599 0.599319
vt 0.394907 0.599747
vt 0.400224 0.607388
vt 0.397800 0.608624
vt 0.405181 0.614221
vt 0.403262 0.616139
vt 0.411996 0.619183
vt 0.410764 0.621596
vt 0.420011 0.621796
vt 0.419582 0.624475
vt 0.045611 0.644126
vt 0.060232 0.644126
vt 0.060232 0.657318
vt 0.045611 0.657318
vt 0.428452 0.621815
vt 0.428867 0.624501
vt 0.436523 0.619225
vt 0.437751 0.621664
vt 0.443424 0.614259
vt 0.445348 0.616201
vt 0.451013 0.581615
vt 0.448578 0.582838
vt 0.147961 0.644126
vt 0.147961 0.657318
vt 0.235690 0.644126
vt 0.235690 0.657318
vt 0.133340 0.644126
vt 0.133340 0.657318
vt 0.118718 0.644126
vt 0.118718 0.657318
vt 0.104097 0.644126
vt 0.104097 0.657318
vt 0.089475 0.644126
vt 0.089475 0.657318
vt 0.074854 0.644126
vt 0.074854 0.657318
vt 0.454706 0.590367
vt 0.454650 0.599946
vt 0.455274 0.590282
vt 0.455216 0.600040
vt 0.429257 0.564697
vt 0.438435 0.567715
vt 0.429350 0.564126
vt 0.438700 0.567203
vt 0.419575 0.564704
vt 0.419483 0.564127
vt 0.410405 0.567696
vt 0.410145 0.567188
vt 0.402624 0.573370
vt 0.402212 0.572959
vt 0.396978 0.581168
vt 0.396465 0.580909
vt 0.394030 0.590288
vt 0.393469 0.590200
vt 0.394042 0.599885
vt 0.393469 0.599977
vt 0.397022 0.609022
vt 0.396512 0.609284
vt 0.402646 0.616755
vt 0.402246 0.617155
vt 0.410371 0.622365
vt 0.410108 0.622879
vt 0.419443 0.625335
vt 0.419353 0.625893
vt 0.429000 0.625364
vt 0.429086 0.625931
vt 0.438145 0.622447
vt 0.438402 0.622962
vt 0.445971 0.616830
vt 0.446376 0.617240
vt 0.451659 0.609057
vt 0.452169 0.609321
vt 0.446195 0.573414
vt 0.446605 0.573010
vt 0.451796 0.581222
vt 0.452310 0.580965
vt 0.407736 0.953492
vt 0.418671 0.945790
vt 0.426674 0.935050
vt 0.430867 0.922410
vt 0.430927 0.909178
vt 0.426912 0.896645
vt 0.419284 0.885952
vt 0.408751 0.878171
vt 0.396418 0.873952
vt 0.383394 0.873663
vt 0.370867 0.877498
vt 0.359989 0.884958
vt 0.352026 0.895538
vt 0.347650 0.908041
vt 0.347364 0.921159
vt 0.351138 0.933663
vt 0.358609 0.944492
vt 0.369125 0.952598
vt 0.381720 0.957015
vt 0.395025 0.957385
vt 0.099557 0.249496
vt 0.099557 0.264982
vt 0.051504 0.264982
vt 0.051504 0.249496
vt 0.495264 0.233242
vt 0.496598 0.234582
vt 0.489869 0.239456
vt 0.489014 0.237772
vt 0.481971 0.242007
vt 0.481678 0.240147
vt 0.473663 0.242000
vt 0.473958 0.240139
vt 0.465787 0.239448
vt 0.466638 0.237772
vt 0.459078 0.234594
vt 0.460407 0.233259
vt 0.454173 0.227884
vt 0.455856 0.227021
vt 0.451571 0.219960
vt 0.453444 0.219658
vt 0.451551 0.211590
vt 0.453428 0.211884
vt 0.454127 0.203626
vt 0.455819 0.204487
vt 0.459037 0.196877
vt 0.460375 0.198219
vt 0.465803 0.191988
vt 0.466658 0.193678
vt 0.473736 0.189434
vt 0.474027 0.191302
vt 0.482054 0.189460
vt 0.481752 0.191329
vt 0.489979 0.192074
vt 0.489111 0.193758
vt 0.496710 0.197013
vt 0.495365 0.198345
vt 0.501564 0.203766
vt 0.499883 0.204615
vt 0.504104 0.211650
vt 0.502245 0.211941
vt 0.447352 0.041321
vt 0.451368 0.043367
vt 0.445924 0.050860
vt 0.442737 0.047673
vt 0.504095 0.219925
vt 0.502235 0.219629
vt 0.501517 0.227837
vt 0.499833 0.226977
vt 0.099557 0.234010
vt 0.051504 0.234010
vt 0.099557 0.218524
vt 0.051504 0.218524
vt 0.099557 0.280468
vt 0.099557 0.295954
vt 0.051504 0.295954
vt 0.051504 0.280468
vt 0.099557 0.311440
vt 0.051504 0.311440
vt 0.099557 0.001720
vt 0.099557 0.017206
vt 0.051504 0.017206
vt 0.051504 0.001720
vt 0.099557 0.032692
vt 0.051504 0.032692
vt 0.099557 0.048178
vt 0.051504 0.048178
vt 0.099557 0.063664
vt 0.051504 0.063664
vt 0.099557 0.079150
vt 0.051504 0.079150
vt 0.099557 0.094636
vt 0.051504 0.094636
vt 0.099557 0.110122
vt 0.051504 0.110122
vt 0.099557 0.125608
vt 0.051504 0.125608
vt 0.099557 0.141094
vt 0.051504 0.141094
vt 0.099557 0.156580
vt 0.051504 0.156580
vt 0.099557 0.172066
vt 0.051504 0.172066
vt 0.099557 0.187552
vt 0.051504 0.187552
vt 0.099557 0.203038
vt 0.051504 0.203038
vt 0.392384 0.775241
vt 0.358976 0.791354
vt 0.355662 0.780377
vt 0.385872 0.811850
vt 0.374804 0.807969
vt 0.421066 0.005142
vt 0.420361 0.000690
vt 0.429623 0.000690
vt 0.428918 0.005142
vt 0.413599 0.052288
vt 0.411553 0.056303
vt 0.404060 0.050860
vt 0.407247 0.047673
vt 0.438431 0.056303
vt 0.436385 0.052288
vt 0.398617 0.043367
vt 0.402632 0.041321
vt 0.438431 0.003552
vt 0.436385 0.007568
vt 0.442737 0.012183
vt 0.445924 0.008996
vt 0.451368 0.016489
vt 0.447352 0.018535
vt 0.435098 0.754013
vt 0.429361 0.756942
vt 0.421888 0.746474
vt 0.426431 0.741942
vt 0.400553 0.728484
vt 0.399508 0.734734
vt 0.386749 0.734436
vt 0.385952 0.728289
vt 0.359444 0.740896
vt 0.363799 0.745474
vt 0.356003 0.755861
vt 0.350072 0.752679
vt 0.400206 0.026002
vt 0.395755 0.025297
vt 0.398617 0.016489
vt 0.402632 0.018535
vt 0.345338 0.781805
vt 0.351459 0.780954
vt 0.355164 0.793189
vt 0.349382 0.795879
vt 0.369560 0.817487
vt 0.372761 0.811759
vt 0.385095 0.816080
vt 0.383894 0.822751
vt 0.395755 0.034559
vt 0.400206 0.033854
vt 0.454230 0.025297
vt 0.449778 0.026002
vt 0.429623 0.059165
vt 0.428918 0.054714
vt 0.454230 0.034559
vt 0.449778 0.033854
vt 0.421066 0.054714
vt 0.420361 0.059165
vt 0.439680 0.783171
vt 0.433245 0.782177
vt 0.433295 0.769215
vt 0.439680 0.768184
vt 0.411577 0.738859
vt 0.414503 0.733177
vt 0.374483 0.738185
vt 0.371620 0.732198
vt 0.399022 0.822710
vt 0.398134 0.816444
vt 0.410603 0.812621
vt 0.413378 0.818544
vt 0.351729 0.768098
vt 0.345359 0.767068
vt 0.362453 0.803809
vt 0.357707 0.808214
vt 0.425321 0.792557
vt 0.418293 0.801986
vt 0.407247 0.012183
vt 0.404060 0.008996
vt 0.411553 0.003552
vt 0.413599 0.007568
vt 0.435029 0.797538
vt 0.429143 0.794571
vt 0.418845 0.749451
vt 0.425574 0.758830
vt 0.387327 0.738631
vt 0.398764 0.738876
vt 0.359779 0.757860
vt 0.366772 0.748571
vt 0.408694 0.808756
vt 0.376320 0.742005
vt 0.429077 0.769847
vt 0.429013 0.781467
vt 0.355942 0.768859
vt 0.365555 0.800862
vt 0.409611 0.742575
vt 0.421301 0.805079
vt 0.426072 0.809989
vt 0.397552 0.812171
vt 0.169327 0.796553
vt 0.191722 0.796553
vt 0.191722 0.811918
vt 0.169327 0.811918
vt 0.169327 0.735092
vt 0.191722 0.735092
vt 0.191722 0.750457
vt 0.169327 0.750457
vt 0.169327 0.904109
vt 0.191722 0.904109
vt 0.191722 0.919474
vt 0.169327 0.919474
vt 0.169327 0.704361
vt 0.191722 0.704361
vt 0.191722 0.719726
vt 0.169327 0.719726
vt 0.169327 0.781187
vt 0.191722 0.781187
vt 0.169327 0.888744
vt 0.191722 0.888744
vt 0.169327 0.688996
vt 0.191722 0.688996
vt 0.169327 0.873379
vt 0.191722 0.873379
vt 0.169327 0.980935
vt 0.191722 0.980935
vt 0.191722 0.996300
vt 0.169327 0.996300
vt 0.169327 0.858013
vt 0.191722 0.858013
vt 0.169327 0.965570
vt 0.191722 0.965570
vt 0.169327 0.842648
vt 0.191722 0.842648
vt 0.169327 0.950205
vt 0.191722 0.950205
vt 0.169327 0.827283
vt 0.191722 0.827283
vt 0.169327 0.934839
vt 0.191722 0.934839
vt 0.169327 0.765822
vt 0.191722 0.765822
vt 0.498773 0.236778
vt 0.497913 0.235906
vt 0.503169 0.228683
vt 0.504274 0.229246
vt 0.491246 0.242171
vt 0.490701 0.241095
vt 0.482449 0.245050
vt 0.482257 0.243832
vt 0.473180 0.245026
vt 0.473370 0.243837
vt 0.464412 0.242165
vt 0.464959 0.241080
vt 0.456919 0.236770
vt 0.457775 0.235902
vt 0.451437 0.229293
vt 0.452523 0.228730
vt 0.448521 0.220457
vt 0.449733 0.220256
vt 0.448479 0.211107
vt 0.449710 0.211300
vt 0.451377 0.202216
vt 0.452470 0.202778
vt 0.456858 0.194693
vt 0.457714 0.195551
vt 0.464403 0.189225
vt 0.464962 0.190332
vt 0.473271 0.186405
vt 0.473454 0.187614
vt 0.482544 0.186420
vt 0.482352 0.187615
vt 0.491396 0.189317
vt 0.490828 0.190420
vt 0.498902 0.194849
vt 0.498028 0.195706
vt 0.504303 0.202389
vt 0.503213 0.202933
vt 0.507112 0.211178
vt 0.505925 0.211363
vt 0.507112 0.220398
vt 0.505907 0.220213
vt 0.448615 0.697371
vt 0.445556 0.697837
vt 0.445610 0.687261
vt 0.448663 0.687759
vt 0.493038 0.720084
vt 0.494454 0.722856
vt 0.484333 0.726157
vt 0.483842 0.723079
vt 0.206447 0.587705
vt 0.221069 0.587705
vt 0.221069 0.600898
vt 0.206447 0.600898
vt 0.162583 0.587705
vt 0.177204 0.587705
vt 0.177204 0.600898
vt 0.162583 0.600898
vt 0.264933 0.587705
vt 0.279555 0.587705
vt 0.279554 0.600898
vt 0.264933 0.600898
vt 0.191826 0.587705
vt 0.191826 0.600898
vt 0.294176 0.587705
vt 0.294176 0.600898
vt 0.001746 0.587705
vt 0.016368 0.587705
vt 0.016368 0.600898
vt 0.001746 0.600898
vt 0.250312 0.587705
vt 0.250312 0.600898
vt 0.030989 0.587705
vt 0.030989 0.600898
vt 0.448922 0.677207
vt 0.451678 0.678625
vt 0.464941 0.720069
vt 0.463519 0.722835
vt 0.454953 0.716548
vt 0.457159 0.714365
vt 0.474140 0.723077
vt 0.473648 0.726156
vt 0.500846 0.714402
vt 0.503043 0.716595
vt 0.506514 0.706588
vt 0.509277 0.707989
vt 0.509472 0.697441
vt 0.512532 0.697922
vt 0.509459 0.687816
vt 0.512518 0.687329
vt 0.506477 0.678647
vt 0.509230 0.677243
vt 0.500844 0.670884
vt 0.503025 0.668704
vt 0.493101 0.665247
vt 0.494501 0.662504
vt 0.483994 0.662277
vt 0.484482 0.659233
vt 0.045611 0.587705
vt 0.060232 0.587705
vt 0.060232 0.600898
vt 0.045611 0.600898
vt 0.474404 0.662256
vt 0.473932 0.659203
vt 0.465234 0.665198
vt 0.463839 0.662427
vt 0.457393 0.670840
vt 0.455206 0.668634
vt 0.448770 0.707931
vt 0.451537 0.706541
vt 0.147961 0.587705
vt 0.147961 0.600898
vt 0.235690 0.587705
vt 0.235690 0.600898
vt 0.133340 0.587705
vt 0.133340 0.600898
vt 0.118718 0.587705
vt 0.118718 0.600898
vt 0.104097 0.587705
vt 0.104097 0.600898
vt 0.089475 0.587705
vt 0.089475 0.600898
vt 0.074854 0.587705
vt 0.074854 0.600898
vt 0.444574 0.697986
vt 0.444638 0.687103
vt 0.443929 0.698083
vt 0.443995 0.686996
vt 0.473489 0.727153
vt 0.463062 0.723724
vt 0.473383 0.727802
vt 0.462760 0.724306
vt 0.484490 0.727145
vt 0.484595 0.727801
vt 0.494909 0.723745
vt 0.495204 0.724323
vt 0.503749 0.717299
vt 0.504217 0.717766
vt 0.510165 0.708439
vt 0.510748 0.708733
vt 0.513513 0.698076
vt 0.514151 0.698176
vt 0.513500 0.687172
vt 0.514151 0.687068
vt 0.510114 0.676791
vt 0.510694 0.676493
vt 0.503725 0.668004
vt 0.504180 0.667550
vt 0.494948 0.661630
vt 0.495246 0.661047
vt 0.484640 0.658256
vt 0.484742 0.657622
vt 0.473781 0.658223
vt 0.473683 0.657579
vt 0.463391 0.661537
vt 0.463099 0.660953
vt 0.454499 0.667920
vt 0.454039 0.667454
vt 0.448036 0.676751
vt 0.447456 0.676451
vt 0.454245 0.717249
vt 0.453779 0.717708
vt 0.447881 0.708377
vt 0.447297 0.708669
vt 0.409726 0.810863
vt 0.419933 0.803674
vt 0.427403 0.793649
vt 0.431317 0.781851
vt 0.431373 0.769500
vt 0.427625 0.757801
vt 0.420505 0.747820
vt 0.410673 0.740557
vt 0.399161 0.736619
vt 0.387004 0.736349
vt 0.375312 0.739928
vt 0.365158 0.746892
vt 0.357725 0.756768
vt 0.353640 0.768438
vt 0.353373 0.780683
vt 0.356896 0.792354
vt 0.363869 0.802462
vt 0.373686 0.810028
vt 0.385442 0.814152
vt 0.397861 0.814497
vt 0.247034 0.079150
vt 0.198981 0.079150
vt 0.198981 0.063664
vt 0.247034 0.063664
vt 0.671239 0.522922
vt 0.678484 0.525301
vt 0.678187 0.527139
vt 0.670387 0.524580
vt 0.686100 0.525327
vt 0.686386 0.527165
vt 0.693340 0.523003
vt 0.694177 0.524664
vt 0.699521 0.518564
vt 0.700829 0.519890
vt 0.704049 0.512416
vt 0.705710 0.513276
vt 0.706458 0.505135
vt 0.708305 0.505438
vt 0.706505 0.497485
vt 0.708354 0.497201
vt 0.704168 0.490207
vt 0.705839 0.489364
vt 0.699680 0.483988
vt 0.701007 0.482669
vt 0.693511 0.479474
vt 0.694364 0.477810
vt 0.686247 0.477093
vt 0.686544 0.475249
vt 0.678603 0.477073
vt 0.678315 0.475226
vt 0.671334 0.479415
vt 0.670490 0.477751
vt 0.665148 0.483895
vt 0.663828 0.482573
vt 0.660653 0.490080
vt 0.658987 0.489230
vt 0.658284 0.497358
vt 0.656438 0.497065
vt 0.658280 0.504998
vt 0.656438 0.505289
vt 0.309664 0.680248
vt 0.309664 0.687207
vt 0.305719 0.687832
vt 0.305719 0.679624
vt 0.660623 0.512251
vt 0.658962 0.513092
vt 0.665083 0.518422
vt 0.663764 0.519735
vt 0.247034 0.094636
vt 0.198981 0.094636
vt 0.247034 0.110122
vt 0.198981 0.110122
vt 0.247034 0.048178
vt 0.198981 0.048178
vt 0.198981 0.032692
vt 0.247034 0.032692
vt 0.198981 0.017206
vt 0.247034 0.017206
vt 0.198981 0.001720
vt 0.247034 0.001720
vt 0.247034 0.311440
vt 0.198981 0.311440
vt 0.198981 0.295954
vt 0.247034 0.295954
vt 0.198981 0.280468
vt 0.247034 0.280468
vt 0.198981 0.264982
vt 0.247034 0.264982
vt 0.198981 0.249496
vt 0.247034 0.249496
vt 0.198981 0.234010
vt 0.247034 0.234010
vt 0.198981 0.218524
vt 0.247034 0.218524
vt 0.198981 0.203038
vt 0.247034 0.203038
vt 0.198981 0.187552
vt 0.247034 0.187552
vt 0.198981 0.172066
vt 0.247034 0.172066
vt 0.198981 0.156580
vt 0.247034 0.156580
vt 0.198981 0.141094
vt 0.247034 0.141094
vt 0.198981 0.125608
vt 0.247034 0.125608
vt 0.258702 0.722206
vt 0.220574 0.727546
vt 0.220802 0.715632
vt 0.231810 0.694648
vt 0.241615 0.687647
vt 0.347358 0.668001
vt 0.341728 0.663911
vt 0.343541 0.660352
vt 0.350182 0.665177
vt 0.328152 0.705695
vt 0.335110 0.705695
vt 0.335735 0.709639
vt 0.327527 0.709639
vt 0.311814 0.693825
vt 0.308256 0.695638
vt 0.341728 0.703544
vt 0.343541 0.707103
vt 0.335110 0.661761
vt 0.335735 0.657816
vt 0.328152 0.661761
vt 0.321534 0.663911
vt 0.319721 0.660352
vt 0.327527 0.657816
vt 0.307187 0.730741
vt 0.302496 0.745221
vt 0.296551 0.742197
vt 0.300883 0.729623
vt 0.280394 0.766687
vt 0.265741 0.770988
vt 0.264820 0.764629
vt 0.277540 0.760647
vt 0.235627 0.766231
vt 0.222804 0.756937
vt 0.227887 0.752027
vt 0.238698 0.760169
vt 0.351448 0.693825
vt 0.353598 0.687207
vt 0.357543 0.687832
vt 0.355006 0.695638
vt 0.209830 0.729020
vt 0.209954 0.713797
vt 0.216478 0.714865
vt 0.216203 0.728154
vt 0.223970 0.686740
vt 0.236569 0.677651
vt 0.239634 0.683669
vt 0.228711 0.691487
vt 0.347358 0.699454
vt 0.350182 0.702278
vt 0.315904 0.668001
vt 0.313080 0.665177
vt 0.315904 0.699454
vt 0.313080 0.702278
vt 0.311814 0.673630
vt 0.308256 0.671817
vt 0.321534 0.703544
vt 0.319721 0.707103
vt 0.303541 0.700533
vt 0.307750 0.715571
vt 0.301140 0.716364
vt 0.297273 0.703545
vt 0.293337 0.757908
vt 0.288469 0.752896
vt 0.250453 0.771025
vt 0.251481 0.764438
vt 0.251487 0.672856
vt 0.267406 0.672856
vt 0.266165 0.679843
vt 0.252555 0.679612
vt 0.214009 0.743809
vt 0.220114 0.740975
vt 0.214811 0.699201
vt 0.220750 0.702247
vt 0.276890 0.688215
vt 0.286486 0.695491
vt 0.353598 0.680248
vt 0.351448 0.673630
vt 0.355006 0.671817
vt 0.357543 0.679624
vt 0.294419 0.687900
vt 0.289706 0.692417
vt 0.296577 0.728864
vt 0.292645 0.740116
vt 0.275569 0.756703
vt 0.264180 0.760268
vt 0.240795 0.756212
vt 0.231073 0.748942
vt 0.265395 0.684248
vt 0.252238 0.760077
vt 0.293280 0.705459
vt 0.296788 0.716979
vt 0.224122 0.739006
vt 0.224652 0.704299
vt 0.285397 0.749745
vt 0.282270 0.678365
vt 0.278972 0.684272
vt 0.253193 0.684054
vt 0.144595 0.811852
vt 0.144595 0.827217
vt 0.122200 0.827217
vt 0.122200 0.811852
vt 0.144595 0.750391
vt 0.144595 0.765756
vt 0.122200 0.765756
vt 0.122200 0.750391
vt 0.144595 0.919408
vt 0.144595 0.934773
vt 0.122200 0.934773
vt 0.122200 0.919408
vt 0.144595 0.719660
vt 0.144595 0.735026
vt 0.122200 0.735026
vt 0.122200 0.719660
vt 0.144595 0.796486
vt 0.122200 0.796486
vt 0.144595 0.904043
vt 0.122200 0.904043
vt 0.144595 0.704295
vt 0.122200 0.704295
vt 0.144595 0.888678
vt 0.122200 0.888678
vt 0.144595 0.688930
vt 0.122200 0.688930
vt 0.144595 0.873312
vt 0.122200 0.873312
vt 0.144595 0.980869
vt 0.144595 0.996234
vt 0.122200 0.996234
vt 0.122200 0.980869
vt 0.144595 0.857947
vt 0.122200 0.857947
vt 0.144595 0.965504
vt 0.122200 0.965504
vt 0.144595 0.842582
vt 0.122200 0.842582
vt 0.144595 0.950139
vt 0.122200 0.950139
vt 0.144595 0.781121
vt 0.122200 0.781121
vt 0.669008 0.527282
vt 0.661619 0.521875
vt 0.662470 0.521023
vt 0.669555 0.526207
vt 0.677711 0.530134
vt 0.677898 0.528943
vt 0.686857 0.530152
vt 0.686668 0.528965
vt 0.695532 0.527352
vt 0.694998 0.526291
vt 0.702954 0.522050
vt 0.702112 0.521189
vt 0.708413 0.514682
vt 0.707340 0.514119
vt 0.711340 0.505934
vt 0.710129 0.505736
vt 0.711340 0.496741
vt 0.710157 0.496923
vt 0.708572 0.487985
vt 0.707477 0.488536
vt 0.703173 0.480507
vt 0.702317 0.481365
vt 0.695749 0.475115
vt 0.695204 0.476178
vt 0.687032 0.472234
vt 0.686838 0.473442
vt 0.677844 0.472233
vt 0.678034 0.473427
vt 0.669106 0.475032
vt 0.669657 0.476108
vt 0.661685 0.480431
vt 0.662542 0.481284
vt 0.656263 0.487844
vt 0.657343 0.488391
vt 0.653432 0.496593
vt 0.654628 0.496777
vt 0.653441 0.505766
vt 0.654632 0.505572
vt 0.656274 0.514461
vt 0.657346 0.513912
vt 0.453547 0.688607
vt 0.453539 0.696672
vt 0.450977 0.697074
vt 0.450982 0.688201
vt 0.490901 0.669679
vt 0.483161 0.667132
vt 0.483577 0.664547
vt 0.492101 0.667347
vt 0.191826 0.629108
vt 0.191826 0.615915
vt 0.206447 0.615915
vt 0.206447 0.629108
vt 0.147961 0.629108
vt 0.147961 0.615915
vt 0.162583 0.615915
vt 0.162583 0.629108
vt 0.250312 0.629108
vt 0.250312 0.615915
vt 0.264933 0.615915
vt 0.264933 0.629108
vt 0.177204 0.615915
vt 0.177204 0.629108
vt 0.279555 0.615915
vt 0.279555 0.629108
vt 0.294176 0.615915
vt 0.294176 0.629108
vt 0.235690 0.629108
vt 0.235690 0.615915
vt 0.001746 0.629108
vt 0.001746 0.615915
vt 0.016368 0.615915
vt 0.016368 0.629108
vt 0.456005 0.704335
vt 0.453689 0.705505
vt 0.467331 0.669615
vt 0.460799 0.674366
vt 0.458959 0.672529
vt 0.466148 0.667298
vt 0.475033 0.667115
vt 0.474626 0.664536
vt 0.497473 0.674492
vt 0.499331 0.672651
vt 0.502217 0.681080
vt 0.504542 0.679910
vt 0.504673 0.688769
vt 0.507241 0.688375
vt 0.504633 0.696837
vt 0.507198 0.697255
vt 0.502096 0.704524
vt 0.504414 0.705718
vt 0.497293 0.711065
vt 0.499128 0.712918
vt 0.490710 0.715797
vt 0.491875 0.718123
vt 0.483028 0.718250
vt 0.483419 0.720811
vt 0.030989 0.629108
vt 0.030989 0.615915
vt 0.045611 0.615915
vt 0.045611 0.629108
vt 0.474982 0.718209
vt 0.474567 0.720769
vt 0.467300 0.715679
vt 0.466111 0.718000
vt 0.460742 0.710889
vt 0.458895 0.712724
vt 0.456051 0.680911
vt 0.453733 0.679731
vt 0.133340 0.629108
vt 0.133340 0.615915
vt 0.221069 0.615915
vt 0.221069 0.629108
vt 0.118718 0.629108
vt 0.118718 0.615915
vt 0.104097 0.629108
vt 0.104097 0.615915
vt 0.089475 0.629108
vt 0.089475 0.615915
vt 0.074854 0.629108
vt 0.074854 0.615915
vt 0.060232 0.629108
vt 0.060232 0.615915
vt 0.450162 0.697201
vt 0.450158 0.688071
vt 0.449623 0.697287
vt 0.449617 0.687987
vt 0.465768 0.666554
vt 0.474494 0.663708
vt 0.465517 0.666066
vt 0.474407 0.663164
vt 0.483711 0.663710
vt 0.483798 0.663164
vt 0.492483 0.666604
vt 0.492738 0.666107
vt 0.499933 0.672055
vt 0.500326 0.671668
vt 0.505290 0.679535
vt 0.505781 0.679290
vt 0.508065 0.688249
vt 0.508600 0.688167
vt 0.508016 0.697388
vt 0.508561 0.697477
vt 0.505164 0.706104
vt 0.505648 0.706353
vt 0.499717 0.713514
vt 0.500108 0.713910
vt 0.492249 0.718869
vt 0.492494 0.719360
vt 0.483544 0.721633
vt 0.483626 0.722167
vt 0.474435 0.721585
vt 0.474349 0.722124
vt 0.465727 0.718750
vt 0.465477 0.719240
vt 0.458301 0.713314
vt 0.457907 0.713705
vt 0.452945 0.705880
vt 0.452462 0.706124
vt 0.458373 0.671943
vt 0.457985 0.671557
vt 0.452983 0.679349
vt 0.452494 0.679101
vt 0.278027 0.686071
vt 0.265812 0.681845
vt 0.288240 0.693821
vt 0.295449 0.704417
vt 0.299162 0.716641
vt 0.298910 0.729282
vt 0.294777 0.741258
vt 0.287059 0.751458
vt 0.276634 0.758853
vt 0.264520 0.762642
vt 0.251824 0.762446
vt 0.239656 0.758377
vt 0.229342 0.750619
vt 0.221936 0.740078
vt 0.218196 0.727886
vt 0.218446 0.715222
vt 0.222524 0.703187
vt 0.230118 0.692931
vt 0.240534 0.685477
vt 0.252845 0.681643
vt 0.197875 0.249496
vt 0.197875 0.264982
vt 0.149822 0.264982
vt 0.149822 0.249496
vt 0.313722 0.819255
vt 0.311983 0.817509
vt 0.320754 0.811156
vt 0.321868 0.813350
vt 0.331049 0.807830
vt 0.331432 0.810255
vt 0.341880 0.807839
vt 0.341495 0.810265
vt 0.352146 0.811166
vt 0.351037 0.813350
vt 0.360892 0.817493
vt 0.359160 0.819233
vt 0.367286 0.826240
vt 0.365093 0.827365
vt 0.370678 0.836569
vt 0.368236 0.836963
vt 0.370704 0.847480
vt 0.368257 0.847097
vt 0.367346 0.857862
vt 0.365141 0.856740
vt 0.360946 0.866659
vt 0.359201 0.864910
vt 0.352126 0.873033
vt 0.351012 0.870830
vt 0.341784 0.876362
vt 0.341406 0.873927
vt 0.330941 0.876328
vt 0.331336 0.873892
vt 0.320611 0.872921
vt 0.321742 0.870726
vt 0.311837 0.866483
vt 0.313589 0.864747
vt 0.305509 0.857679
vt 0.307700 0.856572
vt 0.302198 0.847402
vt 0.304621 0.847024
vt 0.325048 0.562712
vt 0.324237 0.557590
vt 0.334894 0.557590
vt 0.334083 0.562712
vt 0.302210 0.836615
vt 0.304635 0.837001
vt 0.305571 0.826301
vt 0.307765 0.827423
vt 0.197875 0.234010
vt 0.149822 0.234010
vt 0.197875 0.218524
vt 0.149822 0.218524
vt 0.197875 0.280468
vt 0.197875 0.295954
vt 0.149822 0.295954
vt 0.149822 0.280468
vt 0.197875 0.311440
vt 0.149822 0.311440
vt 0.197875 0.001720
vt 0.197875 0.017206
vt 0.149822 0.017206
vt 0.149822 0.001720
vt 0.197875 0.032692
vt 0.149822 0.032692
vt 0.197875 0.048178
vt 0.149822 0.048178
vt 0.197875 0.063664
vt 0.149822 0.063664
vt 0.197875 0.079150
vt 0.149822 0.079150
vt 0.197875 0.094636
vt 0.149822 0.094636
vt 0.197875 0.110122
vt 0.149822 0.110122
vt 0.197875 0.125608
vt 0.149822 0.125608
vt 0.197875 0.141094
vt 0.149822 0.141094
vt 0.197875 0.156580
vt 0.149822 0.156580
vt 0.197875 0.172066
vt 0.149822 0.172066
vt 0.197875 0.187552
vt 0.149822 0.187552
vt 0.197875 0.203038
vt 0.149822 0.203038
vt 0.754335 0.566078
vt 0.792208 0.547811
vt 0.795965 0.560255
vt 0.761717 0.524575
vt 0.774265 0.528975
vt 0.309147 0.611651
vt 0.305480 0.615318
vt 0.299216 0.606697
vt 0.303837 0.604342
vt 0.358086 0.586716
vt 0.363208 0.585904
vt 0.363208 0.596561
vt 0.358086 0.595750
vt 0.345029 0.560884
vt 0.342675 0.565504
vt 0.359915 0.606696
vt 0.355294 0.604342
vt 0.295923 0.596561
vt 0.301045 0.595750
vt 0.301045 0.586716
vt 0.295923 0.585904
vt 0.299216 0.575769
vt 0.303837 0.578123
vt 0.705913 0.590142
vt 0.712417 0.586822
vt 0.720888 0.598688
vt 0.715738 0.603826
vt 0.745075 0.619082
vt 0.746259 0.611998
vt 0.760724 0.612335
vt 0.761627 0.619303
vt 0.791677 0.605012
vt 0.786740 0.599823
vt 0.795578 0.588047
vt 0.802302 0.591654
vt 0.342675 0.616962
vt 0.345029 0.621582
vt 0.334894 0.624875
vt 0.334083 0.619753
vt 0.807668 0.558636
vt 0.800730 0.559601
vt 0.796529 0.545731
vt 0.803084 0.542681
vt 0.780209 0.518185
vt 0.776580 0.524679
vt 0.762598 0.519781
vt 0.763960 0.512219
vt 0.353651 0.615318
vt 0.349984 0.611651
vt 0.305480 0.567148
vt 0.309147 0.570814
vt 0.353651 0.567147
vt 0.349984 0.570814
vt 0.314102 0.560884
vt 0.316456 0.565504
vt 0.355294 0.578123
vt 0.359915 0.575769
vt 0.700719 0.557087
vt 0.708014 0.558214
vt 0.707957 0.572908
vt 0.700719 0.574077
vt 0.732578 0.607322
vt 0.729261 0.613762
vt 0.774628 0.608085
vt 0.777874 0.614873
vt 0.746810 0.512264
vt 0.747817 0.519368
vt 0.733682 0.523701
vt 0.730536 0.516987
vt 0.800423 0.574174
vt 0.807644 0.575342
vt 0.788266 0.533692
vt 0.793647 0.528698
vt 0.716996 0.546447
vt 0.724964 0.535758
vt 0.325048 0.619753
vt 0.324237 0.624875
vt 0.314102 0.621582
vt 0.316456 0.616962
vt 0.705992 0.540801
vt 0.712664 0.544164
vt 0.724338 0.595314
vt 0.716710 0.584681
vt 0.760068 0.607580
vt 0.747103 0.607302
vt 0.791298 0.585780
vt 0.783370 0.596311
vt 0.735846 0.528083
vt 0.772546 0.603754
vt 0.712739 0.572192
vt 0.712812 0.559019
vt 0.795647 0.573312
vt 0.784750 0.537032
vt 0.734806 0.603109
vt 0.721554 0.532252
vt 0.716145 0.526685
vt 0.748477 0.524211
vt 0.049062 0.888675
vt 0.026667 0.888675
vt 0.026667 0.873310
vt 0.049062 0.873310
vt 0.049062 0.950136
vt 0.026667 0.950136
vt 0.026667 0.934771
vt 0.049062 0.934771
vt 0.049062 0.781118
vt 0.026667 0.781118
vt 0.026667 0.765753
vt 0.049062 0.765753
vt 0.049062 0.980866
vt 0.026667 0.980866
vt 0.026667 0.965501
vt 0.049062 0.965501
vt 0.049062 0.904040
vt 0.026667 0.904040
vt 0.049062 0.796484
vt 0.026667 0.796484
vt 0.049062 0.996232
vt 0.026667 0.996232
vt 0.049062 0.811849
vt 0.026667 0.811849
vt 0.049062 0.704292
vt 0.026667 0.704292
vt 0.026667 0.688927
vt 0.049062 0.688927
vt 0.049062 0.827214
vt 0.026667 0.827214
vt 0.049062 0.719658
vt 0.026667 0.719658
vt 0.049062 0.842579
vt 0.026667 0.842579
vt 0.049062 0.735023
vt 0.026667 0.735023
vt 0.049062 0.857944
vt 0.026667 0.857944
vt 0.049062 0.750388
vt 0.026667 0.750388
vt 0.049062 0.919405
vt 0.026667 0.919405
vt 0.309148 0.814647
vt 0.310268 0.815783
vt 0.303417 0.825199
vt 0.301977 0.824465
vt 0.318959 0.807617
vt 0.319670 0.809019
vt 0.330426 0.803863
vt 0.330677 0.805451
vt 0.342509 0.803894
vt 0.342261 0.805444
vt 0.353939 0.807624
vt 0.353226 0.809039
vt 0.363706 0.814657
vt 0.362591 0.815788
vt 0.370853 0.824404
vt 0.369437 0.825138
vt 0.374654 0.835922
vt 0.373074 0.836184
vt 0.374709 0.848110
vt 0.373105 0.847859
vt 0.370931 0.859700
vt 0.369507 0.858968
vt 0.363787 0.869507
vt 0.362670 0.868388
vt 0.353950 0.876634
vt 0.353222 0.875191
vt 0.342390 0.880311
vt 0.342152 0.878735
vt 0.330303 0.880291
vt 0.330554 0.878733
vt 0.318764 0.876514
vt 0.319505 0.875076
vt 0.308979 0.869304
vt 0.310119 0.868186
vt 0.301938 0.859474
vt 0.303359 0.858765
vt 0.298277 0.848017
vt 0.299825 0.847776
vt 0.298277 0.835999
vt 0.299847 0.836240
vt 0.483238 0.839555
vt 0.486715 0.839025
vt 0.486653 0.851045
vt 0.483184 0.850479
vt 0.432749 0.813740
vt 0.431139 0.810590
vt 0.442643 0.806838
vt 0.443201 0.810336
vt 0.089475 0.671423
vt 0.074854 0.671423
vt 0.074854 0.658231
vt 0.089475 0.658231
vt 0.133340 0.671423
vt 0.118718 0.671423
vt 0.118718 0.658231
vt 0.133340 0.658231
vt 0.030989 0.671423
vt 0.016368 0.671423
vt 0.016368 0.658231
vt 0.030989 0.658231
vt 0.104097 0.671423
vt 0.104097 0.658231
vt 0.001746 0.671423
vt 0.001746 0.658231
vt 0.294176 0.671423
vt 0.279555 0.671423
vt 0.279555 0.658231
vt 0.294176 0.658231
vt 0.045611 0.671423
vt 0.045611 0.658231
vt 0.264933 0.671423
vt 0.264933 0.658231
vt 0.482889 0.862473
vt 0.479756 0.860861
vt 0.464682 0.813757
vt 0.466299 0.810613
vt 0.476034 0.817759
vt 0.473527 0.820240
vt 0.454227 0.810338
vt 0.454786 0.806839
vt 0.423875 0.820198
vt 0.421378 0.817706
vt 0.417433 0.829079
vt 0.414292 0.827487
vt 0.414070 0.839476
vt 0.410593 0.838928
vt 0.414085 0.850414
vt 0.410609 0.850968
vt 0.417475 0.860835
vt 0.414346 0.862432
vt 0.423877 0.869659
vt 0.421398 0.872136
vt 0.432678 0.876066
vt 0.431086 0.879183
vt 0.443027 0.879441
vt 0.442473 0.882900
vt 0.250312 0.671423
vt 0.235690 0.671423
vt 0.235690 0.658231
vt 0.250312 0.658231
vt 0.453927 0.879465
vt 0.454464 0.882934
vt 0.464350 0.876121
vt 0.465935 0.879270
vt 0.473262 0.869708
vt 0.475747 0.872216
vt 0.483062 0.827553
vt 0.479917 0.829132
vt 0.147961 0.671423
vt 0.147961 0.658231
vt 0.060232 0.671423
vt 0.060232 0.658231
vt 0.162583 0.671423
vt 0.162583 0.658231
vt 0.177204 0.671423
vt 0.177204 0.658231
vt 0.191826 0.671423
vt 0.191826 0.658231
vt 0.206447 0.671423
vt 0.206447 0.658231
vt 0.221069 0.671423
vt 0.221069 0.658231
vt 0.487831 0.838855
vt 0.487758 0.851225
vt 0.488563 0.838745
vt 0.488489 0.851346
vt 0.454968 0.805706
vt 0.466819 0.809604
vt 0.455087 0.804968
vt 0.467161 0.808942
vt 0.442464 0.805714
vt 0.442345 0.804969
vt 0.430622 0.809579
vt 0.430286 0.808923
vt 0.420575 0.816906
vt 0.420043 0.816375
vt 0.413283 0.826975
vt 0.412621 0.826641
vt 0.409477 0.838753
vt 0.408753 0.838640
vt 0.409493 0.851146
vt 0.408753 0.851265
vt 0.413341 0.862945
vt 0.412682 0.863283
vt 0.420602 0.872931
vt 0.420086 0.873448
vt 0.430578 0.880176
vt 0.430240 0.880839
vt 0.442294 0.884011
vt 0.442178 0.884732
vt 0.454636 0.884049
vt 0.454747 0.884780
vt 0.466444 0.880281
vt 0.466776 0.880946
vt 0.476551 0.873027
vt 0.477073 0.873557
vt 0.483895 0.862990
vt 0.484555 0.863331
vt 0.476839 0.816962
vt 0.477369 0.816441
vt 0.484073 0.827045
vt 0.484736 0.826714
vt 0.734676 0.525694
vt 0.723105 0.533844
vt 0.714637 0.545209
vt 0.710200 0.558584
vt 0.710136 0.572585
vt 0.714385 0.585848
vt 0.722456 0.597163
vt 0.733602 0.605396
vt 0.746652 0.609861
vt 0.760434 0.610167
vt 0.773689 0.606109
vt 0.785200 0.598214
vt 0.793626 0.587019
vt 0.798257 0.573789
vt 0.798560 0.559908
vt 0.794566 0.546677
vt 0.786660 0.535218
vt 0.775532 0.526641
vt 0.762205 0.521966
vt 0.748126 0.521575
vt 0.002345 0.264982
vt 0.050397 0.264982
vt 0.050397 0.280468
vt 0.002345 0.280468
vt 0.348326 0.818810
vt 0.340600 0.816273
vt 0.340916 0.814313
vt 0.349234 0.817041
vt 0.332477 0.816245
vt 0.332173 0.814286
vt 0.324757 0.818724
vt 0.323864 0.816953
vt 0.318166 0.823457
vt 0.316771 0.822044
vt 0.313336 0.830014
vt 0.311565 0.829097
vt 0.310768 0.837778
vt 0.308797 0.837455
vt 0.310717 0.845936
vt 0.308746 0.846240
vt 0.313209 0.853698
vt 0.311427 0.854597
vt 0.317995 0.860330
vt 0.316580 0.861736
vt 0.324575 0.865144
vt 0.323664 0.866918
vt 0.332320 0.867683
vt 0.332003 0.869649
vt 0.340473 0.867704
vt 0.340780 0.869674
vt 0.348224 0.865206
vt 0.349124 0.866981
vt 0.354821 0.860429
vt 0.356229 0.861839
vt 0.359615 0.853833
vt 0.361391 0.854740
vt 0.362141 0.846072
vt 0.364109 0.846384
vt 0.362145 0.837924
vt 0.364110 0.837614
vt 0.352521 0.595231
vt 0.352521 0.587957
vt 0.356644 0.587304
vt 0.356644 0.595884
vt 0.359647 0.830190
vt 0.361417 0.829292
vt 0.354890 0.823608
vt 0.356297 0.822209
vt 0.002345 0.249496
vt 0.050397 0.249496
vt 0.002345 0.234010
vt 0.050397 0.234010
vt 0.002345 0.295954
vt 0.050397 0.295954
vt 0.050397 0.311440
vt 0.002345 0.311440
vt 0.002345 0.001720
vt 0.050398 0.001720
vt 0.050398 0.017206
vt 0.002345 0.017206
vt 0.050398 0.032692
vt 0.002345 0.032692
vt 0.050398 0.048178
vt 0.002345 0.048178
vt 0.050397 0.063664
vt 0.002345 0.063664
vt 0.050397 0.079150
vt 0.002345 0.079150
vt 0.050397 0.094636
vt 0.002345 0.094636
vt 0.050397 0.110122
vt 0.002345 0.110122
vt 0.050397 0.125608
vt 0.002345 0.125608
vt 0.050397 0.141094
vt 0.002345 0.141094
vt 0.050397 0.156580
vt 0.002345 0.156580
vt 0.050397 0.172066
vt 0.002345 0.172066
vt 0.050397 0.187552
vt 0.002345 0.187552
vt 0.050397 0.203038
vt 0.002345 0.203038
vt 0.050397 0.218524
vt 0.002345 0.218524
vt 0.754678 0.441361
vt 0.798612 0.435208
vt 0.798350 0.448937
vt 0.785665 0.473116
vt 0.774366 0.481183
vt 0.313121 0.608032
vt 0.319005 0.612308
vt 0.317110 0.616027
vt 0.310169 0.610984
vt 0.333196 0.568633
vt 0.325923 0.568633
vt 0.325270 0.564509
vt 0.333849 0.564509
vt 0.350273 0.581040
vt 0.353993 0.579145
vt 0.319005 0.570880
vt 0.317110 0.567161
vt 0.325923 0.614555
vt 0.325270 0.618679
vt 0.333196 0.614555
vt 0.340114 0.612308
vt 0.342009 0.616027
vt 0.333849 0.618679
vt 0.698809 0.431526
vt 0.704215 0.414842
vt 0.711065 0.418327
vt 0.706073 0.432815
vt 0.729682 0.390106
vt 0.746567 0.385151
vt 0.747628 0.392478
vt 0.732972 0.397066
vt 0.781266 0.390632
vt 0.796043 0.401342
vt 0.790185 0.406999
vt 0.777728 0.397617
vt 0.308846 0.581040
vt 0.306598 0.587957
vt 0.302475 0.587304
vt 0.305126 0.579144
vt 0.810992 0.433510
vt 0.810850 0.451051
vt 0.803331 0.449821
vt 0.803649 0.434507
vt 0.794699 0.482228
vt 0.780181 0.492701
vt 0.776650 0.485767
vt 0.789236 0.476759
vt 0.313121 0.575156
vt 0.310169 0.572204
vt 0.345998 0.608032
vt 0.348950 0.610984
vt 0.345998 0.575156
vt 0.348950 0.572204
vt 0.350273 0.602148
vt 0.353993 0.604043
vt 0.340114 0.570880
vt 0.342009 0.567161
vt 0.703010 0.466335
vt 0.698160 0.449006
vt 0.705777 0.448093
vt 0.710233 0.462864
vt 0.714768 0.400223
vt 0.720378 0.405998
vt 0.764183 0.385108
vt 0.762999 0.392698
vt 0.762992 0.498226
vt 0.744648 0.498226
vt 0.746079 0.490175
vt 0.761761 0.490442
vt 0.806177 0.416469
vt 0.799142 0.419734
vt 0.805252 0.467870
vt 0.798409 0.464360
vt 0.733720 0.480529
vt 0.722662 0.472145
vt 0.306598 0.595231
vt 0.308846 0.602148
vt 0.305126 0.604043
vt 0.302475 0.595884
vt 0.713522 0.480892
vt 0.718953 0.475687
vt 0.711036 0.433689
vt 0.715566 0.420724
vt 0.735243 0.401611
vt 0.748365 0.397504
vt 0.775311 0.402176
vt 0.786515 0.410554
vt 0.746966 0.485100
vt 0.762127 0.397723
vt 0.714834 0.460659
vt 0.710792 0.447384
vt 0.794524 0.422003
vt 0.793913 0.461996
vt 0.723918 0.409628
vt 0.727521 0.491879
vt 0.731321 0.485072
vt 0.761026 0.485324
vt 0.074646 0.904040
vt 0.074646 0.888675
vt 0.097042 0.888675
vt 0.097042 0.904040
vt 0.074646 0.965501
vt 0.074646 0.950136
vt 0.097042 0.950136
vt 0.097042 0.965501
vt 0.074647 0.796484
vt 0.074646 0.781118
vt 0.097042 0.781118
vt 0.097042 0.796484
vt 0.074646 0.996231
vt 0.074646 0.980866
vt 0.097042 0.980866
vt 0.097042 0.996231
vt 0.074646 0.919405
vt 0.097042 0.919405
vt 0.074646 0.811849
vt 0.097042 0.811849
vt 0.074646 0.704292
vt 0.074646 0.688927
vt 0.097042 0.688927
vt 0.097042 0.704292
vt 0.074646 0.827214
vt 0.097042 0.827214
vt 0.074647 0.719658
vt 0.097042 0.719658
vt 0.074646 0.842579
vt 0.097042 0.842579
vt 0.074647 0.735023
vt 0.097042 0.735023
vt 0.074646 0.857944
vt 0.097042 0.857944
vt 0.074646 0.750388
vt 0.097042 0.750388
vt 0.074646 0.873310
vt 0.097042 0.873310
vt 0.074646 0.765753
vt 0.097042 0.765753
vt 0.074646 0.934770
vt 0.097042 0.934770
vt 0.350705 0.814161
vt 0.358585 0.819927
vt 0.357676 0.820835
vt 0.350121 0.815307
vt 0.341424 0.811119
vt 0.341224 0.812389
vt 0.331670 0.811099
vt 0.331871 0.812366
vt 0.322419 0.814086
vt 0.322988 0.815217
vt 0.314505 0.819740
vt 0.315402 0.820658
vt 0.308683 0.827597
vt 0.309827 0.828197
vt 0.305561 0.836926
vt 0.306852 0.837137
vt 0.305561 0.846730
vt 0.306823 0.846535
vt 0.308513 0.856067
vt 0.309681 0.855480
vt 0.314271 0.864042
vt 0.315183 0.863127
vt 0.322188 0.869793
vt 0.322769 0.868658
vt 0.331483 0.872865
vt 0.331690 0.871577
vt 0.341282 0.872865
vt 0.341079 0.871592
vt 0.350600 0.869880
vt 0.350013 0.868733
vt 0.358514 0.864123
vt 0.357600 0.863214
vt 0.364296 0.856217
vt 0.363144 0.855635
vt 0.367315 0.846888
vt 0.366040 0.846692
vt 0.367305 0.837106
vt 0.366036 0.837312
vt 0.364284 0.827833
vt 0.363142 0.828418
vt 0.852584 0.505074
vt 0.852593 0.497004
vt 0.855156 0.496602
vt 0.855151 0.505480
vt 0.815207 0.524013
vt 0.822952 0.526561
vt 0.822536 0.529148
vt 0.814007 0.526347
vt 0.074854 0.559494
vt 0.074854 0.572687
vt 0.060232 0.572687
vt 0.060232 0.559494
vt 0.118718 0.559494
vt 0.118718 0.572687
vt 0.104097 0.572687
vt 0.104097 0.559494
vt 0.016368 0.559494
vt 0.016368 0.572687
vt 0.001746 0.572687
vt 0.001746 0.559494
vt 0.089475 0.572687
vt 0.089475 0.559494
vt 0.294176 0.559494
vt 0.294176 0.572687
vt 0.279554 0.572687
vt 0.279554 0.559494
vt 0.264933 0.572687
vt 0.264933 0.559494
vt 0.030989 0.559494
vt 0.030989 0.572687
vt 0.250311 0.572687
vt 0.250311 0.559494
vt 0.850124 0.489336
vt 0.852442 0.488166
vt 0.838792 0.524077
vt 0.845328 0.519323
vt 0.847169 0.521162
vt 0.839976 0.526396
vt 0.831085 0.526579
vt 0.831493 0.529159
vt 0.808631 0.519197
vt 0.806772 0.521039
vt 0.803884 0.512605
vt 0.801557 0.513776
vt 0.801427 0.504912
vt 0.798857 0.505306
vt 0.801467 0.496838
vt 0.798900 0.496420
vt 0.804006 0.489147
vt 0.801686 0.487953
vt 0.808811 0.482602
vt 0.806975 0.480748
vt 0.815399 0.477867
vt 0.814233 0.475540
vt 0.823086 0.475413
vt 0.822694 0.472850
vt 0.235690 0.559494
vt 0.235690 0.572687
vt 0.221069 0.572687
vt 0.221069 0.559494
vt 0.831136 0.475454
vt 0.831551 0.472892
vt 0.838823 0.477985
vt 0.840012 0.475663
vt 0.845384 0.482778
vt 0.847233 0.480942
vt 0.850079 0.512774
vt 0.852398 0.513955
vt 0.133340 0.559494
vt 0.133340 0.572687
vt 0.045611 0.572687
vt 0.045611 0.559494
vt 0.147961 0.559494
vt 0.147961 0.572687
vt 0.162583 0.559494
vt 0.162583 0.572687
vt 0.177204 0.559494
vt 0.177204 0.572687
vt 0.191826 0.559494
vt 0.191826 0.572687
vt 0.206447 0.559494
vt 0.206447 0.572687
vt 0.855971 0.496474
vt 0.855975 0.505610
vt 0.856510 0.496388
vt 0.856516 0.505695
vt 0.840356 0.527141
vt 0.831624 0.529988
vt 0.840607 0.527629
vt 0.831711 0.530532
vt 0.822401 0.529986
vt 0.822315 0.530532
vt 0.813624 0.527090
vt 0.813369 0.527587
vt 0.806170 0.521635
vt 0.805777 0.522023
vt 0.800810 0.514151
vt 0.800318 0.514396
vt 0.798033 0.505432
vt 0.797497 0.505514
vt 0.798082 0.496287
vt 0.797536 0.496198
vt 0.800935 0.487566
vt 0.800451 0.487317
vt 0.806386 0.480151
vt 0.805995 0.479756
vt 0.813858 0.474793
vt 0.813613 0.474302
vt 0.822568 0.472027
vt 0.822487 0.471493
vt 0.831684 0.472076
vt 0.831769 0.471536
vt 0.840397 0.474912
vt 0.840646 0.474422
vt 0.847828 0.480351
vt 0.848222 0.479960
vt 0.853187 0.487790
vt 0.853670 0.487546
vt 0.847755 0.521748
vt 0.848143 0.522134
vt 0.853149 0.514338
vt 0.853638 0.514585
vt 0.732410 0.482999
vt 0.746485 0.487869
vt 0.720642 0.474069
vt 0.712335 0.461860
vt 0.708057 0.447774
vt 0.708347 0.433208
vt 0.713109 0.419408
vt 0.722003 0.407655
vt 0.734015 0.399133
vt 0.747973 0.394768
vt 0.762603 0.394994
vt 0.776625 0.399682
vt 0.788509 0.408622
vt 0.797042 0.420768
vt 0.801352 0.434816
vt 0.801064 0.449409
vt 0.796365 0.463276
vt 0.787615 0.475094
vt 0.775612 0.483684
vt 0.761427 0.488102
vt 0.394511 0.079150
vt 0.346459 0.079150
vt 0.346459 0.063664
vt 0.394511 0.063664
vt 0.668564 0.528066
vt 0.677524 0.531008
vt 0.677156 0.533282
vt 0.667511 0.530117
vt 0.686944 0.531040
vt 0.687296 0.533313
vt 0.695897 0.528166
vt 0.696932 0.530220
vt 0.703541 0.522676
vt 0.705158 0.524316
vt 0.709141 0.515073
vt 0.711195 0.516136
vt 0.712120 0.506069
vt 0.714405 0.506443
vt 0.712178 0.496607
vt 0.714465 0.496256
vt 0.709288 0.487606
vt 0.711355 0.486564
vt 0.703738 0.479915
vt 0.705380 0.478284
vt 0.696108 0.474332
vt 0.697164 0.472274
vt 0.687125 0.471388
vt 0.687493 0.469107
vt 0.677671 0.471362
vt 0.677315 0.469079
vt 0.668682 0.474259
vt 0.667638 0.472202
vt 0.661031 0.479800
vt 0.659399 0.478164
vt 0.655472 0.487449
vt 0.653411 0.486398
vt 0.652542 0.496450
vt 0.650259 0.496088
vt 0.652537 0.505899
vt 0.650259 0.506258
vt 0.404678 0.026703
vt 0.404678 0.033125
vt 0.401037 0.033702
vt 0.401037 0.026126
vt 0.655435 0.514868
vt 0.653381 0.515909
vt 0.660951 0.522501
vt 0.659319 0.524124
vt 0.394511 0.094636
vt 0.346459 0.094636
vt 0.394511 0.110122
vt 0.346459 0.110122
vt 0.394511 0.048178
vt 0.346459 0.048178
vt 0.346459 0.032692
vt 0.394511 0.032692
vt 0.346459 0.017206
vt 0.394511 0.017206
vt 0.346459 0.001720
vt 0.394511 0.001720
vt 0.394511 0.311440
vt 0.346459 0.311440
vt 0.346459 0.295954
vt 0.394511 0.295954
vt 0.346459 0.280468
vt 0.394511 0.280468
vt 0.346459 0.264982
vt 0.394511 0.264982
vt 0.346459 0.249496
vt 0.394511 0.249496
vt 0.346459 0.234010
vt 0.394511 0.234010
vt 0.346459 0.218524
vt 0.394511 0.218524
vt 0.346459 0.203038
vt 0.394511 0.203038
vt 0.346459 0.187552
vt 0.394511 0.187552
vt 0.346459 0.172066
vt 0.394511 0.172066
vt 0.346459 0.156580
vt 0.394511 0.156580
vt 0.346459 0.141094
vt 0.394511 0.141094
vt 0.346459 0.125608
vt 0.394511 0.125608
vt 0.535866 0.954646
vt 0.501536 0.959454
vt 0.501741 0.948727
vt 0.511653 0.929833
vt 0.520482 0.923530
vt 0.439467 0.015399
vt 0.434271 0.011624
vt 0.435944 0.008340
vt 0.442073 0.012792
vt 0.421741 0.050188
vt 0.428163 0.050188
vt 0.428740 0.053829
vt 0.421164 0.053829
vt 0.406662 0.039233
vt 0.403378 0.040906
vt 0.434271 0.048204
vt 0.435944 0.051488
vt 0.428163 0.009640
vt 0.428740 0.005999
vt 0.421741 0.009640
vt 0.415633 0.011624
vt 0.413959 0.008340
vt 0.421164 0.005999
vt 0.579522 0.962331
vt 0.575299 0.975369
vt 0.569946 0.972646
vt 0.573846 0.961324
vt 0.555398 0.994697
vt 0.542204 0.998569
vt 0.541375 0.992844
vt 0.552828 0.989259
vt 0.515090 0.994287
vt 0.503544 0.985918
vt 0.508121 0.981498
vt 0.517855 0.988828
vt 0.443241 0.039233
vt 0.445226 0.033125
vt 0.448867 0.033702
vt 0.446526 0.040906
vt 0.491862 0.960782
vt 0.491973 0.947075
vt 0.497848 0.948036
vt 0.497600 0.960002
vt 0.504593 0.922713
vt 0.515938 0.914530
vt 0.518698 0.919948
vt 0.508863 0.926987
vt 0.439467 0.044429
vt 0.442073 0.047035
vt 0.410437 0.015399
vt 0.407830 0.012792
vt 0.410437 0.044429
vt 0.407830 0.047035
vt 0.406662 0.020595
vt 0.403378 0.018921
vt 0.415633 0.048204
vt 0.413959 0.051488
vt 0.576240 0.935131
vt 0.580029 0.948672
vt 0.574078 0.949386
vt 0.570596 0.937844
vt 0.567052 0.986792
vt 0.562669 0.982279
vt 0.528440 0.998603
vt 0.529364 0.992672
vt 0.529370 0.910212
vt 0.543704 0.910212
vt 0.542586 0.916503
vt 0.530332 0.916295
vt 0.495625 0.974098
vt 0.501122 0.971546
vt 0.496347 0.933932
vt 0.501695 0.936675
vt 0.552243 0.924041
vt 0.560883 0.930592
vt 0.445226 0.026703
vt 0.443242 0.020595
vt 0.446526 0.018921
vt 0.448867 0.026126
vt 0.568025 0.923757
vt 0.563782 0.927824
vt 0.569969 0.960642
vt 0.566429 0.970773
vt 0.551053 0.985707
vt 0.540799 0.988917
vt 0.519744 0.985266
vt 0.510989 0.978719
vt 0.541893 0.920469
vt 0.530046 0.988745
vt 0.567001 0.939567
vt 0.570159 0.949940
vt 0.504731 0.969773
vt 0.505208 0.938523
vt 0.559902 0.979443
vt 0.557087 0.915172
vt 0.554118 0.920490
vt 0.530906 0.920294
vt 0.050957 0.873310
vt 0.050957 0.857944
vt 0.073352 0.857944
vt 0.073352 0.873310
vt 0.050957 0.934770
vt 0.050957 0.919405
vt 0.073352 0.919405
vt 0.073352 0.934770
vt 0.050957 0.765753
vt 0.050957 0.750388
vt 0.073352 0.750388
vt 0.073352 0.765753
vt 0.050957 0.965501
vt 0.050957 0.950136
vt 0.073352 0.950136
vt 0.073352 0.965501
vt 0.050957 0.888675
vt 0.073352 0.888675
vt 0.050957 0.781118
vt 0.073352 0.781118
vt 0.050957 0.980866
vt 0.073352 0.980866
vt 0.050957 0.796484
vt 0.073352 0.796484
vt 0.050957 0.996232
vt 0.073352 0.996232
vt 0.050957 0.811849
vt 0.073352 0.811849
vt 0.050957 0.704292
vt 0.050957 0.688927
vt 0.073352 0.688927
vt 0.073352 0.704292
vt 0.050957 0.827214
vt 0.073352 0.827214
vt 0.050957 0.719657
vt 0.073352 0.719657
vt 0.050957 0.842579
vt 0.073352 0.842579
vt 0.050957 0.735023
vt 0.073352 0.735023
vt 0.050957 0.904040
vt 0.073352 0.904040
vt 0.665805 0.533458
vt 0.656666 0.526771
vt 0.657720 0.525717
vt 0.666481 0.532129
vt 0.676568 0.536985
vt 0.676799 0.535512
vt 0.687880 0.537008
vt 0.687646 0.535540
vt 0.698608 0.533544
vt 0.697948 0.532232
vt 0.707786 0.526988
vt 0.706745 0.525923
vt 0.714538 0.517875
vt 0.713211 0.517179
vt 0.718158 0.507056
vt 0.716661 0.506812
vt 0.718158 0.495687
vt 0.716695 0.495913
vt 0.714735 0.484858
vt 0.713381 0.485540
vt 0.708057 0.475610
vt 0.706999 0.476671
vt 0.698876 0.468941
vt 0.698202 0.470256
vt 0.688096 0.465378
vt 0.687856 0.466872
vt 0.676732 0.465377
vt 0.676968 0.466854
vt 0.665926 0.468839
vt 0.666607 0.470169
vt 0.656749 0.475515
vt 0.657808 0.476570
vt 0.650043 0.484684
vt 0.651378 0.485360
vt 0.646542 0.495503
vt 0.648020 0.495731
vt 0.646553 0.506848
vt 0.648025 0.506609
vt 0.650056 0.517602
vt 0.651382 0.516923
vt 0.796117 0.496340
vt 0.796106 0.506066
vt 0.793017 0.506551
vt 0.793022 0.495850
vt 0.841168 0.473512
vt 0.831833 0.470440
vt 0.832334 0.467322
vt 0.842615 0.470699
vt 0.104097 0.601810
vt 0.104097 0.615003
vt 0.089475 0.615003
vt 0.089475 0.601810
vt 0.147961 0.601810
vt 0.147961 0.615003
vt 0.133340 0.615003
vt 0.133340 0.601810
vt 0.045611 0.601810
vt 0.045611 0.615003
vt 0.030989 0.615003
vt 0.030989 0.601810
vt 0.118718 0.615003
vt 0.118718 0.601810
vt 0.016368 0.615003
vt 0.016368 0.601810
vt 0.001746 0.615003
vt 0.001746 0.601810
vt 0.060232 0.601810
vt 0.060232 0.615003
vt 0.294176 0.601810
vt 0.294176 0.615003
vt 0.279555 0.615003
vt 0.279554 0.601810
vt 0.799081 0.515309
vt 0.796287 0.516719
vt 0.812740 0.473434
vt 0.804862 0.479165
vt 0.802644 0.476948
vt 0.811313 0.470639
vt 0.822030 0.470419
vt 0.821538 0.467309
vt 0.849094 0.479317
vt 0.851335 0.477096
vt 0.854815 0.487262
vt 0.857620 0.485851
vt 0.857778 0.496535
vt 0.860875 0.496060
vt 0.857729 0.506266
vt 0.860823 0.506770
vt 0.854669 0.515537
vt 0.857465 0.516976
vt 0.848877 0.523426
vt 0.851090 0.525661
vt 0.840937 0.529133
vt 0.842342 0.531938
vt 0.831672 0.532091
vt 0.832144 0.535180
vt 0.264933 0.601810
vt 0.264933 0.615003
vt 0.250312 0.615003
vt 0.250312 0.601810
vt 0.821968 0.532042
vt 0.821468 0.535130
vt 0.812703 0.528991
vt 0.811270 0.531789
vt 0.804794 0.523213
vt 0.802566 0.525427
vt 0.799136 0.487058
vt 0.796340 0.485635
vt 0.162583 0.601810
vt 0.162583 0.615003
vt 0.074854 0.615003
vt 0.074854 0.601810
vt 0.177204 0.601810
vt 0.177204 0.615003
vt 0.191826 0.601810
vt 0.191826 0.615003
vt 0.206447 0.601810
vt 0.206447 0.615003
vt 0.221069 0.601810
vt 0.221069 0.615003
vt 0.235690 0.601810
vt 0.235690 0.615003
vt 0.792033 0.506705
vt 0.792029 0.495693
vt 0.791384 0.506809
vt 0.791376 0.495592
vt 0.810855 0.469742
vt 0.821380 0.466310
vt 0.810553 0.469154
vt 0.821275 0.465655
vt 0.832496 0.466312
vt 0.832600 0.465655
vt 0.843076 0.469802
vt 0.843383 0.469204
vt 0.852061 0.476378
vt 0.852535 0.475911
vt 0.858522 0.485399
vt 0.859114 0.485103
vt 0.861869 0.495908
vt 0.862514 0.495810
vt 0.861809 0.506931
vt 0.862467 0.507038
vt 0.858370 0.517442
vt 0.858953 0.517742
vt 0.851801 0.526380
vt 0.852272 0.526856
vt 0.842794 0.532838
vt 0.843089 0.533430
vt 0.832295 0.536172
vt 0.832393 0.536816
vt 0.821308 0.536113
vt 0.821205 0.536764
vt 0.810806 0.532695
vt 0.810505 0.533285
vt 0.801849 0.526139
vt 0.801374 0.526610
vt 0.795390 0.517172
vt 0.794807 0.517466
vt 0.801937 0.476242
vt 0.801469 0.475777
vt 0.795435 0.485174
vt 0.794846 0.484875
vt 0.553266 0.922110
vt 0.542268 0.918305
vt 0.562462 0.929089
vt 0.568953 0.938629
vt 0.572296 0.949635
vt 0.572070 0.961018
vt 0.568349 0.971801
vt 0.561399 0.980985
vt 0.552013 0.987644
vt 0.541105 0.991055
vt 0.529674 0.990878
vt 0.518717 0.987215
vt 0.509431 0.980229
vt 0.502763 0.970739
vt 0.499395 0.959761
vt 0.499620 0.948358
vt 0.503292 0.937522
vt 0.510129 0.928287
vt 0.519508 0.921576
vt 0.530592 0.918123
vt 0.345352 0.249496
vt 0.345352 0.264982
vt 0.297300 0.264982
vt 0.297300 0.249496
vt 0.226318 0.930210
vt 0.224365 0.928248
vt 0.234216 0.921114
vt 0.235467 0.923578
vt 0.245777 0.917379
vt 0.246206 0.920103
vt 0.257939 0.917389
vt 0.257508 0.920113
vt 0.269468 0.921126
vt 0.268223 0.923578
vt 0.279290 0.928231
vt 0.277345 0.930185
vt 0.286471 0.938053
vt 0.284007 0.939317
vt 0.290280 0.949653
vt 0.287538 0.950095
vt 0.290309 0.961906
vt 0.287561 0.961476
vt 0.286537 0.973565
vt 0.284061 0.972305
vt 0.279350 0.983444
vt 0.277391 0.981480
vt 0.269446 0.990602
vt 0.268194 0.988128
vt 0.257832 0.994340
vt 0.257407 0.991606
vt 0.245656 0.994302
vt 0.246098 0.991567
vt 0.234055 0.990477
vt 0.235325 0.988011
vt 0.224201 0.983246
vt 0.226169 0.981296
vt 0.217095 0.973360
vt 0.219555 0.972117
vt 0.213377 0.961819
vt 0.216098 0.961393
vt 0.355746 0.695912
vt 0.360078 0.698119
vt 0.354206 0.706201
vt 0.350769 0.702763
vt 0.213390 0.949704
vt 0.216114 0.950138
vt 0.217164 0.938122
vt 0.219629 0.939382
vt 0.345352 0.234010
vt 0.297300 0.234010
vt 0.345352 0.218524
vt 0.297300 0.218524
vt 0.345352 0.280468
vt 0.345352 0.295954
vt 0.297300 0.295954
vt 0.297300 0.280468
vt 0.345352 0.311440
vt 0.297300 0.311440
vt 0.345352 0.001720
vt 0.345352 0.017206
vt 0.297300 0.017206
vt 0.297300 0.001720
vt 0.345352 0.032692
vt 0.297299 0.032692
vt 0.345352 0.048178
vt 0.297299 0.048178
vt 0.345352 0.063664
vt 0.297300 0.063664
vt 0.345352 0.079150
vt 0.297300 0.079150
vt 0.345352 0.094636
vt 0.297300 0.094636
vt 0.345352 0.110122
vt 0.297300 0.110122
vt 0.345352 0.125608
vt 0.297299 0.125608
vt 0.345352 0.141094
vt 0.297299 0.141094
vt 0.345352 0.156580
vt 0.297300 0.156580
vt 0.345352 0.172066
vt 0.297300 0.172066
vt 0.345352 0.187552
vt 0.297299 0.187552
vt 0.345352 0.203038
vt 0.297300 0.203038
vt 0.950202 0.501155
vt 0.984768 0.484483
vt 0.988197 0.495840
vt 0.956940 0.463277
vt 0.968392 0.467293
vt 0.327393 0.656888
vt 0.326633 0.652086
vt 0.336623 0.652086
vt 0.335863 0.656888
vt 0.319339 0.707741
vt 0.317132 0.712073
vt 0.309050 0.706201
vt 0.312487 0.702763
vt 0.346124 0.712073
vt 0.343917 0.707741
vt 0.303178 0.698119
vt 0.307510 0.695912
vt 0.346124 0.655173
vt 0.343917 0.659505
vt 0.350769 0.664482
vt 0.354206 0.661045
vt 0.360078 0.669127
vt 0.355746 0.671334
vt 0.906009 0.523118
vt 0.911945 0.520087
vt 0.919676 0.530918
vt 0.914976 0.535607
vt 0.941751 0.549530
vt 0.942831 0.543065
vt 0.956033 0.543373
vt 0.956857 0.549732
vt 0.984284 0.536689
vt 0.979778 0.531953
vt 0.987844 0.521206
vt 0.993980 0.524497
vt 0.304893 0.679388
vt 0.300091 0.678628
vt 0.303178 0.669127
vt 0.307510 0.671334
vt 0.998878 0.494363
vt 0.992545 0.495244
vt 0.988711 0.482585
vt 0.994694 0.479801
vt 0.973817 0.457444
vt 0.970505 0.463371
vt 0.957744 0.458901
vt 0.958987 0.451999
vt 0.300091 0.688618
vt 0.304893 0.687857
vt 0.363165 0.678628
vt 0.358364 0.679388
vt 0.336623 0.715160
vt 0.335862 0.710358
vt 0.363165 0.688618
vt 0.358364 0.687857
vt 0.327394 0.710358
vt 0.326633 0.715160
vt 0.901268 0.492949
vt 0.907926 0.493978
vt 0.907874 0.507389
vt 0.901268 0.508456
vt 0.930345 0.538797
vt 0.927318 0.544675
vt 0.968723 0.539494
vt 0.971686 0.545689
vt 0.943334 0.452041
vt 0.944253 0.458524
vt 0.931352 0.462479
vt 0.928481 0.456351
vt 0.992266 0.508544
vt 0.998856 0.509610
vt 0.981170 0.471597
vt 0.986081 0.467039
vt 0.916124 0.483238
vt 0.923396 0.473483
vt 0.312487 0.664482
vt 0.309050 0.661045
vt 0.317132 0.655173
vt 0.319339 0.659505
vt 0.906080 0.478085
vt 0.912170 0.481155
vt 0.922825 0.527838
vt 0.915863 0.518134
vt 0.955435 0.539033
vt 0.943601 0.538779
vt 0.983937 0.519137
vt 0.976702 0.528748
vt 0.933328 0.466478
vt 0.966823 0.535541
vt 0.912238 0.506735
vt 0.912305 0.494713
vt 0.987907 0.507758
vt 0.977961 0.474645
vt 0.932379 0.534952
vt 0.920284 0.470283
vt 0.915347 0.465203
vt 0.944855 0.462945
vt 0.145638 0.796553
vt 0.168033 0.796553
vt 0.168033 0.811918
vt 0.145638 0.811918
vt 0.145638 0.735092
vt 0.168033 0.735092
vt 0.168033 0.750457
vt 0.145638 0.750457
vt 0.145638 0.904109
vt 0.168033 0.904109
vt 0.168033 0.919474
vt 0.145638 0.919474
vt 0.145638 0.704361
vt 0.168033 0.704361
vt 0.168033 0.719726
vt 0.145638 0.719726
vt 0.145638 0.781187
vt 0.168033 0.781187
vt 0.145638 0.888744
vt 0.168033 0.888744
vt 0.145638 0.688996
vt 0.168033 0.688996
vt 0.145638 0.873379
vt 0.168033 0.873379
vt 0.145638 0.980935
vt 0.168033 0.980935
vt 0.168033 0.996300
vt 0.145638 0.996300
vt 0.145638 0.858013
vt 0.168033 0.858013
vt 0.145638 0.965570
vt 0.168033 0.965570
vt 0.145638 0.842648
vt 0.168033 0.842648
vt 0.145638 0.950205
vt 0.168033 0.950205
vt 0.145638 0.827283
vt 0.168033 0.827283
vt 0.145638 0.934839
vt 0.168033 0.934839
vt 0.145638 0.765822
vt 0.168033 0.765822
vt 0.221182 0.925034
vt 0.222439 0.926310
vt 0.214746 0.936884
vt 0.213129 0.936061
vt 0.232200 0.917140
vt 0.232998 0.918714
vt 0.245077 0.912924
vt 0.245359 0.914708
vt 0.258646 0.912959
vt 0.258368 0.914700
vt 0.271481 0.917148
vt 0.270681 0.918736
vt 0.282450 0.925046
vt 0.281198 0.926316
vt 0.290476 0.935991
vt 0.288886 0.936816
vt 0.294744 0.948926
vt 0.292971 0.949221
vt 0.294806 0.962614
vt 0.293005 0.962332
vt 0.290563 0.975629
vt 0.288964 0.974807
vt 0.282540 0.986643
vt 0.281287 0.985385
vt 0.271495 0.994646
vt 0.270676 0.993026
vt 0.258513 0.998775
vt 0.258245 0.997005
vt 0.244939 0.998753
vt 0.245220 0.997003
vt 0.231980 0.994512
vt 0.232812 0.992897
vt 0.220992 0.986414
vt 0.222272 0.985159
vt 0.213085 0.975375
vt 0.214681 0.974579
vt 0.208974 0.962509
vt 0.210711 0.962238
vt 0.208974 0.949012
vt 0.210737 0.949284
vt 0.419405 0.849299
vt 0.416464 0.849747
vt 0.416516 0.839582
vt 0.419451 0.840061
vt 0.462103 0.871131
vt 0.463465 0.873795
vt 0.453736 0.876967
vt 0.453264 0.874009
vt 0.089475 0.586792
vt 0.074854 0.586792
vt 0.074854 0.573600
vt 0.089475 0.573600
vt 0.133340 0.586792
vt 0.118718 0.586792
vt 0.118718 0.573600
vt 0.133340 0.573600
vt 0.030989 0.586792
vt 0.016368 0.586792
vt 0.016368 0.573600
vt 0.030989 0.573600
vt 0.104097 0.586792
vt 0.104097 0.573600
vt 0.001746 0.586792
vt 0.001746 0.573600
vt 0.294176 0.586793
vt 0.279554 0.586793
vt 0.279554 0.573600
vt 0.294176 0.573600
vt 0.045611 0.586792
vt 0.045611 0.573600
vt 0.264933 0.586793
vt 0.264933 0.573600
vt 0.419700 0.829917
vt 0.422349 0.831280
vt 0.435097 0.871116
vt 0.433730 0.873775
vt 0.425497 0.867732
vt 0.427617 0.865634
vt 0.443939 0.874007
vt 0.443466 0.876966
vt 0.469608 0.865669
vt 0.471720 0.867776
vt 0.475056 0.858158
vt 0.477712 0.859505
vt 0.477900 0.849366
vt 0.480840 0.849829
vt 0.477887 0.840115
vt 0.480827 0.839647
vt 0.475020 0.831302
vt 0.477667 0.829952
vt 0.469606 0.823840
vt 0.471703 0.821745
vt 0.462163 0.818422
vt 0.463510 0.815786
vt 0.453411 0.815567
vt 0.453880 0.812642
vt 0.250312 0.586792
vt 0.235690 0.586792
vt 0.235690 0.573600
vt 0.250312 0.573600
vt 0.444193 0.815547
vt 0.443739 0.812613
vt 0.435378 0.818375
vt 0.434037 0.815712
vt 0.427842 0.823798
vt 0.425740 0.821678
vt 0.419553 0.859449
vt 0.422213 0.858113
vt 0.147961 0.586792
vt 0.147961 0.573600
vt 0.060232 0.586792
vt 0.060232 0.573600
vt 0.162583 0.586792
vt 0.162583 0.573600
vt 0.177204 0.586792
vt 0.177204 0.573600
vt 0.191826 0.586792
vt 0.191826 0.573600
vt 0.206447 0.586792
vt 0.206447 0.573600
vt 0.221069 0.586792
vt 0.221069 0.573600
vt 0.415520 0.849891
vt 0.415582 0.839429
vt 0.414901 0.849983
vt 0.414964 0.839327
vt 0.443313 0.877925
vt 0.433290 0.874628
vt 0.443211 0.878548
vt 0.433001 0.875188
vt 0.453887 0.877918
vt 0.453988 0.878548
vt 0.463902 0.874649
vt 0.464186 0.875204
vt 0.472399 0.868453
vt 0.472849 0.868902
vt 0.478565 0.859937
vt 0.479125 0.860220
vt 0.481784 0.849977
vt 0.482397 0.850073
vt 0.481771 0.839496
vt 0.482397 0.839396
vt 0.478517 0.829518
vt 0.479074 0.829232
vt 0.472375 0.821072
vt 0.472812 0.820635
vt 0.463939 0.814946
vt 0.464225 0.814385
vt 0.454031 0.811703
vt 0.454129 0.811093
vt 0.443594 0.811670
vt 0.443500 0.811052
vt 0.433607 0.814856
vt 0.433326 0.814295
vt 0.425060 0.820991
vt 0.424618 0.820543
vt 0.418849 0.829480
vt 0.418291 0.829191
vt 0.424816 0.868405
vt 0.424368 0.868846
vt 0.418699 0.859878
vt 0.418137 0.860158
vt 0.932260 0.464298
vt 0.921699 0.471736
vt 0.913971 0.482108
vt 0.909921 0.494316
vt 0.909863 0.507094
vt 0.913741 0.519198
vt 0.921107 0.529525
vt 0.931280 0.537040
vt 0.943190 0.541115
vt 0.955768 0.541394
vt 0.967866 0.537690
vt 0.978372 0.530485
vt 0.986062 0.520268
vt 0.990288 0.508193
vt 0.990565 0.495524
vt 0.986920 0.483448
vt 0.979705 0.472990
vt 0.969548 0.465162
vt 0.957385 0.460895
vt 0.944535 0.460539
vt 0.496645 0.602113
vt 0.515202 0.583140
vt 0.524657 0.590787
vt 0.504483 0.611386
vt 0.474852 0.617242
vt 0.480801 0.627822
vt 0.450607 0.627992
vt 0.454455 0.639499
vt 0.424778 0.633982
vt 0.426390 0.646004
vt 0.398291 0.635001
vt 0.397611 0.647108
vt 0.372093 0.631018
vt 0.369146 0.642769
vt 0.347123 0.622159
vt 0.341964 0.633142
vt 0.041071 0.370472
vt 0.041179 0.316927
vt 0.078196 0.317023
vt 0.077997 0.370185
vt 0.452665 0.249238
vt 0.469175 0.269757
vt 0.460551 0.278159
vt 0.442603 0.255870
vt 0.440309 0.225971
vt 0.429174 0.230593
vt 0.432551 0.200788
vt 0.420742 0.203231
vt 0.429675 0.174586
vt 0.417613 0.174761
vt 0.431788 0.148305
vt 0.419897 0.146202
vt 0.438832 0.122854
vt 0.427519 0.118546
vt 0.421357 0.118936
vt 0.414149 0.147539
vt 0.400816 0.145498
vt 0.408621 0.114418
vt 0.223431 0.501886
vt 0.223428 0.554050
vt 0.187334 0.554069
vt 0.187380 0.501681
vt 0.412466 0.176943
vt 0.399000 0.177448
vt 0.151055 0.554308
vt 0.151133 0.501665
vt 0.416352 0.206129
vt 0.403227 0.209161
vt 0.114611 0.554595
vt 0.114665 0.501691
vt 0.425664 0.234053
vt 0.413348 0.239500
vt 0.077962 0.554901
vt 0.077965 0.501738
vt 0.440062 0.259716
vt 0.428996 0.267382
vt 0.041022 0.555241
vt 0.040963 0.501704
vt 0.459027 0.282205
vt 0.449612 0.291810
vt 0.003412 0.555872
vt 0.003635 0.500916
vt 0.481896 0.300703
vt 0.474492 0.311956
vt 0.489261 0.286783
vt 0.482402 0.296703
vt 0.003788 0.371329
vt 0.003519 0.316352
vt 0.424947 0.975122
vt 0.447992 0.961643
vt 0.455130 0.971557
vt 0.430084 0.986193
vt 0.399775 0.984001
vt 0.402692 0.995873
vt 0.114864 0.317123
vt 0.114686 0.370030
vt 0.468095 0.944064
vt 0.476974 0.952460
vt 0.151316 0.317435
vt 0.151163 0.370083
vt 0.484532 0.923007
vt 0.494837 0.929584
vt 0.187622 0.317555
vt 0.187386 0.369940
vt 0.496714 0.899226
vt 0.508076 0.903744
vt 0.223702 0.317643
vt 0.223439 0.369805
vt 0.504199 0.873568
vt 0.516215 0.875866
vt 0.259508 0.317696
vt 0.259306 0.369781
vt 0.506715 0.846949
vt 0.518966 0.846949
vt 0.259263 0.432290
vt 0.259368 0.380202
vt 0.295239 0.380114
vt 0.295064 0.432279
vt 0.516739 0.612068
vt 0.535931 0.590364
vt 0.546659 0.598184
vt 0.525794 0.621749
vt 0.493809 0.629759
vt 0.500874 0.640968
vt 0.467963 0.642809
vt 0.472790 0.655145
vt 0.440131 0.650756
vt 0.442548 0.663776
vt 0.411308 0.653321
vt 0.411230 0.666558
vt 0.382526 0.650415
vt 0.379958 0.663389
vt 0.354816 0.642125
vt 0.349793 0.654383
vt 0.477438 0.439812
vt 0.477501 0.493342
vt 0.440515 0.493124
vt 0.440475 0.439961
vt 0.337540 0.963485
vt 0.360570 0.976988
vt 0.355422 0.988054
vt 0.330391 0.973392
vt 0.317455 0.945885
vt 0.308567 0.954272
vt 0.301040 0.924812
vt 0.290728 0.931377
vt 0.288883 0.901017
vt 0.277516 0.905524
vt 0.281424 0.875351
vt 0.269407 0.877637
vt 0.278936 0.848730
vt 0.266685 0.848717
vt 0.490919 0.847078
vt 0.488680 0.823380
vt 0.499370 0.821335
vt 0.501818 0.847080
vt 0.331299 0.379916
vt 0.331134 0.432301
vt 0.482031 0.800560
vt 0.492131 0.796545
vt 0.367541 0.379676
vt 0.367411 0.432322
vt 0.471216 0.779433
vt 0.480371 0.773594
vt 0.403972 0.379413
vt 0.403896 0.432322
vt 0.456619 0.760728
vt 0.464508 0.753271
vt 0.440604 0.379154
vt 0.440623 0.432324
vt 0.438766 0.745110
vt 0.445108 0.736304
vt 0.477569 0.379018
vt 0.477614 0.432555
vt 0.418299 0.733134
vt 0.422863 0.723300
vt 0.514885 0.378142
vt 0.515240 0.433099
vt 0.395941 0.725243
vt 0.398534 0.714698
vt 0.385733 0.985893
vt 0.382804 0.997762
vt 0.514750 0.438923
vt 0.515123 0.493875
vt 0.370712 0.731544
vt 0.349627 0.743847
vt 0.343109 0.734774
vt 0.366026 0.721415
vt 0.393739 0.723448
vt 0.391083 0.712589
vt 0.403798 0.493136
vt 0.403835 0.440233
vt 0.331227 0.759904
vt 0.323115 0.752217
vt 0.367343 0.493131
vt 0.367368 0.440485
vt 0.316176 0.779142
vt 0.306759 0.773119
vt 0.331087 0.492922
vt 0.331088 0.440535
vt 0.305015 0.800878
vt 0.294629 0.796735
vt 0.294985 0.492927
vt 0.295049 0.440764
vt 0.298145 0.824333
vt 0.287160 0.822221
vt 0.259173 0.492998
vt 0.259185 0.440912
vt 0.295819 0.848672
vt 0.284616 0.848661
vt 0.945712 0.988494
vt 0.985398 0.988494
vt 0.984938 0.991566
vt 0.946172 0.991566
vt 0.118204 0.676914
vt 0.111827 0.676912
vt 0.111828 0.674811
vt 0.118205 0.674813
vt 0.945712 0.941477
vt 0.942046 0.945143
vt 0.938974 0.945603
vt 0.946172 0.938405
vt 0.942046 0.984828
vt 0.938974 0.984369
vt 0.989064 0.984828
vt 0.992136 0.984369
vt 0.989064 0.945143
vt 0.985398 0.941477
vt 0.984938 0.938405
vt 0.992136 0.945603
vt 0.943638 0.992038
vt 0.934793 0.998720
vt 0.931820 0.995748
vt 0.938503 0.986903
vt 0.934793 0.931251
vt 0.943638 0.937933
vt 0.938503 0.943068
vt 0.931820 0.934223
vt 0.987472 0.992038
vt 0.992607 0.986903
vt 0.999289 0.995748
vt 0.996317 0.998720
vt 0.996317 0.931251
vt 0.999289 0.934223
vt 0.992607 0.943068
vt 0.987472 0.937933
vt 0.802090 0.992386
vt 0.794831 0.999636
vt 0.716298 0.999592
vt 0.709048 0.992334
vt 0.007823 0.676880
vt 0.001446 0.676878
vt 0.001447 0.674776
vt 0.007824 0.674778
vt 0.167018 0.676929
vt 0.167018 0.674828
vt 0.063013 0.676897
vt 0.063014 0.674795
vt 0.173394 0.676931
vt 0.173395 0.674830
vt 0.056637 0.676895
vt 0.056637 0.674793
vt 0.222208 0.676947
vt 0.222209 0.674845
vt 0.794884 0.906594
vt 0.802134 0.913853
vt 0.709092 0.913800
vt 0.716350 0.906550
vt 0.259264 0.501842
vt 0.223436 0.500125
vt 0.259265 0.500100
vt 0.525760 0.591679
vt 0.505400 0.612471
vt 0.259276 0.553927
vt 0.259275 0.555672
vt 0.223432 0.555812
vt 0.399259 0.145260
vt 0.407132 0.113890
vt 0.187386 0.499909
vt 0.481497 0.629059
vt 0.187341 0.555843
vt 0.397425 0.177508
vt 0.151133 0.499880
vt 0.454905 0.640846
vt 0.151069 0.556093
vt 0.401692 0.209516
vt 0.114664 0.499891
vt 0.426578 0.647412
vt 0.114626 0.556393
vt 0.411907 0.240138
vt 0.077966 0.499920
vt 0.397531 0.648526
vt 0.077979 0.556716
vt 0.427700 0.268280
vt 0.040985 0.499864
vt 0.368801 0.644149
vt 0.041047 0.557086
vt 0.448507 0.292938
vt 0.003744 0.499049
vt 0.341369 0.634437
vt 0.003514 0.557755
vt 0.473610 0.313272
vt 0.041100 0.372308
vt 0.003901 0.373195
vt 0.481587 0.297862
vt 0.459539 0.279145
vt 0.003619 0.314467
vt 0.041197 0.315079
vt 0.430687 0.987493
vt 0.403047 0.997265
vt 0.078009 0.372001
vt 0.441425 0.256647
vt 0.078202 0.315206
vt 0.455966 0.972719
vt 0.114690 0.371830
vt 0.427871 0.231134
vt 0.114875 0.315324
vt 0.478014 0.953443
vt 0.151166 0.371868
vt 0.419360 0.203516
vt 0.151327 0.315649
vt 0.496043 0.930353
vt 0.187393 0.371711
vt 0.416202 0.174781
vt 0.187628 0.315781
vt 0.509405 0.904273
vt 0.223444 0.371567
vt 0.418509 0.145957
vt 0.223706 0.315882
vt 0.517619 0.876135
vt 0.259300 0.371526
vt 0.426198 0.118043
vt 0.259515 0.315954
vt 0.520395 0.846949
vt 0.295064 0.434039
vt 0.259259 0.434032
vt 0.547910 0.599095
vt 0.526852 0.622881
vt 0.259372 0.378457
vt 0.295232 0.378353
vt 0.500621 0.821095
vt 0.503091 0.847080
vt 0.331133 0.434074
vt 0.501701 0.642279
vt 0.331288 0.378143
vt 0.493310 0.796075
vt 0.367410 0.434108
vt 0.473355 0.656588
vt 0.367528 0.377892
vt 0.481442 0.772910
vt 0.403895 0.434123
vt 0.442830 0.665300
vt 0.403958 0.377616
vt 0.465431 0.752398
vt 0.440616 0.434143
vt 0.411221 0.668108
vt 0.440594 0.377338
vt 0.445850 0.735273
vt 0.477594 0.434401
vt 0.379656 0.664912
vt 0.477542 0.377180
vt 0.423399 0.722146
vt 0.515142 0.434983
vt 0.349215 0.655828
vt 0.514771 0.376275
vt 0.398849 0.713462
vt 0.477411 0.437973
vt 0.514635 0.437056
vt 0.382448 0.999154
vt 0.354818 0.989353
vt 0.515025 0.495758
vt 0.477481 0.495189
vt 0.365475 0.720226
vt 0.390760 0.711316
vt 0.440464 0.438145
vt 0.329554 0.974552
vt 0.440509 0.494943
vt 0.342346 0.733712
vt 0.403822 0.438434
vt 0.307527 0.955254
vt 0.403797 0.494936
vt 0.322166 0.751318
vt 0.367360 0.438699
vt 0.289522 0.932145
vt 0.367337 0.494916
vt 0.305658 0.772415
vt 0.331081 0.438762
vt 0.276186 0.906051
vt 0.331081 0.494696
vt 0.293414 0.796250
vt 0.295039 0.439003
vt 0.268001 0.877904
vt 0.294987 0.494689
vt 0.285876 0.821973
vt 0.259186 0.439167
vt 0.265256 0.848716
vt 0.259172 0.494741
vt 0.283310 0.848659
vt 0.992136 0.944281
vt 0.986260 0.938405
vt 0.992136 0.985690
vt 0.986260 0.991566
vt 0.938974 0.985690
vt 0.944850 0.991566
vt 0.938974 0.944281
vt 0.944850 0.938405
vt 0.529876 0.561027
vt 0.540583 0.566753
vt 0.540115 0.536553
vt 0.551705 0.540158
vt 0.545558 0.510595
vt 0.557616 0.511953
vt 0.546016 0.484085
vt 0.558110 0.483148
vt 0.541475 0.457970
vt 0.553172 0.454774
vt 0.532103 0.433183
vt 0.542979 0.427846
vt 0.518219 0.410618
vt 0.527881 0.403277
vt 0.477592 0.371627
vt 0.440616 0.371219
vt 0.440832 0.318061
vt 0.477800 0.318100
vt 0.533458 0.037550
vt 0.530352 0.025877
vt 0.558644 0.021169
vt 0.559494 0.033206
vt 0.508697 0.046717
vt 0.503448 0.035834
vt 0.486099 0.060387
vt 0.478892 0.050684
vt 0.466474 0.078073
vt 0.457565 0.069899
vt 0.450526 0.099146
vt 0.440234 0.092794
vt 0.422148 0.085368
vt 0.433786 0.092186
vt 0.295075 0.501933
vt 0.331146 0.501989
vt 0.331196 0.554375
vt 0.295138 0.554097
vt 0.440873 0.059416
vt 0.451009 0.068295
vt 0.367421 0.502048
vt 0.367438 0.554694
vt 0.464140 0.037458
vt 0.472420 0.048083
vt 0.403895 0.502131
vt 0.403875 0.555039
vt 0.491118 0.020280
vt 0.497247 0.032270
vt 0.440594 0.502246
vt 0.440526 0.555414
vt 0.520839 0.008492
vt 0.524600 0.021418
vt 0.477621 0.502347
vt 0.477444 0.555899
vt 0.552241 0.002518
vt 0.553497 0.015908
vt 0.515289 0.501974
vt 0.514723 0.556957
vt 0.584254 0.002555
vt 0.582911 0.015959
vt 0.587360 0.021866
vt 0.585878 0.033861
vt 0.515206 0.372351
vt 0.515116 0.317401
vt 0.424947 0.718776
vt 0.430084 0.707704
vt 0.455130 0.722340
vt 0.447992 0.732254
vt 0.399775 0.709896
vt 0.402692 0.698024
vt 0.403925 0.371025
vt 0.404163 0.318123
vt 0.476974 0.741437
vt 0.468095 0.749834
vt 0.367476 0.370653
vt 0.367686 0.318010
vt 0.494837 0.764314
vt 0.484532 0.770890
vt 0.331204 0.370456
vt 0.331423 0.318069
vt 0.508076 0.790153
vt 0.496714 0.794672
vt 0.295168 0.370077
vt 0.295320 0.317914
vt 0.516215 0.818032
vt 0.504199 0.820330
vt 0.223461 0.432133
vt 0.223498 0.379969
vt 0.550718 0.565449
vt 0.562706 0.571106
vt 0.560538 0.538204
vt 0.573372 0.541499
vt 0.565050 0.509604
vt 0.578271 0.510422
vt 0.564094 0.480675
vt 0.577229 0.478989
vt 0.557711 0.452451
vt 0.570289 0.448325
vt 0.546134 0.425940
vt 0.557698 0.419524
vt 0.529758 0.402099
vt 0.539890 0.393565
vt 0.041012 0.438913
vt 0.077929 0.439403
vt 0.077855 0.492570
vt 0.040828 0.492464
vt 0.337778 0.734096
vt 0.330650 0.724175
vt 0.355711 0.709565
vt 0.360837 0.720642
vt 0.317657 0.751655
vt 0.308786 0.743249
vt 0.301198 0.772694
vt 0.290900 0.766107
vt 0.288992 0.796463
vt 0.277634 0.791932
vt 0.281479 0.822113
vt 0.269467 0.819803
vt 0.499366 0.872792
vt 0.488687 0.870750
vt 0.187392 0.432009
vt 0.187439 0.379623
vt 0.492135 0.897554
vt 0.482041 0.893541
vt 0.151115 0.431882
vt 0.151199 0.379236
vt 0.480376 0.920506
vt 0.471223 0.914665
vt 0.114630 0.431734
vt 0.114770 0.378826
vt 0.464511 0.940827
vt 0.456623 0.933369
vt 0.077903 0.431587
vt 0.078138 0.378417
vt 0.445109 0.957790
vt 0.438768 0.948985
vt 0.040911 0.431667
vt 0.041175 0.378131
vt 0.422863 0.970791
vt 0.418300 0.960958
vt 0.003284 0.432059
vt 0.003863 0.377103
vt 0.398533 0.979391
vt 0.395941 0.968846
vt 0.383113 0.699913
vt 0.386018 0.711788
vt 0.003734 0.437850
vt 0.003160 0.492832
vt 0.370469 0.965956
vt 0.365761 0.976075
vt 0.342872 0.962668
vt 0.349409 0.953609
vt 0.393479 0.974100
vt 0.390800 0.984953
vt 0.114580 0.439783
vt 0.114552 0.492690
vt 0.322915 0.945184
vt 0.331043 0.937514
vt 0.151017 0.440133
vt 0.151026 0.492778
vt 0.306602 0.924248
vt 0.316032 0.918244
vt 0.187258 0.440457
vt 0.187300 0.492842
vt 0.294521 0.900607
vt 0.304915 0.896486
vt 0.223317 0.440740
vt 0.223369 0.492904
vt 0.287105 0.875106
vt 0.298094 0.873016
vt 0.945351 0.010886
vt 0.945814 0.007787
vt 0.984915 0.007787
vt 0.985379 0.010886
vt 0.167037 0.674681
vt 0.167038 0.672579
vt 0.173414 0.672581
vt 0.173414 0.674683
vt 0.945351 0.058309
vt 0.945814 0.061408
vt 0.938554 0.054148
vt 0.941653 0.054612
vt 0.941653 0.014583
vt 0.938554 0.015047
vt 0.992176 0.015047
vt 0.989077 0.014583
vt 0.989077 0.054612
vt 0.992176 0.054148
vt 0.984915 0.061408
vt 0.985379 0.058309
vt 0.943258 0.007311
vt 0.938079 0.012491
vt 0.931339 0.003569
vt 0.934337 0.000571
vt 0.934337 0.068624
vt 0.931339 0.065626
vt 0.938079 0.056704
vt 0.943258 0.061884
vt 0.987472 0.007311
vt 0.996393 0.000571
vt 0.999391 0.003569
vt 0.992651 0.012491
vt 0.996393 0.068624
vt 0.987472 0.061884
vt 0.992651 0.056704
vt 0.999391 0.065626
vt 0.711282 0.086024
vt 0.803869 0.086024
vt 0.796650 0.093243
vt 0.718501 0.093243
vt 0.056656 0.674646
vt 0.056657 0.672545
vt 0.063033 0.672547
vt 0.063033 0.674648
vt 0.118223 0.674665
vt 0.118224 0.672564
vt 0.222228 0.672596
vt 0.222227 0.674698
vt 0.111846 0.674663
vt 0.111847 0.672562
vt 0.001466 0.674629
vt 0.001466 0.672527
vt 0.007843 0.672529
vt 0.007842 0.674631
vt 0.718501 0.000657
vt 0.796650 0.000657
vt 0.803869 0.007876
vt 0.711282 0.007876
vt 0.295078 0.500172
vt 0.541835 0.567423
vt 0.295126 0.555858
vt 0.420789 0.084572
vt 0.331148 0.500216
vt 0.553060 0.540579
vt 0.331181 0.556147
vt 0.439687 0.058378
vt 0.367424 0.500262
vt 0.559027 0.512112
vt 0.367421 0.556478
vt 0.463171 0.036215
vt 0.403899 0.500331
vt 0.559525 0.483038
vt 0.403856 0.556837
vt 0.490401 0.018876
vt 0.440598 0.500427
vt 0.554542 0.454400
vt 0.440504 0.557229
vt 0.520398 0.006978
vt 0.477613 0.500498
vt 0.544255 0.427219
vt 0.477405 0.557735
vt 0.552093 0.000946
vt 0.515200 0.500088
vt 0.529024 0.402424
vt 0.514601 0.558822
vt 0.584399 0.000979
vt 0.515099 0.374234
vt 0.477562 0.373473
vt 0.587523 0.020454
vt 0.558545 0.019756
vt 0.477782 0.316261
vt 0.515011 0.315534
vt 0.430687 0.706405
vt 0.403047 0.696632
vt 0.440600 0.373036
vt 0.529989 0.024510
vt 0.440830 0.316244
vt 0.455966 0.721179
vt 0.403910 0.372824
vt 0.502833 0.034560
vt 0.404164 0.316323
vt 0.478014 0.740454
vt 0.367461 0.372438
vt 0.478049 0.049549
vt 0.367687 0.316224
vt 0.496043 0.763544
vt 0.331189 0.372228
vt 0.456523 0.068943
vt 0.331425 0.316295
vt 0.509405 0.789624
vt 0.295151 0.371838
vt 0.439031 0.092051
vt 0.295329 0.316153
vt 0.517619 0.817763
vt 0.223455 0.433894
vt 0.564107 0.571766
vt 0.223513 0.378207
vt 0.500613 0.873031
vt 0.187386 0.433782
vt 0.574873 0.541884
vt 0.187458 0.377851
vt 0.493315 0.898024
vt 0.151109 0.433669
vt 0.579817 0.510518
vt 0.151220 0.377452
vt 0.481447 0.921189
vt 0.114623 0.433535
vt 0.578766 0.478792
vt 0.114791 0.377028
vt 0.465434 0.941699
vt 0.077903 0.433406
vt 0.571762 0.447841
vt 0.078156 0.376602
vt 0.445851 0.958822
vt 0.040925 0.433514
vt 0.559056 0.418770
vt 0.041208 0.376293
vt 0.423399 0.971946
vt 0.003374 0.433943
vt 0.541089 0.392572
vt 0.003984 0.375237
vt 0.398848 0.980627
vt 0.003857 0.435985
vt 0.041052 0.437077
vt 0.382760 0.698521
vt 0.355110 0.708265
vt 0.040836 0.494313
vt 0.003250 0.494718
vt 0.365208 0.977263
vt 0.390474 0.986226
vt 0.077952 0.437588
vt 0.329816 0.723012
vt 0.077850 0.494389
vt 0.342107 0.963729
vt 0.114599 0.437985
vt 0.307748 0.742265
vt 0.114548 0.494490
vt 0.321964 0.946082
vt 0.151034 0.438349
vt 0.289695 0.765337
vt 0.151023 0.494564
vt 0.305499 0.924950
vt 0.187273 0.438685
vt 0.276305 0.791403
vt 0.187298 0.494616
vt 0.293305 0.901089
vt 0.223329 0.438979
vt 0.268062 0.819533
vt 0.223366 0.494665
vt 0.285820 0.875351
vt 0.986249 0.061408
vt 0.992175 0.055481
vt 0.986249 0.007787
vt 0.992176 0.013714
vt 0.944481 0.007787
vt 0.938554 0.013714
vt 0.944481 0.061408
vt 0.938554 0.055481
s 1
usemtl Bomb_4
f 12/1/1 228/2/2 230/3/3 19/4/4
f 1/5/5 222/6/6 5/7/7 6/8/8
f 223/9/9 1/5/5 6/8/8 7/10/10
f 2/11/11 223/9/9 7/10/10 8/12/12
f 224/13/13 2/11/11 8/12/12 9/14/14
f 3/15/15 224/13/13 9/14/14 10/16/16
f 4/17/17 3/15/15 10/16/16 11/18/18
f 10/16/16 9/14/14 16/19/19 17/20/20
f 11/18/18 10/16/16 17/20/20 18/21/21
f 6/8/8 5/7/7 12/1/1 13/22/22
f 7/10/10 6/8/8 13/22/22 14/23/23
f 8/12/12 7/10/10 14/23/23 15/24/24
f 9/14/14 8/12/12 15/24/24 16/19/19
f 14/23/23 13/22/22 20/25/25 21/26/26
f 15/24/24 14/23/23 21/26/26 22/27/27
f 16/19/19 15/24/24 22/27/27 23/28/28
f 17/20/20 16/19/19 23/28/28 24/29/29
f 18/21/21 17/20/20 24/29/29 25/30/30
f 19/4/4 230/3/3 232/31/31 26/32/32
f 13/22/22 12/1/1 19/4/4 20/25/25
f 25/30/30 24/29/29 31/33/33 32/34/34
f 26/32/32 232/31/31 234/35/35 33/36/36
f 20/25/25 19/4/4 26/32/32 27/37/37
f 21/26/26 20/25/25 27/37/37 28/38/38
f 22/27/27 21/26/26 28/38/38 29/39/39
f 23/28/28 22/27/27 29/39/39 30/40/40
f 24/29/29 23/28/28 30/40/40 31/33/33
f 29/39/39 28/38/38 35/41/41 36/42/42
f 30/40/40 29/39/39 36/42/42 37/43/43
f 31/33/33 30/40/40 37/43/43 38/44/44
f 32/34/34 31/33/33 38/44/44 39/45/45
f 33/36/36 234/35/35 236/46/46 40/47/47
f 27/37/37 26/32/32 33/36/36 34/48/48
f 28/38/38 27/37/37 34/48/48 35/41/41
f 40/47/47 236/46/46 238/49/49 47/50/50
f 34/48/48 33/36/36 40/47/47 41/51/51
f 35/41/41 34/48/48 41/51/51 42/52/52
f 36/42/42 35/41/41 42/52/52 43/53/53
f 37/43/43 36/42/42 43/53/53 44/54/54
f 38/44/44 37/43/43 44/54/54 45/55/55
f 39/45/45 38/44/44 45/55/55 46/56/56
f 43/53/53 42/52/52 49/57/57 50/58/58
f 44/54/54 43/53/53 50/58/58 51/59/59
f 45/55/55 44/54/54 51/59/59 52/60/60
f 46/56/56 45/55/55 52/60/60 53/61/61
f 47/50/50 238/49/49 240/62/62 54/63/63
f 41/51/51 40/47/47 47/50/50 48/64/64
f 42/52/52 41/51/51 48/64/64 49/57/57
f 54/63/63 240/62/62 242/65/65 61/66/66
f 48/64/64 47/50/50 54/63/63 55/67/67
f 49/57/57 48/64/64 55/67/67 56/68/68
f 50/58/58 49/57/57 56/68/68 57/69/69
f 51/59/59 50/58/58 57/69/69 58/70/70
f 52/60/60 51/59/59 58/70/70 59/71/71
f 53/61/61 52/60/60 59/71/71 60/72/72
f 58/70/70 57/69/69 64/73/73 65/74/74
f 59/71/71 58/70/70 65/74/74 66/75/75
f 60/72/72 59/71/71 66/75/75 67/76/76
f 61/66/66 242/65/65 244/77/77 68/78/78
f 55/67/67 54/63/63 61/66/66 62/79/79
f 56/68/68 55/67/67 62/79/79 63/80/80
f 57/69/69 56/68/68 63/80/80 64/73/73
f 68/78/78 244/77/77 246/81/81 75/82/82
f 62/79/79 61/66/66 68/78/78 69/83/83
f 63/80/80 62/79/79 69/83/83 70/84/84
f 64/73/73 63/80/80 70/84/84 71/85/85
f 65/74/74 64/73/73 71/85/85 72/86/86
f 66/75/75 65/74/74 72/86/86 73/87/87
f 67/76/76 66/75/75 73/87/87 74/88/88
f 72/86/86 71/85/85 78/89/89 79/90/90
f 73/87/87 72/86/86 79/90/90 80/91/91
f 74/88/88 73/87/87 80/91/91 81/92/92
f 75/82/82 246/81/81 248/93/93 82/94/94
f 69/83/83 68/78/78 75/82/82 76/95/95
f 70/84/84 69/83/83 76/95/95 77/96/96
f 71/85/85 70/84/84 77/96/96 78/89/89
f 76/95/95 75/82/82 82/94/94 83/97/97
f 77/96/96 76/95/95 83/97/97 84/98/98
f 78/89/89 77/96/96 84/98/98 85/99/99
f 79/90/90 78/89/89 85/99/99 86/100/100
f 80/91/91 79/90/90 86/100/100 87/101/101
f 81/92/92 80/91/91 87/101/101 88/102/102
f 82/94/94 248/93/93 250/103/103 89/104/104
f 87/101/101 86/100/100 93/105/105 94/106/106
f 88/102/102 87/101/101 94/106/106 95/107/107
f 89/104/104 250/103/103 252/108/108 96/109/109
f 83/97/97 82/94/94 89/104/104 90/110/110
f 84/98/98 83/97/97 90/110/110 91/111/111
f 85/99/99 84/98/98 91/111/111 92/112/112
f 86/100/100 85/99/99 92/112/112 93/105/105
f 91/111/111 90/110/110 97/113/113 98/114/114
f 92/112/112 91/111/111 98/114/114 99/115/115
f 93/105/105 92/112/112 99/115/115 100/116/116
f 94/106/106 93/105/105 100/116/116 101/117/117
f 95/107/107 94/106/106 101/117/117 102/118/118
f 96/109/109 252/108/108 254/119/119 103/120/120
f 90/110/110 89/104/104 96/109/109 97/113/113
f 102/118/118 101/117/117 108/121/121 109/122/122
f 103/120/120 254/119/119 256/123/123 110/124/124
f 97/113/113 96/109/109 103/120/120 104/125/125
f 98/114/114 97/113/113 104/125/125 105/126/126
f 99/115/115 98/114/114 105/126/126 106/127/127
f 100/116/116 99/115/115 106/127/127 107/128/128
f 101/117/117 100/116/116 107/128/128 108/121/121
f 105/126/126 104/125/125 111/129/129 112/130/130
f 106/127/127 105/126/126 112/130/130 113/131/131
f 107/128/128 106/127/127 113/131/131 114/132/132
f 108/121/121 107/128/128 114/132/132 115/133/133
f 109/122/122 108/121/121 115/133/133 116/134/134
f 110/135/124 256/136/123 258/137/135 117/138/136
f 104/125/125 103/120/120 110/124/124 111/129/129
f 116/139/134 115/140/133 122/141/137 123/142/138
f 117/138/136 258/137/135 260/143/139 124/144/140
f 111/145/129 110/135/124 117/138/136 118/146/141
f 112/147/130 111/145/129 118/146/141 119/148/142
f 113/149/131 112/147/130 119/148/142 120/150/143
f 114/151/132 113/149/131 120/150/143 121/152/144
f 115/140/133 114/151/132 121/152/144 122/141/137
f 120/150/143 119/148/142 126/153/145 127/154/146
f 121/152/144 120/150/143 127/154/146 128/155/147
f 122/141/137 121/152/144 128/155/147 129/156/148
f 123/142/138 122/141/137 129/156/148 130/157/149
f 124/144/140 260/143/139 262/158/150 131/159/151
f 118/146/141 117/138/136 124/144/140 125/160/152
f 119/148/142 118/146/141 125/160/152 126/153/145
f 131/159/151 262/158/150 264/161/153 138/162/154
f 125/160/152 124/144/140 131/159/151 132/163/155
f 126/153/145 125/160/152 132/163/155 133/164/156
f 127/154/146 126/153/145 133/164/156 134/165/157
f 128/155/147 127/154/146 134/165/157 135/166/158
f 129/156/148 128/155/147 135/166/158 136/167/159
f 130/157/149 129/156/148 136/167/159 137/168/160
f 134/165/157 133/164/156 140/169/161 141/170/162
f 135/166/158 134/165/157 141/170/162 142/171/163
f 136/167/159 135/166/158 142/171/163 143/172/164
f 137/168/160 136/167/159 143/172/164 144/173/165
f 138/162/154 264/161/153 266/174/166 145/175/167
f 132/163/155 131/159/151 138/162/154 139/176/168
f 133/164/156 132/163/155 139/176/168 140/169/161
f 145/175/167 266/174/166 268/177/169 152/178/170
f 139/176/168 138/162/154 145/175/167 146/179/171
f 140/169/161 139/176/168 146/179/171 147/180/172
f 141/170/162 140/169/161 147/180/172 148/181/173
f 142/171/163 141/170/162 148/181/173 149/182/174
f 143/172/164 142/171/163 149/182/174 150/183/175
f 144/173/165 143/172/164 150/183/175 151/184/176
f 149/182/174 148/181/173 155/185/177 156/186/178
f 150/183/175 149/182/174 156/186/178 157/187/179
f 151/184/176 150/183/175 157/187/179 158/188/180
f 152/178/170 268/177/169 270/189/181 159/190/182
f 146/179/171 145/175/167 152/178/170 153/191/183
f 147/180/172 146/179/171 153/191/183 154/192/184
f 148/181/173 147/180/172 154/192/184 155/185/177
f 153/191/183 152/178/170 159/190/182 160/193/185
f 154/192/184 153/191/183 160/193/185 161/194/186
f 155/185/177 154/192/184 161/194/186 162/195/187
f 156/186/178 155/185/177 162/195/187 163/196/188
f 157/187/179 156/186/178 163/196/188 164/197/189
f 158/188/180 157/187/179 164/197/189 165/198/190
f 159/190/182 270/189/181 272/199/191 166/200/192
f 164/197/189 163/196/188 170/201/193 171/202/194
f 165/198/190 164/197/189 171/202/194 172/203/195
f 166/200/192 272/199/191 274/204/196 173/205/197
f 160/193/185 159/190/182 166/200/192 167/206/198
f 161/194/186 160/193/185 167/206/198 168/207/199
f 162/195/187 161/194/186 168/207/199 169/208/200
f 163/196/188 162/195/187 169/208/200 170/201/193
f 167/206/198 166/200/192 173/205/197 174/209/201
f 168/207/199 167/206/198 174/209/201 175/210/202
f 169/208/200 168/207/199 175/210/202 176/211/203
f 170/201/193 169/208/200 176/211/203 177/212/204
f 171/202/194 170/201/193 177/212/204 178/213/205
f 172/203/195 171/202/194 178/213/205 179/214/206
f 173/205/197 274/204/196 276/215/207 180/216/208
f 178/213/205 177/212/204 184/217/209 185/218/210
f 179/214/206 178/213/205 185/218/210 186/219/211
f 180/216/208 276/215/207 278/220/212 187/221/213
f 174/209/201 173/205/197 180/216/208 181/222/214
f 175/210/202 174/209/201 181/222/214 182/223/215
f 176/211/203 175/210/202 182/223/215 183/224/216
f 177/212/204 176/211/203 183/224/216 184/217/209
f 182/223/215 181/222/214 188/225/217 189/226/218
f 183/224/216 182/223/215 189/226/218 190/227/219
f 184/217/209 183/224/216 190/227/219 191/228/220
f 185/218/210 184/217/209 191/228/220 192/229/221
f 186/219/211 185/218/210 192/229/221 193/230/222
f 187/221/213 278/220/212 280/231/223 194/232/224
f 181/222/214 180/216/208 187/221/213 188/225/217
f 193/230/222 192/229/221 199/233/225 200/234/226
f 194/232/224 280/231/223 282/235/227 201/236/228
f 188/225/217 187/221/213 194/232/224 195/237/229
f 189/226/218 188/225/217 195/237/229 196/238/230
f 190/227/219 189/226/218 196/238/230 197/239/231
f 191/228/220 190/227/219 197/239/231 198/240/232
f 192/229/221 191/228/220 198/240/232 199/233/225
f 196/238/230 195/237/229 202/241/233 203/242/234
f 197/239/231 196/238/230 203/242/234 204/243/235
f 198/240/232 197/239/231 204/243/235 205/244/236
f 199/233/225 198/240/232 205/244/236 206/245/237
f 200/234/226 199/233/225 206/245/237 207/246/238
f 201/236/228 282/235/227 284/247/239 208/248/240
f 195/237/229 194/232/224 201/236/228 202/241/233
f 207/246/238 206/245/237 213/249/241 214/250/242
f 208/248/240 284/247/239 286/251/243 215/252/244
f 202/241/233 201/236/228 208/248/240 209/253/245
f 203/242/234 202/241/233 209/253/245 210/254/246
f 204/243/235 203/242/234 210/254/246 211/255/247
f 205/244/236 204/243/235 211/255/247 212/256/248
f 206/245/237 205/244/236 212/256/248 213/249/241
f 211/255/247 210/254/246 217/257/249 218/258/250
f 212/256/248 211/255/247 218/258/250 219/259/251
f 213/249/241 212/256/248 219/259/251 220/260/252
f 214/250/242 213/249/241 220/260/252 221/261/253
f 215/252/244 286/251/243 288/262/254 222/263/6
f 209/253/245 208/248/240 215/252/244 216/264/255
f 210/254/246 209/253/245 216/264/255 217/257/249
f 216/264/255 215/252/244 222/263/6 1/265/5
f 217/257/249 216/264/255 1/265/5 223/266/9
f 218/258/250 217/257/249 223/266/9 2/267/11
f 219/259/251 218/258/250 2/267/11 224/268/13
f 220/260/252 219/259/251 224/268/13 3/269/15
f 221/261/253 220/260/252 3/269/15 4/270/17
f 222/6/6 288/271/254 226/272/256 5/7/7
f 228/2/2 226/272/256 225/273/257 227/274/258
f 230/3/3 228/2/2 227/274/258 229/275/259
f 232/31/31 230/3/3 229/275/259 231/276/260
f 234/35/35 232/31/31 231/276/260 233/277/261
f 236/46/46 234/35/35 233/277/261 235/278/262
f 238/49/49 236/46/46 235/278/262 237/279/263
f 237/279/263 239/280/264 240/62/62 238/49/49
f 242/65/65 240/62/62 239/280/264 241/281/265
f 241/281/265 243/282/266 244/77/77 242/65/65
f 246/81/81 244/77/77 243/282/266 245/283/267
f 248/93/93 246/81/81 245/283/267 247/284/268
f 250/103/103 248/93/93 247/284/268 249/285/269
f 252/108/108 250/103/103 249/285/269 251/286/270
f 254/119/119 252/108/108 251/286/270 253/287/271
f 256/123/123 254/119/119 253/287/271 255/288/272
f 258/137/135 256/136/123 255/289/272 257/290/273
f 260/143/139 258/137/135 257/290/273 259/291/274
f 262/158/150 260/143/139 259/291/274 261/292/275
f 264/161/153 262/158/150 261/292/275 263/293/276
f 263/293/276 265/294/277 266/174/166 264/161/153
f 268/177/169 266/174/166 265/294/277 267/295/278
f 270/189/181 268/177/169 267/295/278 269/296/279
f 272/199/191 270/189/181 269/296/279 271/297/280
f 274/204/196 272/199/191 271/297/280 273/298/281
f 276/215/207 274/204/196 273/298/281 275/299/282
f 278/220/212 276/215/207 275/299/282 277/300/283
f 280/231/223 278/220/212 277/300/283 279/301/284
f 282/235/227 280/231/223 279/301/284 281/302/285
f 284/247/239 282/235/227 281/302/285 283/303/286
f 286/251/243 284/247/239 283/303/286 285/304/287
f 285/304/287 287/305/288 288/262/254 286/251/243
f 226/272/256 288/271/254 287/306/288 225/273/257
f 5/7/7 226/272/256 228/2/2 12/1/1
f 298/307/289 304/308/290 486/309/291 484/310/292
f 289/311/293 293/312/294 292/313/295 478/314/296
f 479/315/297 294/316/298 293/312/294 289/311/293
f 290/317/299 295/318/300 294/316/298 479/315/297
f 480/319/301 296/320/302 295/318/300 290/317/299
f 291/321/303 297/322/304 296/320/302 480/319/301
f 4/323/17 11/324/18 297/322/304 291/321/303
f 297/322/304 303/325/305 302/326/306 296/320/302
f 11/324/18 18/327/21 303/325/305 297/322/304
f 293/312/294 299/328/307 298/307/289 292/313/295
f 294/316/298 300/329/308 299/328/307 293/312/294
f 295/318/300 301/330/309 300/329/308 294/316/298
f 296/320/302 302/326/306 301/330/309 295/318/300
f 300/329/308 306/331/310 305/332/311 299/328/307
f 301/330/309 307/333/312 306/331/310 300/329/308
f 302/326/306 308/334/313 307/333/312 301/330/309
f 303/325/305 309/335/314 308/334/313 302/326/306
f 18/327/21 25/336/30 309/335/314 303/325/305
f 304/308/290 310/337/315 488/338/316 486/309/291
f 299/328/307 305/332/311 304/308/290 298/307/289
f 25/336/30 32/339/34 315/340/317 309/335/314
f 310/337/315 316/341/318 490/342/319 488/338/316
f 305/332/311 311/343/320 310/337/315 304/308/290
f 306/331/310 312/344/321 311/343/320 305/332/311
f 307/333/312 313/345/322 312/344/321 306/331/310
f 308/334/313 314/346/323 313/345/322 307/333/312
f 309/335/314 315/340/317 314/346/323 308/334/313
f 313/345/322 319/347/324 318/348/325 312/344/321
f 314/346/323 320/349/326 319/347/324 313/345/322
f 315/340/317 321/350/327 320/349/326 314/346/323
f 32/339/34 39/351/45 321/350/327 315/340/317
f 316/341/318 322/352/328 492/353/329 490/342/319
f 311/343/320 317/354/330 316/341/318 310/337/315
f 312/344/321 318/348/325 317/354/330 311/343/320
f 322/352/328 328/355/331 494/356/332 492/353/329
f 317/354/330 323/357/333 322/352/328 316/341/318
f 318/348/325 324/358/334 323/357/333 317/354/330
f 319/347/324 325/359/335 324/358/334 318/348/325
f 320/349/326 326/360/336 325/359/335 319/347/324
f 321/350/327 327/361/337 326/360/336 320/349/326
f 39/351/45 46/362/56 327/361/337 321/350/327
f 325/359/335 331/363/338 330/364/339 324/358/334
f 326/360/336 332/365/340 331/363/338 325/359/335
f 327/361/337 333/366/341 332/365/340 326/360/336
f 46/362/56 53/367/61 333/366/341 327/361/337
f 328/355/331 334/368/342 496/369/343 494/356/332
f 323/357/333 329/370/344 328/355/331 322/352/328
f 324/358/334 330/364/339 329/370/344 323/357/333
f 334/368/342 340/371/345 498/372/346 496/369/343
f 329/370/344 335/373/347 334/368/342 328/355/331
f 330/364/339 336/374/348 335/373/347 329/370/344
f 331/363/338 337/375/349 336/374/348 330/364/339
f 332/365/340 338/376/350 337/375/349 331/363/338
f 333/366/341 339/377/351 338/376/350 332/365/340
f 53/367/61 60/378/72 339/377/351 333/366/341
f 338/376/350 344/379/352 343/380/353 337/375/349
f 339/377/351 345/381/354 344/379/352 338/376/350
f 60/378/72 67/382/76 345/381/354 339/377/351
f 340/371/345 346/383/355 500/384/356 498/372/346
f 335/373/347 341/385/357 340/371/345 334/368/342
f 336/374/348 342/386/358 341/385/357 335/373/347
f 337/375/349 343/380/353 342/386/358 336/374/348
f 346/383/355 352/387/359 502/388/360 500/384/356
f 341/385/357 347/389/361 346/383/355 340/371/345
f 342/386/358 348/390/362 347/389/361 341/385/357
f 343/380/353 349/391/363 348/390/362 342/386/358
f 344/379/352 350/392/364 349/391/363 343/380/353
f 345/381/354 351/393/365 350/392/364 344/379/352
f 67/382/76 74/394/88 351/393/365 345/381/354
f 350/392/364 356/395/366 355/396/367 349/391/363
f 351/393/365 357/397/368 356/395/366 350/392/364
f 74/394/88 81/398/92 357/397/368 351/393/365
f 352/387/359 358/399/369 504/400/370 502/388/360
f 347/389/361 353/401/371 352/387/359 346/383/355
f 348/390/362 354/402/372 353/401/371 347/389/361
f 349/391/363 355/396/367 354/402/372 348/390/362
f 353/401/371 359/403/373 358/399/369 352/387/359
f 354/402/372 360/404/374 359/403/373 353/401/371
f 355/396/367 361/405/375 360/404/374 354/402/372
f 356/395/366 362/406/376 361/405/375 355/396/367
f 357/397/368 363/407/377 362/406/376 356/395/366
f 81/398/92 88/408/102 363/407/377 357/397/368
f 358/399/369 364/409/378 506/410/379 504/400/370
f 363/407/377 369/411/380 368/412/381 362/406/376
f 88/408/102 95/413/107 369/411/380 363/407/377
f 364/409/378 370/414/382 508/415/383 506/410/379
f 359/403/373 365/416/384 364/409/378 358/399/369
f 360/404/374 366/417/385 365/416/384 359/403/373
f 361/405/375 367/418/386 366/417/385 360/404/374
f 362/406/376 368/412/381 367/418/386 361/405/375
f 366/417/385 372/419/387 371/420/388 365/416/384
f 367/418/386 373/421/389 372/419/387 366/417/385
f 368/412/381 374/422/390 373/421/389 367/418/386
f 369/411/380 375/423/391 374/422/390 368/412/381
f 95/413/107 102/424/118 375/423/391 369/411/380
f 370/414/382 376/425/392 510/426/393 508/415/383
f 365/416/384 371/420/388 370/414/382 364/409/378
f 102/424/118 109/427/122 381/428/394 375/423/391
f 376/425/392 382/429/395 512/430/396 510/426/393
f 371/420/388 377/431/397 376/425/392 370/414/382
f 372/419/387 378/432/398 377/431/397 371/420/388
f 373/421/389 379/433/399 378/432/398 372/419/387
f 374/422/390 380/434/400 379/433/399 373/421/389
f 375/423/391 381/428/394 380/434/400 374/422/390
f 378/432/398 384/435/401 383/436/402 377/431/397
f 379/433/399 385/437/403 384/435/401 378/432/398
f 380/434/400 386/438/404 385/437/403 379/433/399
f 381/428/394 387/439/405 386/438/404 380/434/400
f 109/427/122 116/440/134 387/439/405 381/428/394
f 382/441/395 388/442/406 514/443/407 512/444/396
f 377/431/397 383/436/402 382/429/395 376/425/392
f 116/445/134 123/446/138 393/447/408 387/448/405
f 388/442/406 394/449/409 516/450/410 514/443/407
f 383/451/402 389/452/411 388/442/406 382/441/395
f 384/453/401 390/454/412 389/452/411 383/451/402
f 385/455/403 391/456/413 390/454/412 384/453/401
f 386/457/404 392/458/414 391/456/413 385/455/403
f 387/448/405 393/447/408 392/458/414 386/457/404
f 391/456/413 397/459/415 396/460/416 390/454/412
f 392/458/414 398/461/417 397/459/415 391/456/413
f 393/447/408 399/462/418 398/461/417 392/458/414
f 123/446/138 130/463/149 399/462/418 393/447/408
f 394/449/409 400/464/419 518/465/420 516/450/410
f 389/452/411 395/466/421 394/449/409 388/442/406
f 390/454/412 396/460/416 395/466/421 389/452/411
f 400/464/419 406/467/422 520/468/423 518/465/420
f 395/466/421 401/469/424 400/464/419 394/449/409
f 396/460/416 402/470/425 401/469/424 395/466/421
f 397/459/415 403/471/426 402/470/425 396/460/416
f 398/461/417 404/472/427 403/471/426 397/459/415
f 399/462/418 405/473/428 404/472/427 398/461/417
f 130/463/149 137/474/160 405/473/428 399/462/418
f 403/471/426 409/475/429 408/476/430 402/470/425
f 404/472/427 410/477/431 409/475/429 403/471/426
f 405/473/428 411/478/432 410/477/431 404/472/427
f 137/474/160 144/479/165 411/478/432 405/473/428
f 406/467/422 412/480/433 522/481/434 520/468/423
f 401/469/424 407/482/435 406/467/422 400/464/419
f 402/470/425 408/476/430 407/482/435 401/469/424
f 412/480/433 418/483/436 524/484/437 522/481/434
f 407/482/435 413/485/438 412/480/433 406/467/422
f 408/476/430 414/486/439 413/485/438 407/482/435
f 409/475/429 415/487/440 414/486/439 408/476/430
f 410/477/431 416/488/441 415/487/440 409/475/429
f 411/478/432 417/489/442 416/488/441 410/477/431
f 144/479/165 151/490/176 417/489/442 411/478/432
f 416/488/441 422/491/443 421/492/444 415/487/440
f 417/489/442 423/493/445 422/491/443 416/488/441
f 151/490/176 158/494/180 423/493/445 417/489/442
f 418/483/436 424/495/446 526/496/447 524/484/437
f 413/485/438 419/497/448 418/483/436 412/480/433
f 414/486/439 420/498/449 419/497/448 413/485/438
f 415/487/440 421/492/444 420/498/449 414/486/439
f 419/497/448 425/499/450 424/495/446 418/483/436
f 420/498/449 426/500/451 425/499/450 419/497/448
f 421/492/444 427/501/452 426/500/451 420/498/449
f 422/491/443 428/502/453 427/501/452 421/492/444
f 423/493/445 429/503/454 428/502/453 422/491/443
f 158/494/180 165/504/190 429/503/454 423/493/445
f 424/495/446 430/505/455 528/506/456 526/496/447
f 429/503/454 435/507/457 434/508/458 428/502/453
f 165/504/190 172/509/195 435/507/457 429/503/454
f 430/505/455 436/510/459 530/511/460 528/506/456
f 425/499/450 431/512/461 430/505/455 424/495/446
f 426/500/451 432/513/462 431/512/461 425/499/450
f 427/501/452 433/514/463 432/513/462 426/500/451
f 428/502/453 434/508/458 433/514/463 427/501/452
f 431/512/461 437/515/464 436/510/459 430/505/455
f 432/513/462 438/516/465 437/515/464 431/512/461
f 433/514/463 439/517/466 438/516/465 432/513/462
f 434/508/458 440/518/467 439/517/466 433/514/463
f 435/507/457 441/519/468 440/518/467 434/508/458
f 172/509/195 179/520/206 441/519/468 435/507/457
f 436/510/459 442/521/469 532/522/470 530/511/460
f 441/519/468 447/523/471 446/524/472 440/518/467
f 179/520/206 186/525/211 447/523/471 441/519/468
f 442/521/469 448/526/473 534/527/474 532/522/470
f 437/515/464 443/528/475 442/521/469 436/510/459
f 438/516/465 444/529/476 443/528/475 437/515/464
f 439/517/466 445/530/477 444/529/476 438/516/465
f 440/518/467 446/524/472 445/530/477 439/517/466
f 444/529/476 450/531/478 449/532/479 443/528/475
f 445/530/477 451/533/480 450/531/478 444/529/476
f 446/524/472 452/534/481 451/533/480 445/530/477
f 447/523/471 453/535/482 452/534/481 446/524/472
f 186/525/211 193/536/222 453/535/482 447/523/471
f 448/526/473 454/537/483 536/538/484 534/527/474
f 443/528/475 449/532/479 448/526/473 442/521/469
f 193/536/222 200/539/226 459/540/485 453/535/482
f 454/537/483 460/541/486 538/542/487 536/538/484
f 449/532/479 455/543/488 454/537/483 448/526/473
f 450/531/478 456/544/489 455/543/488 449/532/479
f 451/533/480 457/545/490 456/544/489 450/531/478
f 452/534/481 458/546/491 457/545/490 451/533/480
f 453/535/482 459/540/485 458/546/491 452/534/481
f 456/544/489 462/547/492 461/548/493 455/543/488
f 457/545/490 463/549/494 462/547/492 456/544/489
f 458/546/491 464/550/495 463/549/494 457/545/490
f 459/540/485 465/551/496 464/550/495 458/546/491
f 200/539/226 207/552/238 465/551/496 459/540/485
f 460/541/486 466/553/497 540/554/498 538/542/487
f 455/543/488 461/548/493 460/541/486 454/537/483
f 207/552/238 214/555/242 471/556/499 465/551/496
f 466/553/497 472/557/500 542/558/501 540/554/498
f 461/548/493 467/559/502 466/553/497 460/541/486
f 462/547/492 468/560/503 467/559/502 461/548/493
f 463/549/494 469/561/504 468/560/503 462/547/492
f 464/550/495 470/562/505 469/561/504 463/549/494
f 465/551/496 471/556/499 470/562/505 464/550/495
f 469/561/504 475/563/506 474/564/507 468/560/503
f 470/562/505 476/565/508 475/563/506 469/561/504
f 471/556/499 477/566/509 476/565/508 470/562/505
f 214/555/242 221/567/253 477/566/509 471/556/499
f 472/557/500 478/568/296 544/569/510 542/558/501
f 467/559/502 473/570/511 472/557/500 466/553/497
f 468/560/503 474/564/507 473/570/511 467/559/502
f 473/570/511 289/571/293 478/568/296 472/557/500
f 474/564/507 479/572/297 289/571/293 473/570/511
f 475/563/506 290/573/299 479/572/297 474/564/507
f 476/565/508 480/574/301 290/573/299 475/563/506
f 477/566/509 291/575/303 480/574/301 476/565/508
f 221/567/253 4/576/17 291/575/303 477/566/509
f 478/314/296 292/313/295 482/577/512 544/578/510
f 484/310/292 483/579/513 481/580/514 482/577/512
f 486/309/291 485/581/515 483/579/513 484/310/292
f 488/338/316 487/582/516 485/581/515 486/309/291
f 490/342/319 489/583/517 487/582/516 488/338/316
f 492/353/329 491/584/518 489/583/517 490/342/319
f 494/356/332 493/585/519 491/584/518 492/353/329
f 493/585/519 494/356/332 496/369/343 495/586/520
f 498/372/346 497/587/521 495/586/520 496/369/343
f 497/587/521 498/372/346 500/384/356 499/588/522
f 502/388/360 501/589/523 499/588/522 500/384/356
f 504/400/370 503/590/524 501/589/523 502/388/360
f 506/410/379 505/591/525 503/590/524 504/400/370
f 508/415/383 507/592/526 505/591/525 506/410/379
f 510/426/393 509/593/527 507/592/526 508/415/383
f 512/430/396 511/594/528 509/593/527 510/426/393
f 514/443/407 513/595/529 511/596/528 512/444/396
f 516/450/410 515/597/530 513/595/529 514/443/407
f 518/465/420 517/598/531 515/597/530 516/450/410
f 520/468/423 519/599/532 517/598/531 518/465/420
f 519/599/532 520/468/423 522/481/434 521/600/533
f 524/484/437 523/601/534 521/600/533 522/481/434
f 526/496/447 525/602/535 523/601/534 524/484/437
f 528/506/456 527/603/536 525/602/535 526/496/447
f 530/511/460 529/604/537 527/603/536 528/506/456
f 532/522/470 531/605/538 529/604/537 530/511/460
f 534/527/474 533/606/539 531/605/538 532/522/470
f 536/538/484 535/607/540 533/606/539 534/527/474
f 538/542/487 537/608/541 535/607/540 536/538/484
f 540/554/498 539/609/542 537/608/541 538/542/487
f 542/558/501 541/610/543 539/609/542 540/554/498
f 541/610/543 542/558/501 544/569/510 543/611/544
f 482/577/512 481/580/514 543/612/544 544/578/510
f 292/313/295 298/307/289 484/310/292 482/577/512
f 667/613/545 607/614/546 613/615/547 668/616/548
f 546/617/549 547/618/549 612/619/550 606/620/551
f 547/618/549 548/621/549 615/622/552 612/619/550
f 548/621/549 549/623/549 618/624/553 615/622/552
f 549/623/549 550/625/549 621/626/554 618/624/553
f 550/625/549 551/627/549 624/628/555 621/626/554
f 551/627/549 552/629/556 627/630/557 624/628/555
f 552/629/556 553/631/556 630/632/558 627/630/557
f 553/631/556 554/633/556 633/634/559 630/632/558
f 554/633/556 555/635/556 636/636/560 633/634/559
f 555/635/556 556/637/549 639/638/561 636/636/560
f 556/637/549 557/639/549 642/640/562 639/638/561
f 557/639/549 558/641/549 645/642/563 642/640/562
f 558/641/549 559/643/549 648/644/564 645/642/563
f 559/643/549 560/645/549 651/646/565 648/644/564
f 560/645/549 561/647/549 654/648/566 651/646/565
f 561/647/549 562/649/549 657/650/567 654/648/566
f 562/649/549 563/651/549 660/652/568 657/650/567
f 598/653/569 599/654/569 575/655/569 573/656/569
f 563/651/549 564/657/556 663/658/570 660/652/568
f 564/657/556 545/659/549 610/660/571 663/658/570
f 666/661/572 609/662/573 607/614/546 667/613/545
f 669/663/574 664/664/575 609/662/573 666/661/572
f 670/665/576 616/666/577 619/667/578 671/668/579
f 671/668/579 619/667/578 622/669/580 672/670/581
f 672/671/581 622/672/580 625/673/582 673/674/583
f 673/674/583 625/673/582 628/675/584 674/676/585
f 674/676/585 628/675/584 631/677/586 675/678/587
f 675/678/587 631/677/586 634/679/588 676/680/589
f 676/680/589 634/679/588 637/681/590 677/682/591
f 677/682/591 637/681/590 640/683/592 678/684/593
f 678/684/593 640/683/592 643/685/594 679/686/595
f 679/686/595 643/685/594 646/687/596 680/688/597
f 680/688/597 646/687/596 649/689/598 681/690/599
f 681/690/599 649/689/598 652/691/600 682/692/601
f 682/692/601 652/691/600 655/693/602 683/694/603
f 683/694/603 655/693/602 658/695/604 684/696/605
f 684/696/605 658/695/604 661/697/606 685/698/607
f 685/698/607 661/697/606 664/664/575 669/663/574
f 668/616/548 613/615/547 616/666/577 670/665/576
f 565/699/549 806/700/608 809/701/609
f 565/699/549 815/702/610 818/703/611
f 591/704/569 592/705/569 576/706/569 574/707/569
f 605/708/569 604/709/569 566/710/569 583/711/569
f 599/654/569 600/712/569 578/713/569 575/655/569
f 604/709/569 602/714/569 577/715/569 566/710/569
f 592/705/569 593/716/569 580/717/569 576/706/569
f 594/718/569 595/719/569 567/720/569 581/721/569
f 570/722/601 572/723/599 781/724/612 778/725/613
f 576/726/595 580/727/593 790/728/614 787/729/615
f 567/730/589 569/731/587 799/732/616 796/733/617
f 587/734/569 588/735/569 568/736/569 585/737/569
f 573/738/618 575/739/581 808/740/619 805/741/620
f 579/742/576 582/743/548 817/744/621 814/745/622
f 602/714/569 586/746/569 584/747/569 577/715/569
f 595/719/569 596/748/569 569/749/569 567/720/569
f 600/712/569 601/750/569 579/751/569 578/713/569
f 593/716/569 594/718/569 581/721/569 580/717/569
f 596/748/569 597/752/569 571/753/569 569/749/569
f 603/754/569 605/708/569 583/711/569 582/755/569
f 585/756/605 568/757/623 775/758/624 772/759/625
f 572/723/599 574/760/597 784/761/626 781/724/612
f 580/727/593 581/762/591 793/763/627 790/728/614
f 583/764/545 566/765/572 821/766/628 823/767/629
f 569/731/587 571/768/585 802/769/630 799/732/616
f 586/746/569 587/734/569 585/737/569 584/747/569
f 575/739/581 578/770/579 811/771/631 808/740/619
f 565/699/549 767/772/632 770/773/633
f 582/743/548 583/764/545 823/767/629 817/744/621
f 589/774/569 590/775/569 572/776/569 570/777/569
f 597/752/569 598/653/569 573/656/569 571/753/569
f 590/775/569 591/704/569 574/707/569 572/776/569
f 601/750/569 603/754/569 582/755/569 579/751/569
f 584/778/607 585/756/605 772/759/625 769/779/634
f 565/699/549 779/780/635 782/781/636
f 565/699/549 788/782/637 791/783/638
f 565/699/549 797/784/639 800/785/640
f 565/699/549 820/786/641 767/772/632
f 565/699/549 791/783/638 794/787/642
f 568/757/623 570/722/601 778/725/613 775/758/624
f 565/699/549 794/787/642 797/784/639
f 565/699/549 773/788/643 776/789/644
f 571/768/585 573/738/618 805/741/620 802/769/630
f 565/699/549 776/789/644 779/780/635
f 565/699/549 800/785/640 803/790/645
f 574/760/597 576/726/595 787/729/615 784/761/626
f 565/699/549 812/791/646 815/702/610
f 565/699/549 803/790/645 806/700/608
f 565/699/549 782/781/636 785/792/647
f 578/770/579 579/742/576 814/745/622 811/771/631
f 565/699/549 785/792/647 788/782/637
f 566/765/572 577/793/574 766/794/648 821/766/628
f 565/699/549 809/701/609 812/791/646
f 581/762/591 567/730/589 796/733/617 793/763/627
f 565/699/549 818/703/611 824/795/649
f 565/699/549 770/773/633 773/788/643
f 563/796/607 562/797/605 587/798/605 586/799/607
f 547/800/548 546/801/545 605/802/545 603/803/548
f 556/804/593 555/805/591 594/806/591 593/807/593
f 549/808/579 548/809/576 601/810/576 600/811/579
f 564/812/574 563/796/607 586/799/607 602/813/574
f 557/814/595 556/804/593 593/807/593 592/815/595
f 550/816/581 549/808/579 600/811/579 599/817/581
f 558/818/597 557/814/595 592/815/595 591/819/597
f 551/820/583 550/821/581 599/822/581 598/823/583
f 548/809/576 547/800/548 603/803/548 601/810/576
f 559/824/599 558/818/597 591/819/597 590/825/599
f 552/826/585 551/820/583 598/823/583 597/827/585
f 560/828/601 559/824/599 590/825/599 589/829/601
f 553/830/587 552/826/585 597/827/585 596/831/587
f 561/832/623 560/828/601 589/829/601 588/833/623
f 554/834/589 553/830/587 596/831/587 595/835/589
f 562/797/605 561/832/623 588/833/623 587/798/605
f 555/805/591 554/834/589 595/835/589 594/806/591
f 545/836/572 564/812/574 602/813/574 604/837/572
f 546/801/545 545/836/572 604/837/572 605/802/545
f 588/735/569 589/774/569 570/777/569 568/736/569
f 607/838/546 609/839/573 611/840/650 608/841/651
f 608/841/651 611/840/650 610/660/571 606/620/551
f 613/842/547 607/838/546 608/841/651 614/843/652
f 614/843/652 608/841/651 606/620/551 612/619/550
f 616/844/577 613/842/547 614/843/652 617/845/653
f 617/845/653 614/843/652 612/619/550 615/622/552
f 619/846/578 616/844/577 617/845/653 620/847/654
f 620/847/654 617/845/653 615/622/552 618/624/553
f 622/848/580 619/846/578 620/847/654 623/849/655
f 623/849/655 620/847/654 618/624/553 621/626/554
f 625/850/582 622/848/580 623/849/655 626/851/656
f 626/851/656 623/849/655 621/626/554 624/628/555
f 628/852/584 625/850/582 626/851/656 629/853/657
f 629/853/657 626/851/656 624/628/555 627/630/557
f 631/854/586 628/852/584 629/853/657 632/855/658
f 632/855/658 629/853/657 627/630/557 630/632/558
f 634/856/588 631/854/586 632/855/658 635/857/659
f 635/857/659 632/855/658 630/632/558 633/634/559
f 637/858/590 634/856/588 635/857/659 638/859/660
f 638/859/660 635/857/659 633/634/559 636/636/560
f 640/860/592 637/858/590 638/859/660 641/861/661
f 641/861/661 638/859/660 636/636/560 639/638/561
f 643/862/594 640/860/592 641/861/661 644/863/662
f 644/863/662 641/861/661 639/638/561 642/640/562
f 646/864/596 643/862/594 644/863/662 647/865/663
f 647/865/663 644/863/662 642/640/562 645/642/563
f 649/866/598 646/864/596 647/865/663 650/867/664
f 650/867/664 647/865/663 645/642/563 648/644/564
f 652/868/600 649/866/598 650/867/664 653/869/665
f 653/869/665 650/867/664 648/644/564 651/646/565
f 655/870/602 652/868/600 653/869/665 656/871/666
f 656/871/666 653/869/665 651/646/565 654/648/566
f 658/872/604 655/870/602 656/871/666 659/873/667
f 659/873/667 656/871/666 654/648/566 657/650/567
f 661/874/606 658/872/604 659/873/667 662/875/668
f 662/875/668 659/873/667 657/650/567 660/652/568
f 664/876/575 661/874/606 662/875/668 665/877/669
f 665/877/669 662/875/668 660/652/568 663/658/570
f 609/839/573 664/876/575 665/877/669 611/840/650
f 611/840/650 665/877/669 663/658/570 610/660/571
f 545/659/549 546/617/549 606/620/551 610/660/571
f 668/878/549 670/879/549 712/880/670 710/881/550
f 683/882/549 684/883/549 755/884/567 752/885/566
f 705/886/574 764/887/575 761/888/573 686/889/572
f 702/890/623 751/891/602 754/892/671 703/893/605
f 689/894/576 713/895/577 715/896/578 690/897/579
f 703/893/605 754/892/671 757/898/606 704/899/607
f 690/897/579 715/896/578 718/900/580 691/901/581
f 704/899/607 757/898/606 764/887/575 705/886/574
f 691/902/581 718/903/580 721/904/582 692/905/583
f 688/906/548 709/907/547 713/895/577 689/894/576
f 692/905/583 721/904/582 724/908/584 693/909/585
f 670/879/549 671/910/549 716/911/553 712/880/670
f 669/912/549 666/913/549 760/914/571 763/915/570
f 685/916/549 669/912/549 763/915/570 758/917/568
f 684/883/549 685/916/549 758/917/568 755/884/567
f 682/918/549 683/882/549 752/885/566 749/919/565
f 681/920/549 682/918/549 749/919/565 746/921/564
f 680/922/549 681/920/549 746/921/564 743/923/563
f 679/924/549 680/922/549 743/923/563 740/925/562
f 678/926/549 679/924/549 740/925/562 737/927/561
f 677/928/549 678/926/549 737/927/561 734/929/560
f 676/930/549 677/928/549 734/929/560 731/931/559
f 675/932/549 676/930/549 731/931/559 728/933/558
f 694/934/587 727/935/586 730/936/588 695/937/589
f 674/938/549 675/932/549 728/933/558 725/939/557
f 673/940/549 674/938/549 725/939/557 722/941/555
f 672/942/549 673/940/549 722/941/555 719/943/554
f 671/910/549 672/942/549 719/943/554 716/911/553
f 666/913/549 667/944/549 706/945/551 760/914/571
f 667/944/549 668/878/549 710/881/550 706/945/551
f 701/946/601 748/947/600 751/891/602 702/890/623
f 686/889/572 761/888/573 707/948/546 687/949/545
f 700/950/599 745/951/598 748/947/600 701/946/601
f 699/952/597 742/953/596 745/951/598 700/950/599
f 698/954/595 739/955/594 742/953/596 699/952/597
f 697/956/593 736/957/672 739/955/594 698/954/595
f 696/958/591 733/959/590 736/957/672 697/956/593
f 695/937/589 730/936/588 733/959/590 696/958/591
f 693/909/585 724/908/584 727/935/586 694/934/587
f 710/881/550 712/880/670 714/960/653 711/961/652
f 711/961/652 714/960/653 713/962/577 709/963/547
f 758/917/568 763/915/570 765/964/669 759/965/668
f 759/965/668 765/964/669 764/966/575 757/967/606
f 755/884/567 758/917/568 759/965/668 756/968/667
f 756/968/667 759/965/668 757/967/606 754/969/671
f 752/885/566 755/884/567 756/968/667 753/970/666
f 753/970/666 756/968/667 754/969/671 751/971/602
f 749/919/565 752/885/566 753/970/666 750/972/665
f 750/972/665 753/970/666 751/971/602 748/973/600
f 746/921/564 749/919/565 750/972/665 747/974/664
f 747/974/664 750/972/665 748/973/600 745/975/598
f 743/923/563 746/921/564 747/974/664 744/976/663
f 744/976/663 747/974/664 745/975/598 742/977/596
f 740/925/562 743/923/563 744/976/663 741/978/662
f 741/978/662 744/976/663 742/977/596 739/979/594
f 737/927/561 740/925/562 741/978/662 738/980/661
f 738/980/661 741/978/662 739/979/594 736/981/672
f 734/929/560 737/927/561 738/980/661 735/982/660
f 735/982/660 738/980/661 736/981/672 733/983/590
f 731/931/559 734/929/560 735/982/660 732/984/659
f 732/984/659 735/982/660 733/983/590 730/985/588
f 728/933/558 731/931/559 732/984/659 729/986/658
f 729/986/658 732/984/659 730/985/588 727/987/586
f 725/939/557 728/933/558 729/986/658 726/988/657
f 726/988/657 729/986/658 727/987/586 724/989/584
f 722/941/555 725/939/557 726/988/657 723/990/656
f 723/990/656 726/988/657 724/989/584 721/991/582
f 719/943/554 722/941/555 723/990/656 720/992/655
f 720/992/655 723/990/656 721/991/582 718/993/580
f 716/911/553 719/943/554 720/992/655 717/994/654
f 717/994/654 720/992/655 718/993/580 715/995/578
f 712/880/670 716/911/553 717/994/654 714/960/653
f 714/960/653 717/994/654 715/995/578 713/962/577
f 763/915/570 760/914/571 762/996/650 765/964/669
f 765/964/669 762/996/650 761/997/573 764/966/575
f 760/914/571 706/945/551 708/998/651 762/996/650
f 762/996/650 708/998/651 707/999/546 761/997/573
f 706/945/551 710/881/550 711/961/652 708/998/651
f 708/998/651 711/961/652 709/963/547 707/999/546
f 687/949/545 707/948/546 709/907/547 688/906/548
f 821/766/628 766/794/648 768/1000/673 822/1001/674
f 822/1001/674 768/1000/673 767/772/632 820/786/641
f 766/794/648 769/779/634 771/1002/675 768/1000/673
f 768/1000/673 771/1002/675 770/773/633 767/772/632
f 769/779/634 772/759/625 774/1003/676 771/1002/675
f 771/1002/675 774/1003/676 773/788/643 770/773/633
f 772/759/625 775/758/624 777/1004/677 774/1003/676
f 774/1003/676 777/1004/677 776/789/644 773/788/643
f 775/758/624 778/725/613 780/1005/678 777/1004/677
f 777/1004/677 780/1005/678 779/780/635 776/789/644
f 778/725/613 781/724/612 783/1006/679 780/1005/678
f 780/1005/678 783/1006/679 782/781/636 779/780/635
f 781/724/612 784/761/626 786/1007/680 783/1006/679
f 783/1006/679 786/1007/680 785/792/647 782/781/636
f 784/761/626 787/729/615 789/1008/681 786/1007/680
f 786/1007/680 789/1008/681 788/782/637 785/792/647
f 787/729/615 790/728/614 792/1009/682 789/1008/681
f 789/1008/681 792/1009/682 791/783/638 788/782/637
f 790/728/614 793/763/627 795/1010/683 792/1009/682
f 792/1009/682 795/1010/683 794/787/642 791/783/638
f 793/763/627 796/733/617 798/1011/684 795/1010/683
f 795/1010/683 798/1011/684 797/784/639 794/787/642
f 796/733/617 799/732/616 801/1012/685 798/1011/684
f 798/1011/684 801/1012/685 800/785/640 797/784/639
f 799/732/616 802/769/630 804/1013/686 801/1012/685
f 801/1012/685 804/1013/686 803/790/645 800/785/640
f 802/769/630 805/741/620 807/1014/687 804/1013/686
f 804/1013/686 807/1014/687 806/700/608 803/790/645
f 805/741/620 808/740/619 810/1015/688 807/1014/687
f 807/1014/687 810/1015/688 809/701/609 806/700/608
f 808/740/619 811/771/631 813/1016/689 810/1015/688
f 810/1015/688 813/1016/689 812/791/646 809/701/609
f 811/771/631 814/745/622 816/1017/690 813/1016/689
f 813/1016/689 816/1017/690 815/702/610 812/791/646
f 814/745/622 817/744/621 819/1018/691 816/1017/690
f 816/1017/690 819/1018/691 818/703/611 815/702/610
f 817/744/621 823/767/629 825/1019/692 819/1018/691
f 819/1018/691 825/1019/692 824/795/649 818/703/611
f 823/767/629 821/766/628 822/1001/674 825/1019/692
f 825/1019/692 822/1001/674 820/786/641 824/795/649
f 577/793/574 584/778/607 769/779/634 766/794/648
f 565/699/549 824/795/649 820/786/641
f 948/1020/693 949/1021/694 894/1022/695 888/1023/696
f 827/1024/697 887/1025/698 893/1026/699 828/1027/697
f 828/1027/697 893/1026/699 896/1028/700 829/1029/697
f 829/1029/697 896/1028/700 899/1030/701 830/1031/697
f 830/1031/697 899/1030/701 902/1032/702 831/1033/697
f 831/1033/697 902/1032/702 905/1034/703 832/1035/704
f 832/1035/704 905/1034/703 908/1036/705 833/1037/704
f 833/1037/704 908/1036/705 911/1038/706 834/1039/704
f 834/1039/704 911/1038/706 914/1040/707 835/1041/704
f 835/1041/704 914/1040/707 917/1042/708 836/1043/704
f 836/1043/704 917/1042/708 920/1044/709 837/1045/697
f 837/1045/697 920/1044/709 923/1046/710 838/1047/697
f 838/1047/697 923/1046/710 926/1048/711 839/1049/697
f 839/1049/697 926/1048/711 929/1050/712 840/1051/697
f 840/1051/697 929/1050/712 932/1052/713 841/1053/697
f 841/1053/697 932/1052/713 935/1054/714 842/1055/697
f 842/1055/697 935/1054/714 938/1056/715 843/1057/697
f 843/1057/697 938/1056/715 941/1058/716 844/1059/697
f 879/1060/717 854/1061/717 856/1062/717 880/1063/717
f 844/1059/697 941/1058/716 944/1064/718 845/1065/704
f 845/1065/704 944/1064/718 891/1066/719 826/1067/697
f 947/1068/720 948/1020/693 888/1023/696 890/1069/721
f 950/1070/722 947/1068/720 890/1069/721 945/1071/723
f 951/1072/724 952/1073/725 900/1074/726 897/1075/727
f 952/1073/725 953/1076/728 903/1077/729 900/1074/726
f 953/1078/728 954/1079/730 906/1080/731 903/1081/729
f 954/1079/730 955/1082/732 909/1083/733 906/1080/731
f 955/1082/732 956/1084/734 912/1085/735 909/1083/733
f 956/1084/734 957/1086/736 915/1087/737 912/1085/735
f 957/1086/736 958/1088/738 918/1089/739 915/1087/737
f 958/1088/738 959/1090/740 921/1091/741 918/1089/739
f 959/1090/740 960/1092/742 924/1093/743 921/1091/741
f 960/1092/742 961/1094/744 927/1095/745 924/1093/743
f 961/1094/744 962/1096/746 930/1097/747 927/1095/745
f 962/1096/746 963/1098/748 933/1099/749 930/1097/747
f 963/1098/748 964/1100/750 936/1101/751 933/1099/749
f 964/1100/750 965/1102/752 939/1103/753 936/1101/751
f 965/1102/752 966/1104/754 942/1105/755 939/1103/753
f 966/1104/754 950/1070/722 945/1071/723 942/1105/755
f 949/1021/694 951/1072/724 897/1075/727 894/1022/695
f 846/1106/697 1090/1107/756 1087/1108/757
f 846/1106/697 1099/1109/758 1096/1110/759
f 872/1111/717 855/1112/717 857/1113/717 873/1114/717
f 886/1115/717 864/1116/717 847/1117/717 885/1118/717
f 880/1063/717 856/1062/717 859/1119/717 881/1120/717
f 885/1118/717 847/1117/717 858/1121/717 883/1122/717
f 873/1114/717 857/1113/717 861/1123/717 874/1124/717
f 875/1125/717 862/1126/717 848/1127/717 876/1128/717
f 851/1129/748 1059/1130/760 1062/1131/761 853/1132/746
f 857/1133/742 1068/1134/762 1071/1135/763 861/1136/740
f 848/1137/736 1077/1138/764 1080/1139/765 850/1140/734
f 868/1141/717 866/1142/717 849/1143/717 869/1144/717
f 854/1145/766 1086/1146/767 1089/1147/768 856/1148/728
f 860/1149/724 1095/1150/769 1098/1151/770 863/1152/694
f 883/1122/717 858/1121/717 865/1153/717 867/1154/717
f 876/1128/717 848/1127/717 850/1155/717 877/1156/717
f 881/1120/717 859/1119/717 860/1157/717 882/1158/717
f 874/1124/717 861/1123/717 862/1126/717 875/1125/717
f 877/1156/717 850/1155/717 852/1159/717 878/1160/717
f 884/1161/717 863/1162/717 864/1116/717 886/1115/717
f 866/1163/752 1053/1164/771 1056/1165/772 849/1166/773
f 853/1132/746 1062/1131/761 1065/1167/774 855/1168/744
f 861/1136/740 1071/1135/763 1074/1169/775 862/1170/738
f 864/1171/693 1104/1172/776 1102/1173/777 847/1174/720
f 850/1140/734 1080/1139/765 1083/1175/778 852/1176/732
f 867/1154/717 865/1153/717 866/1142/717 868/1141/717
f 856/1148/728 1089/1147/768 1092/1177/779 859/1178/725
f 846/1106/697 1051/1179/780 1048/1180/781
f 863/1152/694 1098/1151/770 1104/1172/776 864/1171/693
f 870/1181/717 851/1182/717 853/1183/717 871/1184/717
f 878/1160/717 852/1159/717 854/1061/717 879/1060/717
f 871/1184/717 853/1183/717 855/1112/717 872/1111/717
f 882/1158/717 860/1157/717 863/1162/717 884/1161/717
f 865/1185/754 1050/1186/782 1053/1164/771 866/1163/752
f 846/1106/697 1063/1187/783 1060/1188/784
f 846/1106/697 1072/1189/785 1069/1190/786
f 846/1106/697 1081/1191/787 1078/1192/788
f 846/1106/697 1048/1180/781 1101/1193/789
f 846/1106/697 1075/1194/790 1072/1189/785
f 849/1166/773 1056/1165/772 1059/1130/760 851/1129/748
f 846/1106/697 1078/1192/788 1075/1194/790
f 846/1106/697 1057/1195/791 1054/1196/792
f 852/1176/732 1083/1175/778 1086/1146/767 854/1145/766
f 846/1106/697 1060/1188/784 1057/1195/791
f 846/1106/697 1084/1197/793 1081/1191/787
f 855/1168/744 1065/1167/774 1068/1134/762 857/1133/742
f 846/1106/697 1096/1110/759 1093/1198/794
f 846/1106/697 1087/1108/757 1084/1197/793
f 846/1106/697 1066/1199/795 1063/1187/783
f 859/1178/725 1092/1177/779 1095/1150/769 860/1149/724
f 846/1106/697 1069/1190/786 1066/1199/795
f 847/1174/720 1102/1173/777 1047/1200/796 858/1201/722
f 846/1106/697 1093/1198/794 1090/1107/756
f 862/1170/738 1074/1169/775 1077/1138/764 848/1137/736
f 846/1106/697 1105/1202/797 1099/1109/758
f 846/1106/697 1054/1196/792 1051/1179/780
f 844/1203/754 867/1204/754 868/1205/752 843/1206/752
f 828/1207/694 884/1208/694 886/1209/693 827/1210/693
f 837/1211/740 874/1212/740 875/1213/738 836/1214/738
f 830/1215/725 881/1216/725 882/1217/724 829/1218/724
f 845/1219/722 883/1220/722 867/1204/754 844/1203/754
f 838/1221/742 873/1222/742 874/1212/740 837/1211/740
f 831/1223/728 880/1224/728 881/1216/725 830/1215/725
f 839/1225/744 872/1226/744 873/1222/742 838/1221/742
f 832/1227/766 879/1228/766 880/1229/728 831/1230/728
f 829/1218/724 882/1217/724 884/1208/694 828/1207/694
f 840/1231/746 871/1232/746 872/1226/744 839/1225/744
f 833/1233/732 878/1234/732 879/1228/766 832/1227/766
f 841/1235/748 870/1236/748 871/1232/746 840/1231/746
f 834/1237/734 877/1238/734 878/1234/732 833/1233/732
f 842/1239/773 869/1240/773 870/1236/748 841/1235/748
f 835/1241/736 876/1242/736 877/1238/734 834/1237/734
f 843/1206/752 868/1205/752 869/1240/773 842/1239/773
f 836/1214/738 875/1213/738 876/1242/736 835/1241/736
f 826/1243/720 885/1244/720 883/1220/722 845/1219/722
f 827/1210/693 886/1209/693 885/1244/720 826/1243/720
f 869/1144/717 849/1143/717 851/1182/717 870/1181/717
f 888/1245/696 889/1246/798 892/1247/799 890/1248/721
f 889/1246/798 887/1025/698 891/1066/719 892/1247/799
f 894/1249/695 895/1250/800 889/1246/798 888/1245/696
f 895/1250/800 893/1026/699 887/1025/698 889/1246/798
f 897/1251/727 898/1252/801 895/1250/800 894/1249/695
f 898/1252/801 896/1028/700 893/1026/699 895/1250/800
f 900/1253/726 901/1254/802 898/1252/801 897/1251/727
f 901/1254/802 899/1030/701 896/1028/700 898/1252/801
f 903/1255/729 904/1256/803 901/1254/802 900/1253/726
f 904/1256/803 902/1032/702 899/1030/701 901/1254/802
f 906/1257/731 907/1258/804 904/1256/803 903/1255/729
f 907/1258/804 905/1034/703 902/1032/702 904/1256/803
f 909/1259/733 910/1260/805 907/1258/804 906/1257/731
f 910/1260/805 908/1036/705 905/1034/703 907/1258/804
f 912/1261/735 913/1262/806 910/1260/805 909/1259/733
f 913/1262/806 911/1038/706 908/1036/705 910/1260/805
f 915/1263/737 916/1264/807 913/1262/806 912/1261/735
f 916/1264/807 914/1040/707 911/1038/706 913/1262/806
f 918/1265/739 919/1266/808 916/1264/807 915/1263/737
f 919/1266/808 917/1042/708 914/1040/707 916/1264/807
f 921/1267/741 922/1268/809 919/1266/808 918/1265/739
f 922/1268/809 920/1044/709 917/1042/708 919/1266/808
f 924/1269/743 925/1270/810 922/1268/809 921/1267/741
f 925/1270/810 923/1046/710 920/1044/709 922/1268/809
f 927/1271/745 928/1272/811 925/1270/810 924/1269/743
f 928/1272/811 926/1048/711 923/1046/710 925/1270/810
f 930/1273/747 931/1274/812 928/1272/811 927/1271/745
f 931/1274/812 929/1050/712 926/1048/711 928/1272/811
f 933/1275/749 934/1276/813 931/1274/812 930/1273/747
f 934/1276/813 932/1052/713 929/1050/712 931/1274/812
f 936/1277/751 937/1278/814 934/1276/813 933/1275/749
f 937/1278/814 935/1054/714 932/1052/713 934/1276/813
f 939/1279/753 940/1280/815 937/1278/814 936/1277/751
f 940/1280/815 938/1056/715 935/1054/714 937/1278/814
f 942/1281/755 943/1282/816 940/1280/815 939/1279/753
f 943/1282/816 941/1058/716 938/1056/715 940/1280/815
f 945/1283/723 946/1284/817 943/1282/816 942/1281/755
f 946/1284/817 944/1064/718 941/1058/716 943/1282/816
f 890/1248/721 892/1247/799 946/1284/817 945/1283/723
f 892/1247/799 891/1066/719 944/1064/718 946/1284/817
f 826/1067/697 891/1066/719 887/1025/698 827/1024/697
f 949/1285/697 991/1286/699 993/1287/818 951/1288/697
f 964/1289/697 1033/1290/714 1036/1291/715 965/1292/697
f 986/1293/722 967/1294/720 1042/1295/721 1045/1296/723
f 983/1297/773 984/1298/752 1035/1299/819 1032/1300/751
f 970/1301/724 971/1302/725 996/1303/726 994/1304/727
f 984/1298/752 985/1305/754 1038/1306/755 1035/1299/819
f 971/1302/725 972/1307/728 999/1308/729 996/1303/726
f 985/1305/754 986/1293/722 1045/1296/723 1038/1306/755
f 972/1309/728 973/1310/730 1002/1311/731 999/1312/729
f 969/1313/694 970/1301/724 994/1304/727 990/1314/695
f 973/1310/730 974/1315/732 1005/1316/733 1002/1311/731
f 951/1288/697 993/1287/818 997/1317/701 952/1318/697
f 950/1319/697 1044/1320/718 1041/1321/719 947/1322/697
f 966/1323/697 1039/1324/820 1044/1320/718 950/1319/697
f 965/1292/697 1036/1291/715 1039/1324/820 966/1323/697
f 963/1325/697 1030/1326/713 1033/1290/714 964/1289/697
f 962/1327/697 1027/1328/712 1030/1326/713 963/1325/697
f 961/1329/697 1024/1330/711 1027/1328/712 962/1327/697
f 960/1331/697 1021/1332/710 1024/1330/711 961/1329/697
f 959/1333/697 1018/1334/709 1021/1332/710 960/1331/697
f 958/1335/697 1015/1336/708 1018/1334/709 959/1333/697
f 957/1337/697 1012/1338/707 1015/1336/708 958/1335/697
f 956/1339/697 1009/1340/706 1012/1338/707 957/1337/697
f 975/1341/734 976/1342/736 1011/1343/737 1008/1344/735
f 955/1345/697 1006/1346/705 1009/1340/706 956/1339/697
f 954/1347/697 1003/1348/703 1006/1346/705 955/1345/697
f 953/1349/697 1000/1350/702 1003/1348/703 954/1347/697
f 952/1318/697 997/1317/701 1000/1350/702 953/1349/697
f 947/1322/697 1041/1321/719 987/1351/698 948/1352/697
f 948/1352/697 987/1351/698 991/1286/699 949/1285/697
f 982/1353/748 983/1297/773 1032/1300/751 1029/1354/749
f 967/1294/720 968/1355/693 988/1356/696 1042/1295/721
f 981/1357/746 982/1353/748 1029/1354/749 1026/1358/747
f 980/1359/744 981/1357/746 1026/1358/747 1023/1360/821
f 979/1361/742 980/1359/744 1023/1360/821 1020/1362/743
f 978/1363/740 979/1361/742 1020/1362/743 1017/1364/822
f 977/1365/738 978/1363/740 1017/1364/822 1014/1366/739
f 976/1342/736 977/1365/738 1014/1366/739 1011/1343/737
f 974/1315/732 975/1341/734 1008/1344/735 1005/1316/733
f 991/1286/699 992/1367/800 995/1368/801 993/1287/818
f 992/1367/800 990/1369/695 994/1370/727 995/1368/801
f 1039/1324/820 1040/1371/816 1046/1372/817 1044/1320/718
f 1040/1371/816 1038/1373/755 1045/1374/723 1046/1372/817
f 1036/1291/715 1037/1375/815 1040/1371/816 1039/1324/820
f 1037/1375/815 1035/1376/819 1038/1373/755 1040/1371/816
f 1033/1290/714 1034/1377/814 1037/1375/815 1036/1291/715
f 1034/1377/814 1032/1378/751 1035/1376/819 1037/1375/815
f 1030/1326/713 1031/1379/813 1034/1377/814 1033/1290/714
f 1031/1379/813 1029/1380/749 1032/1378/751 1034/1377/814
f 1027/1328/712 1028/1381/812 1031/1379/813 1030/1326/713
f 1028/1381/812 1026/1382/747 1029/1380/749 1031/1379/813
f 1024/1330/711 1025/1383/811 1028/1381/812 1027/1328/712
f 1025/1383/811 1023/1384/821 1026/1382/747 1028/1381/812
f 1021/1332/710 1022/1385/810 1025/1383/811 1024/1330/711
f 1022/1385/810 1020/1386/743 1023/1384/821 1025/1383/811
f 1018/1334/709 1019/1387/809 1022/1385/810 1021/1332/710
f 1019/1387/809 1017/1388/822 1020/1386/743 1022/1385/810
f 1015/1336/708 1016/1389/808 1019/1387/809 1018/1334/709
f 1016/1389/808 1014/1390/739 1017/1388/822 1019/1387/809
f 1012/1338/707 1013/1391/807 1016/1389/808 1015/1336/708
f 1013/1391/807 1011/1392/737 1014/1390/739 1016/1389/808
f 1009/1340/706 1010/1393/806 1013/1391/807 1012/1338/707
f 1010/1393/806 1008/1394/735 1011/1392/737 1013/1391/807
f 1006/1346/705 1007/1395/805 1010/1393/806 1009/1340/706
f 1007/1395/805 1005/1396/733 1008/1394/735 1010/1393/806
f 1003/1348/703 1004/1397/804 1007/1395/805 1006/1346/705
f 1004/1397/804 1002/1398/731 1005/1396/733 1007/1395/805
f 1000/1350/702 1001/1399/803 1004/1397/804 1003/1348/703
f 1001/1399/803 999/1400/729 1002/1398/731 1004/1397/804
f 997/1317/701 998/1401/802 1001/1399/803 1000/1350/702
f 998/1401/802 996/1402/726 999/1400/729 1001/1399/803
f 993/1287/818 995/1368/801 998/1401/802 997/1317/701
f 995/1368/801 994/1370/727 996/1402/726 998/1401/802
f 1044/1320/718 1046/1372/817 1043/1403/799 1041/1321/719
f 1046/1372/817 1045/1374/723 1042/1404/721 1043/1403/799
f 1041/1321/719 1043/1403/799 989/1405/798 987/1351/698
f 1043/1403/799 1042/1404/721 988/1406/696 989/1405/798
f 987/1351/698 989/1405/798 992/1367/800 991/1286/699
f 989/1405/798 988/1406/696 990/1369/695 992/1367/800
f 968/1355/693 969/1313/694 990/1314/695 988/1356/696
f 1102/1173/777 1103/1407/823 1049/1408/824 1047/1200/796
f 1103/1407/823 1101/1193/789 1048/1180/781 1049/1408/824
f 1047/1200/796 1049/1408/824 1052/1409/825 1050/1186/782
f 1049/1408/824 1048/1180/781 1051/1179/780 1052/1409/825
f 1050/1186/782 1052/1409/825 1055/1410/826 1053/1164/771
f 1052/1409/825 1051/1179/780 1054/1196/792 1055/1410/826
f 1053/1164/771 1055/1410/826 1058/1411/827 1056/1165/772
f 1055/1410/826 1054/1196/792 1057/1195/791 1058/1411/827
f 1056/1165/772 1058/1411/827 1061/1412/828 1059/1130/760
f 1058/1411/827 1057/1195/791 1060/1188/784 1061/1412/828
f 1059/1130/760 1061/1412/828 1064/1413/829 1062/1131/761
f 1061/1412/828 1060/1188/784 1063/1187/783 1064/1413/829
f 1062/1131/761 1064/1413/829 1067/1414/830 1065/1167/774
f 1064/1413/829 1063/1187/783 1066/1199/795 1067/1414/830
f 1065/1167/774 1067/1414/830 1070/1415/831 1068/1134/762
f 1067/1414/830 1066/1199/795 1069/1190/786 1070/1415/831
f 1068/1134/762 1070/1415/831 1073/1416/832 1071/1135/763
f 1070/1415/831 1069/1190/786 1072/1189/785 1073/1416/832
f 1071/1135/763 1073/1416/832 1076/1417/833 1074/1169/775
f 1073/1416/832 1072/1189/785 1075/1194/790 1076/1417/833
f 1074/1169/775 1076/1417/833 1079/1418/834 1077/1138/764
f 1076/1417/833 1075/1194/790 1078/1192/788 1079/1418/834
f 1077/1138/764 1079/1418/834 1082/1419/835 1080/1139/765
f 1079/1418/834 1078/1192/788 1081/1191/787 1082/1419/835
f 1080/1139/765 1082/1419/835 1085/1420/836 1083/1175/778
f 1082/1419/835 1081/1191/787 1084/1197/793 1085/1420/836
f 1083/1175/778 1085/1420/836 1088/1421/837 1086/1146/767
f 1085/1420/836 1084/1197/793 1087/1108/757 1088/1421/837
f 1086/1146/767 1088/1421/837 1091/1422/838 1089/1147/768
f 1088/1421/837 1087/1108/757 1090/1107/756 1091/1422/838
f 1089/1147/768 1091/1422/838 1094/1423/839 1092/1177/779
f 1091/1422/838 1090/1107/756 1093/1198/794 1094/1423/839
f 1092/1177/779 1094/1423/839 1097/1424/840 1095/1150/769
f 1094/1423/839 1093/1198/794 1096/1110/759 1097/1424/840
f 1095/1150/769 1097/1424/840 1100/1425/841 1098/1151/770
f 1097/1424/840 1096/1110/759 1099/1109/758 1100/1425/841
f 1098/1151/770 1100/1425/841 1106/1426/842 1104/1172/776
f 1100/1425/841 1099/1109/758 1105/1202/797 1106/1426/842
f 1104/1172/776 1106/1426/842 1103/1407/823 1102/1173/777
f 1106/1426/842 1105/1202/797 1101/1193/789 1103/1407/823
f 858/1201/722 1047/1200/796 1050/1186/782 865/1185/754
f 846/1106/697 1101/1193/789 1105/1202/797
f 1229/1427/843 1230/1428/844 1175/1429/845 1169/1430/846
f 1108/1431/847 1168/1432/848 1174/1433/849 1109/1434/847
f 1109/1434/847 1174/1433/849 1177/1435/850 1110/1436/847
f 1110/1436/847 1177/1435/850 1180/1437/851 1111/1438/847
f 1111/1438/847 1180/1437/851 1183/1439/852 1112/1440/847
f 1112/1440/847 1183/1439/852 1186/1441/853 1113/1442/854
f 1113/1442/854 1186/1441/853 1189/1443/855 1114/1444/854
f 1114/1444/854 1189/1443/855 1192/1445/856 1115/1446/854
f 1115/1446/854 1192/1445/856 1195/1447/857 1116/1448/854
f 1116/1448/854 1195/1447/857 1198/1449/858 1117/1450/854
f 1117/1450/854 1198/1449/858 1201/1451/859 1118/1452/847
f 1118/1452/847 1201/1451/859 1204/1453/860 1119/1454/847
f 1119/1454/847 1204/1453/860 1207/1455/861 1120/1456/847
f 1120/1456/847 1207/1455/861 1210/1457/862 1121/1458/847
f 1121/1458/847 1210/1457/862 1213/1459/863 1122/1460/847
f 1122/1460/847 1213/1459/863 1216/1461/864 1123/1462/847
f 1123/1462/847 1216/1461/864 1219/1463/865 1124/1464/847
f 1124/1464/847 1219/1463/865 1222/1465/866 1125/1466/847
f 1160/1467/867 1135/1468/867 1137/1469/867 1161/1470/867
f 1125/1466/847 1222/1465/866 1225/1471/868 1126/1472/854
f 1126/1472/854 1225/1471/868 1172/1473/869 1107/1474/847
f 1228/1475/738 1229/1427/843 1169/1430/846 1171/1476/870
f 1231/1477/871 1228/1475/738 1171/1476/870 1226/1478/872
f 1232/1479/873 1233/1480/874 1181/1481/875 1178/1482/876
f 1233/1480/874 1234/1483/877 1184/1484/878 1181/1481/875
f 1234/1485/877 1235/1486/879 1187/1487/880 1184/1488/878
f 1235/1486/879 1236/1489/881 1190/1490/882 1187/1487/880
f 1236/1489/881 1237/1491/883 1193/1492/884 1190/1490/882
f 1237/1491/883 1238/1493/885 1196/1494/886 1193/1492/884
f 1238/1493/885 1239/1495/720 1199/1496/887 1196/1494/886
f 1239/1495/720 1240/1497/888 1202/1498/889 1199/1496/887
f 1240/1497/888 1241/1499/890 1205/1500/891 1202/1498/889
f 1241/1499/890 1242/1501/892 1208/1502/893 1205/1500/891
f 1242/1501/892 1243/1503/894 1211/1504/895 1208/1502/893
f 1243/1503/894 1244/1505/896 1214/1506/897 1211/1504/895
f 1244/1505/896 1245/1507/898 1217/1508/899 1214/1506/897
f 1245/1507/898 1246/1509/900 1220/1510/901 1217/1508/899
f 1246/1509/900 1247/1511/902 1223/1512/903 1220/1510/901
f 1247/1511/902 1231/1477/871 1226/1478/872 1223/1512/903
f 1230/1428/844 1232/1479/873 1178/1482/876 1175/1429/845
f 1127/1513/847 1371/1514/904 1368/1515/905
f 1127/1513/847 1380/1516/906 1377/1517/907
f 1153/1518/867 1136/1519/867 1138/1520/867 1154/1521/867
f 1167/1522/867 1145/1523/867 1128/1524/867 1166/1525/867
f 1161/1470/867 1137/1469/867 1140/1526/867 1162/1527/867
f 1166/1525/867 1128/1524/867 1139/1528/867 1164/1529/867
f 1154/1521/867 1138/1520/867 1142/1530/867 1155/1531/867
f 1156/1532/867 1143/1533/867 1129/1534/867 1157/1535/867
f 1132/1536/896 1340/1537/908 1343/1538/909 1134/1539/894
f 1138/1540/890 1349/1541/910 1352/1542/911 1142/1543/888
f 1129/1544/885 1358/1545/912 1361/1546/913 1131/1547/883
f 1149/1548/867 1147/1549/867 1130/1550/867 1150/1551/867
f 1135/1552/914 1367/1553/915 1370/1554/916 1137/1555/877
f 1141/1556/873 1376/1557/917 1379/1558/918 1144/1559/844
f 1164/1529/867 1139/1528/867 1146/1560/867 1148/1561/867
f 1157/1535/867 1129/1534/867 1131/1562/867 1158/1563/867
f 1162/1527/867 1140/1526/867 1141/1564/867 1163/1565/867
f 1155/1531/867 1142/1530/867 1143/1533/867 1156/1532/867
f 1158/1563/867 1131/1562/867 1133/1566/867 1159/1567/867
f 1165/1568/867 1144/1569/867 1145/1523/867 1167/1522/867
f 1147/1570/900 1334/1571/919 1337/1572/920 1130/1573/921
f 1134/1539/894 1343/1538/909 1346/1574/922 1136/1575/892
f 1142/1543/888 1352/1542/911 1355/1576/923 1143/1577/720
f 1145/1578/843 1385/1579/924 1383/1580/925 1128/1581/738
f 1131/1547/883 1361/1546/913 1364/1582/926 1133/1583/881
f 1148/1561/867 1146/1560/867 1147/1549/867 1149/1548/867
f 1137/1555/877 1370/1554/916 1373/1584/927 1140/1585/874
f 1127/1513/847 1332/1586/928 1329/1587/929
f 1144/1559/844 1379/1558/918 1385/1579/924 1145/1578/843
f 1151/1588/867 1132/1589/867 1134/1590/867 1152/1591/867
f 1159/1567/867 1133/1566/867 1135/1468/867 1160/1467/867
f 1152/1591/867 1134/1590/867 1136/1519/867 1153/1518/867
f 1163/1565/867 1141/1564/867 1144/1569/867 1165/1568/867
f 1146/1592/902 1331/1593/930 1334/1571/919 1147/1570/900
f 1127/1513/847 1344/1594/931 1341/1595/932
f 1127/1513/847 1353/1596/933 1350/1597/934
f 1127/1513/847 1362/1598/935 1359/1599/936
f 1127/1513/847 1329/1587/929 1382/1600/937
f 1127/1513/847 1356/1601/938 1353/1596/933
f 1130/1573/921 1337/1572/920 1340/1537/908 1132/1536/896
f 1127/1513/847 1359/1599/936 1356/1601/938
f 1127/1513/847 1338/1602/939 1335/1603/940
f 1133/1583/881 1364/1582/926 1367/1553/915 1135/1552/914
f 1127/1513/847 1341/1595/932 1338/1602/939
f 1127/1513/847 1365/1604/941 1362/1598/935
f 1136/1575/892 1346/1574/922 1349/1541/910 1138/1540/890
f 1127/1513/847 1377/1517/907 1374/1605/942
f 1127/1513/847 1368/1515/905 1365/1604/941
f 1127/1513/847 1347/1606/943 1344/1594/931
f 1140/1585/874 1373/1584/927 1376/1557/917 1141/1556/873
f 1127/1513/847 1350/1597/934 1347/1606/943
f 1128/1581/738 1383/1580/925 1328/1607/944 1139/1608/871
f 1127/1513/847 1374/1605/942 1371/1514/904
f 1143/1577/720 1355/1576/923 1358/1545/912 1129/1544/885
f 1127/1513/847 1386/1609/945 1380/1516/906
f 1127/1513/847 1335/1603/940 1332/1586/928
f 1125/1610/902 1148/1611/902 1149/1612/900 1124/1613/900
f 1109/1614/844 1165/1615/844 1167/1616/843 1108/1617/843
f 1118/1618/888 1155/1619/888 1156/1620/720 1117/1621/720
f 1111/1622/874 1162/1623/874 1163/1624/873 1110/1625/873
f 1126/1626/871 1164/1627/871 1148/1611/902 1125/1610/902
f 1119/1628/890 1154/1629/890 1155/1619/888 1118/1618/888
f 1112/1630/877 1161/1631/877 1162/1623/874 1111/1622/874
f 1120/1632/892 1153/1633/892 1154/1629/890 1119/1628/890
f 1113/1634/914 1160/1635/914 1161/1636/877 1112/1637/877
f 1110/1625/873 1163/1624/873 1165/1615/844 1109/1614/844
f 1121/1638/894 1152/1639/894 1153/1633/892 1120/1632/892
f 1114/1640/881 1159/1641/881 1160/1635/914 1113/1634/914
f 1122/1642/896 1151/1643/896 1152/1639/894 1121/1638/894
f 1115/1644/883 1158/1645/883 1159/1641/881 1114/1640/881
f 1123/1646/921 1150/1647/921 1151/1643/896 1122/1642/896
f 1116/1648/885 1157/1649/885 1158/1645/883 1115/1644/883
f 1124/1613/900 1149/1612/900 1150/1647/921 1123/1646/921
f 1117/1621/720 1156/1620/720 1157/1649/885 1116/1648/885
f 1107/1650/738 1166/1651/738 1164/1627/871 1126/1626/871
f 1108/1617/843 1167/1616/843 1166/1651/738 1107/1650/738
f 1150/1551/867 1130/1550/867 1132/1589/867 1151/1588/867
f 1169/1652/846 1170/1653/946 1173/1654/947 1171/1655/870
f 1170/1653/946 1168/1432/848 1172/1473/869 1173/1654/947
f 1175/1656/845 1176/1657/948 1170/1653/946 1169/1652/846
f 1176/1657/948 1174/1433/849 1168/1432/848 1170/1653/946
f 1178/1658/876 1179/1659/949 1176/1657/948 1175/1656/845
f 1179/1659/949 1177/1435/850 1174/1433/849 1176/1657/948
f 1181/1660/875 1182/1661/950 1179/1659/949 1178/1658/876
f 1182/1661/950 1180/1437/851 1177/1435/850 1179/1659/949
f 1184/1662/878 1185/1663/951 1182/1661/950 1181/1660/875
f 1185/1663/951 1183/1439/852 1180/1437/851 1182/1661/950
f 1187/1664/880 1188/1665/952 1185/1663/951 1184/1662/878
f 1188/1665/952 1186/1441/853 1183/1439/852 1185/1663/951
f 1190/1666/882 1191/1667/953 1188/1665/952 1187/1664/880
f 1191/1667/953 1189/1443/855 1186/1441/853 1188/1665/952
f 1193/1668/884 1194/1669/954 1191/1667/953 1190/1666/882
f 1194/1669/954 1192/1445/856 1189/1443/855 1191/1667/953
f 1196/1670/886 1197/1671/955 1194/1669/954 1193/1668/884
f 1197/1671/955 1195/1447/857 1192/1445/856 1194/1669/954
f 1199/1672/887 1200/1673/956 1197/1671/955 1196/1670/886
f 1200/1673/956 1198/1449/858 1195/1447/857 1197/1671/955
f 1202/1674/889 1203/1675/957 1200/1673/956 1199/1672/887
f 1203/1675/957 1201/1451/859 1198/1449/858 1200/1673/956
f 1205/1676/891 1206/1677/958 1203/1675/957 1202/1674/889
f 1206/1677/958 1204/1453/860 1201/1451/859 1203/1675/957
f 1208/1678/893 1209/1679/959 1206/1677/958 1205/1676/891
f 1209/1679/959 1207/1455/861 1204/1453/860 1206/1677/958
f 1211/1680/895 1212/1681/960 1209/1679/959 1208/1678/893
f 1212/1681/960 1210/1457/862 1207/1455/861 1209/1679/959
f 1214/1682/897 1215/1683/961 1212/1681/960 1211/1680/895
f 1215/1683/961 1213/1459/863 1210/1457/862 1212/1681/960
f 1217/1684/899 1218/1685/962 1215/1683/961 1214/1682/897
f 1218/1685/962 1216/1461/864 1213/1459/863 1215/1683/961
f 1220/1686/901 1221/1687/963 1218/1685/962 1217/1684/899
f 1221/1687/963 1219/1463/865 1216/1461/864 1218/1685/962
f 1223/1688/903 1224/1689/964 1221/1687/963 1220/1686/901
f 1224/1689/964 1222/1465/866 1219/1463/865 1221/1687/963
f 1226/1690/872 1227/1691/965 1224/1689/964 1223/1688/903
f 1227/1691/965 1225/1471/868 1222/1465/866 1224/1689/964
f 1171/1655/870 1173/1654/947 1227/1691/965 1226/1690/872
f 1173/1654/947 1172/1473/869 1225/1471/868 1227/1691/965
f 1107/1474/847 1172/1473/869 1168/1432/848 1108/1431/847
f 1230/1692/847 1272/1693/849 1274/1694/966 1232/1695/847
f 1245/1696/847 1314/1697/864 1317/1698/865 1246/1699/847
f 1267/1700/871 1248/1701/738 1323/1702/870 1326/1703/872
f 1264/1704/921 1265/1705/900 1316/1706/967 1313/1707/899
f 1251/1708/873 1252/1709/874 1277/1710/875 1275/1711/876
f 1265/1705/900 1266/1712/902 1319/1713/903 1316/1706/967
f 1252/1709/874 1253/1714/877 1280/1715/878 1277/1710/875
f 1266/1712/902 1267/1700/871 1326/1703/872 1319/1713/903
f 1253/1716/877 1254/1717/879 1283/1718/880 1280/1719/878
f 1250/1720/844 1251/1708/873 1275/1711/876 1271/1721/845
f 1254/1717/879 1255/1722/881 1286/1723/882 1283/1718/880
f 1232/1695/847 1274/1694/966 1278/1724/851 1233/1725/847
f 1231/1726/847 1325/1727/868 1322/1728/869 1228/1729/847
f 1247/1730/847 1320/1731/968 1325/1727/868 1231/1726/847
f 1246/1699/847 1317/1698/865 1320/1731/968 1247/1730/847
f 1244/1732/847 1311/1733/863 1314/1697/864 1245/1696/847
f 1243/1734/847 1308/1735/862 1311/1733/863 1244/1732/847
f 1242/1736/847 1305/1737/861 1308/1735/862 1243/1734/847
f 1241/1738/847 1302/1739/860 1305/1737/861 1242/1736/847
f 1240/1740/847 1299/1741/859 1302/1739/860 1241/1738/847
f 1239/1742/847 1296/1743/858 1299/1741/859 1240/1740/847
f 1238/1744/847 1293/1745/857 1296/1743/858 1239/1742/847
f 1237/1746/847 1290/1747/856 1293/1745/857 1238/1744/847
f 1256/1748/883 1257/1749/885 1292/1750/886 1289/1751/884
f 1236/1752/847 1287/1753/855 1290/1747/856 1237/1746/847
f 1235/1754/847 1284/1755/853 1287/1753/855 1236/1752/847
f 1234/1756/847 1281/1757/852 1284/1755/853 1235/1754/847
f 1233/1725/847 1278/1724/851 1281/1757/852 1234/1756/847
f 1228/1729/847 1322/1728/869 1268/1758/848 1229/1759/847
f 1229/1759/847 1268/1758/848 1272/1693/849 1230/1692/847
f 1263/1760/896 1264/1704/921 1313/1707/899 1310/1761/897
f 1248/1701/738 1249/1762/843 1269/1763/846 1323/1702/870
f 1262/1764/894 1263/1760/896 1310/1761/897 1307/1765/895
f 1261/1766/892 1262/1764/894 1307/1765/895 1304/1767/969
f 1260/1768/890 1261/1766/892 1304/1767/969 1301/1769/891
f 1259/1770/888 1260/1768/890 1301/1769/891 1298/1771/970
f 1258/1772/720 1259/1770/888 1298/1771/970 1295/1773/887
f 1257/1749/885 1258/1772/720 1295/1773/887 1292/1750/886
f 1255/1722/881 1256/1748/883 1289/1751/884 1286/1723/882
f 1272/1693/849 1273/1774/948 1276/1775/949 1274/1694/966
f 1273/1774/948 1271/1776/845 1275/1777/876 1276/1775/949
f 1320/1731/968 1321/1778/964 1327/1779/965 1325/1727/868
f 1321/1778/964 1319/1780/903 1326/1781/872 1327/1779/965
f 1317/1698/865 1318/1782/963 1321/1778/964 1320/1731/968
f 1318/1782/963 1316/1783/967 1319/1780/903 1321/1778/964
f 1314/1697/864 1315/1784/962 1318/1782/963 1317/1698/865
f 1315/1784/962 1313/1785/899 1316/1783/967 1318/1782/963
f 1311/1733/863 1312/1786/961 1315/1784/962 1314/1697/864
f 1312/1786/961 1310/1787/897 1313/1785/899 1315/1784/962
f 1308/1735/862 1309/1788/960 1312/1786/961 1311/1733/863
f 1309/1788/960 1307/1789/895 1310/1787/897 1312/1786/961
f 1305/1737/861 1306/1790/959 1309/1788/960 1308/1735/862
f 1306/1790/959 1304/1791/969 1307/1789/895 1309/1788/960
f 1302/1739/860 1303/1792/958 1306/1790/959 1305/1737/861
f 1303/1792/958 1301/1793/891 1304/1791/969 1306/1790/959
f 1299/1741/859 1300/1794/957 1303/1792/958 1302/1739/860
f 1300/1794/957 1298/1795/970 1301/1793/891 1303/1792/958
f 1296/1743/858 1297/1796/956 1300/1794/957 1299/1741/859
f 1297/1796/956 1295/1797/887 1298/1795/970 1300/1794/957
f 1293/1745/857 1294/1798/955 1297/1796/956 1296/1743/858
f 1294/1798/955 1292/1799/886 1295/1797/887 1297/1796/956
f 1290/1747/856 1291/1800/954 1294/1798/955 1293/1745/857
f 1291/1800/954 1289/1801/884 1292/1799/886 1294/1798/955
f 1287/1753/855 1288/1802/953 1291/1800/954 1290/1747/856
f 1288/1802/953 1286/1803/882 1289/1801/884 1291/1800/954
f 1284/1755/853 1285/1804/952 1288/1802/953 1287/1753/855
f 1285/1804/952 1283/1805/880 1286/1803/882 1288/1802/953
f 1281/1757/852 1282/1806/951 1285/1804/952 1284/1755/853
f 1282/1806/951 1280/1807/878 1283/1805/880 1285/1804/952
f 1278/1724/851 1279/1808/950 1282/1806/951 1281/1757/852
f 1279/1808/950 1277/1809/875 1280/1807/878 1282/1806/951
f 1274/1694/966 1276/1775/949 1279/1808/950 1278/1724/851
f 1276/1775/949 1275/1777/876 1277/1809/875 1279/1808/950
f 1325/1727/868 1327/1779/965 1324/1810/947 1322/1728/869
f 1327/1779/965 1326/1781/872 1323/1811/870 1324/1810/947
f 1322/1728/869 1324/1810/947 1270/1812/946 1268/1758/848
f 1324/1810/947 1323/1811/870 1269/1813/846 1270/1812/946
f 1268/1758/848 1270/1812/946 1273/1774/948 1272/1693/849
f 1270/1812/946 1269/1813/846 1271/1776/845 1273/1774/948
f 1249/1762/843 1250/1720/844 1271/1721/845 1269/1763/846
f 1383/1580/925 1384/1814/971 1330/1815/972 1328/1607/944
f 1384/1814/971 1382/1600/937 1329/1587/929 1330/1815/972
f 1328/1607/944 1330/1815/972 1333/1816/973 1331/1593/930
f 1330/1815/972 1329/1587/929 1332/1586/928 1333/1816/973
f 1331/1593/930 1333/1816/973 1336/1817/974 1334/1571/919
f 1333/1816/973 1332/1586/928 1335/1603/940 1336/1817/974
f 1334/1571/919 1336/1817/974 1339/1818/975 1337/1572/920
f 1336/1817/974 1335/1603/940 1338/1602/939 1339/1818/975
f 1337/1572/920 1339/1818/975 1342/1819/976 1340/1537/908
f 1339/1818/975 1338/1602/939 1341/1595/932 1342/1819/976
f 1340/1537/908 1342/1819/976 1345/1820/977 1343/1538/909
f 1342/1819/976 1341/1595/932 1344/1594/931 1345/1820/977
f 1343/1538/909 1345/1820/977 1348/1821/978 1346/1574/922
f 1345/1820/977 1344/1594/931 1347/1606/943 1348/1821/978
f 1346/1574/922 1348/1821/978 1351/1822/979 1349/1541/910
f 1348/1821/978 1347/1606/943 1350/1597/934 1351/1822/979
f 1349/1541/910 1351/1822/979 1354/1823/980 1352/1542/911
f 1351/1822/979 1350/1597/934 1353/1596/933 1354/1823/980
f 1352/1542/911 1354/1823/980 1357/1824/981 1355/1576/923
f 1354/1823/980 1353/1596/933 1356/1601/938 1357/1824/981
f 1355/1576/923 1357/1824/981 1360/1825/982 1358/1545/912
f 1357/1824/981 1356/1601/938 1359/1599/936 1360/1825/982
f 1358/1545/912 1360/1825/982 1363/1826/983 1361/1546/913
f 1360/1825/982 1359/1599/936 1362/1598/935 1363/1826/983
f 1361/1546/913 1363/1826/983 1366/1827/984 1364/1582/926
f 1363/1826/983 1362/1598/935 1365/1604/941 1366/1827/984
f 1364/1582/926 1366/1827/984 1369/1828/985 1367/1553/915
f 1366/1827/984 1365/1604/941 1368/1515/905 1369/1828/985
f 1367/1553/915 1369/1828/985 1372/1829/986 1370/1554/916
f 1369/1828/985 1368/1515/905 1371/1514/904 1372/1829/986
f 1370/1554/916 1372/1829/986 1375/1830/987 1373/1584/927
f 1372/1829/986 1371/1514/904 1374/1605/942 1375/1830/987
f 1373/1584/927 1375/1830/987 1378/1831/988 1376/1557/917
f 1375/1830/987 1374/1605/942 1377/1517/907 1378/1831/988
f 1376/1557/917 1378/1831/988 1381/1832/989 1379/1558/918
f 1378/1831/988 1377/1517/907 1380/1516/906 1381/1832/989
f 1379/1558/918 1381/1832/989 1387/1833/990 1385/1579/924
f 1381/1832/989 1380/1516/906 1386/1609/945 1387/1833/990
f 1385/1579/924 1387/1833/990 1384/1814/971 1383/1580/925
f 1387/1833/990 1386/1609/945 1382/1600/937 1384/1814/971
f 1139/1608/871 1328/1607/944 1331/1593/930 1146/1592/902
f 1127/1513/847 1382/1600/937 1386/1609/945
f 1510/1834/991 1450/1835/992 1456/1836/993 1511/1837/994
f 1389/1838/995 1390/1839/995 1455/1840/996 1449/1841/997
f 1390/1839/995 1391/1842/995 1458/1843/998 1455/1840/996
f 1391/1842/995 1392/1844/995 1461/1845/999 1458/1843/998
f 1392/1844/995 1393/1846/995 1464/1847/1000 1461/1845/999
f 1393/1846/995 1394/1848/995 1467/1849/1001 1464/1847/1000
f 1394/1848/995 1395/1850/1002 1470/1851/1003 1467/1849/1001
f 1395/1850/1002 1396/1852/1002 1473/1853/1004 1470/1851/1003
f 1396/1852/1002 1397/1854/1002 1476/1855/1005 1473/1853/1004
f 1397/1854/1002 1398/1856/1002 1479/1857/1006 1476/1855/1005
f 1398/1856/1002 1399/1858/995 1482/1859/1007 1479/1857/1006
f 1399/1858/995 1400/1860/995 1485/1861/1008 1482/1859/1007
f 1400/1860/995 1401/1862/995 1488/1863/1009 1485/1861/1008
f 1401/1862/995 1402/1864/995 1491/1865/1010 1488/1863/1009
f 1402/1864/995 1403/1866/995 1494/1867/1011 1491/1865/1010
f 1403/1866/995 1404/1868/995 1497/1869/1012 1494/1867/1011
f 1404/1868/995 1405/1870/995 1500/1871/1013 1497/1869/1012
f 1405/1870/995 1406/1872/995 1503/1873/1014 1500/1871/1013
f 1441/1874/1015 1442/1875/1015 1418/1876/1015 1416/1877/1015
f 1406/1872/995 1407/1878/1002 1506/1879/1016 1503/1873/1014
f 1407/1878/1002 1388/1880/995 1453/1881/1017 1506/1879/1016
f 1509/1882/591 1452/1883/1018 1450/1835/992 1510/1834/991
f 1512/1884/1019 1507/1885/1020 1452/1883/1018 1509/1882/591
f 1513/1886/1021 1459/1887/1022 1462/1888/1023 1514/1889/1024
f 1514/1889/1024 1462/1888/1023 1465/1890/1025 1515/1891/1026
f 1515/1891/1026 1465/1890/1025 1468/1892/1027 1516/1893/1028
f 1516/1894/1028 1468/1895/1027 1471/1896/1029 1517/1897/1030
f 1517/1897/1030 1471/1896/1029 1474/1898/1031 1518/1899/1032
f 1518/1899/1032 1474/1898/1031 1477/1900/1033 1519/1901/1034
f 1519/1901/1034 1477/1900/1033 1480/1902/1035 1520/1903/572
f 1520/1903/572 1480/1902/1035 1483/1904/1036 1521/1905/1037
f 1521/1905/1037 1483/1904/1036 1486/1906/1038 1522/1907/1039
f 1522/1907/1039 1486/1906/1038 1489/1908/1040 1523/1909/1041
f 1523/1909/1041 1489/1908/1040 1492/1910/1042 1524/1911/1043
f 1524/1911/1043 1492/1910/1042 1495/1912/1044 1525/1913/1045
f 1525/1913/1045 1495/1912/1044 1498/1914/1046 1526/1915/1047
f 1526/1915/1047 1498/1914/1046 1501/1916/1048 1527/1917/1049
f 1527/1917/1049 1501/1916/1048 1504/1918/1050 1528/1919/1051
f 1528/1919/1051 1504/1918/1050 1507/1885/1020 1512/1884/1019
f 1511/1837/994 1456/1836/993 1459/1887/1022 1513/1886/1021
f 1408/1920/995 1649/1921/1052 1652/1922/1053
f 1408/1920/995 1658/1923/1054 1661/1924/1055
f 1434/1925/1015 1435/1926/1015 1419/1927/1015 1417/1928/1015
f 1448/1929/1015 1447/1930/1015 1409/1931/1015 1426/1932/1015
f 1442/1875/1015 1443/1933/1015 1421/1934/1015 1418/1876/1015
f 1447/1930/1015 1445/1935/1015 1420/1936/1015 1409/1931/1015
f 1435/1926/1015 1436/1937/1015 1423/1938/1015 1419/1927/1015
f 1437/1939/1015 1438/1940/1015 1410/1941/1015 1424/1942/1015
f 1413/1943/1045 1415/1944/1043 1624/1945/1056 1621/1946/1057
f 1419/1947/1039 1423/1948/1037 1633/1949/1058 1630/1950/1059
f 1410/1951/1034 1412/1952/1032 1642/1953/1060 1639/1954/1061
f 1430/1955/1015 1431/1956/1015 1411/1957/1015 1428/1958/1015
f 1416/1959/1062 1418/1960/1026 1651/1961/1063 1648/1962/1064
f 1422/1963/1021 1425/1964/994 1660/1965/1065 1657/1966/1066
f 1445/1935/1015 1429/1967/1015 1427/1968/1015 1420/1936/1015
f 1438/1940/1015 1439/1969/1015 1412/1970/1015 1410/1941/1015
f 1443/1933/1015 1444/1971/1015 1422/1972/1015 1421/1934/1015
f 1436/1937/1015 1437/1939/1015 1424/1942/1015 1423/1938/1015
f 1439/1969/1015 1440/1973/1015 1414/1974/1015 1412/1970/1015
f 1446/1975/1015 1448/1929/1015 1426/1932/1015 1425/1976/1015
f 1428/1977/1049 1411/1978/1067 1618/1979/1068 1615/1980/1069
f 1415/1944/1043 1417/1981/1041 1627/1982/1070 1624/1945/1056
f 1423/1948/1037 1424/1983/572 1636/1984/1071 1633/1949/1058
f 1426/1985/991 1409/1986/591 1664/1987/1072 1666/1988/1073
f 1412/1952/1032 1414/1989/1030 1645/1990/1074 1642/1953/1060
f 1429/1967/1015 1430/1955/1015 1428/1958/1015 1427/1968/1015
f 1418/1960/1026 1421/1991/1024 1654/1992/1075 1651/1961/1063
f 1408/1920/995 1610/1993/1076 1613/1994/1077
f 1425/1964/994 1426/1985/991 1666/1988/1073 1660/1965/1065
f 1432/1995/1015 1433/1996/1015 1415/1997/1015 1413/1998/1015
f 1440/1973/1015 1441/1874/1015 1416/1877/1015 1414/1974/1015
f 1433/1996/1015 1434/1925/1015 1417/1928/1015 1415/1997/1015
f 1444/1971/1015 1446/1975/1015 1425/1976/1015 1422/1972/1015
f 1427/1999/1051 1428/1977/1049 1615/1980/1069 1612/2000/1078
f 1408/1920/995 1622/2001/1079 1625/2002/1080
f 1408/1920/995 1631/2003/1081 1634/2004/1082
f 1408/1920/995 1640/2005/1083 1643/2006/1084
f 1408/1920/995 1663/2007/1085 1610/1993/1076
f 1408/1920/995 1634/2004/1082 1637/2008/1086
f 1411/1978/1067 1413/1943/1045 1621/1946/1057 1618/1979/1068
f 1408/1920/995 1637/2008/1086 1640/2005/1083
f 1408/1920/995 1616/2009/1087 1619/2010/1088
f 1414/1989/1030 1416/1959/1062 1648/1962/1064 1645/1990/1074
f 1408/1920/995 1619/2010/1088 1622/2001/1079
f 1408/1920/995 1643/2006/1084 1646/2011/1089
f 1417/1981/1041 1419/1947/1039 1630/1950/1059 1627/1982/1070
f 1408/1920/995 1655/2012/1090 1658/1923/1054
f 1408/1920/995 1646/2011/1089 1649/1921/1052
f 1408/1920/995 1625/2002/1080 1628/2013/1091
f 1421/1991/1024 1422/1963/1021 1657/1966/1066 1654/1992/1075
f 1408/1920/995 1628/2013/1091 1631/2003/1081
f 1409/1986/591 1420/2014/1019 1609/2015/1092 1664/1987/1072
f 1408/1920/995 1652/1922/1053 1655/2012/1090
f 1424/1983/572 1410/1951/1034 1639/1954/1061 1636/1984/1071
f 1408/1920/995 1661/1924/1055 1667/2016/1093
f 1408/1920/995 1613/1994/1077 1616/2009/1087
f 1406/2017/1051 1405/2018/1049 1430/2019/1049 1429/2020/1051
f 1390/2021/994 1389/2022/991 1448/2023/991 1446/2024/994
f 1399/2025/1037 1398/2026/572 1437/2027/572 1436/2028/1037
f 1392/2029/1024 1391/2030/1021 1444/2031/1021 1443/2032/1024
f 1407/2033/1019 1406/2017/1051 1429/2020/1051 1445/2034/1019
f 1400/2035/1039 1399/2025/1037 1436/2028/1037 1435/2036/1039
f 1393/2037/1026 1392/2029/1024 1443/2032/1024 1442/2038/1026
f 1401/2039/1041 1400/2035/1039 1435/2036/1039 1434/2040/1041
f 1394/2041/1028 1393/2037/1026 1442/2038/1026 1441/2042/1028
f 1391/2030/1021 1390/2021/994 1446/2024/994 1444/2031/1021
f 1402/2043/1043 1401/2039/1041 1434/2040/1041 1433/2044/1043
f 1395/2045/1030 1394/2046/1028 1441/2047/1028 1440/2048/1030
f 1403/2049/1045 1402/2043/1043 1433/2044/1043 1432/2050/1045
f 1396/2051/1032 1395/2045/1030 1440/2048/1030 1439/2052/1032
f 1404/2053/1067 1403/2049/1045 1432/2050/1045 1431/2054/1067
f 1397/2055/1034 1396/2051/1032 1439/2052/1032 1438/2056/1034
f 1405/2018/1049 1404/2053/1067 1431/2054/1067 1430/2019/1049
f 1398/2026/572 1397/2055/1034 1438/2056/1034 1437/2027/572
f 1388/2057/591 1407/2033/1019 1445/2034/1019 1447/2058/591
f 1389/2022/991 1388/2057/591 1447/2058/591 1448/2023/991
f 1431/1956/1015 1432/1995/1015 1413/1998/1015 1411/1957/1015
f 1450/2059/992 1452/2060/1018 1454/2061/1094 1451/2062/1095
f 1451/2062/1095 1454/2061/1094 1453/1881/1017 1449/1841/997
f 1456/2063/993 1450/2059/992 1451/2062/1095 1457/2064/1096
f 1457/2064/1096 1451/2062/1095 1449/1841/997 1455/1840/996
f 1459/2065/1022 1456/2063/993 1457/2064/1096 1460/2066/1097
f 1460/2066/1097 1457/2064/1096 1455/1840/996 1458/1843/998
f 1462/2067/1023 1459/2065/1022 1460/2066/1097 1463/2068/1098
f 1463/2068/1098 1460/2066/1097 1458/1843/998 1461/1845/999
f 1465/2069/1025 1462/2067/1023 1463/2068/1098 1466/2070/1099
f 1466/2070/1099 1463/2068/1098 1461/1845/999 1464/1847/1000
f 1468/2071/1027 1465/2069/1025 1466/2070/1099 1469/2072/1100
f 1469/2072/1100 1466/2070/1099 1464/1847/1000 1467/1849/1001
f 1471/2073/1029 1468/2071/1027 1469/2072/1100 1472/2074/1101
f 1472/2074/1101 1469/2072/1100 1467/1849/1001 1470/1851/1003
f 1474/2075/1031 1471/2073/1029 1472/2074/1101 1475/2076/1102
f 1475/2076/1102 1472/2074/1101 1470/1851/1003 1473/1853/1004
f 1477/2077/1033 1474/2075/1031 1475/2076/1102 1478/2078/1103
f 1478/2078/1103 1475/2076/1102 1473/1853/1004 1476/1855/1005
f 1480/2079/1035 1477/2077/1033 1478/2078/1103 1481/2080/1104
f 1481/2080/1104 1478/2078/1103 1476/1855/1005 1479/1857/1006
f 1483/2081/1036 1480/2079/1035 1481/2080/1104 1484/2082/1105
f 1484/2082/1105 1481/2080/1104 1479/1857/1006 1482/1859/1007
f 1486/2083/1038 1483/2081/1036 1484/2082/1105 1487/2084/1106
f 1487/2084/1106 1484/2082/1105 1482/1859/1007 1485/1861/1008
f 1489/2085/1040 1486/2083/1038 1487/2084/1106 1490/2086/1107
f 1490/2086/1107 1487/2084/1106 1485/1861/1008 1488/1863/1009
f 1492/2087/1042 1489/2085/1040 1490/2086/1107 1493/2088/1108
f 1493/2088/1108 1490/2086/1107 1488/1863/1009 1491/1865/1010
f 1495/2089/1044 1492/2087/1042 1493/2088/1108 1496/2090/1109
f 1496/2090/1109 1493/2088/1108 1491/1865/1010 1494/1867/1011
f 1498/2091/1046 1495/2089/1044 1496/2090/1109 1499/2092/1110
f 1499/2092/1110 1496/2090/1109 1494/1867/1011 1497/1869/1012
f 1501/2093/1048 1498/2091/1046 1499/2092/1110 1502/2094/1111
f 1502/2094/1111 1499/2092/1110 1497/1869/1012 1500/1871/1013
f 1504/2095/1050 1501/2093/1048 1502/2094/1111 1505/2096/1112
f 1505/2096/1112 1502/2094/1111 1500/1871/1013 1503/1873/1014
f 1507/2097/1020 1504/2095/1050 1505/2096/1112 1508/2098/1113
f 1508/2098/1113 1505/2096/1112 1503/1873/1014 1506/1879/1016
f 1452/2060/1018 1507/2097/1020 1508/2098/1113 1454/2061/1094
f 1454/2061/1094 1508/2098/1113 1506/1879/1016 1453/1881/1017
f 1388/1880/995 1389/1838/995 1449/1841/997 1453/1881/1017
f 1511/2099/995 1513/2100/995 1555/2101/1114 1553/2102/996
f 1526/2103/995 1527/2104/995 1598/2105/1013 1595/2106/1012
f 1548/2107/1019 1607/2108/1020 1604/2109/1018 1529/2110/591
f 1545/2111/1067 1594/2112/1046 1597/2113/1115 1546/2114/1049
f 1532/2115/1021 1556/2116/1022 1558/2117/1023 1533/2118/1024
f 1546/2114/1049 1597/2113/1115 1600/2119/1050 1547/2120/1051
f 1533/2118/1024 1558/2117/1023 1561/2121/1025 1534/2122/1026
f 1547/2120/1051 1600/2119/1050 1607/2108/1020 1548/2107/1019
f 1534/2122/1026 1561/2121/1025 1564/2123/1027 1535/2124/1028
f 1531/2125/994 1552/2126/993 1556/2116/1022 1532/2115/1021
f 1535/2127/1028 1564/2128/1027 1567/2129/1029 1536/2130/1030
f 1513/2100/995 1514/2131/995 1559/2132/999 1555/2101/1114
f 1512/2133/995 1509/2134/995 1603/2135/1017 1606/2136/1016
f 1528/2137/995 1512/2133/995 1606/2136/1016 1601/2138/1014
f 1527/2104/995 1528/2137/995 1601/2138/1014 1598/2105/1013
f 1525/2139/995 1526/2103/995 1595/2106/1012 1592/2140/1011
f 1524/2141/995 1525/2139/995 1592/2140/1011 1589/2142/1010
f 1523/2143/995 1524/2141/995 1589/2142/1010 1586/2144/1009
f 1522/2145/995 1523/2143/995 1586/2144/1009 1583/2146/1008
f 1521/2147/995 1522/2145/995 1583/2146/1008 1580/2148/1007
f 1520/2149/995 1521/2147/995 1580/2148/1007 1577/2150/1006
f 1519/2151/995 1520/2149/995 1577/2150/1006 1574/2152/1005
f 1518/2153/995 1519/2151/995 1574/2152/1005 1571/2154/1004
f 1537/2155/1032 1570/2156/1031 1573/2157/1033 1538/2158/1034
f 1517/2159/995 1518/2153/995 1571/2154/1004 1568/2160/1003
f 1516/2161/995 1517/2159/995 1568/2160/1003 1565/2162/1001
f 1515/2163/995 1516/2161/995 1565/2162/1001 1562/2164/1000
f 1514/2131/995 1515/2163/995 1562/2164/1000 1559/2132/999
f 1509/2134/995 1510/2165/995 1549/2166/997 1603/2135/1017
f 1510/2165/995 1511/2099/995 1553/2102/996 1549/2166/997
f 1544/2167/1045 1591/2168/1044 1594/2112/1046 1545/2111/1067
f 1529/2110/591 1604/2109/1018 1550/2169/992 1530/2170/991
f 1543/2171/1043 1588/2172/1042 1591/2168/1044 1544/2167/1045
f 1542/2173/1041 1585/2174/1040 1588/2172/1042 1543/2171/1043
f 1541/2175/1039 1582/2176/1038 1585/2174/1040 1542/2173/1041
f 1540/2177/1037 1579/2178/1116 1582/2176/1038 1541/2175/1039
f 1539/2179/572 1576/2180/1035 1579/2178/1116 1540/2177/1037
f 1538/2158/1034 1573/2157/1033 1576/2180/1035 1539/2179/572
f 1536/2130/1030 1567/2129/1029 1570/2156/1031 1537/2155/1032
f 1553/2102/996 1555/2101/1114 1557/2181/1097 1554/2182/1096
f 1554/2182/1096 1557/2181/1097 1556/2183/1022 1552/2184/993
f 1601/2138/1014 1606/2136/1016 1608/2185/1113 1602/2186/1112
f 1602/2186/1112 1608/2185/1113 1607/2187/1020 1600/2188/1050
f 1598/2105/1013 1601/2138/1014 1602/2186/1112 1599/2189/1111
f 1599/2189/1111 1602/2186/1112 1600/2188/1050 1597/2190/1115
f 1595/2106/1012 1598/2105/1013 1599/2189/1111 1596/2191/1110
f 1596/2191/1110 1599/2189/1111 1597/2190/1115 1594/2192/1046
f 1592/2140/1011 1595/2106/1012 1596/2191/1110 1593/2193/1109
f 1593/2193/1109 1596/2191/1110 1594/2192/1046 1591/2194/1044
f 1589/2142/1010 1592/2140/1011 1593/2193/1109 1590/2195/1108
f 1590/2195/1108 1593/2193/1109 1591/2194/1044 1588/2196/1042
f 1586/2144/1009 1589/2142/1010 1590/2195/1108 1587/2197/1107
f 1587/2197/1107 1590/2195/1108 1588/2196/1042 1585/2198/1040
f 1583/2146/1008 1586/2144/1009 1587/2197/1107 1584/2199/1106
f 1584/2199/1106 1587/2197/1107 1585/2198/1040 1582/2200/1038
f 1580/2148/1007 1583/2146/1008 1584/2199/1106 1581/2201/1105
f 1581/2201/1105 1584/2199/1106 1582/2200/1038 1579/2202/1116
f 1577/2150/1006 1580/2148/1007 1581/2201/1105 1578/2203/1104
f 1578/2203/1104 1581/2201/1105 1579/2202/1116 1576/2204/1035
f 1574/2152/1005 1577/2150/1006 1578/2203/1104 1575/2205/1103
f 1575/2205/1103 1578/2203/1104 1576/2204/1035 1573/2206/1033
f 1571/2154/1004 1574/2152/1005 1575/2205/1103 1572/2207/1102
f 1572/2207/1102 1575/2205/1103 1573/2206/1033 1570/2208/1031
f 1568/2160/1003 1571/2154/1004 1572/2207/1102 1569/2209/1101
f 1569/2209/1101 1572/2207/1102 1570/2208/1031 1567/2210/1029
f 1565/2162/1001 1568/2160/1003 1569/2209/1101 1566/2211/1100
f 1566/2211/1100 1569/2209/1101 1567/2210/1029 1564/2212/1027
f 1562/2164/1000 1565/2162/1001 1566/2211/1100 1563/2213/1099
f 1563/2213/1099 1566/2211/1100 1564/2212/1027 1561/2214/1025
f 1559/2132/999 1562/2164/1000 1563/2213/1099 1560/2215/1098
f 1560/2215/1098 1563/2213/1099 1561/2214/1025 1558/2216/1023
f 1555/2101/1114 1559/2132/999 1560/2215/1098 1557/2181/1097
f 1557/2181/1097 1560/2215/1098 1558/2216/1023 1556/2183/1022
f 1606/2136/1016 1603/2135/1017 1605/2217/1094 1608/2185/1113
f 1608/2185/1113 1605/2217/1094 1604/2218/1018 1607/2187/1020
f 1603/2135/1017 1549/2166/997 1551/2219/1095 1605/2217/1094
f 1605/2217/1094 1551/2219/1095 1550/2220/992 1604/2218/1018
f 1549/2166/997 1553/2102/996 1554/2182/1096 1551/2219/1095
f 1551/2219/1095 1554/2182/1096 1552/2184/993 1550/2220/992
f 1530/2170/991 1550/2169/992 1552/2126/993 1531/2125/994
f 1664/1987/1072 1609/2015/1092 1611/2221/1117 1665/2222/1118
f 1665/2222/1118 1611/2221/1117 1610/1993/1076 1663/2007/1085
f 1609/2015/1092 1612/2000/1078 1614/2223/1119 1611/2221/1117
f 1611/2221/1117 1614/2223/1119 1613/1994/1077 1610/1993/1076
f 1612/2000/1078 1615/1980/1069 1617/2224/1120 1614/2223/1119
f 1614/2223/1119 1617/2224/1120 1616/2009/1087 1613/1994/1077
f 1615/1980/1069 1618/1979/1068 1620/2225/1121 1617/2224/1120
f 1617/2224/1120 1620/2225/1121 1619/2010/1088 1616/2009/1087
f 1618/1979/1068 1621/1946/1057 1623/2226/1122 1620/2225/1121
f 1620/2225/1121 1623/2226/1122 1622/2001/1079 1619/2010/1088
f 1621/1946/1057 1624/1945/1056 1626/2227/1123 1623/2226/1122
f 1623/2226/1122 1626/2227/1123 1625/2002/1080 1622/2001/1079
f 1624/1945/1056 1627/1982/1070 1629/2228/1124 1626/2227/1123
f 1626/2227/1123 1629/2228/1124 1628/2013/1091 1625/2002/1080
f 1627/1982/1070 1630/1950/1059 1632/2229/1125 1629/2228/1124
f 1629/2228/1124 1632/2229/1125 1631/2003/1081 1628/2013/1091
f 1630/1950/1059 1633/1949/1058 1635/2230/1126 1632/2229/1125
f 1632/2229/1125 1635/2230/1126 1634/2004/1082 1631/2003/1081
f 1633/1949/1058 1636/1984/1071 1638/2231/1127 1635/2230/1126
f 1635/2230/1126 1638/2231/1127 1637/2008/1086 1634/2004/1082
f 1636/1984/1071 1639/1954/1061 1641/2232/1128 1638/2231/1127
f 1638/2231/1127 1641/2232/1128 1640/2005/1083 1637/2008/1086
f 1639/1954/1061 1642/1953/1060 1644/2233/1129 1641/2232/1128
f 1641/2232/1128 1644/2233/1129 1643/2006/1084 1640/2005/1083
f 1642/1953/1060 1645/1990/1074 1647/2234/1130 1644/2233/1129
f 1644/2233/1129 1647/2234/1130 1646/2011/1089 1643/2006/1084
f 1645/1990/1074 1648/1962/1064 1650/2235/1131 1647/2234/1130
f 1647/2234/1130 1650/2235/1131 1649/1921/1052 1646/2011/1089
f 1648/1962/1064 1651/1961/1063 1653/2236/1132 1650/2235/1131
f 1650/2235/1131 1653/2236/1132 1652/1922/1053 1649/1921/1052
f 1651/1961/1063 1654/1992/1075 1656/2237/1133 1653/2236/1132
f 1653/2236/1132 1656/2237/1133 1655/2012/1090 1652/1922/1053
f 1654/1992/1075 1657/1966/1066 1659/2238/1134 1656/2237/1133
f 1656/2237/1133 1659/2238/1134 1658/1923/1054 1655/2012/1090
f 1657/1966/1066 1660/1965/1065 1662/2239/1135 1659/2238/1134
f 1659/2238/1134 1662/2239/1135 1661/1924/1055 1658/1923/1054
f 1660/1965/1065 1666/1988/1073 1668/2240/1136 1662/2239/1135
f 1662/2239/1135 1668/2240/1136 1667/2016/1093 1661/1924/1055
f 1666/1988/1073 1664/1987/1072 1665/2222/1118 1668/2240/1136
f 1668/2240/1136 1665/2222/1118 1663/2007/1085 1667/2016/1093
f 1420/2014/1019 1427/1999/1051 1612/2000/1078 1609/2015/1092
f 1408/1920/995 1667/2016/1093 1663/2007/1085
f 1791/2241/1037 1792/2242/1039 1737/2243/1137 1731/2244/1138
f 1670/2245/1015 1730/2246/1139 1736/2247/1140 1671/2248/1015
f 1671/2248/1015 1736/2247/1140 1739/2249/1141 1672/2250/1015
f 1672/2250/1015 1739/2249/1141 1742/2251/1142 1673/2252/1015
f 1673/2252/1015 1742/2251/1142 1745/2253/1143 1674/2254/1015
f 1674/2254/1015 1745/2253/1143 1748/2255/1144 1675/2256/1145
f 1675/2256/1145 1748/2255/1144 1751/2257/1146 1676/2258/1145
f 1676/2258/1145 1751/2257/1146 1754/2259/1147 1677/2260/1145
f 1677/2260/1145 1754/2259/1147 1757/2261/1148 1678/2262/1145
f 1678/2262/1145 1757/2261/1148 1760/2263/1149 1679/2264/1145
f 1679/2264/1145 1760/2263/1149 1763/2265/1150 1680/2266/1015
f 1680/2266/1015 1763/2265/1150 1766/2267/1151 1681/2268/1015
f 1681/2268/1015 1766/2267/1151 1769/2269/1152 1682/2270/1015
f 1682/2270/1015 1769/2269/1152 1772/2271/1153 1683/2272/1015
f 1683/2272/1015 1772/2271/1153 1775/2273/1154 1684/2274/1015
f 1684/2274/1015 1775/2273/1154 1778/2275/1155 1685/2276/1015
f 1685/2276/1015 1778/2275/1155 1781/2277/1156 1686/2278/1015
f 1686/2278/1015 1781/2277/1156 1784/2279/1157 1687/2280/1015
f 1722/2281/995 1697/2282/995 1699/2283/995 1723/2284/995
f 1687/2280/1015 1784/2279/1157 1787/2285/1158 1688/2286/1145
f 1688/2286/1145 1787/2285/1158 1734/2287/1159 1669/2288/1015
f 1790/2289/572 1791/2241/1037 1731/2244/1138 1733/2290/1160
f 1793/2291/1034 1790/2289/572 1733/2290/1160 1788/2292/1161
f 1794/2293/1041 1795/2294/1043 1743/2295/1162 1740/2296/1163
f 1795/2294/1043 1796/2297/1045 1746/2298/1164 1743/2295/1162
f 1796/2299/1045 1797/2300/1047 1749/2301/1165 1746/2302/1164
f 1797/2300/1047 1798/2303/1049 1752/2304/1166 1749/2301/1165
f 1798/2303/1049 1799/2305/1051 1755/2306/1167 1752/2304/1166
f 1799/2305/1051 1800/2307/1019 1758/2308/1168 1755/2306/1167
f 1800/2307/1019 1801/2309/591 1761/2310/1169 1758/2308/1168
f 1801/2309/591 1802/2311/991 1764/2312/1170 1761/2310/1169
f 1802/2311/991 1803/2313/994 1767/2314/1171 1764/2312/1170
f 1803/2313/994 1804/2315/1021 1770/2316/1172 1767/2314/1171
f 1804/2315/1021 1805/2317/1024 1773/2318/1173 1770/2316/1172
f 1805/2317/1024 1806/2319/1026 1776/2320/1174 1773/2318/1173
f 1806/2319/1026 1807/2321/1028 1779/2322/1175 1776/2320/1174
f 1807/2321/1028 1808/2323/1030 1782/2324/1176 1779/2322/1175
f 1808/2323/1030 1809/2325/1032 1785/2326/1177 1782/2324/1176
f 1809/2325/1032 1793/2291/1034 1788/2292/1161 1785/2326/1177
f 1792/2242/1039 1794/2293/1041 1740/2296/1163 1737/2243/1137
f 1689/2327/1015 1933/2328/1178 1930/2329/1179
f 1689/2327/1015 1942/2330/1180 1939/2331/1181
f 1715/2332/995 1698/2333/995 1700/2334/995 1716/2335/995
f 1729/2336/995 1707/2337/995 1690/2338/995 1728/2339/995
f 1723/2284/995 1699/2283/995 1702/2340/995 1724/2341/995
f 1728/2339/995 1690/2338/995 1701/2342/995 1726/2343/995
f 1716/2335/995 1700/2334/995 1704/2344/995 1717/2345/995
f 1718/2346/995 1705/2347/995 1691/2348/995 1719/2349/995
f 1694/2350/1026 1902/2351/1182 1905/2352/1183 1696/2353/1024
f 1700/2354/994 1911/2355/1184 1914/2356/1185 1704/2357/991
f 1691/2358/1019 1920/2359/1186 1923/2360/1187 1693/2361/1051
f 1711/2362/995 1709/2363/995 1692/2364/995 1712/2365/995
f 1697/2366/1067 1929/2367/1188 1932/2368/1189 1699/2369/1045
f 1703/2370/1041 1938/2371/1190 1941/2372/1191 1706/2373/1039
f 1726/2343/995 1701/2342/995 1708/2374/995 1710/2375/995
f 1719/2349/995 1691/2348/995 1693/2376/995 1720/2377/995
f 1724/2341/995 1702/2340/995 1703/2378/995 1725/2379/995
f 1717/2345/995 1704/2344/995 1705/2347/995 1718/2346/995
f 1720/2377/995 1693/2376/995 1695/2380/995 1721/2381/995
f 1727/2382/995 1706/2383/995 1707/2337/995 1729/2336/995
f 1709/2384/1030 1896/2385/1192 1899/2386/1193 1692/2387/1062
f 1696/2353/1024 1905/2352/1183 1908/2388/1194 1698/2389/1021
f 1704/2357/991 1914/2356/1185 1917/2390/1195 1705/2391/591
f 1707/2392/1037 1947/2393/1196 1945/2394/1197 1690/2395/572
f 1693/2361/1051 1923/2360/1187 1926/2396/1198 1695/2397/1049
f 1710/2375/995 1708/2374/995 1709/2363/995 1711/2362/995
f 1699/2369/1045 1932/2368/1189 1935/2398/1199 1702/2399/1043
f 1689/2327/1015 1894/2400/1200 1891/2401/1201
f 1706/2373/1039 1941/2372/1191 1947/2393/1196 1707/2392/1037
f 1713/2402/995 1694/2403/995 1696/2404/995 1714/2405/995
f 1721/2381/995 1695/2380/995 1697/2282/995 1722/2281/995
f 1714/2405/995 1696/2404/995 1698/2333/995 1715/2332/995
f 1725/2379/995 1703/2378/995 1706/2383/995 1727/2382/995
f 1708/2406/1032 1893/2407/1202 1896/2385/1192 1709/2384/1030
f 1689/2327/1015 1906/2408/1203 1903/2409/1204
f 1689/2327/1015 1915/2410/1205 1912/2411/1206
f 1689/2327/1015 1924/2412/1207 1921/2413/1208
f 1689/2327/1015 1891/2401/1201 1944/2414/1209
f 1689/2327/1015 1918/2415/1210 1915/2410/1205
f 1692/2387/1062 1899/2386/1193 1902/2351/1182 1694/2350/1026
f 1689/2327/1015 1921/2413/1208 1918/2415/1210
f 1689/2327/1015 1900/2416/1211 1897/2417/1212
f 1695/2397/1049 1926/2396/1198 1929/2367/1188 1697/2366/1067
f 1689/2327/1015 1903/2409/1204 1900/2416/1211
f 1689/2327/1015 1927/2418/1213 1924/2412/1207
f 1698/2389/1021 1908/2388/1194 1911/2355/1184 1700/2354/994
f 1689/2327/1015 1939/2331/1181 1936/2419/1214
f 1689/2327/1015 1930/2329/1179 1927/2418/1213
f 1689/2327/1015 1909/2420/1215 1906/2408/1203
f 1702/2399/1043 1935/2398/1199 1938/2371/1190 1703/2370/1041
f 1689/2327/1015 1912/2411/1206 1909/2420/1215
f 1690/2395/572 1945/2394/1197 1890/2421/1216 1701/2422/1034
f 1689/2327/1015 1936/2419/1214 1933/2328/1178
f 1705/2391/591 1917/2390/1195 1920/2359/1186 1691/2358/1019
f 1689/2327/1015 1948/2423/1217 1942/2330/1180
f 1689/2327/1015 1897/2417/1212 1894/2400/1200
f 1687/2424/1032 1710/2425/1032 1711/2426/1030 1686/2427/1030
f 1671/2428/1039 1727/2429/1039 1729/2430/1037 1670/2431/1037
f 1680/2432/991 1717/2433/991 1718/2434/591 1679/2435/591
f 1673/2436/1043 1724/2437/1043 1725/2438/1041 1672/2439/1041
f 1688/2440/1034 1726/2441/1034 1710/2425/1032 1687/2424/1032
f 1681/2442/994 1716/2443/994 1717/2433/991 1680/2432/991
f 1674/2444/1045 1723/2445/1045 1724/2437/1043 1673/2436/1043
f 1682/2446/1021 1715/2447/1021 1716/2443/994 1681/2442/994
f 1675/2448/1067 1722/2449/1067 1723/2450/1045 1674/2451/1045
f 1672/2439/1041 1725/2438/1041 1727/2429/1039 1671/2428/1039
f 1683/2452/1024 1714/2453/1024 1715/2447/1021 1682/2446/1021
f 1676/2454/1049 1721/2455/1049 1722/2449/1067 1675/2448/1067
f 1684/2456/1026 1713/2457/1026 1714/2453/1024 1683/2452/1024
f 1677/2458/1051 1720/2459/1051 1721/2455/1049 1676/2454/1049
f 1685/2460/1062 1712/2461/1062 1713/2457/1026 1684/2456/1026
f 1678/2462/1019 1719/2463/1019 1720/2459/1051 1677/2458/1051
f 1686/2427/1030 1711/2426/1030 1712/2461/1062 1685/2460/1062
f 1679/2435/591 1718/2434/591 1719/2463/1019 1678/2462/1019
f 1669/2464/572 1728/2465/572 1726/2441/1034 1688/2440/1034
f 1670/2431/1037 1729/2430/1037 1728/2465/572 1669/2464/572
f 1712/2365/995 1692/2364/995 1694/2403/995 1713/2402/995
f 1731/2466/1138 1732/2467/1218 1735/2468/1219 1733/2469/1160
f 1732/2467/1218 1730/2246/1139 1734/2287/1159 1735/2468/1219
f 1737/2470/1137 1738/2471/1220 1732/2467/1218 1731/2466/1138
f 1738/2471/1220 1736/2247/1140 1730/2246/1139 1732/2467/1218
f 1740/2472/1163 1741/2473/1221 1738/2471/1220 1737/2470/1137
f 1741/2473/1221 1739/2249/1141 1736/2247/1140 1738/2471/1220
f 1743/2474/1162 1744/2475/1222 1741/2473/1221 1740/2472/1163
f 1744/2475/1222 1742/2251/1142 1739/2249/1141 1741/2473/1221
f 1746/2476/1164 1747/2477/1223 1744/2475/1222 1743/2474/1162
f 1747/2477/1223 1745/2253/1143 1742/2251/1142 1744/2475/1222
f 1749/2478/1165 1750/2479/1224 1747/2477/1223 1746/2476/1164
f 1750/2479/1224 1748/2255/1144 1745/2253/1143 1747/2477/1223
f 1752/2480/1166 1753/2481/1225 1750/2479/1224 1749/2478/1165
f 1753/2481/1225 1751/2257/1146 1748/2255/1144 1750/2479/1224
f 1755/2482/1167 1756/2483/1226 1753/2481/1225 1752/2480/1166
f 1756/2483/1226 1754/2259/1147 1751/2257/1146 1753/2481/1225
f 1758/2484/1168 1759/2485/1227 1756/2483/1226 1755/2482/1167
f 1759/2485/1227 1757/2261/1148 1754/2259/1147 1756/2483/1226
f 1761/2486/1169 1762/2487/1228 1759/2485/1227 1758/2484/1168
f 1762/2487/1228 1760/2263/1149 1757/2261/1148 1759/2485/1227
f 1764/2488/1170 1765/2489/1229 1762/2487/1228 1761/2486/1169
f 1765/2489/1229 1763/2265/1150 1760/2263/1149 1762/2487/1228
f 1767/2490/1171 1768/2491/1230 1765/2489/1229 1764/2488/1170
f 1768/2491/1230 1766/2267/1151 1763/2265/1150 1765/2489/1229
f 1770/2492/1172 1771/2493/1231 1768/2491/1230 1767/2490/1171
f 1771/2493/1231 1769/2269/1152 1766/2267/1151 1768/2491/1230
f 1773/2494/1173 1774/2495/1232 1771/2493/1231 1770/2492/1172
f 1774/2495/1232 1772/2271/1153 1769/2269/1152 1771/2493/1231
f 1776/2496/1174 1777/2497/1233 1774/2495/1232 1773/2494/1173
f 1777/2497/1233 1775/2273/1154 1772/2271/1153 1774/2495/1232
f 1779/2498/1175 1780/2499/1234 1777/2497/1233 1776/2496/1174
f 1780/2499/1234 1778/2275/1155 1775/2273/1154 1777/2497/1233
f 1782/2500/1176 1783/2501/1235 1780/2499/1234 1779/2498/1175
f 1783/2501/1235 1781/2277/1156 1778/2275/1155 1780/2499/1234
f 1785/2502/1177 1786/2503/1236 1783/2501/1235 1782/2500/1176
f 1786/2503/1236 1784/2279/1157 1781/2277/1156 1783/2501/1235
f 1788/2504/1161 1789/2505/1237 1786/2503/1236 1785/2502/1177
f 1789/2505/1237 1787/2285/1158 1784/2279/1157 1786/2503/1236
f 1733/2469/1160 1735/2468/1219 1789/2505/1237 1788/2504/1161
f 1735/2468/1219 1734/2287/1159 1787/2285/1158 1789/2505/1237
f 1669/2288/1015 1734/2287/1159 1730/2246/1139 1670/2245/1015
f 1792/2506/1015 1834/2507/1140 1836/2508/1238 1794/2509/1015
f 1807/2510/1015 1876/2511/1155 1879/2512/1156 1808/2513/1015
f 1829/2514/1034 1810/2515/572 1885/2516/1160 1888/2517/1161
f 1826/2518/1062 1827/2519/1030 1878/2520/1239 1875/2521/1175
f 1813/2522/1041 1814/2523/1043 1839/2524/1162 1837/2525/1163
f 1827/2519/1030 1828/2526/1032 1881/2527/1177 1878/2520/1239
f 1814/2523/1043 1815/2528/1045 1842/2529/1164 1839/2524/1162
f 1828/2526/1032 1829/2514/1034 1888/2517/1161 1881/2527/1177
f 1815/2530/1045 1816/2531/1047 1845/2532/1165 1842/2533/1164
f 1812/2534/1039 1813/2522/1041 1837/2525/1163 1833/2535/1137
f 1816/2531/1047 1817/2536/1049 1848/2537/1166 1845/2532/1165
f 1794/2509/1015 1836/2508/1238 1840/2538/1142 1795/2539/1015
f 1793/2540/1015 1887/2541/1158 1884/2542/1159 1790/2543/1015
f 1809/2544/1015 1882/2545/1240 1887/2541/1158 1793/2540/1015
f 1808/2513/1015 1879/2512/1156 1882/2545/1240 1809/2544/1015
f 1806/2546/1015 1873/2547/1154 1876/2511/1155 1807/2510/1015
f 1805/2548/1015 1870/2549/1153 1873/2547/1154 1806/2546/1015
f 1804/2550/1015 1867/2551/1152 1870/2549/1153 1805/2548/1015
f 1803/2552/1015 1864/2553/1151 1867/2551/1152 1804/2550/1015
f 1802/2554/1015 1861/2555/1150 1864/2553/1151 1803/2552/1015
f 1801/2556/1015 1858/2557/1149 1861/2555/1150 1802/2554/1015
f 1800/2558/1015 1855/2559/1148 1858/2557/1149 1801/2556/1015
f 1799/2560/1015 1852/2561/1147 1855/2559/1148 1800/2558/1015
f 1818/2562/1051 1819/2563/1019 1854/2564/1168 1851/2565/1167
f 1798/2566/1015 1849/2567/1146 1852/2561/1147 1799/2560/1015
f 1797/2568/1015 1846/2569/1144 1849/2567/1146 1798/2566/1015
f 1796/2570/1015 1843/2571/1143 1846/2569/1144 1797/2568/1015
f 1795/2539/1015 1840/2538/1142 1843/2571/1143 1796/2570/1015
f 1790/2543/1015 1884/2542/1159 1830/2572/1139 1791/2573/1015
f 1791/2573/1015 1830/2572/1139 1834/2507/1140 1792/2506/1015
f 1825/2574/1026 1826/2518/1062 1875/2521/1175 1872/2575/1174
f 1810/2515/572 1811/2576/1037 1831/2577/1138 1885/2516/1160
f 1824/2578/1024 1825/2574/1026 1872/2575/1174 1869/2579/1173
f 1823/2580/1021 1824/2578/1024 1869/2579/1173 1866/2581/1241
f 1822/2582/994 1823/2580/1021 1866/2581/1241 1863/2583/1171
f 1821/2584/991 1822/2582/994 1863/2583/1171 1860/2585/1242
f 1820/2586/591 1821/2584/991 1860/2585/1242 1857/2587/1169
f 1819/2563/1019 1820/2586/591 1857/2587/1169 1854/2564/1168
f 1817/2536/1049 1818/2562/1051 1851/2565/1167 1848/2537/1166
f 1834/2507/1140 1835/2588/1220 1838/2589/1221 1836/2508/1238
f 1835/2588/1220 1833/2590/1137 1837/2591/1163 1838/2589/1221
f 1882/2545/1240 1883/2592/1236 1889/2593/1237 1887/2541/1158
f 1883/2592/1236 1881/2594/1177 1888/2595/1161 1889/2593/1237
f 1879/2512/1156 1880/2596/1235 1883/2592/1236 1882/2545/1240
f 1880/2596/1235 1878/2597/1239 1881/2594/1177 1883/2592/1236
f 1876/2511/1155 1877/2598/1234 1880/2596/1235 1879/2512/1156
f 1877/2598/1234 1875/2599/1175 1878/2597/1239 1880/2596/1235
f 1873/2547/1154 1874/2600/1233 1877/2598/1234 1876/2511/1155
f 1874/2600/1233 1872/2601/1174 1875/2599/1175 1877/2598/1234
f 1870/2549/1153 1871/2602/1232 1874/2600/1233 1873/2547/1154
f 1871/2602/1232 1869/2603/1173 1872/2601/1174 1874/2600/1233
f 1867/2551/1152 1868/2604/1231 1871/2602/1232 1870/2549/1153
f 1868/2604/1231 1866/2605/1241 1869/2603/1173 1871/2602/1232
f 1864/2553/1151 1865/2606/1230 1868/2604/1231 1867/2551/1152
f 1865/2606/1230 1863/2607/1171 1866/2605/1241 1868/2604/1231
f 1861/2555/1150 1862/2608/1229 1865/2606/1230 1864/2553/1151
f 1862/2608/1229 1860/2609/1242 1863/2607/1171 1865/2606/1230
f 1858/2557/1149 1859/2610/1228 1862/2608/1229 1861/2555/1150
f 1859/2610/1228 1857/2611/1169 1860/2609/1242 1862/2608/1229
f 1855/2559/1148 1856/2612/1227 1859/2610/1228 1858/2557/1149
f 1856/2612/1227 1854/2613/1168 1857/2611/1169 1859/2610/1228
f 1852/2561/1147 1853/2614/1226 1856/2612/1227 1855/2559/1148
f 1853/2614/1226 1851/2615/1167 1854/2613/1168 1856/2612/1227
f 1849/2567/1146 1850/2616/1225 1853/2614/1226 1852/2561/1147
f 1850/2616/1225 1848/2617/1166 1851/2615/1167 1853/2614/1226
f 1846/2569/1144 1847/2618/1224 1850/2616/1225 1849/2567/1146
f 1847/2618/1224 1845/2619/1165 1848/2617/1166 1850/2616/1225
f 1843/2571/1143 1844/2620/1223 1847/2618/1224 1846/2569/1144
f 1844/2620/1223 1842/2621/1164 1845/2619/1165 1847/2618/1224
f 1840/2538/1142 1841/2622/1222 1844/2620/1223 1843/2571/1143
f 1841/2622/1222 1839/2623/1162 1842/2621/1164 1844/2620/1223
f 1836/2508/1238 1838/2589/1221 1841/2622/1222 1840/2538/1142
f 1838/2589/1221 1837/2591/1163 1839/2623/1162 1841/2622/1222
f 1887/2541/1158 1889/2593/1237 1886/2624/1219 1884/2542/1159
f 1889/2593/1237 1888/2595/1161 1885/2625/1160 1886/2624/1219
f 1884/2542/1159 1886/2624/1219 1832/2626/1218 1830/2572/1139
f 1886/2624/1219 1885/2625/1160 1831/2627/1138 1832/2626/1218
f 1830/2572/1139 1832/2626/1218 1835/2588/1220 1834/2507/1140
f 1832/2626/1218 1831/2627/1138 1833/2590/1137 1835/2588/1220
f 1811/2576/1037 1812/2534/1039 1833/2535/1137 1831/2577/1138
f 1945/2394/1197 1946/2628/1243 1892/2629/1244 1890/2421/1216
f 1946/2628/1243 1944/2414/1209 1891/2401/1201 1892/2629/1244
f 1890/2421/1216 1892/2629/1244 1895/2630/1245 1893/2407/1202
f 1892/2629/1244 1891/2401/1201 1894/2400/1200 1895/2630/1245
f 1893/2407/1202 1895/2630/1245 1898/2631/1246 1896/2385/1192
f 1895/2630/1245 1894/2400/1200 1897/2417/1212 1898/2631/1246
f 1896/2385/1192 1898/2631/1246 1901/2632/1247 1899/2386/1193
f 1898/2631/1246 1897/2417/1212 1900/2416/1211 1901/2632/1247
f 1899/2386/1193 1901/2632/1247 1904/2633/1248 1902/2351/1182
f 1901/2632/1247 1900/2416/1211 1903/2409/1204 1904/2633/1248
f 1902/2351/1182 1904/2633/1248 1907/2634/1249 1905/2352/1183
f 1904/2633/1248 1903/2409/1204 1906/2408/1203 1907/2634/1249
f 1905/2352/1183 1907/2634/1249 1910/2635/1250 1908/2388/1194
f 1907/2634/1249 1906/2408/1203 1909/2420/1215 1910/2635/1250
f 1908/2388/1194 1910/2635/1250 1913/2636/1251 1911/2355/1184
f 1910/2635/1250 1909/2420/1215 1912/2411/1206 1913/2636/1251
f 1911/2355/1184 1913/2636/1251 1916/2637/1252 1914/2356/1185
f 1913/2636/1251 1912/2411/1206 1915/2410/1205 1916/2637/1252
f 1914/2356/1185 1916/2637/1252 1919/2638/1253 1917/2390/1195
f 1916/2637/1252 1915/2410/1205 1918/2415/1210 1919/2638/1253
f 1917/2390/1195 1919/2638/1253 1922/2639/1254 1920/2359/1186
f 1919/2638/1253 1918/2415/1210 1921/2413/1208 1922/2639/1254
f 1920/2359/1186 1922/2639/1254 1925/2640/1255 1923/2360/1187
f 1922/2639/1254 1921/2413/1208 1924/2412/1207 1925/2640/1255
f 1923/2360/1187 1925/2640/1255 1928/2641/1256 1926/2396/1198
f 1925/2640/1255 1924/2412/1207 1927/2418/1213 1928/2641/1256
f 1926/2396/1198 1928/2641/1256 1931/2642/1257 1929/2367/1188
f 1928/2641/1256 1927/2418/1213 1930/2329/1179 1931/2642/1257
f 1929/2367/1188 1931/2642/1257 1934/2643/1258 1932/2368/1189
f 1931/2642/1257 1930/2329/1179 1933/2328/1178 1934/2643/1258
f 1932/2368/1189 1934/2643/1258 1937/2644/1259 1935/2398/1199
f 1934/2643/1258 1933/2328/1178 1936/2419/1214 1937/2644/1259
f 1935/2398/1199 1937/2644/1259 1940/2645/1260 1938/2371/1190
f 1937/2644/1259 1936/2419/1214 1939/2331/1181 1940/2645/1260
f 1938/2371/1190 1940/2645/1260 1943/2646/1261 1941/2372/1191
f 1940/2645/1260 1939/2331/1181 1942/2330/1180 1943/2646/1261
f 1941/2372/1191 1943/2646/1261 1949/2647/1262 1947/2393/1196
f 1943/2646/1261 1942/2330/1180 1948/2423/1217 1949/2647/1262
f 1947/2393/1196 1949/2647/1262 1946/2628/1243 1945/2394/1197
f 1949/2647/1262 1948/2423/1217 1944/2414/1209 1946/2628/1243
f 1701/2422/1034 1890/2421/1216 1893/2407/1202 1708/2406/1032
f 1689/2327/1015 1944/2414/1209 1948/2423/1217
f 2072/2648/888 2012/2649/1263 2018/2650/1264 2073/2651/890
f 1951/2652/867 1952/2653/867 2017/2654/1265 2011/2655/1266
f 1952/2653/867 1953/2656/867 2020/2657/1267 2017/2654/1265
f 1953/2656/867 1954/2658/867 2023/2659/1268 2020/2657/1267
f 1954/2658/867 1955/2660/867 2026/2661/1269 2023/2659/1268
f 1955/2660/867 1956/2662/867 2029/2663/1270 2026/2661/1269
f 1956/2662/867 1957/2664/1271 2032/2665/1272 2029/2663/1270
f 1957/2664/1271 1958/2666/1271 2035/2667/1273 2032/2665/1272
f 1958/2666/1271 1959/2668/1271 2038/2669/1274 2035/2667/1273
f 1959/2668/1271 1960/2670/1271 2041/2671/1275 2038/2669/1274
f 1960/2670/1271 1961/2672/867 2044/2673/1276 2041/2671/1275
f 1961/2672/867 1962/2674/867 2047/2675/1277 2044/2673/1276
f 1962/2674/867 1963/2676/867 2050/2677/1278 2047/2675/1277
f 1963/2676/867 1964/2678/867 2053/2679/1279 2050/2677/1278
f 1964/2678/867 1965/2680/867 2056/2681/1280 2053/2679/1279
f 1965/2680/867 1966/2682/867 2059/2683/1281 2056/2681/1280
f 1966/2682/867 1967/2684/867 2062/2685/1282 2059/2683/1281
f 1967/2684/867 1968/2686/867 2065/2687/1283 2062/2685/1282
f 2003/2688/847 2004/2689/847 1980/2690/847 1978/2691/847
f 1968/2686/867 1969/2692/1271 2068/2693/1284 2065/2687/1283
f 1969/2692/1271 1950/2694/867 2015/2695/1285 2068/2693/1284
f 2071/2696/720 2014/2697/1286 2012/2649/1263 2072/2648/888
f 2074/2698/885 2069/2699/1287 2014/2697/1286 2071/2696/720
f 2075/2700/892 2021/2701/1288 2024/2702/1289 2076/2703/894
f 2076/2704/894 2024/2705/1289 2027/2706/1290 2077/2707/896
f 2077/2707/896 2027/2706/1290 2030/2708/1291 2078/2709/898
f 2078/2709/898 2030/2708/1291 2033/2710/1292 2079/2711/900
f 2079/2711/900 2033/2710/1292 2036/2712/1293 2080/2713/902
f 2080/2713/902 2036/2712/1293 2039/2714/1294 2081/2715/871
f 2081/2715/871 2039/2714/1294 2042/2716/1295 2082/2717/738
f 2082/2717/738 2042/2716/1295 2045/2718/1296 2083/2719/843
f 2083/2719/843 2045/2718/1296 2048/2720/1297 2084/2721/844
f 2084/2721/844 2048/2720/1297 2051/2722/1298 2085/2723/873
f 2085/2723/873 2051/2722/1298 2054/2724/1299 2086/2725/874
f 2086/2725/874 2054/2724/1299 2057/2726/1300 2087/2727/877
f 2087/2727/877 2057/2726/1300 2060/2728/1301 2088/2729/879
f 2088/2729/879 2060/2728/1301 2063/2730/1302 2089/2731/881
f 2089/2731/881 2063/2730/1302 2066/2732/1303 2090/2733/883
f 2090/2733/883 2066/2732/1303 2069/2699/1287 2074/2698/885
f 2073/2651/890 2018/2650/1264 2021/2701/1288 2075/2700/892
f 1970/2734/867 2211/2735/1304 2214/2736/1305
f 1970/2734/867 2220/2737/1306 2223/2738/1307
f 1996/2739/847 1997/2740/847 1981/2741/847 1979/2742/847
f 2010/2743/847 2009/2744/847 1971/2745/847 1988/2746/847
f 2004/2689/847 2005/2747/847 1983/2748/847 1980/2690/847
f 2009/2744/847 2007/2749/847 1982/2750/847 1971/2745/847
f 1997/2740/847 1998/2751/847 1985/2752/847 1981/2741/847
f 1999/2753/847 2000/2754/847 1972/2755/847 1986/2756/847
f 1975/2757/877 1977/2758/874 2186/2759/1308 2183/2760/1309
f 1981/2761/844 1985/2762/843 2195/2763/1310 2192/2764/1311
f 1972/2765/871 1974/2766/902 2204/2767/1312 2201/2768/1313
f 1992/2769/847 1993/2770/847 1973/2771/847 1990/2772/847
f 1978/2773/921 1980/2774/896 2213/2775/1314 2210/2776/1315
f 1984/2777/892 1987/2778/890 2222/2779/1316 2219/2780/1317
f 2007/2749/847 1991/2781/847 1989/2782/847 1982/2750/847
f 2000/2754/847 2001/2783/847 1974/2784/847 1972/2755/847
f 2005/2747/847 2006/2785/847 1984/2786/847 1983/2748/847
f 1998/2751/847 1999/2753/847 1986/2756/847 1985/2752/847
f 2001/2783/847 2002/2787/847 1976/2788/847 1974/2784/847
f 2008/2789/847 2010/2743/847 1988/2746/847 1987/2790/847
f 1990/2791/881 1973/2792/914 2180/2793/1318 2177/2794/1319
f 1977/2758/874 1979/2795/873 2189/2796/1320 2186/2759/1308
f 1985/2762/843 1986/2797/738 2198/2798/1321 2195/2763/1310
f 1988/2799/888 1971/2800/720 2226/2801/1322 2228/2802/1323
f 1974/2766/902 1976/2803/900 2207/2804/1324 2204/2767/1312
f 1991/2781/847 1992/2769/847 1990/2772/847 1989/2782/847
f 1980/2774/896 1983/2805/894 2216/2806/1325 2213/2775/1314
f 1970/2734/867 2172/2807/1326 2175/2808/1327
f 1987/2778/890 1988/2799/888 2228/2802/1323 2222/2779/1316
f 1994/2809/847 1995/2810/847 1977/2811/847 1975/2812/847
f 2002/2787/847 2003/2688/847 1978/2691/847 1976/2788/847
f 1995/2810/847 1996/2739/847 1979/2742/847 1977/2811/847
f 2006/2785/847 2008/2789/847 1987/2790/847 1984/2786/847
f 1989/2813/883 1990/2791/881 2177/2794/1319 2174/2814/1328
f 1970/2734/867 2184/2815/1329 2187/2816/1330
f 1970/2734/867 2193/2817/1331 2196/2818/1332
f 1970/2734/867 2202/2819/1333 2205/2820/1334
f 1970/2734/867 2225/2821/1335 2172/2807/1326
f 1970/2734/867 2196/2818/1332 2199/2822/1336
f 1973/2792/914 1975/2757/877 2183/2760/1309 2180/2793/1318
f 1970/2734/867 2199/2822/1336 2202/2819/1333
f 1970/2734/867 2178/2823/1337 2181/2824/1338
f 1976/2803/900 1978/2773/921 2210/2776/1315 2207/2804/1324
f 1970/2734/867 2181/2824/1338 2184/2815/1329
f 1970/2734/867 2205/2820/1334 2208/2825/1339
f 1979/2795/873 1981/2761/844 2192/2764/1311 2189/2796/1320
f 1970/2734/867 2217/2826/1340 2220/2737/1306
f 1970/2734/867 2208/2825/1339 2211/2735/1304
f 1970/2734/867 2187/2816/1330 2190/2827/1341
f 1983/2805/894 1984/2777/892 2219/2780/1317 2216/2806/1325
f 1970/2734/867 2190/2827/1341 2193/2817/1331
f 1971/2800/720 1982/2828/885 2171/2829/1342 2226/2801/1322
f 1970/2734/867 2214/2736/1305 2217/2826/1340
f 1986/2797/738 1972/2765/871 2201/2768/1313 2198/2798/1321
f 1970/2734/867 2223/2738/1307 2229/2830/1343
f 1970/2734/867 2175/2808/1327 2178/2823/1337
f 1968/2831/883 1967/2832/881 1992/2833/881 1991/2834/883
f 1952/2835/890 1951/2836/888 2010/2837/888 2008/2838/890
f 1961/2839/843 1960/2840/738 1999/2841/738 1998/2842/843
f 1954/2843/894 1953/2844/892 2006/2845/892 2005/2846/894
f 1969/2847/885 1968/2831/883 1991/2834/883 2007/2848/885
f 1962/2849/844 1961/2839/843 1998/2842/843 1997/2850/844
f 1955/2851/896 1954/2852/894 2005/2853/894 2004/2854/896
f 1963/2855/873 1962/2849/844 1997/2850/844 1996/2856/873
f 1956/2857/898 1955/2851/896 2004/2854/896 2003/2858/898
f 1953/2844/892 1952/2835/890 2008/2838/890 2006/2845/892
f 1964/2859/874 1963/2855/873 1996/2856/873 1995/2860/874
f 1957/2861/900 1956/2857/898 2003/2858/898 2002/2862/900
f 1965/2863/877 1964/2859/874 1995/2860/874 1994/2864/877
f 1958/2865/902 1957/2861/900 2002/2862/900 2001/2866/902
f 1966/2867/914 1965/2863/877 1994/2864/877 1993/2868/914
f 1959/2869/871 1958/2865/902 2001/2866/902 2000/2870/871
f 1967/2832/881 1966/2867/914 1993/2868/914 1992/2833/881
f 1960/2840/738 1959/2869/871 2000/2870/871 1999/2841/738
f 1950/2871/720 1969/2847/885 2007/2848/885 2009/2872/720
f 1951/2836/888 1950/2871/720 2009/2872/720 2010/2837/888
f 1993/2770/847 1994/2809/847 1975/2812/847 1973/2771/847
f 2012/2873/1263 2014/2874/1286 2016/2875/1344 2013/2876/1345
f 2013/2876/1345 2016/2875/1344 2015/2695/1285 2011/2655/1266
f 2018/2877/1264 2012/2873/1263 2013/2876/1345 2019/2878/1346
f 2019/2878/1346 2013/2876/1345 2011/2655/1266 2017/2654/1265
f 2021/2879/1288 2018/2877/1264 2019/2878/1346 2022/2880/1347
f 2022/2880/1347 2019/2878/1346 2017/2654/1265 2020/2657/1267
f 2024/2881/1289 2021/2879/1288 2022/2880/1347 2025/2882/1348
f 2025/2882/1348 2022/2880/1347 2020/2657/1267 2023/2659/1268
f 2027/2883/1290 2024/2881/1289 2025/2882/1348 2028/2884/1349
f 2028/2884/1349 2025/2882/1348 2023/2659/1268 2026/2661/1269
f 2030/2885/1291 2027/2883/1290 2028/2884/1349 2031/2886/1350
f 2031/2886/1350 2028/2884/1349 2026/2661/1269 2029/2663/1270
f 2033/2887/1292 2030/2885/1291 2031/2886/1350 2034/2888/1351
f 2034/2888/1351 2031/2886/1350 2029/2663/1270 2032/2665/1272
f 2036/2889/1293 2033/2887/1292 2034/2888/1351 2037/2890/1352
f 2037/2890/1352 2034/2888/1351 2032/2665/1272 2035/2667/1273
f 2039/2891/1294 2036/2889/1293 2037/2890/1352 2040/2892/1353
f 2040/2892/1353 2037/2890/1352 2035/2667/1273 2038/2669/1274
f 2042/2893/1295 2039/2891/1294 2040/2892/1353 2043/2894/1354
f 2043/2894/1354 2040/2892/1353 2038/2669/1274 2041/2671/1275
f 2045/2895/1296 2042/2893/1295 2043/2894/1354 2046/2896/1355
f 2046/2896/1355 2043/2894/1354 2041/2671/1275 2044/2673/1276
f 2048/2897/1297 2045/2895/1296 2046/2896/1355 2049/2898/1356
f 2049/2898/1356 2046/2896/1355 2044/2673/1276 2047/2675/1277
f 2051/2899/1298 2048/2897/1297 2049/2898/1356 2052/2900/1357
f 2052/2900/1357 2049/2898/1356 2047/2675/1277 2050/2677/1278
f 2054/2901/1299 2051/2899/1298 2052/2900/1357 2055/2902/1358
f 2055/2902/1358 2052/2900/1357 2050/2677/1278 2053/2679/1279
f 2057/2903/1300 2054/2901/1299 2055/2902/1358 2058/2904/1359
f 2058/2904/1359 2055/2902/1358 2053/2679/1279 2056/2681/1280
f 2060/2905/1301 2057/2903/1300 2058/2904/1359 2061/2906/1360
f 2061/2906/1360 2058/2904/1359 2056/2681/1280 2059/2683/1281
f 2063/2907/1302 2060/2905/1301 2061/2906/1360 2064/2908/1361
f 2064/2908/1361 2061/2906/1360 2059/2683/1281 2062/2685/1282
f 2066/2909/1303 2063/2907/1302 2064/2908/1361 2067/2910/1362
f 2067/2910/1362 2064/2908/1361 2062/2685/1282 2065/2687/1283
f 2069/2911/1287 2066/2909/1303 2067/2910/1362 2070/2912/1363
f 2070/2912/1363 2067/2910/1362 2065/2687/1283 2068/2693/1284
f 2014/2874/1286 2069/2911/1287 2070/2912/1363 2016/2875/1344
f 2016/2875/1344 2070/2912/1363 2068/2693/1284 2015/2695/1285
f 1950/2694/867 1951/2652/867 2011/2655/1266 2015/2695/1285
f 2073/2913/867 2075/2914/867 2117/2915/1364 2115/2916/1265
f 2088/2917/867 2089/2918/867 2160/2919/1282 2157/2920/1281
f 2110/2921/885 2169/2922/1287 2166/2923/1286 2091/2924/720
f 2107/2925/914 2156/2926/1301 2159/2927/1365 2108/2928/881
f 2094/2929/892 2118/2930/1288 2120/2931/1289 2095/2932/894
f 2108/2928/881 2159/2927/1365 2162/2933/1303 2109/2934/883
f 2095/2935/894 2120/2936/1289 2123/2937/1290 2096/2938/896
f 2109/2934/883 2162/2933/1303 2169/2922/1287 2110/2921/885
f 2096/2938/896 2123/2937/1290 2126/2939/1291 2097/2940/898
f 2093/2941/890 2114/2942/1264 2118/2930/1288 2094/2929/892
f 2097/2940/898 2126/2939/1291 2129/2943/1292 2098/2944/900
f 2075/2914/867 2076/2945/867 2121/2946/1268 2117/2915/1364
f 2074/2947/867 2071/2948/867 2165/2949/1285 2168/2950/1284
f 2090/2951/867 2074/2947/867 2168/2950/1284 2163/2952/1283
f 2089/2918/867 2090/2951/867 2163/2952/1283 2160/2919/1282
f 2087/2953/867 2088/2917/867 2157/2920/1281 2154/2954/1280
f 2086/2955/867 2087/2953/867 2154/2954/1280 2151/2956/1279
f 2085/2957/867 2086/2955/867 2151/2956/1279 2148/2958/1278
f 2084/2959/867 2085/2957/867 2148/2958/1278 2145/2960/1277
f 2083/2961/867 2084/2959/867 2145/2960/1277 2142/2962/1276
f 2082/2963/867 2083/2961/867 2142/2962/1276 2139/2964/1275
f 2081/2965/867 2082/2963/867 2139/2964/1275 2136/2966/1274
f 2080/2967/867 2081/2965/867 2136/2966/1274 2133/2968/1273
f 2099/2969/902 2132/2970/1293 2135/2971/1294 2100/2972/871
f 2079/2973/867 2080/2967/867 2133/2968/1273 2130/2974/1272
f 2078/2975/867 2079/2973/867 2130/2974/1272 2127/2976/1270
f 2077/2977/867 2078/2975/867 2127/2976/1270 2124/2978/1269
f 2076/2945/867 2077/2977/867 2124/2978/1269 2121/2946/1268
f 2071/2948/867 2072/2979/867 2111/2980/1266 2165/2949/1285
f 2072/2979/867 2073/2913/867 2115/2916/1265 2111/2980/1266
f 2106/2981/877 2153/2982/1300 2156/2926/1301 2107/2925/914
f 2091/2924/720 2166/2923/1286 2112/2983/1263 2092/2984/888
f 2105/2985/874 2150/2986/1299 2153/2982/1300 2106/2981/877
f 2104/2987/873 2147/2988/1298 2150/2986/1299 2105/2985/874
f 2103/2989/844 2144/2990/1297 2147/2988/1298 2104/2987/873
f 2102/2991/843 2141/2992/1366 2144/2990/1297 2103/2989/844
f 2101/2993/738 2138/2994/1295 2141/2992/1366 2102/2991/843
f 2100/2972/871 2135/2971/1294 2138/2994/1295 2101/2993/738
f 2098/2944/900 2129/2943/1292 2132/2970/1293 2099/2969/902
f 2115/2916/1265 2117/2915/1364 2119/2995/1347 2116/2996/1346
f 2116/2996/1346 2119/2995/1347 2118/2997/1288 2114/2998/1264
f 2163/2952/1283 2168/2950/1284 2170/2999/1363 2164/3000/1362
f 2164/3000/1362 2170/2999/1363 2169/3001/1287 2162/3002/1303
f 2160/2919/1282 2163/2952/1283 2164/3000/1362 2161/3003/1361
f 2161/3003/1361 2164/3000/1362 2162/3002/1303 2159/3004/1365
f 2157/2920/1281 2160/2919/1282 2161/3003/1361 2158/3005/1360
f 2158/3005/1360 2161/3003/1361 2159/3004/1365 2156/3006/1301
f 2154/2954/1280 2157/2920/1281 2158/3005/1360 2155/3007/1359
f 2155/3007/1359 2158/3005/1360 2156/3006/1301 2153/3008/1300
f 2151/2956/1279 2154/2954/1280 2155/3007/1359 2152/3009/1358
f 2152/3009/1358 2155/3007/1359 2153/3008/1300 2150/3010/1299
f 2148/2958/1278 2151/2956/1279 2152/3009/1358 2149/3011/1357
f 2149/3011/1357 2152/3009/1358 2150/3010/1299 2147/3012/1298
f 2145/2960/1277 2148/2958/1278 2149/3011/1357 2146/3013/1356
f 2146/3013/1356 2149/3011/1357 2147/3012/1298 2144/3014/1297
f 2142/2962/1276 2145/2960/1277 2146/3013/1356 2143/3015/1355
f 2143/3015/1355 2146/3013/1356 2144/3014/1297 2141/3016/1366
f 2139/2964/1275 2142/2962/1276 2143/3015/1355 2140/3017/1354
f 2140/3017/1354 2143/3015/1355 2141/3016/1366 2138/3018/1295
f 2136/2966/1274 2139/2964/1275 2140/3017/1354 2137/3019/1353
f 2137/3019/1353 2140/3017/1354 2138/3018/1295 2135/3020/1294
f 2133/2968/1273 2136/2966/1274 2137/3019/1353 2134/3021/1352
f 2134/3021/1352 2137/3019/1353 2135/3020/1294 2132/3022/1293
f 2130/2974/1272 2133/2968/1273 2134/3021/1352 2131/3023/1351
f 2131/3023/1351 2134/3021/1352 2132/3022/1293 2129/3024/1292
f 2127/2976/1270 2130/2974/1272 2131/3023/1351 2128/3025/1350
f 2128/3025/1350 2131/3023/1351 2129/3024/1292 2126/3026/1291
f 2124/2978/1269 2127/2976/1270 2128/3025/1350 2125/3027/1349
f 2125/3027/1349 2128/3025/1350 2126/3026/1291 2123/3028/1290
f 2121/2946/1268 2124/2978/1269 2125/3027/1349 2122/3029/1348
f 2122/3029/1348 2125/3027/1349 2123/3028/1290 2120/3030/1289
f 2117/2915/1364 2121/2946/1268 2122/3029/1348 2119/2995/1347
f 2119/2995/1347 2122/3029/1348 2120/3030/1289 2118/2997/1288
f 2168/2950/1284 2165/2949/1285 2167/3031/1344 2170/2999/1363
f 2170/2999/1363 2167/3031/1344 2166/3032/1286 2169/3001/1287
f 2165/2949/1285 2111/2980/1266 2113/3033/1345 2167/3031/1344
f 2167/3031/1344 2113/3033/1345 2112/3034/1263 2166/3032/1286
f 2111/2980/1266 2115/2916/1265 2116/2996/1346 2113/3033/1345
f 2113/3033/1345 2116/2996/1346 2114/2998/1264 2112/3034/1263
f 2092/2984/888 2112/2983/1263 2114/2942/1264 2093/2941/890
f 2226/2801/1322 2171/2829/1342 2173/3035/1367 2227/3036/1368
f 2227/3036/1368 2173/3035/1367 2172/2807/1326 2225/2821/1335
f 2171/2829/1342 2174/2814/1328 2176/3037/1369 2173/3035/1367
f 2173/3035/1367 2176/3037/1369 2175/2808/1327 2172/2807/1326
f 2174/2814/1328 2177/2794/1319 2179/3038/1370 2176/3037/1369
f 2176/3037/1369 2179/3038/1370 2178/2823/1337 2175/2808/1327
f 2177/2794/1319 2180/2793/1318 2182/3039/1371 2179/3038/1370
f 2179/3038/1370 2182/3039/1371 2181/2824/1338 2178/2823/1337
f 2180/2793/1318 2183/2760/1309 2185/3040/1372 2182/3039/1371
f 2182/3039/1371 2185/3040/1372 2184/2815/1329 2181/2824/1338
f 2183/2760/1309 2186/2759/1308 2188/3041/1373 2185/3040/1372
f 2185/3040/1372 2188/3041/1373 2187/2816/1330 2184/2815/1329
f 2186/2759/1308 2189/2796/1320 2191/3042/1374 2188/3041/1373
f 2188/3041/1373 2191/3042/1374 2190/2827/1341 2187/2816/1330
f 2189/2796/1320 2192/2764/1311 2194/3043/1375 2191/3042/1374
f 2191/3042/1374 2194/3043/1375 2193/2817/1331 2190/2827/1341
f 2192/2764/1311 2195/2763/1310 2197/3044/1376 2194/3043/1375
f 2194/3043/1375 2197/3044/1376 2196/2818/1332 2193/2817/1331
f 2195/2763/1310 2198/2798/1321 2200/3045/1377 2197/3044/1376
f 2197/3044/1376 2200/3045/1377 2199/2822/1336 2196/2818/1332
f 2198/2798/1321 2201/2768/1313 2203/3046/1378 2200/3045/1377
f 2200/3045/1377 2203/3046/1378 2202/2819/1333 2199/2822/1336
f 2201/2768/1313 2204/2767/1312 2206/3047/1379 2203/3046/1378
f 2203/3046/1378 2206/3047/1379 2205/2820/1334 2202/2819/1333
f 2204/2767/1312 2207/2804/1324 2209/3048/1380 2206/3047/1379
f 2206/3047/1379 2209/3048/1380 2208/2825/1339 2205/2820/1334
f 2207/2804/1324 2210/2776/1315 2212/3049/1381 2209/3048/1380
f 2209/3048/1380 2212/3049/1381 2211/2735/1304 2208/2825/1339
f 2210/2776/1315 2213/2775/1314 2215/3050/1382 2212/3049/1381
f 2212/3049/1381 2215/3050/1382 2214/2736/1305 2211/2735/1304
f 2213/2775/1314 2216/2806/1325 2218/3051/1383 2215/3050/1382
f 2215/3050/1382 2218/3051/1383 2217/2826/1340 2214/2736/1305
f 2216/2806/1325 2219/2780/1317 2221/3052/1384 2218/3051/1383
f 2218/3051/1383 2221/3052/1384 2220/2737/1306 2217/2826/1340
f 2219/2780/1317 2222/2779/1316 2224/3053/1385 2221/3052/1384
f 2221/3052/1384 2224/3053/1385 2223/2738/1307 2220/2737/1306
f 2222/2779/1316 2228/2802/1323 2230/3054/1386 2224/3053/1385
f 2224/3053/1385 2230/3054/1386 2229/2830/1343 2223/2738/1307
f 2228/2802/1323 2226/2801/1322 2227/3036/1368 2230/3054/1386
f 2230/3054/1386 2227/3036/1368 2225/2821/1335 2229/2830/1343
f 1982/2828/885 1989/2813/883 2174/2814/1328 2171/2829/1342
f 1970/2734/867 2229/2830/1343 2225/2821/1335
f 2353/3055/740 2293/3056/1387 2299/3057/1388 2354/3058/742
f 2232/3059/717 2233/3060/717 2298/3061/1389 2292/3062/1390
f 2233/3060/717 2234/3063/717 2301/3064/1391 2298/3061/1389
f 2234/3063/717 2235/3065/717 2304/3066/1392 2301/3064/1391
f 2235/3065/717 2236/3067/717 2307/3068/1393 2304/3066/1392
f 2236/3067/717 2237/3069/717 2310/3070/1394 2307/3068/1393
f 2237/3069/717 2238/3071/1395 2313/3072/1396 2310/3070/1394
f 2238/3071/1395 2239/3073/1395 2316/3074/1397 2313/3072/1396
f 2239/3073/1395 2240/3075/1395 2319/3076/1398 2316/3074/1397
f 2240/3075/1395 2241/3077/1395 2322/3078/1399 2319/3076/1398
f 2241/3077/1395 2242/3079/717 2325/3080/1400 2322/3078/1399
f 2242/3079/717 2243/3081/717 2328/3082/1401 2325/3080/1400
f 2243/3081/717 2244/3083/717 2331/3084/1402 2328/3082/1401
f 2244/3083/717 2245/3085/717 2334/3086/1403 2331/3084/1402
f 2245/3085/717 2246/3087/717 2337/3088/1404 2334/3086/1403
f 2246/3087/717 2247/3089/717 2340/3090/1405 2337/3088/1404
f 2247/3089/717 2248/3091/717 2343/3092/1406 2340/3090/1405
f 2248/3091/717 2249/3093/717 2346/3094/1407 2343/3092/1406
f 2284/3095/697 2285/3096/697 2261/3097/697 2259/3098/697
f 2249/3093/717 2250/3099/1395 2349/3100/1408 2346/3094/1407
f 2250/3099/1395 2231/3101/717 2296/3102/1409 2349/3100/1408
f 2352/3103/738 2295/3104/1410 2293/3056/1387 2353/3055/740
f 2355/3105/736 2350/3106/1411 2295/3104/1410 2352/3103/738
f 2356/3107/744 2302/3108/1412 2305/3109/1413 2357/3110/746
f 2357/3110/746 2305/3109/1413 2308/3111/1414 2358/3112/748
f 2358/3112/748 2308/3111/1414 2311/3113/1415 2359/3114/750
f 2359/3115/750 2311/3116/1415 2314/3117/1416 2360/3118/752
f 2360/3118/752 2314/3117/1416 2317/3119/1417 2361/3120/754
f 2361/3120/754 2317/3119/1417 2320/3121/1418 2362/3122/722
f 2362/3122/722 2320/3121/1418 2323/3123/1419 2363/3124/720
f 2363/3124/720 2323/3123/1419 2326/3125/1420 2364/3126/693
f 2364/3126/693 2326/3125/1420 2329/3127/1421 2365/3128/694
f 2365/3128/694 2329/3127/1421 2332/3129/1422 2366/3130/724
f 2366/3130/724 2332/3129/1422 2335/3131/1423 2367/3132/725
f 2367/3132/725 2335/3131/1423 2338/3133/1424 2368/3134/728
f 2368/3134/728 2338/3133/1424 2341/3135/1425 2369/3136/730
f 2369/3136/730 2341/3135/1425 2344/3137/1426 2370/3138/732
f 2370/3138/732 2344/3137/1426 2347/3139/1427 2371/3140/734
f 2371/3140/734 2347/3139/1427 2350/3106/1411 2355/3105/736
f 2354/3058/742 2299/3057/1388 2302/3108/1412 2356/3107/744
f 2251/3141/717 2492/3142/1428 2495/3143/1429
f 2251/3141/717 2501/3144/1430 2504/3145/1431
f 2277/3146/697 2278/3147/697 2262/3148/697 2260/3149/697
f 2291/3150/697 2290/3151/697 2252/3152/697 2269/3153/697
f 2285/3096/697 2286/3154/697 2264/3155/697 2261/3097/697
f 2290/3151/697 2288/3156/697 2263/3157/697 2252/3152/697
f 2278/3147/697 2279/3158/697 2266/3159/697 2262/3148/697
f 2280/3160/697 2281/3161/697 2253/3162/697 2267/3163/697
f 2256/3164/728 2258/3165/725 2467/3166/1432 2464/3167/1433
f 2262/3168/694 2266/3169/693 2476/3170/1434 2473/3171/1435
f 2253/3172/722 2255/3173/754 2485/3174/1436 2482/3175/1437
f 2273/3176/697 2274/3177/697 2254/3178/697 2271/3179/697
f 2259/3180/773 2261/3181/748 2494/3182/1438 2491/3183/1439
f 2265/3184/744 2268/3185/742 2503/3186/1440 2500/3187/1441
f 2288/3156/697 2272/3188/697 2270/3189/697 2263/3157/697
f 2281/3161/697 2282/3190/697 2255/3191/697 2253/3162/697
f 2286/3154/697 2287/3192/697 2265/3193/697 2264/3155/697
f 2279/3158/697 2280/3160/697 2267/3163/697 2266/3159/697
f 2282/3190/697 2283/3194/697 2257/3195/697 2255/3191/697
f 2289/3196/697 2291/3150/697 2269/3153/697 2268/3197/697
f 2271/3198/732 2254/3199/766 2461/3200/1442 2458/3201/1443
f 2258/3165/725 2260/3202/724 2470/3203/1444 2467/3166/1432
f 2266/3169/693 2267/3204/720 2479/3205/1445 2476/3170/1434
f 2269/3206/740 2252/3207/738 2507/3208/1446 2509/3209/1447
f 2255/3173/754 2257/3210/752 2488/3211/1448 2485/3174/1436
f 2272/3188/697 2273/3176/697 2271/3179/697 2270/3189/697
f 2261/3181/748 2264/3212/746 2497/3213/1449 2494/3182/1438
f 2251/3141/717 2453/3214/1450 2456/3215/1451
f 2268/3185/742 2269/3206/740 2509/3209/1447 2503/3186/1440
f 2275/3216/697 2276/3217/697 2258/3218/697 2256/3219/697
f 2283/3194/697 2284/3095/697 2259/3098/697 2257/3195/697
f 2276/3217/697 2277/3146/697 2260/3149/697 2258/3218/697
f 2287/3192/697 2289/3196/697 2268/3197/697 2265/3193/697
f 2270/3220/734 2271/3198/732 2458/3201/1443 2455/3221/1452
f 2251/3141/717 2465/3222/1453 2468/3223/1454
f 2251/3141/717 2474/3224/1455 2477/3225/1456
f 2251/3141/717 2483/3226/1457 2486/3227/1458
f 2251/3141/717 2506/3228/1459 2453/3214/1450
f 2251/3141/717 2477/3225/1456 2480/3229/1460
f 2254/3199/766 2256/3164/728 2464/3167/1433 2461/3200/1442
f 2251/3141/717 2480/3229/1460 2483/3226/1457
f 2251/3141/717 2459/3230/1461 2462/3231/1462
f 2257/3210/752 2259/3180/773 2491/3183/1439 2488/3211/1448
f 2251/3141/717 2462/3231/1462 2465/3222/1453
f 2251/3141/717 2486/3227/1458 2489/3232/1463
f 2260/3202/724 2262/3168/694 2473/3171/1435 2470/3203/1444
f 2251/3141/717 2498/3233/1464 2501/3144/1430
f 2251/3141/717 2489/3232/1463 2492/3142/1428
f 2251/3141/717 2468/3223/1454 2471/3234/1465
f 2264/3212/746 2265/3184/744 2500/3187/1441 2497/3213/1449
f 2251/3141/717 2471/3234/1465 2474/3224/1455
f 2252/3207/738 2263/3235/736 2452/3236/1466 2507/3208/1446
f 2251/3141/717 2495/3143/1429 2498/3233/1464
f 2267/3204/720 2253/3172/722 2482/3175/1437 2479/3205/1445
f 2251/3141/717 2504/3145/1431 2510/3237/1467
f 2251/3141/717 2456/3215/1451 2459/3230/1461
f 2249/3238/734 2248/3239/732 2273/3240/732 2272/3241/734
f 2233/3242/742 2232/3243/740 2291/3244/740 2289/3245/742
f 2242/3246/693 2241/3247/720 2280/3248/720 2279/3249/693
f 2235/3250/746 2234/3251/744 2287/3252/744 2286/3253/746
f 2250/3254/736 2249/3238/734 2272/3241/734 2288/3255/736
f 2243/3256/694 2242/3246/693 2279/3249/693 2278/3257/694
f 2236/3258/748 2235/3250/746 2286/3253/746 2285/3259/748
f 2244/3260/724 2243/3256/694 2278/3257/694 2277/3261/724
f 2237/3262/750 2236/3258/748 2285/3259/748 2284/3263/750
f 2234/3251/744 2233/3242/742 2289/3245/742 2287/3252/744
f 2245/3264/725 2244/3260/724 2277/3261/724 2276/3265/725
f 2238/3266/752 2237/3267/750 2284/3268/750 2283/3269/752
f 2246/3270/728 2245/3264/725 2276/3265/725 2275/3271/728
f 2239/3272/754 2238/3266/752 2283/3269/752 2282/3273/754
f 2247/3274/766 2246/3270/728 2275/3271/728 2274/3275/766
f 2240/3276/722 2239/3272/754 2282/3273/754 2281/3277/722
f 2248/3239/732 2247/3274/766 2274/3275/766 2273/3240/732
f 2241/3247/720 2240/3276/722 2281/3277/722 2280/3248/720
f 2231/3278/738 2250/3254/736 2288/3255/736 2290/3279/738
f 2232/3243/740 2231/3278/738 2290/3279/738 2291/3244/740
f 2274/3177/697 2275/3216/697 2256/3219/697 2254/3178/697
f 2293/3280/1387 2295/3281/1410 2297/3282/1468 2294/3283/1469
f 2294/3283/1469 2297/3282/1468 2296/3102/1409 2292/3062/1390
f 2299/3284/1388 2293/3280/1387 2294/3283/1469 2300/3285/1470
f 2300/3285/1470 2294/3283/1469 2292/3062/1390 2298/3061/1389
f 2302/3286/1412 2299/3284/1388 2300/3285/1470 2303/3287/1471
f 2303/3287/1471 2300/3285/1470 2298/3061/1389 2301/3064/1391
f 2305/3288/1413 2302/3286/1412 2303/3287/1471 2306/3289/1472
f 2306/3289/1472 2303/3287/1471 2301/3064/1391 2304/3066/1392
f 2308/3290/1414 2305/3288/1413 2306/3289/1472 2309/3291/1473
f 2309/3291/1473 2306/3289/1472 2304/3066/1392 2307/3068/1393
f 2311/3292/1415 2308/3290/1414 2309/3291/1473 2312/3293/1474
f 2312/3293/1474 2309/3291/1473 2307/3068/1393 2310/3070/1394
f 2314/3294/1416 2311/3292/1415 2312/3293/1474 2315/3295/1475
f 2315/3295/1475 2312/3293/1474 2310/3070/1394 2313/3072/1396
f 2317/3296/1417 2314/3294/1416 2315/3295/1475 2318/3297/1476
f 2318/3297/1476 2315/3295/1475 2313/3072/1396 2316/3074/1397
f 2320/3298/1418 2317/3296/1417 2318/3297/1476 2321/3299/1477
f 2321/3299/1477 2318/3297/1476 2316/3074/1397 2319/3076/1398
f 2323/3300/1419 2320/3298/1418 2321/3299/1477 2324/3301/1478
f 2324/3301/1478 2321/3299/1477 2319/3076/1398 2322/3078/1399
f 2326/3302/1420 2323/3300/1419 2324/3301/1478 2327/3303/1479
f 2327/3303/1479 2324/3301/1478 2322/3078/1399 2325/3080/1400
f 2329/3304/1421 2326/3302/1420 2327/3303/1479 2330/3305/1480
f 2330/3305/1480 2327/3303/1479 2325/3080/1400 2328/3082/1401
f 2332/3306/1422 2329/3304/1421 2330/3305/1480 2333/3307/1481
f 2333/3307/1481 2330/3305/1480 2328/3082/1401 2331/3084/1402
f 2335/3308/1423 2332/3306/1422 2333/3307/1481 2336/3309/1482
f 2336/3309/1482 2333/3307/1481 2331/3084/1402 2334/3086/1403
f 2338/3310/1424 2335/3308/1423 2336/3309/1482 2339/3311/1483
f 2339/3311/1483 2336/3309/1482 2334/3086/1403 2337/3088/1404
f 2341/3312/1425 2338/3310/1424 2339/3311/1483 2342/3313/1484
f 2342/3313/1484 2339/3311/1483 2337/3088/1404 2340/3090/1405
f 2344/3314/1426 2341/3312/1425 2342/3313/1484 2345/3315/1485
f 2345/3315/1485 2342/3313/1484 2340/3090/1405 2343/3092/1406
f 2347/3316/1427 2344/3314/1426 2345/3315/1485 2348/3317/1486
f 2348/3317/1486 2345/3315/1485 2343/3092/1406 2346/3094/1407
f 2350/3318/1411 2347/3316/1427 2348/3317/1486 2351/3319/1487
f 2351/3319/1487 2348/3317/1486 2346/3094/1407 2349/3100/1408
f 2295/3281/1410 2350/3318/1411 2351/3319/1487 2297/3282/1468
f 2297/3282/1468 2351/3319/1487 2349/3100/1408 2296/3102/1409
f 2231/3101/717 2232/3059/717 2292/3062/1390 2296/3102/1409
f 2354/3320/717 2356/3321/717 2398/3322/1488 2396/3323/1389
f 2369/3324/717 2370/3325/717 2441/3326/1406 2438/3327/1405
f 2391/3328/736 2450/3329/1411 2447/3330/1410 2372/3331/738
f 2388/3332/766 2437/3333/1425 2440/3334/1489 2389/3335/732
f 2375/3336/744 2399/3337/1412 2401/3338/1413 2376/3339/746
f 2389/3335/732 2440/3334/1489 2443/3340/1427 2390/3341/734
f 2376/3339/746 2401/3338/1413 2404/3342/1414 2377/3343/748
f 2390/3341/734 2443/3340/1427 2450/3329/1411 2391/3328/736
f 2377/3343/748 2404/3342/1414 2407/3344/1415 2378/3345/750
f 2374/3346/742 2395/3347/1388 2399/3337/1412 2375/3336/744
f 2378/3348/750 2407/3349/1415 2410/3350/1416 2379/3351/752
f 2356/3321/717 2357/3352/717 2402/3353/1392 2398/3322/1488
f 2355/3354/717 2352/3355/717 2446/3356/1409 2449/3357/1408
f 2371/3358/717 2355/3354/717 2449/3357/1408 2444/3359/1407
f 2370/3325/717 2371/3358/717 2444/3359/1407 2441/3326/1406
f 2368/3360/717 2369/3324/717 2438/3327/1405 2435/3361/1404
f 2367/3362/717 2368/3360/717 2435/3361/1404 2432/3363/1403
f 2366/3364/717 2367/3362/717 2432/3363/1403 2429/3365/1402
f 2365/3366/717 2366/3364/717 2429/3365/1402 2426/3367/1401
f 2364/3368/717 2365/3366/717 2426/3367/1401 2423/3369/1400
f 2363/3370/717 2364/3368/717 2423/3369/1400 2420/3371/1399
f 2362/3372/717 2363/3370/717 2420/3371/1399 2417/3373/1398
f 2361/3374/717 2362/3372/717 2417/3373/1398 2414/3375/1397
f 2380/3376/754 2413/3377/1417 2416/3378/1418 2381/3379/722
f 2360/3380/717 2361/3374/717 2414/3375/1397 2411/3381/1396
f 2359/3382/717 2360/3380/717 2411/3381/1396 2408/3383/1394
f 2358/3384/717 2359/3382/717 2408/3383/1394 2405/3385/1393
f 2357/3352/717 2358/3384/717 2405/3385/1393 2402/3353/1392
f 2352/3355/717 2353/3386/717 2392/3387/1390 2446/3356/1409
f 2353/3386/717 2354/3320/717 2396/3323/1389 2392/3387/1390
f 2387/3388/728 2434/3389/1424 2437/3333/1425 2388/3332/766
f 2372/3331/738 2447/3330/1410 2393/3390/1387 2373/3391/740
f 2386/3392/725 2431/3393/1423 2434/3389/1424 2387/3388/728
f 2385/3394/724 2428/3395/1422 2431/3393/1423 2386/3392/725
f 2384/3396/694 2425/3397/1421 2428/3395/1422 2385/3394/724
f 2383/3398/693 2422/3399/1490 2425/3397/1421 2384/3396/694
f 2382/3400/720 2419/3401/1419 2422/3399/1490 2383/3398/693
f 2381/3379/722 2416/3378/1418 2419/3401/1419 2382/3400/720
f 2379/3351/752 2410/3350/1416 2413/3377/1417 2380/3376/754
f 2396/3323/1389 2398/3322/1488 2400/3402/1471 2397/3403/1470
f 2397/3403/1470 2400/3402/1471 2399/3404/1412 2395/3405/1388
f 2444/3359/1407 2449/3357/1408 2451/3406/1487 2445/3407/1486
f 2445/3407/1486 2451/3406/1487 2450/3408/1411 2443/3409/1427
f 2441/3326/1406 2444/3359/1407 2445/3407/1486 2442/3410/1485
f 2442/3410/1485 2445/3407/1486 2443/3409/1427 2440/3411/1489
f 2438/3327/1405 2441/3326/1406 2442/3410/1485 2439/3412/1484
f 2439/3412/1484 2442/3410/1485 2440/3411/1489 2437/3413/1425
f 2435/3361/1404 2438/3327/1405 2439/3412/1484 2436/3414/1483
f 2436/3414/1483 2439/3412/1484 2437/3413/1425 2434/3415/1424
f 2432/3363/1403 2435/3361/1404 2436/3414/1483 2433/3416/1482
f 2433/3416/1482 2436/3414/1483 2434/3415/1424 2431/3417/1423
f 2429/3365/1402 2432/3363/1403 2433/3416/1482 2430/3418/1481
f 2430/3418/1481 2433/3416/1482 2431/3417/1423 2428/3419/1422
f 2426/3367/1401 2429/3365/1402 2430/3418/1481 2427/3420/1480
f 2427/3420/1480 2430/3418/1481 2428/3419/1422 2425/3421/1421
f 2423/3369/1400 2426/3367/1401 2427/3420/1480 2424/3422/1479
f 2424/3422/1479 2427/3420/1480 2425/3421/1421 2422/3423/1490
f 2420/3371/1399 2423/3369/1400 2424/3422/1479 2421/3424/1478
f 2421/3424/1478 2424/3422/1479 2422/3423/1490 2419/3425/1419
f 2417/3373/1398 2420/3371/1399 2421/3424/1478 2418/3426/1477
f 2418/3426/1477 2421/3424/1478 2419/3425/1419 2416/3427/1418
f 2414/3375/1397 2417/3373/1398 2418/3426/1477 2415/3428/1476
f 2415/3428/1476 2418/3426/1477 2416/3427/1418 2413/3429/1417
f 2411/3381/1396 2414/3375/1397 2415/3428/1476 2412/3430/1475
f 2412/3430/1475 2415/3428/1476 2413/3429/1417 2410/3431/1416
f 2408/3383/1394 2411/3381/1396 2412/3430/1475 2409/3432/1474
f 2409/3432/1474 2412/3430/1475 2410/3431/1416 2407/3433/1415
f 2405/3385/1393 2408/3383/1394 2409/3432/1474 2406/3434/1473
f 2406/3434/1473 2409/3432/1474 2407/3433/1415 2404/3435/1414
f 2402/3353/1392 2405/3385/1393 2406/3434/1473 2403/3436/1472
f 2403/3436/1472 2406/3434/1473 2404/3435/1414 2401/3437/1413
f 2398/3322/1488 2402/3353/1392 2403/3436/1472 2400/3402/1471
f 2400/3402/1471 2403/3436/1472 2401/3437/1413 2399/3404/1412
f 2449/3357/1408 2446/3356/1409 2448/3438/1468 2451/3406/1487
f 2451/3406/1487 2448/3438/1468 2447/3439/1410 2450/3408/1411
f 2446/3356/1409 2392/3387/1390 2394/3440/1469 2448/3438/1468
f 2448/3438/1468 2394/3440/1469 2393/3441/1387 2447/3439/1410
f 2392/3387/1390 2396/3323/1389 2397/3403/1470 2394/3440/1469
f 2394/3440/1469 2397/3403/1470 2395/3405/1388 2393/3441/1387
f 2373/3391/740 2393/3390/1387 2395/3347/1388 2374/3346/742
f 2507/3208/1446 2452/3236/1466 2454/3442/1491 2508/3443/1492
f 2508/3443/1492 2454/3442/1491 2453/3214/1450 2506/3228/1459
f 2452/3236/1466 2455/3221/1452 2457/3444/1493 2454/3442/1491
f 2454/3442/1491 2457/3444/1493 2456/3215/1451 2453/3214/1450
f 2455/3221/1452 2458/3201/1443 2460/3445/1494 2457/3444/1493
f 2457/3444/1493 2460/3445/1494 2459/3230/1461 2456/3215/1451
f 2458/3201/1443 2461/3200/1442 2463/3446/1495 2460/3445/1494
f 2460/3445/1494 2463/3446/1495 2462/3231/1462 2459/3230/1461
f 2461/3200/1442 2464/3167/1433 2466/3447/1496 2463/3446/1495
f 2463/3446/1495 2466/3447/1496 2465/3222/1453 2462/3231/1462
f 2464/3167/1433 2467/3166/1432 2469/3448/1497 2466/3447/1496
f 2466/3447/1496 2469/3448/1497 2468/3223/1454 2465/3222/1453
f 2467/3166/1432 2470/3203/1444 2472/3449/1498 2469/3448/1497
f 2469/3448/1497 2472/3449/1498 2471/3234/1465 2468/3223/1454
f 2470/3203/1444 2473/3171/1435 2475/3450/1499 2472/3449/1498
f 2472/3449/1498 2475/3450/1499 2474/3224/1455 2471/3234/1465
f 2473/3171/1435 2476/3170/1434 2478/3451/1500 2475/3450/1499
f 2475/3450/1499 2478/3451/1500 2477/3225/1456 2474/3224/1455
f 2476/3170/1434 2479/3205/1445 2481/3452/1501 2478/3451/1500
f 2478/3451/1500 2481/3452/1501 2480/3229/1460 2477/3225/1456
f 2479/3205/1445 2482/3175/1437 2484/3453/1502 2481/3452/1501
f 2481/3452/1501 2484/3453/1502 2483/3226/1457 2480/3229/1460
f 2482/3175/1437 2485/3174/1436 2487/3454/1503 2484/3453/1502
f 2484/3453/1502 2487/3454/1503 2486/3227/1458 2483/3226/1457
f 2485/3174/1436 2488/3211/1448 2490/3455/1504 2487/3454/1503
f 2487/3454/1503 2490/3455/1504 2489/3232/1463 2486/3227/1458
f 2488/3211/1448 2491/3183/1439 2493/3456/1505 2490/3455/1504
f 2490/3455/1504 2493/3456/1505 2492/3142/1428 2489/3232/1463
f 2491/3183/1439 2494/3182/1438 2496/3457/1506 2493/3456/1505
f 2493/3456/1505 2496/3457/1506 2495/3143/1429 2492/3142/1428
f 2494/3182/1438 2497/3213/1449 2499/3458/1507 2496/3457/1506
f 2496/3457/1506 2499/3458/1507 2498/3233/1464 2495/3143/1429
f 2497/3213/1449 2500/3187/1441 2502/3459/1508 2499/3458/1507
f 2499/3458/1507 2502/3459/1508 2501/3144/1430 2498/3233/1464
f 2500/3187/1441 2503/3186/1440 2505/3460/1509 2502/3459/1508
f 2502/3459/1508 2505/3460/1509 2504/3145/1431 2501/3144/1430
f 2503/3186/1440 2509/3209/1447 2511/3461/1510 2505/3460/1509
f 2505/3460/1509 2511/3461/1510 2510/3237/1467 2504/3145/1431
f 2509/3209/1447 2507/3208/1446 2508/3443/1492 2511/3461/1510
f 2511/3461/1510 2508/3443/1492 2506/3228/1459 2510/3237/1467
f 2263/3235/736 2270/3220/734 2455/3221/1452 2452/3236/1466
f 2251/3141/717 2510/3237/1467 2506/3228/1459
f 2634/3462/593 2635/3463/595 2580/3464/1511 2574/3465/1512
f 2513/3466/569 2573/3467/1513 2579/3468/1514 2514/3469/569
f 2514/3469/569 2579/3468/1514 2582/3470/1515 2515/3471/569
f 2515/3471/569 2582/3470/1515 2585/3472/1516 2516/3473/569
f 2516/3473/569 2585/3472/1516 2588/3474/1517 2517/3475/569
f 2517/3475/569 2588/3474/1517 2591/3476/1518 2518/3477/1519
f 2518/3477/1519 2591/3476/1518 2594/3478/1520 2519/3479/1519
f 2519/3479/1519 2594/3478/1520 2597/3480/1521 2520/3481/1519
f 2520/3481/1519 2597/3480/1521 2600/3482/1522 2521/3483/1519
f 2521/3483/1519 2600/3482/1522 2603/3484/1523 2522/3485/1519
f 2522/3485/1519 2603/3484/1523 2606/3486/1524 2523/3487/569
f 2523/3487/569 2606/3486/1524 2609/3488/1525 2524/3489/569
f 2524/3489/569 2609/3488/1525 2612/3490/1526 2525/3491/569
f 2525/3491/569 2612/3490/1526 2615/3492/1527 2526/3493/569
f 2526/3493/569 2615/3492/1527 2618/3494/1528 2527/3495/569
f 2527/3495/569 2618/3494/1528 2621/3496/1529 2528/3497/569
f 2528/3497/569 2621/3496/1529 2624/3498/1530 2529/3499/569
f 2529/3499/569 2624/3498/1530 2627/3500/1531 2530/3501/569
f 2565/3502/549 2540/3503/549 2542/3504/549 2566/3505/549
f 2530/3501/569 2627/3500/1531 2630/3506/1532 2531/3507/1519
f 2531/3507/1519 2630/3506/1532 2577/3508/1533 2512/3509/569
f 2633/3510/591 2634/3462/593 2574/3465/1512 2576/3511/1534
f 2636/3512/589 2633/3510/591 2576/3511/1534 2631/3513/1535
f 2637/3514/597 2638/3515/599 2586/3516/1536 2583/3517/1537
f 2638/3515/599 2639/3518/601 2589/3519/1538 2586/3516/1536
f 2639/3520/601 2640/3521/603 2592/3522/1539 2589/3523/1538
f 2640/3521/603 2641/3524/605 2595/3525/1540 2592/3522/1539
f 2641/3524/605 2642/3526/607 2598/3527/1541 2595/3525/1540
f 2642/3526/607 2643/3528/574 2601/3529/1542 2598/3527/1541
f 2643/3528/574 2644/3530/572 2604/3531/1543 2601/3529/1542
f 2644/3530/572 2645/3532/545 2607/3533/1544 2604/3531/1543
f 2645/3532/545 2646/3534/548 2610/3535/1545 2607/3533/1544
f 2646/3534/548 2647/3536/576 2613/3537/1546 2610/3535/1545
f 2647/3536/576 2648/3538/579 2616/3539/1547 2613/3537/1546
f 2648/3538/579 2649/3540/581 2619/3541/1548 2616/3539/1547
f 2649/3540/581 2650/3542/583 2622/3543/1549 2619/3541/1548
f 2650/3542/583 2651/3544/585 2625/3545/1550 2622/3543/1549
f 2651/3544/585 2652/3546/587 2628/3547/1551 2625/3545/1550
f 2652/3546/587 2636/3512/589 2631/3513/1535 2628/3547/1551
f 2635/3463/595 2637/3514/597 2583/3517/1537 2580/3464/1511
f 2532/3548/569 2776/3549/1552 2773/3550/1553
f 2532/3548/569 2785/3551/1554 2782/3552/1555
f 2558/3553/549 2541/3554/549 2543/3555/549 2559/3556/549
f 2572/3557/549 2550/3558/549 2533/3559/549 2571/3560/549
f 2566/3505/549 2542/3504/549 2545/3561/549 2567/3562/549
f 2571/3560/549 2533/3559/549 2544/3563/549 2569/3564/549
f 2559/3556/549 2543/3555/549 2547/3565/549 2560/3566/549
f 2561/3567/549 2548/3568/549 2534/3569/549 2562/3570/549
f 2537/3571/581 2745/3572/1556 2748/3573/1557 2539/3574/579
f 2543/3575/548 2754/3576/1558 2757/3577/1559 2547/3578/545
f 2534/3579/574 2763/3580/1560 2766/3581/1561 2536/3582/607
f 2554/3583/549 2552/3584/549 2535/3585/549 2555/3586/549
f 2540/3587/623 2772/3588/1562 2775/3589/1563 2542/3590/601
f 2546/3591/597 2781/3592/1564 2784/3593/1565 2549/3594/595
f 2569/3564/549 2544/3563/549 2551/3595/549 2553/3596/549
f 2562/3570/549 2534/3569/549 2536/3597/549 2563/3598/549
f 2567/3562/549 2545/3561/549 2546/3599/549 2568/3600/549
f 2560/3566/549 2547/3565/549 2548/3568/549 2561/3567/549
f 2563/3598/549 2536/3597/549 2538/3601/549 2564/3602/549
f 2570/3603/549 2549/3604/549 2550/3558/549 2572/3557/549
f 2552/3605/585 2739/3606/1566 2742/3607/1567 2535/3608/618
f 2539/3574/579 2748/3573/1557 2751/3609/1568 2541/3610/576
f 2547/3578/545 2757/3577/1559 2760/3611/1569 2548/3612/572
f 2550/3613/593 2790/3614/1570 2788/3615/1571 2533/3616/591
f 2536/3582/607 2766/3581/1561 2769/3617/1572 2538/3618/605
f 2553/3596/549 2551/3595/549 2552/3584/549 2554/3583/549
f 2542/3590/601 2775/3589/1563 2778/3619/1573 2545/3620/599
f 2532/3548/569 2737/3621/1574 2734/3622/1575
f 2549/3594/595 2784/3593/1565 2790/3614/1570 2550/3613/593
f 2556/3623/549 2537/3624/549 2539/3625/549 2557/3626/549
f 2564/3602/549 2538/3601/549 2540/3503/549 2565/3502/549
f 2557/3626/549 2539/3625/549 2541/3554/549 2558/3553/549
f 2568/3600/549 2546/3599/549 2549/3604/549 2570/3603/549
f 2551/3627/587 2736/3628/1576 2739/3606/1566 2552/3605/585
f 2532/3548/569 2749/3629/1577 2746/3630/1578
f 2532/3548/569 2758/3631/1579 2755/3632/1580
f 2532/3548/569 2767/3633/1581 2764/3634/1582
f 2532/3548/569 2734/3622/1575 2787/3635/1583
f 2532/3548/569 2761/3636/1584 2758/3631/1579
f 2535/3608/618 2742/3607/1567 2745/3572/1556 2537/3571/581
f 2532/3548/569 2764/3634/1582 2761/3636/1584
f 2532/3548/569 2743/3637/1585 2740/3638/1586
f 2538/3618/605 2769/3617/1572 2772/3588/1562 2540/3587/623
f 2532/3548/569 2746/3630/1578 2743/3637/1585
f 2532/3548/569 2770/3639/1587 2767/3633/1581
f 2541/3610/576 2751/3609/1568 2754/3576/1558 2543/3575/548
f 2532/3548/569 2782/3552/1555 2779/3640/1588
f 2532/3548/569 2773/3550/1553 2770/3639/1587
f 2532/3548/569 2752/3641/1589 2749/3629/1577
f 2545/3620/599 2778/3619/1573 2781/3592/1564 2546/3591/597
f 2532/3548/569 2755/3632/1580 2752/3641/1589
f 2533/3616/591 2788/3615/1571 2733/3642/1590 2544/3643/589
f 2532/3548/569 2779/3640/1588 2776/3549/1552
f 2548/3612/572 2760/3611/1569 2763/3580/1560 2534/3579/574
f 2532/3548/569 2791/3644/1591 2785/3551/1554
f 2532/3548/569 2740/3638/1586 2737/3621/1574
f 2530/3645/587 2553/3646/587 2554/3647/585 2529/3648/585
f 2514/3649/595 2570/3650/595 2572/3651/593 2513/3652/593
f 2523/3653/545 2560/3654/545 2561/3655/572 2522/3656/572
f 2516/3657/599 2567/3658/599 2568/3659/597 2515/3660/597
f 2531/3661/589 2569/3662/589 2553/3646/587 2530/3645/587
f 2524/3663/548 2559/3664/548 2560/3654/545 2523/3653/545
f 2517/3665/601 2566/3666/601 2567/3658/599 2516/3657/599
f 2525/3667/576 2558/3668/576 2559/3664/548 2524/3663/548
f 2518/3669/623 2565/3670/623 2566/3671/601 2517/3672/601
f 2515/3660/597 2568/3659/597 2570/3650/595 2514/3649/595
f 2526/3673/579 2557/3674/579 2558/3668/576 2525/3667/576
f 2519/3675/605 2564/3676/605 2565/3670/623 2518/3669/623
f 2527/3677/581 2556/3678/581 2557/3674/579 2526/3673/579
f 2520/3679/607 2563/3680/607 2564/3676/605 2519/3675/605
f 2528/3681/618 2555/3682/618 2556/3678/581 2527/3677/581
f 2521/3683/574 2562/3684/574 2563/3680/607 2520/3679/607
f 2529/3648/585 2554/3647/585 2555/3682/618 2528/3681/618
f 2522/3656/572 2561/3655/572 2562/3684/574 2521/3683/574
f 2512/3685/591 2571/3686/591 2569/3662/589 2531/3661/589
f 2513/3652/593 2572/3651/593 2571/3686/591 2512/3685/591
f 2555/3586/549 2535/3585/549 2537/3624/549 2556/3623/549
f 2574/3687/1512 2575/3688/1592 2578/3689/1593 2576/3690/1534
f 2575/3688/1592 2573/3467/1513 2577/3508/1533 2578/3689/1593
f 2580/3691/1511 2581/3692/1594 2575/3688/1592 2574/3687/1512
f 2581/3692/1594 2579/3468/1514 2573/3467/1513 2575/3688/1592
f 2583/3693/1537 2584/3694/1595 2581/3692/1594 2580/3691/1511
f 2584/3694/1595 2582/3470/1515 2579/3468/1514 2581/3692/1594
f 2586/3695/1536 2587/3696/1596 2584/3694/1595 2583/3693/1537
f 2587/3696/1596 2585/3472/1516 2582/3470/1515 2584/3694/1595
f 2589/3697/1538 2590/3698/1597 2587/3696/1596 2586/3695/1536
f 2590/3698/1597 2588/3474/1517 2585/3472/1516 2587/3696/1596
f 2592/3699/1539 2593/3700/1598 2590/3698/1597 2589/3697/1538
f 2593/3700/1598 2591/3476/1518 2588/3474/1517 2590/3698/1597
f 2595/3701/1540 2596/3702/1599 2593/3700/1598 2592/3699/1539
f 2596/3702/1599 2594/3478/1520 2591/3476/1518 2593/3700/1598
f 2598/3703/1541 2599/3704/1600 2596/3702/1599 2595/3701/1540
f 2599/3704/1600 2597/3480/1521 2594/3478/1520 2596/3702/1599
f 2601/3705/1542 2602/3706/1601 2599/3704/1600 2598/3703/1541
f 2602/3706/1601 2600/3482/1522 2597/3480/1521 2599/3704/1600
f 2604/3707/1543 2605/3708/1602 2602/3706/1601 2601/3705/1542
f 2605/3708/1602 2603/3484/1523 2600/3482/1522 2602/3706/1601
f 2607/3709/1544 2608/3710/1603 2605/3708/1602 2604/3707/1543
f 2608/3710/1603 2606/3486/1524 2603/3484/1523 2605/3708/1602
f 2610/3711/1545 2611/3712/1604 2608/3710/1603 2607/3709/1544
f 2611/3712/1604 2609/3488/1525 2606/3486/1524 2608/3710/1603
f 2613/3713/1546 2614/3714/1605 2611/3712/1604 2610/3711/1545
f 2614/3714/1605 2612/3490/1526 2609/3488/1525 2611/3712/1604
f 2616/3715/1547 2617/3716/1606 2614/3714/1605 2613/3713/1546
f 2617/3716/1606 2615/3492/1527 2612/3490/1526 2614/3714/1605
f 2619/3717/1548 2620/3718/1607 2617/3716/1606 2616/3715/1547
f 2620/3718/1607 2618/3494/1528 2615/3492/1527 2617/3716/1606
f 2622/3719/1549 2623/3720/1608 2620/3718/1607 2619/3717/1548
f 2623/3720/1608 2621/3496/1529 2618/3494/1528 2620/3718/1607
f 2625/3721/1550 2626/3722/1609 2623/3720/1608 2622/3719/1549
f 2626/3722/1609 2624/3498/1530 2621/3496/1529 2623/3720/1608
f 2628/3723/1551 2629/3724/1610 2626/3722/1609 2625/3721/1550
f 2629/3724/1610 2627/3500/1531 2624/3498/1530 2626/3722/1609
f 2631/3725/1535 2632/3726/1611 2629/3724/1610 2628/3723/1551
f 2632/3726/1611 2630/3506/1532 2627/3500/1531 2629/3724/1610
f 2576/3690/1534 2578/3689/1593 2632/3726/1611 2631/3725/1535
f 2578/3689/1593 2577/3508/1533 2630/3506/1532 2632/3726/1611
f 2512/3509/569 2577/3508/1533 2573/3467/1513 2513/3466/569
f 2635/3727/569 2677/3728/1514 2679/3729/1612 2637/3730/569
f 2650/3731/569 2719/3732/1529 2722/3733/1530 2651/3734/569
f 2672/3735/589 2653/3736/591 2728/3737/1534 2731/3738/1535
f 2669/3739/618 2670/3740/585 2721/3741/1613 2718/3742/1549
f 2656/3743/597 2657/3744/599 2682/3745/1536 2680/3746/1537
f 2670/3740/585 2671/3747/587 2724/3748/1551 2721/3741/1613
f 2657/3744/599 2658/3749/601 2685/3750/1538 2682/3745/1536
f 2671/3747/587 2672/3735/589 2731/3738/1535 2724/3748/1551
f 2658/3751/601 2659/3752/603 2688/3753/1539 2685/3754/1538
f 2655/3755/595 2656/3743/597 2680/3746/1537 2676/3756/1511
f 2659/3752/603 2660/3757/605 2691/3758/1540 2688/3753/1539
f 2637/3730/569 2679/3729/1612 2683/3759/1516 2638/3760/569
f 2636/3761/569 2730/3762/1532 2727/3763/1533 2633/3764/569
f 2652/3765/569 2725/3766/1614 2730/3762/1532 2636/3761/569
f 2651/3734/569 2722/3733/1530 2725/3766/1614 2652/3765/569
f 2649/3767/569 2716/3768/1528 2719/3732/1529 2650/3731/569
f 2648/3769/569 2713/3770/1527 2716/3768/1528 2649/3767/569
f 2647/3771/569 2710/3772/1526 2713/3770/1527 2648/3769/569
f 2646/3773/569 2707/3774/1525 2710/3772/1526 2647/3771/569
f 2645/3775/569 2704/3776/1524 2707/3774/1525 2646/3773/569
f 2644/3777/569 2701/3778/1523 2704/3776/1524 2645/3775/569
f 2643/3779/569 2698/3780/1522 2701/3778/1523 2644/3777/569
f 2642/3781/569 2695/3782/1521 2698/3780/1522 2643/3779/569
f 2661/3783/607 2662/3784/574 2697/3785/1542 2694/3786/1541
f 2641/3787/569 2692/3788/1520 2695/3782/1521 2642/3781/569
f 2640/3789/569 2689/3790/1518 2692/3788/1520 2641/3787/569
f 2639/3791/569 2686/3792/1517 2689/3790/1518 2640/3789/569
f 2638/3760/569 2683/3759/1516 2686/3792/1517 2639/3791/569
f 2633/3764/569 2727/3763/1533 2673/3793/1513 2634/3794/569
f 2634/3794/569 2673/3793/1513 2677/3728/1514 2635/3727/569
f 2668/3795/581 2669/3739/618 2718/3742/1549 2715/3796/1548
f 2653/3736/591 2654/3797/593 2674/3798/1512 2728/3737/1534
f 2667/3799/579 2668/3795/581 2715/3796/1548 2712/3800/1547
f 2666/3801/576 2667/3799/579 2712/3800/1547 2709/3802/1615
f 2665/3803/548 2666/3801/576 2709/3802/1615 2706/3804/1545
f 2664/3805/545 2665/3803/548 2706/3804/1545 2703/3806/1616
f 2663/3807/572 2664/3805/545 2703/3806/1616 2700/3808/1543
f 2662/3784/574 2663/3807/572 2700/3808/1543 2697/3785/1542
f 2660/3757/605 2661/3783/607 2694/3786/1541 2691/3758/1540
f 2677/3728/1514 2678/3809/1594 2681/3810/1595 2679/3729/1612
f 2678/3809/1594 2676/3811/1511 2680/3812/1537 2681/3810/1595
f 2725/3766/1614 2726/3813/1610 2732/3814/1611 2730/3762/1532
f 2726/3813/1610 2724/3815/1551 2731/3816/1535 2732/3814/1611
f 2722/3733/1530 2723/3817/1609 2726/3813/1610 2725/3766/1614
f 2723/3817/1609 2721/3818/1613 2724/3815/1551 2726/3813/1610
f 2719/3732/1529 2720/3819/1608 2723/3817/1609 2722/3733/1530
f 2720/3819/1608 2718/3820/1549 2721/3818/1613 2723/3817/1609
f 2716/3768/1528 2717/3821/1607 2720/3819/1608 2719/3732/1529
f 2717/3821/1607 2715/3822/1548 2718/3820/1549 2720/3819/1608
f 2713/3770/1527 2714/3823/1606 2717/3821/1607 2716/3768/1528
f 2714/3823/1606 2712/3824/1547 2715/3822/1548 2717/3821/1607
f 2710/3772/1526 2711/3825/1605 2714/3823/1606 2713/3770/1527
f 2711/3825/1605 2709/3826/1615 2712/3824/1547 2714/3823/1606
f 2707/3774/1525 2708/3827/1604 2711/3825/1605 2710/3772/1526
f 2708/3827/1604 2706/3828/1545 2709/3826/1615 2711/3825/1605
f 2704/3776/1524 2705/3829/1603 2708/3827/1604 2707/3774/1525
f 2705/3829/1603 2703/3830/1616 2706/3828/1545 2708/3827/1604
f 2701/3778/1523 2702/3831/1602 2705/3829/1603 2704/3776/1524
f 2702/3831/1602 2700/3832/1543 2703/3830/1616 2705/3829/1603
f 2698/3780/1522 2699/3833/1601 2702/3831/1602 2701/3778/1523
f 2699/3833/1601 2697/3834/1542 2700/3832/1543 2702/3831/1602
f 2695/3782/1521 2696/3835/1600 2699/3833/1601 2698/3780/1522
f 2696/3835/1600 2694/3836/1541 2697/3834/1542 2699/3833/1601
f 2692/3788/1520 2693/3837/1599 2696/3835/1600 2695/3782/1521
f 2693/3837/1599 2691/3838/1540 2694/3836/1541 2696/3835/1600
f 2689/3790/1518 2690/3839/1598 2693/3837/1599 2692/3788/1520
f 2690/3839/1598 2688/3840/1539 2691/3838/1540 2693/3837/1599
f 2686/3792/1517 2687/3841/1597 2690/3839/1598 2689/3790/1518
f 2687/3841/1597 2685/3842/1538 2688/3840/1539 2690/3839/1598
f 2683/3759/1516 2684/3843/1596 2687/3841/1597 2686/3792/1517
f 2684/3843/1596 2682/3844/1536 2685/3842/1538 2687/3841/1597
f 2679/3729/1612 2681/3810/1595 2684/3843/1596 2683/3759/1516
f 2681/3810/1595 2680/3812/1537 2682/3844/1536 2684/3843/1596
f 2730/3762/1532 2732/3814/1611 2729/3845/1593 2727/3763/1533
f 2732/3814/1611 2731/3816/1535 2728/3846/1534 2729/3845/1593
f 2727/3763/1533 2729/3845/1593 2675/3847/1592 2673/3793/1513
f 2729/3845/1593 2728/3846/1534 2674/3848/1512 2675/3847/1592
f 2673/3793/1513 2675/3847/1592 2678/3809/1594 2677/3728/1514
f 2675/3847/1592 2674/3848/1512 2676/3811/1511 2678/3809/1594
f 2654/3797/593 2655/3755/595 2676/3756/1511 2674/3798/1512
f 2788/3615/1571 2789/3849/1617 2735/3850/1618 2733/3642/1590
f 2789/3849/1617 2787/3635/1583 2734/3622/1575 2735/3850/1618
f 2733/3642/1590 2735/3850/1618 2738/3851/1619 2736/3628/1576
f 2735/3850/1618 2734/3622/1575 2737/3621/1574 2738/3851/1619
f 2736/3628/1576 2738/3851/1619 2741/3852/1620 2739/3606/1566
f 2738/3851/1619 2737/3621/1574 2740/3638/1586 2741/3852/1620
f 2739/3606/1566 2741/3852/1620 2744/3853/1621 2742/3607/1567
f 2741/3852/1620 2740/3638/1586 2743/3637/1585 2744/3853/1621
f 2742/3607/1567 2744/3853/1621 2747/3854/1622 2745/3572/1556
f 2744/3853/1621 2743/3637/1585 2746/3630/1578 2747/3854/1622
f 2745/3572/1556 2747/3854/1622 2750/3855/1623 2748/3573/1557
f 2747/3854/1622 2746/3630/1578 2749/3629/1577 2750/3855/1623
f 2748/3573/1557 2750/3855/1623 2753/3856/1624 2751/3609/1568
f 2750/3855/1623 2749/3629/1577 2752/3641/1589 2753/3856/1624
f 2751/3609/1568 2753/3856/1624 2756/3857/1625 2754/3576/1558
f 2753/3856/1624 2752/3641/1589 2755/3632/1580 2756/3857/1625
f 2754/3576/1558 2756/3857/1625 2759/3858/1626 2757/3577/1559
f 2756/3857/1625 2755/3632/1580 2758/3631/1579 2759/3858/1626
f 2757/3577/1559 2759/3858/1626 2762/3859/1627 2760/3611/1569
f 2759/3858/1626 2758/3631/1579 2761/3636/1584 2762/3859/1627
f 2760/3611/1569 2762/3859/1627 2765/3860/1628 2763/3580/1560
f 2762/3859/1627 2761/3636/1584 2764/3634/1582 2765/3860/1628
f 2763/3580/1560 2765/3860/1628 2768/3861/1629 2766/3581/1561
f 2765/3860/1628 2764/3634/1582 2767/3633/1581 2768/3861/1629
f 2766/3581/1561 2768/3861/1629 2771/3862/1630 2769/3617/1572
f 2768/3861/1629 2767/3633/1581 2770/3639/1587 2771/3862/1630
f 2769/3617/1572 2771/3862/1630 2774/3863/1631 2772/3588/1562
f 2771/3862/1630 2770/3639/1587 2773/3550/1553 2774/3863/1631
f 2772/3588/1562 2774/3863/1631 2777/3864/1632 2775/3589/1563
f 2774/3863/1631 2773/3550/1553 2776/3549/1552 2777/3864/1632
f 2775/3589/1563 2777/3864/1632 2780/3865/1633 2778/3619/1573
f 2777/3864/1632 2776/3549/1552 2779/3640/1588 2780/3865/1633
f 2778/3619/1573 2780/3865/1633 2783/3866/1634 2781/3592/1564
f 2780/3865/1633 2779/3640/1588 2782/3552/1555 2783/3866/1634
f 2781/3592/1564 2783/3866/1634 2786/3867/1635 2784/3593/1565
f 2783/3866/1634 2782/3552/1555 2785/3551/1554 2786/3867/1635
f 2784/3593/1565 2786/3867/1635 2792/3868/1636 2790/3614/1570
f 2786/3867/1635 2785/3551/1554 2791/3644/1591 2792/3868/1636
f 2790/3614/1570 2792/3868/1636 2789/3849/1617 2788/3615/1571
f 2792/3868/1636 2791/3644/1591 2787/3635/1583 2789/3849/1617
f 2544/3643/589 2733/3642/1590 2736/3628/1576 2551/3627/587
f 2532/3548/569 2787/3635/1583 2791/3644/1591
f 2795/3869/1637 2793/3870/1637 2874/3871/1638 2880/3872/1639
f 2797/3873/1637 2795/3869/1637 2880/3872/1639 2886/3874/1640
f 2799/3875/1637 2797/3873/1637 2886/3874/1640 2892/3876/1641
f 2801/3877/1637 2799/3875/1637 2892/3876/1641 2898/3878/1642
f 2803/3879/1637 2801/3877/1637 2898/3878/1642 2904/3880/1643
f 2805/3881/1637 2803/3879/1637 2904/3880/1643 2910/3882/1644
f 2807/3883/1645 2805/3881/1637 2910/3882/1644 3045/3884/1646
f 2915/3885/1647 2919/3886/1648 2925/3887/1649 2921/3888/1650
f 2813/3889/1637 2811/3890/1637 2916/3891/1651 2922/3892/1652
f 2815/3893/1637 2813/3889/1637 2922/3892/1652 2928/3894/1653
f 2817/3895/1637 2815/3893/1637 2928/3894/1653 2934/3896/1654
f 2819/3897/1637 2817/3895/1637 2934/3896/1654 2940/3898/1655
f 2821/3899/1637 2819/3897/1637 2940/3898/1655 2946/3900/1656
f 2823/3901/1637 2821/3899/1637 2946/3900/1656 2951/3902/1657
f 2794/3903/1658 2796/3904/1658 2882/3905/1659 2876/3906/1660
f 2879/3907/1661 2883/3908/1662 2889/3909/1663 2885/3910/1664
f 2796/3904/1658 2798/3911/1658 2888/3912/1665 2882/3905/1659
f 2885/3910/1664 2889/3909/1663 2895/3913/1666 2891/3914/1667
f 2798/3911/1658 2800/3915/1658 2894/3916/1668 2888/3912/1665
f 2891/3914/1667 2895/3913/1666 2901/3917/1669 2897/3918/1670
f 2800/3915/1658 2802/3919/1658 2900/3920/1671 2894/3916/1668
f 2897/3918/1670 2901/3917/1669 2907/3921/1672 2903/3922/1673
f 2802/3919/1658 2804/3923/1658 2906/3924/1674 2900/3920/1671
f 2903/3922/1673 2907/3921/1672 2913/3925/1675 2909/3926/1676
f 2804/3923/1658 2806/3927/1658 2912/3928/1677 2906/3924/1674
f 2909/3926/1676 2913/3925/1675 3042/3929/1678 3044/3930/1679
f 2806/3927/1658 2808/3931/1680 3041/3932/1681 2912/3928/1677
f 2811/3890/1637 2809/3933/1682 3050/3934/1683 2916/3891/1651
f 3051/3935/1684 3047/3936/1685 2919/3886/1648 2915/3885/1647
f 2812/3937/1658 2814/3938/1658 2924/3939/1686 2918/3940/1687
f 2810/3941/1688 2812/3937/1658 2918/3940/1687 3048/3942/1689
f 2921/3888/1650 2925/3887/1649 2931/3943/1690 2927/3944/1691
f 2814/3938/1658 2816/3945/1658 2930/3946/1692 2924/3939/1686
f 2927/3944/1691 2931/3943/1690 2937/3947/1693 2933/3948/1694
f 2816/3945/1658 2818/3949/1658 2936/3950/1695 2930/3946/1692
f 2933/3948/1694 2937/3947/1693 2943/3951/1696 2939/3952/1697
f 2818/3949/1658 2820/3953/1658 2942/3954/1698 2936/3950/1695
f 2939/3952/1697 2943/3951/1696 2949/3955/1699 2945/3956/1700
f 2820/3953/1658 2822/3957/1658 2948/3958/1701 2942/3954/1698
f 2945/3956/1700 2949/3955/1699 2954/3959/1702 2952/3960/1703
f 2822/3957/1658 2824/3961/1658 2955/3962/1704 2948/3958/1701
f 2957/3963/1705 2961/3964/1706 2967/3965/1707 2963/3966/1708
f 2831/3967/72 2829/3968/72 2958/3969/1709 2964/3970/1710
f 2833/3971/72 2831/3967/72 2964/3970/1710 2970/3972/1711
f 2835/3973/72 2833/3971/72 2970/3972/1711 2976/3974/1712
f 2837/3975/72 2835/3973/72 2976/3974/1712 2982/3976/1713
f 2839/3977/72 2837/3975/72 2982/3976/1713 2988/3978/1714
f 2841/3979/72 2839/3977/72 2988/3978/1714 2994/3980/1715
f 2843/3981/1716 2841/3979/72 2994/3980/1715 3057/3982/1717
f 2999/3983/1718 3003/3984/1719 3009/3985/1720 3005/3986/1721
f 2849/3987/72 2847/3988/72 3000/3989/1722 3006/3990/1723
f 2851/3991/72 2849/3987/72 3006/3990/1723 3012/3992/1724
f 2853/3993/72 2851/3991/72 3012/3992/1724 3018/3994/1725
f 2855/3995/72 2853/3993/72 3018/3994/1725 3024/3996/1726
f 2857/3997/72 2855/3995/72 3024/3996/1726 3030/3998/1727
f 2859/3999/72 2857/3997/72 3030/3998/1727 3035/4000/1728
f 2830/4001/195 2832/4002/195 2966/4003/1729 2960/4004/1730
f 2963/3966/1708 2967/3965/1707 2973/4005/1731 2969/4006/1732
f 2832/4002/195 2834/4007/195 2972/4008/1733 2966/4003/1729
f 2969/4006/1732 2973/4005/1731 2979/4009/1734 2975/4010/1735
f 2834/4007/195 2836/4011/195 2978/4012/1736 2972/4008/1733
f 2975/4010/1735 2979/4009/1734 2985/4013/1737 2981/4014/1738
f 2836/4011/195 2838/4015/195 2984/4016/1739 2978/4012/1736
f 2981/4014/1738 2985/4013/1737 2991/4017/1740 2987/4018/1741
f 2838/4015/195 2840/4019/195 2990/4020/1742 2984/4016/1739
f 2987/4018/1741 2991/4017/1740 2997/4021/1743 2993/4022/1744
f 2840/4019/195 2842/4023/195 2996/4024/1745 2990/4020/1742
f 2993/4022/1744 2997/4021/1743 3054/4025/1746 3056/4026/1747
f 2842/4023/195 2844/4027/1748 3053/4028/1749 2996/4024/1745
f 2847/3988/72 2845/4029/1750 3062/4030/1751 3000/3989/1722
f 3063/4031/1752 3059/4032/1753 3003/3984/1719 2999/3983/1718
f 2848/4033/195 2850/4034/195 3008/4035/1754 3002/4036/1755
f 2846/4037/1756 2848/4033/195 3002/4036/1755 3060/4038/1757
f 3005/3986/1721 3009/3985/1720 3015/4039/1758 3011/4040/1759
f 2850/4034/195 2852/4041/195 3014/4042/1760 3008/4035/1754
f 3011/4040/1759 3015/4039/1758 3021/4043/1761 3017/4044/1762
f 2852/4041/195 2854/4045/195 3020/4046/1763 3014/4042/1760
f 3017/4044/1762 3021/4043/1761 3027/4047/1764 3023/4048/1765
f 2854/4045/195 2856/4049/195 3026/4050/1766 3020/4046/1763
f 3023/4048/1765 3027/4047/1764 3033/4051/1767 3029/4052/1768
f 2856/4049/195 2858/4053/195 3032/4054/1769 3026/4050/1766
f 3029/4052/1768 3033/4051/1767 3038/4055/1770 3036/4056/1771
f 2858/4053/195 2860/4057/195 3039/4058/1772 3032/4054/1769
f 2826/4059/134 2825/4060/134 3044/4061/1679 3042/4062/1678
f 2863/4063/1773 2828/4064/1774 2867/4065/1774 2872/4066/1773
f 2828/4067/134 2863/4068/134 3063/4069/1752 3047/4070/1685
f 2864/4071/134 2826/4059/134 3042/4062/1678 3059/4072/1753
f 2825/4060/134 2862/4073/134 3054/4074/1746 3044/4061/1679
f 2861/4075/134 2827/4076/134 3051/4077/1684 3056/4078/1747
f 3041/4079/1681 2808/4080/1680 2846/4081/1756 3060/4082/1757
f 2810/4083/1688 3048/4084/1689 3062/4085/1751 2845/4086/1750
f 2863/4068/134 2864/4071/134 3059/4072/1753 3063/4069/1752
f 2862/4073/134 2861/4075/134 3056/4078/1747 3054/4074/1746
f 2827/4076/134 2828/4067/134 3047/4070/1685 3051/4077/1684
f 3045/4087/1646 3053/4088/1749 2844/4089/1748 2807/4090/1645
f 2809/4091/1682 2843/4092/1716 3057/4093/1717 3050/4094/1683
f 2865/4095/134 2871/4096/134 2872/4097/134 2867/4098/134
f 2862/4099/1775 2825/4100/1776 2866/4101/1776 2869/4102/1775
f 2864/4103/1777 2863/4063/1773 2872/4066/1773 2871/4104/1777
f 2828/4064/1774 2827/4105/1778 2868/4106/1778 2867/4065/1774
f 2826/4107/1779 2864/4103/1777 2871/4104/1777 2865/4108/1779
f 2827/4105/1778 2861/4109/1780 2870/4110/1780 2868/4106/1778
f 2861/4109/1780 2862/4099/1775 2869/4102/1775 2870/4110/1780
f 2825/4111/1776 2826/4107/1779 2865/4108/1779 2866/4112/1776
f 2869/4113/134 2866/4114/134 2868/4115/134 2870/4116/134
f 2866/4114/134 2865/4095/134 2867/4098/134 2868/4115/134
f 2873/4117/1781 2879/3907/1661 2881/4118/1782 2875/4119/1783
f 2875/4120/1783 2881/4121/1782 2880/3872/1639 2874/3871/1638
f 2883/3908/1662 2877/4122/1784 2878/4123/1785 2884/4124/1786
f 2884/4125/1786 2878/4126/1785 2876/3906/1660 2882/3905/1659
f 2879/3907/1661 2885/3910/1664 2887/4127/1787 2881/4118/1782
f 2881/4121/1782 2887/4128/1787 2886/3874/1640 2880/3872/1639
f 2889/3909/1663 2883/3908/1662 2884/4124/1786 2890/4129/1788
f 2890/4130/1788 2884/4125/1786 2882/3905/1659 2888/3912/1665
f 2885/3910/1664 2891/3914/1667 2893/4131/1789 2887/4127/1787
f 2887/4128/1787 2893/4132/1789 2892/3876/1641 2886/3874/1640
f 2895/3913/1666 2889/3909/1663 2890/4129/1788 2896/4133/1790
f 2896/4134/1790 2890/4130/1788 2888/3912/1665 2894/3916/1668
f 2891/3914/1667 2897/3918/1670 2899/4135/1791 2893/4131/1789
f 2893/4132/1789 2899/4136/1791 2898/3878/1642 2892/3876/1641
f 2901/3917/1669 2895/3913/1666 2896/4133/1790 2902/4137/1792
f 2902/4138/1792 2896/4134/1790 2894/3916/1668 2900/3920/1671
f 2897/3918/1670 2903/3922/1673 2905/4139/1793 2899/4135/1791
f 2899/4136/1791 2905/4140/1793 2904/3880/1643 2898/3878/1642
f 2907/3921/1672 2901/3917/1669 2902/4137/1792 2908/4141/1794
f 2908/4142/1794 2902/4138/1792 2900/3920/1671 2906/3924/1674
f 2903/3922/1673 2909/3926/1676 2911/4143/1795 2905/4139/1793
f 2905/4140/1793 2911/4144/1795 2910/3882/1644 2904/3880/1643
f 2913/3925/1675 2907/3921/1672 2908/4141/1794 2914/4145/1796
f 2914/4146/1796 2908/4142/1794 2906/3924/1674 2912/3928/1677
f 2909/3926/1676 3044/3930/1679 3046/4147/1797 2911/4143/1795
f 2911/4144/1795 3046/4148/1797 3045/3884/1646 2910/3882/1644
f 3042/3929/1678 2913/3925/1675 2914/4145/1796 3043/4149/1798
f 3043/4150/1798 2914/4146/1796 2912/3928/1677 3041/3932/1681
f 3051/3935/1684 2915/3885/1647 2917/4151/1799 3052/4152/1800
f 3052/4153/1800 2917/4154/1799 2916/3891/1651 3050/3934/1683
f 2919/3886/1648 3047/3936/1685 3049/4155/1801 2920/4156/1802
f 2920/4157/1802 3049/4158/1801 3048/3942/1689 2918/3940/1687
f 2915/3885/1647 2921/3888/1650 2923/4159/1803 2917/4151/1799
f 2917/4154/1799 2923/4160/1803 2922/3892/1652 2916/3891/1651
f 2925/3887/1649 2919/3886/1648 2920/4156/1802 2926/4161/1804
f 2926/4162/1804 2920/4157/1802 2918/3940/1687 2924/3939/1686
f 2921/3888/1650 2927/3944/1691 2929/4163/1805 2923/4159/1803
f 2923/4160/1803 2929/4164/1805 2928/3894/1653 2922/3892/1652
f 2931/3943/1690 2925/3887/1649 2926/4161/1804 2932/4165/1806
f 2932/4166/1806 2926/4162/1804 2924/3939/1686 2930/3946/1692
f 2927/3944/1691 2933/3948/1694 2935/4167/1807 2929/4163/1805
f 2929/4164/1805 2935/4168/1807 2934/3896/1654 2928/3894/1653
f 2937/3947/1693 2931/3943/1690 2932/4165/1806 2938/4169/1808
f 2938/4170/1808 2932/4166/1806 2930/3946/1692 2936/3950/1695
f 2933/3948/1694 2939/3952/1697 2941/4171/1809 2935/4167/1807
f 2935/4168/1807 2941/4172/1809 2940/3898/1655 2934/3896/1654
f 2943/3951/1696 2937/3947/1693 2938/4169/1808 2944/4173/1810
f 2944/4174/1810 2938/4170/1808 2936/3950/1695 2942/3954/1698
f 2939/3952/1697 2945/3956/1700 2947/4175/1811 2941/4171/1809
f 2941/4172/1809 2947/4176/1811 2946/3900/1656 2940/3898/1655
f 2949/3955/1699 2943/3951/1696 2944/4173/1810 2950/4177/1812
f 2950/4178/1812 2944/4174/1810 2942/3954/1698 2948/3958/1701
f 2945/3956/1700 2952/3960/1703 2953/4179/1813 2947/4175/1811
f 2947/4176/1811 2953/4180/1813 2951/3902/1657 2946/3900/1656
f 2954/3959/1702 2949/3955/1699 2950/4177/1812 2956/4181/1814
f 2956/4182/1814 2950/4178/1812 2948/3958/1701 2955/3962/1704
f 2957/3963/1705 2963/3966/1708 2965/4183/1815 2959/4184/1816
f 2959/4185/1816 2965/4186/1815 2964/3970/1710 2958/3969/1709
f 2967/3965/1707 2961/3964/1706 2962/4187/1817 2968/4188/1818
f 2968/4189/1818 2962/4190/1817 2960/4004/1730 2966/4003/1729
f 2963/3966/1708 2969/4006/1732 2971/4191/1819 2965/4183/1815
f 2965/4186/1815 2971/4192/1819 2970/3972/1711 2964/3970/1710
f 2973/4005/1731 2967/3965/1707 2968/4188/1818 2974/4193/1820
f 2974/4194/1820 2968/4189/1818 2966/4003/1729 2972/4008/1733
f 2969/4006/1732 2975/4010/1735 2977/4195/1821 2971/4191/1819
f 2971/4192/1819 2977/4196/1821 2976/3974/1712 2970/3972/1711
f 2979/4009/1734 2973/4005/1731 2974/4193/1820 2980/4197/1822
f 2980/4198/1822 2974/4194/1820 2972/4008/1733 2978/4012/1736
f 2975/4010/1735 2981/4014/1738 2983/4199/1823 2977/4195/1821
f 2977/4196/1821 2983/4200/1823 2982/3976/1713 2976/3974/1712
f 2985/4013/1737 2979/4009/1734 2980/4197/1822 2986/4201/1824
f 2986/4202/1824 2980/4198/1822 2978/4012/1736 2984/4016/1739
f 2981/4014/1738 2987/4018/1741 2989/4203/1825 2983/4199/1823
f 2983/4200/1823 2989/4204/1825 2988/3978/1714 2982/3976/1713
f 2991/4017/1740 2985/4013/1737 2986/4201/1824 2992/4205/1826
f 2992/4206/1826 2986/4202/1824 2984/4016/1739 2990/4020/1742
f 2987/4018/1741 2993/4022/1744 2995/4207/1827 2989/4203/1825
f 2989/4204/1825 2995/4208/1827 2994/3980/1715 2988/3978/1714
f 2997/4021/1743 2991/4017/1740 2992/4205/1826 2998/4209/1828
f 2998/4210/1828 2992/4206/1826 2990/4020/1742 2996/4024/1745
f 2993/4022/1744 3056/4026/1747 3058/4211/1829 2995/4207/1827
f 2995/4208/1827 3058/4212/1829 3057/3982/1717 2994/3980/1715
f 3054/4025/1746 2997/4021/1743 2998/4209/1828 3055/4213/1830
f 3055/4214/1830 2998/4210/1828 2996/4024/1745 3053/4028/1749
f 3063/4031/1752 2999/3983/1718 3001/4215/1831 3064/4216/1832
f 3064/4217/1832 3001/4218/1831 3000/3989/1722 3062/4030/1751
f 3003/3984/1719 3059/4032/1753 3061/4219/1833 3004/4220/1834
f 3004/4221/1834 3061/4222/1833 3060/4038/1757 3002/4036/1755
f 2999/3983/1718 3005/3986/1721 3007/4223/1835 3001/4215/1831
f 3001/4218/1831 3007/4224/1835 3006/3990/1723 3000/3989/1722
f 3009/3985/1720 3003/3984/1719 3004/4220/1834 3010/4225/1836
f 3010/4226/1836 3004/4221/1834 3002/4036/1755 3008/4035/1754
f 3005/3986/1721 3011/4040/1759 3013/4227/1837 3007/4223/1835
f 3007/4224/1835 3013/4228/1837 3012/3992/1724 3006/3990/1723
f 3015/4039/1758 3009/3985/1720 3010/4225/1836 3016/4229/1838
f 3016/4230/1838 3010/4226/1836 3008/4035/1754 3014/4042/1760
f 3011/4040/1759 3017/4044/1762 3019/4231/1839 3013/4227/1837
f 3013/4228/1837 3019/4232/1839 3018/3994/1725 3012/3992/1724
f 3021/4043/1761 3015/4039/1758 3016/4229/1838 3022/4233/1840
f 3022/4234/1840 3016/4230/1838 3014/4042/1760 3020/4046/1763
f 3017/4044/1762 3023/4048/1765 3025/4235/1841 3019/4231/1839
f 3019/4232/1839 3025/4236/1841 3024/3996/1726 3018/3994/1725
f 3027/4047/1764 3021/4043/1761 3022/4233/1840 3028/4237/1842
f 3028/4238/1842 3022/4234/1840 3020/4046/1763 3026/4050/1766
f 3023/4048/1765 3029/4052/1768 3031/4239/1843 3025/4235/1841
f 3025/4236/1841 3031/4240/1843 3030/3998/1727 3024/3996/1726
f 3033/4051/1767 3027/4047/1764 3028/4237/1842 3034/4241/1844
f 3034/4242/1844 3028/4238/1842 3026/4050/1766 3032/4054/1769
f 3029/4052/1768 3036/4056/1771 3037/4243/1845 3031/4239/1843
f 3031/4240/1843 3037/4244/1845 3035/4000/1728 3030/3998/1727
f 3038/4055/1770 3033/4051/1767 3034/4241/1844 3040/4245/1846
f 3040/4246/1846 3034/4242/1844 3032/4054/1769 3039/4058/1772
f 3050/4094/1683 3057/4093/1717 3058/4247/1829 3052/4248/1800
f 3052/4248/1800 3058/4247/1829 3056/4078/1747 3051/4077/1684
f 3044/4061/1679 3054/4074/1746 3055/4249/1830 3046/4250/1797
f 3046/4250/1797 3055/4249/1830 3053/4088/1749 3045/4087/1646
f 3041/4079/1681 3060/4082/1757 3061/4251/1833 3043/4252/1798
f 3043/4252/1798 3061/4251/1833 3059/4072/1753 3042/4062/1678
f 3047/4070/1685 3063/4069/1752 3064/4253/1832 3049/4254/1801
f 3049/4254/1801 3064/4253/1832 3062/4085/1751 3048/4084/1689
f 2873/4117/1781 2877/4122/1784 2883/3908/1662 2879/3907/1661
f 3065/4255/1637 3138/4256/1847 2874/3871/1638 2793/3870/1637
f 3067/4257/1637 3144/4258/1848 3138/4256/1847 3065/4255/1637
f 3069/4259/1637 3150/4260/1849 3144/4258/1848 3067/4257/1637
f 3071/4261/1637 3156/4262/1850 3150/4260/1849 3069/4259/1637
f 3073/4263/1637 3162/4264/1851 3156/4262/1850 3071/4261/1637
f 3075/4265/1637 3168/4266/1852 3162/4264/1851 3073/4263/1637
f 3077/4267/1853 3285/4268/1854 3168/4266/1852 3075/4265/1637
f 3173/4269/1855 3179/4270/1856 3183/4271/1857 3177/4272/1858
f 3083/4273/1637 3180/4274/1859 3174/4275/1860 3081/4276/1637
f 3085/4277/1637 3186/4278/1861 3180/4274/1859 3083/4273/1637
f 3087/4279/1637 3192/4280/1862 3186/4278/1861 3085/4277/1637
f 3089/4281/1637 3198/4282/1863 3192/4280/1862 3087/4279/1637
f 3091/4283/1637 3204/4284/1864 3198/4282/1863 3089/4281/1637
f 2823/3901/1637 2951/3902/1657 3204/4284/1864 3091/4283/1637
f 2794/3903/1658 2876/3906/1660 3140/4285/1865 3066/4286/1658
f 3137/4287/1866 3143/4288/1867 3147/4289/1868 3141/4290/1869
f 3066/4286/1658 3140/4285/1865 3146/4291/1870 3068/4292/1658
f 3143/4288/1867 3149/4293/1871 3153/4294/1872 3147/4289/1868
f 3068/4292/1658 3146/4291/1870 3152/4295/1873 3070/4296/1658
f 3149/4293/1871 3155/4297/1874 3159/4298/1875 3153/4294/1872
f 3070/4296/1658 3152/4295/1873 3158/4299/1876 3072/4300/1658
f 3155/4297/1874 3161/4301/1877 3165/4302/1878 3159/4298/1875
f 3072/4300/1658 3158/4299/1876 3164/4303/1879 3074/4304/1658
f 3161/4301/1877 3167/4305/1880 3171/4306/1881 3165/4302/1878
f 3074/4304/1658 3164/4303/1879 3170/4307/1882 3076/4308/1658
f 3167/4305/1880 3284/4309/1883 3282/4310/1884 3171/4306/1881
f 3076/4308/1658 3170/4307/1882 3281/4311/1885 3078/4312/1886
f 3081/4276/1637 3174/4275/1860 3290/4313/1887 3079/4314/1888
f 3291/4315/1889 3173/4269/1855 3177/4272/1858 3287/4316/1890
f 3082/4317/1658 3176/4318/1891 3182/4319/1892 3084/4320/1658
f 3080/4321/1893 3288/4322/1894 3176/4318/1891 3082/4317/1658
f 3179/4270/1856 3185/4323/1895 3189/4324/1896 3183/4271/1857
f 3084/4320/1658 3182/4319/1892 3188/4325/1897 3086/4326/1658
f 3185/4323/1895 3191/4327/1898 3195/4328/1899 3189/4324/1896
f 3086/4326/1658 3188/4325/1897 3194/4329/1900 3088/4330/1658
f 3191/4327/1898 3197/4331/1901 3201/4332/1902 3195/4328/1899
f 3088/4330/1658 3194/4329/1900 3200/4333/1903 3090/4334/1658
f 3197/4331/1901 3203/4335/1904 3207/4336/1905 3201/4332/1902
f 3090/4334/1658 3200/4333/1903 3206/4337/1906 3092/4338/1658
f 3203/4335/1904 2952/3960/1703 2954/3959/1702 3207/4336/1905
f 3092/4338/1658 3206/4337/1906 2955/3962/1704 2824/3961/1658
f 2957/3963/1705 3209/4339/1907 3213/4340/1908 2961/3964/1706
f 3097/4341/72 3210/4342/1909 2958/3969/1709 2829/3968/72
f 3099/4343/72 3216/4344/1910 3210/4342/1909 3097/4341/72
f 3101/4345/72 3222/4346/1911 3216/4344/1910 3099/4343/72
f 3103/4347/72 3228/4348/1912 3222/4346/1911 3101/4345/72
f 3105/4349/72 3234/4350/1913 3228/4348/1912 3103/4347/72
f 3107/4351/72 3240/4352/1914 3234/4350/1913 3105/4349/72
f 3109/4353/1915 3297/4354/1916 3240/4352/1914 3107/4351/72
f 3245/4355/1917 3251/4356/1918 3255/4357/1919 3249/4358/1920
f 3115/4359/72 3252/4360/1921 3246/4361/1922 3113/4362/72
f 3117/4363/72 3258/4364/1923 3252/4360/1921 3115/4359/72
f 3119/4365/72 3264/4366/1924 3258/4364/1923 3117/4363/72
f 3121/4367/72 3270/4368/1925 3264/4366/1924 3119/4365/72
f 3123/4369/72 3276/4370/1926 3270/4368/1925 3121/4367/72
f 2859/3999/72 3035/4000/1728 3276/4370/1926 3123/4369/72
f 2830/4001/195 2960/4004/1730 3212/4371/1927 3098/4372/195
f 3209/4339/1907 3215/4373/1928 3219/4374/1929 3213/4340/1908
f 3098/4372/195 3212/4371/1927 3218/4375/1930 3100/4376/195
f 3215/4373/1928 3221/4377/1931 3225/4378/1932 3219/4374/1929
f 3100/4376/195 3218/4375/1930 3224/4379/1933 3102/4380/195
f 3221/4377/1931 3227/4381/1934 3231/4382/1935 3225/4378/1932
f 3102/4380/195 3224/4379/1933 3230/4383/1936 3104/4384/195
f 3227/4381/1934 3233/4385/1937 3237/4386/1938 3231/4382/1935
f 3104/4384/195 3230/4383/1936 3236/4387/1939 3106/4388/195
f 3233/4385/1937 3239/4389/1940 3243/4390/1941 3237/4386/1938
f 3106/4388/195 3236/4387/1939 3242/4391/1942 3108/4392/195
f 3239/4389/1940 3296/4393/1943 3294/4394/1944 3243/4390/1941
f 3108/4392/195 3242/4391/1942 3293/4395/1945 3110/4396/1946
f 3113/4362/72 3246/4361/1922 3302/4397/1947 3111/4398/1948
f 3303/4399/1949 3245/4355/1917 3249/4358/1920 3299/4400/1950
f 3114/4401/195 3248/4402/1951 3254/4403/1952 3116/4404/195
f 3112/4405/1953 3300/4406/1954 3248/4402/1951 3114/4401/195
f 3251/4356/1918 3257/4407/1955 3261/4408/1956 3255/4357/1919
f 3116/4404/195 3254/4403/1952 3260/4409/1957 3118/4410/195
f 3257/4407/1955 3263/4411/1958 3267/4412/1959 3261/4408/1956
f 3118/4410/195 3260/4409/1957 3266/4413/1960 3120/4414/195
f 3263/4411/1958 3269/4415/1961 3273/4416/1962 3267/4412/1959
f 3120/4414/195 3266/4413/1960 3272/4417/1963 3122/4418/195
f 3269/4415/1961 3275/4419/1964 3279/4420/1965 3273/4416/1962
f 3122/4418/195 3272/4417/1963 3278/4421/1966 3124/4422/195
f 3275/4419/1964 3036/4056/1771 3038/4055/1770 3279/4420/1965
f 3124/4422/195 3278/4421/1966 3039/4058/1772 2860/4057/195
f 3094/4423/17 3282/4424/1884 3284/4425/1883 3093/4426/17
f 3127/4427/1773 3136/4428/1773 3131/4429/1774 3096/4430/1774
f 3096/4431/17 3287/4432/1890 3303/4433/1949 3127/4434/17
f 3128/4435/17 3299/4436/1950 3282/4424/1884 3094/4423/17
f 3093/4426/17 3284/4425/1883 3294/4437/1944 3126/4438/17
f 3125/4439/17 3296/4440/1943 3291/4441/1889 3095/4442/17
f 3281/4443/1885 3300/4444/1954 3112/4445/1953 3078/4446/1886
f 3080/4447/1893 3111/4448/1948 3302/4449/1947 3288/4450/1894
f 3127/4434/17 3303/4433/1949 3299/4436/1950 3128/4435/17
f 3126/4438/17 3294/4437/1944 3296/4440/1943 3125/4439/17
f 3095/4442/17 3291/4441/1889 3287/4432/1890 3096/4431/17
f 3285/4451/1854 3077/4452/1853 3110/4453/1946 3293/4454/1945
f 3079/4455/1888 3290/4456/1887 3297/4457/1916 3109/4458/1915
f 3129/4459/17 3131/4460/17 3136/4461/17 3135/4462/17
f 3126/4463/1775 3133/4464/1775 3130/4465/1776 3093/4466/1776
f 3128/4467/1777 3135/4468/1777 3136/4428/1773 3127/4427/1773
f 3096/4430/1774 3131/4429/1774 3132/4469/1778 3095/4470/1778
f 3094/4471/1779 3129/4472/1779 3135/4468/1777 3128/4467/1777
f 3095/4473/1778 3132/4474/1778 3134/4475/1780 3125/4476/1780
f 3125/4476/1780 3134/4475/1780 3133/4464/1775 3126/4463/1775
f 3093/4466/1776 3130/4465/1776 3129/4472/1779 3094/4471/1779
f 3133/4477/17 3134/4478/17 3132/4479/17 3130/4480/17
f 3130/4480/17 3132/4479/17 3131/4460/17 3129/4459/17
f 2873/4117/1781 2875/4119/1783 3139/4481/1967 3137/4287/1866
f 2875/4120/1783 2874/3871/1638 3138/4256/1847 3139/4482/1967
f 3141/4290/1869 3142/4483/1968 2878/4123/1785 2877/4122/1784
f 3142/4484/1968 3140/4285/1865 2876/3906/1660 2878/4126/1785
f 3137/4287/1866 3139/4481/1967 3145/4485/1969 3143/4288/1867
f 3139/4482/1967 3138/4256/1847 3144/4258/1848 3145/4486/1969
f 3147/4289/1868 3148/4487/1970 3142/4483/1968 3141/4290/1869
f 3148/4488/1970 3146/4291/1870 3140/4285/1865 3142/4484/1968
f 3143/4288/1867 3145/4485/1969 3151/4489/1971 3149/4293/1871
f 3145/4486/1969 3144/4258/1848 3150/4260/1849 3151/4490/1971
f 3153/4294/1872 3154/4491/1972 3148/4487/1970 3147/4289/1868
f 3154/4492/1972 3152/4295/1873 3146/4291/1870 3148/4488/1970
f 3149/4293/1871 3151/4489/1971 3157/4493/1973 3155/4297/1874
f 3151/4490/1971 3150/4260/1849 3156/4262/1850 3157/4494/1973
f 3159/4298/1875 3160/4495/1974 3154/4491/1972 3153/4294/1872
f 3160/4496/1974 3158/4299/1876 3152/4295/1873 3154/4492/1972
f 3155/4297/1874 3157/4493/1973 3163/4497/1975 3161/4301/1877
f 3157/4494/1973 3156/4262/1850 3162/4264/1851 3163/4498/1975
f 3165/4302/1878 3166/4499/1976 3160/4495/1974 3159/4298/1875
f 3166/4500/1976 3164/4303/1879 3158/4299/1876 3160/4496/1974
f 3161/4301/1877 3163/4497/1975 3169/4501/1977 3167/4305/1880
f 3163/4498/1975 3162/4264/1851 3168/4266/1852 3169/4502/1977
f 3171/4306/1881 3172/4503/1978 3166/4499/1976 3165/4302/1878
f 3172/4504/1978 3170/4307/1882 3164/4303/1879 3166/4500/1976
f 3167/4305/1880 3169/4501/1977 3286/4505/1979 3284/4309/1883
f 3169/4502/1977 3168/4266/1852 3285/4268/1854 3286/4506/1979
f 3282/4310/1884 3283/4507/1980 3172/4503/1978 3171/4306/1881
f 3283/4508/1980 3281/4311/1885 3170/4307/1882 3172/4504/1978
f 3291/4315/1889 3292/4509/1981 3175/4510/1982 3173/4269/1855
f 3292/4511/1981 3290/4313/1887 3174/4275/1860 3175/4512/1982
f 3177/4272/1858 3178/4513/1983 3289/4514/1984 3287/4316/1890
f 3178/4515/1983 3176/4318/1891 3288/4322/1894 3289/4516/1984
f 3173/4269/1855 3175/4510/1982 3181/4517/1985 3179/4270/1856
f 3175/4512/1982 3174/4275/1860 3180/4274/1859 3181/4518/1985
f 3183/4271/1857 3184/4519/1986 3178/4513/1983 3177/4272/1858
f 3184/4520/1986 3182/4319/1892 3176/4318/1891 3178/4515/1983
f 3179/4270/1856 3181/4517/1985 3187/4521/1987 3185/4323/1895
f 3181/4518/1985 3180/4274/1859 3186/4278/1861 3187/4522/1987
f 3189/4324/1896 3190/4523/1988 3184/4519/1986 3183/4271/1857
f 3190/4524/1988 3188/4325/1897 3182/4319/1892 3184/4520/1986
f 3185/4323/1895 3187/4521/1987 3193/4525/1989 3191/4327/1898
f 3187/4522/1987 3186/4278/1861 3192/4280/1862 3193/4526/1989
f 3195/4328/1899 3196/4527/1990 3190/4523/1988 3189/4324/1896
f 3196/4528/1990 3194/4329/1900 3188/4325/1897 3190/4524/1988
f 3191/4327/1898 3193/4525/1989 3199/4529/1991 3197/4331/1901
f 3193/4526/1989 3192/4280/1862 3198/4282/1863 3199/4530/1991
f 3201/4332/1902 3202/4531/1992 3196/4527/1990 3195/4328/1899
f 3202/4532/1992 3200/4333/1903 3194/4329/1900 3196/4528/1990
f 3197/4331/1901 3199/4529/1991 3205/4533/1993 3203/4335/1904
f 3199/4530/1991 3198/4282/1863 3204/4284/1864 3205/4534/1993
f 3207/4336/1905 3208/4535/1994 3202/4531/1992 3201/4332/1902
f 3208/4536/1994 3206/4337/1906 3200/4333/1903 3202/4532/1992
f 3203/4335/1904 3205/4533/1993 2953/4179/1813 2952/3960/1703
f 3205/4534/1993 3204/4284/1864 2951/3902/1657 2953/4180/1813
f 2954/3959/1702 2956/4181/1814 3208/4535/1994 3207/4336/1905
f 2956/4182/1814 2955/3962/1704 3206/4337/1906 3208/4536/1994
f 2957/3963/1705 2959/4184/1816 3211/4537/1995 3209/4339/1907
f 2959/4185/1816 2958/3969/1709 3210/4342/1909 3211/4538/1995
f 3213/4340/1908 3214/4539/1996 2962/4187/1817 2961/3964/1706
f 3214/4540/1996 3212/4371/1927 2960/4004/1730 2962/4190/1817
f 3209/4339/1907 3211/4537/1995 3217/4541/1997 3215/4373/1928
f 3211/4538/1995 3210/4342/1909 3216/4344/1910 3217/4542/1997
f 3219/4374/1929 3220/4543/1998 3214/4539/1996 3213/4340/1908
f 3220/4544/1998 3218/4375/1930 3212/4371/1927 3214/4540/1996
f 3215/4373/1928 3217/4541/1997 3223/4545/1999 3221/4377/1931
f 3217/4542/1997 3216/4344/1910 3222/4346/1911 3223/4546/1999
f 3225/4378/1932 3226/4547/2000 3220/4543/1998 3219/4374/1929
f 3226/4548/2000 3224/4379/1933 3218/4375/1930 3220/4544/1998
f 3221/4377/1931 3223/4545/1999 3229/4549/2001 3227/4381/1934
f 3223/4546/1999 3222/4346/1911 3228/4348/1912 3229/4550/2001
f 3231/4382/1935 3232/4551/2002 3226/4547/2000 3225/4378/1932
f 3232/4552/2002 3230/4383/1936 3224/4379/1933 3226/4548/2000
f 3227/4381/1934 3229/4549/2001 3235/4553/2003 3233/4385/1937
f 3229/4550/2001 3228/4348/1912 3234/4350/1913 3235/4554/2003
f 3237/4386/1938 3238/4555/2004 3232/4551/2002 3231/4382/1935
f 3238/4556/2004 3236/4387/1939 3230/4383/1936 3232/4552/2002
f 3233/4385/1937 3235/4553/2003 3241/4557/2005 3239/4389/1940
f 3235/4554/2003 3234/4350/1913 3240/4352/1914 3241/4558/2005
f 3243/4390/1941 3244/4559/2006 3238/4555/2004 3237/4386/1938
f 3244/4560/2006 3242/4391/1942 3236/4387/1939 3238/4556/2004
f 3239/4389/1940 3241/4557/2005 3298/4561/2007 3296/4393/1943
f 3241/4558/2005 3240/4352/1914 3297/4354/1916 3298/4562/2007
f 3294/4394/1944 3295/4563/2008 3244/4559/2006 3243/4390/1941
f 3295/4564/2008 3293/4395/1945 3242/4391/1942 3244/4560/2006
f 3303/4399/1949 3304/4565/2009 3247/4566/2010 3245/4355/1917
f 3304/4567/2009 3302/4397/1947 3246/4361/1922 3247/4568/2010
f 3249/4358/1920 3250/4569/2011 3301/4570/2012 3299/4400/1950
f 3250/4571/2011 3248/4402/1951 3300/4406/1954 3301/4572/2012
f 3245/4355/1917 3247/4566/2010 3253/4573/2013 3251/4356/1918
f 3247/4568/2010 3246/4361/1922 3252/4360/1921 3253/4574/2013
f 3255/4357/1919 3256/4575/2014 3250/4569/2011 3249/4358/1920
f 3256/4576/2014 3254/4403/1952 3248/4402/1951 3250/4571/2011
f 3251/4356/1918 3253/4573/2013 3259/4577/2015 3257/4407/1955
f 3253/4574/2013 3252/4360/1921 3258/4364/1923 3259/4578/2015
f 3261/4408/1956 3262/4579/2016 3256/4575/2014 3255/4357/1919
f 3262/4580/2016 3260/4409/1957 3254/4403/1952 3256/4576/2014
f 3257/4407/1955 3259/4577/2015 3265/4581/2017 3263/4411/1958
f 3259/4578/2015 3258/4364/1923 3264/4366/1924 3265/4582/2017
f 3267/4412/1959 3268/4583/2018 3262/4579/2016 3261/4408/1956
f 3268/4584/2018 3266/4413/1960 3260/4409/1957 3262/4580/2016
f 3263/4411/1958 3265/4581/2017 3271/4585/2019 3269/4415/1961
f 3265/4582/2017 3264/4366/1924 3270/4368/1925 3271/4586/2019
f 3273/4416/1962 3274/4587/2020 3268/4583/2018 3267/4412/1959
f 3274/4588/2020 3272/4417/1963 3266/4413/1960 3268/4584/2018
f 3269/4415/1961 3271/4585/2019 3277/4589/2021 3275/4419/1964
f 3271/4586/2019 3270/4368/1925 3276/4370/1926 3277/4590/2021
f 3279/4420/1965 3280/4591/2022 3274/4587/2020 3273/4416/1962
f 3280/4592/2022 3278/4421/1966 3272/4417/1963 3274/4588/2020
f 3275/4419/1964 3277/4589/2021 3037/4243/1845 3036/4056/1771
f 3277/4590/2021 3276/4370/1926 3035/4000/1728 3037/4244/1845
f 3038/4055/1770 3040/4245/1846 3280/4591/2022 3279/4420/1965
f 3040/4246/1846 3039/4058/1772 3278/4421/1966 3280/4592/2022
f 3290/4456/1887 3292/4593/1981 3298/4594/2007 3297/4457/1916
f 3292/4593/1981 3291/4441/1889 3296/4440/1943 3298/4594/2007
f 3284/4425/1883 3286/4595/1979 3295/4596/2008 3294/4437/1944
f 3286/4595/1979 3285/4451/1854 3293/4454/1945 3295/4596/2008
f 3281/4443/1885 3283/4597/1980 3301/4598/2012 3300/4444/1954
f 3283/4597/1980 3282/4424/1884 3299/4436/1950 3301/4598/2012
f 3287/4432/1890 3289/4599/1984 3304/4600/2009 3303/4433/1949
f 3289/4599/1984 3288/4450/1894 3302/4449/1947 3304/4600/2009
f 2873/4117/1781 3137/4287/1866 3141/4290/1869 2877/4122/1784
